image_name,vitnat
sun_aaabhshfqutsklcz_crop.png,3.7842342853546143
sun_aaadqildrtprdhcg_crop.png,2.248542308807373
sun_aaaevacrseetzmik_crop.png,4.183552265167236
sun_aaaevafjexfriuyd_crop.png,1.3773545026779175
sun_aaajuldidvlcyzhv_crop.png,1.406860113143921
sun_aaansjgvhbrbxvvk_crop.png,6.587773323059082
sun_aaatjmlktzymikwf_crop.png,1.3498778343200684
sun_aaawvlrqzhhgypvf_crop.png,1.5183206796646118
sun_aaaxbrksvmdyrhpe_crop.png,6.5708394050598145
sun_aaaysslbipsngfqb_crop.png,6.539132118225098
sun_aaayyldbvgqtwpvf_crop.png,2.4960312843322754
sun_aabfwjjrigojioyo_crop.png,1.9341834783554077
sun_aabhgffasiilkkre_crop.png,1.8120133876800537
sun_aabhqzsffoeycgje_crop.png,6.592014312744141
sun_aabmvnjgiecutfpx_crop.png,3.440605640411377
sun_aabrrphlxidqlcgt_crop.png,5.883216381072998
sun_aabyitznzumhlxfw_crop.png,1.2692806720733643
sun_aacjsxcwmkbgvpmb_crop.png,6.623164653778076
sun_aaclnmtsvyvxmgld_crop.png,2.21616268157959
sun_aacpzgqrortyhyss_crop.png,2.554849147796631
sun_aacrxhcrcyjgysos_crop.png,1.560263991355896
sun_aactxrrgpajucbwm_crop.png,4.624001979827881
sun_aaczlpbzrdvkzymz_crop.png,3.3788983821868896
sun_aaczmpbmprzjcofd_crop.png,1.4466139078140259
sun_aadakyricvbjhamx_crop.png,1.4733319282531738
sun_aadbmpmxxatythtm_crop.png,6.375410556793213
sun_aadhshmrjrbucdky_crop.png,1.8776696920394897
sun_aadkhfdmzchubudy_crop.png,2.007187604904175
sun_aadlitmwagrvldth_crop.png,1.5007286071777344
sun_aadopnnweznhggye_crop.png,2.0466651916503906
sun_aadxnjugrvhqyufw_crop.png,2.938109874725342
sun_aaebzlbdxqwvpfou_crop.png,1.3733837604522705
sun_aaecvfsvgsitaoai_crop.png,1.410215973854065
sun_aaenjkbqeeormcvq_crop.png,2.676934242248535
sun_aaenrntrgafavbne_crop.png,4.8175201416015625
sun_aaeryjozzmanouqj_crop.png,1.894579291343689
sun_aaetldobyvuattee_crop.png,2.1065897941589355
sun_aaexpnawiehinlpy_crop.png,1.3300716876983643
sun_aaeykazrngypuhyg_crop.png,1.783594012260437
sun_aafblbfkfftldfxp_crop.png,6.563229560852051
sun_aafbwenfgnftruiu_crop.png,1.5282998085021973
sun_aafchlxckiivmcef_crop.png,5.631798267364502
sun_aafdhgtqzikmxoll_crop.png,3.942307949066162
sun_aaflmulbtigwigtw_crop.png,6.559398651123047
sun_aafqetztbkmzxsif_crop.png,1.3262606859207153
sun_aafvhjkxaoirlfum_crop.png,1.342066764831543
sun_aagahzdkjeiqcrot_crop.png,1.527773380279541
sun_aagcvppvvpmyeymu_crop.png,5.283998966217041
sun_aagegnmezrwcfknx_crop.png,2.4951350688934326
sun_aagikdebqbtavcvf_crop.png,1.4123843908309937
sun_aagnrtudwwsovfnp_crop.png,1.6666767597198486
sun_aagsyyxhpyzwaata_crop.png,1.6470316648483276
sun_aaguxgrqaehrwaip_crop.png,1.3679249286651611
sun_aagxffpxwygavuss_crop.png,1.6240565776824951
sun_aahanthaveptbcbb_crop.png,1.8659528493881226
sun_aaharigduizxcour_crop.png,2.5529725551605225
sun_aahbkoczsiouyjsk_crop.png,1.409995198249817
sun_aahffcjxgsqxtiyj_crop.png,3.063563585281372
sun_aahgscblgvrwrgqk_crop.png,2.4854884147644043
sun_aahnsyqkaacnevsz_crop.png,2.7877557277679443
sun_aahubhyvtfelhoyv_crop.png,1.808600664138794
sun_aahvcvptonececyl_crop.png,1.5955013036727905
sun_aahyklhrtcbkbppl_crop.png,2.3097105026245117
sun_aaifkdzmoajrzxqn_crop.png,6.3955464363098145
sun_aaigjczwiotsluie_crop.png,1.8672138452529907
sun_aaikbnfeiupowbrw_crop.png,3.3476903438568115
sun_aaiqdlgnljkjlsrk_crop.png,2.3205301761627197
sun_aaivnkepwwofsfnt_crop.png,2.2763612270355225
sun_aajnofvzrhrzralt_crop.png,1.8153401613235474
sun_aajobbwqmtbiifoc_crop.png,1.528018593788147
sun_aajpdszimdfmabcf_crop.png,6.553485870361328
sun_aajpzpvhlovymmgx_crop.png,4.854531288146973
sun_aajttwmkstixpqmk_crop.png,6.543517112731934
sun_aakauudjwtpqyivy_crop.png,6.606749534606934
sun_aakbkcbpeyabthub_crop.png,3.401259660720825
sun_aakgnhqfqchvtale_crop.png,1.3182709217071533
sun_aakkdeqjpzgqshgx_crop.png,2.436051607131958
sun_aakngmxhnotgezfg_crop.png,1.4904927015304565
sun_aaknsmvfikjnhgmo_crop.png,2.8987669944763184
sun_aakqepfoeqomfgxf_crop.png,2.3068747520446777
sun_aaktidlqfwmplzqb_crop.png,3.447538375854492
sun_aaktymlnkhzntadt_crop.png,1.6433533430099487
sun_aakyvymfhegbmzbp_crop.png,1.3313690423965454
sun_aakzptgwfdzpuocq_crop.png,6.472466468811035
sun_aalelrkdxvmnyqzi_crop.png,1.8986986875534058
sun_aalgvlxcyjeajlla_crop.png,1.2587025165557861
sun_aalizhzvynldxzuz_crop.png,6.603100776672363
sun_aalweluivjuhondl_crop.png,3.7113399505615234
sun_aalwixjkrhyiabdr_crop.png,1.9123179912567139
sun_aamacbjwhonnkrcc_crop.png,5.2458672523498535
sun_aamgxcrdbpzfjmxa_crop.png,1.658922553062439
sun_aamjleslvkcrckft_crop.png,3.00346302986145
sun_aampmmpyuzqurnfk_crop.png,1.245469570159912
sun_aanaprghedxkklzr_crop.png,2.636725664138794
sun_aanavkvgppgbklov_crop.png,1.4981510639190674
sun_aanbohmvgxeqkjgr_crop.png,3.900596857070923
sun_aanbqunhvxzlwdik_crop.png,1.3625991344451904
sun_aanfjwabnufovale_crop.png,6.511505126953125
sun_aanfzrklaxmlylzw_crop.png,3.860584259033203
sun_aaniiuvyzwotevsv_crop.png,4.00507116317749
sun_aanpsytlewbiyypw_crop.png,1.3624504804611206
sun_aanqvzorepvoyegw_crop.png,2.259960651397705
sun_aansbcfxomviiqvv_crop.png,1.3965561389923096
sun_aaokcfvvuougmwtt_crop.png,1.505670428276062
sun_aaokxdogeyduicjw_crop.png,2.0378549098968506
sun_aaoqkmazvhvghlnh_crop.png,1.3532233238220215
sun_aaoujiwgpfyplgmt_crop.png,2.9506778717041016
sun_aaovowccpktanoon_crop.png,1.4261455535888672
sun_aaozkvpzshxvhfiy_crop.png,1.7908085584640503
sun_aapfmtbuxevwbxck_crop.png,1.4427963495254517
sun_aapiksezibtpshgl_crop.png,6.0590620040893555
sun_aaptvgcjibmntaci_crop.png,1.3239309787750244
sun_aapydqezjoupuuig_crop.png,6.0182647705078125
sun_aaqpzrisirnbvubg_crop.png,4.131825923919678
sun_aaquttcuxwjcswwz_crop.png,6.5222697257995605
sun_aaqyzvrweabdxjzo_crop.png,6.489017963409424
sun_aaqzzkbirqqcftnh_crop.png,1.772286295890808
sun_aarapniwntsshumg_crop.png,3.932356595993042
sun_aarhbeqcuzhoshba_crop.png,6.588823318481445
sun_aarowrwdgbkiftpi_crop.png,6.467942237854004
sun_aarozcbqaonmnpzw_crop.png,1.4285638332366943
sun_aasaqpsgrixxkxwb_crop.png,6.512550354003906
sun_aasbgccorujejklv_crop.png,2.7182106971740723
sun_aasftqkoqshqnfpa_crop.png,1.364338755607605
sun_aasrozcidkphxctl_crop.png,6.283277988433838
sun_aatfdmymyalrlxui_crop.png,2.174787759780884
sun_aaudprltorosqtwv_crop.png,4.762568473815918
sun_aaueptrvafpquklh_crop.png,1.4454387426376343
sun_aavdprprnrxfisth_crop.png,5.785336494445801
sun_aavhjjwwicmitbbc_crop.png,2.55437970161438
sun_aavitbfhtrhynvrf_crop.png,1.4908182621002197
sun_aavkcdkhekdfuhyz_crop.png,5.864240646362305
sun_aavsrwhwxviddgte_crop.png,2.086268186569214
sun_aavyemxbkyxukmxs_crop.png,1.533695936203003
sun_aavzscilwnisdgkc_crop.png,2.07975697517395
sun_aawmbcenogohrlen_crop.png,1.4891576766967773
sun_aawmsfmrkomsqjnp_crop.png,2.589463233947754
sun_aawnaixjromqbzjv_crop.png,3.1397154331207275
sun_aawnyrlracbujjia_crop.png,1.382926106452942
sun_aawoucgqfweppstc_crop.png,1.5692607164382935
sun_aawqdbpihmlbwyyn_crop.png,6.372185707092285
sun_aayameemlzdjkinb_crop.png,1.6616063117980957
sun_aaycrignqjazgyja_crop.png,4.825577735900879
sun_aayvlziheeqrwvag_crop.png,1.4687715768814087
sun_aayxgizfbvjzbdvl_crop.png,1.3573015928268433
sun_aayyrqavppwwkozm_crop.png,1.5748759508132935
sun_aayzsjxcmhtcqnmj_crop.png,3.721087694168091
sun_abacczqzmassivlz_crop.png,6.561221122741699
sun_abamndfsxwcnifcu_crop.png,1.3601937294006348
sun_abatrfotqsxxinou_crop.png,1.4584141969680786
sun_abbbbfhfjmdeltyl_crop.png,6.399697303771973
sun_abciygstrptmctji_crop.png,1.4674034118652344
sun_abcyohoagocyazkn_crop.png,3.565927267074585
sun_abdeovecqgjhamcm_crop.png,1.7835571765899658
sun_abdtthsnykogtayr_crop.png,2.0556740760803223
sun_abdzeibppilauovt_crop.png,2.1124024391174316
sun_abedxtnxfcacwczn_crop.png,3.639291524887085
sun_abegyiikvbaqpooh_crop.png,1.9247814416885376
sun_abezzcqrdwwwjjoj_crop.png,1.8403757810592651
sun_abfelgkioejrcugp_crop.png,2.213282585144043
sun_abfnpysevhevuhzl_crop.png,6.591212749481201
sun_abfzoyyzomxoeuxh_crop.png,3.037003993988037
sun_abgfhlyazkjumwnd_crop.png,2.6340904235839844
sun_abgodqrpbbcvtrzn_crop.png,3.4792659282684326
sun_abhbcqmeixxvfimf_crop.png,2.7576823234558105
sun_abhwvmwujaqctxjr_crop.png,1.443494200706482
sun_abhyhaijtquxkqjb_crop.png,2.4157965183258057
sun_abijqxqdnbwgyvtm_crop.png,2.6950738430023193
sun_abiohpdioinnseds_crop.png,1.8297200202941895
sun_abjahwozrgougxku_crop.png,1.4135422706604004
sun_abjccknauifbxsmr_crop.png,6.578179359436035
sun_abjehdgjnkljkvds_crop.png,2.1480400562286377
sun_abjkvwbkcnyrpxaz_crop.png,3.70503568649292
sun_abjkyoaboisttjmi_crop.png,3.449147939682007
sun_abjptiazeigsidxe_crop.png,3.6278183460235596
sun_abjqkibdhodvzmxl_crop.png,6.528998851776123
sun_abjslsjubphrtnmz_crop.png,1.2622014284133911
sun_abjuovqvyfuzvqwt_crop.png,3.3537139892578125
sun_abjxykthgjfwaxpo_crop.png,1.531193733215332
sun_abkegkdifglzmevl_crop.png,6.502334117889404
sun_ableiuwbwsquwsli_crop.png,1.5034105777740479
sun_ablidnqvaxyvnkjo_crop.png,1.9791604280471802
sun_ablskliqqzkcgsfr_crop.png,5.324308395385742
sun_abmagwcfedvnlxoi_crop.png,2.6307852268218994
sun_abmlchngbzrrapkw_crop.png,1.7129766941070557
sun_abmytpyhsgigllxu_crop.png,2.4525866508483887
sun_abnfbsuqtgjqazwd_crop.png,4.343329429626465
sun_abnigvorwhcefgca_crop.png,5.720320701599121
sun_abnjbjjzwfckjhyx_crop.png,1.5846809148788452
sun_abnlonsketyzkpom_crop.png,2.694185733795166
sun_abntpnjgdlefaube_crop.png,6.268365383148193
sun_abohegymrmsurjau_crop.png,6.6292595863342285
sun_abohxbskznglnrhv_crop.png,3.6685473918914795
sun_abolbvukvhubhpjk_crop.png,1.3305221796035767
sun_abomkyqwyrwdszhi_crop.png,6.545187473297119
sun_abovmsevcgreuxbl_crop.png,1.790235161781311
sun_abpehdswoxepqair_crop.png,3.0286214351654053
sun_abpewwtcdxcfwdrn_crop.png,5.041431903839111
sun_abpftszsqbyehjvs_crop.png,2.6396892070770264
sun_abpiuxixnmzcxpue_crop.png,1.3692885637283325
sun_abpnkfnclaxvdogd_crop.png,1.4241831302642822
sun_abpnnjcwlfjxughe_crop.png,1.279409646987915
sun_abpqcnqbvxjayzmj_crop.png,1.3606586456298828
sun_abputjiaskfwzgxx_crop.png,6.6071085929870605
sun_abqcqnlcixhhbqaa_crop.png,6.395261764526367
sun_abqihmfbiddwtcmz_crop.png,1.2631076574325562
sun_abqvvdexzgolkzch_crop.png,3.8993759155273438
sun_abqwkcjnkkjpmaod_crop.png,6.32681131362915
sun_abqxxiviskgsmmjh_crop.png,2.942538261413574
sun_abqzjgzspsrtykuo_crop.png,1.6760194301605225
sun_abrhrwruqyubedkl_crop.png,3.043454170227051
sun_abryvtdrfxfaxwyx_crop.png,6.403026103973389
sun_absddryibdeqqvqf_crop.png,6.6128153800964355
sun_absiltrdqennrzhn_crop.png,1.3477427959442139
sun_absizbuqygehvgpu_crop.png,6.188726425170898
sun_abslhphpiejdjmpz_crop.png,1.7769298553466797
sun_absmacofhaocbwba_crop.png,1.6627620458602905
sun_absqbgsckpactrrq_crop.png,1.4032580852508545
sun_absrxewyonjapfvh_crop.png,1.844556212425232
sun_absyehcsssimemwt_crop.png,2.4465341567993164
sun_abszqtfzmktkdpuj_crop.png,1.8739062547683716
sun_abtbnjspetmoknad_crop.png,1.9016259908676147
sun_abthrrtbddrtkrwb_crop.png,4.083347320556641
sun_abtrlibwejjxpdtp_crop.png,1.9660488367080688
sun_abtrnbvpppgczjim_crop.png,4.524621486663818
sun_abtsyygmdhpcagew_crop.png,1.9476512670516968
sun_abtwadrxofpbvdwf_crop.png,1.4558404684066772
sun_abtwcajzjhehpdcq_crop.png,1.6697005033493042
sun_abtymorbufxuaulu_crop.png,4.3264923095703125
sun_abuclauqvogsizdp_crop.png,5.035575866699219
sun_abuipejzbhbazbgh_crop.png,6.554205417633057
sun_abwleqheqzbpntyy_crop.png,1.4329086542129517
sun_abwlmoaetqdbftta_crop.png,2.1166510581970215
sun_abwnorbmnlilfjfq_crop.png,1.3682552576065063
sun_abwpwiheytxshiqp_crop.png,1.6751761436462402
sun_abxqwrjhknmpnmei_crop.png,1.596116304397583
sun_abybjnbanovjhtxr_crop.png,5.2714056968688965
sun_abydxlcensmtsxeb_crop.png,1.5175782442092896
sun_abylvpgvhrpaxgnk_crop.png,6.255921363830566
sun_abyqscbqhgmamwdr_crop.png,2.420414924621582
sun_abzbrrpphzdxbkvq_crop.png,1.6723434925079346
sun_abzcwefkddqxnqdh_crop.png,1.5387918949127197
sun_acafrzqfzflrnlvt_crop.png,1.2942513227462769
sun_acagfzqcmmiquvog_crop.png,2.362152576446533
sun_acaowgdolbjpdsig_crop.png,1.7550675868988037
sun_acasxyfcxuorvvpp_crop.png,2.152862071990967
sun_acaujgrxpdwijcpf_crop.png,6.435922622680664
sun_acavhhupdxjortha_crop.png,1.525689721107483
sun_acavuimzdujsxhgo_crop.png,3.393921136856079
sun_acbcllkbcemuvmnc_crop.png,1.562727689743042
sun_acbeypdvskqxwbrf_crop.png,6.362672805786133
sun_acbqdmqfztkhxkad_crop.png,1.7405041456222534
sun_acbtnwalhzdcufvb_crop.png,1.5454498529434204
sun_accbcqenuiiafxid_crop.png,6.485823154449463
sun_accirjnqxfbbwdry_crop.png,1.352404236793518
sun_accivbuiygpatbuu_crop.png,5.092989921569824
sun_acclngswciyrjytf_crop.png,1.6528550386428833
sun_accrcwgxiohfdusr_crop.png,1.3579963445663452
sun_accvpoocavlmmbwm_crop.png,6.1918816566467285
sun_accwqxdpehojertm_crop.png,2.772068738937378
sun_acdnquypmsshhsbk_crop.png,3.031169891357422
sun_acdowvgzvvzapzzc_crop.png,1.4751739501953125
sun_acebhjdzsytwpmoj_crop.png,2.1948413848876953
sun_acedtlljfbiasarb_crop.png,2.2342307567596436
sun_aceocnkokyefmewi_crop.png,1.4050644636154175
sun_aceyvvwsgtcuouih_crop.png,5.320885181427002
sun_acfgfwsiryaquqwg_crop.png,6.223095417022705
sun_acfjiedtgqzgvtnp_crop.png,1.7982350587844849
sun_acfncpgqhfzxolwo_crop.png,1.8018507957458496
sun_acfvgkbgzgrionuj_crop.png,2.2296109199523926
sun_acggclszrpmhprri_crop.png,2.7499194145202637
sun_acgibxctayuujycx_crop.png,3.3416550159454346
sun_acgoqqzpewhbbtvp_crop.png,3.156121253967285
sun_achcgztqnvhzvhxg_crop.png,3.712066888809204
sun_achjvgkxfellgogu_crop.png,1.9879529476165771
sun_achskkahnssdgpub_crop.png,1.6769015789031982
sun_acianlkkblpqgica_crop.png,5.546013355255127
sun_aciebeapldilzbug_crop.png,6.530315399169922
sun_aciewggtiojtlrvf_crop.png,2.5620675086975098
sun_aciqyyavqeokecve_crop.png,6.608768463134766
sun_aciuvbhvntkgdhhk_crop.png,2.123608350753784
sun_acjcvzqhwybsucmr_crop.png,1.6892832517623901
sun_ackdpvztxhvormnb_crop.png,1.8960124254226685
sun_ackdqyksliatpxkf_crop.png,1.933798909187317
sun_aclothkttyccszmc_crop.png,1.6315662860870361
sun_acmavehqmksthzco_crop.png,6.359109401702881
sun_acmibtvpambizpoj_crop.png,3.3586905002593994
sun_acnbuaghwunejjqj_crop.png,3.649698257446289
sun_acnglfkffgdtuqjp_crop.png,2.6064417362213135
sun_acnmnignachxgymu_crop.png,6.2146196365356445
sun_acoehudiqfaipgwp_crop.png,6.4921345710754395
sun_acojhtjciuciuhey_crop.png,2.1659183502197266
sun_acomxurrekxnnfoi_crop.png,1.3094367980957031
sun_acoqwgaqwkyghrmv_crop.png,5.522384166717529
sun_acpdtbftkljpltwn_crop.png,5.052150249481201
sun_acpkulfbwyrdjnhi_crop.png,2.47495174407959
sun_acpxaistqyimycdc_crop.png,6.648947238922119
sun_acpyufzdkejgiszk_crop.png,1.7239961624145508
sun_acqtguiyneoekymy_crop.png,6.640501976013184
sun_acqthpqyhnrchwtr_crop.png,2.701631546020508
sun_acqubrltjfxcogsq_crop.png,1.40952730178833
sun_acrbvetgiwtbvpid_crop.png,5.215343952178955
sun_acrkvprzushyecgd_crop.png,6.584508895874023
sun_acrqjfawcvurjmsc_crop.png,2.508240222930908
sun_acrybjwflmnneupi_crop.png,1.2970943450927734
sun_acscizucryhwlsjo_crop.png,1.8707985877990723
sun_acsvhigmjfsunagu_crop.png,1.9658427238464355
sun_acswpgpfdacoxzay_crop.png,1.4768952131271362
sun_actbvothnxbozbiy_crop.png,1.3631521463394165
sun_actgvanvbyqjwchx_crop.png,4.630584716796875
sun_actnrrklvftbpbjs_crop.png,1.5007764101028442
sun_actqwfmibzfyzlvk_crop.png,4.780851364135742
sun_actttcearskxgrxg_crop.png,6.590452671051025
sun_actxlkkwndfejjod_crop.png,1.868272066116333
sun_acukmokofsbuhbmg_crop.png,2.178947687149048
sun_acutmjpfsnbgmgdp_crop.png,1.3852382898330688
sun_acuzsqtazskbhhve_crop.png,2.9500656127929688
sun_acvdpckbpwkltjhk_crop.png,1.4353017807006836
sun_acvgkupgewxqeqad_crop.png,2.74200439453125
sun_acvjnccckrkbgwsx_crop.png,5.599198341369629
sun_acvolvfbonmmvewo_crop.png,1.7621561288833618
sun_acvoorlehvijayjj_crop.png,1.522226095199585
sun_acvxokosbyyisxig_crop.png,1.357285499572754
sun_acvxqhrnqiwqggjv_crop.png,1.4068306684494019
sun_acwajkblvtgnxcqn_crop.png,1.3599787950515747
sun_acwcoqgsueznibgo_crop.png,3.6766154766082764
sun_acwzyvaxhvwpgpad_crop.png,2.6310722827911377
sun_acxeheuiigkcgquf_crop.png,1.3877490758895874
sun_acxwxdtwxnxulqqs_crop.png,2.204186201095581
sun_acyamlgftsglkvwl_crop.png,1.6120216846466064
sun_acydbbilbapsiqeb_crop.png,1.5081751346588135
sun_acyiwhsbcwlotybd_crop.png,3.476595401763916
sun_acyltvbiwlpqqofi_crop.png,1.4844670295715332
sun_acypszvrjuogbryd_crop.png,1.378798007965088
sun_acyurcvzexpfrsyb_crop.png,1.742279291152954
sun_aczcyculcmfwvrga_crop.png,2.9036672115325928
sun_aczjsyhtqawbyyer_crop.png,6.623931407928467
sun_adabjpwehllvgsqj_crop.png,1.4168654680252075
sun_adajysluigplgxal_crop.png,2.236490249633789
sun_adapghvrjplpusrh_crop.png,2.4789621829986572
sun_adaytmhbskyqydjl_crop.png,2.344714879989624
sun_adbebeorfzepbjna_crop.png,1.848067045211792
sun_adbghxtmxwsykryb_crop.png,6.198598861694336
sun_adbgkemhpeihxiun_crop.png,1.5849665403366089
sun_adbhvoczmttzjwdb_crop.png,1.4260276556015015
sun_adbjuxgmvrwhhoax_crop.png,1.35996413230896
sun_adbvepquncrfwbft_crop.png,4.683427810668945
sun_adbwclmkgjaubwgc_crop.png,1.7767596244812012
sun_adcbplhqqljxbkse_crop.png,1.492331624031067
sun_adcctdabyxmhioeg_crop.png,5.902376651763916
sun_addpyerrdjuepddg_crop.png,1.3939015865325928
sun_addqytasyktafwmq_crop.png,1.4445360898971558
sun_addxakmrromunpyy_crop.png,6.592857837677002
sun_addyeclrvczekoaq_crop.png,6.602815628051758
sun_adekcgnlcicvgpvq_crop.png,1.4082415103912354
sun_adewkhtpwxfcsjtx_crop.png,1.346427083015442
sun_adfktsqjthoglcsm_crop.png,1.3676609992980957
sun_adfvtoiwynbeslrv_crop.png,2.6116228103637695
sun_adfxptoxbswyptju_crop.png,6.441314697265625
sun_adgmvrxnvwaqbtnp_crop.png,1.4232782125473022
sun_adgnaumodjwbizfu_crop.png,1.3867428302764893
sun_adgumenahwhhycao_crop.png,6.617393493652344
sun_adgvutjvjcltkclu_crop.png,2.8145384788513184
sun_adhpsborlnephabl_crop.png,6.245057582855225
sun_adhqzniegvpktthh_crop.png,2.599712371826172
sun_adiaojytcipmefez_crop.png,3.086451292037964
sun_adicktkfzulrnsci_crop.png,1.4385772943496704
sun_adieujfycrmbnljj_crop.png,1.9078766107559204
sun_adifzmekqenrtahn_crop.png,2.7117972373962402
sun_adipskbmyafryczy_crop.png,3.0631635189056396
sun_adiwlljpmliivkyf_crop.png,1.6912661790847778
sun_adjbtzurhdqnnqms_crop.png,1.3057513236999512
sun_adjcquzhefvkkthl_crop.png,1.9264122247695923
sun_adjecfzcaeutinmf_crop.png,4.4844255447387695
sun_adjhjnhuhulqtkcq_crop.png,2.0129141807556152
sun_adjioqeksmvaqqxh_crop.png,6.306999206542969
sun_adjmlujfznpmqvtx_crop.png,1.4139679670333862
sun_adkamygcrmovyavg_crop.png,2.094719409942627
sun_adkofdhpejsowqvv_crop.png,1.4180729389190674
sun_adkwppngdglflszc_crop.png,1.3875210285186768
sun_adlaimceocajnwtz_crop.png,6.367143630981445
sun_adlgpzvqgsnzevhd_crop.png,1.413769006729126
sun_adlocewvkpbsaigj_crop.png,3.1240038871765137
sun_admasmkvjikexzrd_crop.png,1.3833590745925903
sun_admkowsygseaqwns_crop.png,1.7535024881362915
sun_admybkdaxnjionbh_crop.png,1.3951224088668823
sun_adnoytgdwxasvpfa_crop.png,6.602201461791992
sun_adnwfcwwyieivbmx_crop.png,2.1375439167022705
sun_adnxatmmkemucooz_crop.png,1.4624221324920654
sun_adocxlnykxfmopio_crop.png,1.3959513902664185
sun_adohmjaavtrukopm_crop.png,5.105035781860352
sun_adojvbqwdubbdtdk_crop.png,3.8560104370117188
sun_adpnqovzckyikrjo_crop.png,4.097060203552246
sun_adqdtaezzlknfjxy_crop.png,6.5518798828125
sun_adqgobqmqabdrhjt_crop.png,1.9695043563842773
sun_adqonmsxugcqlbwj_crop.png,1.2982304096221924
sun_adqxwjwxcshymylu_crop.png,2.678046226501465
sun_adrbytixihdavxbe_crop.png,5.995523929595947
sun_adruzdfgtjdnkzpl_crop.png,5.41065788269043
sun_adstmlzqjhlsbdtp_crop.png,1.8453350067138672
sun_adsueslplqfnwvqd_crop.png,1.3522368669509888
sun_adsvtwjmljvcbxkb_crop.png,6.519880771636963
sun_adttimkgacydipie_crop.png,3.4934303760528564
sun_aduqewuvfehllwdd_crop.png,1.5112709999084473
sun_aduxjnkcugmhcpag_crop.png,1.667815089225769
sun_advgizotokuvhnwe_crop.png,1.8667956590652466
sun_advoeojtzpbejgec_crop.png,2.5562825202941895
sun_advrksojohxolufo_crop.png,1.48770010471344
sun_advruofhmqeyqmbx_crop.png,5.5644941329956055
sun_advvtxlsrkxwgony_crop.png,1.971457839012146
sun_adwaigzwuxuvitrh_crop.png,2.7830545902252197
sun_adwcyvwhpdrsgurt_crop.png,1.3315043449401855
sun_adwhzfziaqbyjpqo_crop.png,1.7106212377548218
sun_adwjwivxbszikxlb_crop.png,1.863171935081482
sun_adwucyplebawahma_crop.png,1.2955601215362549
sun_adxgxetwtjibgayn_crop.png,1.5663163661956787
sun_adyplaxglzqyoynb_crop.png,5.836966514587402
sun_adytbpuddgttsoog_crop.png,1.4591150283813477
sun_adyvunevhpgemarc_crop.png,1.7619491815567017
sun_adzozpiozdydewpt_crop.png,5.243689060211182
sun_adzygjwtekacvdto_crop.png,6.605257511138916
sun_adzymisuwgypbmao_crop.png,6.554508686065674
sun_aeajtwxsftghiagd_crop.png,2.207554578781128
sun_aeatifohhumxwnhp_crop.png,1.531234622001648
sun_aebfefyukdtanqal_crop.png,1.9033586978912354
sun_aebhffuhfdwhivpp_crop.png,1.3604533672332764
sun_aebjsikreyhhhefp_crop.png,2.133408784866333
sun_aebnxxtmrfqlsifk_crop.png,1.8721610307693481
sun_aebpfmmzxlsjaeyb_crop.png,3.748075246810913
sun_aebqebisteugxauq_crop.png,1.4742753505706787
sun_aecathecnfjtzgki_crop.png,1.3719199895858765
sun_aecefabfvaewllpg_crop.png,6.589790344238281
sun_aecqcaiqprujcluh_crop.png,3.2574944496154785
sun_aecrqdccdiuwwmtr_crop.png,2.8344626426696777
sun_aecwfbhcjvdbiwvp_crop.png,6.556632995605469
sun_aedcjgjztgoialpm_crop.png,4.716221332550049
sun_aedhyinsmapgxuwd_crop.png,2.9116883277893066
sun_aedxmbkciekdbgby_crop.png,3.7048165798187256
sun_aeffnsynvmisqvrk_crop.png,1.3865115642547607
sun_aefpssjdhiqecqkm_crop.png,1.3930238485336304
sun_aefupbecqqirsjnb_crop.png,1.5511561632156372
sun_aegixgtgmmvqheiw_crop.png,1.2912592887878418
sun_aegkyjgiqpyegywm_crop.png,5.962734699249268
sun_aeglzbcgcgidxlpn_crop.png,1.4884693622589111
sun_aegolqlvjxtuybtu_crop.png,1.8187700510025024
sun_aegtpuzdxqgxixfz_crop.png,2.3953940868377686
sun_aehebxsemibocxeg_crop.png,1.5788527727127075
sun_aeherdtnoxxjvwsm_crop.png,6.558610916137695
sun_aehqefempiwsacye_crop.png,2.940612316131592
sun_aeigztsewskijetu_crop.png,2.2147092819213867
sun_aeixslaookutvifa_crop.png,6.0207719802856445
sun_aejqkpfvareivgar_crop.png,3.1277616024017334
sun_aejvpkieusecydsa_crop.png,1.4411004781723022
sun_aejvqzvtonxptams_crop.png,2.0215494632720947
sun_aejzqpfhuuxlblab_crop.png,2.5798733234405518
sun_aeklnuruadlzojhv_crop.png,6.587535381317139
sun_aekseajjfdsxkhre_crop.png,2.1108081340789795
sun_aekxpoyjsgzwmnfb_crop.png,1.4204416275024414
sun_aelfhlyhvuglfcha_crop.png,3.8387362957000732
sun_aelkzcvlquyyzxlu_crop.png,1.5952765941619873
sun_aelmeooezipsmoxv_crop.png,1.5859510898590088
sun_aemkabhuxqcxvjrx_crop.png,2.2012062072753906
sun_aemltyubcdmxluwx_crop.png,6.185293674468994
sun_aencdkvretbgxmug_crop.png,1.4275606870651245
sun_aenvpypnxalypobn_crop.png,1.3122072219848633
sun_aenxooxavycbwfye_crop.png,6.5771565437316895
sun_aeolaksyzidqoouf_crop.png,1.39101243019104
sun_aeomowkqacxxosdd_crop.png,2.1288230419158936
sun_aeoqcfzrpvdagixm_crop.png,1.7133867740631104
sun_aephceasmgjfmwji_crop.png,1.9145314693450928
sun_aepwgvwvyindqlca_crop.png,2.0652310848236084
sun_aeqeqpzcxjiqfuog_crop.png,1.388630986213684
sun_aeqtikpjzcuclhld_crop.png,3.048776388168335
sun_aerasxgxvyongpnh_crop.png,1.827117681503296
sun_aerhdhovmnfduswi_crop.png,4.863283157348633
sun_aerjnuozvejmsrnl_crop.png,5.063935279846191
sun_aermylfjqkdyfriq_crop.png,6.510223388671875
sun_aermzsgymwllgwbp_crop.png,6.597448825836182
sun_aerwmaehscumivmx_crop.png,6.330688953399658
sun_aesvbpzlmbziyygp_crop.png,2.6964104175567627
sun_aetynhnompeaihbx_crop.png,2.064300060272217
sun_aeugngpyukkejjpi_crop.png,1.4129244089126587
sun_aevamvswbkqpmcbw_crop.png,1.6832753419876099
sun_aevfxnytbogyuawg_crop.png,6.353010177612305
sun_aevuwijdteejdcwb_crop.png,6.314916133880615
sun_aewbopkhoqojnovi_crop.png,4.021207332611084
sun_aewjqygtlkyracri_crop.png,4.261064529418945
sun_aewlatmlgwgijjmp_crop.png,1.4929217100143433
sun_aewmnvoiwvwujxmx_crop.png,5.5808210372924805
sun_aewtrkauaxxgoqju_crop.png,1.2883145809173584
sun_aexpgciynmttrnrw_crop.png,3.6530230045318604
sun_aeycyxteydsbbjsk_crop.png,1.4036200046539307
sun_aeyeilfqxmqncaqn_crop.png,1.790807843208313
sun_aeytjmkfjgpusgcj_crop.png,6.528437614440918
sun_aezajrlkwypzxdlx_crop.png,1.9938408136367798
sun_aeznitkbtqglpubq_crop.png,2.8815667629241943
sun_aezqnzwagbiqzvam_crop.png,1.4593151807785034
sun_afaryxlfwzbtqjuh_crop.png,1.877650499343872
sun_afblakizhfyfgexw_crop.png,1.5032284259796143
sun_afbpxrioefmbnmqs_crop.png,6.5870232582092285
sun_afcbhuilrveqfjsq_crop.png,1.391331672668457
sun_afchgswfseqvhxxf_crop.png,6.529712200164795
sun_afckkokftjwneunw_crop.png,1.4496911764144897
sun_afcknqtlwzchbmcf_crop.png,3.367513656616211
sun_afcopmcttyehenti_crop.png,5.175595760345459
sun_afcsizyyyvbczdzq_crop.png,1.3349673748016357
sun_afdaynbvsppiyvxm_crop.png,6.553703308105469
sun_afdulyhfatjjtvyj_crop.png,6.013900279998779
sun_aferhjkjsnsvetuc_crop.png,1.3834818601608276
sun_affakcmrcswctmoq_crop.png,6.489442348480225
sun_affaubosertutlha_crop.png,4.009179592132568
sun_affbcruzrmwqhaon_crop.png,1.507225513458252
sun_affliydgkhcprupc_crop.png,1.3802534341812134
sun_afflyssflfuiqpam_crop.png,2.6348633766174316
sun_affphsqvxvrczeek_crop.png,2.22786283493042
sun_affymrxwykomevme_crop.png,2.966198444366455
sun_afgcpxqshzlwtziz_crop.png,6.572408199310303
sun_afgflbgcvkvxixbz_crop.png,6.6179022789001465
sun_afgurbgispvvsmdv_crop.png,1.6583149433135986
sun_afhkdvryuyyjsafb_crop.png,6.412996768951416
sun_afhkqkelzfrlpyun_crop.png,1.3133137226104736
sun_afhvvwgvxxjrctil_crop.png,5.119724273681641
sun_afhxbuvjdcuzfssi_crop.png,2.3253142833709717
sun_afjdxoqidzkefmpt_crop.png,3.2007522583007812
sun_afjkdsegpwxewtah_crop.png,2.6827187538146973
sun_afjlccstpdrrqzod_crop.png,1.5256905555725098
sun_afjpmaqruvvqrpxv_crop.png,2.113555431365967
sun_afjyijsdqpcdnjoq_crop.png,6.632583141326904
sun_afkgckbfxyweksjb_crop.png,1.3193551301956177
sun_afkmyrcmtmhjsetu_crop.png,2.062103748321533
sun_afkuzidxhowmszwc_crop.png,5.920775890350342
sun_afljacbxiiccpfgn_crop.png,2.3266799449920654
sun_afnctlzwkhlepeaf_crop.png,1.9978512525558472
sun_afntjoiuzydrvnfm_crop.png,6.199095249176025
sun_afnvhdshiuypvkuh_crop.png,6.2962117195129395
sun_afnzhappvzmccjmq_crop.png,1.6535578966140747
sun_afoaiswitrtdunbx_crop.png,1.3225202560424805
sun_afooecdyhrsrtdmw_crop.png,1.826575517654419
sun_afouusminlagzmzp_crop.png,6.452890396118164
sun_afpagikvwzvtkgpi_crop.png,1.3561774492263794
sun_afpbvjgphoknshwq_crop.png,6.580648422241211
sun_afpbzgwweedbtkoa_crop.png,1.5297819375991821
sun_afphqqpplwkvdgmh_crop.png,1.8823002576828003
sun_afpiczhamuewjszi_crop.png,5.4219160079956055
sun_afpovmzwpabzxbml_crop.png,2.3813729286193848
sun_afqfvsufutiqnwip_crop.png,1.4697812795639038
sun_afreammwlpmmhjme_crop.png,4.043810844421387
sun_afrlcgvoxflicqrj_crop.png,6.247781753540039
sun_afrtpbxwfoubfcma_crop.png,1.7178382873535156
sun_afsezvcyzizzpipf_crop.png,2.3185715675354004
sun_afsxmcoqsznkqipc_crop.png,2.157010316848755
sun_aftegwimumrzrpbi_crop.png,2.9029958248138428
sun_aftlpbjdqefsiodo_crop.png,2.223361015319824
sun_aftnkwcynoiionyo_crop.png,1.7617859840393066
sun_aftnzmfmvolfmcad_crop.png,1.3842968940734863
sun_aftwrxwximdikluf_crop.png,1.2643829584121704
sun_aftzvczoixwcmsxp_crop.png,2.1994197368621826
sun_afucwpowgbclkyka_crop.png,1.5234252214431763
sun_afufelzzihgtlkow_crop.png,1.5155224800109863
sun_afuhztgcqcvfxhnx_crop.png,3.145469903945923
sun_afunbhjrgvgqkuhn_crop.png,1.4998176097869873
sun_afvpnzmbkxmeouos_crop.png,1.4183425903320312
sun_afvuhjxpxvknpvwx_crop.png,1.5499496459960938
sun_afwqgnysmjcdivth_crop.png,2.1455554962158203
sun_afxlmkxyqziwbldh_crop.png,1.7008637189865112
sun_afxqvmmnhekqwuvy_crop.png,1.399892807006836
sun_afxytltvovskyguf_crop.png,1.3698735237121582
sun_afxywfurnpdlxrki_crop.png,1.8854622840881348
sun_afybdrsfxcvfnwwv_crop.png,5.156538009643555
sun_afylxutjowfbrcyz_crop.png,6.551469326019287
sun_afywwapsjxsmothx_crop.png,1.5087770223617554
sun_afzcgngkkqtwbjen_crop.png,2.143904685974121
sun_afzchytcwksfhtin_crop.png,2.2446656227111816
sun_afztbzvqscvktlao_crop.png,1.2153725624084473
sun_agadlzxvdoecalhw_crop.png,1.301609992980957
sun_agausqipgjgthwpj_crop.png,1.273555874824524
sun_agbaptlibgqhrwwn_crop.png,2.856851816177368
sun_agbnziznjydrspaj_crop.png,2.1269991397857666
sun_agbrzvqngwkbjchm_crop.png,5.419335842132568
sun_agbvcebowhqfaqoz_crop.png,1.8400073051452637
sun_agcfbogxoxhllaqg_crop.png,1.4580087661743164
sun_agckmzhpsqvlfqwe_crop.png,2.228137969970703
sun_agcwfjewfhyejfax_crop.png,2.572373151779175
sun_agczfqttrvertgcx_crop.png,2.428826093673706
sun_agdmklchstfjclxg_crop.png,1.4814839363098145
sun_agdnribxpnhjwcth_crop.png,1.4427800178527832
sun_ageemqvnycianrye_crop.png,6.54815149307251
sun_agetqixeypsysbpn_crop.png,5.897668838500977
sun_agfdrmftdzokxtnc_crop.png,5.1882429122924805
sun_agfgcgkuomdhbuim_crop.png,1.3716223239898682
sun_agfnjbkibiqongjx_crop.png,6.138853549957275
sun_aggjpozuixbxgpgb_crop.png,3.22253155708313
sun_aggtniazglwfjjxy_crop.png,2.231940984725952
sun_aggtrnvkcxdbblvw_crop.png,6.60447359085083
sun_aggyxnireldojumy_crop.png,1.40061616897583
sun_aggzxpkevhsdneay_crop.png,1.3667570352554321
sun_aghtckbjgdradvsj_crop.png,2.107330799102783
sun_agiivfaqfrewblzw_crop.png,6.590468406677246
sun_agipdkpovnqrcsgh_crop.png,1.290977120399475
sun_agiqflroumpgmrip_crop.png,1.2137446403503418
sun_agjgmsknfgeelzeo_crop.png,1.4510362148284912
sun_agjnitzjrxiyiqwh_crop.png,5.589606761932373
sun_agkggiosdmroebzy_crop.png,6.3768630027771
sun_agkkofrffxllrawl_crop.png,6.496399402618408
sun_agkokerteawrlwbk_crop.png,2.185046911239624
sun_agldadusrezhmyva_crop.png,1.5597470998764038
sun_agljbcnpskfdirxx_crop.png,2.733621597290039
sun_aglnrqipxmbwbcjl_crop.png,1.434099793434143
sun_agmgoahuegszicuf_crop.png,1.385193943977356
sun_agmmxuazyvngzuvv_crop.png,6.620327949523926
sun_agmrtxghhkemuaby_crop.png,1.5936541557312012
sun_agmujncxfjrtenzs_crop.png,1.8308169841766357
sun_agnarkcracmlnlhn_crop.png,6.6136369705200195
sun_agnmfgdhpfoqonjw_crop.png,2.007476568222046
sun_agnzaovrhigbyqrr_crop.png,2.345092296600342
sun_agoekqbpamwdzlnv_crop.png,1.3834623098373413
sun_agoxmmsddmqpppjf_crop.png,1.7515496015548706
sun_agozmnqvrstshusu_crop.png,1.5055791139602661
sun_agozpyoermdxuotx_crop.png,1.5323013067245483
sun_agpxkgsdlobslcpl_crop.png,2.2576417922973633
sun_agqdlpckwhivjyfm_crop.png,5.4682488441467285
sun_agrbuzfpfrfvuoty_crop.png,1.4626132249832153
sun_agrhhyfivlxydpcd_crop.png,1.6899380683898926
sun_agrqakrneizxznex_crop.png,1.3517699241638184
sun_agsjvggtdttncoas_crop.png,6.579439640045166
sun_agtfdrcgyjcbtlvb_crop.png,1.7003223896026611
sun_agtqhhwxjeuxdebe_crop.png,4.614551544189453
sun_agubwprulkbqaagu_crop.png,1.2969073057174683
sun_agukrhuverbxnrjw_crop.png,2.0844242572784424
sun_agumiuhyimvezfeb_crop.png,3.0622785091400146
sun_agvgjjheumikthmm_crop.png,6.4691572189331055
sun_agvkqxxnwsdqtyof_crop.png,1.446877360343933
sun_agvsanivhjnxqpkl_crop.png,1.5590723752975464
sun_agwoarwaljlbhmwy_crop.png,4.752813339233398
sun_agwswhkvnsmuszlz_crop.png,6.041504859924316
sun_agxeguwfcuvtxkmn_crop.png,2.2317910194396973
sun_agxfoksoiibofpna_crop.png,1.4746081829071045
sun_agxkotjrrbksldzt_crop.png,1.4587568044662476
sun_agycckhlbmrhwnoo_crop.png,1.726811170578003
sun_ahahyfdmageummge_crop.png,3.389913558959961
sun_ahauyuewrhdlnkgw_crop.png,3.4535021781921387
sun_ahbkwcyitftguohj_crop.png,1.4808833599090576
sun_ahbvlpavurqoxdeq_crop.png,3.35109543800354
sun_ahcyucwnkmgpwcvs_crop.png,1.9355548620224
sun_ahczjtvnuhhqeaxg_crop.png,1.5503648519515991
sun_ahcztdhqprvwesuw_crop.png,2.146968126296997
sun_ahdprkhllyhcwnmp_crop.png,3.0576679706573486
sun_ahduotfjemjdzbrc_crop.png,1.4892241954803467
sun_ahecchidhzhdjmvj_crop.png,1.4121662378311157
sun_ahedpphfkwqjbbiv_crop.png,1.4201284646987915
sun_ahepuktqahodxuge_crop.png,6.318208694458008
sun_ahestiupegzxmiyh_crop.png,1.5149576663970947
sun_ahevdlwcccnzhrxd_crop.png,6.617660999298096
sun_ahfcnhpsdmdkvulj_crop.png,1.3523139953613281
sun_ahgxbrknelfrpvke_crop.png,1.4621961116790771
sun_ahheuiomlapxutgy_crop.png,2.068113088607788
sun_ahhjvqucpjmagwtl_crop.png,2.1543517112731934
sun_ahhypvgxkkxdsuik_crop.png,1.7605767250061035
sun_ahimebvpapvfbolu_crop.png,2.203688144683838
sun_ahimzraovaaiadca_crop.png,1.3045767545700073
sun_ahinwfrcewspkyax_crop.png,1.5185457468032837
sun_ahiohgrgyqtfiadr_crop.png,1.304413080215454
sun_ahiooqpekjcgzxud_crop.png,2.9301297664642334
sun_ahiuvcnpwyqmhgsw_crop.png,1.953772783279419
sun_ahizxrsqlchryhhv_crop.png,1.4437255859375
sun_ahjrmuyathyzywbh_crop.png,6.596872329711914
sun_ahkhacokgjqefhrv_crop.png,1.3891568183898926
sun_ahkjivtdxekbxiiz_crop.png,1.4702261686325073
sun_ahklkirrwddixrvs_crop.png,1.4657659530639648
sun_ahkvlppdstjnrxnu_crop.png,3.0589840412139893
sun_ahkxepkpmapebuxm_crop.png,3.7711164951324463
sun_ahkyzprgheiigcbi_crop.png,1.2879847288131714
sun_ahlayfrjnblagtri_crop.png,1.6385241746902466
sun_ahlglausydyftfky_crop.png,1.9238876104354858
sun_ahllzupburofmeus_crop.png,1.3882299661636353
sun_ahlrpjiyiiybswwz_crop.png,1.465190052986145
sun_ahmbdjlszyjzukjl_crop.png,2.280458927154541
sun_ahmgdzndfhrsqbui_crop.png,1.3535099029541016
sun_ahmntxthdafawqkb_crop.png,6.583723545074463
sun_ahnhrysiubzptsnj_crop.png,6.462892055511475
sun_ahnumwcqjxsbvfhz_crop.png,1.43169367313385
sun_ahoqrhsqjexuputy_crop.png,2.25075626373291
sun_ahpkaqdrwkoogmip_crop.png,1.481965184211731
sun_ahpomxqhqefwanwk_crop.png,2.3780624866485596
sun_ahptzpfyacdxuepx_crop.png,1.3001717329025269
sun_ahpyethofxbpywwx_crop.png,6.443174362182617
sun_ahqseptxdomiiegx_crop.png,5.3715081214904785
sun_ahrbcajoahaabzai_crop.png,1.296550989151001
sun_ahsvoxhngtvlfcxy_crop.png,1.487502098083496
sun_ahtdakltgzcwspib_crop.png,1.3797894716262817
sun_ahtmvwmmrlbrfchd_crop.png,1.7501556873321533
sun_ahtpokzlaophrxef_crop.png,5.900599479675293
sun_ahtpxgcogbinnhou_crop.png,1.8591662645339966
sun_ahtsmazxoceceqjd_crop.png,2.323639154434204
sun_ahtymxdpxlpfbmkk_crop.png,2.2385246753692627
sun_ahujjhpmesuhzqyj_crop.png,2.2737040519714355
sun_ahvoptfjirvbznja_crop.png,2.7184228897094727
sun_ahvxojpootuwulil_crop.png,2.115537643432617
sun_ahwgsyfsxltzulcu_crop.png,1.427182912826538
sun_ahwugxdwvldcesmn_crop.png,3.2993829250335693
sun_ahwxchoqxbtmuhkv_crop.png,3.120427131652832
sun_ahxafeiecyrvlwjp_crop.png,1.5626671314239502
sun_ahyhcmqzpfmdtfmc_crop.png,5.81421422958374
sun_ahyrcsdwyvzoviev_crop.png,2.5836405754089355
sun_ahyszoiuweslyfqs_crop.png,2.3072731494903564
sun_ahywfgjticmqecjm_crop.png,3.347788095474243
sun_ahzcpowoccjtusrc_crop.png,1.3513267040252686
sun_ahzprtdsycxhoqdq_crop.png,6.587488174438477
sun_aialgshynfanqmwx_crop.png,1.441729187965393
sun_aiaowttywtxvvezv_crop.png,1.5251654386520386
sun_aiawtvatrtdtqmjq_crop.png,1.364983320236206
sun_aiazdbafkaryuikh_crop.png,6.207513332366943
sun_aibngnfpgumcuiaj_crop.png,1.497871994972229
sun_aibpgpfcvafuvwpz_crop.png,1.7712782621383667
sun_aibuhtaedpyomwbv_crop.png,2.778757333755493
sun_aicdtekzfimwjtlu_crop.png,1.6056890487670898
sun_aicvecccjhfzcjnt_crop.png,4.8566670417785645
sun_aicyxgrjdvyrslnb_crop.png,1.4242029190063477
sun_aidgpupkpbnajhve_crop.png,2.5050578117370605
sun_aidzostvaltvaups_crop.png,4.617713928222656
sun_aiebhokcmwbxadsl_crop.png,1.4120357036590576
sun_aiebzssguuejjujo_crop.png,1.610051155090332
sun_aieefrkagxyksfuj_crop.png,3.8480095863342285
sun_aiegxmyrryyahbhw_crop.png,3.064420223236084
sun_aieqregvgiaijrnl_crop.png,2.0498929023742676
sun_aifhluzuuuiygiua_crop.png,1.2755358219146729
sun_aifrzcjyksgmluxz_crop.png,2.716542959213257
sun_aigdsvlqzxguvoje_crop.png,3.198867082595825
sun_aigebsudctfnnlce_crop.png,1.3738771677017212
sun_aihemmhvseirjdes_crop.png,2.7805426120758057
sun_aihfaarwvxfxnedz_crop.png,1.4170399904251099
sun_aihwqggjondnmohi_crop.png,3.6131415367126465
sun_aiidtukxefdvhvlw_crop.png,2.088050127029419
sun_aijfmpgknmohyiwv_crop.png,1.5481340885162354
sun_aijfrhdsdzxxdmcu_crop.png,6.354506492614746
sun_aijypnsissxbdxyj_crop.png,6.243296146392822
sun_aikytkkzdmxplcms_crop.png,1.3084808588027954
sun_ailluoikknapfylq_crop.png,1.588149905204773
sun_ailrsprheyhbynam_crop.png,4.279726028442383
sun_ailstoioebjgyqpe_crop.png,1.9269421100616455
sun_aimeinfyfoxqhgki_crop.png,1.6061104536056519
sun_aimwojfukiiuoriu_crop.png,2.6326494216918945
sun_aimyesuzsmiwvpfh_crop.png,2.5510401725769043
sun_ainoacwsquefrlbr_crop.png,1.3859649896621704
sun_ainpqoalfsqkxogl_crop.png,2.3231732845306396
sun_ainuimcptnfydqnn_crop.png,5.716215133666992
sun_aiobnhooamvxwdnd_crop.png,3.156658411026001
sun_aiocgjwcthdvttcs_crop.png,1.4066548347473145
sun_aiorrsomwrhkypuv_crop.png,1.5084725618362427
sun_aioxamlvtxhpnzzt_crop.png,4.439089775085449
sun_aiozxhxgtfrmoagh_crop.png,1.4454482793807983
sun_aipiilsyyfpathnf_crop.png,2.9766392707824707
sun_airchxmzspsfwpid_crop.png,1.6187938451766968
sun_airpfnjxpofcfijg_crop.png,1.434180736541748
sun_airxobbhilzhuucf_crop.png,2.0468060970306396
sun_airxqaoaqqdwqrlc_crop.png,6.192765235900879
sun_aisqyfzqpyqpnpcz_crop.png,1.4066112041473389
sun_aitcjatbbvbdtknk_crop.png,4.191704273223877
sun_aitdmtnhkdgdjkvo_crop.png,2.129456043243408
sun_aithgwxujzdlhxrv_crop.png,1.4415286779403687
sun_aitkmplhtdszgtcv_crop.png,1.4770407676696777
sun_aitovcbtirfhelra_crop.png,1.761425256729126
sun_aitumlrkpdyzzodw_crop.png,2.033527374267578
sun_aiualqmiehczduer_crop.png,1.7492197751998901
sun_aiuborkurctgwlgb_crop.png,4.5554046630859375
sun_aiujhwzzsoonkewa_crop.png,3.0117714405059814
sun_aiumuljdnxnqtlcf_crop.png,1.364815354347229
sun_aiuqsmryblhyedkb_crop.png,1.3969365358352661
sun_aiuyhnkxdztnxtdu_crop.png,2.673541307449341
sun_aivfbeshbhikljep_crop.png,1.4201925992965698
sun_aivunyvwzlwwijgg_crop.png,2.791452646255493
sun_aivuytzktyhoedcr_crop.png,1.289327621459961
sun_aivvcfvbqfxjwtow_crop.png,6.30156946182251
sun_aivxyexpgygxemfr_crop.png,5.982041835784912
sun_aiwdglrsrkkfbgzz_crop.png,1.2448019981384277
sun_aiwhrujmhdbquncx_crop.png,6.502528190612793
sun_aiwvlmctoruqsfqd_crop.png,1.9247969388961792
sun_aixemvmqtgkfhgqj_crop.png,5.998275279998779
sun_aixibzrijezbcwtx_crop.png,1.3688817024230957
sun_aixpmamlokyvzyzb_crop.png,6.363435745239258
sun_aixtfwnmkcsyyzck_crop.png,1.4341169595718384
sun_aiyiznahccvaipep_crop.png,1.4726864099502563
sun_aiykegtujpsnlhan_crop.png,1.799412727355957
sun_aiykguetothvsgff_crop.png,2.0758700370788574
sun_aiymwbxjeuhkfbei_crop.png,1.8321236371994019
sun_aiymyvoddscrtfas_crop.png,2.2696962356567383
sun_aiynsrgvdjyalznn_crop.png,6.338767051696777
sun_aiypwmkswdqrkldz_crop.png,2.2436959743499756
sun_aizkzcazdjmhgsfd_crop.png,6.563424110412598
sun_aizrtehrtafvfrlt_crop.png,1.739920735359192
sun_ajbeltqzqpenkvqi_crop.png,1.5375334024429321
sun_ajbmaxmgvybqfhuz_crop.png,4.238358497619629
sun_ajcalpgflrfvhhhw_crop.png,6.456089019775391
sun_ajcgotsnitvcgkge_crop.png,1.4743387699127197
sun_ajcipjzqodfcekba_crop.png,1.3739039897918701
sun_ajcopavjqtimjnsa_crop.png,6.559556484222412
sun_ajcvdokgzllibdsg_crop.png,1.284759283065796
sun_ajdofftheuhszftu_crop.png,1.7183582782745361
sun_ajdrqnyihfmatmzj_crop.png,1.5113970041275024
sun_ajebiurepzdzjwvw_crop.png,3.9200172424316406
sun_ajexfhguoyjbqmtx_crop.png,1.5628166198730469
sun_ajficlxeeadnymks_crop.png,1.4207514524459839
sun_ajfjbafrlzzbmzoj_crop.png,3.763028860092163
sun_ajfwyuleqkzlovww_crop.png,1.2582366466522217
sun_ajgebwheenyurlit_crop.png,6.6547417640686035
sun_ajgyfjxpwhoxuimc_crop.png,1.3970750570297241
sun_ajgyyjtmfhutnvzt_crop.png,1.6893832683563232
sun_ajhdjlymygxgqphq_crop.png,1.4990742206573486
sun_ajhsulqabapyraar_crop.png,3.98718523979187
sun_ajhtontofvkavmvy_crop.png,6.149552345275879
sun_ajhucnhjegkkwfph_crop.png,2.129148006439209
sun_ajijtsrervifddqo_crop.png,6.526553630828857
sun_ajiniuykiyqyizbq_crop.png,1.4560987949371338
sun_ajiqbsygdxtuezyw_crop.png,2.8068883419036865
sun_ajiyoyusqmwojoho_crop.png,1.3659257888793945
sun_ajjacdfzcematahl_crop.png,1.4698201417922974
sun_ajjcidmxanetnadb_crop.png,6.510847568511963
sun_ajjkoaqwkopzknxs_crop.png,1.9958747625350952
sun_ajkinxlbjwfynsyf_crop.png,6.532306671142578
sun_ajkjuzrsxfcucotf_crop.png,1.7379136085510254
sun_ajkmuktgalobrhte_crop.png,1.7719762325286865
sun_ajksnfjdxnypdllh_crop.png,1.5201747417449951
sun_ajlkthvuowdwxgyb_crop.png,2.6498513221740723
sun_ajllgrovlulpkvvu_crop.png,1.491634488105774
sun_ajlrzhblesqaifem_crop.png,1.574171781539917
sun_ajltxqbtrbavoqlf_crop.png,2.367417573928833
sun_ajlxqauxgfmrxgjv_crop.png,5.364410400390625
sun_ajmaegwphniknhoj_crop.png,2.703916072845459
sun_ajmdxxaivewlxonn_crop.png,6.547351360321045
sun_ajmguajlaytqhsms_crop.png,3.8731818199157715
sun_ajmroadcaidvybue_crop.png,2.30275821685791
sun_ajmtpcneyaryltkb_crop.png,3.6122031211853027
sun_ajmyqurszsgdcrme_crop.png,1.559072494506836
sun_ajnntxrmbbzdjmkn_crop.png,2.4217281341552734
sun_ajnypogktiurcmvb_crop.png,1.9034584760665894
sun_ajogweelpvgolmap_crop.png,1.6726288795471191
sun_ajojcwsinkfiqiav_crop.png,1.5277386903762817
sun_ajottjxfxgkaoiqy_crop.png,4.043593406677246
sun_ajqewjxacnwhogxd_crop.png,1.5708690881729126
sun_ajqolwwrsflznozp_crop.png,2.1570546627044678
sun_ajqzieptxkzdeuyq_crop.png,6.389194965362549
sun_ajrmvydockofxbmc_crop.png,3.0918545722961426
sun_ajrnmahwwmjdhdzk_crop.png,1.4428410530090332
sun_ajrpvgxcgeblwooh_crop.png,4.672129154205322
sun_ajrrkgsjlmevzapc_crop.png,3.0056464672088623
sun_ajrzzrofiuybtign_crop.png,1.7401283979415894
sun_ajscetskiwaukgin_crop.png,6.5550432205200195
sun_ajsdxrxryuwdeukr_crop.png,6.527044296264648
sun_ajsspwjewqhkuyyl_crop.png,1.5270880460739136
sun_ajthkfmyekdkjwln_crop.png,6.3192458152771
sun_ajtpwjuaxgznqikg_crop.png,3.400118350982666
sun_ajtsdutwthrahmhb_crop.png,6.586610317230225
sun_ajtvysscoirnzowp_crop.png,6.52109432220459
sun_ajuafutvtotbvmkv_crop.png,1.4873478412628174
sun_ajudspydbwqxfkin_crop.png,1.3977923393249512
sun_ajughtskgndirhvx_crop.png,4.341097354888916
sun_ajuhxgocnyfwomnw_crop.png,1.6084492206573486
sun_ajujoqmxplrixpsc_crop.png,1.286055564880371
sun_ajulpqgpfmjzzast_crop.png,1.5716357231140137
sun_ajuowwmbigovslut_crop.png,2.373453140258789
sun_ajuppnsmdofonjml_crop.png,1.6449229717254639
sun_ajuvfpezxduginti_crop.png,3.718151330947876
sun_ajvggicvmaklxxrm_crop.png,4.067578315734863
sun_ajvmgwqjbvbhvtmi_crop.png,3.165811538696289
sun_ajvswcfkrmimcxnm_crop.png,6.501381874084473
sun_ajwueyrhplnhmakq_crop.png,4.299102306365967
sun_ajwvkxduwhbyaihk_crop.png,1.4803550243377686
sun_ajwxcjuvsuivtizh_crop.png,2.9219069480895996
sun_ajwximjskdesewws_crop.png,1.5299956798553467
sun_ajxifeqdzgvsvmjn_crop.png,3.0810251235961914
sun_ajxlnmcwphxcsdfz_crop.png,3.189542055130005
sun_ajxncqcvqyevolbb_crop.png,5.096771717071533
sun_ajxyeallsvysreri_crop.png,6.577281475067139
sun_ajyepvfgqlswktqb_crop.png,2.844727039337158
sun_ajyljflqswjknlgm_crop.png,1.423903226852417
sun_ajznrfhxvllvrhyl_crop.png,1.5218769311904907
sun_ajzwhlveszdsrirz_crop.png,2.285825490951538
sun_ajzwpjrehimzosjg_crop.png,2.8836019039154053
sun_akabsvsyzpiqntcp_crop.png,5.70034122467041
sun_akaibpkrhphuaqre_crop.png,1.9079171419143677
sun_akawbeejbhqepsfr_crop.png,1.8663179874420166
sun_akbbxewfnuxtxfkd_crop.png,1.819271206855774
sun_akbejfbnzxdboknn_crop.png,2.3653745651245117
sun_akbfsjykwgllwszc_crop.png,1.3275495767593384
sun_akbinucozwbghvsr_crop.png,6.448156833648682
sun_akbovhcdwdqkfowp_crop.png,2.4609577655792236
sun_akbuisxsqiyfgjnw_crop.png,5.7330498695373535
sun_akbxvrhkcyoohvhw_crop.png,3.2125561237335205
sun_akcuqkqyqgjouudk_crop.png,3.7167062759399414
sun_akcvzclqsbpshedb_crop.png,1.9474856853485107
sun_akdbxepnruyrbtrp_crop.png,5.2372026443481445
sun_akdewyfncrcmhjdi_crop.png,1.3833476305007935
sun_akdlbyxvhfzqkmec_crop.png,6.568967819213867
sun_akdtebdtlntpxclu_crop.png,1.4575082063674927
sun_akeucbzmcqwhcczj_crop.png,6.547200679779053
sun_akfvnliigcmmyjeg_crop.png,6.561474323272705
sun_akfvveysqolggckx_crop.png,5.567171096801758
sun_akfyzjhegjzmdcjn_crop.png,1.5880842208862305
sun_akgwvyrbfgonolvx_crop.png,1.6437313556671143
sun_akhqgzrrubgnwzpa_crop.png,1.7521394491195679
sun_akhyzejtqpynaepu_crop.png,1.42333984375
sun_akinsxikgtswxivr_crop.png,1.920236587524414
sun_akjjbhyrhvgqwbnv_crop.png,5.445474624633789
sun_akjsmkzfeodaknof_crop.png,1.3557208776474
sun_akjtejdcrsqexbbr_crop.png,3.55827260017395
sun_akkdexcltpcqxibz_crop.png,1.52871572971344
sun_akkomfouoppmfooc_crop.png,3.827674627304077
sun_akkudvdlmryidqbs_crop.png,6.37068510055542
sun_akkyikcgcicqwrqk_crop.png,2.1155433654785156
sun_aklmmgkbuagshaxo_crop.png,6.463013172149658
sun_akluskekobictmrx_crop.png,1.9743317365646362
sun_akmjlbhvucwcomtf_crop.png,1.5230358839035034
sun_akmkwxrjwecdivrg_crop.png,1.7525235414505005
sun_akmnlwbhgbqgaomh_crop.png,1.50161612033844
sun_akmzytqkhmsllutp_crop.png,1.5078219175338745
sun_aknbqkyjmltzjpuf_crop.png,1.2329182624816895
sun_akneygrcsotksjtq_crop.png,1.579620361328125
sun_akniivhpunggxqok_crop.png,5.1742024421691895
sun_akocjovhbnjmalve_crop.png,1.4488861560821533
sun_akocwzqzyfvracmn_crop.png,1.3485310077667236
sun_akodobunayijitjs_crop.png,3.623497247695923
sun_akpjottaiqvuaboi_crop.png,1.3754911422729492
sun_akpqeqvtazmpiruu_crop.png,2.3158605098724365
sun_akqpikmgyzrpoilg_crop.png,1.4344691038131714
sun_akrehjqghdiwrheo_crop.png,1.7628984451293945
sun_akrihdnnxpwgxepp_crop.png,2.5581839084625244
sun_akriyetrhoopjsdy_crop.png,6.633513450622559
sun_akrktjpdrlhellcz_crop.png,6.4796624183654785
sun_akscftsonlgcygdr_crop.png,5.757011890411377
sun_aksyhawoyulpekpy_crop.png,2.859292507171631
sun_aktcqpfjphduhpeh_crop.png,4.912698745727539
sun_akuitutqnebhfiqg_crop.png,1.4399646520614624
sun_akumcrgxflpomdjh_crop.png,1.684484839439392
sun_akutgyqvpduhfelr_crop.png,1.562882900238037
sun_akvqjklzhdgyctwy_crop.png,6.465875625610352
sun_akwhqwxqtpfdyfjs_crop.png,4.29135274887085
sun_akxendsnvdclrfvt_crop.png,3.3543853759765625
sun_akxkraecdemenrwt_crop.png,3.0196051597595215
sun_akxoeocdsqiropyx_crop.png,3.016008138656616
sun_akxpqygihxvzeujo_crop.png,3.23494815826416
sun_akxrchxdlzqzjjos_crop.png,2.8032264709472656
sun_akyhpluahmjyrxpk_crop.png,1.3212366104125977
sun_akylpayysgokukbe_crop.png,5.954121112823486
sun_akypvrysfcrbtaeu_crop.png,1.4184247255325317
sun_akywboapvttpcfcj_crop.png,6.0108771324157715
sun_akyyikglvyxclrgm_crop.png,4.595210075378418
sun_akztagjpgwrujfkr_crop.png,2.204310894012451
sun_akztuetvletcqvvk_crop.png,1.2917520999908447
sun_akzumsujebcqhxla_crop.png,2.7939608097076416
sun_alanfqifcbhqgwxm_crop.png,2.189793348312378
sun_albncojhaxvbbbdn_crop.png,3.037071466445923
sun_albthhletanyjwjn_crop.png,1.9229004383087158
sun_albwhlcrxpdkfpet_crop.png,6.581629276275635
sun_albypnajfmfhqcwq_crop.png,5.520651340484619
sun_alcdwocqmwxiytcj_crop.png,1.7932226657867432
sun_aldlfpqkekuniwfx_crop.png,2.836888551712036
sun_aledxrcfulsknabk_crop.png,1.383984923362732
sun_aleniaysezwxkvla_crop.png,1.5071338415145874
sun_alettkltzysnuqsq_crop.png,6.49983549118042
sun_aletubhomenauypg_crop.png,1.7039648294448853
sun_alewbcnalibklcwh_crop.png,3.2820167541503906
sun_alftulbrlytjjdre_crop.png,1.3979543447494507
sun_alhbowsngivguloh_crop.png,1.6600266695022583
sun_alhowhqxwlzxmnjw_crop.png,3.199963331222534
sun_alhvoqgpfshefphz_crop.png,2.411468982696533
sun_alidgimlkcihmqqr_crop.png,2.034193992614746
sun_aliedohxllcelrof_crop.png,1.265365719795227
sun_aljgosynsvmyqwlz_crop.png,1.9798896312713623
sun_aljhbekhbjprhwrr_crop.png,6.404856204986572
sun_aljjejrulmhlleln_crop.png,3.5239205360412598
sun_aljrvcabwnwkorml_crop.png,1.6930638551712036
sun_aljyrrfnvbrdovct_crop.png,4.063058376312256
sun_alkilswtiaxmyjpi_crop.png,3.7282707691192627
sun_alkjhlciyndwutgg_crop.png,6.591858863830566
sun_alkkrmqkfdsjjfbk_crop.png,5.177221298217773
sun_alkrqcqjqvlzwzgd_crop.png,4.025355339050293
sun_alkwqnvmvmjccden_crop.png,1.401989221572876
sun_alkxfzwrxgmetxtk_crop.png,1.384362816810608
sun_allnzcwgdrumella_crop.png,1.4525359869003296
sun_almbxcurjahdxery_crop.png,6.323607444763184
sun_almddqmezutjkwrh_crop.png,1.3662506341934204
sun_almktsurjhrxvyao_crop.png,1.8195189237594604
sun_almpnlehqyjysxax_crop.png,3.469482421875
sun_almtnjgugigufhwz_crop.png,1.3478981256484985
sun_alnppxzppwkzhpbu_crop.png,6.609614372253418
sun_aloffvbvysigxent_crop.png,3.8867034912109375
sun_aloggupfcempotrl_crop.png,3.5926125049591064
sun_alooqmtszpkslbsp_crop.png,6.420689105987549
sun_alpcemblikyowlje_crop.png,1.3895864486694336
sun_alpjwwozdavjucpu_crop.png,6.344804286956787
sun_alpkiennjstpbfqh_crop.png,1.396506667137146
sun_alppfeptjqdyklmz_crop.png,1.3927175998687744
sun_alpwusmmgtkfrwoo_crop.png,1.3827906847000122
sun_alqzfcckzclwhxvj_crop.png,3.411409616470337
sun_alrbjgzrcxkegqtj_crop.png,6.518840312957764
sun_alrfgncuqysvtcbg_crop.png,4.11093282699585
sun_alrsfghejkolunsi_crop.png,2.3312432765960693
sun_alsdndvcxhelnvdz_crop.png,3.476621627807617
sun_alsmelmsufuoupht_crop.png,2.6768040657043457
sun_alswaynrqyiroaji_crop.png,1.3612794876098633
sun_alszeylpmfzmbxmb_crop.png,4.918961048126221
sun_altpnuzstakbgjji_crop.png,1.2597036361694336
sun_altvludmfzuqvqtx_crop.png,1.3909580707550049
sun_altzrdmwmxjkuvct_crop.png,3.4067959785461426
sun_aluizcomvpimkerw_crop.png,1.4976056814193726
sun_alunasorzxjzhjbv_crop.png,4.380367279052734
sun_alvjgqhcgxgrivmj_crop.png,3.791551113128662
sun_alwagmykaclovukj_crop.png,1.4343966245651245
sun_alwnnkrypccpuhnm_crop.png,1.396223545074463
sun_alwxdxldnifsfrwd_crop.png,6.595561981201172
sun_alwxqvbzflfzajwb_crop.png,3.514732599258423
sun_alyfyjhxlcjwzogp_crop.png,2.5041937828063965
sun_alytyplqugkbcovf_crop.png,2.3662407398223877
sun_alzblwrqtgmqwsuk_crop.png,6.523506164550781
sun_alzcgcpcmqqhyvio_crop.png,1.5986840724945068
sun_alziedzhqdwqeqxl_crop.png,1.6947017908096313
sun_alzuoqcraozgizrf_crop.png,2.3151395320892334
sun_alzyviiehnykrzcc_crop.png,2.4524075984954834
sun_ambfhzrjyjwifhkx_crop.png,1.4144949913024902
sun_ambmoucndadtumqb_crop.png,1.4008625745773315
sun_ambqrdegorbuvxzi_crop.png,1.4541499614715576
sun_ambrwzywvjncguna_crop.png,1.3612977266311646
sun_amdegzojyikmxnsx_crop.png,1.403915286064148
sun_amdqdslugnoyrvuh_crop.png,4.021078109741211
sun_amduojhtbzioxdly_crop.png,1.2133427858352661
sun_amebtecagubzprpz_crop.png,2.2013022899627686
sun_ameioiqkkiesilgv_crop.png,3.686032295227051
sun_amewbbekkvxhulxw_crop.png,1.341076374053955
sun_amewqmzsjzykyove_crop.png,1.4701374769210815
sun_amfhbshdljryolot_crop.png,2.779632329940796
sun_amfozoelwrahqguj_crop.png,2.4727606773376465
sun_amfwdljjbcjufoyn_crop.png,1.4829189777374268
sun_amhcyeagbmxzyhoa_crop.png,2.112121820449829
sun_amhhlmfdohmqtmpp_crop.png,1.5173046588897705
sun_amhygsoqlfgvcnwn_crop.png,1.4056992530822754
sun_amiedwljnfqjrmsx_crop.png,1.4516910314559937
sun_amjxdqdhpsvxepvu_crop.png,4.7060089111328125
sun_amkgbemvkdbhpzri_crop.png,2.9652984142303467
sun_amlirccuwuzhpdly_crop.png,1.8264858722686768
sun_amltgebjganoiiih_crop.png,1.4413836002349854
sun_amlwsibkdcroxxgi_crop.png,4.195998668670654
sun_ammaqpgtcgmzhizu_crop.png,1.6090333461761475
sun_ammoqgmwsntcmtxc_crop.png,1.3860520124435425
sun_ammspyttzyqpliiw_crop.png,1.5777277946472168
sun_ammtyagxwuynloho_crop.png,6.571444034576416
sun_ammwnbcxtrrnhafa_crop.png,1.3483073711395264
sun_ammwnsjzoaybosca_crop.png,1.5660407543182373
sun_amnfyehaljzgfcdy_crop.png,1.7228538990020752
sun_amngvwzvecpxjnyo_crop.png,4.220488548278809
sun_amnkmeojepioccty_crop.png,2.6690673828125
sun_amnlhuknqqtssrhl_crop.png,1.408951997756958
sun_amnmxbybloeimbcx_crop.png,6.353991508483887
sun_amohvnkrbmvwutfv_crop.png,1.525822401046753
sun_amooihhbpiuhzlcl_crop.png,6.479180335998535
sun_amounerfmrjalosq_crop.png,2.3496291637420654
sun_ampdeluixumzkrmm_crop.png,6.050368309020996
sun_ampjnwubvqspkvul_crop.png,6.513644695281982
sun_amqejeymhjlanyvr_crop.png,5.416330814361572
sun_amqhruavcnsxzfzf_crop.png,1.3289285898208618
sun_amqjyrnwaiddhupg_crop.png,1.3498775959014893
sun_amqqhnpsuhldbjua_crop.png,5.002723693847656
sun_amqxpegrntkigpqo_crop.png,1.5432682037353516
sun_amsemacabrlvsidf_crop.png,5.664785385131836
sun_amtfzvjrwjpncemv_crop.png,2.7339584827423096
sun_amtlxyuurchtjaax_crop.png,1.6581705808639526
sun_amuijzzaceciuwpo_crop.png,2.9858880043029785
sun_amukuctfzdxpmxse_crop.png,1.8019102811813354
sun_amutkwizhjulrmic_crop.png,5.420350074768066
sun_amuuhhmpkazkahve_crop.png,3.0178465843200684
sun_amvilwabpangscuo_crop.png,3.4979658126831055
sun_amvrmkrgqpwizsjr_crop.png,2.948352575302124
sun_amwdhckrmgwuwpus_crop.png,6.529709815979004
sun_amwvxdodipfjrvcb_crop.png,1.3006001710891724
sun_amwxznprlkkgedxd_crop.png,6.51787805557251
sun_amyfrjfsypqohzav_crop.png,6.523113250732422
sun_amzxxxijhnjjcwfc_crop.png,6.440101146697998
sun_amzycvfigmisznhx_crop.png,4.833654880523682
sun_anaooaojimhclxkd_crop.png,1.5372564792633057
sun_anbbuxtgvwcarrdh_crop.png,1.8847546577453613
sun_ancmowhdxmweaply_crop.png,1.5379449129104614
sun_ancomucdrbxydgbi_crop.png,4.547697067260742
sun_andhehnqqowrkgih_crop.png,1.4325907230377197
sun_andleufklsnbmxrc_crop.png,1.4603064060211182
sun_andmnmhominoumgz_crop.png,4.302447319030762
sun_anenoyptsptrulcs_crop.png,6.1212334632873535
sun_anerxoventcccyoi_crop.png,2.263707160949707
sun_aneusnumtqoiwsep_crop.png,1.5719070434570312
sun_anfatystkvbbwisj_crop.png,3.8980627059936523
sun_anfenqqnkvzbyiby_crop.png,2.872849464416504
sun_anfmhqhtpssommzx_crop.png,2.255518674850464
sun_angffnbawysxqrcu_crop.png,2.9830713272094727
sun_angvzhbidnxzubxm_crop.png,1.3488401174545288
sun_angztaprunmyibet_crop.png,1.3506848812103271
sun_anhlrgdumkwldqlr_crop.png,5.3152618408203125
sun_anhseipqoimcwykz_crop.png,1.5263166427612305
sun_anibzkzcvoyjvpyp_crop.png,6.298962116241455
sun_anilrtmxyhkfijik_crop.png,2.005655288696289
sun_anjxttlwbnlvxxmt_crop.png,1.4368520975112915
sun_ankpieadnelxvzwf_crop.png,1.4419201612472534
sun_ankqmfvkfakbjogn_crop.png,2.002963066101074
sun_ankquksvpuhjjgjm_crop.png,2.752293586730957
sun_anllripnooczomld_crop.png,2.5512378215789795
sun_anlxonjpwsxqtkbg_crop.png,1.8405609130859375
sun_anlzbviojjbukalk_crop.png,1.421082615852356
sun_anmfgzahfnurhlih_crop.png,1.5638986825942993
sun_anmrwbmvryrtrsji_crop.png,1.2923452854156494
sun_anmxuppwoctcotvi_crop.png,5.30236291885376
sun_anmyawedxexdyiuv_crop.png,1.737795352935791
sun_anmynxfrmqhdjsqk_crop.png,5.800595283508301
sun_annlacsecsogtixq_crop.png,1.6020071506500244
sun_annleqoznrwtdzyv_crop.png,2.130401134490967
sun_annolgpyqkyapyii_crop.png,1.2934331893920898
sun_anntyhvbvtudfiai_crop.png,6.092713356018066
sun_anoevxwudktubwdj_crop.png,3.776228427886963
sun_anolmivuosuubrpe_crop.png,4.688719272613525
sun_anonbpxyrgrsdwiy_crop.png,1.4252463579177856
sun_anorofjqndvviewi_crop.png,3.559062957763672
sun_anowzijwkurybpjf_crop.png,6.6360859870910645
sun_anoxlkbygtpzxvew_crop.png,1.5082499980926514
sun_anpglowwppwmazeq_crop.png,3.3195159435272217
sun_anpyjbrcltsmcmnj_crop.png,6.012375354766846
sun_anqvikfasjffokmx_crop.png,1.8189868927001953
sun_anrjlinwiocruyhk_crop.png,1.3832228183746338
sun_anrqfhmdscxifpze_crop.png,6.43629789352417
sun_anrsgsxkwchimlhw_crop.png,1.7144174575805664
sun_anrzovjvgmqpesvh_crop.png,2.471147298812866
sun_ansuzbctxrywhaoc_crop.png,1.6480274200439453
sun_antwsmsvgvpjrggt_crop.png,1.4846097230911255
sun_anuezgcilfscshft_crop.png,1.5220091342926025
sun_anuocfbudybnkgtg_crop.png,2.8899834156036377
sun_anuvmdrdqvyjjjun_crop.png,1.8587692975997925
sun_anuwdpociubcrnwo_crop.png,1.6784718036651611
sun_anvbkxfrupueulwt_crop.png,1.369032859802246
sun_anviojkoliokdaqj_crop.png,1.4090794324874878
sun_anwejlmhdoviaggk_crop.png,1.4919666051864624
sun_anxhfjsiyqqxktvg_crop.png,1.5691720247268677
sun_anyezyiwzjhodhcu_crop.png,2.349466562271118
sun_anyfpgkugmoczoes_crop.png,6.3994832038879395
sun_anywjukyqeymtoop_crop.png,4.259305000305176
sun_anzbjguxdgpobefx_crop.png,1.2738710641860962
sun_anzfzveujnerudao_crop.png,1.9114350080490112
sun_anzsltscazyqwmfu_crop.png,6.456159591674805
sun_aoaatmszjdqxdyvd_crop.png,6.389045715332031
sun_aoaoyvkvxvircvoh_crop.png,3.07908034324646
sun_aoayxaizysiymfbi_crop.png,1.479933738708496
sun_aobqhzdewpfntusk_crop.png,6.394068717956543
sun_aobtxcfhonocdiap_crop.png,1.481148600578308
sun_aobwzhdbkhjiatbh_crop.png,6.446370601654053
sun_aobxaeioyhkawcuz_crop.png,1.6365724802017212
sun_aobzojzeyotxkmpe_crop.png,6.545438289642334
sun_aocjdavnqujagyuj_crop.png,2.4915924072265625
sun_aocrerwziwqawiyw_crop.png,6.297151565551758
sun_aocslujatbcpnmtu_crop.png,6.027249813079834
sun_aocykqqaeuhnhdtf_crop.png,2.60638427734375
sun_aodhpulxctmbkiaw_crop.png,1.362263560295105
sun_aodzjszmksvzawms_crop.png,3.061169147491455
sun_aoekttxtgubyqqkj_crop.png,2.1732773780822754
sun_aoezxgrtaqrlkgth_crop.png,2.8823306560516357
sun_aoftspscecqkstsv_crop.png,1.5084179639816284
sun_aogdjwjqkdzojffz_crop.png,2.0439555644989014
sun_aogfclxopyvidkjj_crop.png,2.314666509628296
sun_aogfdxxrlxlzuony_crop.png,1.3714306354522705
sun_aohkvzillyxwobig_crop.png,1.648811936378479
sun_aohmbclrzefmeokv_crop.png,1.7323472499847412
sun_aohraidgjkdvkahb_crop.png,1.5021008253097534
sun_aohyshcttpnahvzn_crop.png,1.4510366916656494
sun_aoigujdcxclieogi_crop.png,2.775261640548706
sun_aoitrrpqbhvncixt_crop.png,1.6627649068832397
sun_aojnrgxntgmzbibn_crop.png,3.160752534866333
sun_aokndiuevbwvfvdj_crop.png,4.267192363739014
sun_aokprwxcpsopjrrr_crop.png,1.3816659450531006
sun_aokqlicmjcpdmupe_crop.png,2.131577253341675
sun_aolcsrlldzmanqss_crop.png,1.5206706523895264
sun_aolszpfinyhcekon_crop.png,4.138866901397705
sun_aolvsjfaxfpmcnah_crop.png,1.2572050094604492
sun_aolxzcseeqfnjnmy_crop.png,2.621272563934326
sun_aomdgugbauosfnuw_crop.png,1.486310601234436
sun_aomisxgmimhjboln_crop.png,2.0938100814819336
sun_aonbsorfftjeuufx_crop.png,1.625698208808899
sun_aonhxkxmksvewqlr_crop.png,1.6905678510665894
sun_aoocdeplyhpskwtv_crop.png,6.5139665603637695
sun_aooqchnsfhlnpkmv_crop.png,1.2834786176681519
sun_aoozinnydxwgtkbh_crop.png,1.4038991928100586
sun_aopbrvwiyhcssnch_crop.png,2.7503254413604736
sun_aopziwmaqlmvihfc_crop.png,4.142601490020752
sun_aoqhgkhpppykqmtl_crop.png,1.4753484725952148
sun_aoqsxfzxvbfahtbn_crop.png,1.842607021331787
sun_aoreohelddwowcin_crop.png,6.545363903045654
sun_aorndcsozkljsicf_crop.png,2.7834532260894775
sun_aosrltwydxkvjtaa_crop.png,5.751816749572754
sun_aotcbqxkungjmspm_crop.png,1.278976559638977
sun_aotlenmjixkkowsl_crop.png,1.5804986953735352
sun_aotmgezxxjvdutzy_crop.png,6.2659406661987305
sun_aotquvplzvohzwge_crop.png,1.8798613548278809
sun_aouixwxrvqihfhgs_crop.png,2.7550127506256104
sun_aoumcxqghppwjchf_crop.png,2.0135552883148193
sun_aoumgforqudqfymc_crop.png,2.7862932682037354
sun_aoupytsgulfvtkwo_crop.png,4.637662410736084
sun_aournryqvetfkukb_crop.png,3.4361119270324707
sun_aouzbatltwkgbkjz_crop.png,2.740426778793335
sun_aovaukclleibqbrx_crop.png,2.700544595718384
sun_aovleumwusplcnph_crop.png,6.433460712432861
sun_aowraomdqizkrlpc_crop.png,1.5813987255096436
sun_aowuzhihyufpxmrn_crop.png,6.612447738647461
sun_aowyicudzkvplmff_crop.png,1.4627736806869507
sun_aoxsllohxfctdkrw_crop.png,1.4285637140274048
sun_aoxvmoamyjmvdfwd_crop.png,2.955923557281494
sun_aoycolpphkowbnwo_crop.png,2.764802932739258
sun_aoyifrzyzrepokaf_crop.png,3.5449941158294678
sun_aoyirwikmterytcy_crop.png,3.78483510017395
sun_aoyxvextaeonmyll_crop.png,6.597538948059082
sun_aozufanivkamunfk_crop.png,1.8531841039657593
sun_apagjbbfqndynhgi_crop.png,2.1261258125305176
sun_apazuybjpeuvqyzl_crop.png,1.5571942329406738
sun_apclutakotaszosq_crop.png,1.445346713066101
sun_apclwfhgwdpsdwdg_crop.png,1.6604260206222534
sun_apcycwkrlewobfmy_crop.png,3.935558319091797
sun_apdbcyzwitltnzyz_crop.png,4.594484329223633
sun_apdohrqdikxhoktt_crop.png,1.8297364711761475
sun_apdxoksqpmpghypf_crop.png,1.3400217294692993
sun_apefvvvqcwwzhkmt_crop.png,1.3732424974441528
sun_apeigtvgczyjmtta_crop.png,1.6515744924545288
sun_apewureywfgoleiz_crop.png,1.4850698709487915
sun_apfagbhwyzrpjema_crop.png,1.5306342840194702
sun_apfdksmpjzaykgce_crop.png,6.464152812957764
sun_apfnwcsymntkbqrf_crop.png,6.640211582183838
sun_apgjuapwgvnotoph_crop.png,1.3842356204986572
sun_apgolvtnrlssmvxc_crop.png,4.840384006500244
sun_apgpwpqulgfxcqrz_crop.png,2.576143980026245
sun_aphjjmpfcgpkxrvq_crop.png,6.185571193695068
sun_aphwezpqkplhxsym_crop.png,1.5921289920806885
sun_apiharrkzncghpdz_crop.png,2.465477228164673
sun_apimqvbxmpxvgarm_crop.png,2.8467414379119873
sun_apjfvingpnwedfpr_crop.png,2.6040709018707275
sun_apjlnsqddbgntlqw_crop.png,1.9288644790649414
sun_apjxrjvecqsutajy_crop.png,6.577652931213379
sun_apkasfdstldknelw_crop.png,1.3265089988708496
sun_apkathblcblsmspn_crop.png,1.8254234790802002
sun_apkdsqjzfpplctpg_crop.png,1.96918523311615
sun_apkeqvuqvhipxuur_crop.png,6.593691349029541
sun_apkevgydstxqtuky_crop.png,2.50598406791687
sun_apkhictgeopsiugh_crop.png,1.4980067014694214
sun_apkmjlvcpoautimr_crop.png,1.2867192029953003
sun_apkqbofgcrmwisep_crop.png,3.963606357574463
sun_apkuliufscsruqvf_crop.png,2.094139337539673
sun_apkwsmeiqkyugusm_crop.png,1.3913599252700806
sun_apkyagytekpxaoeq_crop.png,4.251582145690918
sun_aplmdlhudggvdwhq_crop.png,1.3260531425476074
sun_aplqfncwnpkugcxq_crop.png,1.7348960638046265
sun_apneoendixewynft_crop.png,2.1633477210998535
sun_apopqkasbedjlngs_crop.png,4.80729866027832
sun_apotxfvpiusyzruu_crop.png,6.627429485321045
sun_appkffhwngpqbqyn_crop.png,5.800991058349609
sun_apqfpkuwllvojdvn_crop.png,3.988696575164795
sun_apqnwsumqgajvcnx_crop.png,1.439254879951477
sun_apqqbrgryhnwwkho_crop.png,2.0714592933654785
sun_aprhwrjtwebfkcsp_crop.png,5.553921222686768
sun_aprlbkhfidcgczoo_crop.png,2.6997110843658447
sun_aprqqohgqqrihzkc_crop.png,6.462623119354248
sun_aprwqzvosiakcmmq_crop.png,2.3326704502105713
sun_aprywzqxjcezkbch_crop.png,1.6408363580703735
sun_apsafsrfjzzxyudp_crop.png,1.4279812574386597
sun_apseetmihefjctko_crop.png,6.597782611846924
sun_apsotzhspziybbdi_crop.png,1.460869550704956
sun_aptmcnbprikvvuad_crop.png,6.420925140380859
sun_aptrqvaooxfvktvw_crop.png,3.1550629138946533
sun_aptvmrmciicysoyw_crop.png,6.298207759857178
sun_apugefkmqxneabug_crop.png,1.9577399492263794
sun_apuhgadxtejrtcde_crop.png,2.3372437953948975
sun_apumvnycvwtrdlmc_crop.png,1.5056815147399902
sun_apunphspmgcrdszf_crop.png,1.7631914615631104
sun_apunwgjjmfutuzff_crop.png,1.4574193954467773
sun_apvezhujkdvbqfao_crop.png,3.51373553276062
sun_apvmzzkwfayvhqop_crop.png,3.5504894256591797
sun_apvtpjdfgucfbnsd_crop.png,2.6243269443511963
sun_apwiulugqmiatrvf_crop.png,4.202040672302246
sun_apwnjtyfetkjifhl_crop.png,1.4011914730072021
sun_apwqyecjudbhbsmm_crop.png,1.3884350061416626
sun_apwrxtajvdjthbdi_crop.png,2.6172375679016113
sun_apwtcrbomkdjdhqt_crop.png,1.514472246170044
sun_apxhdmbhmgwllujk_crop.png,1.5995534658432007
sun_apxxteehdlruxqjw_crop.png,1.6128275394439697
sun_apymmduvnmoigofx_crop.png,1.3701958656311035
sun_apynckhmoftszqoq_crop.png,1.2222639322280884
sun_apywxiioqbdfnyuy_crop.png,1.8715531826019287
sun_apzggxygclgevoqs_crop.png,1.7541190385818481
sun_apzhvyvljzvahpvh_crop.png,6.422884941101074
sun_aqbdmposqqinukdt_crop.png,1.339600682258606
sun_aqbfaddrljbmsplt_crop.png,2.070136308670044
sun_aqbrllxsdkvunsgl_crop.png,1.4024285078048706
sun_aqccarxtgozyexmy_crop.png,2.017653703689575
sun_aqcjjfmxmajbdrpl_crop.png,1.4498571157455444
sun_aqdgdufzitslxyrd_crop.png,1.3396213054656982
sun_aqeihowlpdprvqfx_crop.png,3.1985578536987305
sun_aqemqtwywupklwqe_crop.png,1.8294025659561157
sun_aqengtehhtetoqlq_crop.png,1.437772274017334
sun_aqewkatjbspfgbnv_crop.png,1.6182937622070312
sun_aqeyhuydzgsewcoz_crop.png,1.4858800172805786
sun_aqezafmogzlbsghg_crop.png,1.7212388515472412
sun_aqfcrqtivzbiesyd_crop.png,2.154024124145508
sun_aqfkmufjxdbrhzeo_crop.png,3.0122203826904297
sun_aqfpcetzpfirylrm_crop.png,6.6000752449035645
sun_aqfsturbsfjnwbsg_crop.png,6.544477939605713
sun_aqgajstecennplvz_crop.png,1.9923923015594482
sun_aqgavrpvznhfbxvc_crop.png,6.198500633239746
sun_aqgcopgqkxfdxadx_crop.png,2.8558835983276367
sun_aqgexrnltdqnqpsi_crop.png,1.3431885242462158
sun_aqgryzhqwubqystm_crop.png,1.4325509071350098
sun_aqiiuxgbwrioenat_crop.png,5.932175636291504
sun_aqjnhwpsgmjhwsco_crop.png,1.4322460889816284
sun_aqjtabgzsaljobyq_crop.png,3.316671848297119
sun_aqkhjagsapfaidyy_crop.png,1.3879776000976562
sun_aqkjiolbtywtaxak_crop.png,2.7320547103881836
sun_aqkuvvxyovwgljht_crop.png,1.630122184753418
sun_aqkzegqxvdgdpomp_crop.png,2.0517830848693848
sun_aqlewuabknarweqa_crop.png,1.5350929498672485
sun_aqleyaydniythjqu_crop.png,1.2942028045654297
sun_aqlfunknsnmrjjdy_crop.png,3.289152145385742
sun_aqlqigrtvsekvebg_crop.png,1.9050365686416626
sun_aqmfgoazeflfvzhg_crop.png,1.6815681457519531
sun_aqmnhhbtwrfooxbw_crop.png,4.657111167907715
sun_aqmrketrrebvwomh_crop.png,2.617156505584717
sun_aqnnuadzlangbbeo_crop.png,1.5684024095535278
sun_aqnwazjaondkjalb_crop.png,1.6749690771102905
sun_aqnzwgysukxgptzn_crop.png,1.3539502620697021
sun_aqogketumcqznmzs_crop.png,1.914270043373108
sun_aqolqzaeomwpdrma_crop.png,1.5999011993408203
sun_aqoohxnqrccqkmrw_crop.png,1.6631094217300415
sun_aqorlaxzrqoixeha_crop.png,2.168043851852417
sun_aqpfljpujcdlmoft_crop.png,1.835770606994629
sun_aqpikccvelbvogjd_crop.png,5.236999988555908
sun_aqpqsloucwbzovuq_crop.png,6.3984856605529785
sun_aqqcbttskkhrsizp_crop.png,1.4131606817245483
sun_aqqeagntikgtirgs_crop.png,1.6466189622879028
sun_aqqemexmeailbcvi_crop.png,5.841766834259033
sun_aqqgthzskkqzfwlt_crop.png,6.392601013183594
sun_aqqofuceoghhjfif_crop.png,1.321245789527893
sun_aqqoustnvpcazazn_crop.png,2.023517370223999
sun_aqqutfrgopgqhqaw_crop.png,5.934777736663818
sun_aqrgqdlvofssatit_crop.png,1.3798385858535767
sun_aqrrfeqaylcbuioh_crop.png,1.7238210439682007
sun_aqrurkrtairpvugl_crop.png,6.485097408294678
sun_aqsiumolohhvazwv_crop.png,1.407802700996399
sun_aqsqgonunzujipwv_crop.png,1.608881950378418
sun_aqtwjctetrfnpwao_crop.png,1.6231253147125244
sun_aquhvbuvcnqhjevh_crop.png,1.530274748802185
sun_aquotikwdgfyecus_crop.png,1.4387012720108032
sun_aquzvivlgsaecohj_crop.png,3.5058412551879883
sun_aqvaraecjcvxpprf_crop.png,6.478541851043701
sun_aqvfovrihyokqdmm_crop.png,3.2162325382232666
sun_aqvhnjmvnuswbitz_crop.png,1.688123106956482
sun_aqvldktdprlskoki_crop.png,1.8641066551208496
sun_aqvpthvhlcdrhemi_crop.png,2.8291022777557373
sun_aqvroiqvxudmlcpy_crop.png,1.8902325630187988
sun_aqwuzuyswxtwdlif_crop.png,1.3787387609481812
sun_aqxtkzqbdlwlhcqj_crop.png,1.9476637840270996
sun_aqyaowcepclfsyhq_crop.png,6.2434306144714355
sun_aqyckkqfuhadjjad_crop.png,4.061124801635742
sun_aqytiseksxuezunr_crop.png,3.8044631481170654
sun_aqytxlpqgdgggfum_crop.png,1.6560441255569458
sun_aqyuhsnqbqncjkha_crop.png,1.7971998453140259
sun_aqyyqhbfyinaxiuf_crop.png,1.3455890417099
sun_aqzujxfzyxthzaut_crop.png,5.782168388366699
sun_arafeuxhokkiexpu_crop.png,1.2240992784500122
sun_araqdmvdflrtcxzr_crop.png,1.827980399131775
sun_araqywvyndchlswi_crop.png,2.0895578861236572
sun_arbgxdwiihydaexy_crop.png,1.3895995616912842
sun_arbxtalccgbolfts_crop.png,1.9755083322525024
sun_arcladlfacwdpscn_crop.png,1.4325414896011353
sun_arcmgruocwflxapb_crop.png,2.6871559619903564
sun_arcvjzhtdvqocpbq_crop.png,1.4022443294525146
sun_ardczdjeutfxllrc_crop.png,1.4190891981124878
sun_arddxtgagmcfpsvm_crop.png,1.5701841115951538
sun_ardfrzufqfatdwqw_crop.png,6.355091094970703
sun_ardxvyshkfeprpqr_crop.png,1.6006624698638916
sun_ardyqbhpwglhclqi_crop.png,1.473587989807129
sun_arejcfmhcfvoathe_crop.png,1.4942865371704102
sun_areklalvchibucgs_crop.png,2.763568162918091
sun_areyvdkepydnktvx_crop.png,6.58274507522583
sun_argtglpwybeupryh_crop.png,1.5127352476119995
sun_arhdzofgcrydruxn_crop.png,1.3590047359466553
sun_arhosibqlrrsgzdf_crop.png,1.613409399986267
sun_arhsuyqmegcknown_crop.png,6.073059558868408
sun_aricwbltlggwttjs_crop.png,1.6145541667938232
sun_arjrsqfytymzaaig_crop.png,2.6135504245758057
sun_arkliqrdotwuomtv_crop.png,2.338714599609375
sun_arkoeugsukzdujlp_crop.png,4.201287746429443
sun_arkpwoalxuufcgnr_crop.png,3.962071180343628
sun_arkqnfqxddjeoygu_crop.png,6.5598835945129395
sun_arkrhaxreyobmoej_crop.png,1.5623939037322998
sun_arkuuhnofvmpaggi_crop.png,1.321711778640747
sun_arkzxnbzypwgwjbv_crop.png,1.4160658121109009
sun_arllmrjljhvexskj_crop.png,1.3987836837768555
sun_armcdmakeeediqfv_crop.png,1.4289140701293945
sun_armdubdwrnqvanjb_crop.png,3.5986340045928955
sun_arnmywefeoxbdptx_crop.png,1.7737325429916382
sun_aroffbydciklmtag_crop.png,1.4402031898498535
sun_aromcwcbssvytzjr_crop.png,1.4599449634552002
sun_aropcroyrdfggrtz_crop.png,2.1266415119171143
sun_arostrfeclmqdszk_crop.png,2.315626621246338
sun_arotwgfgyuobyzwx_crop.png,2.0335588455200195
sun_arphgijlmcqgezfs_crop.png,2.5866119861602783
sun_arpsltbacecrrung_crop.png,1.3619555234909058
sun_arptzpxfsrmldbck_crop.png,1.377038836479187
sun_arqgdanaoioujecm_crop.png,1.527080774307251
sun_arqytzkpngcoiwnk_crop.png,1.4763362407684326
sun_arscubfhzahugepe_crop.png,3.1238207817077637
sun_arsnugcevxhtddoy_crop.png,6.571382999420166
sun_artaijmlasgobgax_crop.png,1.3506044149398804
sun_arthcuwvawkizmbk_crop.png,1.754461407661438
sun_artqtbphljpsxezt_crop.png,1.4079827070236206
sun_arttqqafuctvnhog_crop.png,2.4172182083129883
sun_artvfuvuljrbldkk_crop.png,1.6589398384094238
sun_artvvmyicbjojrao_crop.png,1.7685755491256714
sun_aruigzptzmqdseng_crop.png,1.4089189767837524
sun_arujfrqypophmptj_crop.png,2.424865484237671
sun_aruuuceioerjyxhi_crop.png,1.4521293640136719
sun_aruwnupirfodrxbc_crop.png,1.5257917642593384
sun_arvgcdvzsulunfqt_crop.png,2.567883253097534
sun_arvltmzmdbdtmunl_crop.png,6.590632915496826
sun_arvmoshcvozfjzti_crop.png,2.155043363571167
sun_arwczxpmxdtjylfn_crop.png,6.312780380249023
sun_arwupexisjidbjsj_crop.png,1.9252517223358154
sun_arxvwxwcitautlsx_crop.png,6.502989768981934
sun_arxyfbqfjqesqjkp_crop.png,6.3350677490234375
sun_arynakkxxuoxuxza_crop.png,1.932986855506897
sun_arzfimvznwfbitvo_crop.png,6.05938720703125
sun_arzmequecbmthsfa_crop.png,2.294222593307495
sun_arznzuqbxbeazopk_crop.png,3.372488498687744
sun_arzqgolrrmfeptxe_crop.png,4.054355621337891
sun_arzquhsfycghaleu_crop.png,1.411607027053833
sun_arzwemuhikrgleki_crop.png,1.4051107168197632
sun_arzzoipzotrmguiz_crop.png,1.4820818901062012
sun_asatxpkpcyudrxxu_crop.png,3.886829137802124
sun_asaxmoidfrlpoisc_crop.png,1.729697346687317
sun_asbsupfacykfspsn_crop.png,6.4271159172058105
sun_asdkhphsfkespxnv_crop.png,4.782215595245361
sun_asemkfzrcriwppec_crop.png,4.559423446655273
sun_asfazrpaywevtmdt_crop.png,1.2510040998458862
sun_asfydhkvsqabzdon_crop.png,2.274754047393799
sun_asgaxsszhqyotaoi_crop.png,3.440631151199341
sun_asgdcrttqnbyszzr_crop.png,1.4056339263916016
sun_asgixjtedklbawgm_crop.png,1.416292667388916
sun_asgvhkfbcdxxihwo_crop.png,1.8320420980453491
sun_ashjgsspyetcvpqc_crop.png,6.0217814445495605
sun_ashshcdkqbsefpok_crop.png,1.8181051015853882
sun_ashtwbbqfvraarza_crop.png,1.4193458557128906
sun_asibvlgdfxifvyot_crop.png,1.8796789646148682
sun_asihbucfllgjwnrd_crop.png,6.403197288513184
sun_asiwbehiysbnmack_crop.png,1.5247482061386108
sun_asjbgrbrndrhfdqk_crop.png,1.2753007411956787
sun_asjekjrkafpjmizl_crop.png,1.3536581993103027
sun_asjlddaptxhgowcq_crop.png,1.7120388746261597
sun_asjlicqupakzildb_crop.png,1.8044934272766113
sun_asjqltgedzzxlfjt_crop.png,3.1471197605133057
sun_askdibmuvwxacrcl_crop.png,2.3582046031951904
sun_askztoncwtqialyy_crop.png,1.1885616779327393
sun_aslhriycxxaantso_crop.png,1.3054933547973633
sun_aslosgmmufogvxbl_crop.png,1.3702917098999023
sun_aslpisizkmqugezu_crop.png,1.4782111644744873
sun_aslwhkxmvujdtbbm_crop.png,6.2803635597229
sun_asmnodkfzopjfava_crop.png,1.8062785863876343
sun_asnhdifmjoctcdcm_crop.png,4.803539276123047
sun_asnpboslmywbvuow_crop.png,1.4967461824417114
sun_asnqkkyhilqkxiqm_crop.png,1.3387292623519897
sun_aspfanuyskhayuez_crop.png,1.5267326831817627
sun_aspojfbmwhlaoqps_crop.png,6.178080081939697
sun_asqftgdgvjmireee_crop.png,1.7742807865142822
sun_asqpxkqwlobthaps_crop.png,1.524247407913208
sun_asqvztdbgceapyzn_crop.png,3.7743611335754395
sun_asrgrpssrlpgkgmg_crop.png,1.3947193622589111
sun_asrjaxaxifjplooq_crop.png,1.7606340646743774
sun_asrnkjjthwcofyjv_crop.png,1.768133521080017
sun_asrprkkyofowmtrt_crop.png,2.3045384883880615
sun_asrsfxggcewkhbkh_crop.png,1.3961756229400635
sun_asrxvexzvimvftnq_crop.png,1.3658242225646973
sun_asrzalpgdaufjtnj_crop.png,3.924856185913086
sun_assbrcuvrldvxptz_crop.png,2.8037734031677246
sun_assrninbkswgivhf_crop.png,1.468865156173706
sun_astxkztxdebpwyin_crop.png,1.4926249980926514
sun_asubxpjjntvaymca_crop.png,1.3694102764129639
sun_asusdiwrgagtlyca_crop.png,2.201364755630493
sun_asutjxowljdnlybt_crop.png,6.390937805175781
sun_asuwlxbusbvgbshv_crop.png,2.202054262161255
sun_asviztlddaycedac_crop.png,1.832795262336731
sun_asvufutbgtvaqhoj_crop.png,1.5039061307907104
sun_asvzkstmwbolucer_crop.png,3.2899556159973145
sun_aswhqznvraczgbam_crop.png,1.2640999555587769
sun_aswjzioghpligenv_crop.png,2.7729358673095703
sun_aswxsoqgxunshlbo_crop.png,3.361035108566284
sun_asxixrzaxgsrcgmj_crop.png,6.4147047996521
sun_asxqmtanegbfktgr_crop.png,2.442237377166748
sun_asxxlgfchcyhhjgr_crop.png,6.268464088439941
sun_asyhtqxvvllwgiak_crop.png,2.154057264328003
sun_asyicswfrmmzyijp_crop.png,1.2525843381881714
sun_asyidwmnobuawmax_crop.png,2.183034896850586
sun_asypgrizesowtexx_crop.png,1.6854820251464844
sun_asztivdynryuhopu_crop.png,2.532597780227661
sun_asztoqilfgyxccqu_crop.png,1.26939058303833
sun_aszvatumeupcqnlg_crop.png,1.477414846420288
sun_atbivuchmkkzetpo_crop.png,2.4594919681549072
sun_atbpfdgefsxcsmvh_crop.png,1.5114465951919556
sun_atcpxuiolllpropi_crop.png,1.4529374837875366
sun_atcrotwyfwwlljup_crop.png,2.034069061279297
sun_atdewfhwyhjkrqrj_crop.png,2.157886266708374
sun_atdnqsrvkqtgjvzi_crop.png,1.406834363937378
sun_atdnvzwzkmqinces_crop.png,1.5604652166366577
sun_atexiskohdeanboj_crop.png,2.3233487606048584
sun_atezowpygndxuxmy_crop.png,5.190026760101318
sun_atfeohhwoluvrdyp_crop.png,1.7063478231430054
sun_atgjkyrwtluoguri_crop.png,1.8118221759796143
sun_atgzxbwdrrieqhzk_crop.png,1.355764627456665
sun_athzmqxqlcbwxbrn_crop.png,1.4036591053009033
sun_atiiscmhrcnttlop_crop.png,1.3178027868270874
sun_atjgqzeonfxffxrj_crop.png,1.2303657531738281
sun_atjjljzktpsmvxzu_crop.png,1.4984872341156006
sun_atjtnvokpxpjsads_crop.png,4.845332622528076
sun_atkfxhtawmounmmu_crop.png,1.4235261678695679
sun_atkikmfqucurisnn_crop.png,1.444701075553894
sun_atkubyevljfgrrna_crop.png,2.095102310180664
sun_atlgivgicdkkpvuq_crop.png,2.515183925628662
sun_atljbwrnwzpeftvg_crop.png,1.415091872215271
sun_atlojbdxatjwpavj_crop.png,1.4174411296844482
sun_atlvzwolufjmktqv_crop.png,1.9937679767608643
sun_atmeqmrbsmmxuiir_crop.png,6.539942264556885
sun_atmhjuamkqsofipd_crop.png,1.3937441110610962
sun_atmmytgaeyuoaxse_crop.png,1.404422402381897
sun_atmpytifatyptpdv_crop.png,6.0754899978637695
sun_atmvqukdvuzamykw_crop.png,1.3448489904403687
sun_atnjofsxkwchcazf_crop.png,2.015066623687744
sun_atnppjvkwijhyzwp_crop.png,5.73795223236084
sun_atnyjocqjssbxywe_crop.png,3.5516316890716553
sun_atohvclowaousrfh_crop.png,6.384172439575195
sun_atovpzkbpokcfhrp_crop.png,1.5335410833358765
sun_atpiphjyvuoqlezh_crop.png,1.5209081172943115
sun_atppeerypajcnfgt_crop.png,6.514985084533691
sun_atqqazdnumxxamuo_crop.png,1.5511080026626587
sun_atqyakdayddmrzdi_crop.png,2.356395959854126
sun_atrmcfwybussnhdm_crop.png,1.4512745141983032
sun_atsfwuwzqnufcvzx_crop.png,2.2310593128204346
sun_atsgmzsticnnkqef_crop.png,1.506858229637146
sun_atshglnzunguljeh_crop.png,6.59537410736084
sun_atsmvnjqpzlrsubs_crop.png,2.277411937713623
sun_attfybmngdqnppeu_crop.png,1.2316871881484985
sun_attltdcnluiezuui_crop.png,1.4030683040618896
sun_attucypubtbknbgl_crop.png,1.3929603099822998
sun_atuhoqnikctdamot_crop.png,1.4272637367248535
sun_atuyjjeksbtqkrnb_crop.png,2.7586543560028076
sun_atvabkwxtkmfrgpg_crop.png,1.440521478652954
sun_atvjvojhlynyiovk_crop.png,2.7608492374420166
sun_atvptssfhfcmrtub_crop.png,1.5193434953689575
sun_atwgstvsyukfmpgk_crop.png,1.3002372980117798
sun_atwpjzzharieuvzm_crop.png,2.075161933898926
sun_atwwzvxpghqgrive_crop.png,1.6334874629974365
sun_atxcxgtlxbctphze_crop.png,2.2855634689331055
sun_atxohynphxllkhgq_crop.png,1.355933666229248
sun_atyasoydrjavyfux_crop.png,6.561117649078369
sun_atybcwhfakdbxhlg_crop.png,3.675215005874634
sun_atycqstopexiuhsu_crop.png,1.7951830625534058
sun_atyhjqokikabkszi_crop.png,4.152320861816406
sun_atyiwiggjeovlnss_crop.png,1.5302764177322388
sun_atykvznfbbwdbtpr_crop.png,1.4556607007980347
sun_atysjemtwedqxntp_crop.png,2.5071003437042236
sun_atyyfryekuqvxipc_crop.png,1.4706833362579346
sun_atzibqcbiraezayv_crop.png,1.4229192733764648
sun_atznfxhjiiugbvxi_crop.png,1.328439712524414
sun_atzvtjyanhvprtsv_crop.png,1.4159799814224243
sun_auacvsicjqurvhom_crop.png,1.3764222860336304
sun_auafjgyphzwjbkre_crop.png,1.429383397102356
sun_aualbeefqekxpoue_crop.png,6.515366554260254
sun_auaudwjgfwrrafhv_crop.png,1.4225128889083862
sun_aubipnhwkkiwmnav_crop.png,1.3720028400421143
sun_auckvlhvieluuioe_crop.png,1.3362915515899658
sun_aucojrnxozkllroz_crop.png,1.3562525510787964
sun_aucxledgylowriby_crop.png,1.419212818145752
sun_audevrqxahnvxyrj_crop.png,1.4338940382003784
sun_audisqdytwaajbjk_crop.png,1.391953468322754
sun_audxzgwihokdmuon_crop.png,2.2544960975646973
sun_aueepateblfjdkze_crop.png,2.9880518913269043
sun_auefvberespmsexq_crop.png,2.350613594055176
sun_aueoksosdjqlckgv_crop.png,1.2943118810653687
sun_auetbexeylimoinl_crop.png,2.248133420944214
sun_auetjjgkxmwbuwos_crop.png,1.3702870607376099
sun_aufdvpbsyfromtaq_crop.png,1.450551152229309
sun_aufltyunbkquxrih_crop.png,6.025909423828125
sun_augjbsfiqnqcsbzf_crop.png,2.867140054702759
sun_augsalaajltgmjta_crop.png,1.3927698135375977
sun_auhebrhaujfjuhpm_crop.png,2.6923818588256836
sun_auhjmeahffbicgzd_crop.png,1.545145869255066
sun_auhkjmgiscerzvng_crop.png,1.2690948247909546
sun_auhstpuqokyirdnf_crop.png,1.3617010116577148
sun_auhxycihtbwpiice_crop.png,2.082000970840454
sun_auicostqyfndhwxw_crop.png,3.6989336013793945
sun_auizawvegbpuuwov_crop.png,6.583033561706543
sun_aujawthtalmusmrn_crop.png,4.386149883270264
sun_aujcqcgupgfqeuqa_crop.png,6.329718589782715
sun_aujnfaqihvhxnmlm_crop.png,5.243193626403809
sun_aulcryfntqyxilwj_crop.png,3.1611380577087402
sun_aumcjogqstlttpej_crop.png,5.09742546081543
sun_aumctngtcsbuvirh_crop.png,1.4795351028442383
sun_aumlnyxcyqytxrcm_crop.png,1.284382939338684
sun_aummkrouaigwkmub_crop.png,1.4538418054580688
sun_aumpqjjprhxsukir_crop.png,1.5655245780944824
sun_aunguvnvkdltcawb_crop.png,6.490109443664551
sun_aunmtltahwcwdlqz_crop.png,1.395797610282898
sun_aupxhxxmwwteevyg_crop.png,1.6107145547866821
sun_auqolvrkszcwtshm_crop.png,3.6975905895233154
sun_auqrynwyohgpfikp_crop.png,1.4116435050964355
sun_auqykplyynyhxcas_crop.png,3.282068967819214
sun_auqzyxwkytvxxcqm_crop.png,2.600898027420044
sun_auszbcukuyfhgynv_crop.png,1.516324758529663
sun_autejhxoikukvzjo_crop.png,1.3311207294464111
sun_authjgqpwramgprs_crop.png,1.5307559967041016
sun_autxdezucuktjnyi_crop.png,4.542107582092285
sun_auutoimvxiywkurh_crop.png,1.4955755472183228
sun_auvbqsesjcdiljch_crop.png,1.3220760822296143
sun_auvlulvisgpeeynj_crop.png,2.492494821548462
sun_auvnytzocxfyqbjq_crop.png,1.5069109201431274
sun_auvsfjeusvjdmfqc_crop.png,1.4365941286087036
sun_auwfkswrpuoxtfnt_crop.png,1.372741937637329
sun_auwghripdoxzluuk_crop.png,1.420711636543274
sun_auwoabfdyioloajq_crop.png,1.2973798513412476
sun_auwvjkrxijmjfzvy_crop.png,1.3933225870132446
sun_auwyftdntbmbdtkl_crop.png,1.4900333881378174
sun_auxdfhnfjjtvtfbz_crop.png,1.396226167678833
sun_auxduddoactpezgm_crop.png,3.141554594039917
sun_auxfrayibjkplhfy_crop.png,1.4082698822021484
sun_auxibjrgylomwwhl_crop.png,2.1738767623901367
sun_auxjtairrhrxpnvw_crop.png,1.5030381679534912
sun_auxmasnxfejmtbxf_crop.png,2.2899363040924072
sun_auxoitgwrmyusvse_crop.png,1.6330764293670654
sun_auxqsnnqiamgsbqe_crop.png,1.352596402168274
sun_auxshihjxsqnfqbv_crop.png,6.579163074493408
sun_auxuzfbyrcyqkcxa_crop.png,1.3874880075454712
sun_auxwdiqvvuhuxwih_crop.png,1.4591151475906372
sun_auyawxqigfkfzqic_crop.png,6.624189853668213
sun_auyopsadzyoacvfu_crop.png,1.429783582687378
sun_auywjwqsitnzurig_crop.png,1.3868151903152466
sun_auyxrrfkcumlppcz_crop.png,2.328826665878296
sun_auzakjakrpejwesj_crop.png,4.08236837387085
sun_auzfdpujzturphgq_crop.png,1.622014045715332
sun_auzwhookgjmsmnrs_crop.png,1.492793083190918
sun_auzzrfvsvotayjkv_crop.png,1.4530539512634277
sun_avaeiymnvtrbdcob_crop.png,3.174651861190796
sun_avauwsvpzzujahyj_crop.png,4.914786338806152
sun_avbbetoeixwgbcfb_crop.png,1.4717907905578613
sun_avbthoqreldjpsco_crop.png,2.2615597248077393
sun_avbtvnmrolpryizy_crop.png,1.4633374214172363
sun_avcitswngibrxkkk_crop.png,6.397664546966553
sun_avcugnnsjhdrfsbc_crop.png,1.6871464252471924
sun_avddlotlpxnmftsc_crop.png,1.5673454999923706
sun_avdqdmjebyjbbisv_crop.png,3.44925594329834
sun_aveviqphrvmhusav_crop.png,1.8420593738555908
sun_avevqdopzlqfpeyz_crop.png,2.1460509300231934
sun_avfudpctbmrfnrqv_crop.png,2.5404982566833496
sun_avgzowvnelhahjdc_crop.png,1.2766002416610718
sun_avhyrilnnraaehjr_crop.png,1.2368956804275513
sun_avihfaxshrcyhhnw_crop.png,2.00807523727417
sun_avjdqpkzkypczeii_crop.png,2.543773889541626
sun_avjkliqgjcmyzmgo_crop.png,1.408004879951477
sun_avjskkqkshhkmhsy_crop.png,1.3796625137329102
sun_avkzyopiwrdyqmkv_crop.png,5.951611042022705
sun_avltrovkcrwaaaio_crop.png,5.085395812988281
sun_avmotylahuwnyzha_crop.png,2.333296775817871
sun_avmrarrdpanarvdv_crop.png,1.8495137691497803
sun_avmrwfwgrriymqxz_crop.png,1.5735379457473755
sun_avnkmtvvzgltezto_crop.png,1.4215985536575317
sun_avnwlcjunkwkuomy_crop.png,2.263707160949707
sun_avnxoiyywduqghnd_crop.png,1.5148001909255981
sun_avomezttmpftmjst_crop.png,1.396385669708252
sun_avqdwprzuldnyjlx_crop.png,1.3523573875427246
sun_avrlrkpojuizmrqe_crop.png,2.0262768268585205
sun_avrmuluyatvyogcg_crop.png,5.640727996826172
sun_avrvgyanyrtbcaiy_crop.png,2.283353567123413
sun_avsdkmlfmltkbclz_crop.png,1.8242186307907104
sun_avtboxaemfztmzwo_crop.png,1.8615660667419434
sun_avtjnppqktjqhxkm_crop.png,3.3921947479248047
sun_avtprdrihxhgackd_crop.png,6.411849498748779
sun_avufptcdvxppvvsv_crop.png,2.4643421173095703
sun_avugjhxcklppsxoy_crop.png,1.3586519956588745
sun_avurnkxholnrpyvy_crop.png,1.4650987386703491
sun_avvdrjnpymgddjhx_crop.png,3.324615716934204
sun_avvzajbehfbhnlpt_crop.png,3.2415077686309814
sun_avwenxrdoyocdspq_crop.png,2.8457133769989014
sun_avwnqiqieywcuhhq_crop.png,2.8128280639648438
sun_avwrgsvvirvhnqom_crop.png,1.3838696479797363
sun_avwsffoutzkqkinu_crop.png,1.4277629852294922
sun_avwtjdwtiqjfmpgu_crop.png,3.989095449447632
sun_avwvrmatssudvtst_crop.png,4.2004570960998535
sun_avxtlbvdlttjzlex_crop.png,2.854907274246216
sun_avyuehgyvxwxercm_crop.png,2.719682455062866
sun_avyzsbjelxhawjgi_crop.png,1.4098408222198486
sun_avzdbzqhuqsqqaqs_crop.png,4.090831279754639
sun_avzkilhjhvpvpkuk_crop.png,3.3402085304260254
sun_avzuhltgqeslxejn_crop.png,2.484376907348633
sun_avzuidnmnzrdqjbu_crop.png,1.6046591997146606
sun_awasihqxxzbdzcry_crop.png,1.9661853313446045
sun_awblohobvejbazmi_crop.png,4.869104862213135
sun_awcpryajaazjjgfq_crop.png,3.836324453353882
sun_awcujmqkhwsgmrma_crop.png,6.269893646240234
sun_awecwzbjjhgnzwnh_crop.png,2.9763031005859375
sun_aweoztuheglqxpoe_crop.png,6.599038600921631
sun_awfqvsqstlvpdgwq_crop.png,6.436116695404053
sun_awfrxjbmsyfggekc_crop.png,2.103158950805664
sun_awfudshjnoweyizc_crop.png,1.7231311798095703
sun_awgdaeuzimwxnitg_crop.png,3.8672866821289062
sun_awgnrnhjnrtgnvgc_crop.png,1.8335522413253784
sun_awhpyisrdzasbher_crop.png,1.5901468992233276
sun_awhwhxkwksnboqbu_crop.png,6.081595420837402
sun_awifyqzzubihkywf_crop.png,6.4805779457092285
sun_awjdlxndlxowgbpi_crop.png,2.008566379547119
sun_awjgnxvwjqaykdvu_crop.png,2.0703766345977783
sun_awjhxdreiqezsjne_crop.png,1.2962135076522827
sun_awjnichhcaunlnrz_crop.png,3.7599546909332275
sun_awkaijyadavkirne_crop.png,1.4583646059036255
sun_awkfdodvwaaleezx_crop.png,1.4542847871780396
sun_awkmvwxigjgzbzpz_crop.png,1.4796593189239502
sun_awkpjormpbnjjajl_crop.png,2.982149839401245
sun_awkuxmfwrhjbakbe_crop.png,1.5207250118255615
sun_awlsriwncvxcqtzm_crop.png,2.4270541667938232
sun_awmkdipuahwyzdhh_crop.png,1.6559796333312988
sun_awmmfeerjlxarspp_crop.png,1.4881178140640259
sun_awndmpcjznlkckzt_crop.png,4.60936164855957
sun_awnfinvmqpapuqos_crop.png,1.4088858366012573
sun_awnvqkvpyqgkmtcm_crop.png,1.384164571762085
sun_awnxzwheuafngheq_crop.png,1.3781483173370361
sun_awoiicmscdzbhxkz_crop.png,3.139054536819458
sun_awomyvfomkywkvqa_crop.png,1.6598056554794312
sun_awoupyuuhlxilmta_crop.png,6.179954528808594
sun_awpvmiamsavqxicg_crop.png,1.5502009391784668
sun_awqtvmhtmjcywgkc_crop.png,2.5758635997772217
sun_awrekxtqflndfckw_crop.png,5.149734973907471
sun_awrjaixmadzfdmbw_crop.png,1.4299085140228271
sun_awrmlajqqzidrdxb_crop.png,6.549289703369141
sun_awrtormeyyxwxxmb_crop.png,1.229871153831482
sun_awshtorshtslxqxh_crop.png,1.4219082593917847
sun_awsiovzjnclaqhsh_crop.png,1.3603688478469849
sun_awskptrfuzjyjwes_crop.png,2.9524941444396973
sun_awsoaegkvjchwyvq_crop.png,2.715589761734009
sun_awthnvyoqktdrigv_crop.png,2.601264476776123
sun_awtjyrzndelvrurf_crop.png,1.9411026239395142
sun_awuhwjuvzbglwkdx_crop.png,2.0428855419158936
sun_awupcwjeddlsiqlh_crop.png,1.7376481294631958
sun_awvguitcabbapsnb_crop.png,2.0204131603240967
sun_awvhagtmiljyvydm_crop.png,1.9690099954605103
sun_awvnfkwvqqzdmxgs_crop.png,2.197354793548584
sun_awvpdgvtzqdukkgl_crop.png,2.0907905101776123
sun_awwpcaqlbfkocgdc_crop.png,1.5033507347106934
sun_awxdpqkkxgmujueu_crop.png,6.384040832519531
sun_awxqhuztntemfjur_crop.png,1.3461812734603882
sun_awympcgnjpcteoti_crop.png,3.099130392074585
sun_awytzgfrmzstphcz_crop.png,2.7869935035705566
sun_awziqtqvuwhdeqgl_crop.png,3.226074457168579
sun_awzqnkhqvftwadbj_crop.png,1.415408968925476
sun_awzqzscvlrxsktlh_crop.png,1.6861125230789185
sun_awzypjwcihzhfeza_crop.png,6.60411262512207
sun_axarcshsnqsefemx_crop.png,1.346481204032898
sun_axawjeyvzxxruint_crop.png,1.448803424835205
sun_axbafdkckhtnztzm_crop.png,6.591536998748779
sun_axbhsgioptxzrzvy_crop.png,2.244927167892456
sun_axbttwhmwtgwoaqr_crop.png,1.3594385385513306
sun_axcbogyofpshqlst_crop.png,5.189314365386963
sun_axchogpzyzyvhiqg_crop.png,1.370274305343628
sun_axcjrrwdxngxltgu_crop.png,2.02264142036438
sun_axcsuigolmbmsbqs_crop.png,1.4665915966033936
sun_axctpftepdlenuoo_crop.png,6.311031818389893
sun_axdjnhjwqqxajaws_crop.png,1.5452759265899658
sun_axdrpmtfwsncbewy_crop.png,1.3595725297927856
sun_axdytypgqeudktof_crop.png,5.57305908203125
sun_axfkfpuyljehbbry_crop.png,1.692400574684143
sun_axfkuerbzppfzvue_crop.png,1.3484337329864502
sun_axftbpasnkrpiacj_crop.png,5.457055568695068
sun_axftyltjljtworuj_crop.png,6.346587657928467
sun_axgmroepzgpmxrgk_crop.png,1.524129033088684
sun_axgzfeddlfyqmxdz_crop.png,3.0120959281921387
sun_axhynwqhigxsyorp_crop.png,3.933640480041504
sun_axibmmfxjecsudrp_crop.png,6.48502254486084
sun_axijaqujmnldtmex_crop.png,1.453861951828003
sun_axilthfagrfebkmp_crop.png,1.2997291088104248
sun_axinksamqqkuscfi_crop.png,1.3374048471450806
sun_axjdiyzbxfqskfwu_crop.png,1.6401617527008057
sun_axjgzewsaegzcvlm_crop.png,1.4801918268203735
sun_axjlvqkyqahstpwg_crop.png,1.4935005903244019
sun_axkbfhmkopqemnsq_crop.png,4.608182907104492
sun_axldphlqdnlehida_crop.png,1.5246795415878296
sun_axlipevdhkkhijds_crop.png,5.475107192993164
sun_axmeufyrptihxqbn_crop.png,1.5082502365112305
sun_axmysyfiytfcvfqn_crop.png,1.622612476348877
sun_axnbluncjbawbkgg_crop.png,4.583348751068115
sun_axnhtemaabulxhmb_crop.png,1.3080041408538818
sun_axnlvrijqiypsxsn_crop.png,1.6060024499893188
sun_axnnefmnlsparfyl_crop.png,2.814007520675659
sun_axnpxuojbnbxzddn_crop.png,1.562914490699768
sun_axoqceqkprxyousi_crop.png,2.55045223236084
sun_axordszsykjebvpx_crop.png,2.457806348800659
sun_axouleovaunnvjjz_crop.png,1.8068324327468872
sun_axptnwhdisbeobzo_crop.png,1.7995647192001343
sun_axqnrhfdckkaiytm_crop.png,1.5702186822891235
sun_axqrvtuvrtkaxfjm_crop.png,2.982419490814209
sun_axsnspwkcyiatrlu_crop.png,2.253361701965332
sun_axtfhcskgmhzmpyx_crop.png,1.3817957639694214
sun_axucrdtlogkkfkhp_crop.png,2.7295594215393066
sun_axulqcgeyuwcswpg_crop.png,1.7125707864761353
sun_axulqhaqjtnkglsk_crop.png,4.446267604827881
sun_axvqetbztdgjutem_crop.png,2.720698833465576
sun_axvvlguqflttovem_crop.png,1.2413132190704346
sun_axwvhjwlkpodwmcl_crop.png,1.2779370546340942
sun_axwxdvlaxyxesfvx_crop.png,1.3278263807296753
sun_axxblgkcligmylkx_crop.png,1.872152328491211
sun_axxsjtmlypdpojog_crop.png,1.4138883352279663
sun_axyaboatikecrzwz_crop.png,6.561875820159912
sun_axyjdoqqqjcvkmdk_crop.png,6.574591636657715
sun_axynfbmbehmldgyj_crop.png,1.405321478843689
sun_axyungxcivupuloh_crop.png,1.3543347120285034
sun_ayapwpssjeemastl_crop.png,1.7288806438446045
sun_aybfgkmrjfjypjyz_crop.png,5.966411590576172
sun_aydwuarmgzkwvsvs_crop.png,1.6719651222229004
sun_ayegqootbjntywok_crop.png,1.54997980594635
sun_ayegylhvqnwvvgxf_crop.png,2.131230354309082
sun_ayesqjxabtopfarh_crop.png,1.4491384029388428
sun_ayevdsxpcttexfzt_crop.png,1.4282504320144653
sun_ayfkezfkmnniudqk_crop.png,6.326476097106934
sun_ayfkygwkvnjkixap_crop.png,1.3118131160736084
sun_ayfnbabfkqzktcbd_crop.png,1.9349355697631836
sun_ayfxrgkfvqdtwwvm_crop.png,1.4366041421890259
sun_ayfxtgpuymdnbcsa_crop.png,1.446519374847412
sun_ayfxupxvzafxpdtx_crop.png,1.3347282409667969
sun_aygnzimhpxyajdco_crop.png,5.783686637878418
sun_ayhnqyijvttvmkgv_crop.png,6.634310722351074
sun_ayilnywhfmkwgwux_crop.png,1.3372153043746948
sun_ayizqeiakoltymuc_crop.png,4.124453067779541
sun_ayjbewhhjzxrnqof_crop.png,6.47979211807251
sun_ayjbyrjyzyadrzwc_crop.png,2.686779737472534
sun_ayjcygfnozskpgny_crop.png,1.3937630653381348
sun_ayjkfajqrwawjqrc_crop.png,1.6527830362319946
sun_ayjxwhhbifkuucvq_crop.png,1.478846549987793
sun_aykiedmkgraptown_crop.png,1.9265459775924683
sun_ayllduzihsmfnzza_crop.png,1.486657738685608
sun_ayloaaieqhhumvbn_crop.png,1.9621937274932861
sun_aylpvxxlmocwzfon_crop.png,1.4649075269699097
sun_aylqfuwcpghznegx_crop.png,2.0855140686035156
sun_aylrqfxryvopweog_crop.png,1.5380291938781738
sun_ayltiiqsoageffil_crop.png,1.850534200668335
sun_aylzawaddzxlhuwh_crop.png,1.5177417993545532
sun_aynamrqjlvhdjhec_crop.png,1.4761008024215698
sun_ayncdmkodpmoufhg_crop.png,3.146566867828369
sun_ayoirgsmgenoyfwd_crop.png,4.914968490600586
sun_ayopvdtvsfcfdqds_crop.png,6.402827262878418
sun_ayoxifldragxmtbu_crop.png,2.88093638420105
sun_aypdxwyzgnydskbk_crop.png,1.4573744535446167
sun_aypzejealkrzrqxx_crop.png,6.444446086883545
sun_ayqqxxckvvubumak_crop.png,6.58103609085083
sun_ayrnfdurutsmimrx_crop.png,1.3921592235565186
sun_ayrqougdjcjzpoll_crop.png,2.510667324066162
sun_aysikcqbsgxawfwc_crop.png,1.4901310205459595
sun_aytnrfitytfeilzn_crop.png,1.64462149143219
sun_aytyjpljymstrrzb_crop.png,1.7929073572158813
sun_ayucbgapqogfuewo_crop.png,1.2222546339035034
sun_ayudzouhqovinjbk_crop.png,1.6009644269943237
sun_ayuekmofvolqejkm_crop.png,1.5142194032669067
sun_ayuxoghlktrqpwto_crop.png,6.569803714752197
sun_ayvaabyqvqxsunoq_crop.png,6.5309576988220215
sun_ayvaqboleefraehy_crop.png,1.320157766342163
sun_ayvhvgfybfbnqvza_crop.png,1.6811563968658447
sun_ayvhzywbudlzvqlk_crop.png,3.844142436981201
sun_ayvjppkciavpdbhs_crop.png,5.397909164428711
sun_ayvqosroxbxnjhkx_crop.png,1.4686448574066162
sun_aywsfgqrvzgfcert_crop.png,1.4007644653320312
sun_aywusgbrbqbadkce_crop.png,1.4346253871917725
sun_ayyinnoubjlehosy_crop.png,2.454024076461792
sun_ayyvmiocpgbwlgot_crop.png,2.986414670944214
sun_ayyvvjvrjfgwaznf_crop.png,3.934394121170044
sun_ayzbohufbfsmzzye_crop.png,1.4184465408325195
sun_ayziwbrwhhpxaydu_crop.png,1.2583483457565308
sun_ayzmdgzhstzxhndn_crop.png,2.405151844024658
sun_ayzovfzlyxtdecxh_crop.png,1.6828010082244873
sun_azaxqrflcdbpgpln_crop.png,1.3711069822311401
sun_azclxvugrhpdwxna_crop.png,6.588349342346191
sun_azdffhsusnodxcuu_crop.png,2.34560489654541
sun_azeewsnderjyhqqr_crop.png,1.5240808725357056
sun_azerdpdxzsqwhxdn_crop.png,2.8328847885131836
sun_azezkxsobxtsljnh_crop.png,1.7148184776306152
sun_azfkzmzmzndiskyb_crop.png,2.575336217880249
sun_azfoxsjzfwmepbht_crop.png,6.553376197814941
sun_azgjnhhoevgghvut_crop.png,5.838160991668701
sun_azhaadgbytlosaat_crop.png,5.356040000915527
sun_azhsrminswzzntby_crop.png,2.598806858062744
sun_azhtbynvkjoasdlm_crop.png,1.3666353225708008
sun_azhymcpjxzzvsutx_crop.png,2.9625284671783447
sun_azicbryocggfsiyt_crop.png,3.3038206100463867
sun_azirpzgykhrkmqzz_crop.png,2.1023802757263184
sun_aziwnxiarenpwqou_crop.png,2.3869032859802246
sun_azjnlffijawrtmbz_crop.png,6.628003120422363
sun_azjrelldtdryneyx_crop.png,1.9450865983963013
sun_azjyttceruresuko_crop.png,1.2397840023040771
sun_azkkwrjfndakvxxk_crop.png,4.414085388183594
sun_azkzfuduvrlkfklp_crop.png,2.6393039226531982
sun_azmctncekrqydlxc_crop.png,6.632415294647217
sun_azmhkzevoymyrnnw_crop.png,3.1330041885375977
sun_azmnsxrpcylcebsm_crop.png,6.406039714813232
sun_azmpqaaqfzacyalx_crop.png,3.229702949523926
sun_azmstoyzslgczgvt_crop.png,2.1412549018859863
sun_azmtisgldnjkuegb_crop.png,6.450197219848633
sun_aznwgtbagcohgzcf_crop.png,1.3915183544158936
sun_azodmqljxlyjruoh_crop.png,6.583939075469971
sun_azonbawtwiivreln_crop.png,1.4291009902954102
sun_azoztrocspdvuxab_crop.png,1.944750189781189
sun_azpjluklwjeipgvc_crop.png,1.4006468057632446
sun_azpjxqmxeuxuvpxa_crop.png,2.2533161640167236
sun_azpqyaoesrdchzxm_crop.png,2.8809568881988525
sun_azrskcysyhsfjlyj_crop.png,1.854654312133789
sun_azrwnspaymvtdhau_crop.png,6.413711071014404
sun_azsbynrhslyqkllw_crop.png,1.3802627325057983
sun_azsjtyipybgzghth_crop.png,1.2473857402801514
sun_azslevzhkudjrlhm_crop.png,1.500367522239685
sun_azsodalnmbonqiga_crop.png,1.9344514608383179
sun_aztcbuafhsurmtpt_crop.png,1.5911811590194702
sun_aztxfwxatxbfwmcv_crop.png,1.4228169918060303
sun_aztzscdgstnstatr_crop.png,3.126797676086426
sun_azvznhtntkwhhvmf_crop.png,2.085937023162842
sun_azwjpwvwmseezbzf_crop.png,1.620727777481079
sun_azwotyzddhrmvfsc_crop.png,1.4491268396377563
sun_azwztgozzsyhaexv_crop.png,4.057979106903076
sun_azxdooiyjbjkwnit_crop.png,6.586754322052002
sun_azxkywgszfnefvfv_crop.png,1.5832256078720093
sun_azxnnlkgdkqpqvll_crop.png,1.4268882274627686
sun_azxubsqvphflkrru_crop.png,6.53255558013916
sun_azygccampvagkgsw_crop.png,3.395217180252075
sun_azygdhuijrbfollv_crop.png,6.525803565979004
sun_azyxxwveybsehnlh_crop.png,1.5047515630722046
sun_azzfxynzfaezuupp_crop.png,1.3836543560028076
sun_azzsdmycmvnftcrh_crop.png,1.2348246574401855
sun_baaiyyqorxbkepxr_crop.png,1.746525526046753
sun_baewcdjenprecvoc_crop.png,2.4358901977539062
sun_bafdrgvvhkarrjfw_crop.png,3.621757745742798
sun_bagvwgntclshghai_crop.png,2.0117428302764893
sun_baiqbxiwgpekxqsm_crop.png,4.795767307281494
sun_bakfqruqckefvelj_crop.png,3.3966822624206543
sun_bakiqehuznwgncld_crop.png,1.3343932628631592
sun_balpfldwebevhqxz_crop.png,5.053235054016113
sun_bamsawezjxpghdzr_crop.png,4.078783988952637
sun_bangbuylfvckqqoo_crop.png,1.4735032320022583
sun_bangxwznfqpugceb_crop.png,6.607320785522461
sun_banvbkentoawqquo_crop.png,2.9240663051605225
sun_baoplqapkfcogulx_crop.png,4.00458288192749
sun_baqnukrgycqktawo_crop.png,6.216274738311768
sun_baqxnlpimoizpajr_crop.png,6.62907600402832
sun_basdiwfpfnlomcsw_crop.png,2.933077812194824
sun_basggtqnjshcjvse_crop.png,5.353538990020752
sun_baurzltrbxfksuhz_crop.png,4.337021827697754
sun_bauyiebaxrznpiig_crop.png,3.7056031227111816
sun_bavdcdivtkklgbzb_crop.png,1.4150686264038086
sun_bawayyqpzkeynmwu_crop.png,3.1689565181732178
sun_baxeuskzkmyqrcmr_crop.png,1.432426929473877
sun_baxolwxwkdgpnhjd_crop.png,3.3707799911499023
sun_baxzqlnjxywvpffi_crop.png,1.3172534704208374
sun_baynwzcpcmxevtkd_crop.png,1.5303514003753662
sun_bazelllugwpcpbzp_crop.png,2.7558953762054443
sun_bazpkbhwqgsxyckh_crop.png,2.409158945083618
sun_bbatdneqajmgwaiq_crop.png,5.483763217926025
sun_bbdrfgasootvkdfs_crop.png,2.0672175884246826
sun_bbdxswihrpikrpzd_crop.png,6.559885025024414
sun_bbeoaboxeswrvdkw_crop.png,5.443783760070801
sun_bbfrrkrudwbrphdo_crop.png,4.017462253570557
sun_bbhmknnnodkmroem_crop.png,5.136363506317139
sun_bbjmmylultziljdn_crop.png,6.558945655822754
sun_bbkoxaxqfpusfoee_crop.png,2.163700819015503
sun_bbksirscbrssqoft_crop.png,1.4241458177566528
sun_bbleaylztarsqofu_crop.png,1.963481068611145
sun_bbnsmptqfaivdfic_crop.png,1.6099289655685425
sun_bbqywqrlzznopruz_crop.png,6.622796058654785
sun_bbsdhludlztrcaxa_crop.png,1.6316864490509033
sun_bbvzlbmprnqfenpe_crop.png,3.1879384517669678
sun_bbxargvmqopkeots_crop.png,3.732105255126953
sun_bbybmfbnmlztrjpm_crop.png,1.7195361852645874
sun_bbygqfgtevczqhwa_crop.png,2.7442991733551025
sun_bbyprxmbybbjazgb_crop.png,1.4039725065231323
sun_bbywhspnfsgdnede_crop.png,1.499472975730896
sun_bbzuxnnvkvioszdo_crop.png,5.505205154418945
sun_bcavhhupdxjortha_crop.png,6.5435380935668945
sun_bcbxipjytxprkfde_crop.png,3.8328866958618164
sun_bcctyztqmvdkccfv_crop.png,1.8528375625610352
sun_bcebhcwjetrpvgsz_crop.png,2.3037354946136475
sun_bceioanxihslxqfq_crop.png,3.1420416831970215
sun_bcfxrpbnhguxbodz_crop.png,1.9782894849777222
sun_bcgozzgwrnnppzif_crop.png,1.527929425239563
sun_bchbeqwhrrpksoeh_crop.png,6.176913261413574
sun_bclywbvrtaengfnl_crop.png,5.998967170715332
sun_bcmaxqaafldasjul_crop.png,1.9067836999893188
sun_bcntdvrekuefqbjf_crop.png,5.069027900695801
sun_bcnzssrpldjffsem_crop.png,2.9824774265289307
sun_bcqjcrtydolfnxqd_crop.png,3.927446126937866
sun_bcshnsgoajjljkem_crop.png,4.291460037231445
sun_bctdtcqciqgupefg_crop.png,2.1189892292022705
sun_bcufqfnqffyvxuqc_crop.png,1.4176700115203857
sun_bcvefcfdwdlxajhc_crop.png,1.4497383832931519
sun_bcvwyvmarqeucqpm_crop.png,6.623745441436768
sun_bczlghklashruozj_crop.png,1.2989459037780762
sun_bdcusrerahjzqmhk_crop.png,4.09636926651001
sun_bdeyhgracifsswoo_crop.png,2.07889986038208
sun_bdlsavfxcjkctdfu_crop.png,1.648540735244751
sun_bdqxlehbbaoohtry_crop.png,2.0196290016174316
sun_bdsgpbceoomdibba_crop.png,4.499814510345459
sun_bdubzegaqwgnrwne_crop.png,3.6679654121398926
sun_bdwlqmlxitrowbny_crop.png,1.7711093425750732
sun_beadmuesqufegjxa_crop.png,5.304376125335693
sun_bebtaahxpldhjrna_crop.png,1.9909154176712036
sun_beexbfdbxpkrrayh_crop.png,1.405691385269165
sun_bejyseuksiozrxjl_crop.png,2.4606194496154785
sun_belehldfgydgenba_crop.png,1.8190563917160034
sun_belyptkhzgrzuzxc_crop.png,6.222865581512451
sun_bempidyswxgbllws_crop.png,1.5942788124084473
sun_benwfmwuwnhlxqht_crop.png,1.4981601238250732
sun_bepqaxgtssrgttvn_crop.png,6.286398887634277
sun_besjwkzdczpfmxgd_crop.png,6.432175159454346
sun_beunksruyojeuqtn_crop.png,6.525724411010742
sun_beygdygrmclfpxak_crop.png,4.953265190124512
sun_bezoguozwuvllpdu_crop.png,6.630789756774902
sun_bfaarunkemdspfmp_crop.png,1.5834752321243286
sun_bfbxrbjyyhqwbome_crop.png,6.611438274383545
sun_bfdicykxalgviezn_crop.png,1.3517918586730957
sun_bfdtqifooibqrenz_crop.png,2.0677008628845215
sun_bffiwmkezkvpjwum_crop.png,1.9205702543258667
sun_bfgggholszzjwjwp_crop.png,4.992435455322266
sun_bfkhtgrzyukbjftb_crop.png,6.622634410858154
sun_bfprngfglhcfecqf_crop.png,2.8353445529937744
sun_bfqlinmmhuqzmbnk_crop.png,2.531362533569336
sun_bfrrzjwrzpomgrku_crop.png,1.4335113763809204
sun_bftnlfqpfyembqbf_crop.png,6.471435546875
sun_bfufeysqtftjmfuy_crop.png,1.4885152578353882
sun_bfurigkinamjktcr_crop.png,4.772723197937012
sun_bfuwbgnsusxayozm_crop.png,6.613168239593506
sun_bfvphjptwssbrcyg_crop.png,3.40229868888855
sun_bfyixjhbdxgtvbml_crop.png,3.4041433334350586
sun_bgedgnkwzimvoirl_crop.png,1.3774421215057373
sun_bghqbfiiriwmhxfo_crop.png,2.540024518966675
sun_bgnchukkxztdlahk_crop.png,3.7948155403137207
sun_bgqzmhpododgnvsn_crop.png,1.889935851097107
sun_bgrhmmbopmsvdgsp_crop.png,3.1986143589019775
sun_bgrtryemtmgxgbxl_crop.png,6.622591495513916
sun_bgrvwhpqdikqrokh_crop.png,4.321981906890869
sun_bgueciiegzpmgzss_crop.png,2.294689893722534
sun_bgzlchzecrkjzgwv_crop.png,1.557929515838623
sun_bgzmicvybezxcsfn_crop.png,4.631209850311279
sun_bhaknlgftjqgkcae_crop.png,3.6346282958984375
sun_bhbfpamhmtvglufn_crop.png,1.3226476907730103
sun_bhghjcneoesrmxlt_crop.png,1.321496844291687
sun_bhghncrqaqrssufx_crop.png,3.2142603397369385
sun_bhjpeyttwqdypvtt_crop.png,1.6649056673049927
sun_bhjxjxojnuahbubh_crop.png,6.501476287841797
sun_bhkiqoqoqxgaakiy_crop.png,6.432956695556641
sun_bhmjiocizjmnwnyy_crop.png,2.344118356704712
sun_bhrpbtonejsqfzhg_crop.png,2.3776023387908936
sun_bhryhmcvxtndtdgj_crop.png,1.5634033679962158
sun_bhvdcsumgmncffse_crop.png,3.7936744689941406
sun_bhwjkfgwasejvvzr_crop.png,3.8617212772369385
sun_bhwumznffaivhreh_crop.png,1.6334580183029175
sun_bhyzqalykuasxtfi_crop.png,5.073749542236328
sun_bibyzsvdloqhamsr_crop.png,2.9557697772979736
sun_bicgkgguvpdnenti_crop.png,3.48707914352417
sun_bigcejvtzsintydf_crop.png,2.7945375442504883
sun_bisyhlogzfdcukyg_crop.png,6.588260650634766
sun_biuovceqbtpuettw_crop.png,2.511043071746826
sun_biwjtjbrkjosclay_crop.png,5.973700046539307
sun_bjcfczqkmlcuwggh_crop.png,4.660694122314453
sun_bjeypqrvomubryat_crop.png,1.863527774810791
sun_bjjiddthsasvyjks_crop.png,6.605797290802002
sun_bjkpfexjbfnkxgga_crop.png,1.585136890411377
sun_bjlpzthlefdpouad_crop.png,2.811514139175415
sun_bjnlkyeubhatsusk_crop.png,3.347505569458008
sun_bjodchrlmbbiiztq_crop.png,1.6476492881774902
sun_bjqonbuarxjqsuqr_crop.png,1.654620885848999
sun_bjskijoijswdjgdc_crop.png,6.583372592926025
sun_bkabhslxdsedxinq_crop.png,1.5642855167388916
sun_bkbovhcdwdqkfowp_crop.png,1.3823373317718506
sun_bkoykzhsrosredze_crop.png,3.8418803215026855
sun_bkpskjoxlmwtryhj_crop.png,6.593198776245117
sun_bksbkxqebrxharpc_crop.png,1.4276399612426758
sun_bktvuinccdrmemdb_crop.png,1.9167406558990479
sun_bkvjlcrthitzscmq_crop.png,3.756720542907715
sun_bkyryvtnktyevcfz_crop.png,6.223502159118652
sun_blfwaigdyivrianp_crop.png,1.4378122091293335
sun_blilrqmeqiilneqv_crop.png,2.8193962574005127
sun_bloejrxexqkdyssv_crop.png,1.5714584589004517
sun_blvicdlybcqswdjv_crop.png,1.2825076580047607
sun_blvsdoktnkgukkbl_crop.png,3.0248634815216064
sun_blxtspeqplpgardy_crop.png,2.024080514907837
sun_bnhscsgoshicxtme_crop.png,1.3987270593643188
sun_bnqctcipgqhkcekn_crop.png,1.581114411354065
sun_bnreejpfoxkkxynk_crop.png,1.3179681301116943
sun_bnseieikobohggey_crop.png,1.8319984674453735
sun_bntiwqxmjupyggcc_crop.png,4.101358413696289
sun_bnvsqxgqwqgbotzl_crop.png,1.4345495700836182
sun_bnvwuiltcchnzsih_crop.png,1.96225106716156
sun_bnwqipgohkdtxaty_crop.png,1.3694915771484375
sun_bnxapkxjamsabhtd_crop.png,1.3059636354446411
sun_bnxntyglgoooisys_crop.png,1.420642614364624
sun_bnxzlpjxvvahtzpo_crop.png,1.641379475593567
sun_boacyxzyoaylgbau_crop.png,3.68512225151062
sun_bojbxbhczdfvqdpa_crop.png,1.4519169330596924
sun_bokyqiwulvzuwhyz_crop.png,1.352193832397461
sun_bolmagkqumbypozc_crop.png,1.3176641464233398
sun_bomqdvwahucosrpr_crop.png,6.519659519195557
sun_bontgrlnyhxlgtmr_crop.png,1.5044273138046265
sun_boqjoybowlbmweje_crop.png,2.826420307159424
sun_bozxubeyqnjmydan_crop.png,1.5312319993972778
sun_bpagcpxfsaarnczd_crop.png,1.3302057981491089
sun_bpftdihpikymulxu_crop.png,1.3734954595565796
sun_bpfuhyhnigocdciv_crop.png,2.5105764865875244
sun_bpjtrsluzdogwide_crop.png,1.9756184816360474
sun_bpmjrniddcjldtii_crop.png,1.683438777923584
sun_bppwllojufniahga_crop.png,6.568008899688721
sun_bprbgoarbtsltwqg_crop.png,1.4371893405914307
sun_bprimlgomczspbhy_crop.png,4.118219375610352
sun_bpsbdxqgqlngmhtv_crop.png,6.436110973358154
sun_bpsrbnzuqnmroqhk_crop.png,5.251681327819824
sun_bptlxavikcrboxia_crop.png,1.6426811218261719
sun_bpzinxaftdnsxlbe_crop.png,2.7878365516662598
sun_bqjeclkuelponlns_crop.png,3.782608985900879
sun_bqkzgarzoozoxszx_crop.png,1.6734089851379395
sun_bqomfuqvjirmsdhb_crop.png,1.3933781385421753
sun_bqovqkezipkgcqzs_crop.png,1.4408596754074097
sun_bqtozbikfpfllurv_crop.png,3.8100428581237793
sun_brjtazbjthomjqkn_crop.png,2.076563835144043
sun_brlarkhmizalsmqc_crop.png,1.5868815183639526
sun_brnebkbpcrccymaq_crop.png,1.9471403360366821
sun_brubqjgfomlfbbpn_crop.png,3.736109733581543
sun_brutjaqupcapafsf_crop.png,1.9450329542160034
sun_brybtvotfajnjkco_crop.png,4.50651741027832
sun_brzrgetweuybobhn_crop.png,2.655182123184204
sun_bsaotdiiwmauzdat_crop.png,3.8913941383361816
sun_bsccltramfvmxbsm_crop.png,3.901546001434326
sun_bsdsurysgegcamkm_crop.png,1.728088140487671
sun_bshiuzzrrjsniwbh_crop.png,1.8808246850967407
sun_bsjsucbuwjrpfqil_crop.png,2.119668960571289
sun_bskostakkyaoohde_crop.png,3.0264816284179688
sun_bsrnonmllauxoojx_crop.png,3.344453811645508
sun_bsuewujlvyegnflr_crop.png,1.5263663530349731
sun_bswzkvlbskeqzzhq_crop.png,6.6162590980529785
sun_btblimjtjvxlmpuv_crop.png,2.2862236499786377
sun_btfiahutubbxcnhw_crop.png,3.3887081146240234
sun_bthmlyxqjdcgohbe_crop.png,5.879991054534912
sun_btnbfazvlzumdfvi_crop.png,1.8903359174728394
sun_btoeyfappmpskpld_crop.png,2.09306001663208
sun_btolkcebvshlftom_crop.png,1.4408067464828491
sun_btotqdnjcdfrlsga_crop.png,1.8966481685638428
sun_btotugclxujmcaxi_crop.png,1.3843780755996704
sun_btxukkqwtzdopizg_crop.png,1.5103511810302734
sun_btzxsbbmhagmxuiw_crop.png,1.3792452812194824
sun_bubeehcgngkyqymr_crop.png,1.8421127796173096
sun_buflvzteuojbfscg_crop.png,6.136623382568359
sun_buhemqpumlryxwua_crop.png,4.115650653839111
sun_buughjjvdywmepko_crop.png,1.4389597177505493
sun_buvcqohiqgcgohcg_crop.png,6.604980945587158
sun_bvazhffigpnkxubv_crop.png,2.523649215698242
sun_bvdnfooaljqyfuzd_crop.png,3.318377733230591
sun_bvdwfwfrfblhpgtf_crop.png,1.8400888442993164
sun_bvhiwnjlhkkbidwf_crop.png,1.758068323135376
sun_bvllfilrpazbqbik_crop.png,2.8512136936187744
sun_bvrxtezjptwimeml_crop.png,2.720968008041382
sun_bvtqyjaxidcmvluq_crop.png,5.54551362991333
sun_bwejndqaidpijvac_crop.png,2.258986711502075
sun_bwfunqgiiejsfgwd_crop.png,3.0506465435028076
sun_bwjzoiylakrbcjai_crop.png,6.457163333892822
sun_bwnjwgergehhafrz_crop.png,1.6165114641189575
sun_bwqwrromkkilgfaa_crop.png,2.8311822414398193
sun_bwrawynyugvvbkne_crop.png,2.253971815109253
sun_bwuzrimrucvtdrso_crop.png,2.098090171813965
sun_bwxdjujterquiodg_crop.png,2.1517715454101562
sun_bxctqgbrjilpcbdc_crop.png,2.133556604385376
sun_bxfvgiupnzqicswi_crop.png,2.5926992893218994
sun_bxlhswshwkzzkloy_crop.png,1.506507396697998
sun_bxnhrgjqjqemdrij_crop.png,6.590209007263184
sun_bxqjmnoybtmijszw_crop.png,1.7603273391723633
sun_bxszvanexezydruv_crop.png,6.524561882019043
sun_bxutyvpmnthcrvjc_crop.png,1.8993712663650513
sun_bxydmoucclhwuqsv_crop.png,3.0523157119750977
sun_bxymhymwfcdomjtl_crop.png,2.071915626525879
sun_byifcwfqyewurytq_crop.png,3.726938486099243
sun_byrhtrhnbrxmjxay_crop.png,1.8551299571990967
sun_bytlrcdhyzytgmyn_crop.png,1.4307029247283936
sun_bytuhfnudnbsojli_crop.png,2.7746105194091797
sun_byxoxbqwsyfdoglu_crop.png,1.5458145141601562
sun_bzfmbqcmvdwoxayr_crop.png,1.3964223861694336
sun_bzhshxubldrovsls_crop.png,2.441638946533203
sun_bzjxkzvtnwzubpyh_crop.png,2.049738645553589
sun_bzslvifnhpzzuvcf_crop.png,6.589272499084473
sun_bzvpimzdukgoqggo_crop.png,1.4561580419540405
sun_bzxskbwunfydqkao_crop.png,4.191357135772705
sun_cadulwkkurwytfml_crop.png,6.6110124588012695
sun_cawvnlmaazrbafxa_crop.png,6.5516510009765625
sun_ctaavzqedpceeugc_crop.png,6.400186061859131
sun_daemcahvngursyym_crop.png,1.9933141469955444
sun_dahdxwmcdluscvot_crop.png,1.4729703664779663
sun_dahpgzyvzoiieugt_crop.png,5.548624038696289
sun_daumquysauetazoi_crop.png,2.5437989234924316
sun_dbivlwlftepplffo_crop.png,4.864071369171143
sun_dbwhbuiciepkwesg_crop.png,4.494706630706787
sun_dbzffzbfnwwufybx_crop.png,5.912108421325684
sun_dcdizpfzbwapswsz_crop.png,2.9108502864837646
sun_dcgxshrgjxqzomuk_crop.png,3.9815022945404053
sun_dcimifbqrleawbla_crop.png,4.212639331817627
sun_dcixxapxvfaslrni_crop.png,3.3432135581970215
sun_dcnlhalkgfsuyzdt_crop.png,6.471158027648926
sun_dcnvxfmjraaunrjr_crop.png,1.3442026376724243
sun_ddzjpzhthgbasedh_crop.png,6.492674350738525
sun_dfejiwyeupjyjofp_crop.png,1.4960218667984009
sun_dgtjgsrranptxypb_crop.png,1.2954280376434326
sun_dgybzhjzhbkixjnm_crop.png,2.079080581665039
sun_diadeftdhreqvroj_crop.png,3.672618865966797
sun_djheavokntfsacaw_crop.png,4.642744064331055
sun_dkaspzoiebgcgoje_crop.png,2.6601884365081787
sun_dmadxkpanqgiwhnh_crop.png,1.5723592042922974
sun_dmoyxkhhlbzptiwh_crop.png,2.1434099674224854
sun_dnivwrlemkqnijsx_crop.png,3.272045373916626
sun_dtaonxgffwsxrlab_crop.png,1.5380818843841553
sun_dtlhvolfukwaacor_crop.png,3.4463891983032227
sun_duozdljikepukuie_crop.png,5.880316257476807
sun_dwksaxsgjjqeaetf_crop.png,6.558853626251221
sun_dwlzpjddrqkjpnzv_crop.png,1.362834095954895
sun_dygjrjfgxkjikobo_crop.png,2.660766124725342
sun_dzlgtkawufqinxhn_crop.png,1.9792308807373047
