image_name,jpeg_based_compressibility,canny_based_compressibility
sun_aaabhshfqutsklcz_crop.png,-1.4113494407683347,0.3378630324037603
sun_aaadqildrtprdhcg_crop.png,-1.6339204494881536,0.06977248626241202
sun_aaaevacrseetzmik_crop.png,-1.737698475374123,0.07837717837717839
sun_aaaevafjexfriuyd_crop.png,-1.7432784110014985,-0.007534424525850869
sun_aaajuldidvlcyzhv_crop.png,-1.6897025610057437,0.18115983155313908
sun_aaansjgvhbrbxvvk_crop.png,-1.1337401932351998,0.046030068123091385
sun_aaatjmlktzymikwf_crop.png,-1.876822161777212,0.12825643541349308
sun_aaawvlrqzhhgypvf_crop.png,-1.7380947717347293,0.04638710905284526
sun_aaaxbrksvmdyrhpe_crop.png,-1.7180890092606356,0.27128611608284325
sun_aaaysslbipsngfqb_crop.png,-1.5253920857765815,0.3472302174201833
sun_aaayyldbvgqtwpvf_crop.png,-1.6761041164994783,0.0872279764697391
sun_aabfwjjrigojioyo_crop.png,-1.9908341666918568,0.14032064537540528
sun_aabhgffasiilkkre_crop.png,-1.800897821768416,0.16939485095909676
sun_aabhqzsffoeycgje_crop.png,-1.924763455002419,0.3003935571309425
sun_aabmvnjgiecutfpx_crop.png,-1.8077178361818282,0.18165712728263833
sun_aabrrphlxidqlcgt_crop.png,-1.611648668731643,0.23750858095518287
sun_aabyitznzumhlxfw_crop.png,-1.7994724082952547,0.1742965367965368
sun_aacjsxcwmkbgvpmb_crop.png,-1.8980314964110443,0.2905405405405405
sun_aaclnmtsvyvxmgld_crop.png,-1.6835242342766739,0.20327215068229867
sun_aacpzgqrortyhyss_crop.png,-1.7431295539703635,0.1548251353501142
sun_aacrxhcrcyjgysos_crop.png,-1.801805733678087,0.06602559151412168
sun_aactxrrgpajucbwm_crop.png,-1.586315572057398,0.11183129070517489
sun_aaczlpbzrdvkzymz_crop.png,-1.8822724554423513,0.16961414790996784
sun_aaczmpbmprzjcofd_crop.png,-1.8164555299974103,0.2478745131566448
sun_aadakyricvbjhamx_crop.png,-1.9493531533688304,0.14129565449213544
sun_aadbmpmxxatythtm_crop.png,-1.8568392426551248,0.33852229084648644
sun_aadhshmrjrbucdky_crop.png,-1.6257976554417772,0.20153517914510627
sun_aadkhfdmzchubudy_crop.png,-1.805885057608765,0.32624855459501134
sun_aadlitmwagrvldth_crop.png,-1.9826901923063438,0.053931260779941925
sun_aadopnnweznhggye_crop.png,-1.9446565501007171,0.16866898514068923
sun_aadxnjugrvhqyufw_crop.png,-1.8078647628853188,0.3195112686756141
sun_aaebzlbdxqwvpfou_crop.png,-1.8302594291152534,0.046335168426066435
sun_aaecvfsvgsitaoai_crop.png,-1.752821535049922,0.3405273055418829
sun_aaenjkbqeeormcvq_crop.png,-1.6442016100483767,0.09693126625128784
sun_aaenrntrgafavbne_crop.png,-1.374287116802176,0.20838416557990833
sun_aaeryjozzmanouqj_crop.png,-1.6729656839923497,0.2296877241643154
sun_aaetldobyvuattee_crop.png,-1.813723250466139,0.07546624077264555
sun_aaexpnawiehinlpy_crop.png,-1.9906333641055032,0.17188138737775543
sun_aaeykazrngypuhyg_crop.png,-1.9423761545684892,0.312194050075076
sun_aafblbfkfftldfxp_crop.png,-1.6164190244982377,0.16530932639945056
sun_aafbwenfgnftruiu_crop.png,-1.8507636549292752,0.24796613694474007
sun_aafchlxckiivmcef_crop.png,-1.519437676392837,0.2007192954937594
sun_aafdhgtqzikmxoll_crop.png,-1.7080315033880373,0.27096033218482196
sun_aaflmulbtigwigtw_crop.png,-1.3172201967647663,0.25775615688659165
sun_aafqetztbkmzxsif_crop.png,-1.8065273775278639,0.08659136982334203
sun_aafvhjkxaoirlfum_crop.png,-1.5392735352554547,0.028788238595885227
sun_aagahzdkjeiqcrot_crop.png,-1.9167684746120037,0.010067663429007973
sun_aagcvppvvpmyeymu_crop.png,-1.5662260223848632,0.14098679098679096
sun_aagegnmezrwcfknx_crop.png,-1.6847300911787468,0.2993081345067915
sun_aagikdebqbtavcvf_crop.png,-1.7263834866461267,0.1359755442245919
sun_aagnrtudwwsovfnp_crop.png,-2.014277530797556,0.21831899239306649
sun_aagsyyxhpyzwaata_crop.png,-1.7701968805109243,0.1189041981121189
sun_aaguxgrqaehrwaip_crop.png,-1.9020016329440672,0.26537941397445536
sun_aagxffpxwygavuss_crop.png,-1.8675725140285224,0.21011639479035957
sun_aahanthaveptbcbb_crop.png,-1.8190163218824273,0.06727158948685857
sun_aaharigduizxcour_crop.png,-1.810991774781482,0.2119117924231953
sun_aahbkoczsiouyjsk_crop.png,-1.6669043768634915,0.05534858349871756
sun_aahffcjxgsqxtiyj_crop.png,-1.7148474764373824,0.17176608702032425
sun_aahgscblgvrwrgqk_crop.png,-1.8139126637450638,0.1790741598660062
sun_aahnsyqkaacnevsz_crop.png,-1.760827550896375,0.2033452067523618
sun_aahubhyvtfelhoyv_crop.png,-1.404564386613484,0.2581790426848308
sun_aahvcvptonececyl_crop.png,-1.8673226581631315,0.062079868385537834
sun_aahyklhrtcbkbppl_crop.png,-1.8438877548551131,0.29809869420923674
sun_aaifkdzmoajrzxqn_crop.png,-1.4909573850272577,0.24466576189552958
sun_aaigjczwiotsluie_crop.png,-1.5378053102634517,0.2688714772305721
sun_aaikbnfeiupowbrw_crop.png,-1.7890893015796123,0.14533816255480533
sun_aaiqdlgnljkjlsrk_crop.png,-1.7682079116905376,0.10906232132647227
sun_aaivnkepwwofsfnt_crop.png,-1.644268815481217,0.2677929143062674
sun_aajnofvzrhrzralt_crop.png,-1.9435646014771155,0.06195488091244549
sun_aajobbwqmtbiifoc_crop.png,-2.0005311352045805,0.12285181430162845
sun_aajpdszimdfmabcf_crop.png,-1.2256113404355993,0.1812598013591218
sun_aajpzpvhlovymmgx_crop.png,-1.6446756277822843,0.21193251193251197
sun_aajttwmkstixpqmk_crop.png,-1.0253125327139216,0.09273689273689273
sun_aakauudjwtpqyivy_crop.png,-1.4318203608526157,0.2679099385944963
sun_aakbkcbpeyabthub_crop.png,-1.6414491365745878,0.20141645674795244
sun_aakgnhqfqchvtale_crop.png,-1.9766381006457274,0.08221779891510796
sun_aakkdeqjpzgqshgx_crop.png,-1.486467152895765,0.3621844216639756
sun_aakngmxhnotgezfg_crop.png,-1.5884962779341236,0.3074912575777742
sun_aaknsmvfikjnhgmo_crop.png,-1.4626315560502798,0.06902548863780335
sun_aakqepfoeqomfgxf_crop.png,-1.8218731190391568,0.26235859290252594
sun_aaktidlqfwmplzqb_crop.png,-1.4645256708586798,0.17965102737298347
sun_aaktymlnkhzntadt_crop.png,-1.9605121324203503,0.23948700052346886
sun_aakyvymfhegbmzbp_crop.png,-1.6596086245981387,0.08991773887365533
sun_aakzptgwfdzpuocq_crop.png,-1.6018760714598121,0.2803569841693009
sun_aalelrkdxvmnyqzi_crop.png,-1.714345308510824,0.34775351979971464
sun_aalgvlxcyjeajlla_crop.png,-2.0482739669232997,0.049566871484679705
sun_aalizhzvynldxzuz_crop.png,-1.6615646985288468,0.06196645199940091
sun_aalweluivjuhondl_crop.png,-1.6075219194585304,0.2652749431453729
sun_aalwixjkrhyiabdr_crop.png,-1.8189409663793854,0.14369118418318377
sun_aamacbjwhonnkrcc_crop.png,-1.4329290933183272,0.13206427640410096
sun_aamgxcrdbpzfjmxa_crop.png,-1.8173492461227863,0.15910852258049366
sun_aamjleslvkcrckft_crop.png,-2.0249273285917067,0.27514185681516357
sun_aampmmpyuzqurnfk_crop.png,-1.982946205046474,0.2793570913614452
sun_aanaprghedxkklzr_crop.png,-1.7407883704643543,0.2759626668421457
sun_aanavkvgppgbklov_crop.png,-1.8230461939872222,0.2605898603366246
sun_aanbohmvgxeqkjgr_crop.png,-1.8293435609772728,0.2755514846194947
sun_aanbqunhvxzlwdik_crop.png,-1.8936499048493285,0.09520032857001232
sun_aanfjwabnufovale_crop.png,-1.228115850768042,0.23705086327578162
sun_aanfzrklaxmlylzw_crop.png,-1.6678281178729657,0.2605916256817924
sun_aaniiuvyzwotevsv_crop.png,-1.6254240708477086,0.15571353140413915
sun_aanpsytlewbiyypw_crop.png,-1.949460315716979,0.21006287538857552
sun_aanqvzorepvoyegw_crop.png,-1.898841235703721,0.26636325066532957
sun_aansbcfxomviiqvv_crop.png,-1.775884499136974,0.16331199518817668
sun_aaokcfvvuougmwtt_crop.png,-1.7586288707875983,0.09093198704078945
sun_aaokxdogeyduicjw_crop.png,-1.81698309238424,0.26539737487379195
sun_aaoqkmazvhvghlnh_crop.png,-1.962401730617685,0.24481791943435574
sun_aaoujiwgpfyplgmt_crop.png,-1.7941177631736498,0.15007551057853802
sun_aaovowccpktanoon_crop.png,-1.7360076767513726,0.06611570247933884
sun_aaozkvpzshxvhfiy_crop.png,-1.897731714369756,0.15115630552925463
sun_aapfmtbuxevwbxck_crop.png,-1.7344292729729576,0.08462377672479766
sun_aapiksezibtpshgl_crop.png,-1.409450598234161,0.153982582837723
sun_aaptvgcjibmntaci_crop.png,-1.800279484955,0.10217491369390103
sun_aapydqezjoupuuig_crop.png,-1.441864391583077,0.25778901949114713
sun_aaqpzrisirnbvubg_crop.png,-1.6061533667906238,0.1265172427456315
sun_aaquttcuxwjcswwz_crop.png,-1.8847730562748688,0.3677643626431608
sun_aaqyzvrweabdxjzo_crop.png,-2.0401738209137816,0.38231930851242724
sun_aaqzzkbirqqcftnh_crop.png,-1.896884193661734,-0.026824546515328323
sun_aarapniwntsshumg_crop.png,-1.2432256642419377,0.1783452978421532
sun_aarhbeqcuzhoshba_crop.png,-1.7345651334388152,0.2830846194009009
sun_aarowrwdgbkiftpi_crop.png,-1.9461915470247928,0.3743794709910644
sun_aarozcbqaonmnpzw_crop.png,-1.8225357610232142,0.2122040575868037
sun_aasaqpsgrixxkxwb_crop.png,-1.9202295473817685,0.24716527640322355
sun_aasbgccorujejklv_crop.png,-1.8263233326108603,0.22187778720442036
sun_aasftqkoqshqnfpa_crop.png,-1.8653234920881752,0.10159705159705162
sun_aasrozcidkphxctl_crop.png,-1.0509173669446574,0.1585181384733783
sun_aatfdmymyalrlxui_crop.png,-1.736024220156829,0.051365373194536275
sun_aaudprltorosqtwv_crop.png,-1.5667057891269642,0.13616988297295202
sun_aaueptrvafpquklh_crop.png,-1.9095902674678553,0.16650325783431585
sun_aavdprprnrxfisth_crop.png,-1.655110275773169,0.10663372617100124
sun_aavhjjwwicmitbbc_crop.png,-1.9368248972563828,0.2974161255411255
sun_aavitbfhtrhynvrf_crop.png,-1.8658601758207598,0.10841309448437675
sun_aavkcdkhekdfuhyz_crop.png,-1.7197968770513474,0.2573824087745201
sun_aavsrwhwxviddgte_crop.png,-1.8716185190063437,0.14913327165603546
sun_aavyemxbkyxukmxs_crop.png,-1.8077894422511203,0.07847384587172786
sun_aavzscilwnisdgkc_crop.png,-2.009978758214652,0.06550881953867026
sun_aawmbcenogohrlen_crop.png,-1.888930918494826,0.1456919253736879
sun_aawmsfmrkomsqjnp_crop.png,-1.8179383024281413,0.21622474747474751
sun_aawnaixjromqbzjv_crop.png,-1.731269902256555,0.2503637895381788
sun_aawnyrlracbujjia_crop.png,-1.8194879298927729,0.1472856261566934
sun_aawoucgqfweppstc_crop.png,-1.6441064345482805,0.12646410917687512
sun_aawqdbpihmlbwyyn_crop.png,-1.8119368824416306,0.3816574531816964
sun_aayameemlzdjkinb_crop.png,-1.6172794058777853,0.16583202174846187
sun_aaycrignqjazgyja_crop.png,-1.4209979012760066,0.2201584371635133
sun_aayvlziheeqrwvag_crop.png,-1.8914750715366857,0.10891192673345577
sun_aayxgizfbvjzbdvl_crop.png,-2.015419439638371,0.20010897898472824
sun_aayyrqavppwwkozm_crop.png,-1.6965452320884271,0.25599701503315964
sun_aayzsjxcmhtcqnmj_crop.png,-1.4775423119643272,0.25089929059058064
sun_abacczqzmassivlz_crop.png,-1.5122034192370188,0.3088070294018249
sun_abamndfsxwcnifcu_crop.png,-1.8039935545383041,0.027770455708371427
sun_abatrfotqsxxinou_crop.png,-1.8226042833342275,0.13152200900932853
sun_abbbbfhfjmdeltyl_crop.png,-1.6096818853169985,0.2693494268921567
sun_abciygstrptmctji_crop.png,-1.807978674917102,0.07886628910394906
sun_abcyohoagocyazkn_crop.png,-1.7413920744052134,0.2239678130089089
sun_abdeovecqgjhamcm_crop.png,-1.9590584303670493,0.2841322073768651
sun_abdtthsnykogtayr_crop.png,-1.912357289763842,0.18174206480095395
sun_abdzeibppilauovt_crop.png,-1.8993303316643042,0.12409003950408706
sun_abedxtnxfcacwczn_crop.png,-1.7224042011939762,0.0708823529411765
sun_abegyiikvbaqpooh_crop.png,-1.5386015107929207,0.07458677685950416
sun_abezzcqrdwwwjjoj_crop.png,-1.6215518693428421,0.019794318805850936
sun_abfelgkioejrcugp_crop.png,-1.563290532976739,0.22236765372902223
sun_abfnpysevhevuhzl_crop.png,-1.8308815556423825,0.3662063730908026
sun_abfzoyyzomxoeuxh_crop.png,-1.5048403293818755,0.21446797652462363
sun_abgfhlyazkjumwnd_crop.png,-1.7956301328582316,0.18807622212692973
sun_abgodqrpbbcvtrzn_crop.png,-1.9421351105104356,0.264093611675164
sun_abhbcqmeixxvfimf_crop.png,-1.7037662790880637,0.23229438353416026
sun_abhwvmwujaqctxjr_crop.png,-1.8329479018547605,0.1531845061256826
sun_abhyhaijtquxkqjb_crop.png,-1.7328158347205924,0.06002616088947023
sun_abijqxqdnbwgyvtm_crop.png,-1.585115926531793,0.11666128351014932
sun_abiohpdioinnseds_crop.png,-1.482550990716043,-0.02108390329338994
sun_abjahwozrgougxku_crop.png,-1.9587288946678318,0.17254784688995214
sun_abjccknauifbxsmr_crop.png,-1.6301840925694775,0.192713554582388
sun_abjehdgjnkljkvds_crop.png,-1.8095252242253883,0.22523393122304194
sun_abjkvwbkcnyrpxaz_crop.png,-1.5579947672355379,0.12864902295990133
sun_abjkyoaboisttjmi_crop.png,-1.8606102504843098,0.20384146597738828
sun_abjptiazeigsidxe_crop.png,-1.7399579544731163,0.18533882170245805
sun_abjqkibdhodvzmxl_crop.png,-1.722337039593053,0.34386770673859685
sun_abjslsjubphrtnmz_crop.png,-1.9346251998575512,0.15021870039862845
sun_abjuovqvyfuzvqwt_crop.png,-1.6449863762342085,0.2026043973979342
sun_abjxykthgjfwaxpo_crop.png,-1.8870323582836617,0.16141818181818185
sun_abkegkdifglzmevl_crop.png,-1.6449565433571025,0.2273121501222108
sun_ableiuwbwsquwsli_crop.png,-1.817911942321936,0.237298654015887
sun_ablidnqvaxyvnkjo_crop.png,-1.8615117417355982,0.12682336674732114
sun_ablskliqqzkcgsfr_crop.png,-1.7128224480534635,0.31086671375239633
sun_abmagwcfedvnlxoi_crop.png,-1.8034207154631945,0.2681601010832226
sun_abmlchngbzrrapkw_crop.png,-1.867893076263475,0.03944414019715223
sun_abmytpyhsgigllxu_crop.png,-1.7793146053838662,-0.041119946574986695
sun_abnfbsuqtgjqazwd_crop.png,-1.6231695551579528,0.2415309940337749
sun_abnigvorwhcefgca_crop.png,-1.444671350453822,0.25049182025264033
sun_abnjbjjzwfckjhyx_crop.png,-1.651474939502622,0.018365620259073397
sun_abnlonsketyzkpom_crop.png,-1.720110755052776,0.10251996190755257
sun_abntpnjgdlefaube_crop.png,-1.7019233331092953,0.3302868018057891
sun_abohegymrmsurjau_crop.png,-1.4371257980926513,0.26680109179432954
sun_abohxbskznglnrhv_crop.png,-1.4728622833202192,0.18522778622191186
sun_abolbvukvhubhpjk_crop.png,-1.747919363681094,0.042125770908058725
sun_abomkyqwyrwdszhi_crop.png,-1.04927998092101,0.26549257399914206
sun_abovmsevcgreuxbl_crop.png,-1.8505450019938217,0.002382852208510501
sun_abpehdswoxepqair_crop.png,-1.9085908729826606,0.17357780256553265
sun_abpewwtcdxcfwdrn_crop.png,-1.6591679188356878,0.042276462591699024
sun_abpftszsqbyehjvs_crop.png,-1.9691130070967213,0.04369574812417244
sun_abpiuxixnmzcxpue_crop.png,-2.00606580871853,0.29549214509358895
sun_abpnkfnclaxvdogd_crop.png,-1.672279805356005,0.12152900601344181
sun_abpnnjcwlfjxughe_crop.png,-1.7108905781790176,0.13989023395146596
sun_abpqcnqbvxjayzmj_crop.png,-1.9354236229719233,0.20662241125730416
sun_abputjiaskfwzgxx_crop.png,-1.7710445556419017,0.25320317266625997
sun_abqcqnlcixhhbqaa_crop.png,-1.8703539686438961,0.3350373389243563
sun_abqihmfbiddwtcmz_crop.png,-1.9516746498766109,0.2649604260670168
sun_abqvvdexzgolkzch_crop.png,-1.4787298275458975,0.15349726584817003
sun_abqwkcjnkkjpmaod_crop.png,-0.9786113119231548,0.1777650361817391
sun_abqxxiviskgsmmjh_crop.png,-1.775829414502588,0.21558866144072514
sun_abqzjgzspsrtykuo_crop.png,-1.7771285600045577,0.24846944669053944
sun_abrhrwruqyubedkl_crop.png,-1.7510772189040893,0.26388730466522187
sun_abryvtdrfxfaxwyx_crop.png,-1.2737291316545643,0.21053580686608211
sun_absddryibdeqqvqf_crop.png,-1.7087974857260777,0.3375670492760068
sun_absiltrdqennrzhn_crop.png,-1.9605138378033518,0.17674739361486352
sun_absizbuqygehvgpu_crop.png,-1.2572766132711186,0.2105930055752661
sun_abslhphpiejdjmpz_crop.png,-1.7449640176282173,0.12211444469508988
sun_absmacofhaocbwba_crop.png,-1.8354105371525853,0.14307131594592498
sun_absqbgsckpactrrq_crop.png,-1.9721215412812276,0.09737266504971492
sun_absrxewyonjapfvh_crop.png,-1.742215074290244,0.15449346936123204
sun_absyehcsssimemwt_crop.png,-1.7159540228713135,0.029073309415826178
sun_abszqtfzmktkdpuj_crop.png,-1.6939640068167814,0.0732343353857298
sun_abtbnjspetmoknad_crop.png,-1.4820150814615722,0.24526218295810773
sun_abthrrtbddrtkrwb_crop.png,-1.5673486622891237,0.2159508470532093
sun_abtrlibwejjxpdtp_crop.png,-1.877517568319959,0.12547058263906818
sun_abtrnbvpppgczjim_crop.png,-1.4663677823609846,0.2715149898774382
sun_abtsyygmdhpcagew_crop.png,-1.9301744036598516,0.27167669490947294
sun_abtwadrxofpbvdwf_crop.png,-1.9212279021057708,0.09069965512908225
sun_abtwcajzjhehpdcq_crop.png,-1.6810446226152775,0.0702666996944926
sun_abtymorbufxuaulu_crop.png,-1.895247357281126,0.2120994395746515
sun_abuclauqvogsizdp_crop.png,-1.6198873675819694,0.2760418865853143
sun_abuipejzbhbazbgh_crop.png,-1.6755782076951982,0.11433421350433799
sun_abwleqheqzbpntyy_crop.png,-1.9353220748086373,0.05585380595157678
sun_abwlmoaetqdbftta_crop.png,-1.2273812248406462,0.06175208224738541
sun_abwnorbmnlilfjfq_crop.png,-1.9337535651644593,0.18910650550373412
sun_abwpwiheytxshiqp_crop.png,-1.983407835171585,0.1510731747741775
sun_abxqwrjhknmpnmei_crop.png,-1.983015527094673,0.16782680262809155
sun_abybjnbanovjhtxr_crop.png,-1.3127081075349918,0.29090656950870514
sun_abydxlcensmtsxeb_crop.png,-1.5001853480234209,0.24014181709924487
sun_abylvpgvhrpaxgnk_crop.png,-1.6087929574094904,0.37410042801398813
sun_abyqscbqhgmamwdr_crop.png,-1.7414147318099071,0.16028742830773288
sun_abzbrrpphzdxbkvq_crop.png,-1.7217481524288738,0.1687435156572474
sun_abzcwefkddqxnqdh_crop.png,-1.668911358810964,-0.003683284457478007
sun_acafrzqfzflrnlvt_crop.png,-1.8979217946477933,0.08637268333031768
sun_acagfzqcmmiquvog_crop.png,-1.5776463806903955,0.29222382555715887
sun_acaowgdolbjpdsig_crop.png,-1.89859157625447,0.11798590602064389
sun_acasxyfcxuorvvpp_crop.png,-1.5986173356300848,0.1860872569341625
sun_acaujgrxpdwijcpf_crop.png,-1.8182520029932898,0.3781236005373936
sun_acavhhupdxjortha_crop.png,-1.9149416699162605,0.3468899521531101
sun_acavuimzdujsxhgo_crop.png,-1.825649276031317,0.34197462768891335
sun_acbcllkbcemuvmnc_crop.png,-1.8600421592500034,0.17384450566268747
sun_acbeypdvskqxwbrf_crop.png,-1.8487549463607178,0.27200868690417257
sun_acbqdmqfztkhxkad_crop.png,-1.8937478920306912,0.40303951367781155
sun_acbtnwalhzdcufvb_crop.png,-1.8481483630814102,0.07157740392035812
sun_accbcqenuiiafxid_crop.png,-1.7986260590699898,0.3147149460708783
sun_accirjnqxfbbwdry_crop.png,-2.017882850578677,0.17686062038586098
sun_accivbuiygpatbuu_crop.png,-1.5290266840985998,0.17805546522971152
sun_acclngswciyrjytf_crop.png,-1.89109126325712,0.27450873733596237
sun_accrcwgxiohfdusr_crop.png,-1.9272108632926563,0.14616196480018254
sun_accvpoocavlmmbwm_crop.png,-1.4792874403262886,0.21293304836224466
sun_accwqxdpehojertm_crop.png,-1.8088843764000042,0.14293967714528463
sun_acdnquypmsshhsbk_crop.png,-1.751050319175501,0.12494247026621129
sun_acdowvgzvvzapzzc_crop.png,-1.7521915247500142,0.19216178597745698
sun_acebhjdzsytwpmoj_crop.png,-1.5805887948483397,0.3108915441176471
sun_acedtlljfbiasarb_crop.png,-1.6663944450344552,0.09548144163528781
sun_aceocnkokyefmewi_crop.png,-1.8183013705118594,0.13040897342352928
sun_aceyvvwsgtcuouih_crop.png,-1.678724445243075,0.19676670811912664
sun_acfgfwsiryaquqwg_crop.png,-1.3646806269782874,0.2370326357254462
sun_acfjiedtgqzgvtnp_crop.png,-1.76025490955124,0.08591782562334098
sun_acfncpgqhfzxolwo_crop.png,-1.8326215873218619,0.1101821212963197
sun_acfvgkbgzgrionuj_crop.png,-1.7053878385584715,0.05958305684583058
sun_acggclszrpmhprri_crop.png,-1.77471197487294,0.09141507842806547
sun_acgibxctayuujycx_crop.png,-1.6745808716966442,0.061098097102332896
sun_acgoqqzpewhbbtvp_crop.png,-2.0382507658267444,0.2322531837094944
sun_achcgztqnvhzvhxg_crop.png,-1.8340214104288233,0.1381200600583586
sun_achjvgkxfellgogu_crop.png,-1.9525343161518793,0.09218458398786264
sun_achskkahnssdgpub_crop.png,-1.7268150371608477,0.11606818181818182
sun_acianlkkblpqgica_crop.png,-1.7214404079688337,0.15524456075144435
sun_aciebeapldilzbug_crop.png,-1.310800521374145,0.31274332252502357
sun_aciewggtiojtlrvf_crop.png,-1.2866774579887557,0.1610050818746471
sun_aciqyyavqeokecve_crop.png,-1.152836663368782,0.2368925293860583
sun_aciuvbhvntkgdhhk_crop.png,-1.9387109405926424,0.3724374484830758
sun_acjcvzqhwybsucmr_crop.png,-1.8890669406337326,0.2937176426406288
sun_ackdpvztxhvormnb_crop.png,-1.6710536685089288,0.1754262421624257
sun_ackdqyksliatpxkf_crop.png,-1.615213017610476,0.11994828636425792
sun_aclothkttyccszmc_crop.png,-1.8821078161333862,0.02900215362526921
sun_acmavehqmksthzco_crop.png,-1.671285214568802,0.35191877241714087
sun_acmibtvpambizpoj_crop.png,-1.6579399021358798,0.19758424551076423
sun_acnbuaghwunejjqj_crop.png,-1.9088366756089405,0.2709547103440695
sun_acnglfkffgdtuqjp_crop.png,-1.607772497505898,0.15000543065059196
sun_acnmnignachxgymu_crop.png,-1.3203627747932027,0.2764845137107911
sun_acoehudiqfaipgwp_crop.png,-1.8575908676924906,0.36885809623271093
sun_acojhtjciuciuhey_crop.png,-1.8022614687693275,0.182426384521815
sun_acomxurrekxnnfoi_crop.png,-1.8619656911611413,0.10039829257842874
sun_acoqwgaqwkyghrmv_crop.png,-1.4939190290078481,0.19286089888335547
sun_acpdtbftkljpltwn_crop.png,-1.483563441243716,0.08587701140223468
sun_acpkulfbwyrdjnhi_crop.png,-1.549717374257112,-0.052774358545358925
sun_acpxaistqyimycdc_crop.png,-1.8362230990384172,0.28679601773126956
sun_acpyufzdkejgiszk_crop.png,-1.8386307934271933,0.2092511013215859
sun_acqtguiyneoekymy_crop.png,-1.7375466495823249,0.3120808662370375
sun_acqthpqyhnrchwtr_crop.png,-1.6919888759953583,0.26703922979029493
sun_acqubrltjfxcogsq_crop.png,-1.6168530719286245,0.07118614086873845
sun_acrbvetgiwtbvpid_crop.png,-1.770436297049005,0.1508058028183635
sun_acrkvprzushyecgd_crop.png,-1.593828247944234,0.26484058151868717
sun_acrqjfawcvurjmsc_crop.png,-1.7811153838759644,0.2766810152887042
sun_acrybjwflmnneupi_crop.png,-1.7644598767435302,0.04223041766595774
sun_acscizucryhwlsjo_crop.png,-1.718209512766621,0.1682494820421312
sun_acsvhigmjfsunagu_crop.png,-1.8551040651830515,-0.016023062483239477
sun_acswpgpfdacoxzay_crop.png,-1.8454130352891431,0.16982591876208897
sun_actbvothnxbozbiy_crop.png,-1.718600636252092,-0.011433108376339828
sun_actgvanvbyqjwchx_crop.png,-1.4754900663359678,0.2219551282051282
sun_actnrrklvftbpbjs_crop.png,-1.9390332727517405,0.19462544376039184
sun_actqwfmibzfyzlvk_crop.png,-1.4573782079442807,0.2017658178061123
sun_actttcearskxgrxg_crop.png,-1.8318727615202641,0.26006131292642454
sun_actxlkkwndfejjod_crop.png,-1.9129841386432165,0.2689113355780023
sun_acukmokofsbuhbmg_crop.png,-1.7900476550950812,0.17599929006985204
sun_acutmjpfsnbgmgdp_crop.png,-1.7164024697385918,0.26400379281735215
sun_acuzsqtazskbhhve_crop.png,-1.7465605905019166,0.2625485174134608
sun_acvdpckbpwkltjhk_crop.png,-1.776784596525933,-0.03228677882475617
sun_acvgkupgewxqeqad_crop.png,-1.7467911928066036,0.18596206425153794
sun_acvjnccckrkbgwsx_crop.png,-1.7696770790318215,0.16867547121425824
sun_acvolvfbonmmvewo_crop.png,-1.8806071723090865,0.06731858645805233
sun_acvoorlehvijayjj_crop.png,-1.7554079990806966,0.013355315570505445
sun_acvxokosbyyisxig_crop.png,-1.6151403760541512,0.09116373822256175
sun_acvxqhrnqiwqggjv_crop.png,-1.8658275894699383,0.08790476669348352
sun_acwajkblvtgnxcqn_crop.png,-1.927556046559619,0.05850256880967862
sun_acwcoqgsueznibgo_crop.png,-1.6162474102144229,0.33729885847888874
sun_acwzyvaxhvwpgpad_crop.png,-1.7133558589783677,0.11549655800769386
sun_acxeheuiigkcgquf_crop.png,-1.6563382254927268,0.03487033342832715
sun_acxwxdtwxnxulqqs_crop.png,-1.5521053774963454,0.16872467029019889
sun_acyamlgftsglkvwl_crop.png,-1.7983267401137433,0.03381531046505666
sun_acydbbilbapsiqeb_crop.png,-1.91072277597867,0.30061820784798593
sun_acyiwhsbcwlotybd_crop.png,-1.783141208473043,0.36863174037572444
sun_acyltvbiwlpqqofi_crop.png,-2.0221199303273405,0.0012885767669608918
sun_acypszvrjuogbryd_crop.png,-1.8812852692912714,0.2259155635361423
sun_acyurcvzexpfrsyb_crop.png,-1.756961709763075,-0.003989820841698747
sun_aczcyculcmfwvrga_crop.png,-1.595380714237416,0.07184537797375438
sun_aczjsyhtqawbyyer_crop.png,-2.0494895512855407,0.3687836416992295
sun_adabjpwehllvgsqj_crop.png,-1.7508234256485693,0.22266684907768428
sun_adajysluigplgxal_crop.png,-1.8034074757666851,0.3315340504575875
sun_adapghvrjplpusrh_crop.png,-1.8452341540372967,0.21141431065390343
sun_adaytmhbskyqydjl_crop.png,-1.7875215519091359,0.18802943391853524
sun_adbebeorfzepbjna_crop.png,-1.7450490621340164,0.28375679744385385
sun_adbghxtmxwsykryb_crop.png,-1.7739633215069122,0.28462695924764886
sun_adbgkemhpeihxiun_crop.png,-1.9477061347173295,0.05085676913015043
sun_adbhvoczmttzjwdb_crop.png,-1.6622759809421173,0.0702314538671158
sun_adbjuxgmvrwhhoax_crop.png,-1.850387605918177,0.17622438946613167
sun_adbvepquncrfwbft_crop.png,-1.2006472064344542,0.2653260537029628
sun_adbwclmkgjaubwgc_crop.png,-1.6969239140090824,0.35578947368421054
sun_adcbplhqqljxbkse_crop.png,-1.7783482659787402,0.2711644379466368
sun_adcctdabyxmhioeg_crop.png,-1.5636863164235806,0.1480139895078691
sun_addpyerrdjuepddg_crop.png,-2.022163186243707,0.2348604377635618
sun_addqytasyktafwmq_crop.png,-1.767881068305376,0.03979074360753751
sun_addxakmrromunpyy_crop.png,-0.7706524811447046,0.13339933176587057
sun_addyeclrvczekoaq_crop.png,-1.5042181694116514,0.22289046169643187
sun_adekcgnlcicvgpvq_crop.png,-1.7249686586147772,0.04655904842820732
sun_adewkhtpwxfcsjtx_crop.png,-1.8849281548694197,0.14867082376107651
sun_adfktsqjthoglcsm_crop.png,-1.6906199117690222,0.2044267658946558
sun_adfvtoiwynbeslrv_crop.png,-1.879483102267276,0.33218742042271465
sun_adfxptoxbswyptju_crop.png,-1.4156633164460979,0.2435544430538173
sun_adgmvrxnvwaqbtnp_crop.png,-1.856576001002703,0.031954588272715044
sun_adgnaumodjwbizfu_crop.png,-1.7931790193079682,0.11773980923824538
sun_adgumenahwhhycao_crop.png,-1.5806035568217311,0.39864741140422616
sun_adgvutjvjcltkclu_crop.png,-1.4889387303629404,0.18586987336987337
sun_adhpsborlnephabl_crop.png,-1.6035134282784185,0.07883865637344761
sun_adhqzniegvpktthh_crop.png,-2.0150989553636784,0.14396805694716536
sun_adiaojytcipmefez_crop.png,-1.7580765526183177,0.19356669363310355
sun_adicktkfzulrnsci_crop.png,-1.6477539086646205,0.16181487377757564
sun_adieujfycrmbnljj_crop.png,-1.614696984679896,0.21690435396089497
sun_adifzmekqenrtahn_crop.png,-1.7437493312783265,0.03230963294158789
sun_adipskbmyafryczy_crop.png,-1.9245361867888187,0.10832186627914453
sun_adiwlljpmliivkyf_crop.png,-1.6216197589021935,0.09052532318724578
sun_adjbtzurhdqnnqms_crop.png,-1.7697353856157416,-0.12295081967213112
sun_adjcquzhefvkkthl_crop.png,-1.8369992285988126,0.09230451875940399
sun_adjecfzcaeutinmf_crop.png,-1.5478455545694219,0.19144628099173555
sun_adjhjnhuhulqtkcq_crop.png,-1.9146404224315758,0.05959802735647158
sun_adjioqeksmvaqqxh_crop.png,-1.7122728795388098,0.20590811058100777
sun_adjmlujfznpmqvtx_crop.png,-1.8669774622212245,0.20353639303948037
sun_adkamygcrmovyavg_crop.png,-1.8094633118378416,0.29568916135480017
sun_adkofdhpejsowqvv_crop.png,-1.8877671319588032,0.20103903291948122
sun_adkwppngdglflszc_crop.png,-1.7529162166162149,0.07813508975849155
sun_adlaimceocajnwtz_crop.png,-1.4618493040545475,0.015855578332219653
sun_adlgpzvqgsnzevhd_crop.png,-1.9453177810141622,0.1825376671745387
sun_adlocewvkpbsaigj_crop.png,-1.6041650741625277,0.1848877816580288
sun_admasmkvjikexzrd_crop.png,-1.7986795398768163,0.03511438680751594
sun_admkowsygseaqwns_crop.png,-1.7636915799666317,0.09066539947118958
sun_admybkdaxnjionbh_crop.png,-1.6486416473394834,-0.027289639161785277
sun_adnoytgdwxasvpfa_crop.png,-1.3994615725632142,0.1173800176472845
sun_adnwfcwwyieivbmx_crop.png,-1.891745055821604,0.054956722756841006
sun_adnxatmmkemucooz_crop.png,-1.9474543227001497,0.15393904391883026
sun_adocxlnykxfmopio_crop.png,-1.814007631698218,0.03937589211005563
sun_adohmjaavtrukopm_crop.png,-1.528593885379991,0.2621493606268016
sun_adojvbqwdubbdtdk_crop.png,-1.887914234722679,0.1771024364684307
sun_adpnqovzckyikrjo_crop.png,-1.6209049691848396,0.17325185911108548
sun_adqdtaezzlknfjxy_crop.png,-1.7245120885748495,0.17999442741710786
sun_adqgobqmqabdrhjt_crop.png,-1.7279383898033962,0.22604901926010004
sun_adqonmsxugcqlbwj_crop.png,-1.6309143066711234,0.0655859022686802
sun_adqxwjwxcshymylu_crop.png,-1.5426353811212874,0.12894814465223292
sun_adrbytixihdavxbe_crop.png,-1.447236182321314,0.2090130072472321
sun_adruzdfgtjdnkzpl_crop.png,-1.7600399426614992,0.0707330473307071
sun_adstmlzqjhlsbdtp_crop.png,-1.6106066699315404,0.2643015521064301
sun_adsueslplqfnwvqd_crop.png,-2.0017210973385366,0.01853208087884096
sun_adsvtwjmljvcbxkb_crop.png,-1.0630472041610552,0.14355518776845175
sun_adttimkgacydipie_crop.png,-1.8254981868131188,0.3313526655992409
sun_aduqewuvfehllwdd_crop.png,-1.904615060955231,0.25680351906158355
sun_aduxjnkcugmhcpag_crop.png,-1.7940790750127507,0.17109129402707388
sun_advgizotokuvhnwe_crop.png,-1.732365369826937,0.04896858821320316
sun_advoeojtzpbejgec_crop.png,-1.673558224732954,0.22633540372670805
sun_advrksojohxolufo_crop.png,-1.919333826310412,-0.019714262910048692
sun_advruofhmqeyqmbx_crop.png,-1.0711563531868025,0.19300501478719304
sun_advvtxlsrkxwgony_crop.png,-1.8420763964799334,0.4080576936412176
sun_adwaigzwuxuvitrh_crop.png,-1.914115480815026,0.2177126099706745
sun_adwcyvwhpdrsgurt_crop.png,-1.7438919398964128,0.1639261724362359
sun_adwhzfziaqbyjpqo_crop.png,-1.9354740434829893,0.14865739242963438
sun_adwjwivxbszikxlb_crop.png,-1.7553640221928122,0.1686220785911667
sun_adwucyplebawahma_crop.png,-1.77020901707149,0.2515606585687448
sun_adxgxetwtjibgayn_crop.png,-1.9915460109026102,0.2900484131253362
sun_adyplaxglzqyoynb_crop.png,-1.7876403245451231,0.062141948891836135
sun_adytbpuddgttsoog_crop.png,-1.7617420737192613,0.11190519741827588
sun_adyvunevhpgemarc_crop.png,-1.8132060442472573,-0.03951582768376659
sun_adzozpiozdydewpt_crop.png,-1.4743438654195546,0.25196240554287985
sun_adzygjwtekacvdto_crop.png,-1.590729151902229,0.37078587828775367
sun_adzymisuwgypbmao_crop.png,-1.0384213067195815,0.2399218307828668
sun_aeajtwxsftghiagd_crop.png,-1.9566497406089123,0.24936523309687722
sun_aeatifohhumxwnhp_crop.png,-1.8844583554241137,0.04899515495541987
sun_aebfefyukdtanqal_crop.png,-1.90539852685293,0.24031082932269762
sun_aebhffuhfdwhivpp_crop.png,-1.671206231658451,0.0035257247323060765
sun_aebjsikreyhhhefp_crop.png,-1.4332632700779215,0.278456782938217
sun_aebnxxtmrfqlsifk_crop.png,-1.9338447359923987,0.24716709109772692
sun_aebpfmmzxlsjaeyb_crop.png,-1.8145561680166395,0.30521707679068083
sun_aebqebisteugxauq_crop.png,-1.8337264709542371,0.306124759424884
sun_aecathecnfjtzgki_crop.png,-1.7861534911507952,0.013635229257889608
sun_aecefabfvaewllpg_crop.png,-1.83824021796942,0.19961895225777743
sun_aecqcaiqprujcluh_crop.png,-1.9528275715956112,0.36113692440798545
sun_aecrqdccdiuwwmtr_crop.png,-1.7352571184445373,0.11232612459763172
sun_aecwfbhcjvdbiwvp_crop.png,-1.9217473008203974,0.25603878193519625
sun_aedcjgjztgoialpm_crop.png,-1.7433286172731663,0.30995181114299636
sun_aedhyinsmapgxuwd_crop.png,-1.9064659196950196,0.028071203574829666
sun_aedxmbkciekdbgby_crop.png,-1.5817790018883229,0.2682369110102721
sun_aeffnsynvmisqvrk_crop.png,-1.9102091045855807,-0.004408597325675313
sun_aefpssjdhiqecqkm_crop.png,-2.015772516640392,0.09036239719120918
sun_aefupbecqqirsjnb_crop.png,-1.7510159635150964,0.17590344064821722
sun_aegixgtgmmvqheiw_crop.png,-1.7657462548081857,0.05628733894767149
sun_aegkyjgiqpyegywm_crop.png,-1.7373783231860065,0.2572930235376087
sun_aeglzbcgcgidxlpn_crop.png,-1.8381227633681678,0.15886740229997673
sun_aegolqlvjxtuybtu_crop.png,-1.820737673374829,0.2064078796219419
sun_aegtpuzdxqgxixfz_crop.png,-1.570205086060589,0.19510856597470772
sun_aehebxsemibocxeg_crop.png,-1.9652224004487575,0.10581333623705237
sun_aeherdtnoxxjvwsm_crop.png,-2.0244571189290075,0.2450003389600705
sun_aehqefempiwsacye_crop.png,-1.8854986496302655,0.25422082876683816
sun_aeigztsewskijetu_crop.png,-1.5008359516682506,0.3036233456281189
sun_aeixslaookutvifa_crop.png,-1.462490735652823,0.2959904417190848
sun_aejqkpfvareivgar_crop.png,-1.902059346565944,0.28409590702509624
sun_aejvpkieusecydsa_crop.png,-1.920210941488623,0.1457492666400408
sun_aejvqzvtonxptams_crop.png,-1.5574239725540742,-0.01886257268472557
sun_aejzqpfhuuxlblab_crop.png,-1.4143673797553649,0.2112729817418411
sun_aeklnuruadlzojhv_crop.png,-1.8958496637021047,0.23862009112605773
sun_aekseajjfdsxkhre_crop.png,-1.593154294365608,0.17469161397325594
sun_aekxpoyjsgzwmnfb_crop.png,-1.7767490225174514,-0.02680755757192901
sun_aelfhlyhvuglfcha_crop.png,-1.8741791131045502,0.21035823181745925
sun_aelkzcvlquyyzxlu_crop.png,-1.826793194481737,0.36700445173383317
sun_aelmeooezipsmoxv_crop.png,-1.7517308593565466,0.3352029766202033
sun_aemkabhuxqcxvjrx_crop.png,-1.75145766165917,0.1443295367200056
sun_aemltyubcdmxluwx_crop.png,-2.0935632362930408,0.35156111877232066
sun_aencdkvretbgxmug_crop.png,-1.6906548416060974,0.11926067184978732
sun_aenvpypnxalypobn_crop.png,-1.9924253823309537,0.22665611059514928
sun_aenxooxavycbwfye_crop.png,-1.7102693386749952,0.2685305273461397
sun_aeolaksyzidqoouf_crop.png,-1.604691199309427,0.1486453689629185
sun_aeomowkqacxxosdd_crop.png,-1.7323935718225059,0.07054100790513834
sun_aeoqcfzrpvdagixm_crop.png,-1.755829862199632,0.15131338510735495
sun_aephceasmgjfmwji_crop.png,-2.0090526592024647,0.22179273045414774
sun_aepwgvwvyindqlca_crop.png,-1.7480824439682647,0.16808736119430495
sun_aeqeqpzcxjiqfuog_crop.png,-1.6855427479520482,0.043548992616693774
sun_aeqtikpjzcuclhld_crop.png,-1.5002875725977378,0.11055009301089556
sun_aerasxgxvyongpnh_crop.png,-1.792594708406738,0.23339077396079988
sun_aerhdhovmnfduswi_crop.png,-1.7042394961929146,0.34312305610294647
sun_aerjnuozvejmsrnl_crop.png,-1.5391782683956856,0.16707119275764096
sun_aermylfjqkdyfriq_crop.png,-1.630113303557513,0.15392602206359507
sun_aermzsgymwllgwbp_crop.png,-1.2299697356020003,0.08047423768727921
sun_aerwmaehscumivmx_crop.png,-1.8229616669412143,0.31923843480525205
sun_aesvbpzlmbziyygp_crop.png,-1.8338105086480785,0.12765856098316147
sun_aetynhnompeaihbx_crop.png,-1.9212671728904809,0.232979297929793
sun_aeugngpyukkejjpi_crop.png,-1.9842684410800535,0.19001787611078005
sun_aevamvswbkqpmcbw_crop.png,-1.8976178896133453,0.22818800419133706
sun_aevfxnytbogyuawg_crop.png,-1.4345806991392116,0.2900974025974027
sun_aevuwijdteejdcwb_crop.png,-1.8756800080841567,0.2361968081843942
sun_aewbopkhoqojnovi_crop.png,-1.084006586064462,0.20325657857949656
sun_aewjqygtlkyracri_crop.png,-1.8396764164177888,0.15584772321484316
sun_aewlatmlgwgijjmp_crop.png,-1.8875975369896523,0.1916975253815777
sun_aewmnvoiwvwujxmx_crop.png,-1.4917115411286144,0.01985636803090053
sun_aewtrkauaxxgoqju_crop.png,-1.9772597187663048,0.13631672764799696
sun_aexpgciynmttrnrw_crop.png,-1.7107006337155155,0.17804797587068194
sun_aeycyxteydsbbjsk_crop.png,-1.83181897140808,0.010691835843287695
sun_aeyeilfqxmqncaqn_crop.png,-1.6549858285852264,0.22495523752682575
sun_aeytjmkfjgpusgcj_crop.png,-1.381807144467507,0.20338279547577048
sun_aezajrlkwypzxdlx_crop.png,-1.7996919499617023,0.07381364023430442
sun_aeznitkbtqglpubq_crop.png,-1.778631357916495,0.18847712796757388
sun_aezqnzwagbiqzvam_crop.png,-2.018577240896842,-0.00966709346991038
sun_afaryxlfwzbtqjuh_crop.png,-2.0250526651250094,0.118282935285054
sun_afblakizhfyfgexw_crop.png,-1.8444163943532033,0.15523592106553136
sun_afbpxrioefmbnmqs_crop.png,-1.6473173019082448,0.23526798933965054
sun_afcbhuilrveqfjsq_crop.png,-1.9788875303276776,0.11128612405285762
sun_afchgswfseqvhxxf_crop.png,-1.759631475744305,0.34473754781160465
sun_afckkokftjwneunw_crop.png,-1.9109917422589646,0.0681503835030806
sun_afcknqtlwzchbmcf_crop.png,-1.6970580595995155,0.11269788257297442
sun_afcopmcttyehenti_crop.png,-1.6413120190660575,0.06929189062865156
sun_afcsizyyyvbczdzq_crop.png,-1.9477797525549794,0.2330912455835343
sun_afdaynbvsppiyvxm_crop.png,-1.8479216572433543,0.3271230645640524
sun_afdulyhfatjjtvyj_crop.png,-1.9938451652165003,0.33606425917510885
sun_aferhjkjsnsvetuc_crop.png,-1.705469438856433,0.013529616205749474
sun_affakcmrcswctmoq_crop.png,-1.732230207540341,0.2633852980673789
sun_affaubosertutlha_crop.png,-1.7362192541234331,0.17468270269628505
sun_affbcruzrmwqhaon_crop.png,-1.695910918010681,0.1682970481514171
sun_affliydgkhcprupc_crop.png,-1.864289138882448,0.09716942469934853
sun_afflyssflfuiqpam_crop.png,-1.7097785132534686,0.2914097869702039
sun_affphsqvxvrczeek_crop.png,-1.807858289089366,0.18621719405042206
sun_affymrxwykomevme_crop.png,-1.7492097621390705,0.28187341837193464
sun_afgcpxqshzlwtziz_crop.png,-1.8556964972831635,0.2674726749542213
sun_afgflbgcvkvxixbz_crop.png,-1.733924597569013,0.18292921291676525
sun_afgurbgispvvsmdv_crop.png,-1.6871236394590234,0.21061296859169204
sun_afhkdvryuyyjsafb_crop.png,-1.7293853865967397,0.21189020617280893
sun_afhkqkelzfrlpyun_crop.png,-1.8782768333376512,0.19071930715564941
sun_afhvvwgvxxjrctil_crop.png,-1.7782108829166332,0.30586902175182834
sun_afhxbuvjdcuzfssi_crop.png,-1.8277644195568605,0.0979816470140738
sun_afjdxoqidzkefmpt_crop.png,-1.5232479184062322,0.35160828232842817
sun_afjkdsegpwxewtah_crop.png,-1.8440928391060707,0.26830817268890333
sun_afjlccstpdrrqzod_crop.png,-1.9707723424472914,0.19450499249494224
sun_afjpmaqruvvqrpxv_crop.png,-1.8376367600694656,0.16985043175519365
sun_afjyijsdqpcdnjoq_crop.png,-1.8253757093017444,0.23215627347858753
sun_afkgckbfxyweksjb_crop.png,-1.8886806086773906,0.08692586499090789
sun_afkmyrcmtmhjsetu_crop.png,-1.8093033854759453,0.32021616494433625
sun_afkuzidxhowmszwc_crop.png,-1.8137775181733082,0.1899594834135224
sun_afljacbxiiccpfgn_crop.png,-1.8101424099417702,0.06117566643882433
sun_afnctlzwkhlepeaf_crop.png,-1.7226084511138213,0.10324158600020672
sun_afntjoiuzydrvnfm_crop.png,-1.5340045191692329,0.23503092652028826
sun_afnvhdshiuypvkuh_crop.png,-1.8493258695618484,0.22222355798129403
sun_afnzhappvzmccjmq_crop.png,-1.7475474920417131,0.3454947484798231
sun_afoaiswitrtdunbx_crop.png,-1.7008584489514411,0.22520331106593086
sun_afooecdyhrsrtdmw_crop.png,-1.9445216887810186,0.21342555595359475
sun_afouusminlagzmzp_crop.png,-1.8920263108191813,0.37822141127926245
sun_afpagikvwzvtkgpi_crop.png,-1.9336018984845322,0.11896162860975572
sun_afpbvjgphoknshwq_crop.png,-1.8113070813045968,0.18256825682568256
sun_afpbzgwweedbtkoa_crop.png,-1.7276523019459529,0.018561635817323324
sun_afphqqpplwkvdgmh_crop.png,-1.6041134185627202,0.19071616486407483
sun_afpiczhamuewjszi_crop.png,-1.5912974033293623,0.15789220693384606
sun_afpovmzwpabzxbml_crop.png,-1.69792409131738,0.052712439076075424
sun_afqfvsufutiqnwip_crop.png,-1.7805843426340808,0.2423081706255441
sun_afreammwlpmmhjme_crop.png,-1.6250807908772498,0.21070628463624572
sun_afrlcgvoxflicqrj_crop.png,-1.9199524955520473,0.2248950304320995
sun_afrtpbxwfoubfcma_crop.png,-1.8131017701578553,0.1418071290411716
sun_afsezvcyzizzpipf_crop.png,-1.8457074307303567,0.1930558784778734
sun_afsxmcoqsznkqipc_crop.png,-1.8396941256401682,0.029467084639498438
sun_aftegwimumrzrpbi_crop.png,-1.8976408947492887,0.3261136901650936
sun_aftlpbjdqefsiodo_crop.png,-1.7204704042367558,0.1603964456596036
sun_aftnkwcynoiionyo_crop.png,-1.7787162232949945,0.1483661142945641
sun_aftnzmfmvolfmcad_crop.png,-1.9578622256511267,0.11563921515377827
sun_aftwrxwximdikluf_crop.png,-1.834011508526614,0.04701700818205672
sun_aftzvczoixwcmsxp_crop.png,-1.8035622885253062,0.0861093814860938
sun_afucwpowgbclkyka_crop.png,-1.7376517622058185,0.16867958680523046
sun_afufelzzihgtlkow_crop.png,-1.9658684703067795,0.25777943368107303
sun_afuhztgcqcvfxhnx_crop.png,-1.7792547519074204,0.1469450364477989
sun_afunbhjrgvgqkuhn_crop.png,-1.9395236255707795,0.25551762408507894
sun_afvpnzmbkxmeouos_crop.png,-1.8686783160507079,0.20895058888479942
sun_afvuhjxpxvknpvwx_crop.png,-1.8922342323232533,0.15107624499300062
sun_afwqgnysmjcdivth_crop.png,-1.6343120227886232,0.17359734306532473
sun_afxlmkxyqziwbldh_crop.png,-1.7287060481598335,0.17151110511644638
sun_afxqvmmnhekqwuvy_crop.png,-1.9394679955809766,0.17413855494350852
sun_afxytltvovskyguf_crop.png,-1.8458574166237867,0.2036867900742246
sun_afxywfurnpdlxrki_crop.png,-1.8188513599601002,0.32326145375893034
sun_afybdrsfxcvfnwwv_crop.png,-1.8344507767511342,0.25069512848966974
sun_afylxutjowfbrcyz_crop.png,-1.5921929260058945,0.31487583726389706
sun_afywwapsjxsmothx_crop.png,-1.8248067913750434,0.13669345610705008
sun_afzcgngkkqtwbjen_crop.png,-1.797550938336287,0.012531355419081406
sun_afzchytcwksfhtin_crop.png,-1.8548002495844802,0.34003718511137304
sun_afztbzvqscvktlao_crop.png,-1.8375964762812207,0.35918192850838476
sun_agadlzxvdoecalhw_crop.png,-1.8673351699246492,0.1696237057437174
sun_agausqipgjgthwpj_crop.png,-1.6092048553034106,0.08719221555407373
sun_agbaptlibgqhrwwn_crop.png,-1.4191908362419139,0.2523705845260615
sun_agbnziznjydrspaj_crop.png,-1.7257005993231103,0.16450991189427314
sun_agbrzvqngwkbjchm_crop.png,-1.6846574471077274,0.2857332978440245
sun_agbvcebowhqfaqoz_crop.png,-1.8196728026341837,0.2839431588348087
sun_agcfbogxoxhllaqg_crop.png,-1.8323360296390627,0.18220904373610083
sun_agckmzhpsqvlfqwe_crop.png,-1.7624131962891252,0.3201753873136511
sun_agcwfjewfhyejfax_crop.png,-1.7175310548507248,0.17073453309647021
sun_agczfqttrvertgcx_crop.png,-1.56684066316008,0.067978958560676
sun_agdmklchstfjclxg_crop.png,-1.9026586758012536,0.15811755811755812
sun_agdnribxpnhjwcth_crop.png,-1.8113254148209037,0.18498929158827632
sun_ageemqvnycianrye_crop.png,-1.7244535132001952,0.42150866462793085
sun_agetqixeypsysbpn_crop.png,-1.8846292671378946,0.254571629129933
sun_agfdrmftdzokxtnc_crop.png,-1.682429176085974,0.16183618361836188
sun_agfgcgkuomdhbuim_crop.png,-1.773606002048297,0.09883990719257539
sun_agfnjbkibiqongjx_crop.png,-1.7801370903448068,0.10486310694297382
sun_aggjpozuixbxgpgb_crop.png,-1.7673622321499027,0.2851620543644631
sun_aggtniazglwfjjxy_crop.png,-1.81173620923468,0.20628599681958498
sun_aggtrnvkcxdbblvw_crop.png,-1.3817499351271882,0.2375399393532369
sun_aggyxnireldojumy_crop.png,-1.854666074546867,0.16067239596651361
sun_aggzxpkevhsdneay_crop.png,-1.5519513957793065,0.07147221302919986
sun_aghtckbjgdradvsj_crop.png,-1.5665892972599158,0.11761229916558841
sun_agiivfaqfrewblzw_crop.png,-1.5080863372597038,0.2469174642740462
sun_agipdkpovnqrcsgh_crop.png,-1.7426089693592892,0.04585213972918791
sun_agiqflroumpgmrip_crop.png,-1.8684649961978612,0.16400667605486885
sun_agjgmsknfgeelzeo_crop.png,-1.9166758225589462,0.19740222666286042
sun_agjnitzjrxiyiqwh_crop.png,-1.657102867630271,0.22810787938176472
sun_agkggiosdmroebzy_crop.png,-1.799483227907189,0.3048315321042594
sun_agkkofrffxllrawl_crop.png,-1.684734625213348,0.27768621795815057
sun_agkokerteawrlwbk_crop.png,-2.0501239408496374,0.1489228440570482
sun_agldadusrezhmyva_crop.png,-1.8357495576181178,0.07226493793657972
sun_agljbcnpskfdirxx_crop.png,-1.7221983191869525,0.1323831535695942
sun_aglnrqipxmbwbcjl_crop.png,-2.0183743505145726,0.22734994734994732
sun_agmgoahuegszicuf_crop.png,-1.8604753339818136,0.06368861722424081
sun_agmmxuazyvngzuvv_crop.png,-2.0561616516960246,0.2291807839081279
sun_agmrtxghhkemuaby_crop.png,-1.8370126593611384,0.0438447912491434
sun_agmujncxfjrtenzs_crop.png,-1.3849329517109743,0.10113591665971368
sun_agnarkcracmlnlhn_crop.png,-1.771615190418766,0.22582408571584756
sun_agnmfgdhpfoqonjw_crop.png,-2.0184424476507568,0.09712718949288224
sun_agnzaovrhigbyqrr_crop.png,-1.7103375904826452,0.04313054453222656
sun_agoekqbpamwdzlnv_crop.png,-1.7708191656567394,0.01655791591031741
sun_agoxmmsddmqpppjf_crop.png,-1.9165296587622747,0.11925278910924844
sun_agozmnqvrstshusu_crop.png,-1.8875049218591589,0.2070845109792838
sun_agozpyoermdxuotx_crop.png,-1.8128354966227045,0.265903156895324
sun_agpxkgsdlobslcpl_crop.png,-1.7615991625633411,0.05848177723177724
sun_agqdlpckwhivjyfm_crop.png,-1.5313413125478168,0.13323913122921566
sun_agrbuzfpfrfvuoty_crop.png,-1.826559645710287,0.24260777075642873
sun_agrhhyfivlxydpcd_crop.png,-1.9199949223159738,0.2757061388795707
sun_agrqakrneizxznex_crop.png,-1.7099632476441202,0.04141694530313545
sun_agsjvggtdttncoas_crop.png,-1.7577406325691043,0.3262097764676984
sun_agtfdrcgyjcbtlvb_crop.png,-1.7067485057919716,0.11251125112511252
sun_agtqhhwxjeuxdebe_crop.png,-1.3966610770999548,0.22762226072155864
sun_agubwprulkbqaagu_crop.png,-1.8681663391659413,0.08862082192505588
sun_agukrhuverbxnrjw_crop.png,-1.8465843525884054,0.24425605634602826
sun_agumiuhyimvezfeb_crop.png,-1.8093296372556384,0.2959968448037862
sun_agvgjjheumikthmm_crop.png,-1.6786884856917812,0.08376276682535913
sun_agvkqxxnwsdqtyof_crop.png,-1.9320983427383394,-0.013767537355994069
sun_agvsanivhjnxqpkl_crop.png,-1.633009655046686,0.04255562219746951
sun_agwoarwaljlbhmwy_crop.png,-1.6194649902109313,0.32421865715983367
sun_agwswhkvnsmuszlz_crop.png,-1.5499361324291174,0.18715243800568032
sun_agxeguwfcuvtxkmn_crop.png,-1.7888138475720694,0.33708048224177256
sun_agxfoksoiibofpna_crop.png,-1.773687621833262,0.10187070118168566
sun_agxkotjrrbksldzt_crop.png,-1.9360936395525938,0.2547726922051872
sun_agycckhlbmrhwnoo_crop.png,-1.8460496172083076,0.16116986647995973
sun_ahahyfdmageummge_crop.png,-1.71939748262159,0.23498434219631487
sun_ahauyuewrhdlnkgw_crop.png,-1.7628346685664833,0.3230731154502468
sun_ahbkwcyitftguohj_crop.png,-1.8552279158848037,0.11026683400632978
sun_ahbvlpavurqoxdeq_crop.png,-1.7152951943752122,0.20756029684601107
sun_ahcyucwnkmgpwcvs_crop.png,-1.8633873796497082,0.0553217568947906
sun_ahczjtvnuhhqeaxg_crop.png,-1.9154636474373974,0.3872034356022184
sun_ahcztdhqprvwesuw_crop.png,-1.7538658604559074,0.17397756485160085
sun_ahdprkhllyhcwnmp_crop.png,-1.7183801196275243,0.22557093471790288
sun_ahduotfjemjdzbrc_crop.png,-1.9577295085397801,0.1577375969641163
sun_ahecchidhzhdjmvj_crop.png,-1.7673159095157278,0.07492534390757333
sun_ahedpphfkwqjbbiv_crop.png,-1.9043500119783578,0.14348451766574039
sun_ahepuktqahodxuge_crop.png,-1.7652063468979284,0.373595084669564
sun_ahestiupegzxmiyh_crop.png,-2.015871404870084,0.11626222383194496
sun_ahevdlwcccnzhrxd_crop.png,-1.7117903046684433,0.35681154089785244
sun_ahfcnhpsdmdkvulj_crop.png,-1.795469487058151,0.006500555075860379
sun_ahgxbrknelfrpvke_crop.png,-1.9751003553967856,0.0557282303724736
sun_ahheuiomlapxutgy_crop.png,-1.8218001671317081,0.07516379336372692
sun_ahhjvqucpjmagwtl_crop.png,-1.8359214940686657,0.1814791043510905
sun_ahhypvgxkkxdsuik_crop.png,-1.8082767839130023,0.12401897808362058
sun_ahimebvpapvfbolu_crop.png,-1.5838031388301708,0.09306124565679613
sun_ahimzraovaaiadca_crop.png,-1.8299083090009158,0.10970643248477772
sun_ahinwfrcewspkyax_crop.png,-1.9001439686279031,0.2707826205208404
sun_ahiohgrgyqtfiadr_crop.png,-1.8734309009646184,-0.018456166604314733
sun_ahiooqpekjcgzxud_crop.png,-1.6149504450190548,0.2590761110837074
sun_ahiuvcnpwyqmhgsw_crop.png,-1.4493514926058364,0.2015547949179092
sun_ahizxrsqlchryhhv_crop.png,-1.7961759336710919,0.10153594630641485
sun_ahjrmuyathyzywbh_crop.png,-1.730460542704498,0.17047733654231847
sun_ahkhacokgjqefhrv_crop.png,-1.8939412511516887,0.19949243179552256
sun_ahkjivtdxekbxiiz_crop.png,-1.9207215327742653,0.24414218915497685
sun_ahklkirrwddixrvs_crop.png,-1.9279707039791905,0.009689842797034123
sun_ahkvlppdstjnrxnu_crop.png,-1.7266165539687581,0.15776350976009923
sun_ahkxepkpmapebuxm_crop.png,-1.879114200306406,0.19729306435400548
sun_ahkyzprgheiigcbi_crop.png,-1.836765229029151,0.16884366836243642
sun_ahlayfrjnblagtri_crop.png,-1.800457680097893,0.2818640376017425
sun_ahlglausydyftfky_crop.png,-1.8025786037322626,-0.018026375169232313
sun_ahllzupburofmeus_crop.png,-1.927921898349434,0.06261393358167551
sun_ahlrpjiyiiybswwz_crop.png,-2.0049784495205785,0.09420383482350511
sun_ahmbdjlszyjzukjl_crop.png,-1.8572597714361647,0.20887750746905678
sun_ahmgdzndfhrsqbui_crop.png,-1.6643368517591008,0.016274761617929505
sun_ahmntxthdafawqkb_crop.png,-1.5815479209163488,0.16509926854754442
sun_ahnhrysiubzptsnj_crop.png,-1.7872113321191347,0.3747108794593846
sun_ahnumwcqjxsbvfhz_crop.png,-1.9957050258480649,0.08749013763478565
sun_ahoqrhsqjexuputy_crop.png,-1.779095393787486,0.14884363417536275
sun_ahpkaqdrwkoogmip_crop.png,-1.8758001217432867,-0.0681487747495308
sun_ahpomxqhqefwanwk_crop.png,-1.7095119665440253,0.18347255369928397
sun_ahptzpfyacdxuepx_crop.png,-1.7190237656860787,0.09645435379799401
sun_ahpyethofxbpywwx_crop.png,-1.2989253789968378,0.09611588453506005
sun_ahqseptxdomiiegx_crop.png,-1.836131614246539,0.2782757782757783
sun_ahrbcajoahaabzai_crop.png,-1.530690966027723,0.10356125715149835
sun_ahsvoxhngtvlfcxy_crop.png,-1.8698149510336217,0.15502376561258305
sun_ahtdakltgzcwspib_crop.png,-1.84530081365706,0.312748666170965
sun_ahtmvwmmrlbrfchd_crop.png,-1.6814308577988004,0.2114179507465873
sun_ahtpokzlaophrxef_crop.png,-1.8596237187321971,0.34104911811437655
sun_ahtpxgcogbinnhou_crop.png,-1.7410484215549449,0.01326017375400089
sun_ahtsmazxoceceqjd_crop.png,-1.81497284787119,0.1697054698457223
sun_ahtymxdpxlpfbmkk_crop.png,-1.8662289215102121,0.13829152919664509
sun_ahujjhpmesuhzqyj_crop.png,-1.7691543836672003,0.1948807380738074
sun_ahvoptfjirvbznja_crop.png,-1.6953383025035345,0.33793279672927046
sun_ahvxojpootuwulil_crop.png,-1.8987629439884635,0.11647975821204172
sun_ahwgsyfsxltzulcu_crop.png,-1.8104324228320052,0.12591756070016938
sun_ahwugxdwvldcesmn_crop.png,-1.605102435417672,0.24219907609169355
sun_ahwxchoqxbtmuhkv_crop.png,-1.706501650699867,0.20327561685892948
sun_ahxafeiecyrvlwjp_crop.png,-1.8705329108179927,0.17777040477770403
sun_ahyhcmqzpfmdtfmc_crop.png,-1.6806845062552247,0.2704695424551453
sun_ahyrcsdwyvzoviev_crop.png,-2.0475962437431217,0.11864080544862304
sun_ahyszoiuweslyfqs_crop.png,-1.6751728343532644,0.16670467213945472
sun_ahywfgjticmqecjm_crop.png,-1.653295554690298,0.16490788556302657
sun_ahzcpowoccjtusrc_crop.png,-1.8279771753343936,0.12057257145515013
sun_ahzprtdsycxhoqdq_crop.png,-1.8485940255571138,0.19771842081968663
sun_aialgshynfanqmwx_crop.png,-1.8726783585710776,0.05303151147783464
sun_aiaowttywtxvvezv_crop.png,-1.918813385215764,0.1432092968658293
sun_aiawtvatrtdtqmjq_crop.png,-1.664209456449142,-0.07972064517661594
sun_aiazdbafkaryuikh_crop.png,-1.685664457313999,0.09664298557207386
sun_aibngnfpgumcuiaj_crop.png,-1.7972571056218654,0.20845610252724878
sun_aibpgpfcvafuvwpz_crop.png,-1.7454229749077608,0.22331811120003767
sun_aibuhtaedpyomwbv_crop.png,-1.781575058775873,0.1660710968320056
sun_aicdtekzfimwjtlu_crop.png,-1.9280979531672255,0.0943082375063282
sun_aicvecccjhfzcjnt_crop.png,-1.6515961775675445,0.2612733592127833
sun_aicyxgrjdvyrslnb_crop.png,-1.821483611686961,0.0987153482082488
sun_aidgpupkpbnajhve_crop.png,-1.5702847261328485,0.139744150980106
sun_aidzostvaltvaups_crop.png,-1.7322245697349157,0.24955020394479513
sun_aiebhokcmwbxadsl_crop.png,-1.9765818819946355,0.2180210566132896
sun_aiebzssguuejjujo_crop.png,-1.8770643991354479,0.28109697679369816
sun_aieefrkagxyksfuj_crop.png,-1.3674228613736703,0.26845509439366094
sun_aiegxmyrryyahbhw_crop.png,-1.7776350603245128,0.21619490656784673
sun_aieqregvgiaijrnl_crop.png,-1.8278520794318518,0.18898874562937062
sun_aifhluzuuuiygiua_crop.png,-1.7148752182454714,-0.05968400454183074
sun_aifrzcjyksgmluxz_crop.png,-1.6768619747430302,0.2021583692321357
sun_aigdsvlqzxguvoje_crop.png,-1.7457042710156065,0.09290962438468439
sun_aigebsudctfnnlce_crop.png,-1.9631676352053855,0.36265738899933736
sun_aihemmhvseirjdes_crop.png,-1.7027234972101177,0.22075205798138867
sun_aihfaarwvxfxnedz_crop.png,-1.778407458536293,0.2248902821316614
sun_aihwqggjondnmohi_crop.png,-1.6432790668164754,0.18583587826147543
sun_aiidtukxefdvhvlw_crop.png,-1.864967935952717,0.21719083339068201
sun_aijfmpgknmohyiwv_crop.png,-1.8001898960802318,0.15409220745497038
sun_aijfrhdsdzxxdmcu_crop.png,-1.4418574632440793,0.2160876819630529
sun_aijypnsissxbdxyj_crop.png,-1.818694658276172,0.26880421355559475
sun_aikytkkzdmxplcms_crop.png,-1.8884829903993745,0.12382284382284382
sun_ailluoikknapfylq_crop.png,-1.7552792558607129,-0.03522524434236641
sun_ailrsprheyhbynam_crop.png,-1.7167716419928096,0.19077756668952414
sun_ailstoioebjgyqpe_crop.png,-1.7634617046358099,0.055632599489859096
sun_aimeinfyfoxqhgki_crop.png,-1.8110224785201638,0.23966369182675343
sun_aimwojfukiiuoriu_crop.png,-1.8217309103320556,0.2537969190713821
sun_aimyesuzsmiwvpfh_crop.png,-1.6974434974926353,0.1710043715403251
sun_ainoacwsquefrlbr_crop.png,-1.8639700266519732,0.1363290350856958
sun_ainpqoalfsqkxogl_crop.png,-1.9649684597179395,0.2836893809449556
sun_ainuimcptnfydqnn_crop.png,-1.5177713789431158,0.1694266080883181
sun_aiobnhooamvxwdnd_crop.png,-1.9080637295633993,0.16266469038208167
sun_aiocgjwcthdvttcs_crop.png,-1.7822778603006677,0.1473561526193105
sun_aiorrsomwrhkypuv_crop.png,-1.8590658824741468,0.36715070919493376
sun_aioxamlvtxhpnzzt_crop.png,-1.6517154525820947,0.19361636128314563
sun_aiozxhxgtfrmoagh_crop.png,-1.965810337454904,0.290273132664437
sun_aipiilsyyfpathnf_crop.png,-1.794497403430294,0.18399387582427915
sun_airchxmzspsfwpid_crop.png,-1.7467848030714317,0.12211725479299805
sun_airpfnjxpofcfijg_crop.png,-1.8493054098699333,0.2249406634652536
sun_airxobbhilzhuucf_crop.png,-1.7443592805666162,0.09952363686375512
sun_airxqaoaqqdwqrlc_crop.png,-1.6880149258780228,0.21631823825229812
sun_aisqyfzqpyqpnpcz_crop.png,-1.7770625505591944,0.11057872539831304
sun_aitcjatbbvbdtknk_crop.png,-1.5154413461983367,0.32340717919164824
sun_aitdmtnhkdgdjkvo_crop.png,-1.692162600144807,0.1865860946942028
sun_aithgwxujzdlhxrv_crop.png,-1.7874505407594494,0.17723749119097956
sun_aitkmplhtdszgtcv_crop.png,-1.9568187566803363,0.11654774936364959
sun_aitovcbtirfhelra_crop.png,-1.7187615299789627,0.20723092390729178
sun_aitumlrkpdyzzodw_crop.png,-2.055973803932718,-0.01713033953997806
sun_aiualqmiehczduer_crop.png,-1.7744220139024538,0.1282863907660435
sun_aiuborkurctgwlgb_crop.png,-1.5790234811090196,0.1137952084916591
sun_aiujhwzzsoonkewa_crop.png,-1.6947095035482467,0.32992565958894127
sun_aiumuljdnxnqtlcf_crop.png,-2.0000750943189227,0.09985652797704446
sun_aiuqsmryblhyedkb_crop.png,-1.8648759844121452,0.1071598462349417
sun_aiuyhnkxdztnxtdu_crop.png,-1.795550250503577,0.10436481604364818
sun_aivfbeshbhikljep_crop.png,-1.8525402149456474,0.28042993971278624
sun_aivunyvwzlwwijgg_crop.png,-1.7617139205019954,0.09355884834423119
sun_aivuytzktyhoedcr_crop.png,-1.9670572119284921,0.00906489790609963
sun_aivvcfvbqfxjwtow_crop.png,-1.8016179579845877,0.35636083269082497
sun_aivxyexpgygxemfr_crop.png,-1.7008681686534133,0.17734724292101342
sun_aiwdglrsrkkfbgzz_crop.png,-1.9508588540748184,-0.07514898340733817
sun_aiwhrujmhdbquncx_crop.png,-1.4940845800175633,0.2326863303002132
sun_aiwvlmctoruqsfqd_crop.png,-1.9641602103244373,0.34465938760977927
sun_aixemvmqtgkfhgqj_crop.png,-1.8467957893442237,0.3172663850563021
sun_aixibzrijezbcwtx_crop.png,-1.5995138907939448,0.13473216162107757
sun_aixpmamlokyvzyzb_crop.png,-1.796283844413881,0.19758202323991797
sun_aixtfwnmkcsyyzck_crop.png,-1.9679381791645951,0.20488663878494381
sun_aiyiznahccvaipep_crop.png,-1.7077559279927286,0.16291242415562088
sun_aiykegtujpsnlhan_crop.png,-1.7771929506529445,0.05690399137001079
sun_aiykguetothvsgff_crop.png,-1.8801820894678898,0.18596877869605144
sun_aiymwbxjeuhkfbei_crop.png,-1.6606939472915228,0.19886363636363638
sun_aiymyvoddscrtfas_crop.png,-1.8155847752106982,0.3434943552317846
sun_aiynsrgvdjyalznn_crop.png,-0.9358572059242446,0.18251341506403984
sun_aiypwmkswdqrkldz_crop.png,-1.652511639959981,0.2889767237593325
sun_aizkzcazdjmhgsfd_crop.png,-1.4927268548473986,0.2219813244606633
sun_aizrtehrtafvfrlt_crop.png,-1.6985571473378367,0.023155058797830117
sun_ajbeltqzqpenkvqi_crop.png,-1.9498794994994808,0.14621928446512725
sun_ajbmaxmgvybqfhuz_crop.png,-1.8589994958565301,0.33319972945214055
sun_ajcalpgflrfvhhhw_crop.png,-1.8045633909611096,0.21451333299342276
sun_ajcgotsnitvcgkge_crop.png,-1.7713231604833382,0.08268507051736783
sun_ajcipjzqodfcekba_crop.png,-1.6769955532463503,0.1211851851851852
sun_ajcopavjqtimjnsa_crop.png,-1.6963772096728964,0.226478805298173
sun_ajcvdokgzllibdsg_crop.png,-1.6758179853214141,0.19516079560201025
sun_ajdofftheuhszftu_crop.png,-1.879598830827764,0.20231888780275875
sun_ajdrqnyihfmatmzj_crop.png,-1.6875349519508855,0.12368066397128485
sun_ajebiurepzdzjwvw_crop.png,-1.7692111136360604,0.2452710422749778
sun_ajexfhguoyjbqmtx_crop.png,-1.7534370204453944,0.08786846818955794
sun_ajficlxeeadnymks_crop.png,-1.8198145665229668,0.23487580380784265
sun_ajfjbafrlzzbmzoj_crop.png,-1.7162982032219667,0.190823551774937
sun_ajfwyuleqkzlovww_crop.png,-1.841791804494173,0.08696126039938482
sun_ajgebwheenyurlit_crop.png,-1.7547175886680813,0.227249200075287
sun_ajgyfjxpwhoxuimc_crop.png,-1.8560150609385975,0.2516540805238036
sun_ajgyyjtmfhutnvzt_crop.png,-1.9750208945608216,0.07746460612975162
sun_ajhdjlymygxgqphq_crop.png,-1.8129888846724656,0.10459758966027304
sun_ajhsulqabapyraar_crop.png,-1.92691030654802,0.3380448683789833
sun_ajhtontofvkavmvy_crop.png,-1.9668235380406713,0.384814758347309
sun_ajhucnhjegkkwfph_crop.png,-1.8415091515361237,0.018241138958920357
sun_ajijtsrervifddqo_crop.png,-1.8708925403143024,0.3128435981196717
sun_ajiniuykiyqyizbq_crop.png,-1.8458103006745883,0.17653742366141179
sun_ajiqbsygdxtuezyw_crop.png,-1.775301088534326,0.11199166530096226
sun_ajiyoyusqmwojoho_crop.png,-1.8170142891300562,0.050381555227238826
sun_ajjacdfzcematahl_crop.png,-1.8089124149948559,0.18570558756030167
sun_ajjcidmxanetnadb_crop.png,-1.3009634506889654,0.3472756775603803
sun_ajjkoaqwkopzknxs_crop.png,-1.7636856841360815,0.1854560935020705
sun_ajkinxlbjwfynsyf_crop.png,-1.8052568222432746,0.26421111656269713
sun_ajkjuzrsxfcucotf_crop.png,-1.8467097411722915,0.12119723028813936
sun_ajkmuktgalobrhte_crop.png,-1.7194980972628129,0.17253445690209238
sun_ajksnfjdxnypdllh_crop.png,-1.5573584293419511,0.062164502164502165
sun_ajlkthvuowdwxgyb_crop.png,-1.8111294436742642,0.30999364272091545
sun_ajllgrovlulpkvvu_crop.png,-1.8778458239594427,0.12312986825340533
sun_ajlrzhblesqaifem_crop.png,-1.8682038702976036,0.07148298628745554
sun_ajltxqbtrbavoqlf_crop.png,-1.5934565340700324,0.30071883969620766
sun_ajlxqauxgfmrxgjv_crop.png,-1.7156935500105117,0.2264554744182218
sun_ajmaegwphniknhoj_crop.png,-1.5748555127822272,0.08643133714991566
sun_ajmdxxaivewlxonn_crop.png,-1.9864979934951124,0.2740157121193118
sun_ajmguajlaytqhsms_crop.png,-1.4392936971241224,0.13917337415436276
sun_ajmroadcaidvybue_crop.png,-1.9111891075127523,0.09704909355564378
sun_ajmtpcneyaryltkb_crop.png,-1.8683936513421888,0.26846834099752387
sun_ajmyqurszsgdcrme_crop.png,-1.9375264794690206,0.16636807934301237
sun_ajnntxrmbbzdjmkn_crop.png,-1.44671040233838,0.21959043257943797
sun_ajnypogktiurcmvb_crop.png,-1.5805793285444623,0.2024985228327847
sun_ajogweelpvgolmap_crop.png,-1.757410711188543,-0.18034455965490448
sun_ajojcwsinkfiqiav_crop.png,-1.6275772756231814,0.04496602566949414
sun_ajottjxfxgkaoiqy_crop.png,-1.8994414503665216,0.2317550291118573
sun_ajqewjxacnwhogxd_crop.png,-1.7850847162918444,0.14648280370072408
sun_ajqolwwrsflznozp_crop.png,-1.9562235152212806,0.27681631007573354
sun_ajqzieptxkzdeuyq_crop.png,-1.8103816088374676,0.33508300781249994
sun_ajrmvydockofxbmc_crop.png,-1.8675565976098838,0.35677608149518264
sun_ajrnmahwwmjdhdzk_crop.png,-1.9114747089773474,0.33810930144156265
sun_ajrpvgxcgeblwooh_crop.png,-1.7193529227862892,0.30324350107321724
sun_ajrrkgsjlmevzapc_crop.png,-1.7691089557338715,0.2971116767900799
sun_ajrzzrofiuybtign_crop.png,-1.8785891636723664,0.22635853679772133
sun_ajscetskiwaukgin_crop.png,-1.834419544094619,0.30042956079600247
sun_ajsdxrxryuwdeukr_crop.png,-1.8088676573060503,0.2927010610681251
sun_ajsspwjewqhkuyyl_crop.png,-1.9563002878763511,0.27555655916263755
sun_ajthkfmyekdkjwln_crop.png,-1.6750826784222481,0.29945535233996773
sun_ajtpwjuaxgznqikg_crop.png,-1.7114852767693363,0.21294340165249032
sun_ajtsdutwthrahmhb_crop.png,-1.4259501916293122,0.22539192720064874
sun_ajtvysscoirnzowp_crop.png,-1.6842851568965689,0.11151839842097842
sun_ajuafutvtotbvmkv_crop.png,-1.7385060704207302,0.03503978415950247
sun_ajudspydbwqxfkin_crop.png,-1.9716553697094052,0.2168125352907962
sun_ajughtskgndirhvx_crop.png,-1.9875206018653842,0.2783920283920284
sun_ajuhxgocnyfwomnw_crop.png,-1.9126557870917766,0.18245923314235346
sun_ajujoqmxplrixpsc_crop.png,-1.5712237902852424,-0.03812652546588162
sun_ajulpqgpfmjzzast_crop.png,-1.842974865608305,0.06903863336311628
sun_ajuowwmbigovslut_crop.png,-1.6935165702067843,-0.04184378320935176
sun_ajuppnsmdofonjml_crop.png,-1.449729009486157,0.1025617578283191
sun_ajuvfpezxduginti_crop.png,-1.8228337059982649,0.33967771359075716
sun_ajvggicvmaklxxrm_crop.png,-1.7648325306121513,0.3075506445672192
sun_ajvmgwqjbvbhvtmi_crop.png,-1.8850756066817098,0.2715241544411025
sun_ajvswcfkrmimcxnm_crop.png,-1.4034021369136909,0.28031125141814234
sun_ajwueyrhplnhmakq_crop.png,-1.6510641274863889,0.19348878841431225
sun_ajwvkxduwhbyaihk_crop.png,-1.7530419803516057,0.03130553656869448
sun_ajwxcjuvsuivtizh_crop.png,-1.7608639553197014,0.1464392369985741
sun_ajwximjskdesewws_crop.png,-1.8144573629847303,0.07999071938420384
sun_ajxifeqdzgvsvmjn_crop.png,-1.6452127246711161,0.15827201519107523
sun_ajxlnmcwphxcsdfz_crop.png,-1.596498132772171,0.180740325128826
sun_ajxncqcvqyevolbb_crop.png,-1.9311297061392814,0.15769549599336832
sun_ajxyeallsvysreri_crop.png,-1.186346343666672,0.10151766837813347
sun_ajyepvfgqlswktqb_crop.png,-1.663990668906856,0.15610803844708157
sun_ajyljflqswjknlgm_crop.png,-2.0086864844570504,0.10302761301429741
sun_ajznrfhxvllvrhyl_crop.png,-1.7842919719522938,0.24710247437520166
sun_ajzwhlveszdsrirz_crop.png,-1.7750428887682246,0.2121981233656361
sun_ajzwpjrehimzosjg_crop.png,-1.7762270636797106,0.1671302828730767
sun_akabsvsyzpiqntcp_crop.png,-1.642695515666863,0.35279016782723105
sun_akaibpkrhphuaqre_crop.png,-1.5500719464477204,0.014145605431912475
sun_akawbeejbhqepsfr_crop.png,-2.011690292335242,0.33006341263222
sun_akbbxewfnuxtxfkd_crop.png,-1.8087643094316954,0.2738655548165958
sun_akbejfbnzxdboknn_crop.png,-1.8956952055417735,0.23892242239936104
sun_akbfsjykwgllwszc_crop.png,-1.8540117407426577,0.15646133882909705
sun_akbinucozwbghvsr_crop.png,-1.6769127609984504,0.3934705464868701
sun_akbovhcdwdqkfowp_crop.png,-1.957547894353894,-0.01883201324033573
sun_akbuisxsqiyfgjnw_crop.png,-1.4692587852336552,0.12506298622291598
sun_akbxvrhkcyoohvhw_crop.png,-1.8184765954404425,0.10027990750882317
sun_akcuqkqyqgjouudk_crop.png,-1.610419650904913,0.3197117757378344
sun_akcvzclqsbpshedb_crop.png,-1.8389259811596614,0.28440789979251524
sun_akdbxepnruyrbtrp_crop.png,-1.575158069303585,0.2573261728331311
sun_akdewyfncrcmhjdi_crop.png,-1.7772421148754078,0.0771091773128433
sun_akdlbyxvhfzqkmec_crop.png,-1.807690554516952,0.15638906547997458
sun_akdtebdtlntpxclu_crop.png,-1.9328298058690814,0.21799443442267621
sun_akeucbzmcqwhcczj_crop.png,-1.262808978459821,0.2666277579419573
sun_akfvnliigcmmyjeg_crop.png,-1.419751844177094,0.2251642750404291
sun_akfvveysqolggckx_crop.png,-1.8731584465810538,0.3901966531995972
sun_akfyzjhegjzmdcjn_crop.png,-1.9024299179180382,0.05940851817140478
sun_akgwvyrbfgonolvx_crop.png,-1.805048097698495,0.04743440610055577
sun_akhqgzrrubgnwzpa_crop.png,-1.8506107367715443,0.2678339084686316
sun_akhyzejtqpynaepu_crop.png,-1.658612785239131,0.019926011993001858
sun_akinsxikgtswxivr_crop.png,-1.6808324498166687,0.06689710463022593
sun_akjjbhyrhvgqwbnv_crop.png,-1.7117243143709622,0.2970329418692139
sun_akjsmkzfeodaknof_crop.png,-1.735515186915324,0.045264803655186044
sun_akjtejdcrsqexbbr_crop.png,-1.687624111637011,0.10936799050006597
sun_akkdexcltpcqxibz_crop.png,-1.8120993167071267,0.24261327284359913
sun_akkomfouoppmfooc_crop.png,-1.7908899770674938,0.2888779989364919
sun_akkudvdlmryidqbs_crop.png,-1.0824329250927318,0.17654014425919357
sun_akkyikcgcicqwrqk_crop.png,-1.8032316706883298,0.31116956639837595
sun_aklmmgkbuagshaxo_crop.png,-1.7469526336305312,0.22849978659837808
sun_akluskekobictmrx_crop.png,-1.9189514934993768,0.17562688630017204
sun_akmjlbhvucwcomtf_crop.png,-1.7544253351112837,0.18311423810405478
sun_akmkwxrjwecdivrg_crop.png,-1.9421530689004707,0.18334410183797753
sun_akmnlwbhgbqgaomh_crop.png,-1.6709137228093955,0.19174563504460412
sun_akmzytqkhmsllutp_crop.png,-1.9219974941216558,0.11377748187173437
sun_aknbqkyjmltzjpuf_crop.png,-1.8150920139443931,0.08676643444855368
sun_akneygrcsotksjtq_crop.png,-1.7382373372702573,0.2428089366132694
sun_akniivhpunggxqok_crop.png,-1.7526173862334309,0.27660732241083574
sun_akocjovhbnjmalve_crop.png,-1.7869826970262768,0.15170017134445063
sun_akocwzqzyfvracmn_crop.png,-1.9390009321911723,0.11975570897503986
sun_akodobunayijitjs_crop.png,-1.9066197574270098,0.23834559169568784
sun_akpjottaiqvuaboi_crop.png,-1.6589581937562867,0.07409522359271102
sun_akpqeqvtazmpiruu_crop.png,-1.7661671930319955,0.020918745714805426
sun_akqpikmgyzrpoilg_crop.png,-1.692617475447742,0.006259395253702658
sun_akrehjqghdiwrheo_crop.png,-1.8719026355946364,0.19546906767354053
sun_akrihdnnxpwgxepp_crop.png,-1.5790661936604389,0.0766003907596828
sun_akriyetrhoopjsdy_crop.png,-1.852367670208797,0.29711603764431943
sun_akrktjpdrlhellcz_crop.png,-1.2919146124164473,0.3655557281381055
sun_akscftsonlgcygdr_crop.png,-1.5778208529665043,0.30549017882673823
sun_aksyhawoyulpekpy_crop.png,-1.749142559734726,0.030413974360445774
sun_aktcqpfjphduhpeh_crop.png,-1.7417939237498867,0.10185723251435345
sun_akuitutqnebhfiqg_crop.png,-1.8982559743013756,0.1687551986037062
sun_akumcrgxflpomdjh_crop.png,-1.7143095574209317,0.21159190154823343
sun_akutgyqvpduhfelr_crop.png,-1.7740272931921732,0.01157384508853499
sun_akvqjklzhdgyctwy_crop.png,-1.7084442287217472,0.40891562548203
sun_akwhqwxqtpfdyfjs_crop.png,-1.465324251753197,0.20486602812127158
sun_akxendsnvdclrfvt_crop.png,-1.5405363301116781,0.05605243109548012
sun_akxkraecdemenrwt_crop.png,-1.7091857471192764,0.23474713075783374
sun_akxoeocdsqiropyx_crop.png,-1.5936497719009517,0.22811852349745146
sun_akxpqygihxvzeujo_crop.png,-1.972457641028631,0.3443714885263656
sun_akxrchxdlzqzjjos_crop.png,-1.8060548331244868,0.2851120653540009
sun_akyhpluahmjyrxpk_crop.png,-1.8954831512223604,0.11260124817421327
sun_akylpayysgokukbe_crop.png,-1.891589380958593,0.2751112058173295
sun_akypvrysfcrbtaeu_crop.png,-1.6253991377342412,0.08561711291741625
sun_akywboapvttpcfcj_crop.png,-1.6147159797112416,0.15443090700822656
sun_akyyikglvyxclrgm_crop.png,-1.7719280897694747,0.299975814903394
sun_akztagjpgwrujfkr_crop.png,-1.3172402159683392,0.1342433771679055
sun_akztuetvletcqvvk_crop.png,-1.665860892061897,-0.05170276877593951
sun_akzumsujebcqhxla_crop.png,-1.504140491030723,0.15426120641947977
sun_alanfqifcbhqgwxm_crop.png,-1.5243740107890555,0.1347481001970166
sun_albncojhaxvbbbdn_crop.png,-1.7331808971735703,0.2656316903389976
sun_albthhletanyjwjn_crop.png,-1.8103299991109227,0.08211453321655249
sun_albwhlcrxpdkfpet_crop.png,-1.5030161785862846,0.3886271870794078
sun_albypnajfmfhqcwq_crop.png,-2.0536572425378314,0.2741491283128595
sun_alcdwocqmwxiytcj_crop.png,-1.9269834052892278,0.31640036177268605
sun_aldlfpqkekuniwfx_crop.png,-1.6146660563935338,0.19167074278527005
sun_aledxrcfulsknabk_crop.png,-1.9239201596887938,0.019887219074210937
sun_aleniaysezwxkvla_crop.png,-1.7030237297772572,-0.013147822954658021
sun_alettkltzysnuqsq_crop.png,-1.0812261805242276,0.2534105044565296
sun_aletubhomenauypg_crop.png,-1.7237580131414487,0.07911491493581045
sun_alewbcnalibklcwh_crop.png,-1.8101902877025542,0.27095204698869113
sun_alftulbrlytjjdre_crop.png,-1.6782900942617487,0.20002244668911337
sun_alhbowsngivguloh_crop.png,-1.8966155727399283,0.21658332396898525
sun_alhowhqxwlzxmnjw_crop.png,-1.839937678142289,0.1322545794437903
sun_alhvoqgpfshefphz_crop.png,-1.7470686050862243,0.0405287644930212
sun_alidgimlkcihmqqr_crop.png,-1.7567774390599724,0.10461741424802111
sun_aliedohxllcelrof_crop.png,-1.9221454497758366,0.18446458404175112
sun_aljgosynsvmyqwlz_crop.png,-1.6830687326572418,0.2525895012067579
sun_aljhbekhbjprhwrr_crop.png,-1.6445947453266172,0.20412237411457118
sun_aljjejrulmhlleln_crop.png,-1.5820486929029167,0.19728260279770368
sun_aljrvcabwnwkorml_crop.png,-1.5456083144116615,0.2496506350403779
sun_aljyrrfnvbrdovct_crop.png,-1.7949330285410978,0.13645529091153502
sun_alkilswtiaxmyjpi_crop.png,-1.5842210523873945,0.28162878787878787
sun_alkjhlciyndwutgg_crop.png,-1.4017972340715414,0.2495793680004206
sun_alkkrmqkfdsjjfbk_crop.png,-1.8714831791610638,0.2204180143497463
sun_alkrqcqjqvlzwzgd_crop.png,-1.5966180386322621,0.06970551203913135
sun_alkwqnvmvmjccden_crop.png,-1.8875872374115414,0.18588115794819707
sun_alkxfzwrxgmetxtk_crop.png,-2.0525181163628394,0.18926999800671584
sun_allnzcwgdrumella_crop.png,-1.2665460350957478,0.17305680229203946
sun_almbxcurjahdxery_crop.png,-1.0388762003019696,0.06444988547508097
sun_almddqmezutjkwrh_crop.png,-1.9603836249842848,0.13872164612185542
sun_almktsurjhrxvyao_crop.png,-1.6667385599456568,0.10849945235487404
sun_almpnlehqyjysxax_crop.png,-1.8488936088048382,0.01100091566824437
sun_almtnjgugigufhwz_crop.png,-1.665226807721698,0.006468978809663587
sun_alnppxzppwkzhpbu_crop.png,-1.6805639296959682,0.15333728901288965
sun_aloffvbvysigxent_crop.png,-1.9233767859821012,0.27570669265995984
sun_aloggupfcempotrl_crop.png,-1.8159858285109416,0.2950815909664685
sun_alooqmtszpkslbsp_crop.png,-1.5310109432352705,0.23079872075544033
sun_alpcemblikyowlje_crop.png,-1.7046187376982926,0.10717474142623844
sun_alpjwwozdavjucpu_crop.png,-1.9950419911473287,0.32662066639497467
sun_alpkiennjstpbfqh_crop.png,-1.9278411465243783,0.10441558441558443
sun_alppfeptjqdyklmz_crop.png,-1.8201842169988898,0.08450495782151841
sun_alpwusmmgtkfrwoo_crop.png,-1.7954822607719834,0.10330359295876536
sun_alqzfcckzclwhxvj_crop.png,-1.7296014835124547,0.2213152216659758
sun_alrbjgzrcxkegqtj_crop.png,-1.7250581490500507,0.263625463265751
sun_alrfgncuqysvtcbg_crop.png,-1.487509500001967,0.085040071237756
sun_alrsfghejkolunsi_crop.png,-1.785313594756161,0.021667330350659396
sun_alsdndvcxhelnvdz_crop.png,-1.881721595092287,0.21137829912023454
sun_alsmelmsufuoupht_crop.png,-1.9099769028342293,0.14471043977481748
sun_alswaynrqyiroaji_crop.png,-1.871576603055162,0.25694882734593927
sun_alszeylpmfzmbxmb_crop.png,-1.4910544244744834,0.3041188716985753
sun_altpnuzstakbgjji_crop.png,-1.8743452818732935,0.172304579775768
sun_altvludmfzuqvqtx_crop.png,-1.981860043373156,0.08062562252671818
sun_altzrdmwmxjkuvct_crop.png,-1.7557667634002003,0.21277517325723602
sun_aluizcomvpimkerw_crop.png,-1.4870557182637154,0.1574391620191307
sun_alunasorzxjzhjbv_crop.png,-1.9985219261828049,0.23551333970158894
sun_alvjgqhcgxgrivmj_crop.png,-1.7550691807341787,0.14422324243129453
sun_alwagmykaclovukj_crop.png,-1.6775892900253253,0.10494011149748855
sun_alwnnkrypccpuhnm_crop.png,-1.8861048798797009,0.11144008896302476
sun_alwxdxldnifsfrwd_crop.png,-1.914444419682045,0.2899629616047527
sun_alwxqvbzflfzajwb_crop.png,-1.7920962862887495,0.2689388588526885
sun_alyfyjhxlcjwzogp_crop.png,-1.6354406639066108,0.0976977567886659
sun_alytyplqugkbcovf_crop.png,-1.9920430620938712,0.29517830236062276
sun_alzblwrqtgmqwsuk_crop.png,-1.4648141617527373,0.15068163508720536
sun_alzcgcpcmqqhyvio_crop.png,-1.6126436502311698,0.16319504446423586
sun_alziedzhqdwqeqxl_crop.png,-1.8656659287428388,0.22479569801414237
sun_alzuoqcraozgizrf_crop.png,-1.9261473266570652,0.33621056212262945
sun_alzyviiehnykrzcc_crop.png,-1.7853878072582032,0.29650990831115065
sun_ambfhzrjyjwifhkx_crop.png,-1.6612152834372458,0.2617805642633229
sun_ambmoucndadtumqb_crop.png,-1.9314030577236565,0.11186702993760983
sun_ambqrdegorbuvxzi_crop.png,-1.7082208371526144,0.12291475603951661
sun_ambrwzywvjncguna_crop.png,-1.9363034153885337,0.2333351958428787
sun_amdegzojyikmxnsx_crop.png,-2.0116662044997566,0.28409638906343615
sun_amdqdslugnoyrvuh_crop.png,-1.6918072500684171,-0.08296319796954314
sun_amduojhtbzioxdly_crop.png,-1.634210763769123,0.17416184281986413
sun_amebtecagubzprpz_crop.png,-1.877244349360541,0.17284189303025702
sun_ameioiqkkiesilgv_crop.png,-1.8785211829505148,0.15543153669163362
sun_amewbbekkvxhulxw_crop.png,-1.7490521817411568,0.026592455163883717
sun_amewqmzsjzykyove_crop.png,-1.9495585855926703,0.2727843226745015
sun_amfhbshdljryolot_crop.png,-1.8879000446520657,0.17577351772880045
sun_amfozoelwrahqguj_crop.png,-1.676202503385446,0.06004048725119647
sun_amfwdljjbcjufoyn_crop.png,-1.8227706521641525,0.09784137554898528
sun_amhcyeagbmxzyhoa_crop.png,-1.8971353485832045,0.19634013262822125
sun_amhhlmfdohmqtmpp_crop.png,-1.6622784651795117,0.22928189854866923
sun_amhygsoqlfgvcnwn_crop.png,-1.8833401800842013,0.137006893002722
sun_amiedwljnfqjrmsx_crop.png,-1.9469275310776237,0.17624658164438878
sun_amjxdqdhpsvxepvu_crop.png,-1.6559092056069615,0.1160143864464531
sun_amkgbemvkdbhpzri_crop.png,-1.7855502601701114,0.25062026027525514
sun_amlirccuwuzhpdly_crop.png,-1.8574291631151718,0.10063609859528229
sun_amltgebjganoiiih_crop.png,-1.818187942568157,0.13937453829106133
sun_amlwsibkdcroxxgi_crop.png,-1.722422570312914,0.26933706095954246
sun_ammaqpgtcgmzhizu_crop.png,-1.839927516808743,0.3115913410510206
sun_ammoqgmwsntcmtxc_crop.png,-1.820967455098271,0.08413006703840611
sun_ammspyttzyqpliiw_crop.png,-1.767287390353211,0.1012089096873351
sun_ammtyagxwuynloho_crop.png,-1.0267473953003308,0.10843448814795521
sun_ammwnbcxtrrnhafa_crop.png,-1.7729319666907553,0.15964523281596454
sun_ammwnsjzoaybosca_crop.png,-1.7655257786913172,0.1048934081810462
sun_amnfyehaljzgfcdy_crop.png,-1.855325101097123,0.15252604538318826
sun_amngvwzvecpxjnyo_crop.png,-1.642576762601368,0.17100996757535725
sun_amnkmeojepioccty_crop.png,-1.7874223057002938,0.20598123994296108
sun_amnlhuknqqtssrhl_crop.png,-1.9623664026774537,0.2544414010497162
sun_amnmxbybloeimbcx_crop.png,-1.8738483074366612,0.36842037577643744
sun_amohvnkrbmvwutfv_crop.png,-1.801310282909282,0.1475720275936697
sun_amooihhbpiuhzlcl_crop.png,-1.9081435285474477,0.23408493347143658
sun_amounerfmrjalosq_crop.png,-1.8441052699753213,0.17970898042711328
sun_ampdeluixumzkrmm_crop.png,-1.8264759686984666,0.33088284524431233
sun_ampjnwubvqspkvul_crop.png,-1.4735391807662304,0.25390955317781566
sun_amqejeymhjlanyvr_crop.png,-1.7058142734538495,0.178590169669407
sun_amqhruavcnsxzfzf_crop.png,-1.7156677553469553,0.11028465332437265
sun_amqjyrnwaiddhupg_crop.png,-1.9411791550767272,0.12461323700836129
sun_amqqhnpsuhldbjua_crop.png,-1.52534237675369,0.1919973135487392
sun_amqxpegrntkigpqo_crop.png,-1.8055163753402816,0.02554852293589761
sun_amsemacabrlvsidf_crop.png,-1.4789627207126836,0.24383530439074394
sun_amtfzvjrwjpncemv_crop.png,-1.7000926870534794,0.2662615619480947
sun_amtlxyuurchtjaax_crop.png,-1.7997511162723967,0.023858044634425167
sun_amuijzzaceciuwpo_crop.png,-1.7792030273459156,0.33255232739768825
sun_amukuctfzdxpmxse_crop.png,-1.9717860172615727,0.20118685772181213
sun_amutkwizhjulrmic_crop.png,-1.7435937574433416,0.19162466717383037
sun_amuuhhmpkazkahve_crop.png,-1.6937686174167594,0.036006731496854474
sun_amvilwabpangscuo_crop.png,-1.658817522242108,0.19750998912235734
sun_amvrmkrgqpwizsjr_crop.png,-1.6428576532429344,0.16312369597615498
sun_amwdhckrmgwuwpus_crop.png,-1.7906584412618476,0.21970158512134877
sun_amwvxdodipfjrvcb_crop.png,-1.5991829958057813,-0.17166544745184098
sun_amwxznprlkkgedxd_crop.png,-1.507481335959241,0.19769952910830507
sun_amyfrjfsypqohzav_crop.png,-1.4459313749518574,0.1576875833740573
sun_amzxxxijhnjjcwfc_crop.png,-1.7541902900001018,0.19698472078244017
sun_amzycvfigmisznhx_crop.png,-1.834440573579478,0.38861715233646005
sun_anaooaojimhclxkd_crop.png,-1.8298799461448392,0.1776357661484108
sun_anbbuxtgvwcarrdh_crop.png,-1.897217374206605,0.20777352816187766
sun_ancmowhdxmweaply_crop.png,-2.0288489908124614,0.09600142366292043
sun_ancomucdrbxydgbi_crop.png,-1.7005712989726616,0.24881921062476622
sun_andhehnqqowrkgih_crop.png,-1.3817719520088652,0.05508126014362259
sun_andleufklsnbmxrc_crop.png,-1.8208854152335165,0.1971139561021613
sun_andmnmhominoumgz_crop.png,-1.868327484218301,0.3292711977031381
sun_anenoyptsptrulcs_crop.png,-1.464442254140497,0.27558494614781487
sun_anerxoventcccyoi_crop.png,-1.6145352745008994,0.17343601927363494
sun_aneusnumtqoiwsep_crop.png,-1.8957815375892337,0.14254684468128243
sun_anfatystkvbbwisj_crop.png,-1.7806457556785937,0.22420045005654857
sun_anfenqqnkvzbyiby_crop.png,-1.6569922551092804,0.33497052058536986
sun_anfmhqhtpssommzx_crop.png,-1.6778975324451888,0.021294920924194587
sun_angffnbawysxqrcu_crop.png,-1.7746592296025339,0.28345425441240674
sun_angvzhbidnxzubxm_crop.png,-1.9785858127092595,0.358746982097575
sun_angztaprunmyibet_crop.png,-1.7306737503001177,-0.02811332066278047
sun_anhlrgdumkwldqlr_crop.png,-1.4680695748576833,0.14599178699710796
sun_anhseipqoimcwykz_crop.png,-1.9528796931671033,0.29831473276877346
sun_anibzkzcvoyjvpyp_crop.png,-1.6322673298649215,0.15724137931034482
sun_anilrtmxyhkfijik_crop.png,-1.771868416022747,-0.0334895769088442
sun_anjxttlwbnlvxxmt_crop.png,-1.9893362648075914,0.08569252435834794
sun_ankpieadnelxvzwf_crop.png,-1.8725847421956312,0.16741262503974366
sun_ankqmfvkfakbjogn_crop.png,-1.6967934314251485,0.17691917224445466
sun_ankquksvpuhjjgjm_crop.png,-2.008065673379657,0.09239682426149774
sun_anllripnooczomld_crop.png,-1.7686261658073092,0.05760188087774294
sun_anlxonjpwsxqtkbg_crop.png,-1.5418847807885216,0.24675324675324675
sun_anlzbviojjbukalk_crop.png,-1.8132787237003951,0.1359639305471173
sun_anmfgzahfnurhlih_crop.png,-1.9285621090674503,0.07004930979648019
sun_anmrwbmvryrtrsji_crop.png,-1.8447654876137352,0.13471182068257498
sun_anmxuppwoctcotvi_crop.png,-1.984820922422446,0.3735759614649438
sun_anmyawedxexdyiuv_crop.png,-1.4312668807168942,0.18508936678316898
sun_anmynxfrmqhdjsqk_crop.png,-1.35667998372687,0.33820291972283933
sun_annlacsecsogtixq_crop.png,-1.8248359213398537,0.29745998393177187
sun_annleqoznrwtdzyv_crop.png,-1.4497905925863825,0.1357527035205719
sun_annolgpyqkyapyii_crop.png,-1.9669745900424493,0.08938510469122714
sun_anntyhvbvtudfiai_crop.png,-1.850967053171048,0.2633781928041747
sun_anoevxwudktubwdj_crop.png,-1.8335694387671164,0.21211679798715485
sun_anolmivuosuubrpe_crop.png,-1.8907059316906818,0.3854875046935625
sun_anonbpxyrgrsdwiy_crop.png,-1.6381106735136677,-0.027667029116829788
sun_anorofjqndvviewi_crop.png,-1.6664046704411535,0.09188809416859589
sun_anowzijwkurybpjf_crop.png,-1.775907078656472,0.23962874419912814
sun_anoxlkbygtpzxvew_crop.png,-1.7731356475394129,0.1892995600470445
sun_anpglowwppwmazeq_crop.png,-1.8256157647224187,0.2263874066168623
sun_anpyjbrcltsmcmnj_crop.png,-1.6187698610020178,0.28417566651271114
sun_anqvikfasjffokmx_crop.png,-1.7710065214855177,-0.024342083245016122
sun_anrjlinwiocruyhk_crop.png,-1.750667272340602,0.10077354339649422
sun_anrqfhmdscxifpze_crop.png,-1.977255723973845,0.29508402622522545
sun_anrsgsxkwchimlhw_crop.png,-1.8028561593306505,0.3097328071130467
sun_anrzovjvgmqpesvh_crop.png,-1.6705883240699648,0.2813300256081946
sun_ansuzbctxrywhaoc_crop.png,-1.9299861599457275,0.11932836288453103
sun_antwsmsvgvpjrggt_crop.png,-2.012348025542017,0.2526100938312213
sun_anuezgcilfscshft_crop.png,-1.9340290837734873,0.1996674518497991
sun_anuocfbudybnkgtg_crop.png,-1.738331858405796,0.2279148452742585
sun_anuvmdrdqvyjjjun_crop.png,-1.5626968651172428,0.20824843753577071
sun_anuwdpociubcrnwo_crop.png,-1.790568765866219,0.00582453141217413
sun_anvbkxfrupueulwt_crop.png,-1.7197996055483733,0.012951334379905812
sun_anviojkoliokdaqj_crop.png,-1.7484013653883506,0.20142506802015595
sun_anwejlmhdoviaggk_crop.png,-1.80019365189105,0.2457819848782521
sun_anxhfjsiyqqxktvg_crop.png,-1.8205351576196507,0.30548842771369494
sun_anyezyiwzjhodhcu_crop.png,-1.697082889341064,0.1622619336543743
sun_anyfpgkugmoczoes_crop.png,-0.8753513748278992,0.1909843354538614
sun_anywjukyqeymtoop_crop.png,-1.6229041696659645,0.32902899569566235
sun_anzbjguxdgpobefx_crop.png,-1.8850116896621254,0.24464547743090614
sun_anzfzveujnerudao_crop.png,-1.995753598625015,0.17867343218279044
sun_anzsltscazyqwmfu_crop.png,-1.3838381677979597,0.37250171619103656
sun_aoaatmszjdqxdyvd_crop.png,-1.9805948341953523,0.33726739453815713
sun_aoaoyvkvxvircvoh_crop.png,-1.9042781767317454,0.32985120260905015
sun_aoayxaizysiymfbi_crop.png,-1.963237443964293,0.23481947916337056
sun_aobqhzdewpfntusk_crop.png,-1.6481158448491757,0.3102522228270731
sun_aobtxcfhonocdiap_crop.png,-1.8850848080997777,0.013647988839804686
sun_aobwzhdbkhjiatbh_crop.png,-1.7181168761111072,0.3539163651492038
sun_aobxaeioyhkawcuz_crop.png,-2.073955488575988,0.09857704837420861
sun_aobzojzeyotxkmpe_crop.png,-1.5543401814707802,0.22495061572731476
sun_aocjdavnqujagyuj_crop.png,-1.6509542962669885,0.17134075541288163
sun_aocrerwziwqawiyw_crop.png,-1.1303192453482351,0.3347599115835018
sun_aocslujatbcpnmtu_crop.png,-1.80429509431673,0.2542954050306992
sun_aocykqqaeuhnhdtf_crop.png,-1.8642387629760735,0.1324542124542125
sun_aodhpulxctmbkiaw_crop.png,-1.9372000830676102,0.17693284529767686
sun_aodzjszmksvzawms_crop.png,-2.03830030382124,0.1601019740793636
sun_aoekttxtgubyqqkj_crop.png,-1.89245440810557,0.129024299987665
sun_aoezxgrtaqrlkgth_crop.png,-1.6283382015627204,0.056092080414983383
sun_aoftspscecqkstsv_crop.png,-1.7307319123243534,0.18416863574182316
sun_aogdjwjqkdzojffz_crop.png,-1.6543672993920837,0.2505672842165733
sun_aogfclxopyvidkjj_crop.png,-1.7160997482168638,0.14311657386138138
sun_aogfdxxrlxlzuony_crop.png,-1.9217058625542232,0.21215274493110078
sun_aohkvzillyxwobig_crop.png,-1.6162873528187138,0.016255925346834427
sun_aohmbclrzefmeokv_crop.png,-1.9772160170362572,0.22521013135849746
sun_aohraidgjkdvkahb_crop.png,-1.8651990396503055,0.08685031890351473
sun_aohyshcttpnahvzn_crop.png,-1.7142511567657097,0.2630703059992734
sun_aoigujdcxclieogi_crop.png,-2.0959264705681044,-0.013233228270236447
sun_aoitrrpqbhvncixt_crop.png,-2.0650799314859825,0.13566828914351362
sun_aojnrgxntgmzbibn_crop.png,-1.6465749305778916,0.030391336137926654
sun_aokndiuevbwvfvdj_crop.png,-1.764912978622879,0.12741114484729418
sun_aokprwxcpsopjrrr_crop.png,-1.8064276851207028,-0.10360151031077547
sun_aokqlicmjcpdmupe_crop.png,-1.554867264966243,0.1956090026478376
sun_aolcsrlldzmanqss_crop.png,-1.8608309751136074,0.12779065012948074
sun_aolszpfinyhcekon_crop.png,-1.6249217825074167,0.09277420948616602
sun_aolvsjfaxfpmcnah_crop.png,-1.5980706539097607,-0.055503181711053506
sun_aolxzcseeqfnjnmy_crop.png,-1.6980936136194684,0.13389057168053373
sun_aomdgugbauosfnuw_crop.png,-1.8069625191834733,0.07192793250015861
sun_aomisxgmimhjboln_crop.png,-1.6990004239733574,0.0908692767086928
sun_aonbsorfftjeuufx_crop.png,-1.9482961104296947,0.1508329693641979
sun_aonhxkxmksvewqlr_crop.png,-1.9749579849188763,0.34461186686705975
sun_aoocdeplyhpskwtv_crop.png,-1.9791419918841677,0.36285695333488116
sun_aooqchnsfhlnpkmv_crop.png,-2.0206042214153372,0.1452173043117863
sun_aoozinnydxwgtkbh_crop.png,-1.750288166197294,0.03400818647515869
sun_aopbrvwiyhcssnch_crop.png,-1.7484854224878015,0.10720700344584438
sun_aopziwmaqlmvihfc_crop.png,-1.592565773703843,0.18208990913438547
sun_aoqhgkhpppykqmtl_crop.png,-1.7853752491377253,0.09903836621393874
sun_aoqsxfzxvbfahtbn_crop.png,-1.6322391229099862,0.16457421533074904
sun_aoreohelddwowcin_crop.png,-1.8154114830608943,0.3437101120408453
sun_aorndcsozkljsicf_crop.png,-1.6983428478827647,0.17822487719085453
sun_aosrltwydxkvjtaa_crop.png,-1.8671868182613542,0.26640003962259484
sun_aotcbqxkungjmspm_crop.png,-1.8465689978601152,-0.020703249021060424
sun_aotlenmjixkkowsl_crop.png,-1.8724044690410462,0.260179603887317
sun_aotmgezxxjvdutzy_crop.png,-1.648634597548685,0.19659004624836066
sun_aotquvplzvohzwge_crop.png,-1.8249568810534822,0.22067184715537835
sun_aouixwxrvqihfhgs_crop.png,-1.8014954544414203,0.2350254469528905
sun_aoumcxqghppwjchf_crop.png,-1.826094785066736,0.17815278058765427
sun_aoumgforqudqfymc_crop.png,-1.7308409731597727,0.2538427156017978
sun_aoupytsgulfvtkwo_crop.png,-1.7885068952530179,0.3059052653543855
sun_aournryqvetfkukb_crop.png,-1.484046061046751,0.06511652020634055
sun_aouzbatltwkgbkjz_crop.png,-1.7130781917303985,0.24424972617743704
sun_aovaukclleibqbrx_crop.png,-1.6940766832161096,0.20904923498243735
sun_aovleumwusplcnph_crop.png,-1.7001742818358505,0.3084607927617406
sun_aowraomdqizkrlpc_crop.png,-1.961770439367067,0.06490924154552986
sun_aowuzhihyufpxmrn_crop.png,-1.3069717808347292,0.17287978797879788
sun_aowyicudzkvplmff_crop.png,-1.8291780591211306,0.07992287824220598
sun_aoxsllohxfctdkrw_crop.png,-1.6611030334920585,0.1738620228358191
sun_aoxvmoamyjmvdfwd_crop.png,-1.9129863668726357,0.21331724510208613
sun_aoycolpphkowbnwo_crop.png,-1.7312199357654592,0.043521197284967165
sun_aoyifrzyzrepokaf_crop.png,-1.3318765590148167,0.276472467312162
sun_aoyirwikmterytcy_crop.png,-1.518686395783037,0.1365006632099361
sun_aoyxvextaeonmyll_crop.png,-1.8281380301377324,0.07944229085907215
sun_aozufanivkamunfk_crop.png,-1.6479672248785309,0.103544216558396
sun_apagjbbfqndynhgi_crop.png,-1.8631964363290185,0.16002219228025677
sun_apazuybjpeuvqyzl_crop.png,-1.914559150264377,0.04468668966038117
sun_apclutakotaszosq_crop.png,-1.8953953695963977,0.29119254455728205
sun_apclwfhgwdpsdwdg_crop.png,-1.8794546925208286,0.15179667190118634
sun_apcycwkrlewobfmy_crop.png,-1.4623549534762217,0.34848252284936865
sun_apdbcyzwitltnzyz_crop.png,-1.6328212295630153,0.0790503491013762
sun_apdohrqdikxhoktt_crop.png,-1.7000383388163336,0.027799128875224184
sun_apdxoksqpmpghypf_crop.png,-1.9236477007480284,0.19719080378024265
sun_apefvvvqcwwzhkmt_crop.png,-1.7215934223107494,0.06770128853135901
sun_apeigtvgczyjmtta_crop.png,-1.582883865143665,0.19382432449583084
sun_apewureywfgoleiz_crop.png,-1.64893763253032,0.07632944462503462
sun_apfagbhwyzrpjema_crop.png,-1.646815992002365,0.09677344286329312
sun_apfdksmpjzaykgce_crop.png,-1.2973525667570682,0.18602016005287883
sun_apfnwcsymntkbqrf_crop.png,-1.902765426848763,0.3260472282939765
sun_apgjuapwgvnotoph_crop.png,-1.8219173925462242,0.03789317873442704
sun_apgolvtnrlssmvxc_crop.png,-1.7587727928213042,0.2878145777667309
sun_apgpwpqulgfxcqrz_crop.png,-1.5329521121330214,0.08252926123253766
sun_aphjjmpfcgpkxrvq_crop.png,-1.5079422926204402,0.2877763358604831
sun_aphwezpqkplhxsym_crop.png,-1.462120565668754,0.05900465136592931
sun_apiharrkzncghpdz_crop.png,-1.6841143035781754,0.324103189875002
sun_apimqvbxmpxvgarm_crop.png,-1.8604099227686925,0.23286788700438366
sun_apjfvingpnwedfpr_crop.png,-1.6195180324837293,0.22113859423019722
sun_apjlnsqddbgntlqw_crop.png,-1.9071501830251458,0.15357598558293103
sun_apjxrjvecqsutajy_crop.png,-1.152157398734113,0.2832102196543066
sun_apkasfdstldknelw_crop.png,-1.7347767139277077,0.08256962250260212
sun_apkathblcblsmspn_crop.png,-1.824460807445339,0.30117835547056704
sun_apkdsqjzfpplctpg_crop.png,-1.7691710354079855,0.16076083414793088
sun_apkeqvuqvhipxuur_crop.png,-1.9194290655906823,0.28255597253069875
sun_apkevgydstxqtuky_crop.png,-1.816205127424484,0.23433332069126814
sun_apkhictgeopsiugh_crop.png,-1.9313995970721505,0.19724107387096354
sun_apkmjlvcpoautimr_crop.png,-1.9172281726430254,0.27093135435992577
sun_apkqbofgcrmwisep_crop.png,-1.5090586650173223,0.2933966530981456
sun_apkuliufscsruqvf_crop.png,-1.760364261001435,0.02968329272983716
sun_apkwsmeiqkyugusm_crop.png,-1.941679741665114,-0.018346876587100047
sun_apkyagytekpxaoeq_crop.png,-1.5363346839825869,0.16240731082337465
sun_aplmdlhudggvdwhq_crop.png,-2.0165367820134725,0.20206699928724156
sun_aplqfncwnpkugcxq_crop.png,-1.762917318508131,0.21235054089960143
sun_apneoendixewynft_crop.png,-1.6000490269350367,0.22513983649886285
sun_apopqkasbedjlngs_crop.png,-1.3932786333840506,0.19576020959827
sun_apotxfvpiusyzruu_crop.png,-1.7185644361201045,0.2036363636363636
sun_appkffhwngpqbqyn_crop.png,-1.6482485553229715,0.3371610436242393
sun_apqfpkuwllvojdvn_crop.png,-1.741786076459191,0.31747295410923043
sun_apqnwsumqgajvcnx_crop.png,-1.8146424249605042,0.11086630714642551
sun_apqqbrgryhnwwkho_crop.png,-1.98190462451548,0.18728030478435664
sun_aprhwrjtwebfkcsp_crop.png,-1.4401978646839806,0.10840091298265546
sun_aprlbkhfidcgczoo_crop.png,-1.542593131843812,0.1762338381043417
sun_aprqqohgqqrihzkc_crop.png,-1.2005549911937827,0.2371110969143295
sun_aprwqzvosiakcmmq_crop.png,-1.665299002211597,0.10326858015933643
sun_aprywzqxjcezkbch_crop.png,-1.860345418353764,0.10669939358937339
sun_apsafsrfjzzxyudp_crop.png,-2.009498634954664,0.3206512095581712
sun_apseetmihefjctko_crop.png,-1.5882141485035706,0.22527671928869533
sun_apsotzhspziybbdi_crop.png,-1.8147753028631022,0.1332485891490194
sun_aptmcnbprikvvuad_crop.png,-1.3866918489398359,0.3529857217886239
sun_aptrqvaooxfvktvw_crop.png,-1.6277891042558177,0.1705439349244659
sun_aptvmrmciicysoyw_crop.png,-1.6948037128300608,0.40012166272389316
sun_apugefkmqxneabug_crop.png,-1.4886602991737647,0.19694077082393233
sun_apuhgadxtejrtcde_crop.png,-1.7214639324759755,0.1607952887497679
sun_apumvnycvwtrdlmc_crop.png,-1.8051019918645932,0.09536756488980544
sun_apunphspmgcrdszf_crop.png,-1.8231388071682504,0.20504241107256183
sun_apunwgjjmfutuzff_crop.png,-1.9013861690891183,0.16956668239099673
sun_apvezhujkdvbqfao_crop.png,-1.4918303575471845,0.01590523041627142
sun_apvmzzkwfayvhqop_crop.png,-1.8426597666957687,0.126360345434119
sun_apvtpjdfgucfbnsd_crop.png,-1.8065162354016449,0.26845670528175936
sun_apwiulugqmiatrvf_crop.png,-1.8854561638608713,0.18293650793650798
sun_apwnjtyfetkjifhl_crop.png,-1.937455359652586,0.12577833125778337
sun_apwqyecjudbhbsmm_crop.png,-1.9582214210030535,0.3045160981104042
sun_apwrxtajvdjthbdi_crop.png,-1.7629972086550847,0.024479131774636564
sun_apwtcrbomkdjdhqt_crop.png,-1.9505265617856822,0.11440284744329195
sun_apxhdmbhmgwllujk_crop.png,-2.044834742378831,0.13498504356873456
sun_apxxteehdlruxqjw_crop.png,-1.7286574731000608,0.1370220084379115
sun_apymmduvnmoigofx_crop.png,-1.833106205924895,0.06619294044952499
sun_apynckhmoftszqoq_crop.png,-1.9466844023652536,0.27212056864718775
sun_apywxiioqbdfnyuy_crop.png,-1.7741785382076243,0.17921533773489082
sun_apzggxygclgevoqs_crop.png,-1.8627098621586515,0.2911212836468541
sun_apzhvyvljzvahpvh_crop.png,-1.6795319828268676,0.282662816738095
sun_aqbdmposqqinukdt_crop.png,-1.8036032537372382,0.2910567105425021
sun_aqbfaddrljbmsplt_crop.png,-1.760363134719096,0.019409019409019415
sun_aqbrllxsdkvunsgl_crop.png,-1.9068012089760995,0.07309085358238161
sun_aqccarxtgozyexmy_crop.png,-1.725533625163537,0.1884955557511221
sun_aqcjjfmxmajbdrpl_crop.png,-1.915416003274848,0.27412226181597193
sun_aqdgdufzitslxyrd_crop.png,-1.960992767718977,0.13342335066377264
sun_aqeihowlpdprvqfx_crop.png,-1.7182274808058682,0.1983882121389436
sun_aqemqtwywupklwqe_crop.png,-1.9111940384528359,0.10195515298795979
sun_aqengtehhtetoqlq_crop.png,-1.8959742996582578,-0.024576225437270567
sun_aqewkatjbspfgbnv_crop.png,-1.6499841012171446,-0.010478573662808873
sun_aqeyhuydzgsewcoz_crop.png,-1.7418497951375864,0.21875621643127113
sun_aqezafmogzlbsghg_crop.png,-1.866977949418132,0.39302783244307005
sun_aqfcrqtivzbiesyd_crop.png,-1.57758496981669,0.13515799573291584
sun_aqfkmufjxdbrhzeo_crop.png,-1.8233365484030655,0.2805057376485948
sun_aqfpcetzpfirylrm_crop.png,-1.6619818585051376,0.274438568683284
sun_aqfsturbsfjnwbsg_crop.png,-1.7925718380985032,0.08727615226538801
sun_aqgajstecennplvz_crop.png,-1.998835608728472,0.14395205103340306
sun_aqgavrpvznhfbxvc_crop.png,-1.5591814949201896,0.21212121212121215
sun_aqgcopgqkxfdxadx_crop.png,-1.7749678847762635,0.16727993206906316
sun_aqgexrnltdqnqpsi_crop.png,-1.7900612262041444,0.1579883630433977
sun_aqgryzhqwubqystm_crop.png,-1.9445984829590814,0.05426477467643848
sun_aqiiuxgbwrioenat_crop.png,-1.6022032897282674,0.19530117273417696
sun_aqjnhwpsgmjhwsco_crop.png,-1.7570582667138481,0.05532376909188504
sun_aqjtabgzsaljobyq_crop.png,-1.7694786116384957,0.2859907550077042
sun_aqkhjagsapfaidyy_crop.png,-1.9175847874610688,-0.0030550479671082667
sun_aqkjiolbtywtaxak_crop.png,-1.8431277876027026,0.16353042441898955
sun_aqkuvvxyovwgljht_crop.png,-1.550332605906873,0.08349752565982403
sun_aqkzegqxvdgdpomp_crop.png,-1.761447444678348,0.20139692567429573
sun_aqlewuabknarweqa_crop.png,-1.8717534873930801,0.02872667651323187
sun_aqleyaydniythjqu_crop.png,-1.907037545999272,0.18348194556372996
sun_aqlfunknsnmrjjdy_crop.png,-1.7283294837201426,0.1645521585691337
sun_aqlqigrtvsekvebg_crop.png,-1.6255123064939998,0.17317029512451615
sun_aqmfgoazeflfvzhg_crop.png,-1.9979437450859834,0.2246130402268847
sun_aqmnhhbtwrfooxbw_crop.png,-1.9146212843588344,0.2290074266818453
sun_aqmrketrrebvwomh_crop.png,-1.6716990052463578,0.1672456512299165
sun_aqnnuadzlangbbeo_crop.png,-1.7215687799085948,0.01645032623982664
sun_aqnwazjaondkjalb_crop.png,-1.7404375738703004,0.12023835683724776
sun_aqnzwgysukxgptzn_crop.png,-2.0406925682678647,0.2072545151009258
sun_aqogketumcqznmzs_crop.png,-1.9628717815648544,0.398696866273658
sun_aqolqzaeomwpdrma_crop.png,-1.9147673294939327,0.2532230941704037
sun_aqoohxnqrccqkmrw_crop.png,-1.784887635024357,0.2079450361354127
sun_aqorlaxzrqoixeha_crop.png,-1.813538241790424,0.038354693131473744
sun_aqpfljpujcdlmoft_crop.png,-1.8078595284573504,0.23709049814431932
sun_aqpikccvelbvogjd_crop.png,-1.5535348459332408,0.11465353269426982
sun_aqpqsloucwbzovuq_crop.png,-1.5453115013117986,0.1926361317511367
sun_aqqcbttskkhrsizp_crop.png,-1.9122731505017452,0.006279829188646084
sun_aqqeagntikgtirgs_crop.png,-1.8687643422454996,0.046439590122294226
sun_aqqemexmeailbcvi_crop.png,-1.5750299370948704,0.27515413879050243
sun_aqqgthzskkqzfwlt_crop.png,-0.7851849499323228,0.23128744633674578
sun_aqqofuceoghhjfif_crop.png,-1.9036110668887658,0.39682020617272423
sun_aqqoustnvpcazazn_crop.png,-1.6308777078312224,0.19055944055944057
sun_aqqutfrgopgqhqaw_crop.png,-1.7637975397470806,0.22112111099875284
sun_aqrgqdlvofssatit_crop.png,-1.567331567179126,0.047329996568575256
sun_aqrrfeqaylcbuioh_crop.png,-1.7476343729975798,0.15394440270473328
sun_aqrurkrtairpvugl_crop.png,-0.8183385307743344,0.33557758455413833
sun_aqsiumolohhvazwv_crop.png,-1.71007749107137,0.2821716640963
sun_aqsqgonunzujipwv_crop.png,-1.5677242616065263,0.26784602383917455
sun_aqtwjctetrfnpwao_crop.png,-1.8816854913741832,0.25572837337543225
sun_aquhvbuvcnqhjevh_crop.png,-1.7767062015957307,-0.03543017753768002
sun_aquotikwdgfyecus_crop.png,-1.8890168429742265,0.17994138214726452
sun_aquzvivlgsaecohj_crop.png,-1.7240003404018422,0.2195975698121621
sun_aqvaraecjcvxpprf_crop.png,-1.5438158010567133,0.3693069306930693
sun_aqvfovrihyokqdmm_crop.png,-1.8506889033359613,0.1644199682174365
sun_aqvhnjmvnuswbitz_crop.png,-1.8150859548299407,0.06186359973628305
sun_aqvldktdprlskoki_crop.png,-1.6934742247410504,0.1748810476230578
sun_aqvpthvhlcdrhemi_crop.png,-1.5187396299978482,0.14328088137611944
sun_aqvroiqvxudmlcpy_crop.png,-1.8647247020024051,0.08096748213027281
sun_aqwuzuyswxtwdlif_crop.png,-1.7959962889530472,0.07381424431904834
sun_aqxtkzqbdlwlhcqj_crop.png,-1.8069389596158911,0.36300001272701826
sun_aqyaowcepclfsyhq_crop.png,-1.5987041458838545,0.2761374033103219
sun_aqyckkqfuhadjjad_crop.png,-1.825926542542519,0.3272996887178607
sun_aqytiseksxuezunr_crop.png,-1.712946915614572,0.28438469493278185
sun_aqytxlpqgdgggfum_crop.png,-1.8559505943315782,0.3443243831903489
sun_aqyuhsnqbqncjkha_crop.png,-1.8798940765390486,0.14112626685971197
sun_aqyyqhbfyinaxiuf_crop.png,-1.9409358260056584,0.38167398571147676
sun_aqzujxfzyxthzaut_crop.png,-1.663816684417908,0.2496109127529067
sun_arafeuxhokkiexpu_crop.png,-1.8561338350228165,0.11689443454149337
sun_araqdmvdflrtcxzr_crop.png,-1.6628825199192125,0.19390390322361417
sun_araqywvyndchlswi_crop.png,-1.7634157307648488,0.20547910870491515
sun_arbgxdwiihydaexy_crop.png,-1.9125738443481555,0.07908440008678673
sun_arbxtalccgbolfts_crop.png,-1.594795933823961,0.3399980892849832
sun_arcladlfacwdpscn_crop.png,-1.9437584991217622,0.13076976663183565
sun_arcmgruocwflxapb_crop.png,-1.779624970863626,0.2334475233764492
sun_arcvjzhtdvqocpbq_crop.png,-1.8820219115230912,0.18672250616484595
sun_ardczdjeutfxllrc_crop.png,-1.8220122438729756,0.15668434413250562
sun_arddxtgagmcfpsvm_crop.png,-2.0977907341605744,0.013776111692474785
sun_ardfrzufqfatdwqw_crop.png,-1.539826099608477,0.08325559963586915
sun_ardxvyshkfeprpqr_crop.png,-1.9318123085043692,0.21406384048753072
sun_ardyqbhpwglhclqi_crop.png,-1.9507310050272875,0.2233697960917587
sun_arejcfmhcfvoathe_crop.png,-1.8990452499554529,0.2827644332069111
sun_areklalvchibucgs_crop.png,-1.3803122482295422,0.35096521813079345
sun_areyvdkepydnktvx_crop.png,-1.869485019756613,0.33207639970489383
sun_argtglpwybeupryh_crop.png,-1.7258156514533398,0.004200086025858339
sun_arhdzofgcrydruxn_crop.png,-1.5496274582090104,0.2259896572835389
sun_arhosibqlrrsgzdf_crop.png,-1.874130709581055,0.37874012525070605
sun_arhsuyqmegcknown_crop.png,-1.4450327154927545,0.3331718729065969
sun_aricwbltlggwttjs_crop.png,-2.0277981624673975,0.2299026777677768
sun_arjrsqfytymzaaig_crop.png,-1.7222046395524582,0.17401716697491343
sun_arkliqrdotwuomtv_crop.png,-1.8658379255842708,0.11677537232573457
sun_arkoeugsukzdujlp_crop.png,-1.7194067691332668,0.234159073431055
sun_arkpwoalxuufcgnr_crop.png,-1.847471795904356,0.2568181818181818
sun_arkqnfqxddjeoygu_crop.png,-1.4927665073334082,0.1509724304307683
sun_arkrhaxreyobmoej_crop.png,-1.934276113102844,0.18038917157471587
sun_arkuuhnofvmpaggi_crop.png,-1.8785560766210594,-0.010082891697241483
sun_arkzxnbzypwgwjbv_crop.png,-1.6889027472971267,0.029643206256109483
sun_arllmrjljhvexskj_crop.png,-1.9292998803667958,0.14036149666375744
sun_armcdmakeeediqfv_crop.png,-1.8516915757450128,0.17651938876548826
sun_armdubdwrnqvanjb_crop.png,-1.3152972500287794,0.20346155180187994
sun_arnmywefeoxbdptx_crop.png,-2.0067830368354986,0.27542705002674894
sun_aroffbydciklmtag_crop.png,-1.8804997652313997,0.21358275833631143
sun_aromcwcbssvytzjr_crop.png,-1.881730040635967,0.11365895856735224
sun_aropcroyrdfggrtz_crop.png,-1.5238346976275283,0.26707811374581614
sun_arostrfeclmqdszk_crop.png,-1.4558672956867762,0.24869791666666666
sun_arotwgfgyuobyzwx_crop.png,-1.4785499101602042,0.11208767361111112
sun_arphgijlmcqgezfs_crop.png,-1.7084723932843722,0.04116493365619556
sun_arpsltbacecrrung_crop.png,-1.9585280207514324,0.11677629068933419
sun_arptzpxfsrmldbck_crop.png,-1.8203973828422775,0.07056476076200234
sun_arqgdanaoioujecm_crop.png,-1.9064684698757868,0.13855818714680354
sun_arqytzkpngcoiwnk_crop.png,-1.7574547480698872,0.17296460897689464
sun_arscubfhzahugepe_crop.png,-1.915789652811153,0.0973279593969249
sun_arsnugcevxhtddoy_crop.png,-1.7591452392042015,0.08116883116883117
sun_artaijmlasgobgax_crop.png,-1.8370484381706993,0.195192803951928
sun_arthcuwvawkizmbk_crop.png,-1.707396973204843,0.1576503091698461
sun_artqtbphljpsxezt_crop.png,-1.7742203075195384,0.042003272318232955
sun_arttqqafuctvnhog_crop.png,-1.8945495825563778,0.1835491345236473
sun_artvfuvuljrbldkk_crop.png,-1.3906398398021187,0.05034057660949913
sun_artvvmyicbjojrao_crop.png,-1.8608977317273692,0.06136548561284119
sun_aruigzptzmqdseng_crop.png,-1.977387303162201,0.1874861381502748
sun_arujfrqypophmptj_crop.png,-1.98261257164056,0.34855012763198767
sun_aruuuceioerjyxhi_crop.png,-2.0487955779731784,0.25867826980508013
sun_aruwnupirfodrxbc_crop.png,-1.7394533204033173,0.0754808273859925
sun_arvgcdvzsulunfqt_crop.png,-1.6102864320341383,0.2468035918183228
sun_arvltmzmdbdtmunl_crop.png,-1.8976932180619535,0.3705439016880631
sun_arvmoshcvozfjzti_crop.png,-1.738596888096559,0.12392457700028679
sun_arwczxpmxdtjylfn_crop.png,-0.9810467344897275,0.21403049948430825
sun_arwupexisjidbjsj_crop.png,-2.009711199723621,0.1358029157472054
sun_arxvwxwcitautlsx_crop.png,-1.6856989064020178,0.11637648745165395
sun_arxyfbqfjqesqjkp_crop.png,-1.7925525898998271,0.23578654027604062
sun_arynakkxxuoxuxza_crop.png,-1.7357561338437277,0.12268866582679724
sun_arzfimvznwfbitvo_crop.png,-1.6741700535917274,0.32379266133463575
sun_arzmequecbmthsfa_crop.png,-1.9292186601150176,0.024624395212630507
sun_arznzuqbxbeazopk_crop.png,-1.5267573221621908,0.034888051017083276
sun_arzqgolrrmfeptxe_crop.png,-1.409320980541018,0.32455982752425444
sun_arzquhsfycghaleu_crop.png,-2.016842342314348,0.11253825762911551
sun_arzwemuhikrgleki_crop.png,-1.815125016038241,0.1287104828301591
sun_arzzoipzotrmguiz_crop.png,-1.659916521442851,-0.07848791987267702
sun_asatxpkpcyudrxxu_crop.png,-1.8485336733713618,0.029290298821548797
sun_asaxmoidfrlpoisc_crop.png,-1.730471661880381,0.345526520472249
sun_asbsupfacykfspsn_crop.png,-1.655212323929428,0.31775987725354815
sun_asdkhphsfkespxnv_crop.png,-1.5445831743131355,0.13679255152212577
sun_asemkfzrcriwppec_crop.png,-1.5370374228508745,0.31335612456103634
sun_asfazrpaywevtmdt_crop.png,-1.7633741756454095,0.12398959140737459
sun_asfydhkvsqabzdon_crop.png,-1.7185511246940177,0.17856248434760832
sun_asgaxsszhqyotaoi_crop.png,-1.7989887853017084,0.13293357022998714
sun_asgdcrttqnbyszzr_crop.png,-1.7525019093747911,0.08529657190539874
sun_asgixjtedklbawgm_crop.png,-1.864989520936111,0.09100775767442433
sun_asgvhkfbcdxxihwo_crop.png,-1.8628684356449363,0.15086022317942516
sun_ashjgsspyetcvpqc_crop.png,-1.4862700574184362,0.27507679271263635
sun_ashshcdkqbsefpok_crop.png,-1.7643575764925274,0.08912914496670843
sun_ashtwbbqfvraarza_crop.png,-1.7667364772521814,0.0446600677259703
sun_asibvlgdfxifvyot_crop.png,-1.8673051510279457,0.1403890389038904
sun_asihbucfllgjwnrd_crop.png,-1.6936288774600687,0.2641996034207997
sun_asiwbehiysbnmack_crop.png,-1.7842039277707615,0.10034071751099376
sun_asjbgrbrndrhfdqk_crop.png,-1.7516587636228411,0.11415789717676511
sun_asjekjrkafpjmizl_crop.png,-1.834824177239949,0.19475075296576314
sun_asjlddaptxhgowcq_crop.png,-1.4340937647734269,0.1665216838854082
sun_asjlicqupakzildb_crop.png,-1.7186135941994607,-0.07384889541130533
sun_asjqltgedzzxlfjt_crop.png,-1.7868334908807941,0.14910289155866682
sun_askdibmuvwxacrcl_crop.png,-1.7011297525474003,0.10692570072667952
sun_askztoncwtqialyy_crop.png,-1.908465369721304,0.22079454569293303
sun_aslhriycxxaantso_crop.png,-1.8964070836788773,0.009021512838306728
sun_aslosgmmufogvxbl_crop.png,-1.7813550708245254,0.042482969227155276
sun_aslpisizkmqugezu_crop.png,-1.6058092597668276,0.2467957520827611
sun_aslwhkxmvujdtbbm_crop.png,-1.693642763906852,0.29732225300092335
sun_asmnodkfzopjfava_crop.png,-1.887545219788839,0.08176560355993279
sun_asnhdifmjoctcdcm_crop.png,-1.2130622203378207,0.24800864434818368
sun_asnpboslmywbvuow_crop.png,-1.956522264915453,0.07397792810649753
sun_asnqkkyhilqkxiqm_crop.png,-1.8326510334384418,0.140285179317298
sun_aspfanuyskhayuez_crop.png,-1.7908356711195568,0.12535808826195743
sun_aspojfbmwhlaoqps_crop.png,-1.642422417452258,0.20974270020237062
sun_asqftgdgvjmireee_crop.png,-1.997173033200102,-0.09338914549653582
sun_asqpxkqwlobthaps_crop.png,-1.7037944602900557,0.15434958539074137
sun_asqvztdbgceapyzn_crop.png,-1.9316494582319295,0.26723813820588016
sun_asrgrpssrlpgkgmg_crop.png,-1.529930727740072,0.23667611828019214
sun_asrjaxaxifjplooq_crop.png,-1.9244158016536654,0.33836360723077596
sun_asrnkjjthwcofyjv_crop.png,-1.5500023835667436,0.07684574371950117
sun_asrprkkyofowmtrt_crop.png,-1.6042478608883182,0.12288168582773208
sun_asrsfxggcewkhbkh_crop.png,-1.7186073863605624,0.09814380891705991
sun_asrxvexzvimvftnq_crop.png,-1.9298052583526302,0.05612211155641972
sun_asrzalpgdaufjtnj_crop.png,-1.4752184301943474,0.05293962284084307
sun_assbrcuvrldvxptz_crop.png,-1.71459266059356,0.24994811124948113
sun_assrninbkswgivhf_crop.png,-1.7991744406665588,0.21907728246058011
sun_astxkztxdebpwyin_crop.png,-1.865652939979496,0.3021474101120119
sun_asubxpjjntvaymca_crop.png,-1.8263281134604588,0.1839803739483569
sun_asusdiwrgagtlyca_crop.png,-1.8516066371335356,0.2595685275907087
sun_asutjxowljdnlybt_crop.png,-1.797066233227659,0.41792983413214874
sun_asuwlxbusbvgbshv_crop.png,-1.8864822296751433,-0.007134749473001457
sun_asviztlddaycedac_crop.png,-1.296570590385933,0.30413462343471553
sun_asvufutbgtvaqhoj_crop.png,-2.0261985493063874,0.2031473984341771
sun_asvzkstmwbolucer_crop.png,-1.6420726013773292,0.19668090876804026
sun_aswhqznvraczgbam_crop.png,-1.9791775210498752,0.20186915887850462
sun_aswjzioghpligenv_crop.png,-1.6391429807872369,0.07626165137235877
sun_aswxsoqgxunshlbo_crop.png,-1.842153717421572,0.36702711367027113
sun_asxixrzaxgsrcgmj_crop.png,-1.7963324587564846,0.22488547219301108
sun_asxqmtanegbfktgr_crop.png,-1.7907339846036734,0.17698726394378564
sun_asxxlgfchcyhhjgr_crop.png,-1.3605653848828663,0.3683590445885528
sun_asyhtqxvvllwgiak_crop.png,-1.6716343717112423,0.031151196039653856
sun_asyicswfrmmzyijp_crop.png,-1.7357207099283285,0.16416083916083915
sun_asyidwmnobuawmax_crop.png,-1.8928481936531507,0.06472542931987971
sun_asypgrizesowtexx_crop.png,-1.4865652303683077,0.08582707812065611
sun_asztivdynryuhopu_crop.png,-1.5889671046402651,0.23931309281476024
sun_asztoqilfgyxccqu_crop.png,-1.7592113019923954,-0.062325774911587264
sun_aszvatumeupcqnlg_crop.png,-2.0181621087447716,0.22916866298887079
sun_atbivuchmkkzetpo_crop.png,-1.8380499352306803,0.2258473709336425
sun_atbpfdgefsxcsmvh_crop.png,-1.8756818128066823,0.22865469870286248
sun_atcpxuiolllpropi_crop.png,-1.984114644012771,0.29838083993928144
sun_atcrotwyfwwlljup_crop.png,-1.7976139855696822,0.2039424199195954
sun_atdewfhwyhjkrqrj_crop.png,-1.642705259367871,0.22213393427034345
sun_atdnqsrvkqtgjvzi_crop.png,-1.8157700254577716,0.029657622048926406
sun_atdnvzwzkmqinces_crop.png,-1.7506557755269923,0.17809176306187402
sun_atexiskohdeanboj_crop.png,-1.7787545500877568,0.11270143469096351
sun_atezowpygndxuxmy_crop.png,-1.733996667166404,0.22779558957033358
sun_atfeohhwoluvrdyp_crop.png,-1.9150599929404235,0.13690065209052552
sun_atgjkyrwtluoguri_crop.png,-1.65411420110636,0.18450729816485978
sun_atgzxbwdrrieqhzk_crop.png,-1.9230789536215875,0.23067776456599284
sun_athzmqxqlcbwxbrn_crop.png,-1.7625975407864982,0.05655290239051804
sun_atiiscmhrcnttlop_crop.png,-1.5434701746382784,0.2882882882882883
sun_atjgqzeonfxffxrj_crop.png,-1.8158329266993207,0.018836597486115166
sun_atjjljzktpsmvxzu_crop.png,-1.843329935014307,0.04550808437734233
sun_atjtnvokpxpjsads_crop.png,-1.850978622914796,0.09971886284869488
sun_atkfxhtawmounmmu_crop.png,-1.9349878788823958,0.019089763418685915
sun_atkikmfqucurisnn_crop.png,-1.8226794587236081,0.20312967857003375
sun_atkubyevljfgrrna_crop.png,-1.9121682188018039,0.15165429808286945
sun_atlgivgicdkkpvuq_crop.png,-1.7978076662654907,0.2702946211370394
sun_atljbwrnwzpeftvg_crop.png,-1.9745543930527312,-0.08400499843798812
sun_atlojbdxatjwpavj_crop.png,-1.5745166759304872,0.08952874509613988
sun_atlvzwolufjmktqv_crop.png,-1.9189728884458823,0.25633640552995396
sun_atmeqmrbsmmxuiir_crop.png,-1.497457419970667,0.28038489015895696
sun_atmhjuamkqsofipd_crop.png,-1.7924746191296483,0.1673766616112053
sun_atmmytgaeyuoaxse_crop.png,-1.9693022415164645,0.23731220357274718
sun_atmpytifatyptpdv_crop.png,-1.7506833137967168,0.29177003848784344
sun_atmvqukdvuzamykw_crop.png,-1.8945964895221108,0.17043974691203748
sun_atnjofsxkwchcazf_crop.png,-1.6602073949407865,0.17537227533229133
sun_atnppjvkwijhyzwp_crop.png,-0.9752080368279225,0.061331553821672394
sun_atnyjocqjssbxywe_crop.png,-1.780869949884578,0.014584721102268348
sun_atohvclowaousrfh_crop.png,-0.7478178340687164,0.10865700741646915
sun_atovpzkbpokcfhrp_crop.png,-1.774511958323697,0.1075228406661051
sun_atpiphjyvuoqlezh_crop.png,-1.7552075975857353,0.07024124742571346
sun_atppeerypajcnfgt_crop.png,-1.7041986273781071,0.22562461749895318
sun_atqqazdnumxxamuo_crop.png,-1.6985231531648732,0.09329729162292674
sun_atqyakdayddmrzdi_crop.png,-1.8206369485867282,0.20485282418456643
sun_atrmcfwybussnhdm_crop.png,-1.9174444070052181,0.2508708314298767
sun_atsfwuwzqnufcvzx_crop.png,-1.9943013981964777,0.28829447371370925
sun_atsgmzsticnnkqef_crop.png,-1.9335125145309986,0.28219171167533186
sun_atshglnzunguljeh_crop.png,-1.8165916686628691,0.19063171671809895
sun_atsmvnjqpzlrsubs_crop.png,-1.9074421514988904,0.019115114915279625
sun_attfybmngdqnppeu_crop.png,-1.6981704066658116,-0.011295068069615534
sun_attltdcnluiezuui_crop.png,-1.7917046353429682,0.16346786386141474
sun_attucypubtbknbgl_crop.png,-1.6817250386427989,0.09822907376735887
sun_atuhoqnikctdamot_crop.png,-1.9088115535268593,-0.009008891724057113
sun_atuyjjeksbtqkrnb_crop.png,-1.7638620437340908,0.21236778766533443
sun_atvabkwxtkmfrgpg_crop.png,-1.9717250322597282,0.2510852469329978
sun_atvjvojhlynyiovk_crop.png,-1.8395523231103303,0.1964342404347992
sun_atvptssfhfcmrtub_crop.png,-1.9046490475257092,0.061480816189059456
sun_atwgstvsyukfmpgk_crop.png,-1.7752555350630983,0.0829806259314456
sun_atwpjzzharieuvzm_crop.png,-1.595719584187326,0.2098646034816248
sun_atwwzvxpghqgrive_crop.png,-1.5246601329970237,0.14401776710140166
sun_atxcxgtlxbctphze_crop.png,-1.6524098174123731,0.12574263343494113
sun_atxohynphxllkhgq_crop.png,-1.8152671696166027,0.10412275622466707
sun_atyasoydrjavyfux_crop.png,-1.9118818546038925,0.3389174529634442
sun_atybcwhfakdbxhlg_crop.png,-1.6556647498381523,0.29809309561853503
sun_atycqstopexiuhsu_crop.png,-1.7656909503069103,0.015327047220191565
sun_atyhjqokikabkszi_crop.png,-1.7920051358563396,0.2149515221688128
sun_atyiwiggjeovlnss_crop.png,-1.8410057656108,0.03322254806125775
sun_atykvznfbbwdbtpr_crop.png,-1.7924007248171843,0.11533494300634514
sun_atysjemtwedqxntp_crop.png,-1.9766363968432126,0.26435488059756856
sun_atyyfryekuqvxipc_crop.png,-2.03266997403252,0.19814355558704738
sun_atzibqcbiraezayv_crop.png,-1.8237761139204554,0.054033092037228565
sun_atznfxhjiiugbvxi_crop.png,-1.9576915411829579,0.07253674469243332
sun_atzvtjyanhvprtsv_crop.png,-1.8490128880853367,0.3011605111400484
sun_auacvsicjqurvhom_crop.png,-1.9092851382903893,0.2751516898842832
sun_auafjgyphzwjbkre_crop.png,-1.821662116715878,0.26764931181892315
sun_aualbeefqekxpoue_crop.png,-1.427446999644792,0.20964641770868536
sun_auaudwjgfwrrafhv_crop.png,-1.7705987953805409,-0.0035001418976445082
sun_aubipnhwkkiwmnav_crop.png,-1.9429687490292813,0.19991211518081006
sun_auckvlhvieluuioe_crop.png,-1.7691578577787308,0.0739395592136252
sun_aucojrnxozkllroz_crop.png,-1.9144219073926545,0.044676464720356454
sun_aucxledgylowriby_crop.png,-1.7362603036934452,0.050766923358078225
sun_audevrqxahnvxyrj_crop.png,-1.8856028860222704,0.06411902133449718
sun_audisqdytwaajbjk_crop.png,-1.8616145955267696,0.19336154743495837
sun_audxzgwihokdmuon_crop.png,-1.7890784596125648,0.11842672015949393
sun_aueepateblfjdkze_crop.png,-1.4227000206878808,0.2151194823499263
sun_auefvberespmsexq_crop.png,-1.6624565718656805,0.3226984432058427
sun_aueoksosdjqlckgv_crop.png,-1.902392875825134,0.24029197989136356
sun_auetbexeylimoinl_crop.png,-1.8300195932026155,0.16277881106867523
sun_auetjjgkxmwbuwos_crop.png,-1.8000024492009439,0.05757904334754432
sun_aufdvpbsyfromtaq_crop.png,-1.834671578635415,0.09961137734544503
sun_aufltyunbkquxrih_crop.png,-1.8584274670894005,0.3945345191202562
sun_augjbsfiqnqcsbzf_crop.png,-1.9175169911481318,0.16601861212639657
sun_augsalaajltgmjta_crop.png,-1.8534813067793854,-0.13879297587924827
sun_auhebrhaujfjuhpm_crop.png,-1.7254834873635492,0.03816548640580449
sun_auhjmeahffbicgzd_crop.png,-1.3708713229509057,0.09324787766346208
sun_auhkjmgiscerzvng_crop.png,-1.810765914983359,0.08883245373860826
sun_auhstpuqokyirdnf_crop.png,-1.6907625197244343,0.01890582267563918
sun_auhxycihtbwpiice_crop.png,-1.81530781479657,0.10663533132728589
sun_auicostqyfndhwxw_crop.png,-1.672695490024225,0.2068184944784202
sun_auizawvegbpuuwov_crop.png,-1.7936794488121157,0.18041676821837682
sun_aujawthtalmusmrn_crop.png,-1.870413048506245,0.22236113591712808
sun_aujcqcgupgfqeuqa_crop.png,-1.5567103211844173,0.2551914478203753
sun_aujnfaqihvhxnmlm_crop.png,-1.779843475319921,0.269184304068025
sun_aulcryfntqyxilwj_crop.png,-1.9957328721759404,0.17424039701267421
sun_aumcjogqstlttpej_crop.png,-1.7172309749792274,0.19802055411462122
sun_aumctngtcsbuvirh_crop.png,-1.8689995551587566,0.1894708506383633
sun_aumlnyxcyqytxrcm_crop.png,-1.9727561717220536,0.30937597273874085
sun_aummkrouaigwkmub_crop.png,-1.8659113980172986,0.08378209475181832
sun_aumpqjjprhxsukir_crop.png,-1.7110254927059092,0.2270946543662328
sun_aunguvnvkdltcawb_crop.png,-1.9214960611377752,0.2514007564084606
sun_aunmtltahwcwdlqz_crop.png,-1.6607770781137605,0.04846119172524912
sun_aupxhxxmwwteevyg_crop.png,-1.6280256804047915,0.08598660795077519
sun_auqolvrkszcwtshm_crop.png,-1.7559282414453243,0.3827615170898754
sun_auqrynwyohgpfikp_crop.png,-1.9321027080585054,0.12312589708243922
sun_auqykplyynyhxcas_crop.png,-1.482329524341235,0.31770111344631763
sun_auqzyxwkytvxxcqm_crop.png,-1.7761801078356136,0.23257722290604305
sun_auszbcukuyfhgynv_crop.png,-1.9863909225984422,0.1412702830245756
sun_autejhxoikukvzjo_crop.png,-1.742131742627903,0.1820766008378217
sun_authjgqpwramgprs_crop.png,-1.9301684811114508,0.311562339875356
sun_autxdezucuktjnyi_crop.png,-1.8410617230850164,0.38151900455565385
sun_auutoimvxiywkurh_crop.png,-1.7560217140908916,0.08239818433993193
sun_auvbqsesjcdiljch_crop.png,-1.9057913194566105,0.17626570287679616
sun_auvlulvisgpeeynj_crop.png,-1.7976534186537783,0.21062245328087675
sun_auvnytzocxfyqbjq_crop.png,-1.8680642042048476,0.13818324067378704
sun_auvsfjeusvjdmfqc_crop.png,-1.746330228602423,0.07220787072661317
sun_auwfkswrpuoxtfnt_crop.png,-1.7844006488188786,0.03975519571592503
sun_auwghripdoxzluuk_crop.png,-1.8447733798329917,0.09756209857501322
sun_auwoabfdyioloajq_crop.png,-1.887903144533555,0.22757115034240116
sun_auwvjkrxijmjfzvy_crop.png,-1.9537014092748284,0.1232837569471233
sun_auwyftdntbmbdtkl_crop.png,-2.006324833774015,0.2569477553405823
sun_auxdfhnfjjtvtfbz_crop.png,-1.9365429299414694,0.20120890424005383
sun_auxduddoactpezgm_crop.png,-1.7278641461439768,0.18660550229366404
sun_auxfrayibjkplhfy_crop.png,-1.9235659352255317,0.02992644584394982
sun_auxibjrgylomwwhl_crop.png,-1.7878832729764076,0.1779092702169625
sun_auxjtairrhrxpnvw_crop.png,-1.9316064880540993,0.16072665691632668
sun_auxmasnxfejmtbxf_crop.png,-1.9337898017579032,0.13764723648444577
sun_auxoitgwrmyusvse_crop.png,-1.7816409176952734,-0.023452047045513475
sun_auxqsnnqiamgsbqe_crop.png,-1.7509098218870087,0.030816849997533657
sun_auxshihjxsqnfqbv_crop.png,-1.942494283534577,0.32477298524404086
sun_auxuzfbyrcyqkcxa_crop.png,-1.825576957761588,0.12259842991550308
sun_auxwdiqvvuhuxwih_crop.png,-1.8515682331815169,0.2704306220095694
sun_auyawxqigfkfzqic_crop.png,-1.7334215560505972,0.19292178846413613
sun_auyopsadzyoacvfu_crop.png,-1.8469738719804292,0.20945732516267615
sun_auywjwqsitnzurig_crop.png,-1.7420191634535698,0.07192376472893854
sun_auyxrrfkcumlppcz_crop.png,-1.7857116321915076,0.3527358326534434
sun_auzakjakrpejwesj_crop.png,-1.884319639134675,0.06269545793000746
sun_auzfdpujzturphgq_crop.png,-1.8089478403528434,0.14152278516841213
sun_auzwhookgjmsmnrs_crop.png,-1.877954995285597,0.16637981235846003
sun_auzzrfvsvotayjkv_crop.png,-2.0134516761441636,0.26983198561130034
sun_avaeiymnvtrbdcob_crop.png,-1.7738504636333945,0.08594057457693824
sun_avauwsvpzzujahyj_crop.png,-1.3374695951695077,0.1542756913376037
sun_avbbetoeixwgbcfb_crop.png,-1.9763288311626983,0.217901475412205
sun_avbthoqreldjpsco_crop.png,-1.7838408794331464,0.06482697578803107
sun_avbtvnmrolpryizy_crop.png,-1.6401733764697046,0.18647331221057764
sun_avcitswngibrxkkk_crop.png,-1.5982520590327622,0.1557113393248341
sun_avcugnnsjhdrfsbc_crop.png,-1.7594794309152426,0.1727615349474646
sun_avddlotlpxnmftsc_crop.png,-1.9449901472941546,0.2095378335787543
sun_avdqdmjebyjbbisv_crop.png,-1.812297258987075,0.15441687025845444
sun_aveviqphrvmhusav_crop.png,-1.797382173280246,0.10890951771233462
sun_avevqdopzlqfpeyz_crop.png,-1.64684128981284,0.22597339137774025
sun_avfudpctbmrfnrqv_crop.png,-1.7263751890647911,0.26527246338567095
sun_avgzowvnelhahjdc_crop.png,-1.8583236214691834,0.29972158334342097
sun_avhyrilnnraaehjr_crop.png,-1.909521835938208,0.06669385782047794
sun_avihfaxshrcyhhnw_crop.png,-1.8061789264608619,0.1281370625424794
sun_avjdqpkzkypczeii_crop.png,-1.7914122469562013,0.22347283733850468
sun_avjkliqgjcmyzmgo_crop.png,-1.9631315820245443,0.3171683919850911
sun_avjskkqkshhkmhsy_crop.png,-1.9110145537151348,0.23046263725975366
sun_avkzyopiwrdyqmkv_crop.png,-1.5045545918433323,0.2510199111002862
sun_avltrovkcrwaaaio_crop.png,-1.8911265805308117,0.32212396452068304
sun_avmotylahuwnyzha_crop.png,-1.8010258995373223,0.19655770899623953
sun_avmrarrdpanarvdv_crop.png,-1.755011200945571,0.22714470956498756
sun_avmrwfwgrriymqxz_crop.png,-1.9528765461585593,0.0028007605735135407
sun_avnkmtvvzgltezto_crop.png,-1.6141241902460473,0.24939965694682675
sun_avnwlcjunkwkuomy_crop.png,-1.6145352745008994,0.17343601927363494
sun_avnxoiyywduqghnd_crop.png,-1.9109654577956279,0.3025075955924562
sun_avomezttmpftmjst_crop.png,-1.7819853595644912,0.2169909766128537
sun_avqdwprzuldnyjlx_crop.png,-2.0281370193726094,0.16323841399939384
sun_avrlrkpojuizmrqe_crop.png,-1.7347891814229082,0.27681238121096935
sun_avrmuluyatvyogcg_crop.png,-2.0255926553762906,0.23731447460261015
sun_avrvgyanyrtbcaiy_crop.png,-1.947527679407728,0.1395291099433111
sun_avsdkmlfmltkbclz_crop.png,-1.7423454043911824,0.2749743751478356
sun_avtboxaemfztmzwo_crop.png,-1.7834700466795588,0.18408467352759372
sun_avtjnppqktjqhxkm_crop.png,-1.7820006996051116,0.1857733966167701
sun_avtprdrihxhgackd_crop.png,-1.5424704527103028,0.16599241201500828
sun_avufptcdvxppvvsv_crop.png,-1.8006625551959823,0.2151456505893885
sun_avugjhxcklppsxoy_crop.png,-1.941235768892351,0.22722988604232713
sun_avurnkxholnrpyvy_crop.png,-1.9245786756170833,0.22382048331415416
sun_avvdrjnpymgddjhx_crop.png,-1.765750711660261,0.149043493612782
sun_avvzajbehfbhnlpt_crop.png,-1.570351796277526,0.2532640741260705
sun_avwenxrdoyocdspq_crop.png,-1.7289481411081127,0.23818015383335114
sun_avwnqiqieywcuhhq_crop.png,-1.9699341212351267,0.2708976054061995
sun_avwrgsvvirvhnqom_crop.png,-1.7435476578126645,0.1644419465130439
sun_avwsffoutzkqkinu_crop.png,-2.0147933509550624,0.22188195551626705
sun_avwtjdwtiqjfmpgu_crop.png,-1.479300613182659,0.18637453424529574
sun_avwvrmatssudvtst_crop.png,-1.813355739252745,0.18638721120815463
sun_avxtlbvdlttjzlex_crop.png,-1.7651997372142274,0.03764496200580452
sun_avyuehgyvxwxercm_crop.png,-1.7519073974788162,0.1879314379314379
sun_avyzsbjelxhawjgi_crop.png,-1.9114802886173912,0.05022068914357775
sun_avzdbzqhuqsqqaqs_crop.png,-1.879072030609578,0.34350987508952524
sun_avzkilhjhvpvpkuk_crop.png,-1.7414600107129998,0.1729992582213797
sun_avzuhltgqeslxejn_crop.png,-1.7379507303555262,0.25492952443111216
sun_avzuidnmnzrdqjbu_crop.png,-1.8753883538069296,0.26011576040781653
sun_awasihqxxzbdzcry_crop.png,-1.742689011445667,0.1538936445557838
sun_awblohobvejbazmi_crop.png,-1.7815194087991824,0.11191502463054188
sun_awcpryajaazjjgfq_crop.png,-1.8129345735988789,0.29721695733395154
sun_awcujmqkhwsgmrma_crop.png,-0.9587817936348356,0.2362174833205212
sun_awecwzbjjhgnzwnh_crop.png,-1.7236873877185472,0.04549946101329501
sun_aweoztuheglqxpoe_crop.png,-1.7918082931891306,0.2624882817731351
sun_awfqvsqstlvpdgwq_crop.png,-1.972570448455393,0.27977305713154765
sun_awfrxjbmsyfggekc_crop.png,-1.7338257330193538,0.20445501059486276
sun_awfudshjnoweyizc_crop.png,-1.7722705245805943,0.18044743307901207
sun_awgdaeuzimwxnitg_crop.png,-1.552291248661169,0.29000960129364795
sun_awgnrnhjnrtgnvgc_crop.png,-1.9951613199846445,0.15021771698192457
sun_awhpyisrdzasbher_crop.png,-1.819550900577849,0.07424982554082345
sun_awhwhxkwksnboqbu_crop.png,-1.9721809124157228,0.3034039396686722
sun_awifyqzzubihkywf_crop.png,-1.3671431346807235,0.365950676213206
sun_awjdlxndlxowgbpi_crop.png,-1.829675742568158,0.046002190580503845
sun_awjgnxvwjqaykdvu_crop.png,-1.8700261765495247,0.19622695611656052
sun_awjhxdreiqezsjne_crop.png,-2.044552291307285,0.21550978627274495
sun_awjnichhcaunlnrz_crop.png,-1.6901457283004249,0.2668768125078805
sun_awkaijyadavkirne_crop.png,-1.8868088144894979,0.17139222366824103
sun_awkfdodvwaaleezx_crop.png,-1.7198873388323983,0.1610262647051945
sun_awkmvwxigjgzbzpz_crop.png,-2.0421698369464663,0.12197211130285816
sun_awkpjormpbnjjajl_crop.png,-1.7467118214408335,0.3361418480750223
sun_awkuxmfwrhjbakbe_crop.png,-1.7694234864761162,0.15673609989773402
sun_awlsriwncvxcqtzm_crop.png,-1.6833098639190247,0.15739129346070543
sun_awmkdipuahwyzdhh_crop.png,-1.6502892483120901,0.18573559273302304
sun_awmmfeerjlxarspp_crop.png,-1.780195957818753,0.3428641251221896
sun_awndmpcjznlkckzt_crop.png,-1.6700770074869864,0.1822355486726636
sun_awnfinvmqpapuqos_crop.png,-1.9636933714037377,0.1389688156155222
sun_awnvqkvpyqgkmtcm_crop.png,-1.7672804272700207,-0.04206882934364729
sun_awnxzwheuafngheq_crop.png,-1.8777972639790395,0.15275835275835273
sun_awoiicmscdzbhxkz_crop.png,-1.4650635018221028,0.21480643121067877
sun_awomyvfomkywkvqa_crop.png,-2.0085762592660967,0.10456096804219672
sun_awoupyuuhlxilmta_crop.png,-1.174530230925437,0.27314779870823047
sun_awpvmiamsavqxicg_crop.png,-1.8546562108989282,0.10057260110638185
sun_awqtvmhtmjcywgkc_crop.png,-1.8507467704455525,0.28882722285451223
sun_awrekxtqflndfckw_crop.png,-1.2081178261159593,0.3722612948973981
sun_awrjaixmadzfdmbw_crop.png,-2.0521705605487988,0.18758240073585777
sun_awrmlajqqzidrdxb_crop.png,-1.4585725736402695,0.07019889295431092
sun_awrtormeyyxwxxmb_crop.png,-1.8737690425056042,0.2856546462247174
sun_awshtorshtslxqxh_crop.png,-1.5451058624651353,0.010167213904489044
sun_awsiovzjnclaqhsh_crop.png,-1.8042464165037784,0.03031184701245801
sun_awskptrfuzjyjwes_crop.png,-1.655894697069694,0.16789261913743242
sun_awsoaegkvjchwyvq_crop.png,-1.699307622166551,0.05262693490646902
sun_awthnvyoqktdrigv_crop.png,-1.796736471276195,0.20348781308590938
sun_awtjyrzndelvrurf_crop.png,-1.9388885965384646,0.17426320251333968
sun_awuhwjuvzbglwkdx_crop.png,-1.8397843571158679,0.24417601380500434
sun_awupcwjeddlsiqlh_crop.png,-1.8414022685681655,0.2812079716346741
sun_awvguitcabbapsnb_crop.png,-1.7938636255995097,0.08869085234527141
sun_awvhagtmiljyvydm_crop.png,-1.8780878017817475,0.2315309131584299
sun_awvnfkwvqqzdmxgs_crop.png,-1.7316089707492812,0.3048737822272458
sun_awvpdgvtzqdukkgl_crop.png,-1.7986871849667356,0.19662503101993545
sun_awwpcaqlbfkocgdc_crop.png,-1.8978120041707567,0.1870947547287931
sun_awxdpqkkxgmujueu_crop.png,-1.955287172222334,0.1745936183022276
sun_awxqhuztntemfjur_crop.png,-1.7226603258894138,0.0841799536251285
sun_awympcgnjpcteoti_crop.png,-1.7451599576426633,0.21448708685735327
sun_awytzgfrmzstphcz_crop.png,-1.7443690351760923,0.19313987248508194
sun_awziqtqvuwhdeqgl_crop.png,-1.8231529227909882,0.1382749616388941
sun_awzqnkhqvftwadbj_crop.png,-2.0040704043283473,0.23591708656428206
sun_awzqzscvlrxsktlh_crop.png,-1.5540470557780564,0.16856358488947357
sun_awzypjwcihzhfeza_crop.png,-1.276252476665258,0.1759813389907434
sun_axarcshsnqsefemx_crop.png,-1.7134456680392736,0.03291891564073019
sun_axawjeyvzxxruint_crop.png,-1.8252000606935703,0.06433818888692537
sun_axbafdkckhtnztzm_crop.png,-1.6215156870845966,0.04095632225271018
sun_axbhsgioptxzrzvy_crop.png,-1.8282195886655477,0.142046947011486
sun_axbttwhmwtgwoaqr_crop.png,-1.8191096793999366,0.1377044227065
sun_axcbogyofpshqlst_crop.png,-1.3948488845892595,0.27711236132288763
sun_axchogpzyzyvhiqg_crop.png,-1.7977234656866978,-0.010007139457401244
sun_axcjrrwdxngxltgu_crop.png,-1.7081942938976244,0.18310615004829883
sun_axcsuigolmbmsbqs_crop.png,-1.7803539563147914,0.02267540487435776
sun_axctpftepdlenuoo_crop.png,-1.828089160056435,0.15652142916552797
sun_axdjnhjwqqxajaws_crop.png,-1.9180718969960486,0.16549780428655703
sun_axdrpmtfwsncbewy_crop.png,-1.7271289187086978,0.17506980005258485
sun_axdytypgqeudktof_crop.png,-1.5007783755467936,0.1689252417426264
sun_axfkfpuyljehbbry_crop.png,-1.870452130449626,-0.02021040974529347
sun_axfkuerbzppfzvue_crop.png,-1.9645769093348489,0.1375917174480786
sun_axftbpasnkrpiacj_crop.png,-1.8077376633316786,0.26325280936679907
sun_axftyltjljtworuj_crop.png,-1.5742344648957909,0.23631943258421326
sun_axgmroepzgpmxrgk_crop.png,-1.9179696029423952,0.15199514453343488
sun_axgzfeddlfyqmxdz_crop.png,-1.5616610689937023,0.22523726100601188
sun_axhynwqhigxsyorp_crop.png,-1.6610904345944428,0.23993964915441263
sun_axibmmfxjecsudrp_crop.png,-1.8008105904306166,0.268459417607735
sun_axijaqujmnldtmex_crop.png,-1.776314741428108,-0.08610822060353798
sun_axilthfagrfebkmp_crop.png,-1.690021785974121,0.07706939525121344
sun_axinksamqqkuscfi_crop.png,-1.821033635274369,-0.017354710390996408
sun_axjdiyzbxfqskfwu_crop.png,-1.8587959041707105,0.1493358860835228
sun_axjgzewsaegzcvlm_crop.png,-1.9279893863064692,0.19061487223143211
sun_axjlvqkyqahstpwg_crop.png,-1.6798676080767574,0.10114854612072689
sun_axkbfhmkopqemnsq_crop.png,-1.6669526171372844,0.2339258947589871
sun_axldphlqdnlehida_crop.png,-1.845494157876693,0.06940754334547646
sun_axlipevdhkkhijds_crop.png,-1.8087361119042116,0.3331272183129073
sun_axmeufyrptihxqbn_crop.png,-2.043992946945885,0.10570622694727708
sun_axmysyfiytfcvfqn_crop.png,-1.837178095885907,0.22635839633839872
sun_axnbluncjbawbkgg_crop.png,-1.8769542822596512,0.36167746062205164
sun_axnhtemaabulxhmb_crop.png,-1.980307548594852,-0.02137919948561324
sun_axnlvrijqiypsxsn_crop.png,-1.7776978278973274,0.14553905589762164
sun_axnnefmnlsparfyl_crop.png,-1.8511531996958936,0.28983865296714456
sun_axnpxuojbnbxzddn_crop.png,-1.8502923035011694,0.1531427318997638
sun_axoqceqkprxyousi_crop.png,-1.6770088792988769,0.21349759696744058
sun_axordszsykjebvpx_crop.png,-1.8775418021062693,0.04294950738916256
sun_axouleovaunnvjjz_crop.png,-1.375707320629824,0.1969206738815129
sun_axptnwhdisbeobzo_crop.png,-1.8778893285346157,0.21435322621440647
sun_axqnrhfdckkaiytm_crop.png,-1.8851736424844772,0.1505241955055089
sun_axqrvtuvrtkaxfjm_crop.png,-1.3357335189338333,0.0903996722001351
sun_axsnspwkcyiatrlu_crop.png,-2.0113469162726547,0.17040442650557328
sun_axtfhcskgmhzmpyx_crop.png,-1.7509706863536332,0.11159750539697767
sun_axucrdtlogkkfkhp_crop.png,-1.7165363734550598,0.19985543302850994
sun_axulqcgeyuwcswpg_crop.png,-1.9208002666331911,0.347355857317852
sun_axulqhaqjtnkglsk_crop.png,-1.3200791683269606,0.31408199643493767
sun_axvqetbztdgjutem_crop.png,-1.7688937343619147,0.12959513164431197
sun_axvvlguqflttovem_crop.png,-1.7797229304584221,0.2743453379495782
sun_axwvhjwlkpodwmcl_crop.png,-1.84428691376978,0.04791674419181583
sun_axwxdvlaxyxesfvx_crop.png,-1.4293946322460305,0.015742190719525262
sun_axxblgkcligmylkx_crop.png,-1.9129915694862114,-0.015374935025852868
sun_axxsjtmlypdpojog_crop.png,-1.747549929780227,0.15648934931905484
sun_axyaboatikecrzwz_crop.png,-1.6699266855502752,0.19756179649227776
sun_axyjdoqqqjcvkmdk_crop.png,-1.7167638342994878,0.13208374828093136
sun_axynfbmbehmldgyj_crop.png,-2.0530392498948284,0.2536358979930774
sun_axyungxcivupuloh_crop.png,-1.9048256291427699,0.33032363093712785
sun_ayapwpssjeemastl_crop.png,-1.798652845434985,0.24246820233280578
sun_aybfgkmrjfjypjyz_crop.png,-1.438306259402201,0.19394415856680014
sun_aydwuarmgzkwvsvs_crop.png,-1.8078900603871406,0.14116767887644716
sun_ayegqootbjntywok_crop.png,-1.9107682639225783,0.21834475369952905
sun_ayegylhvqnwvvgxf_crop.png,-2.0079156152616795,0.1196365900600023
sun_ayesqjxabtopfarh_crop.png,-2.0349221609978434,0.20162572650509927
sun_ayevdsxpcttexfzt_crop.png,-1.9511352754696007,0.07115030552071938
sun_ayfkezfkmnniudqk_crop.png,-1.5955101343584623,0.22049946739259085
sun_ayfkygwkvnjkixap_crop.png,-2.0142157025595693,0.16930431915595118
sun_ayfnbabfkqzktcbd_crop.png,-1.889010838626373,0.1697771489211178
sun_ayfxrgkfvqdtwwvm_crop.png,-2.0519107334098816,0.2760441232407759
sun_ayfxtgpuymdnbcsa_crop.png,-1.9458897218492988,0.17334847572656126
sun_ayfxupxvzafxpdtx_crop.png,-1.8414523862202308,-0.04733970591496817
sun_aygnzimhpxyajdco_crop.png,-1.8195722389303088,0.256595041322314
sun_ayhnqyijvttvmkgv_crop.png,-1.5055347907337737,0.2030651340996169
sun_ayilnywhfmkwgwux_crop.png,-1.5843126853248923,0.09364081062194272
sun_ayizqeiakoltymuc_crop.png,-1.8104933495752085,0.2219994770330341
sun_ayjbewhhjzxrnqof_crop.png,-1.8584276500701393,0.29017626065873
sun_ayjbyrjyzyadrzwc_crop.png,-1.8164294044507472,0.30389434055421827
sun_ayjcygfnozskpgny_crop.png,-1.9907872527352848,0.09155601559088483
sun_ayjkfajqrwawjqrc_crop.png,-1.6064449212643546,0.09409272485171287
sun_ayjxwhhbifkuucvq_crop.png,-2.0040954228341072,0.2703812316715543
sun_aykiedmkgraptown_crop.png,-1.7471315060145247,-0.06547236819688887
sun_ayllduzihsmfnzza_crop.png,-1.8310959630998969,0.0677076376459274
sun_ayloaaieqhhumvbn_crop.png,-1.751174276235722,0.09516840965604216
sun_aylpvxxlmocwzfon_crop.png,-1.8500976546533068,0.12739616613418533
sun_aylqfuwcpghznegx_crop.png,-1.574458783998059,0.18809658250652042
sun_aylrqfxryvopweog_crop.png,-1.9600927741493972,-0.04425710000483816
sun_ayltiiqsoageffil_crop.png,-1.9693205898238655,0.11510218022428417
sun_aylzawaddzxlhuwh_crop.png,-1.825315069743233,-0.09194702046526321
sun_aynamrqjlvhdjhec_crop.png,-1.4669374385594542,0.2285690486354786
sun_ayncdmkodpmoufhg_crop.png,-1.79796070893759,0.13914508229960593
sun_ayoirgsmgenoyfwd_crop.png,-1.5825687837070856,0.2262820447686883
sun_ayopvdtvsfcfdqds_crop.png,-1.6413378316067742,0.19394965001153813
sun_ayoxifldragxmtbu_crop.png,-1.650234645611652,0.1380615115940623
sun_aypdxwyzgnydskbk_crop.png,-1.9271550019555412,-0.07025732105241418
sun_aypzejealkrzrqxx_crop.png,-1.8749717757709938,0.4134111106546714
sun_ayqqxxckvvubumak_crop.png,-1.9968813725303374,0.19901992045244768
sun_ayrnfdurutsmimrx_crop.png,-1.7742474456231534,0.04087253229344382
sun_ayrqougdjcjzpoll_crop.png,-1.9028219129807415,0.26736586107311144
sun_aysikcqbsgxawfwc_crop.png,-1.7778291743111574,0.08162465056857711
sun_aytnrfitytfeilzn_crop.png,-1.8974529915846623,0.10567592037643937
sun_aytyjpljymstrrzb_crop.png,-1.49153190606798,0.1961493289697674
sun_ayucbgapqogfuewo_crop.png,-1.6106108706761877,0.006637688697353591
sun_ayudzouhqovinjbk_crop.png,-2.0043440728764788,0.21920534508493847
sun_ayuekmofvolqejkm_crop.png,-1.9748786450167948,0.11192918364479418
sun_ayuxoghlktrqpwto_crop.png,-1.7918572207981707,0.2957901314571376
sun_ayvaabyqvqxsunoq_crop.png,-1.6706439392148351,0.19802330518469596
sun_ayvaqboleefraehy_crop.png,-1.8464792468091134,0.039066812056594374
sun_ayvhvgfybfbnqvza_crop.png,-1.7856107104177528,0.1410906167003728
sun_ayvhzywbudlzvqlk_crop.png,-1.5235439882038266,-0.013712111996992184
sun_ayvjppkciavpdbhs_crop.png,-1.5925376950123205,0.21666767609472473
sun_ayvqosroxbxnjhkx_crop.png,-1.9865103302084561,0.12922929443140338
sun_aywsfgqrvzgfcert_crop.png,-1.8517166831587404,0.21086387434554973
sun_aywusgbrbqbadkce_crop.png,-1.8100159910560811,0.08577378628140049
sun_ayyinnoubjlehosy_crop.png,-1.7692895899740861,0.19007574703777236
sun_ayyvmiocpgbwlgot_crop.png,-1.6392568511792847,0.24672296656589204
sun_ayyvvjvrjfgwaznf_crop.png,-1.7272691247060017,0.11410229861254917
sun_ayzbohufbfsmzzye_crop.png,-2.0000163339487287,0.2622393757603726
sun_ayziwbrwhhpxaydu_crop.png,-1.7093396832350072,0.10231034562585364
sun_ayzmdgzhstzxhndn_crop.png,-1.3957236033311105,0.23627274104474533
sun_ayzovfzlyxtdecxh_crop.png,-1.8628293083154186,0.0624603114125327
sun_azaxqrflcdbpgpln_crop.png,-1.8223338235713376,0.12511125238397966
sun_azclxvugrhpdwxna_crop.png,-1.825340470555355,0.2382287390029325
sun_azdffhsusnodxcuu_crop.png,-1.4616510234808326,0.2900406184780413
sun_azeewsnderjyhqqr_crop.png,-1.8187073204811572,0.15327434096530562
sun_azerdpdxzsqwhxdn_crop.png,-1.6050972302668898,0.23118580113199633
sun_azezkxsobxtsljnh_crop.png,-2.022956218428429,-0.032577625826701054
sun_azfkzmzmzndiskyb_crop.png,-1.748036875968457,0.21018344998151473
sun_azfoxsjzfwmepbht_crop.png,-1.4765428908029936,0.13306271210484394
sun_azgjnhhoevgghvut_crop.png,-1.5672262893847069,0.12942989214175654
sun_azhaadgbytlosaat_crop.png,-1.8246220641646185,0.27189387279805466
sun_azhsrminswzzntby_crop.png,-1.7607014219161665,0.1673595775916308
sun_azhtbynvkjoasdlm_crop.png,-1.8918795752457571,0.10818373267749584
sun_azhymcpjxzzvsutx_crop.png,-1.6098534696124063,0.20524800222039757
sun_azicbryocggfsiyt_crop.png,-1.5409577110083106,0.12665069086830164
sun_azirpzgykhrkmqzz_crop.png,-1.8149879828189415,0.029826353421859048
sun_aziwnxiarenpwqou_crop.png,-1.801792604198892,0.15806451612903225
sun_azjnlffijawrtmbz_crop.png,-1.723970818370482,0.06256364109971821
sun_azjrelldtdryneyx_crop.png,-2.0102051472015035,0.07584431659938391
sun_azjyttceruresuko_crop.png,-1.9780166888790554,0.19081159225389993
sun_azkkwrjfndakvxxk_crop.png,-1.6269267828493692,0.2498286378158583
sun_azkzfuduvrlkfklp_crop.png,-1.8000482815551018,0.20985397315649626
sun_azmctncekrqydlxc_crop.png,-1.8571097809304922,0.16337721835303917
sun_azmhkzevoymyrnnw_crop.png,-1.742161703014151,0.2011629207201163
sun_azmnsxrpcylcebsm_crop.png,-1.6171246331799503,0.2745188695601919
sun_azmpqaaqfzacyalx_crop.png,-1.6350388092520622,0.013096273324462792
sun_azmstoyzslgczgvt_crop.png,-1.8747932991524017,0.30777868293005134
sun_azmtisgldnjkuegb_crop.png,-1.631733176554243,0.15532811559301624
sun_aznwgtbagcohgzcf_crop.png,-1.915050194151374,0.2223352345148125
sun_azodmqljxlyjruoh_crop.png,-1.5624121111451685,0.297914145369118
sun_azonbawtwiivreln_crop.png,-1.9475276132236057,0.22362509570518466
sun_azoztrocspdvuxab_crop.png,-1.7624455935034855,0.2241284571707674
sun_azpjluklwjeipgvc_crop.png,-1.5176908059407153,0.047470076169749735
sun_azpjxqmxeuxuvpxa_crop.png,-1.915919318369441,0.40687237230684165
sun_azpqyaoesrdchzxm_crop.png,-1.63438160051505,0.2851893691658244
sun_azrskcysyhsfjlyj_crop.png,-1.983820408110836,0.1889455003434852
sun_azrwnspaymvtdhau_crop.png,-1.8099703785317824,0.32141734346345296
sun_azsbynrhslyqkllw_crop.png,-1.6724070691171395,0.11494278217537979
sun_azsjtyipybgzghth_crop.png,-1.8432501902104215,0.15187502438897488
sun_azslevzhkudjrlhm_crop.png,-1.9114409245932746,0.03381554392512871
sun_azsodalnmbonqiga_crop.png,-1.7537201074734468,0.13729412859402623
sun_aztcbuafhsurmtpt_crop.png,-1.8432944112217613,0.3254896007287081
sun_aztxfwxatxbfwmcv_crop.png,-1.605789626178367,0.09223097507764727
sun_aztzscdgstnstatr_crop.png,-1.806244682344221,0.07885611925020791
sun_azvznhtntkwhhvmf_crop.png,-1.88852647747363,0.19551609439249887
sun_azwjpwvwmseezbzf_crop.png,-1.9061622203635051,0.2246950130161809
sun_azwotyzddhrmvfsc_crop.png,-1.9645936112627695,0.04701115439370473
sun_azwztgozzsyhaexv_crop.png,-1.8675934225849837,0.22782846603886506
sun_azxdooiyjbjkwnit_crop.png,-1.8308462709206355,0.3354317101771277
sun_azxkywgszfnefvfv_crop.png,-1.8897761505601007,0.16390025939753797
sun_azxnnlkgdkqpqvll_crop.png,-1.7825240836283005,0.3009631877556406
sun_azxubsqvphflkrru_crop.png,-1.6874637369385042,0.15185934767942946
sun_azygccampvagkgsw_crop.png,-1.1544239179874487,0.18334606569900694
sun_azygdhuijrbfollv_crop.png,-1.3639149666661357,0.26651496188417345
sun_azyxxwveybsehnlh_crop.png,-1.905016060865264,0.024634334103156273
sun_azzfxynzfaezuupp_crop.png,-1.843956433128368,0.0677018714656985
sun_azzsdmycmvnftcrh_crop.png,-1.9980949623738722,0.23081957933096284
sun_baaiyyqorxbkepxr_crop.png,-1.8723257895234922,0.20247545881348702
sun_baewcdjenprecvoc_crop.png,-1.9677640084598937,0.32153742211545683
sun_bafdrgvvhkarrjfw_crop.png,-1.913297002421676,0.35780922134633925
sun_bagvwgntclshghai_crop.png,-1.7791856198019862,0.047468230694037154
sun_baiqbxiwgpekxqsm_crop.png,-1.89571521543187,0.37960973307332097
sun_bakfqruqckefvelj_crop.png,-1.5929903577541018,0.1766896551724138
sun_bakiqehuznwgncld_crop.png,-1.9417145726615506,-0.011550234472775523
sun_balpfldwebevhqxz_crop.png,-1.9388199092136378,0.34928692998415406
sun_bamsawezjxpghdzr_crop.png,-1.710730816115411,0.3035853299887553
sun_bangbuylfvckqqoo_crop.png,-1.909198830035865,0.1535312980681492
sun_bangxwznfqpugceb_crop.png,-1.8828890772732438,0.26322319689318463
sun_banvbkentoawqquo_crop.png,-1.9758380970786067,0.3502342243042161
sun_baoplqapkfcogulx_crop.png,-1.8675123863175533,0.27088201109553434
sun_baqnukrgycqktawo_crop.png,-1.8384545708560793,0.20835387334527658
sun_baqxnlpimoizpajr_crop.png,-1.660974528714333,0.3097942628876717
sun_basdiwfpfnlomcsw_crop.png,-1.9247243683613875,0.178352947448388
sun_basggtqnjshcjvse_crop.png,-1.6164184086706386,0.10760168926428096
sun_baurzltrbxfksuhz_crop.png,-1.733156517487476,0.29079687320674835
sun_bauyiebaxrznpiig_crop.png,-1.536686457953903,0.174156510792538
sun_bavdcdivtkklgbzb_crop.png,-1.813514402239136,0.26737455938030374
sun_bawayyqpzkeynmwu_crop.png,-1.742195479343187,0.23202933985330074
sun_baxeuskzkmyqrcmr_crop.png,-1.799031493932266,0.12403294235088597
sun_baxolwxwkdgpnhjd_crop.png,-1.6900236860794366,0.20774390738687076
sun_baxzqlnjxywvpffi_crop.png,-1.9009790351193465,0.1267199423180917
sun_baynwzcpcmxevtkd_crop.png,-1.933982410574767,0.20955697375738155
sun_bazelllugwpcpbzp_crop.png,-1.6844353934691092,0.2931276129325939
sun_bazpkbhwqgsxyckh_crop.png,-1.8687414796608133,0.18010527500281315
sun_bbatdneqajmgwaiq_crop.png,-1.8759511511310276,0.340302270380453
sun_bbdrfgasootvkdfs_crop.png,-1.8332841367463641,0.11677469922987921
sun_bbdxswihrpikrpzd_crop.png,-1.7379978728556007,0.3054726368159204
sun_bbeoaboxeswrvdkw_crop.png,-1.9094497586567831,0.2046928602058319
sun_bbfrrkrudwbrphdo_crop.png,-1.9450457783549138,0.31401248593677616
sun_bbhmknnnodkmroem_crop.png,-1.7299500422532499,0.1206896551724138
sun_bbjmmylultziljdn_crop.png,-1.7677571003845363,0.2965538838942025
sun_bbkoxaxqfpusfoee_crop.png,-1.6620468558146448,0.08539355006164427
sun_bbksirscbrssqoft_crop.png,-2.044937031974448,0.21455830956493793
sun_bbleaylztarsqofu_crop.png,-1.949608143656973,0.23479298479298483
sun_bbnsmptqfaivdfic_crop.png,-1.8188706150384943,0.17464360831970085
sun_bbqywqrlzznopruz_crop.png,-1.6855120049455,0.22670801076041644
sun_bbsdhludlztrcaxa_crop.png,-1.944168624280784,0.12665262665262667
sun_bbvzlbmprnqfenpe_crop.png,-1.6859713893148116,0.19479571984435795
sun_bbxargvmqopkeots_crop.png,-1.7269846593866311,0.112079701120797
sun_bbybmfbnmlztrjpm_crop.png,-1.8106885879733756,0.1299764718393173
sun_bbygqfgtevczqhwa_crop.png,-1.6658191817851915,0.10215010329267026
sun_bbyprxmbybbjazgb_crop.png,-1.8837702676071426,0.23461380248710573
sun_bbywhspnfsgdnede_crop.png,-1.8940442541056624,0.18683888361600576
sun_bbzuxnnvkvioszdo_crop.png,-1.8630339808676253,0.320292184457773
sun_bcavhhupdxjortha_crop.png,-1.922553832094551,0.32042366965580193
sun_bcbxipjytxprkfde_crop.png,-1.7929660081671495,0.1945526253971786
sun_bcctyztqmvdkccfv_crop.png,-1.8186300440036067,0.21403569609553633
sun_bcebhcwjetrpvgsz_crop.png,-1.8274066329343568,0.2399036282531428
sun_bceioanxihslxqfq_crop.png,-1.8528979323855217,0.22752441357092523
sun_bcfxrpbnhguxbodz_crop.png,-1.8621253344338595,0.2940112569270615
sun_bcgozzgwrnnppzif_crop.png,-1.9651624205983065,0.23121091871091876
sun_bchbeqwhrrpksoeh_crop.png,-1.6659351475444208,0.17314735721223043
sun_bclywbvrtaengfnl_crop.png,-1.6526270990533969,0.24716321850121875
sun_bcmaxqaafldasjul_crop.png,-1.9069354024536804,0.19165216430485343
sun_bcntdvrekuefqbjf_crop.png,-1.4693200376852595,0.21574123414686133
sun_bcnzssrpldjffsem_crop.png,-1.7220185962244658,0.26290138741500607
sun_bcqjcrtydolfnxqd_crop.png,-1.5532002061911656,0.2049641376283481
sun_bcshnsgoajjljkem_crop.png,-1.867591324529133,0.1453029626321274
sun_bctdtcqciqgupefg_crop.png,-1.7935508870875647,0.19362129583124058
sun_bcufqfnqffyvxuqc_crop.png,-1.8834016718886728,0.1473951715374841
sun_bcvefcfdwdlxajhc_crop.png,-1.8235614276708518,0.23559884764943742
sun_bcvwyvmarqeucqpm_crop.png,-1.7829955856962734,0.3537969086674389
sun_bczlghklashruozj_crop.png,-1.7956039481915516,0.058100647326236564
sun_bdcusrerahjzqmhk_crop.png,-1.8705932977461486,0.2756147422644691
sun_bdeyhgracifsswoo_crop.png,-1.7862081866084574,0.13121062406681314
sun_bdlsavfxcjkctdfu_crop.png,-1.8530774318029428,0.15261337547332957
sun_bdqxlehbbaoohtry_crop.png,-1.6445440173783088,0.16471011020603737
sun_bdsgpbceoomdibba_crop.png,-1.6665744827087892,0.2739131951307422
sun_bdubzegaqwgnrwne_crop.png,-1.7192237342973342,0.2170269303490214
sun_bdwlqmlxitrowbny_crop.png,-1.8413702572756891,0.022136953955135773
sun_beadmuesqufegjxa_crop.png,-1.8880751468406798,0.3666539552003714
sun_bebtaahxpldhjrna_crop.png,-1.9812405194337592,0.02138003748828493
sun_beexbfdbxpkrrayh_crop.png,-1.77210859246833,0.1475950999355255
sun_bejyseuksiozrxjl_crop.png,-1.6850522618266137,0.22433542006895305
sun_belehldfgydgenba_crop.png,-1.741785504727614,0.0934511560343784
sun_belyptkhzgrzuzxc_crop.png,-1.858040181927809,0.29841028918357565
sun_bempidyswxgbllws_crop.png,-1.8271259676281575,0.2126466144163143
sun_benwfmwuwnhlxqht_crop.png,-1.9080596034988597,0.14624337255916203
sun_bepqaxgtssrgttvn_crop.png,-1.4745499895007437,0.2991733217666421
sun_besjwkzdczpfmxgd_crop.png,-1.286318803113959,0.11850189035916825
sun_beunksruyojeuqtn_crop.png,-1.8851961831523159,0.3233913441722006
sun_beygdygrmclfpxak_crop.png,-1.7173928172321504,0.246468131210173
sun_bezoguozwuvllpdu_crop.png,-1.7561391616752182,0.35114733542319737
sun_bfaarunkemdspfmp_crop.png,-1.8383580607547099,0.10222329212304622
sun_bfbxrbjyyhqwbome_crop.png,-1.8887828351403921,0.3202947697926177
sun_bfdicykxalgviezn_crop.png,-1.7918171637015115,0.17773482179622085
sun_bfdtqifooibqrenz_crop.png,-1.832511754839613,0.023867299689349968
sun_bffiwmkezkvpjwum_crop.png,-1.986589838506675,0.1966901669758813
sun_bfgggholszzjwjwp_crop.png,-1.809806624825519,0.2567692130429773
sun_bfkhtgrzyukbjftb_crop.png,-1.8227228931324537,0.3153676896352055
sun_bfprngfglhcfecqf_crop.png,-1.7093362750530916,0.2686300701276684
sun_bfqlinmmhuqzmbnk_crop.png,-1.906722442807664,0.2649179344974893
sun_bfrrzjwrzpomgrku_crop.png,-1.918580487257087,0.1901338706372515
sun_bftnlfqpfyembqbf_crop.png,-1.886206272985328,0.29229291307942984
sun_bfufeysqtftjmfuy_crop.png,-1.9433279655503375,0.26423055024307635
sun_bfurigkinamjktcr_crop.png,-1.6369421278492737,0.19131497510875903
sun_bfuwbgnsusxayozm_crop.png,-1.837649362488846,0.3453206689210244
sun_bfvphjptwssbrcyg_crop.png,-1.6486367314616224,0.11357107243761723
sun_bfyixjhbdxgtvbml_crop.png,-1.5767858355477717,0.30187908496732024
sun_bgedgnkwzimvoirl_crop.png,-1.902810369966527,0.180367581995155
sun_bghqbfiiriwmhxfo_crop.png,-1.8301280322380136,0.14753297508549099
sun_bgnchukkxztdlahk_crop.png,-1.8600428445531394,0.15473040261772655
sun_bgqzmhpododgnvsn_crop.png,-1.8244096968739278,0.17836802516584854
sun_bgrhmmbopmsvdgsp_crop.png,-1.7585015623772287,0.23837383738373835
sun_bgrtryemtmgxgbxl_crop.png,-1.6127679929687373,0.20990706884448962
sun_bgrvwhpqdikqrokh_crop.png,-1.6340192225886245,0.19537491240364402
sun_bgueciiegzpmgzss_crop.png,-1.857007850469705,0.1816856805925455
sun_bgzlchzecrkjzgwv_crop.png,-1.8997465088908054,0.3210021043194582
sun_bgzmicvybezxcsfn_crop.png,-1.7941715530957048,0.19223461001350697
sun_bhaknlgftjqgkcae_crop.png,-1.691534840656584,0.0960304004676995
sun_bhbfpamhmtvglufn_crop.png,-1.8519931306532156,0.20355731225296447
sun_bhghjcneoesrmxlt_crop.png,-1.8508768691748716,0.13206931190356602
sun_bhghncrqaqrssufx_crop.png,-1.869328927998129,0.2783080808080808
sun_bhjpeyttwqdypvtt_crop.png,-1.836886587383788,0.07403656126482214
sun_bhjxjxojnuahbubh_crop.png,-1.8494972251003674,0.1956033890542707
sun_bhkiqoqoqxgaakiy_crop.png,-1.5119898239623926,0.13866902784826526
sun_bhmjiocizjmnwnyy_crop.png,-1.6276079790924929,0.06344123048668503
sun_bhrpbtonejsqfzhg_crop.png,-1.8074196683845467,0.21965265437943424
sun_bhryhmcvxtndtdgj_crop.png,-1.9636608694253128,0.29362936293629366
sun_bhvdcsumgmncffse_crop.png,-1.7733910822500285,0.17975939476621605
sun_bhwjkfgwasejvvzr_crop.png,-1.4525555208827903,0.10834689607068124
sun_bhwumznffaivhreh_crop.png,-1.9285352614647784,0.24527814106268442
sun_bhyzqalykuasxtfi_crop.png,-1.765003577669998,0.2368111888111888
sun_bibyzsvdloqhamsr_crop.png,-1.7931800915595064,0.12306740878169448
sun_bicgkgguvpdnenti_crop.png,-1.6710151865214269,0.038885256418164545
sun_bigcejvtzsintydf_crop.png,-1.8650464162009137,0.37396149065614154
sun_bisyhlogzfdcukyg_crop.png,-1.865599525121616,0.14205547538880872
sun_biuovceqbtpuettw_crop.png,-1.8944337400462374,0.2341707182258119
sun_biwjtjbrkjosclay_crop.png,-1.8033518551343244,0.20101358927209942
sun_bjcfczqkmlcuwggh_crop.png,-1.5238363007610363,0.1312758582131276
sun_bjeypqrvomubryat_crop.png,-1.9292922878081893,0.2643165589455563
sun_bjjiddthsasvyjks_crop.png,-1.8529199207618996,0.3385505365880031
sun_bjkpfexjbfnkxgga_crop.png,-1.8647392399172469,0.1677349724258657
sun_bjlpzthlefdpouad_crop.png,-1.9126857111183413,0.14612124811055927
sun_bjnlkyeubhatsusk_crop.png,-1.708671245507101,0.12823177373514794
sun_bjodchrlmbbiiztq_crop.png,-1.8256370708244258,0.21587842226038761
sun_bjqonbuarxjqsuqr_crop.png,-1.877628075976887,0.18214696695709356
sun_bjskijoijswdjgdc_crop.png,-1.9008404486308028,0.35361001317523055
sun_bkabhslxdsedxinq_crop.png,-1.8827281237857316,0.05075389070367889
sun_bkbovhcdwdqkfowp_crop.png,-1.8480060673577938,0.21786013986013983
sun_bkoykzhsrosredze_crop.png,-1.77854314820554,0.3097560975609756
sun_bkpskjoxlmwtryhj_crop.png,-1.9687499320744872,0.2874908009551988
sun_bksbkxqebrxharpc_crop.png,-1.9756263739608912,0.11977010073543044
sun_bktvuinccdrmemdb_crop.png,-1.8339238870151404,0.29529977617981806
sun_bkvjlcrthitzscmq_crop.png,-1.6796568278892525,0.16219863152741126
sun_bkyryvtnktyevcfz_crop.png,-1.745898432669127,0.2930709223474226
sun_blfwaigdyivrianp_crop.png,-1.974419244111652,0.25960991953094614
sun_blilrqmeqiilneqv_crop.png,-1.8087748177301812,0.09545454545454546
sun_bloejrxexqkdyssv_crop.png,-1.918736081596193,0.1450479806283818
sun_blvicdlybcqswdjv_crop.png,-1.8415147220967436,0.17207162178054802
sun_blvsdoktnkgukkbl_crop.png,-1.754393175894099,0.21986474627019773
sun_blxtspeqplpgardy_crop.png,-1.9785528754423418,0.20293974033128423
sun_bnhscsgoshicxtme_crop.png,-1.9127332635247327,0.07674418604651165
sun_bnqctcipgqhkcekn_crop.png,-1.8696476262387032,0.24493325857976164
sun_bnreejpfoxkkxynk_crop.png,-2.034836812109844,0.20670288317347138
sun_bnseieikobohggey_crop.png,-1.8653516388800606,0.08997504341861383
sun_bntiwqxmjupyggcc_crop.png,-1.7353624140108785,0.15687132674753032
sun_bnvsqxgqwqgbotzl_crop.png,-1.891333887884418,-0.07173460643897661
sun_bnvwuiltcchnzsih_crop.png,-1.8814192982237345,0.2760031493406068
sun_bnwqipgohkdtxaty_crop.png,-2.018247077816104,0.18564849295496344
sun_bnxapkxjamsabhtd_crop.png,-1.9435865015639586,0.1692214035964036
sun_bnxntyglgoooisys_crop.png,-1.8609263112480159,0.19116036337864825
sun_bnxzlpjxvvahtzpo_crop.png,-1.9500098782502702,0.08522632811909621
sun_boacyxzyoaylgbau_crop.png,-1.6673370913168628,0.29481844057271
sun_bojbxbhczdfvqdpa_crop.png,-1.9196590992351108,0.15175622936055239
sun_bokyqiwulvzuwhyz_crop.png,-1.9319461133368483,0.09741013265817441
sun_bolmagkqumbypozc_crop.png,-1.898190985517703,0.020022103991569642
sun_bomqdvwahucosrpr_crop.png,-1.9016068958779495,0.2954165919096844
sun_bontgrlnyhxlgtmr_crop.png,-1.7947156774599837,0.1395497026338148
sun_boqjoybowlbmweje_crop.png,-1.8542686916439073,0.20735299294741663
sun_bozxubeyqnjmydan_crop.png,-2.0336547400645735,0.15438193767491593
sun_bpagcpxfsaarnczd_crop.png,-1.8298596857707263,0.23923979877026275
sun_bpftdihpikymulxu_crop.png,-2.076333945758692,0.15505415162454875
sun_bpfuhyhnigocdciv_crop.png,-1.504707048324277,0.19347713811632586
sun_bpjtrsluzdogwide_crop.png,-1.986085528699618,0.1774704242214206
sun_bpmjrniddcjldtii_crop.png,-1.8454623810346686,0.13586095770613268
sun_bppwllojufniahga_crop.png,-1.6354136671637214,0.3124937933773958
sun_bprbgoarbtsltwqg_crop.png,-1.947054066673707,0.3322959940108333
sun_bprimlgomczspbhy_crop.png,-1.9062546871166386,0.18220245045151562
sun_bpsbdxqgqlngmhtv_crop.png,-1.8445763647804252,0.2096494997237739
sun_bpsrbnzuqnmroqhk_crop.png,-1.6571987472049827,0.29348218759832656
sun_bptlxavikcrboxia_crop.png,-1.8029033338045077,0.057554561051987474
sun_bpzinxaftdnsxlbe_crop.png,-1.7027249658302641,0.2557653048365552
sun_bqjeclkuelponlns_crop.png,-1.8451833561785442,0.32147597881020523
sun_bqkzgarzoozoxszx_crop.png,-1.879845876584116,0.15930714253197975
sun_bqomfuqvjirmsdhb_crop.png,-1.9290096163581547,0.12755705200149645
sun_bqovqkezipkgcqzs_crop.png,-2.0287726687886023,0.12587073450313024
sun_bqtozbikfpfllurv_crop.png,-1.8572015074864072,0.24122983600397246
sun_brjtazbjthomjqkn_crop.png,-1.910732730137374,0.0947535052012664
sun_brlarkhmizalsmqc_crop.png,-1.8019982461217645,0.26451099920487675
sun_brnebkbpcrccymaq_crop.png,-1.9617410202219117,0.15412756045762827
sun_brubqjgfomlfbbpn_crop.png,-1.9061106447447498,0.07199526096430914
sun_brutjaqupcapafsf_crop.png,-1.779719367548444,0.23326933935629585
sun_brybtvotfajnjkco_crop.png,-1.6600383446420752,0.2878043593833068
sun_brzrgetweuybobhn_crop.png,-1.829421982200516,0.1207707645336158
sun_bsaotdiiwmauzdat_crop.png,-1.8382704001215295,0.2842070164574749
sun_bsccltramfvmxbsm_crop.png,-1.8402985523992395,0.34234953119682693
sun_bsdsurysgegcamkm_crop.png,-1.8919965713451166,0.13423192013346394
sun_bshiuzzrrjsniwbh_crop.png,-1.837850755967241,0.19465536088870505
sun_bsjsucbuwjrpfqil_crop.png,-1.9686501552120281,0.21351750927643787
sun_bskostakkyaoohde_crop.png,-1.756138487807137,0.29499581840650085
sun_bsrnonmllauxoojx_crop.png,-1.8344245988461103,0.09888204027649543
sun_bsuewujlvyegnflr_crop.png,-1.7675729141266034,0.15507446457587568
sun_bswzkvlbskeqzzhq_crop.png,-1.732147667127267,0.24790860426853287
sun_btblimjtjvxlmpuv_crop.png,-1.917567315414022,0.1594124524992692
sun_btfiahutubbxcnhw_crop.png,-1.7032268851404553,0.0437418023914732
sun_bthmlyxqjdcgohbe_crop.png,-1.578382403379381,0.2586835044186791
sun_btnbfazvlzumdfvi_crop.png,-1.6849385041802878,0.17515218286426512
sun_btoeyfappmpskpld_crop.png,-1.8305190954266537,0.0893778864439011
sun_btolkcebvshlftom_crop.png,-1.7654839728641871,0.159224616408562
sun_btotqdnjcdfrlsga_crop.png,-1.917655590965521,0.15399252650883166
sun_btotugclxujmcaxi_crop.png,-1.8843056069798299,0.17151369813240316
sun_btxukkqwtzdopizg_crop.png,-1.9461941628587744,0.17123824451410657
sun_btzxsbbmhagmxuiw_crop.png,-1.737967286903295,0.13022700119474315
sun_bubeehcgngkyqymr_crop.png,-1.777970762987383,0.21610357857301626
sun_buflvzteuojbfscg_crop.png,-1.3277668470954012,0.23741916301196758
sun_buhemqpumlryxwua_crop.png,-1.6195235354412605,0.04649483526704851
sun_buughjjvdywmepko_crop.png,-1.7784361054304267,0.08433943658218064
sun_buvcqohiqgcgohcg_crop.png,-1.6788655805033652,0.21489958972144244
sun_bvazhffigpnkxubv_crop.png,-1.8079200500761718,0.08286425902864261
sun_bvdnfooaljqyfuzd_crop.png,-1.7385310266033638,0.3250895195339641
sun_bvdwfwfrfblhpgtf_crop.png,-1.7834263128623795,0.31578708054199883
sun_bvhiwnjlhkkbidwf_crop.png,-1.855709666715836,0.026417662823839703
sun_bvllfilrpazbqbik_crop.png,-1.860070927080629,0.29196687533629934
sun_bvrxtezjptwimeml_crop.png,-1.607607628193604,0.17611718325818557
sun_bvtqyjaxidcmvluq_crop.png,-1.5887066222534187,0.28364356911252553
sun_bwejndqaidpijvac_crop.png,-1.7649095387582654,0.2590342483001763
sun_bwfunqgiiejsfgwd_crop.png,-1.6543989526930154,0.16555451590662862
sun_bwjzoiylakrbcjai_crop.png,-1.7803375641397003,0.3529738743746526
sun_bwnjwgergehhafrz_crop.png,-1.8678158894598031,0.02703243892671206
sun_bwqwrromkkilgfaa_crop.png,-1.7573256429012225,0.08233721296005032
sun_bwrawynyugvvbkne_crop.png,-1.872193716927771,0.19500447093889717
sun_bwuzrimrucvtdrso_crop.png,-1.9261802595734365,0.2212938831825847
sun_bwxdjujterquiodg_crop.png,-1.6665941528028103,-0.02833914053426249
sun_bxctqgbrjilpcbdc_crop.png,-1.8589454609716134,0.3661275711392945
sun_bxfvgiupnzqicswi_crop.png,-1.9325460682425195,0.055523395450234644
sun_bxlhswshwkzzkloy_crop.png,-1.92566918909759,0.25727313683463254
sun_bxnhrgjqjqemdrij_crop.png,-1.784632546022718,0.31418017648265956
sun_bxqjmnoybtmijszw_crop.png,-1.8108236989473496,0.14930811000175162
sun_bxszvanexezydruv_crop.png,-1.5042378620283963,0.21949525353090998
sun_bxutyvpmnthcrvjc_crop.png,-1.914701278210759,0.16208299821134892
sun_bxydmoucclhwuqsv_crop.png,-1.8523507106454216,0.28126159554730984
sun_bxymhymwfcdomjtl_crop.png,-1.87217154069421,0.18033202382461033
sun_byifcwfqyewurytq_crop.png,-1.8714467903026966,0.25281247743519386
sun_byrhtrhnbrxmjxay_crop.png,-1.7780467501509643,0.023221002050391848
sun_bytlrcdhyzytgmyn_crop.png,-1.8353485468701285,0.17183041174072566
sun_bytuhfnudnbsojli_crop.png,-1.8011141574511542,0.35034828185513117
sun_byxoxbqwsyfdoglu_crop.png,-1.8547002643537884,0.3451155276959307
sun_bzfmbqcmvdwoxayr_crop.png,-1.8246643545034014,0.06837758952089415
sun_bzhshxubldrovsls_crop.png,-1.9211737304677354,0.2646919290754907
sun_bzjxkzvtnwzubpyh_crop.png,-1.6935853893093689,0.09402444353599572
sun_bzslvifnhpzzuvcf_crop.png,-1.882096904412305,0.2803799621009669
sun_bzvpimzdukgoqggo_crop.png,-1.9944247318747268,0.22248416089583023
sun_bzxskbwunfydqkao_crop.png,-1.6271560662205469,0.21180127062480006
sun_cadulwkkurwytfml_crop.png,-1.7591563282558629,0.0779672501411632
sun_cawvnlmaazrbafxa_crop.png,-1.6416931756292406,0.07838441373507234
sun_ctaavzqedpceeugc_crop.png,-1.786993758072312,0.20117302052785926
sun_daemcahvngursyym_crop.png,-1.8526207757097506,0.06907100110465043
sun_dahdxwmcdluscvot_crop.png,-1.8591913071501274,0.03228273829610133
sun_dahpgzyvzoiieugt_crop.png,-1.6611911090205445,0.26214628251115313
sun_daumquysauetazoi_crop.png,-1.8107694534126786,0.1773424315797197
sun_dbivlwlftepplffo_crop.png,-1.818954159931764,0.23282007413743938
sun_dbwhbuiciepkwesg_crop.png,-1.8816621143357584,0.3331831944548707
sun_dbzffzbfnwwufybx_crop.png,-1.6699342436114255,0.27901171998732976
sun_dcdizpfzbwapswsz_crop.png,-1.4457454631318785,0.16657681335220256
sun_dcgxshrgjxqzomuk_crop.png,-1.5206342322064623,0.3519463351214342
sun_dcimifbqrleawbla_crop.png,-1.2374736303939462,0.21624437498614532
sun_dcixxapxvfaslrni_crop.png,-1.9554179231924913,0.29257480164420224
sun_dcnlhalkgfsuyzdt_crop.png,-1.7683453799775066,0.22449786373519437
sun_dcnvxfmjraaunrjr_crop.png,-1.7487448213366625,0.1490460498989284
sun_ddzjpzhthgbasedh_crop.png,-1.7701164533399676,0.16899398199925436
sun_dfejiwyeupjyjofp_crop.png,-1.8846989941520673,0.2915173553719009
sun_dgtjgsrranptxypb_crop.png,-1.8872821693263195,0.10500960783783053
sun_dgybzhjzhbkixjnm_crop.png,-1.7434472426562377,0.10921846350083705
sun_diadeftdhreqvroj_crop.png,-1.815361205686312,0.358229276072665
sun_djheavokntfsacaw_crop.png,-1.5655285815562026,0.14559702572436745
sun_dkaspzoiebgcgoje_crop.png,-1.721627689340294,0.1737748378461855
sun_dmadxkpanqgiwhnh_crop.png,-1.8866960334147143,0.118860039734192
sun_dmoyxkhhlbzptiwh_crop.png,-1.5404019340339736,0.06793879387938793
sun_dnivwrlemkqnijsx_crop.png,-1.9841182048589006,0.23884510590923735
sun_dtaonxgffwsxrlab_crop.png,-1.7676889729907288,0.23347822540233773
sun_dtlhvolfukwaacor_crop.png,-1.691506633690811,0.2305303537721488
sun_duozdljikepukuie_crop.png,-1.4701391358451696,0.208771177353635
sun_dwksaxsgjjqeaetf_crop.png,-1.765844359025904,0.26634459838672403
sun_dwlzpjddrqkjpnzv_crop.png,-1.8304712837511472,-0.048281973253116
sun_dygjrjfgxkjikobo_crop.png,-1.6225396958662757,0.19240081731961683
sun_dzlgtkawufqinxhn_crop.png,-1.7201578494714538,0.1090743522121173
