image_name,vitnat
animal/bear/000000003481.jpg,4.669611930847168
animal/bear/000000005745.jpg,6.421023368835449
animal/bear/000000011552.jpg,6.58936071395874
animal/bear/000000027439.jpg,6.117342472076416
animal/bear/000000055601.jpg,6.189326763153076
animal/bear/000000067118.jpg,5.508095264434815
animal/bear/000000074032.jpg,3.524915933609009
animal/bear/000000083773.jpg,5.89238977432251
animal/bear/000000115681.jpg,6.002248287200928
animal/bear/000000123891.jpg,6.489315509796143
animal/bear/000000133428.jpg,6.008838176727295
animal/bear/000000138239.jpg,6.42180871963501
animal/bear/000000139892.jpg,3.848947525024414
animal/bear/000000150812.jpg,6.361290454864502
animal/bear/000000162767.jpg,6.376957416534424
animal/bear/000000175210.jpg,6.503955841064453
animal/bear/000000180046.jpg,6.132577896118164
animal/bear/000000182927.jpg,6.608643531799316
animal/bear/000000204640.jpg,5.544305324554443
animal/bear/000000208371.jpg,6.568219661712647
animal/bear/000000213437.jpg,6.229500770568848
animal/bear/000000216455.jpg,6.501084804534912
animal/bear/000000220306.jpg,4.601108551025391
animal/bear/000000223950.jpg,6.547929286956787
animal/bear/000000224193.jpg,6.638926029205322
animal/bear/000000233948.jpg,4.6967949867248535
animal/bear/000000242290.jpg,6.262827396392822
animal/bear/000000267898.jpg,5.380535125732422
animal/bear/000000272804.jpg,4.937857627868652
animal/bear/000000285089.jpg,3.740544080734253
animal/bear/000000289354.jpg,6.311656951904297
animal/bear/000000296283.jpg,6.419963359832764
animal/bear/000000303250.jpg,6.266244888305664
animal/bear/000000313412.jpg,3.979513645172119
animal/bear/000000321092.jpg,6.0676093101501465
animal/bear/000000327159.jpg,5.495680809020996
animal/bear/000000338488.jpg,5.853543281555176
animal/bear/000000344075.jpg,5.859580993652344
animal/bear/000000352129.jpg,5.865572929382324
animal/bear/000000354326.jpg,6.183052062988281
animal/bear/000000355276.jpg,6.489433765411377
animal/bear/000000357386.jpg,5.273033142089844
animal/bear/000000368309.jpg,6.409277439117432
animal/bear/000000396194.jpg,4.705276012420654
animal/bear/000000417577.jpg,4.7964768409729
animal/bear/000000419604.jpg,4.590059280395508
animal/bear/000000420544.jpg,6.481881141662598
animal/bear/000000421986.jpg,6.5583176612854
animal/bear/000000444087.jpg,5.944490432739258
animal/bear/000000446764.jpg,4.716538429260254
animal/bear/000000452263.jpg,5.630989074707031
animal/bear/000000454832.jpg,5.49142599105835
animal/bear/000000454979.jpg,6.352265357971191
animal/bear/000000466024.jpg,3.4474682807922363
animal/bear/000000473030.jpg,4.1993818283081055
animal/bear/000000474246.jpg,6.381398677825928
animal/bear/000000474543.jpg,6.574426651000977
animal/bear/000000486686.jpg,6.516105175018311
animal/bear/000000497042.jpg,6.144004821777344
animal/bear/000000504550.jpg,6.349933624267578
animal/bear/000000519089.jpg,5.214085578918457
animal/bear/000000528882.jpg,6.075794696807861
animal/bear/000000538957.jpg,6.426711559295654
animal/bear/000000544279.jpg,6.496776580810547
animal/bear/000000553162.jpg,6.4670891761779785
animal/bear/000000565077.jpg,5.706321716308594
animal/bear/000000571074.jpg,6.562796592712402
animal/bear/000000574152.jpg,6.406709671020508
animal/bear/n02132136_11173.jpg,6.52736234664917
animal/bear/n02132136_1152.jpg,6.046761989593506
animal/bear/n02132136_1156.jpg,6.520736217498779
animal/bear/n02132136_19256.jpg,2.3200161457061768
animal/bear/n02132136_19488.jpg,4.6115827560424805
animal/bear/n02132136_1954.jpg,6.254055023193359
animal/bear/n02132136_2279.jpg,3.6935882568359375
animal/bear/n02132136_2313.jpg,6.304036617279053
animal/bear/n02132136_3066.jpg,4.846481800079346
animal/bear/n02132136_3328.jpg,4.698028087615967
animal/bear/n02132136_4277.jpg,6.269724845886231
animal/bear/n02132136_4426.jpg,6.4945454597473145
animal/bear/n02132136_4685.jpg,6.470619201660156
animal/bear/n02132136_4740.jpg,6.253755569458008
animal/bear/n02132136_538.jpg,5.998255252838135
animal/bear/n02132136_686.jpg,6.514636516571045
animal/bear/n02132136_6967.jpg,6.3280415534973145
animal/bear/n02132136_7468.jpg,6.174149513244629
animal/bear/n02132136_965.jpg,5.650933742523193
animal/bear/n02132580_13942.jpg,6.293432235717773
animal/bear/n02132580_19931.jpg,4.4892897605896
animal/bear/n02132580_21450.jpg,6.512885093688965
animal/bear/n02132580_22386.jpg,6.358171463012695
animal/bear/n02132580_23122.jpg,4.636466503143311
animal/bear/n02132580_23336.jpg,5.7909836769104
animal/bear/n02132580_23449.jpg,5.5835371017456055
animal/bear/n02132580_24520.jpg,4.443051815032959
animal/bear/n02132580_5128.jpg,4.947926998138428
animal/bear/n02133161_1066.jpg,6.576354503631592
animal/bear/n02133161_10846.jpg,5.068150043487549
animal/bear/n02133161_1148.jpg,4.75083589553833
animal/bear/n02133161_1201.jpg,5.862949848175049
animal/cat/000000036559.jpg,4.263370037078857
animal/cat/000000043655.jpg,1.810268998146057
animal/cat/000000044545.jpg,1.864093780517578
animal/cat/000000067164.jpg,3.770983934402466
animal/cat/000000073260.jpg,4.558317184448242
animal/cat/000000073467.jpg,1.5281641483306885
animal/cat/000000074883.jpg,4.980051517486572
animal/cat/000000077417.jpg,1.3554508686065674
animal/cat/000000094444.jpg,1.6631630659103394
animal/cat/000000096517.jpg,1.4369051456451416
animal/cat/000000098871.jpg,1.69936203956604
animal/cat/000000111400.jpg,1.856545209884644
animal/cat/000000115642.jpg,1.6396385431289673
animal/cat/000000117407.jpg,1.941920042037964
animal/cat/000000124462.jpg,1.4873710870742798
animal/cat/000000127056.jpg,1.7298706769943235
animal/cat/000000132752.jpg,4.472776889801025
animal/cat/000000140360.jpg,1.8499630689620967
animal/cat/000000141376.jpg,1.5866509675979614
animal/cat/000000142484.jpg,1.8731417655944824
animal/cat/000000145476.jpg,1.7782578468322754
animal/cat/000000150691.jpg,1.9487918615341189
animal/cat/000000163715.jpg,2.6703543663024902
animal/cat/000000207093.jpg,2.1676840782165527
animal/cat/000000220292.jpg,1.4661588668823242
animal/cat/000000223757.jpg,1.6291197538375854
animal/cat/000000223942.jpg,1.375977635383606
animal/cat/000000224833.jpg,1.5732239484786987
animal/cat/000000233169.jpg,1.5603991746902466
animal/cat/000000233613.jpg,1.8277976512908936
animal/cat/000000234475.jpg,1.4451647996902466
animal/cat/000000250924.jpg,1.5713906288146973
animal/cat/000000255420.jpg,1.5591773986816406
animal/cat/000000262118.jpg,1.7930171489715576
animal/cat/000000266627.jpg,1.6220883131027222
animal/cat/000000268781.jpg,3.614012479782105
animal/cat/000000288560.jpg,2.468686580657959
animal/cat/000000288639.jpg,1.6106408834457395
animal/cat/000000291603.jpg,3.055006980895996
animal/cat/000000292993.jpg,1.858168721199036
animal/cat/000000296244.jpg,1.684075951576233
animal/cat/000000301697.jpg,2.536673069000244
animal/cat/000000306173.jpg,2.2361199855804443
animal/cat/000000311290.jpg,2.535242795944214
animal/cat/000000318722.jpg,1.507060170173645
animal/cat/000000318837.jpg,1.5137580633163452
animal/cat/000000325298.jpg,1.823963284492493
animal/cat/000000329641.jpg,3.159277439117432
animal/cat/000000338091.jpg,2.057661771774292
animal/cat/000000349777.jpg,2.5386083126068115
animal/cat/000000352117.jpg,1.4863786697387695
animal/cat/000000353149.jpg,3.920070171356201
animal/cat/000000359710.jpg,1.5491340160369873
animal/cat/000000367468.jpg,1.6241157054901123
animal/cat/000000369132.jpg,5.294708251953125
animal/cat/000000379620.jpg,3.0235354900360107
animal/cat/000000381605.jpg,1.947959303855896
animal/cat/000000382710.jpg,2.0124940872192383
animal/cat/000000386291.jpg,1.479480504989624
animal/cat/000000386414.jpg,1.460558295249939
animal/cat/000000389541.jpg,1.8892627954483032
animal/cat/000000393046.jpg,2.253371238708496
animal/cat/000000395555.jpg,1.6546814441680908
animal/cat/000000395987.jpg,1.4522091150283811
animal/cat/000000404172.jpg,1.7712222337722778
animal/cat/000000411065.jpg,1.4304380416870115
animal/cat/000000414487.jpg,1.6263651847839355
animal/cat/000000416006.jpg,1.4399312734603882
animal/cat/000000419008.jpg,1.7879607677459717
animal/cat/000000428266.jpg,1.4520589113235474
animal/cat/000000433123.jpg,2.7484517097473145
animal/cat/000000437126.jpg,2.0208840370178223
animal/cat/000000439085.jpg,2.450320243835449
animal/cat/000000440067.jpg,1.3562873601913452
animal/cat/000000445267.jpg,3.2154929637908936
animal/cat/000000452696.jpg,1.7634423971176147
animal/cat/000000467172.jpg,1.8688974380493164
animal/cat/000000474764.jpg,1.748031497001648
animal/cat/000000477673.jpg,1.955367922782898
animal/cat/000000485139.jpg,1.822233319282532
animal/cat/000000502275.jpg,2.0778074264526367
animal/cat/000000503294.jpg,1.4074440002441406
animal/cat/000000503938.jpg,1.475360631942749
animal/cat/000000511148.jpg,1.85176944732666
animal/cat/000000511239.jpg,2.753744602203369
animal/cat/000000518324.jpg,1.644040584564209
animal/cat/000000530489.jpg,2.2719836235046387
animal/cat/000000531594.jpg,1.681086778640747
animal/cat/000000532491.jpg,2.3959779739379883
animal/cat/000000535080.jpg,2.280940532684326
animal/cat/000000535679.jpg,2.356250524520874
animal/cat/000000537022.jpg,1.4963573217391968
animal/cat/000000543264.jpg,1.8032190799713133
animal/cat/000000559776.jpg,2.5478086471557617
animal/cat/000000567754.jpg,1.4808311462402344
animal/cat/000000571671.jpg,1.502315878868103
animal/cat/000000576072.jpg,2.080277681350708
animal/cat/000000580427.jpg,1.819607853889465
animal/cat/n02123045_13139.jpg,3.3871467113494877
animal/cat/n02123597_11551.jpg,3.478622913360596
animal/chicken/n01514668_10672.jpg,5.130209922790527
animal/chicken/n01514668_10820.jpg,5.665371894836426
animal/chicken/n01514668_11498.jpg,4.902601718902588
animal/chicken/n01514668_12187.jpg,4.353271484375
animal/chicken/n01514668_13509.jpg,4.314492225646973
animal/chicken/n01514668_14530.jpg,4.454731464385986
animal/chicken/n01514668_14572.jpg,4.635188579559326
animal/chicken/n01514668_15917.jpg,5.4567646980285645
animal/chicken/n01514668_17062.jpg,4.871222972869873
animal/chicken/n01514668_17461.jpg,5.886720180511475
animal/chicken/n01514668_18223.jpg,2.6029956340789795
animal/chicken/n01514668_18613.jpg,5.464581489562988
animal/chicken/n01514668_18729.jpg,4.827794075012207
animal/chicken/n01514668_18848.jpg,5.530547142028809
animal/chicken/n01514668_20239.jpg,4.038130283355713
animal/chicken/n01514668_20315.jpg,2.708073854446411
animal/chicken/n01514668_20424.jpg,4.70823860168457
animal/chicken/n01514668_20610.jpg,6.521121978759766
animal/chicken/n01514668_20967.jpg,4.9637885093688965
animal/chicken/n01514668_21350.jpg,5.50098991394043
animal/chicken/n01514668_22000.jpg,4.659170150756836
animal/chicken/n01514668_23654.jpg,4.6466450691223145
animal/chicken/n01514668_3493.jpg,4.92454719543457
animal/chicken/n01514668_3668.jpg,1.9546695947647093
animal/chicken/n01514668_4216.jpg,3.3950891494750977
animal/chicken/n01514668_4832.jpg,5.598998546600342
animal/chicken/n01514668_690.jpg,1.9562039375305176
animal/chicken/n01514668_7269.jpg,4.59749698638916
animal/chicken/n01514668_7597.jpg,2.282493352890014
animal/chicken/n01514668_8514.jpg,4.503406524658203
animal/chicken/n01514668_9003.jpg,5.159584999084473
animal/chicken/n01514668_9306.jpg,5.148443698883057
animal/chicken/n01514859_10423.jpg,3.1704463958740234
animal/chicken/n01514859_10488.jpg,2.770415067672729
animal/chicken/n01514859_10948.jpg,4.23703670501709
animal/chicken/n01514859_11835.jpg,5.193505764007568
animal/chicken/n01514859_12292.jpg,5.696112155914307
animal/chicken/n01514859_12538.jpg,5.07426118850708
animal/chicken/n01514859_129.jpg,3.381067514419556
animal/chicken/n01514859_1469.jpg,4.817952632904053
animal/chicken/n01514859_2765.jpg,2.90709924697876
animal/chicken/n01514859_3543.jpg,4.910470008850098
animal/chicken/n01514859_3773.jpg,4.614463806152344
animal/chicken/n01514859_4042.jpg,4.597981452941895
animal/chicken/n01514859_4045.jpg,3.766144275665283
animal/chicken/n01514859_4051.jpg,2.8448262214660645
animal/chicken/n01514859_4326.jpg,5.091578960418701
animal/chicken/n01514859_4612.jpg,3.1428639888763428
animal/chicken/n01514859_4910.jpg,4.5278730392456055
animal/chicken/n01514859_4999.jpg,3.3817975521087646
animal/chicken/n01514859_5565.jpg,4.357285022735596
animal/chicken/n01514859_6450.jpg,2.7424278259277344
animal/chicken/n01514859_6640.jpg,6.33481502532959
animal/chicken/n01514859_6849.jpg,4.224448204040527
animal/chicken/n01514859_7029.jpg,4.003734588623047
animal/chicken/n01514859_7634.jpg,2.332293033599853
animal/chicken/n01514859_945.jpg,2.8369007110595703
animal/chicken/n01791625_10861.jpg,2.310766220092773
animal/chicken/n01791625_12250.jpg,4.33928918838501
animal/chicken/n01791625_12394.jpg,4.203045845031738
animal/chicken/n01791625_12948.jpg,1.7767250537872314
animal/chicken/n01791625_15716.jpg,3.6792945861816406
animal/chicken/n01791625_16028.jpg,3.6035988330841056
animal/chicken/n01791625_16100.jpg,3.330749273300171
animal/chicken/n01791625_16214.jpg,4.640198707580566
animal/chicken/n01791625_17466.jpg,5.046692848205566
animal/chicken/n01791625_3148.jpg,6.218388557434082
animal/chicken/n01791625_526.jpg,2.684187889099121
animal/chicken/n01791625_644.jpg,2.8135480880737305
animal/chicken/n01791625_8908.jpg,3.233659267425537
animal/chicken/n01791625_9841.jpg,2.519270181655884
animal/chicken/n01792640_10135.jpg,4.436968326568604
animal/chicken/n01792640_11755.jpg,4.3037590980529785
animal/chicken/n01792640_13474.jpg,6.051737785339356
animal/chicken/n01792640_14323.jpg,4.063732624053955
animal/chicken/n01792640_19952.jpg,4.555902004241943
animal/chicken/n01792640_22171.jpg,3.8446123600006095
animal/chicken/n01792640_2815.jpg,6.255886554718018
animal/chicken/n01792640_4344.jpg,4.850398063659668
animal/chicken/n01792640_5386.jpg,4.596945762634277
animal/chicken/n01792640_6568.jpg,1.9615700244903564
animal/chicken/n01792640_6987.jpg,3.949476718902588
animal/chicken/n01792640_712.jpg,3.3539793491363525
animal/chicken/n01792640_8097.jpg,6.239360809326172
animal/chicken/n01792955_11320.jpg,3.367905378341675
animal/chicken/n01792955_16450.jpg,2.378716230392456
animal/chicken/n01792955_2693.jpg,5.868000984191895
animal/chicken/n01792955_454.jpg,2.215290307998657
animal/chicken/n01792955_93.jpg,4.656820297241211
animal/chicken/n01793435_1195.jpg,2.934828996658325
animal/chicken/n01793435_2190.jpg,2.414984703063965
animal/chicken/n01793435_2306.jpg,4.008279800415039
animal/chicken/n01793435_2761.jpg,4.153313636779785
animal/chicken/n01793435_425.jpg,5.419858455657959
animal/chicken/n01793435_5738.jpg,3.144704341888428
animal/chicken/n01793435_7070.jpg,2.7283952236175537
animal/chicken/n01793435_7545.jpg,4.724488258361816
animal/chicken/n01793435_9649.jpg,5.322328090667725
animal/chicken/n01793435_9890.jpg,3.6726272106170654
animal/chicken/n01793435_9973.jpg,4.022467613220215
animal/cow/000000003480.jpg,6.546170234680176
animal/cow/000000018534.jpg,3.4062631130218506
animal/cow/000000019974.jpg,4.199112415313721
animal/cow/000000022983.jpg,6.343834400177002
animal/cow/000000029341.jpg,5.790432929992676
animal/cow/000000051094.jpg,5.885632991790772
animal/cow/000000055722.jpg,2.662203550338745
animal/cow/000000060687.jpg,5.422870635986328
animal/cow/000000067082.jpg,5.091463088989258
animal/cow/000000068030.jpg,6.12466287612915
animal/cow/000000070603.jpg,2.0313117504119877
animal/cow/000000072905.jpg,4.968727111816406
animal/cow/000000080363.jpg,5.302901268005371
animal/cow/000000082935.jpg,6.534056663513184
animal/cow/000000088176.jpg,3.897513628005981
animal/cow/000000088382.jpg,6.363892555236816
animal/cow/000000089668.jpg,6.229729175567627
animal/cow/000000089895.jpg,5.930507183074951
animal/cow/000000092679.jpg,4.717906475067139
animal/cow/000000094716.jpg,2.1969704627990723
animal/cow/000000104095.jpg,5.138792037963867
animal/cow/000000106589.jpg,6.400766849517822
animal/cow/000000112295.jpg,6.580384731292725
animal/cow/000000113852.jpg,5.757683753967285
animal/cow/000000114246.jpg,5.293213367462158
animal/cow/000000123229.jpg,5.68441915512085
animal/cow/000000130221.jpg,4.512849807739258
animal/cow/000000131390.jpg,5.64154577255249
animal/cow/000000133137.jpg,4.106665134429932
animal/cow/000000139105.jpg,5.464329719543457
animal/cow/000000139455.jpg,5.589913845062256
animal/cow/000000149832.jpg,5.547896385192871
animal/cow/000000153428.jpg,4.270509719848633
animal/cow/000000153973.jpg,5.430587768554688
animal/cow/000000159196.jpg,6.401181221008301
animal/cow/000000166021.jpg,4.838634967803955
animal/cow/000000166223.jpg,3.91891884803772
animal/cow/000000189459.jpg,6.141213417053223
animal/cow/000000195204.jpg,5.738467216491699
animal/cow/000000213961.jpg,6.348019599914551
animal/cow/000000221895.jpg,4.875417232513428
animal/cow/000000222893.jpg,6.285749435424805
animal/cow/000000223123.jpg,5.652463436126709
animal/cow/000000223511.jpg,5.2008161544799805
animal/cow/000000231668.jpg,6.580785751342773
animal/cow/000000233383.jpg,3.895828485488892
animal/cow/000000239762.jpg,5.866905212402344
animal/cow/000000253030.jpg,4.515562057495117
animal/cow/000000256284.jpg,4.463857173919678
animal/cow/000000264615.jpg,5.192718029022217
animal/cow/000000267797.jpg,2.7565362453460693
animal/cow/000000270431.jpg,6.063488960266113
animal/cow/000000278437.jpg,5.390405654907227
animal/cow/000000282572.jpg,1.9625827074050903
animal/cow/000000284536.jpg,5.514973163604736
animal/cow/000000288076.jpg,6.129374027252197
animal/cow/000000288117.jpg,6.159692287445068
animal/cow/000000305888.jpg,4.327783107757568
animal/cow/000000318708.jpg,6.103551387786865
animal/cow/000000319469.jpg,5.377619743347168
animal/cow/000000333550.jpg,5.860254764556885
animal/cow/000000335624.jpg,3.452446460723877
animal/cow/000000345835.jpg,1.9580199718475344
animal/cow/000000346511.jpg,4.961727142333984
animal/cow/000000347445.jpg,3.362691879272461
animal/cow/000000349408.jpg,6.492337703704834
animal/cow/000000352276.jpg,3.267783164978028
animal/cow/000000352307.jpg,6.069562911987305
animal/cow/000000363067.jpg,6.270073413848877
animal/cow/000000373153.jpg,4.304714679718018
animal/cow/000000397309.jpg,5.891131401062012
animal/cow/000000411415.jpg,5.174145698547363
animal/cow/000000412922.jpg,6.376117706298828
animal/cow/000000414679.jpg,4.947123527526856
animal/cow/000000416684.jpg,6.219122886657715
animal/cow/000000416948.jpg,6.077287673950195
animal/cow/000000419780.jpg,6.165943145751953
animal/cow/000000421502.jpg,5.625868797302246
animal/cow/000000444166.jpg,4.826498985290527
animal/cow/000000447684.jpg,5.148654937744141
animal/cow/000000449985.jpg,2.9967262744903564
animal/cow/000000455443.jpg,5.345607280731201
animal/cow/000000466635.jpg,4.189733028411865
animal/cow/000000470525.jpg,4.656015396118164
animal/cow/000000484384.jpg,3.865509510040283
animal/cow/000000486005.jpg,6.445617198944092
animal/cow/000000487340.jpg,5.493838787078857
animal/cow/000000488043.jpg,5.129599571228027
animal/cow/000000489261.jpg,6.37694787979126
animal/cow/000000493612.jpg,5.92515230178833
animal/cow/000000507547.jpg,6.085069179534912
animal/cow/000000518555.jpg,5.0506367683410645
animal/cow/000000526456.jpg,5.121333599090576
animal/cow/000000528189.jpg,4.420132160186768
animal/cow/000000532145.jpg,5.073054790496826
animal/cow/000000533051.jpg,5.121757984161377
animal/cow/000000534311.jpg,4.961326122283936
animal/cow/000000541510.jpg,3.678215503692627
animal/cow/000000551533.jpg,5.647101879119873
animal/cow/000000576206.jpg,5.712395191192627
animal/deer/n02430045_12102.jpg,6.205672740936279
animal/deer/n02430045_12809.jpg,6.216850280761719
animal/deer/n02430045_13141.jpg,4.927103042602539
animal/deer/n02430045_2153.jpg,6.434812545776367
animal/deer/n02430045_2199.jpg,4.040562629699707
animal/deer/n02430045_2537.jpg,5.244414329528809
animal/deer/n02430045_2970.jpg,3.655551671981812
animal/deer/n02430045_3429.jpg,6.422070026397705
animal/deer/n02430045_3448.jpg,4.096706390380859
animal/deer/n02430045_3541.jpg,6.5632429122924805
animal/deer/n02430045_3544.jpg,3.4467170238494877
animal/deer/n02430045_3668.jpg,5.976088047027588
animal/deer/n02430045_3946.jpg,6.324060916900635
animal/deer/n02430045_3966.jpg,6.115653038024902
animal/deer/n02430045_4014.jpg,3.87142014503479
animal/deer/n02430045_4065.jpg,6.526574611663818
animal/deer/n02430045_4172.jpg,5.794611930847168
animal/deer/n02430045_4240.jpg,5.621331691741943
animal/deer/n02430045_4491.jpg,6.259161472320557
animal/deer/n02430045_4675.jpg,2.562268018722534
animal/deer/n02430045_4757.jpg,4.606205463409424
animal/deer/n02430045_4873.jpg,5.419044017791748
animal/deer/n02430045_4987.jpg,4.9819865226745605
animal/deer/n02430045_5322.jpg,5.612606048583984
animal/deer/n02430045_5497.jpg,5.626061916351318
animal/deer/n02430045_5590.jpg,5.755693435668945
animal/deer/n02430045_5788.jpg,3.977039337158203
animal/deer/n02430045_5793.jpg,6.432377338409424
animal/deer/n02430045_5804.jpg,5.027797222137451
animal/deer/n02430045_5913.jpg,5.843497276306152
animal/deer/n02430045_5923.jpg,4.856133460998535
animal/deer/n02430045_5975.jpg,4.926806926727295
animal/deer/n02430045_6047.jpg,5.955363750457764
animal/deer/n02430045_6255.jpg,5.770439624786377
animal/deer/n02430045_6289.jpg,4.815029621124268
animal/deer/n02430045_6571.jpg,5.07412052154541
animal/deer/n02430045_972.jpg,5.2450690269470215
animal/deer/n02431337_2676.jpg,5.840235710144043
animal/deer/n02431337_6373.jpg,6.473055839538574
animal/deer/n02431441_110.jpg,6.145609855651856
animal/deer/n02431441_12219.jpg,5.576762676239014
animal/deer/n02431441_12391.jpg,6.139073848724365
animal/deer/n02431441_1782.jpg,4.89144229888916
animal/deer/n02431441_4277.jpg,5.728174686431885
animal/deer/n02431441_4390.jpg,6.496432304382324
animal/deer/n02431441_574.jpg,6.2808146476745605
animal/deer/n02431441_6672.jpg,5.988911151885986
animal/deer/n02431441_6696.jpg,5.739028930664063
animal/deer/n02431441_6984.jpg,5.5271525382995605
animal/deer/n02431441_8356.jpg,6.061983108520508
animal/deer/n02431628_2953.jpg,4.9782257080078125
animal/deer/n02431628_3572.jpg,6.285261154174805
animal/deer/n02431628_4958.jpg,6.081401348114014
animal/deer/n02431628_6620.jpg,5.615954399108887
animal/deer/n02431628_6756.jpg,5.894783973693848
animal/deer/n02431785_13508.jpg,5.93897819519043
animal/deer/n02431785_21925.jpg,6.58476448059082
animal/deer/n02431785_24562.jpg,6.278905391693115
animal/deer/n02431785_25175.jpg,6.297055721282959
animal/deer/n02431785_3713.jpg,6.046596050262451
animal/deer/n02431785_3863.jpg,6.316565990447998
animal/deer/n02431785_6514.jpg,5.584545612335205
animal/deer/n02432983_11100.jpg,6.436914920806885
animal/deer/n02432983_12479.jpg,6.242131233215332
animal/deer/n02432983_13135.jpg,6.339806079864502
animal/deer/n02432983_15990.jpg,4.979672431945801
animal/deer/n02432983_20323.jpg,6.221107006072998
animal/deer/n02432983_20980.jpg,6.305548667907715
animal/deer/n02432983_23360.jpg,6.1412672996521
animal/deer/n02432983_23378.jpg,5.8938984870910645
animal/deer/n02432983_25277.jpg,3.6515705585479736
animal/deer/n02432983_25342.jpg,5.718420505523682
animal/deer/n02432983_26897.jpg,6.367007255554199
animal/deer/n02432983_27024.jpg,6.407811641693115
animal/deer/n02432983_2922.jpg,6.25173807144165
animal/deer/n02432983_5356.jpg,6.546300888061523
animal/deer/n02432983_7830.jpg,4.026157379150391
animal/deer/n02433729_2259.jpg,5.839319229125977
animal/deer/n02433729_3376.jpg,4.6041178703308105
animal/deer/n02433729_8491.jpg,3.620730638504028
animal/deer/n02433729_8495.jpg,5.0856804847717285
animal/deer/n02433729_8548.jpg,5.897279262542725
animal/deer/n02433729_8950.jpg,6.529536724090576
animal/deer/n02433925_23052.jpg,5.852658748626709
animal/deer/n02434954_1542.jpg,5.878617763519287
animal/deer/n02434954_1883.jpg,5.354528903961182
animal/deer/n02434954_2920.jpg,6.193459510803223
animal/deer/n02434954_3310.jpg,5.602494716644287
animal/deer/n02434954_3412.jpg,2.888635873794556
animal/deer/n02434954_3668.jpg,5.703089714050293
animal/deer/n02434954_4276.jpg,6.301588535308838
animal/deer/n02434954_4936.jpg,6.133927345275879
animal/deer/n02434954_5115.jpg,6.431073188781738
animal/deer/n02434954_5509.jpg,6.250761985778809
animal/deer/n02434954_5901.jpg,4.507911682128906
animal/deer/n02434954_612.jpg,5.684720993041992
animal/deer/n02434954_6144.jpg,3.4918997287750244
animal/deer/n02434954_6168.jpg,4.4557623863220215
animal/deer/n02434954_7106.jpg,2.672353029251098
animal/dog/000000017004.jpg,2.2406694889068604
animal/dog/000000019528.jpg,2.548761367797852
animal/dog/000000020221.jpg,1.7511467933654783
animal/dog/000000021048.jpg,3.413351058959961
animal/dog/000000021566.jpg,6.475531578063965
animal/dog/000000034321.jpg,2.5104730129241943
animal/dog/000000046345.jpg,3.6682286262512207
animal/dog/000000093816.jpg,2.502370595932007
animal/dog/000000098709.jpg,4.907866477966309
animal/dog/000000103331.jpg,1.8506871461868288
animal/dog/000000107716.jpg,6.395411968231201
animal/dog/000000120874.jpg,2.3378446102142334
animal/dog/000000131714.jpg,2.8029229640960693
animal/dog/000000136132.jpg,4.377565860748291
animal/dog/000000157119.jpg,4.157708644866943
animal/dog/000000162735.jpg,3.130460500717163
animal/dog/000000189600.jpg,2.7010416984558105
animal/dog/000000195815.jpg,1.4774575233459473
animal/dog/000000200376.jpg,1.4325329065322876
animal/dog/000000205854.jpg,2.3527421951293945
animal/dog/000000207509.jpg,4.333401679992676
animal/dog/000000208913.jpg,4.830742835998535
animal/dog/000000210958.jpg,2.103442907333374
animal/dog/000000215223.jpg,2.290933609008789
animal/dog/000000224468.jpg,2.426198959350586
animal/dog/000000229603.jpg,1.8979572057724
animal/dog/000000235843.jpg,1.540460228919983
animal/dog/000000264193.jpg,6.237855911254883
animal/dog/000000266676.jpg,1.8167059421539309
animal/dog/000000275885.jpg,2.0881965160369877
animal/dog/000000278184.jpg,2.0715787410736084
animal/dog/000000286480.jpg,1.582552790641785
animal/dog/000000287328.jpg,2.236914157867432
animal/dog/000000296760.jpg,1.742584228515625
animal/dog/000000304741.jpg,1.5474568605422974
animal/dog/000000307048.jpg,1.7079142332077026
animal/dog/000000308040.jpg,1.6059201955795288
animal/dog/000000310757.jpg,2.4290003776550293
animal/dog/000000330028.jpg,1.9027312994003296
animal/dog/000000333407.jpg,1.5323058366775513
animal/dog/000000335451.jpg,1.9727262258529663
animal/dog/000000343707.jpg,4.806131839752197
animal/dog/000000363031.jpg,1.9726864099502563
animal/dog/000000370423.jpg,1.5224103927612305
animal/dog/000000372460.jpg,1.8534451723098757
animal/dog/000000383662.jpg,3.820533275604248
animal/dog/000000387876.jpg,1.80865478515625
animal/dog/000000396217.jpg,1.6059490442276
animal/dog/000000396400.jpg,4.145032405853272
animal/dog/000000397034.jpg,3.0638585090637207
animal/dog/000000398632.jpg,4.709407806396484
animal/dog/000000404602.jpg,1.4969122409820557
animal/dog/000000408623.jpg,2.1815903186798096
animal/dog/000000417926.jpg,1.4782891273498535
animal/dog/000000428214.jpg,1.4557358026504517
animal/dog/000000429638.jpg,1.8784000873565676
animal/dog/000000432752.jpg,6.240514755249023
animal/dog/000000441674.jpg,1.662505865097046
animal/dog/000000462330.jpg,2.261946201324463
animal/dog/000000464871.jpg,1.492864012718201
animal/dog/000000466643.jpg,2.119248151779175
animal/dog/000000467232.jpg,2.4576261043548584
animal/dog/000000469281.jpg,1.9820075035095213
animal/dog/000000472924.jpg,2.519892930984497
animal/dog/000000482310.jpg,2.093005895614624
animal/dog/000000482392.jpg,1.8814005851745603
animal/dog/000000489328.jpg,4.513890266418457
animal/dog/000000504341.jpg,4.007637023925781
animal/dog/000000506783.jpg,4.025230884552002
animal/dog/000000510368.jpg,1.3824846744537354
animal/dog/000000522195.jpg,2.907576560974121
animal/dog/000000527845.jpg,1.661901593208313
animal/dog/000000529256.jpg,1.373521089553833
animal/dog/000000550063.jpg,1.7538233995437622
animal/dog/000000555493.jpg,2.7993428707122803
animal/dog/000000572254.jpg,1.813542723655701
animal/dog/000000575005.jpg,3.768385171890259
animal/dog/000000576136.jpg,1.7356970310211182
animal/dog/n02087551_12257.jpg,2.5477964878082275
animal/dog/n02088364_6866.jpg,4.365719795227051
animal/dog/n02088632_982.jpg,3.76312518119812
animal/dog/n02088839_5834.jpg,5.710887432098389
animal/dog/n02089078_3449.jpg,2.045511245727539
animal/dog/n02089555_6001.jpg,4.372339725494385
animal/dog/n02089973_1846.jpg,4.06688404083252
animal/dog/n02090379_4673.jpg,5.723315715789795
animal/dog/n02090475_12741.jpg,3.933352708816528
animal/dog/n02090721_1131.jpg,4.669083595275879
animal/dog/n02090721_333.jpg,3.169240713119507
animal/dog/n02090827_12582.jpg,2.1448559761047363
animal/dog/n02090827_160.jpg,4.173016548156738
animal/dog/n02090827_3313.jpg,5.574098587036133
animal/dog/n02090827_5607.jpg,2.842913866043091
animal/dog/n02091032_1121.jpg,4.231337070465088
animal/dog/n02091244_1470.jpg,4.615967750549316
animal/dog/n02091467_4631.jpg,1.8547223806381223
animal/dog/n02091831_1565.jpg,3.8484325408935542
animal/dog/n02092002_14320.jpg,4.215313911437988
animal/dog/n02092002_4921.jpg,2.8806862831115723
animal/dog/n02092339_4906.jpg,2.508429765701294
animal/duck/n01846331_1006.jpg,4.6495680809021
animal/duck/n01846331_10215.jpg,4.902491569519043
animal/duck/n01846331_10856.jpg,5.656769752502441
animal/duck/n01846331_10874.jpg,6.384417533874512
animal/duck/n01846331_1102.jpg,6.18184757232666
animal/duck/n01846331_11431.jpg,5.037947177886963
animal/duck/n01846331_1153.jpg,5.329220771789551
animal/duck/n01846331_11534.jpg,5.567430019378662
animal/duck/n01846331_11880.jpg,6.144059181213379
animal/duck/n01846331_12534.jpg,5.692534923553467
animal/duck/n01846331_12659.jpg,5.021169662475586
animal/duck/n01846331_12725.jpg,4.946899890899658
animal/duck/n01846331_12734.jpg,6.12698221206665
animal/duck/n01846331_13074.jpg,3.6474649906158447
animal/duck/n01846331_13275.jpg,5.343710422515869
animal/duck/n01846331_13327.jpg,5.853819370269775
animal/duck/n01846331_13568.jpg,6.530938625335693
animal/duck/n01846331_13905.jpg,3.666598320007324
animal/duck/n01846331_14161.jpg,5.759923934936523
animal/duck/n01846331_14212.jpg,4.08828067779541
animal/duck/n01846331_14229.jpg,6.374312877655029
animal/duck/n01846331_14231.jpg,6.075535774230957
animal/duck/n01846331_14442.jpg,4.336437702178955
animal/duck/n01846331_14535.jpg,2.358428478240967
animal/duck/n01846331_14741.jpg,6.200867176055908
animal/duck/n01846331_1493.jpg,6.261679649353027
animal/duck/n01846331_15233.jpg,6.330448627471924
animal/duck/n01846331_15402.jpg,3.8339877128601074
animal/duck/n01846331_15480.jpg,4.012543678283691
animal/duck/n01846331_15481.jpg,5.874789237976074
animal/duck/n01846331_15598.jpg,4.455156803131104
animal/duck/n01846331_1577.jpg,5.811783313751221
animal/duck/n01846331_1582.jpg,5.522624492645264
animal/duck/n01846331_16461.jpg,5.1549601554870605
animal/duck/n01846331_1753.jpg,4.443797111511231
animal/duck/n01846331_17740.jpg,5.48660135269165
animal/duck/n01846331_1824.jpg,5.360304355621338
animal/duck/n01846331_1947.jpg,4.564918518066406
animal/duck/n01846331_2058.jpg,6.27230167388916
animal/duck/n01846331_2354.jpg,5.7964701652526855
animal/duck/n01846331_2425.jpg,5.528687953948975
animal/duck/n01846331_2474.jpg,4.126416206359863
animal/duck/n01846331_2743.jpg,5.675365447998047
animal/duck/n01846331_2820.jpg,5.869735240936279
animal/duck/n01846331_2857.jpg,3.127854108810425
animal/duck/n01846331_2869.jpg,4.241438865661621
animal/duck/n01846331_2900.jpg,4.159027576446533
animal/duck/n01846331_2909.jpg,4.809590816497803
animal/duck/n01846331_3060.jpg,5.241954326629639
animal/duck/n01846331_3187.jpg,6.013330459594727
animal/duck/n01846331_3202.jpg,6.194939136505127
animal/duck/n01846331_3358.jpg,3.43159556388855
animal/duck/n01846331_3449.jpg,4.774965286254883
animal/duck/n01846331_3530.jpg,5.303372383117676
animal/duck/n01846331_3656.jpg,5.064642429351807
animal/duck/n01846331_3988.jpg,4.918310642242432
animal/duck/n01846331_4035.jpg,2.998969078063965
animal/duck/n01846331_4191.jpg,6.064848899841309
animal/duck/n01846331_4246.jpg,4.883969306945801
animal/duck/n01846331_432.jpg,3.6182918548583984
animal/duck/n01846331_4392.jpg,4.906367301940918
animal/duck/n01846331_471.jpg,6.004705905914307
animal/duck/n01846331_4793.jpg,5.745605945587158
animal/duck/n01846331_4915.jpg,6.145567417144775
animal/duck/n01846331_5267.jpg,6.226316928863525
animal/duck/n01846331_5309.jpg,5.77454948425293
animal/duck/n01846331_5391.jpg,5.054843902587891
animal/duck/n01846331_5551.jpg,4.593270301818848
animal/duck/n01846331_5668.jpg,5.946527481079102
animal/duck/n01846331_5760.jpg,6.220822811126709
animal/duck/n01846331_5951.jpg,6.085216999053955
animal/duck/n01846331_5989.jpg,5.192136764526367
animal/duck/n01846331_6092.jpg,5.683119773864746
animal/duck/n01846331_613.jpg,5.966145038604736
animal/duck/n01846331_6225.jpg,5.699551105499268
animal/duck/n01846331_6493.jpg,3.248760938644409
animal/duck/n01846331_6499.jpg,6.154688358306885
animal/duck/n01846331_6505.jpg,6.049640655517578
animal/duck/n01846331_6555.jpg,5.672283172607422
animal/duck/n01846331_6727.jpg,3.791171789169312
animal/duck/n01846331_6789.jpg,6.449230194091797
animal/duck/n01846331_693.jpg,3.9522087574005127
animal/duck/n01846331_708.jpg,2.38210129737854
animal/duck/n01846331_7096.jpg,4.3474440574646
animal/duck/n01846331_7365.jpg,4.981860160827637
animal/duck/n01846331_7467.jpg,5.192142009735107
animal/duck/n01846331_7521.jpg,4.3565826416015625
animal/duck/n01846331_7718.jpg,5.548149585723877
animal/duck/n01846331_8240.jpg,2.559662342071533
animal/duck/n01846331_8429.jpg,5.149969100952148
animal/duck/n01846331_8471.jpg,5.705530643463135
animal/duck/n01846331_8530.jpg,5.856393814086914
animal/duck/n01846331_8672.jpg,4.851974010467529
animal/duck/n01846331_8880.jpg,5.113093376159668
animal/duck/n01846331_897.jpg,6.1182403564453125
animal/duck/n01846331_9058.jpg,6.137112140655518
animal/duck/n01846331_943.jpg,5.638612747192383
animal/duck/n01846331_973.jpg,6.066455364227295
animal/duck/n01846331_9747.jpg,5.296328067779541
animal/duck/n01846331_9788.jpg,5.485610485076904
animal/elephant/000000010449.jpg,6.614940643310547
animal/elephant/000000018792.jpg,6.188899040222168
animal/elephant/000000021338.jpg,6.481507301330566
animal/elephant/000000040433.jpg,5.937397003173828
animal/elephant/000000045617.jpg,6.279298782348633
animal/elephant/000000047406.jpg,6.416688919067383
animal/elephant/000000049369.jpg,6.501340389251709
animal/elephant/000000062170.jpg,6.261727333068848
animal/elephant/000000065465.jpg,6.31370735168457
animal/elephant/000000067786.jpg,6.195933818817139
animal/elephant/000000072216.jpg,3.412147045135498
animal/elephant/000000096244.jpg,4.181609153747559
animal/elephant/000000097610.jpg,1.9758442640304563
animal/elephant/000000113495.jpg,6.520291805267334
animal/elephant/000000126595.jpg,4.978884696960449
animal/elephant/000000127647.jpg,5.120573997497559
animal/elephant/000000128324.jpg,6.455487251281738
animal/elephant/000000131059.jpg,5.965842247009277
animal/elephant/000000134242.jpg,6.491825103759766
animal/elephant/000000136542.jpg,6.435886383056641
animal/elephant/000000137589.jpg,4.02199649810791
animal/elephant/000000148004.jpg,4.706679344177246
animal/elephant/000000154023.jpg,6.47301721572876
animal/elephant/000000167045.jpg,5.829604625701904
animal/elephant/000000177284.jpg,6.489524364471436
animal/elephant/000000181224.jpg,6.084949493408203
animal/elephant/000000194381.jpg,6.448457717895508
animal/elephant/000000199815.jpg,5.713607311248779
animal/elephant/000000216817.jpg,6.402103424072266
animal/elephant/000000218405.jpg,5.618682384490967
animal/elephant/000000221089.jpg,1.6086663007736206
animal/elephant/000000224874.jpg,4.908515453338623
animal/elephant/000000225121.jpg,5.663297653198242
animal/elephant/000000227270.jpg,3.332879066467285
animal/elephant/000000227358.jpg,6.44869327545166
animal/elephant/000000230515.jpg,6.023202896118164
animal/elephant/000000232085.jpg,5.470457077026367
animal/elephant/000000245713.jpg,6.336488246917725
animal/elephant/000000255598.jpg,2.909147024154663
animal/elephant/000000256028.jpg,2.5724213123321533
animal/elephant/000000256061.jpg,6.205655574798584
animal/elephant/000000260817.jpg,3.4330356121063232
animal/elephant/000000273106.jpg,6.380427837371826
animal/elephant/000000273618.jpg,6.087194442749023
animal/elephant/000000285678.jpg,6.457018852233887
animal/elephant/000000289864.jpg,6.576247692108154
animal/elephant/000000291894.jpg,5.605097770690918
animal/elephant/000000293543.jpg,6.207813262939453
animal/elephant/000000293751.jpg,6.579286098480225
animal/elephant/000000294925.jpg,6.3311543464660645
animal/elephant/000000304833.jpg,6.19984245300293
animal/elephant/000000309694.jpg,5.801403045654297
animal/elephant/000000310683.jpg,4.588113784790039
animal/elephant/000000312204.jpg,6.282838344573975
animal/elephant/000000314602.jpg,2.907073736190796
animal/elephant/000000315243.jpg,6.309229850769043
animal/elephant/000000321306.jpg,3.222622871398926
animal/elephant/000000326264.jpg,6.577347755432129
animal/elephant/000000327575.jpg,2.7303571701049805
animal/elephant/000000331059.jpg,6.435497283935547
animal/elephant/000000356535.jpg,4.665640830993652
animal/elephant/000000366295.jpg,6.344376087188721
animal/elephant/000000369000.jpg,5.533631801605225
animal/elephant/000000379645.jpg,5.224471569061279
animal/elephant/000000382374.jpg,5.249432563781738
animal/elephant/000000382951.jpg,5.340256214141846
animal/elephant/000000389041.jpg,5.434741973876953
animal/elephant/000000393228.jpg,5.452021598815918
animal/elephant/000000402082.jpg,3.718328952789306
animal/elephant/000000411043.jpg,3.2865562438964844
animal/elephant/000000411225.jpg,6.181947708129883
animal/elephant/000000425055.jpg,6.170900344848633
animal/elephant/000000427888.jpg,5.781914710998535
animal/elephant/000000430523.jpg,4.929060459136963
animal/elephant/000000435612.jpg,6.171714782714844
animal/elephant/000000445814.jpg,4.483160495758057
animal/elephant/000000449718.jpg,6.467306137084961
animal/elephant/000000451356.jpg,6.143497943878174
animal/elephant/000000458153.jpg,6.414364814758301
animal/elephant/000000463338.jpg,6.288437366485596
animal/elephant/000000465324.jpg,6.2876296043396
animal/elephant/000000480893.jpg,3.644678115844727
animal/elephant/000000484287.jpg,6.388936519622803
animal/elephant/000000488368.jpg,5.548315048217773
animal/elephant/000000503089.jpg,3.952230453491211
animal/elephant/000000505592.jpg,6.414238452911377
animal/elephant/000000521245.jpg,5.757172584533691
animal/elephant/000000527728.jpg,4.341680526733398
animal/elephant/000000530407.jpg,6.112153053283691
animal/elephant/000000530999.jpg,5.493943691253662
animal/elephant/000000532247.jpg,6.338759899139404
animal/elephant/000000533979.jpg,1.8849260807037356
animal/elephant/000000537720.jpg,3.640084981918335
animal/elephant/000000547131.jpg,6.466921329498291
animal/elephant/000000549182.jpg,6.396569728851318
animal/elephant/000000552681.jpg,6.339512825012207
animal/elephant/000000554978.jpg,6.190049648284912
animal/elephant/000000559218.jpg,5.844029903411865
animal/elephant/000000574747.jpg,6.352748870849609
animal/elephant/000000581726.jpg,3.8158304691314697
animal/fox/n02118333_10217.jpg,5.706329345703125
animal/fox/n02118333_10398.jpg,4.704799175262451
animal/fox/n02118333_10468.jpg,4.909049034118652
animal/fox/n02118333_10534.jpg,2.1591131687164307
animal/fox/n02118333_10668.jpg,6.031053066253662
animal/fox/n02118333_10715.jpg,4.371413707733154
animal/fox/n02118333_10716.jpg,5.494852066040039
animal/fox/n02118333_10800.jpg,5.7937116622924805
animal/fox/n02118333_10807.jpg,4.640510559082031
animal/fox/n02118333_10891.jpg,3.913780689239502
animal/fox/n02118333_11056.jpg,5.168695449829102
animal/fox/n02118333_11129.jpg,5.44297981262207
animal/fox/n02118333_11249.jpg,5.802704811096191
animal/fox/n02118333_11319.jpg,6.0461859703063965
animal/fox/n02118333_11420.jpg,3.226552963256836
animal/fox/n02118333_11444.jpg,2.1760098934173584
animal/fox/n02118333_11585.jpg,6.172919750213623
animal/fox/n02118333_11749.jpg,6.005571365356445
animal/fox/n02118333_11813.jpg,5.656014442443848
animal/fox/n02118333_11887.jpg,4.9742631912231445
animal/fox/n02118333_11971.jpg,3.594761610031128
animal/fox/n02118333_12311.jpg,5.4472737312316895
animal/fox/n02118333_12388.jpg,5.741518497467041
animal/fox/n02118333_12538.jpg,5.113540649414063
animal/fox/n02118333_12539.jpg,5.725826740264893
animal/fox/n02118333_12879.jpg,3.405601739883423
animal/fox/n02118333_12890.jpg,2.8707125186920166
animal/fox/n02118333_13253.jpg,6.3139262199401855
animal/fox/n02118333_1341.jpg,5.653837203979492
animal/fox/n02118333_13528.jpg,4.248053550720215
animal/fox/n02118333_13624.jpg,5.736079216003418
animal/fox/n02118333_13672.jpg,4.854329586029053
animal/fox/n02118333_13714.jpg,3.737263441085816
animal/fox/n02118333_1372.jpg,5.414973258972168
animal/fox/n02118333_13723.jpg,5.044868469238281
animal/fox/n02118333_14064.jpg,6.444943904876709
animal/fox/n02118333_14220.jpg,5.664944648742676
animal/fox/n02118333_14289.jpg,3.8129825592041016
animal/fox/n02118333_14500.jpg,4.374017238616943
animal/fox/n02118333_14515.jpg,5.101921558380127
animal/fox/n02118333_14906.jpg,5.891395092010498
animal/fox/n02118333_14936.jpg,4.391446590423584
animal/fox/n02118333_1649.jpg,6.509863376617432
animal/fox/n02118333_1731.jpg,5.60931396484375
animal/fox/n02118333_2023.jpg,4.462934970855713
animal/fox/n02118333_2287.jpg,6.031899929046631
animal/fox/n02118333_2295.jpg,5.388622760772705
animal/fox/n02118333_2857.jpg,5.9864349365234375
animal/fox/n02118333_329.jpg,5.781271457672119
animal/fox/n02118333_344.jpg,6.068727493286133
animal/fox/n02118333_3903.jpg,5.9489850997924805
animal/fox/n02118333_4155.jpg,6.217534065246582
animal/fox/n02118333_474.jpg,6.231735706329346
animal/fox/n02118333_5140.jpg,5.764866352081299
animal/fox/n02118333_5349.jpg,6.202320575714111
animal/fox/n02118333_543.jpg,6.1804022789001465
animal/fox/n02118333_5460.jpg,4.236311435699463
animal/fox/n02118333_5774.jpg,5.004801273345947
animal/fox/n02118333_6193.jpg,5.53949785232544
animal/fox/n02118333_6480.jpg,5.788897514343262
animal/fox/n02118333_6598.jpg,5.74498462677002
animal/fox/n02118333_6622.jpg,2.99170446395874
animal/fox/n02118333_6662.jpg,4.887841701507568
animal/fox/n02118333_6735.jpg,5.468254566192627
animal/fox/n02118333_6740.jpg,5.231687545776367
animal/fox/n02118333_6775.jpg,4.811645984649658
animal/fox/n02118333_6797.jpg,6.4374589920043945
animal/fox/n02118333_6830.jpg,4.154446601867676
animal/fox/n02118333_6867.jpg,5.468937397003174
animal/fox/n02118333_6923.jpg,5.996344089508057
animal/fox/n02118333_7368.jpg,4.420854091644287
animal/fox/n02118333_7524.jpg,4.0843024253845215
animal/fox/n02118333_7588.jpg,5.833494186401367
animal/fox/n02118333_7631.jpg,5.1976752281188965
animal/fox/n02118333_7642.jpg,6.080261707305908
animal/fox/n02118333_7668.jpg,6.074442386627197
animal/fox/n02118333_7755.jpg,4.315853118896484
animal/fox/n02118333_8150.jpg,4.230404376983643
animal/fox/n02118333_8191.jpg,6.056240558624268
animal/fox/n02118333_8406.jpg,5.215104103088379
animal/fox/n02118333_842.jpg,4.170929908752441
animal/fox/n02118333_8657.jpg,4.415164470672607
animal/fox/n02118333_8816.jpg,5.850368499755859
animal/fox/n02118333_8823.jpg,6.393154144287109
animal/fox/n02118333_8882.jpg,5.856088161468506
animal/fox/n02118333_8900.jpg,5.395669937133789
animal/fox/n02118333_8914.jpg,4.273900508880615
animal/fox/n02118333_8931.jpg,2.4032227993011475
animal/fox/n02118333_9020.jpg,5.894084453582764
animal/fox/n02118333_9049.jpg,5.742694854736328
animal/fox/n02118333_9239.jpg,4.535966873168945
animal/fox/n02118333_9285.jpg,6.0956549644470215
animal/fox/n02118333_9315.jpg,4.243023872375488
animal/fox/n02118333_9347.jpg,5.885594367980957
animal/fox/n02118333_9459.jpg,6.2049241065979
animal/fox/n02118333_9677.jpg,5.968235492706299
animal/fox/n02118333_9751.jpg,5.732065677642822
animal/fox/n02118333_9970.jpg,6.349742412567139
animal/fox/n02118333_9986.jpg,6.508545875549316
animal/giraffe/000000002066.jpg,1.855490803718567
animal/giraffe/000000016573.jpg,2.8684353828430176
animal/giraffe/000000019447.jpg,5.4854583740234375
animal/giraffe/000000026323.jpg,3.687968492507935
animal/giraffe/000000027440.jpg,2.986400365829468
animal/giraffe/000000028069.jpg,3.94570255279541
animal/giraffe/000000042931.jpg,6.058934211730957
animal/giraffe/000000045599.jpg,4.787292003631592
animal/giraffe/000000049443.jpg,3.7383177280426025
animal/giraffe/000000058281.jpg,5.3735880851745605
animal/giraffe/000000063370.jpg,5.31334400177002
animal/giraffe/000000072187.jpg,6.474780082702637
animal/giraffe/000000074069.jpg,4.312223434448242
animal/giraffe/000000081390.jpg,4.294793128967285
animal/giraffe/000000083548.jpg,3.289203405380249
animal/giraffe/000000098808.jpg,6.610918998718262
animal/giraffe/000000103232.jpg,5.531322479248047
animal/giraffe/000000104028.jpg,3.780158758163452
animal/giraffe/000000118683.jpg,5.037049770355225
animal/giraffe/000000126964.jpg,4.363251686096191
animal/giraffe/000000127204.jpg,4.660088062286377
animal/giraffe/000000134685.jpg,5.884770393371582
animal/giraffe/000000139889.jpg,4.983911037445068
animal/giraffe/000000145825.jpg,5.245165824890137
animal/giraffe/000000150996.jpg,4.017734527587891
animal/giraffe/000000151178.jpg,1.5937142372131348
animal/giraffe/000000169401.jpg,6.056260108947754
animal/giraffe/000000188727.jpg,4.137913227081299
animal/giraffe/000000189853.jpg,3.0709011554718018
animal/giraffe/000000190551.jpg,6.574926853179932
animal/giraffe/000000192804.jpg,3.1340928077697754
animal/giraffe/000000200263.jpg,3.880927324295044
animal/giraffe/000000200351.jpg,6.328192234039307
animal/giraffe/000000201420.jpg,5.381754398345947
animal/giraffe/000000201698.jpg,6.2865095138549805
animal/giraffe/000000206385.jpg,5.780316352844238
animal/giraffe/000000207549.jpg,4.083840847015381
animal/giraffe/000000207913.jpg,1.623723030090332
animal/giraffe/000000208071.jpg,5.709633827209473
animal/giraffe/000000208671.jpg,6.134952068328857
animal/giraffe/000000213911.jpg,5.875195026397705
animal/giraffe/000000214845.jpg,6.466942310333252
animal/giraffe/000000219653.jpg,3.3171041011810303
animal/giraffe/000000222599.jpg,4.399861812591553
animal/giraffe/000000223577.jpg,6.083127498626709
animal/giraffe/000000224109.jpg,3.9257652759552
animal/giraffe/000000225358.jpg,2.8670670986175537
animal/giraffe/000000226961.jpg,6.082361698150635
animal/giraffe/000000235646.jpg,3.674896478652954
animal/giraffe/000000238511.jpg,6.553950309753418
animal/giraffe/000000239581.jpg,4.9494805335998535
animal/giraffe/000000241238.jpg,4.185883522033691
animal/giraffe/000000252810.jpg,3.6848528385162354
animal/giraffe/000000257958.jpg,3.592974901199341
animal/giraffe/000000258402.jpg,1.5784494876861572
animal/giraffe/000000267571.jpg,4.069839477539063
animal/giraffe/000000271577.jpg,4.076817035675049
animal/giraffe/000000279920.jpg,4.685361862182617
animal/giraffe/000000284274.jpg,5.930124759674072
animal/giraffe/000000294008.jpg,4.821109771728516
animal/giraffe/000000305476.jpg,3.7926764488220215
animal/giraffe/000000327500.jpg,3.7302803993225098
animal/giraffe/000000334080.jpg,6.55611515045166
animal/giraffe/000000335566.jpg,4.551122665405273
animal/giraffe/000000344174.jpg,5.058847904205322
animal/giraffe/000000361132.jpg,4.335118770599365
animal/giraffe/000000372868.jpg,5.992518424987793
animal/giraffe/000000380872.jpg,4.476890563964844
animal/giraffe/000000388011.jpg,5.18391227722168
animal/giraffe/000000403197.jpg,3.8388617038726807
animal/giraffe/000000407676.jpg,6.287109375
animal/giraffe/000000422253.jpg,4.903835773468018
animal/giraffe/000000424978.jpg,4.516164302825928
animal/giraffe/000000429407.jpg,5.293675422668457
animal/giraffe/000000434804.jpg,1.8158996105194087
animal/giraffe/000000441891.jpg,2.501882553100586
animal/giraffe/000000449011.jpg,2.819992780685425
animal/giraffe/000000452908.jpg,5.0869903564453125
animal/giraffe/000000459451.jpg,1.5996222496032717
animal/giraffe/000000461245.jpg,6.221486568450928
animal/giraffe/000000463417.jpg,3.2626028060913086
animal/giraffe/000000473448.jpg,4.5597662925720215
animal/giraffe/000000477143.jpg,4.324268341064453
animal/giraffe/000000484180.jpg,4.285681247711182
animal/giraffe/000000493209.jpg,3.039207220077514
animal/giraffe/000000498610.jpg,3.9194276332855225
animal/giraffe/000000499789.jpg,3.7873241901397705
animal/giraffe/000000500422.jpg,2.259650945663452
animal/giraffe/000000502752.jpg,3.8710126876831055
animal/giraffe/000000509154.jpg,6.471967697143555
animal/giraffe/000000535651.jpg,3.173708915710449
animal/giraffe/000000546133.jpg,2.4200451374053955
animal/giraffe/000000547555.jpg,5.760169506072998
animal/giraffe/000000557901.jpg,2.684566020965576
animal/giraffe/000000560020.jpg,2.666345596313477
animal/giraffe/000000564432.jpg,6.189655303955078
animal/giraffe/000000564580.jpg,3.375030994415283
animal/giraffe/000000567375.jpg,4.840192794799805
animal/giraffe/000000575325.jpg,5.591153144836426
animal/hamster/n02342885_10013.jpg,2.793837547302246
animal/hamster/n02342885_10176.jpg,2.5000123977661133
animal/hamster/n02342885_10581.jpg,2.8571834564208984
animal/hamster/n02342885_10583.jpg,2.679538488388061
animal/hamster/n02342885_10663.jpg,1.8140789270401
animal/hamster/n02342885_10821.jpg,2.438220739364624
animal/hamster/n02342885_11035.jpg,2.322855234146118
animal/hamster/n02342885_11093.jpg,2.9358127117156982
animal/hamster/n02342885_11189.jpg,5.420914173126221
animal/hamster/n02342885_11196.jpg,1.834072589874268
animal/hamster/n02342885_11264.jpg,2.431790351867676
animal/hamster/n02342885_11309.jpg,3.4453248977661133
animal/hamster/n02342885_11450.jpg,2.608696460723877
animal/hamster/n02342885_11596.jpg,1.933226585388184
animal/hamster/n02342885_11723.jpg,6.383959770202637
animal/hamster/n02342885_12012.jpg,3.9604454040527344
animal/hamster/n02342885_12224.jpg,2.6701340675354004
animal/hamster/n02342885_12243.jpg,3.281953811645508
animal/hamster/n02342885_12487.jpg,2.8944969177246094
animal/hamster/n02342885_12511.jpg,3.2811667919158936
animal/hamster/n02342885_12555.jpg,1.6004207134246826
animal/hamster/n02342885_12660.jpg,2.5906567573547363
animal/hamster/n02342885_12751.jpg,4.856894493103027
animal/hamster/n02342885_12762.jpg,2.567857265472412
animal/hamster/n02342885_12774.jpg,2.2145004272460938
animal/hamster/n02342885_12792.jpg,3.6124114990234375
animal/hamster/n02342885_12804.jpg,4.613680839538574
animal/hamster/n02342885_13001.jpg,2.315160036087036
animal/hamster/n02342885_13016.jpg,2.2572543621063232
animal/hamster/n02342885_13036.jpg,2.7638907432556152
animal/hamster/n02342885_13099.jpg,2.957459688186645
animal/hamster/n02342885_1313.jpg,2.0842199325561523
animal/hamster/n02342885_13161.jpg,4.48340368270874
animal/hamster/n02342885_13255.jpg,1.9887665510177608
animal/hamster/n02342885_13371.jpg,3.104448080062866
animal/hamster/n02342885_13398.jpg,2.55456018447876
animal/hamster/n02342885_13402.jpg,2.316970109939575
animal/hamster/n02342885_13440.jpg,2.737795829772949
animal/hamster/n02342885_13477.jpg,2.8835208415985107
animal/hamster/n02342885_13478.jpg,1.7848460674285889
animal/hamster/n02342885_13577.jpg,4.673001289367676
animal/hamster/n02342885_13859.jpg,2.2838258743286133
animal/hamster/n02342885_13864.jpg,1.784640192985535
animal/hamster/n02342885_13870.jpg,1.7422685623168943
animal/hamster/n02342885_13894.jpg,2.8141536712646484
animal/hamster/n02342885_14070.jpg,3.3006372451782227
animal/hamster/n02342885_1690.jpg,3.239269971847534
animal/hamster/n02342885_177.jpg,2.7651195526123047
animal/hamster/n02342885_18.jpg,3.0897884368896484
animal/hamster/n02342885_184.jpg,2.106718063354492
animal/hamster/n02342885_1956.jpg,1.489232063293457
animal/hamster/n02342885_1960.jpg,3.0557782649993896
animal/hamster/n02342885_1971.jpg,4.640710830688477
animal/hamster/n02342885_209.jpg,3.5239527225494385
animal/hamster/n02342885_2180.jpg,2.124753952026367
animal/hamster/n02342885_2213.jpg,2.0274837017059326
animal/hamster/n02342885_228.jpg,4.803159713745117
animal/hamster/n02342885_240.jpg,3.1552810668945312
animal/hamster/n02342885_250.jpg,2.594146728515625
animal/hamster/n02342885_2760.jpg,3.279179811477661
animal/hamster/n02342885_3147.jpg,2.3250555992126465
animal/hamster/n02342885_3750.jpg,1.565342903137207
animal/hamster/n02342885_3804.jpg,3.1496362686157227
animal/hamster/n02342885_3819.jpg,1.5534389019012451
animal/hamster/n02342885_3984.jpg,1.793655514717102
animal/hamster/n02342885_4272.jpg,1.761241793632507
animal/hamster/n02342885_4273.jpg,3.244672536849976
animal/hamster/n02342885_4368.jpg,2.813287734985352
animal/hamster/n02342885_4519.jpg,2.474891662597656
animal/hamster/n02342885_4543.jpg,2.4782721996307373
animal/hamster/n02342885_4843.jpg,2.74148941040039
animal/hamster/n02342885_4950.jpg,3.027089357376098
animal/hamster/n02342885_5028.jpg,1.9054315090179443
animal/hamster/n02342885_5046.jpg,2.0572733879089355
animal/hamster/n02342885_5465.jpg,2.1170427799224854
animal/hamster/n02342885_554.jpg,2.1497976779937744
animal/hamster/n02342885_5768.jpg,1.6122453212738037
animal/hamster/n02342885_595.jpg,2.158470630645752
animal/hamster/n02342885_6207.jpg,2.2732954025268555
animal/hamster/n02342885_6277.jpg,3.1583399772644043
animal/hamster/n02342885_6396.jpg,2.970829486846924
animal/hamster/n02342885_6624.jpg,2.210231304168701
animal/hamster/n02342885_6644.jpg,4.606076717376709
animal/hamster/n02342885_6824.jpg,1.4726204872131348
animal/hamster/n02342885_7041.jpg,2.9372832775115967
animal/hamster/n02342885_727.jpg,2.906085252761841
animal/hamster/n02342885_7463.jpg,2.7194693088531494
animal/hamster/n02342885_7645.jpg,3.008707046508789
animal/hamster/n02342885_7756.jpg,3.154249429702759
animal/hamster/n02342885_78.jpg,3.1709020137786865
animal/hamster/n02342885_7912.jpg,3.2011642456054688
animal/hamster/n02342885_7944.jpg,3.683929443359375
animal/hamster/n02342885_888.jpg,2.908825635910034
animal/hamster/n02342885_9292.jpg,2.3284246921539307
animal/hamster/n02342885_938.jpg,2.460876703262329
animal/hamster/n02342885_9690.jpg,2.43659782409668
animal/hamster/n02342885_9777.jpg,3.3251326084136963
animal/horse/000000006352.jpg,4.200385093688965
animal/horse/000000029170.jpg,6.521200656890869
animal/horse/000000031376.jpg,4.142283439636231
animal/horse/000000038919.jpg,4.012356281280518
animal/horse/000000055076.jpg,6.568655490875244
animal/horse/000000056362.jpg,6.30663013458252
animal/horse/000000060262.jpg,5.50352668762207
animal/horse/000000062664.jpg,5.575777053833008
animal/horse/000000064442.jpg,4.555037021636963
animal/horse/000000066338.jpg,6.377553462982178
animal/horse/000000069424.jpg,6.549523830413818
animal/horse/000000073669.jpg,5.255004405975342
animal/horse/000000075611.jpg,5.74071216583252
animal/horse/000000092711.jpg,5.381287097930908
animal/horse/000000119108.jpg,4.59709358215332
animal/horse/000000120734.jpg,5.014126300811768
animal/horse/000000133571.jpg,2.427401304244995
animal/horse/000000142318.jpg,6.406998157501221
animal/horse/000000147301.jpg,5.557672023773193
animal/horse/000000149199.jpg,5.544810771942139
animal/horse/000000151110.jpg,6.550634860992432
animal/horse/000000177749.jpg,6.400731086730957
animal/horse/000000195300.jpg,4.817917346954346
animal/horse/000000196344.jpg,5.214507579803467
animal/horse/000000196839.jpg,6.38114595413208
animal/horse/000000201134.jpg,5.569969654083252
animal/horse/000000201909.jpg,4.66165828704834
animal/horse/000000206247.jpg,4.59153413772583
animal/horse/000000213945.jpg,6.53828763961792
animal/horse/000000214489.jpg,6.530377864837647
animal/horse/000000222344.jpg,5.595924377441406
animal/horse/000000230104.jpg,6.477481842041016
animal/horse/000000233104.jpg,6.3691816329956055
animal/horse/000000243214.jpg,5.2959489822387695
animal/horse/000000244575.jpg,5.562193393707275
animal/horse/000000245550.jpg,6.47797155380249
animal/horse/000000248297.jpg,5.013824462890625
animal/horse/000000248774.jpg,4.461427211761475
animal/horse/000000252570.jpg,4.759201526641846
animal/horse/000000263196.jpg,3.7803099155426025
animal/horse/000000266680.jpg,3.5196568965911865
animal/horse/000000268481.jpg,6.374512672424316
animal/horse/000000280422.jpg,6.1577982902526855
animal/horse/000000296876.jpg,6.115828037261963
animal/horse/000000303034.jpg,6.490762710571289
animal/horse/000000312660.jpg,5.012719631195068
animal/horse/000000316000.jpg,3.161087989807129
animal/horse/000000323585.jpg,3.9339094161987305
animal/horse/000000326913.jpg,5.6124677658081055
animal/horse/000000332556.jpg,6.0449724197387695
animal/horse/000000337446.jpg,5.263659477233887
animal/horse/000000338474.jpg,4.007397651672363
animal/horse/000000350051.jpg,4.073618412017822
animal/horse/000000353301.jpg,5.625913619995117
animal/horse/000000354075.jpg,5.108677387237549
animal/horse/000000375841.jpg,6.206460952758789
animal/horse/000000380011.jpg,5.165596961975098
animal/horse/000000395140.jpg,6.560932159423828
animal/horse/000000402245.jpg,2.298436164855957
animal/horse/000000402362.jpg,4.435571193695068
animal/horse/000000406750.jpg,4.3501296043396
animal/horse/000000414853.jpg,4.996593952178955
animal/horse/000000415747.jpg,5.482358455657959
animal/horse/000000416811.jpg,2.991112470626831
animal/horse/000000422185.jpg,5.519132137298584
animal/horse/000000426420.jpg,1.5539655685424805
animal/horse/000000427763.jpg,6.566897869110107
animal/horse/000000439124.jpg,3.7656829357147217
animal/horse/000000439874.jpg,6.173640251159668
animal/horse/000000456773.jpg,6.410980224609375
animal/horse/000000458705.jpg,5.350398063659668
animal/horse/000000468193.jpg,5.667667388916016
animal/horse/000000468992.jpg,5.348068237304688
animal/horse/000000502485.jpg,3.7960081100463863
animal/horse/000000505658.jpg,5.980487823486328
animal/horse/000000513918.jpg,5.306678295135498
animal/horse/000000519842.jpg,6.418905735015869
animal/horse/000000522175.jpg,3.9707398414611816
animal/horse/000000524508.jpg,5.194705009460449
animal/horse/000000533171.jpg,2.7226152420043945
animal/horse/000000543026.jpg,4.8883209228515625
animal/horse/000000544516.jpg,3.21533727645874
animal/horse/000000551597.jpg,5.624018669128418
animal/horse/000000555782.jpg,4.442307472229004
animal/horse/000000568270.jpg,6.26784610748291
animal/horse/000000576513.jpg,3.812299251556397
animal/horse/n02374451_17392.jpg,5.565457344055176
animal/horse/n02374451_4963.jpg,6.186638832092285
animal/horse/n02379743_11969.jpg,4.993083953857422
animal/horse/n02381004_7100.jpg,3.505643129348755
animal/horse/n02381004_8273.jpg,3.674392938613892
animal/horse/n02381004_9323.jpg,4.338051795959473
animal/horse/n02386310_9220.jpg,6.546240329742432
animal/horse/n02387722_10980.jpg,4.904055595397949
animal/horse/n02389026_1198.jpg,4.614323616027832
animal/horse/n02389128_1421.jpg,4.64462423324585
animal/horse/n02389128_6719.jpg,6.410971641540527
animal/horse/n02389261_12063.jpg,4.350825786590576
animal/horse/n02389261_7723.jpg,3.855620622634888
animal/lion/n02129165_10052.jpg,6.331944942474365
animal/lion/n02129165_1047.jpg,4.909287452697754
animal/lion/n02129165_10594.jpg,5.933575630187988
animal/lion/n02129165_10783.jpg,6.5379414558410645
animal/lion/n02129165_10931.jpg,5.997243881225586
animal/lion/n02129165_10937.jpg,4.379199504852295
animal/lion/n02129165_10944.jpg,5.8777618408203125
animal/lion/n02129165_11414.jpg,6.4332661628723145
animal/lion/n02129165_11498.jpg,4.707313537597656
animal/lion/n02129165_11516.jpg,6.490410327911377
animal/lion/n02129165_11555.jpg,6.4303154945373535
animal/lion/n02129165_11840.jpg,5.128598213195801
animal/lion/n02129165_11878.jpg,5.060313701629639
animal/lion/n02129165_1189.jpg,4.818638801574707
animal/lion/n02129165_12069.jpg,5.548734664916992
animal/lion/n02129165_12209.jpg,6.329310417175293
animal/lion/n02129165_1244.jpg,5.927860260009766
animal/lion/n02129165_1262.jpg,5.613855838775635
animal/lion/n02129165_13011.jpg,6.52179479598999
animal/lion/n02129165_13068.jpg,6.336087703704834
animal/lion/n02129165_13095.jpg,4.193567276000977
animal/lion/n02129165_13292.jpg,5.253677845001221
animal/lion/n02129165_14236.jpg,5.007907867431641
animal/lion/n02129165_1455.jpg,6.055891513824463
animal/lion/n02129165_1456.jpg,4.292673110961914
animal/lion/n02129165_148.jpg,4.7729668617248535
animal/lion/n02129165_15462.jpg,5.262983798980713
animal/lion/n02129165_15707.jpg,4.131049633026123
animal/lion/n02129165_16300.jpg,4.970378398895264
animal/lion/n02129165_16401.jpg,6.569228649139404
animal/lion/n02129165_16644.jpg,5.387408256530762
animal/lion/n02129165_16656.jpg,4.372972965240479
animal/lion/n02129165_16675.jpg,6.255845546722412
animal/lion/n02129165_1678.jpg,3.797619819641113
animal/lion/n02129165_17282.jpg,3.268615245819092
animal/lion/n02129165_17467.jpg,2.905843734741211
animal/lion/n02129165_17964.jpg,5.772001266479492
animal/lion/n02129165_17974.jpg,6.172696590423584
animal/lion/n02129165_18187.jpg,2.4872243404388428
animal/lion/n02129165_1824.jpg,5.222041606903076
animal/lion/n02129165_18327.jpg,6.370087146759033
animal/lion/n02129165_1837.jpg,3.831987142562866
animal/lion/n02129165_18704.jpg,5.7677001953125
animal/lion/n02129165_18718.jpg,3.81623125076294
animal/lion/n02129165_18801.jpg,4.502294540405273
animal/lion/n02129165_1927.jpg,3.874422788619995
animal/lion/n02129165_19931.jpg,5.951850414276123
animal/lion/n02129165_19995.jpg,5.17311429977417
animal/lion/n02129165_20179.jpg,5.368558406829834
animal/lion/n02129165_20206.jpg,6.1975998878479
animal/lion/n02129165_20804.jpg,5.333359241485596
animal/lion/n02129165_20942.jpg,6.1555376052856445
animal/lion/n02129165_22072.jpg,2.8466570377349854
animal/lion/n02129165_22110.jpg,5.555840492248535
animal/lion/n02129165_22388.jpg,4.440420627593994
animal/lion/n02129165_22697.jpg,4.138124465942383
animal/lion/n02129165_22929.jpg,4.7194013595581055
animal/lion/n02129165_23275.jpg,3.965222120285034
animal/lion/n02129165_23406.jpg,2.296600580215454
animal/lion/n02129165_23945.jpg,4.905224800109863
animal/lion/n02129165_24549.jpg,5.359426975250244
animal/lion/n02129165_25317.jpg,4.145782947540283
animal/lion/n02129165_2648.jpg,6.545610904693604
animal/lion/n02129165_288.jpg,6.220455169677734
animal/lion/n02129165_304.jpg,5.122025966644287
animal/lion/n02129165_3678.jpg,5.115267753601074
animal/lion/n02129165_4058.jpg,4.883449554443359
animal/lion/n02129165_4316.jpg,4.905782699584961
animal/lion/n02129165_4340.jpg,6.412272930145264
animal/lion/n02129165_4534.jpg,5.034126281738281
animal/lion/n02129165_4588.jpg,5.093450546264648
animal/lion/n02129165_4783.jpg,5.916799545288086
animal/lion/n02129165_4868.jpg,5.872935771942139
animal/lion/n02129165_5082.jpg,5.936167240142822
animal/lion/n02129165_5387.jpg,6.013356685638428
animal/lion/n02129165_5504.jpg,6.493452072143555
animal/lion/n02129165_6087.jpg,5.714224815368652
animal/lion/n02129165_6139.jpg,6.117715835571289
animal/lion/n02129165_6283.jpg,5.490901470184326
animal/lion/n02129165_647.jpg,6.241708278656006
animal/lion/n02129165_6863.jpg,6.016982555389404
animal/lion/n02129165_6920.jpg,6.098760604858398
animal/lion/n02129165_6929.jpg,5.1987624168396
animal/lion/n02129165_709.jpg,6.071316719055176
animal/lion/n02129165_7380.jpg,5.246010780334473
animal/lion/n02129165_743.jpg,5.975851058959961
animal/lion/n02129165_748.jpg,6.171607971191406
animal/lion/n02129165_7729.jpg,6.526175498962402
animal/lion/n02129165_7860.jpg,2.892503261566162
animal/lion/n02129165_8391.jpg,6.170138835906982
animal/lion/n02129165_8849.jpg,6.4737725257873535
animal/lion/n02129165_8981.jpg,4.6831374168396
animal/lion/n02129165_9095.jpg,6.469661235809326
animal/lion/n02129165_911.jpg,6.195028305053711
animal/lion/n02129165_9130.jpg,6.029663562774658
animal/lion/n02129165_9455.jpg,6.329500198364258
animal/lion/n02129165_9834.jpg,6.2562031745910645
animal/lion/n02129165_992.jpg,5.948727607727051
animal/lion/n02129530_1197.jpg,2.6523609161376958
animal/lion/n02129530_2199.jpg,3.182590246200561
animal/marten/n02450034_10176.jpg,3.697691202163696
animal/marten/n02450034_10320.jpg,3.824339628219605
animal/marten/n02450034_10349.jpg,4.091053009033203
animal/marten/n02450034_10449.jpg,4.762725353240967
animal/marten/n02450034_10783.jpg,5.448995590209961
animal/marten/n02450034_11046.jpg,3.836019277572632
animal/marten/n02450034_11087.jpg,2.2349390983581543
animal/marten/n02450034_11093.jpg,6.356208324432373
animal/marten/n02450034_11358.jpg,5.451991558074951
animal/marten/n02450034_11460.jpg,4.53252649307251
animal/marten/n02450034_11655.jpg,6.5366387367248535
animal/marten/n02450034_11752.jpg,5.073970317840576
animal/marten/n02450034_11910.jpg,5.576690196990967
animal/marten/n02450034_12504.jpg,5.568759918212891
animal/marten/n02450034_12728.jpg,4.559250354766846
animal/marten/n02450034_12771.jpg,5.737013816833496
animal/marten/n02450034_13271.jpg,6.395259380340576
animal/marten/n02450034_13343.jpg,5.279200553894043
animal/marten/n02450034_13657.jpg,6.410794734954834
animal/marten/n02450034_13701.jpg,6.241267681121826
animal/marten/n02450034_14037.jpg,5.652269840240479
animal/marten/n02450034_14176.jpg,5.776266574859619
animal/marten/n02450034_14229.jpg,4.582817554473877
animal/marten/n02450034_14659.jpg,5.0198259353637695
animal/marten/n02450034_1513.jpg,5.476266860961914
animal/marten/n02450034_1885.jpg,3.024395704269409
animal/marten/n02450034_2163.jpg,5.973667621612549
animal/marten/n02450034_2371.jpg,3.3906495571136475
animal/marten/n02450034_2862.jpg,4.132364749908447
animal/marten/n02450034_2991.jpg,2.7311081886291504
animal/marten/n02450034_3475.jpg,5.002421855926514
animal/marten/n02450034_3551.jpg,6.310222148895264
animal/marten/n02450034_4223.jpg,3.899622917175293
animal/marten/n02450034_4331.jpg,3.9354076385498047
animal/marten/n02450034_4350.jpg,3.6680402755737305
animal/marten/n02450034_4525.jpg,3.668508291244507
animal/marten/n02450034_4660.jpg,5.937963962554932
animal/marten/n02450034_511.jpg,4.170803546905518
animal/marten/n02450034_5369.jpg,5.982230186462402
animal/marten/n02450034_5650.jpg,4.934577941894531
animal/marten/n02450034_5808.jpg,4.210316181182861
animal/marten/n02450034_5810.jpg,3.6978142261505127
animal/marten/n02450034_5948.jpg,2.824674129486084
animal/marten/n02450034_5956.jpg,6.36351490020752
animal/marten/n02450034_6040.jpg,6.4045000076293945
animal/marten/n02450034_6129.jpg,5.582892417907715
animal/marten/n02450034_6320.jpg,5.944023609161377
animal/marten/n02450034_6635.jpg,5.558761119842529
animal/marten/n02450034_7153.jpg,5.879292011260986
animal/marten/n02450034_7460.jpg,6.581292152404785
animal/marten/n02450034_7834.jpg,3.873036146163941
animal/marten/n02450034_7926.jpg,6.1650824546813965
animal/marten/n02450034_8355.jpg,4.668239593505859
animal/marten/n02450034_8756.jpg,3.729235887527466
animal/marten/n02450034_8962.jpg,4.851891994476318
animal/marten/n02450034_9019.jpg,6.12752103805542
animal/marten/n02450034_9072.jpg,5.166460990905762
animal/marten/n02450034_9515.jpg,4.689966678619385
animal/marten/n02450034_979.jpg,2.5364978313446045
animal/marten/n02450034_9798.jpg,5.446310043334961
animal/marten/n02450034_994.jpg,4.584271430969238
animal/mouse/n02332755_10100.jpg,5.664843559265137
animal/mouse/n02332755_10401.jpg,5.371608734130859
animal/mouse/n02332755_109.jpg,1.6867077350616455
animal/mouse/n02332755_1242.jpg,2.5486397743225098
animal/mouse/n02332755_1244.jpg,3.802523374557495
animal/mouse/n02332755_1717.jpg,2.0174977779388428
animal/mouse/n02332755_2063.jpg,4.5265326499938965
animal/mouse/n02332755_2108.jpg,3.1633145809173584
animal/mouse/n02332755_2263.jpg,4.40192174911499
animal/mouse/n02332755_2360.jpg,4.267324924468994
animal/mouse/n02332755_2388.jpg,3.338392496109009
animal/mouse/n02332755_2475.jpg,6.233602523803711
animal/mouse/n02332755_2528.jpg,4.271580696105957
animal/mouse/n02332755_2583.jpg,4.557936191558838
animal/mouse/n02332755_2700.jpg,3.301134824752808
animal/mouse/n02332755_2718.jpg,2.3216869831085205
animal/mouse/n02332755_3073.jpg,1.89482855796814
animal/mouse/n02332755_3305.jpg,3.3931050300598145
animal/mouse/n02332755_342.jpg,3.713538408279419
animal/mouse/n02332755_345.jpg,5.6780195236206055
animal/mouse/n02332755_4207.jpg,4.223290920257568
animal/mouse/n02332755_4209.jpg,5.775927543640137
animal/mouse/n02332755_4260.jpg,4.201673984527588
animal/mouse/n02332755_4283.jpg,4.217461585998535
animal/mouse/n02332755_4664.jpg,5.408054351806641
animal/mouse/n02332755_4983.jpg,4.441919326782227
animal/mouse/n02332755_528.jpg,2.2366762161254883
animal/mouse/n02332755_5387.jpg,6.239670753479004
animal/mouse/n02332755_5511.jpg,4.149169445037842
animal/mouse/n02332755_5601.jpg,2.535449743270874
animal/mouse/n02332755_6074.jpg,4.505955219268799
animal/mouse/n02332755_6363.jpg,4.26318883895874
animal/mouse/n02332755_687.jpg,4.3717942237854
animal/mouse/n02332755_6877.jpg,3.960406541824341
animal/mouse/n02332755_698.jpg,4.493546962738037
animal/mouse/n02332755_7430.jpg,4.611235618591309
animal/mouse/n02332755_7861.jpg,4.550821304321289
animal/mouse/n02332755_7916.jpg,6.258589267730713
animal/mouse/n02332755_8491.jpg,3.591480016708374
animal/mouse/n02332755_8679.jpg,4.967850208282471
animal/mouse/n02332755_8762.jpg,3.40970778465271
animal/mouse/n02332755_8922.jpg,3.4778456687927246
animal/mouse/n02332755_9380.jpg,4.663898468017578
animal/mouse/n02332755_948.jpg,4.404224395751953
animal/mouse/n02332755_9535.jpg,3.733774185180664
animal/mouse/n02332755_9587.jpg,5.056942939758301
animal/mouse/n02332755_9646.jpg,4.91081428527832
animal/mouse/n02332755_9999.jpg,1.683099627494812
animal/pigeon/n01811909_10220.jpg,4.892658233642578
animal/pigeon/n01811909_10281.jpg,4.734569549560547
animal/pigeon/n01811909_10317.jpg,3.56121563911438
animal/pigeon/n01811909_10326.jpg,2.428814649581909
animal/pigeon/n01811909_10382.jpg,3.7625794410705566
animal/pigeon/n01811909_10611.jpg,3.3459951877593994
animal/pigeon/n01811909_10668.jpg,4.090847969055176
animal/pigeon/n01811909_10676.jpg,2.1843786239624023
animal/pigeon/n01811909_10850.jpg,4.397243022918701
animal/pigeon/n01811909_10858.jpg,3.006365299224853
animal/pigeon/n01811909_10933.jpg,5.074370384216309
animal/pigeon/n01811909_10996.jpg,6.14662504196167
animal/pigeon/n01811909_11339.jpg,2.9353723526000977
animal/pigeon/n01811909_11388.jpg,4.442405700683594
animal/pigeon/n01811909_11493.jpg,5.026019096374512
animal/pigeon/n01811909_11728.jpg,1.7525670528411863
animal/pigeon/n01811909_12017.jpg,1.805269718170166
animal/pigeon/n01811909_1216.jpg,4.558955192565918
animal/pigeon/n01811909_12189.jpg,2.638993263244629
animal/pigeon/n01811909_12270.jpg,2.227344036102295
animal/pigeon/n01811909_12341.jpg,4.4595136642456055
animal/pigeon/n01811909_12450.jpg,2.10938024520874
animal/pigeon/n01811909_12660.jpg,5.484357833862305
animal/pigeon/n01811909_12704.jpg,5.77182149887085
animal/pigeon/n01811909_12751.jpg,3.282582998275757
animal/pigeon/n01811909_12826.jpg,3.015510082244873
animal/pigeon/n01811909_1285.jpg,5.57669734954834
animal/pigeon/n01811909_13059.jpg,3.8453080654144287
animal/pigeon/n01811909_13116.jpg,5.772878646850586
animal/pigeon/n01811909_13339.jpg,4.47378396987915
animal/pigeon/n01811909_13398.jpg,6.104060649871826
animal/pigeon/n01811909_13494.jpg,1.7331196069717407
animal/pigeon/n01811909_13582.jpg,4.688172817230225
animal/pigeon/n01811909_13587.jpg,2.13674545288086
animal/pigeon/n01811909_13605.jpg,3.5862090587615967
animal/pigeon/n01811909_13626.jpg,4.175064086914063
animal/pigeon/n01811909_15169.jpg,3.371042490005493
animal/pigeon/n01811909_152.jpg,4.158934593200684
animal/pigeon/n01811909_1526.jpg,2.609838485717773
animal/pigeon/n01811909_1560.jpg,4.908524513244629
animal/pigeon/n01811909_15850.jpg,3.8066132068634033
animal/pigeon/n01811909_15857.jpg,3.6096343994140634
animal/pigeon/n01811909_17.jpg,1.6631511449813845
animal/pigeon/n01811909_2049.jpg,3.777054786682129
animal/pigeon/n01811909_2255.jpg,2.959797143936157
animal/pigeon/n01811909_2360.jpg,3.0509233474731445
animal/pigeon/n01811909_2537.jpg,2.457326412200928
animal/pigeon/n01811909_2685.jpg,3.983862638473511
animal/pigeon/n01811909_3004.jpg,2.454587459564209
animal/pigeon/n01811909_3010.jpg,2.500647783279419
animal/pigeon/n01811909_3085.jpg,3.415313959121704
animal/pigeon/n01811909_310.jpg,2.3132691383361816
animal/pigeon/n01811909_3153.jpg,2.811021089553833
animal/pigeon/n01811909_3663.jpg,3.5274977684021
animal/pigeon/n01811909_3743.jpg,3.498929023742676
animal/pigeon/n01811909_3873.jpg,4.453557014465332
animal/pigeon/n01811909_3965.jpg,2.843836069107056
animal/pigeon/n01811909_4089.jpg,3.2533035278320312
animal/pigeon/n01811909_4138.jpg,3.673718214035034
animal/pigeon/n01811909_4142.jpg,5.64943265914917
animal/pigeon/n01811909_4167.jpg,3.972099542617798
animal/pigeon/n01811909_4219.jpg,5.039878845214844
animal/pigeon/n01811909_4244.jpg,2.494084119796753
animal/pigeon/n01811909_4382.jpg,2.243586301803589
animal/pigeon/n01811909_4464.jpg,2.995023488998413
animal/pigeon/n01811909_471.jpg,5.274156093597412
animal/pigeon/n01811909_4724.jpg,3.2932560443878174
animal/pigeon/n01811909_4836.jpg,3.005066156387329
animal/pigeon/n01811909_4860.jpg,2.4449243545532227
animal/pigeon/n01811909_4925.jpg,2.0028834342956543
animal/pigeon/n01811909_5541.jpg,4.581725597381592
animal/pigeon/n01811909_6259.jpg,4.013105869293213
animal/pigeon/n01811909_6448.jpg,4.076348304748535
animal/pigeon/n01811909_6571.jpg,3.3223776817321777
animal/pigeon/n01811909_6839.jpg,3.669056415557861
animal/pigeon/n01811909_6990.jpg,3.418083429336548
animal/pigeon/n01811909_7116.jpg,2.380600452423096
animal/pigeon/n01811909_7231.jpg,2.912196636199951
animal/pigeon/n01811909_7505.jpg,2.7889647483825684
animal/pigeon/n01811909_7682.jpg,3.636481285095215
animal/pigeon/n01811909_7693.jpg,2.028971910476685
animal/pigeon/n01811909_7814.jpg,3.1217944622039795
animal/pigeon/n01811909_7837.jpg,4.919146537780762
animal/pigeon/n01811909_7972.jpg,2.7661969661712646
animal/pigeon/n01811909_8202.jpg,3.396031379699707
animal/pigeon/n01811909_8210.jpg,3.11772894859314
animal/pigeon/n01811909_8563.jpg,3.365511417388916
animal/pigeon/n01811909_8654.jpg,3.429011344909668
animal/pigeon/n01811909_8696.jpg,3.1186416149139404
animal/pigeon/n01811909_8739.jpg,4.348412036895752
animal/pigeon/n01811909_8742.jpg,4.636332511901856
animal/pigeon/n01811909_8880.jpg,3.058694839477539
animal/pigeon/n01811909_897.jpg,2.808189392089844
animal/pigeon/n01811909_902.jpg,3.6415536403656006
animal/pigeon/n01811909_9035.jpg,3.2241549491882324
animal/pigeon/n01811909_9110.jpg,2.489256858825684
animal/pigeon/n01811909_9327.jpg,5.017154693603516
animal/pigeon/n01811909_9824.jpg,2.021340131759644
animal/pigeon/n01811909_9916.jpg,4.18078088760376
animal/rabbit/n02324045_1010.jpg,6.122683525085449
animal/rabbit/n02324045_10179.jpg,5.335052490234375
animal/rabbit/n02324045_10339.jpg,5.219486236572266
animal/rabbit/n02324045_11540.jpg,3.35563063621521
animal/rabbit/n02324045_1241.jpg,4.111032962799072
animal/rabbit/n02324045_1280.jpg,4.665945053100586
animal/rabbit/n02324045_12982.jpg,6.1504807472229
animal/rabbit/n02324045_13216.jpg,3.910921812057495
animal/rabbit/n02324045_13218.jpg,4.639418125152588
animal/rabbit/n02324045_13467.jpg,2.537137985229492
animal/rabbit/n02324045_13525.jpg,5.8162455558776855
animal/rabbit/n02324045_14257.jpg,6.531452655792236
animal/rabbit/n02324045_14394.jpg,2.5383951663970947
animal/rabbit/n02324045_14622.jpg,3.906128406524658
animal/rabbit/n02324045_15031.jpg,4.276744842529297
animal/rabbit/n02324045_15673.jpg,2.8131232261657715
animal/rabbit/n02324045_15734.jpg,4.861767292022705
animal/rabbit/n02324045_16354.jpg,6.015388488769531
animal/rabbit/n02324045_17314.jpg,6.470347881317139
animal/rabbit/n02324045_17457.jpg,4.778229713439941
animal/rabbit/n02324045_17462.jpg,4.092552661895752
animal/rabbit/n02324045_1807.jpg,2.519714117050171
animal/rabbit/n02324045_18464.jpg,4.500479698181152
animal/rabbit/n02324045_1847.jpg,3.96405029296875
animal/rabbit/n02324045_19278.jpg,3.968321323394776
animal/rabbit/n02324045_19329.jpg,5.61782693862915
animal/rabbit/n02324045_19580.jpg,4.887772083282471
animal/rabbit/n02324045_1967.jpg,4.035839557647705
animal/rabbit/n02324045_19984.jpg,6.22623872756958
animal/rabbit/n02324045_20332.jpg,3.616924524307251
animal/rabbit/n02324045_21625.jpg,3.4350547790527344
animal/rabbit/n02324045_21877.jpg,4.650362968444824
animal/rabbit/n02324045_22432.jpg,3.8684139251708975
animal/rabbit/n02324045_22597.jpg,3.9901933670043945
animal/rabbit/n02324045_22652.jpg,5.497707843780518
animal/rabbit/n02324045_22804.jpg,2.497380495071411
animal/rabbit/n02324045_22810.jpg,4.468480110168457
animal/rabbit/n02324045_23562.jpg,6.227602958679199
animal/rabbit/n02324045_24139.jpg,2.4077110290527344
animal/rabbit/n02324045_24416.jpg,5.352019786834717
animal/rabbit/n02324045_24525.jpg,5.562099456787109
animal/rabbit/n02324045_25240.jpg,5.82579517364502
animal/rabbit/n02324045_25319.jpg,5.449251174926758
animal/rabbit/n02324045_25672.jpg,5.770083904266357
animal/rabbit/n02324045_26514.jpg,6.402701377868652
animal/rabbit/n02324045_26613.jpg,6.041515350341797
animal/rabbit/n02324045_2666.jpg,3.73482894897461
animal/rabbit/n02324045_27845.jpg,5.624599456787109
animal/rabbit/n02324045_28411.jpg,1.8090757131576536
animal/rabbit/n02324045_28693.jpg,4.104952812194824
animal/rabbit/n02324045_29023.jpg,6.406310081481934
animal/rabbit/n02324045_29163.jpg,2.9797463417053223
animal/rabbit/n02324045_29383.jpg,4.084214687347412
animal/rabbit/n02324045_30124.jpg,2.194176435470581
animal/rabbit/n02324045_30202.jpg,1.3582438230514526
animal/rabbit/n02324045_30218.jpg,3.976957082748413
animal/rabbit/n02324045_30280.jpg,5.920905590057373
animal/rabbit/n02324045_30413.jpg,2.879462480545044
animal/rabbit/n02324045_30639.jpg,4.8859710693359375
animal/rabbit/n02324045_30879.jpg,5.1866607666015625
animal/rabbit/n02324045_31051.jpg,6.554725646972656
animal/rabbit/n02324045_31803.jpg,3.7021563053131104
animal/rabbit/n02324045_32254.jpg,5.775400638580322
animal/rabbit/n02324045_32717.jpg,1.8248916864395144
animal/rabbit/n02324045_32742.jpg,1.9530014991760252
animal/rabbit/n02324045_32992.jpg,2.8155629634857178
animal/rabbit/n02324045_33254.jpg,5.246350765228272
animal/rabbit/n02324045_35005.jpg,4.412458419799805
animal/rabbit/n02324045_35291.jpg,2.115104913711548
animal/rabbit/n02324045_35990.jpg,4.528187274932861
animal/rabbit/n02324045_3812.jpg,3.909438610076904
animal/rabbit/n02324045_4563.jpg,5.6918721199035645
animal/rabbit/n02324045_4613.jpg,5.523312091827393
animal/rabbit/n02324045_4705.jpg,4.661935329437256
animal/rabbit/n02324045_4715.jpg,6.221606731414795
animal/rabbit/n02324045_4916.jpg,2.0802135467529297
animal/rabbit/n02324045_4989.jpg,4.008748531341553
animal/rabbit/n02324045_5559.jpg,5.863379001617432
animal/rabbit/n02324045_5931.jpg,2.175497531890869
animal/rabbit/n02324045_610.jpg,5.81318473815918
animal/rabbit/n02324045_6778.jpg,5.7799882888793945
animal/rabbit/n02324045_6962.jpg,5.977129459381104
animal/rabbit/n02324045_6970.jpg,4.333738803863525
animal/rabbit/n02324045_6994.jpg,3.282785654067993
animal/rabbit/n02324045_7200.jpg,4.528521537780762
animal/rabbit/n02324045_7370.jpg,4.721209526062012
animal/rabbit/n02324045_7660.jpg,5.650529861450195
animal/rabbit/n02324045_7703.jpg,5.490504741668701
animal/rabbit/n02324045_7870.jpg,4.681171894073486
animal/rabbit/n02324045_7955.jpg,4.6830735206604
animal/rabbit/n02324045_802.jpg,5.818421840667725
animal/rabbit/n02324045_8025.jpg,5.520118236541748
animal/rabbit/n02324045_8142.jpg,3.4941394329071045
animal/rabbit/n02324045_817.jpg,6.344711780548096
animal/rabbit/n02324045_8324.jpg,4.556189060211182
animal/rabbit/n02324045_8806.jpg,2.7035765647888184
animal/rabbit/n02324045_9249.jpg,1.7233093976974487
animal/rabbit/n02324045_9270.jpg,4.866446495056152
animal/rabbit/n02324045_9710.jpg,1.8319129943847656
animal/sheep/000000000772.jpg,3.8222601413726807
animal/sheep/000000003932.jpg,2.3087310791015625
animal/sheep/000000005099.jpg,5.394505500793457
animal/sheep/000000011373.jpg,5.904555797576904
animal/sheep/000000021772.jpg,6.15312385559082
animal/sheep/000000024189.jpg,4.435449123382568
animal/sheep/000000029094.jpg,5.176167011260986
animal/sheep/000000029712.jpg,4.159536838531494
animal/sheep/000000035156.jpg,6.172221183776856
animal/sheep/000000037457.jpg,5.066990375518799
animal/sheep/000000037823.jpg,3.1045422554016118
animal/sheep/000000043758.jpg,4.320615768432617
animal/sheep/000000051831.jpg,5.395905494689941
animal/sheep/000000064283.jpg,6.332458019256592
animal/sheep/000000064588.jpg,6.062777042388916
animal/sheep/000000066441.jpg,2.170846462249756
animal/sheep/000000069777.jpg,6.331540107727051
animal/sheep/000000078770.jpg,2.9589316844940186
animal/sheep/000000079545.jpg,5.519384860992432
animal/sheep/000000084356.jpg,6.454592704772949
animal/sheep/000000092631.jpg,5.119379997253418
animal/sheep/000000115069.jpg,6.200824737548828
animal/sheep/000000117965.jpg,5.100658416748047
animal/sheep/000000133837.jpg,5.628791809082031
animal/sheep/000000134306.jpg,4.043008327484131
animal/sheep/000000134946.jpg,5.798730850219727
animal/sheep/000000146099.jpg,4.152464866638184
animal/sheep/000000151067.jpg,6.561624526977539
animal/sheep/000000155877.jpg,5.016848564147949
animal/sheep/000000156195.jpg,5.22573709487915
animal/sheep/000000157901.jpg,5.978908538818359
animal/sheep/000000167811.jpg,5.195829391479492
animal/sheep/000000170346.jpg,6.4328694343566895
animal/sheep/000000176475.jpg,3.4746265411376958
animal/sheep/000000178244.jpg,6.454057216644287
animal/sheep/000000178859.jpg,4.746926784515381
animal/sheep/000000179550.jpg,3.745041847229004
animal/sheep/000000185530.jpg,6.507858276367188
animal/sheep/000000191533.jpg,5.453769683837891
animal/sheep/000000215289.jpg,3.9340243339538574
animal/sheep/000000219099.jpg,4.723907947540283
animal/sheep/000000222447.jpg,2.442324638366699
animal/sheep/000000253615.jpg,6.417163848876953
animal/sheep/000000272008.jpg,2.9421310424804688
animal/sheep/000000280599.jpg,5.643962860107422
animal/sheep/000000283246.jpg,6.092196941375732
animal/sheep/000000289030.jpg,4.4064459800720215
animal/sheep/000000290570.jpg,4.496304988861084
animal/sheep/000000296984.jpg,2.856168031692505
animal/sheep/000000301380.jpg,5.245556354522705
animal/sheep/000000306363.jpg,6.377357006072998
animal/sheep/000000319211.jpg,5.832359313964844
animal/sheep/000000319866.jpg,5.5426344871521
animal/sheep/000000321705.jpg,6.019623756408691
animal/sheep/000000321964.jpg,5.254184722900391
animal/sheep/000000325963.jpg,4.597301006317139
animal/sheep/000000336577.jpg,6.49594783782959
animal/sheep/000000351313.jpg,5.76350736618042
animal/sheep/000000353562.jpg,4.787250518798828
animal/sheep/000000358890.jpg,6.14494514465332
animal/sheep/000000364027.jpg,4.6997833251953125
animal/sheep/000000378613.jpg,4.760488510131836
animal/sheep/000000381641.jpg,6.179527759552002
animal/sheep/000000382500.jpg,5.630205631256104
animal/sheep/000000383368.jpg,2.701350450515747
animal/sheep/000000391018.jpg,5.806942462921143
animal/sheep/000000393386.jpg,5.801373958587647
animal/sheep/000000397760.jpg,4.790550708770752
animal/sheep/000000414032.jpg,6.457109928131104
animal/sheep/000000417887.jpg,5.828898906707764
animal/sheep/000000424171.jpg,5.347325801849365
animal/sheep/000000424289.jpg,5.311315059661865
animal/sheep/000000438200.jpg,5.476405143737793
animal/sheep/000000446345.jpg,4.423961639404297
animal/sheep/000000452454.jpg,4.296346664428711
animal/sheep/000000455960.jpg,4.2721686363220215
animal/sheep/000000456436.jpg,4.78855037689209
animal/sheep/000000459975.jpg,6.521856307983398
animal/sheep/000000468416.jpg,4.492353439331055
animal/sheep/000000468933.jpg,4.891413688659668
animal/sheep/000000472874.jpg,1.474602460861206
animal/sheep/000000477047.jpg,6.573404312133789
animal/sheep/000000478148.jpg,3.710514307022095
animal/sheep/000000481856.jpg,2.9207253456115723
animal/sheep/000000485390.jpg,5.364583969116211
animal/sheep/000000498270.jpg,6.568264484405518
animal/sheep/000000503575.jpg,5.437282562255859
animal/sheep/000000505976.jpg,4.551362991333008
animal/sheep/000000515695.jpg,6.0894269943237305
animal/sheep/000000518575.jpg,6.258162021636963
animal/sheep/000000529433.jpg,5.403979301452637
animal/sheep/000000530717.jpg,5.64626932144165
animal/sheep/000000543797.jpg,4.786782741546631
animal/sheep/000000545959.jpg,5.710100173950195
animal/sheep/000000557907.jpg,5.786284923553467
animal/sheep/000000558822.jpg,3.997692584991455
animal/sheep/000000562110.jpg,5.572316646575928
animal/sheep/000000564898.jpg,6.379363536834717
animal/sheep/000000579679.jpg,5.523804664611816
animal/sheep/000000579885.jpg,5.900204658508301
animal/squirrel/n02355227_10002.jpg,3.407503366470337
animal/squirrel/n02355227_11538.jpg,3.848283529281616
animal/squirrel/n02355227_11977.jpg,4.822427749633789
animal/squirrel/n02355227_12066.jpg,6.252064228057861
animal/squirrel/n02355227_12085.jpg,6.476292610168457
animal/squirrel/n02355227_12118.jpg,3.954017400741577
animal/squirrel/n02355227_12171.jpg,5.593554973602295
animal/squirrel/n02355227_12255.jpg,6.255717277526856
animal/squirrel/n02355227_12332.jpg,4.931304454803467
animal/squirrel/n02355227_12339.jpg,3.4312427043914795
animal/squirrel/n02355227_12357.jpg,6.158005714416504
animal/squirrel/n02355227_12389.jpg,4.352192401885986
animal/squirrel/n02355227_12454.jpg,5.371904850006104
animal/squirrel/n02355227_12532.jpg,4.7352213859558105
animal/squirrel/n02355227_12551.jpg,6.142866611480713
animal/squirrel/n02355227_12577.jpg,4.421875953674316
animal/squirrel/n02355227_12650.jpg,5.298647880554199
animal/squirrel/n02355227_12746.jpg,6.311422348022461
animal/squirrel/n02355227_12764.jpg,4.934274196624756
animal/squirrel/n02355227_12909.jpg,4.269547462463379
animal/squirrel/n02355227_12971.jpg,5.645411491394043
animal/squirrel/n02355227_13042.jpg,3.841937780380249
animal/squirrel/n02355227_13168.jpg,4.649951934814453
animal/squirrel/n02355227_132.jpg,3.8280398845672607
animal/squirrel/n02355227_13267.jpg,4.530365943908691
animal/squirrel/n02355227_13315.jpg,3.5546751022338867
animal/squirrel/n02355227_13382.jpg,3.255040407180786
animal/squirrel/n02355227_13400.jpg,2.898972272872925
animal/squirrel/n02355227_13412.jpg,5.5381059646606445
animal/squirrel/n02355227_13453.jpg,4.764360904693604
animal/squirrel/n02355227_13484.jpg,4.9163432121276855
animal/squirrel/n02355227_13515.jpg,4.250599384307861
animal/squirrel/n02355227_13518.jpg,4.8623223304748535
animal/squirrel/n02355227_13530.jpg,5.263035774230957
animal/squirrel/n02355227_13655.jpg,3.742647409439087
animal/squirrel/n02355227_13730.jpg,6.1361165046691895
animal/squirrel/n02355227_13741.jpg,3.861507177352905
animal/squirrel/n02355227_13768.jpg,4.015356540679932
animal/squirrel/n02355227_13784.jpg,3.269153594970703
animal/squirrel/n02355227_13907.jpg,4.475433826446533
animal/squirrel/n02355227_13927.jpg,3.988363742828369
animal/squirrel/n02355227_13981.jpg,6.212556838989258
animal/squirrel/n02355227_14054.jpg,3.0786538124084477
animal/squirrel/n02355227_14128.jpg,5.090590953826904
animal/squirrel/n02355227_14140.jpg,6.087608337402344
animal/squirrel/n02355227_14164.jpg,4.8284592628479
animal/squirrel/n02355227_14189.jpg,4.639673233032227
animal/squirrel/n02355227_14224.jpg,6.023407936096191
animal/squirrel/n02355227_14266.jpg,6.491520404815674
animal/squirrel/n02355227_14378.jpg,3.304935932159424
animal/squirrel/n02355227_14387.jpg,4.502025127410889
animal/squirrel/n02355227_14441.jpg,2.674283742904663
animal/squirrel/n02355227_14582.jpg,4.282952308654785
animal/squirrel/n02355227_14589.jpg,5.575916767120361
animal/squirrel/n02355227_14684.jpg,6.051403999328613
animal/squirrel/n02355227_14685.jpg,3.944910287857056
animal/squirrel/n02355227_14716.jpg,4.048503398895264
animal/squirrel/n02355227_14797.jpg,3.6491057872772217
animal/squirrel/n02355227_14799.jpg,2.878157615661621
animal/squirrel/n02355227_14808.jpg,2.156060218811035
animal/squirrel/n02355227_14860.jpg,4.841256141662598
animal/squirrel/n02355227_14956.jpg,5.777925491333008
animal/squirrel/n02355227_15095.jpg,6.102258682250977
animal/squirrel/n02355227_15129.jpg,4.994114398956299
animal/squirrel/n02355227_15177.jpg,4.3549346923828125
animal/squirrel/n02355227_15240.jpg,4.522189617156982
animal/squirrel/n02355227_15347.jpg,2.7300052642822266
animal/squirrel/n02355227_15402.jpg,5.357720375061035
animal/squirrel/n02355227_15406.jpg,3.866771459579468
animal/squirrel/n02355227_15478.jpg,4.613686561584473
animal/squirrel/n02355227_15505.jpg,6.476160526275635
animal/squirrel/n02355227_15548.jpg,4.619261741638184
animal/squirrel/n02355227_15619.jpg,4.233502864837647
animal/squirrel/n02355227_15629.jpg,3.2089641094207764
animal/squirrel/n02355227_15721.jpg,2.724914789199829
animal/squirrel/n02355227_15817.jpg,4.214184761047363
animal/squirrel/n02355227_15897.jpg,5.598189830780029
animal/squirrel/n02355227_15913.jpg,5.009328365325928
animal/squirrel/n02355227_2155.jpg,4.358418941497803
animal/squirrel/n02355227_2164.jpg,4.087467193603516
animal/squirrel/n02355227_2615.jpg,4.963385581970215
animal/squirrel/n02355227_3079.jpg,5.37313175201416
animal/squirrel/n02355227_4066.jpg,4.054522037506104
animal/squirrel/n02355227_4765.jpg,4.808553695678711
animal/squirrel/n02355227_5466.jpg,3.4568746089935303
animal/squirrel/n02355227_5804.jpg,4.26428747177124
animal/squirrel/n02355227_5820.jpg,4.540225028991699
animal/squirrel/n02355227_5898.jpg,4.034241199493408
animal/squirrel/n02355227_6323.jpg,4.201661109924316
animal/squirrel/n02355227_6434.jpg,6.006736278533936
animal/squirrel/n02355227_6696.jpg,4.06224536895752
animal/squirrel/n02355227_7587.jpg,3.849095582962036
animal/squirrel/n02355227_7784.jpg,5.196550369262695
animal/squirrel/n02355227_7881.jpg,3.5426688194274902
animal/squirrel/n02355227_8112.jpg,6.261634349822998
animal/squirrel/n02355227_8561.jpg,4.316108226776123
animal/squirrel/n02355227_8586.jpg,5.150664806365967
animal/squirrel/n02355227_8789.jpg,4.470918655395508
animal/squirrel/n02355227_9552.jpg,3.1576175689697266
animal/squirrel/n02355227_9703.jpg,4.072903633117676
animal/wild boar/n02396427_10212.jpg,5.601088523864746
animal/wild boar/n02396427_10266.jpg,4.611020088195801
animal/wild boar/n02396427_10306.jpg,3.606005907058716
animal/wild boar/n02396427_10399.jpg,4.888469219207764
animal/wild boar/n02396427_104.jpg,6.160623073577881
animal/wild boar/n02396427_10405.jpg,2.1105401515960693
animal/wild boar/n02396427_10462.jpg,4.241869449615479
animal/wild boar/n02396427_10489.jpg,3.809941053390503
animal/wild boar/n02396427_10706.jpg,6.155961513519287
animal/wild boar/n02396427_10722.jpg,2.945681571960449
animal/wild boar/n02396427_11973.jpg,6.1608991622924805
animal/wild boar/n02396427_12172.jpg,6.276089191436768
animal/wild boar/n02396427_12304.jpg,6.086190223693848
animal/wild boar/n02396427_1298.jpg,6.281021595001221
animal/wild boar/n02396427_1337.jpg,6.525825500488281
animal/wild boar/n02396427_13910.jpg,5.859469890594482
animal/wild boar/n02396427_14005.jpg,5.9179463386535645
animal/wild boar/n02396427_14262.jpg,6.370776653289795
animal/wild boar/n02396427_14405.jpg,6.255733966827393
animal/wild boar/n02396427_14454.jpg,5.608473300933838
animal/wild boar/n02396427_1453.jpg,4.005141735076904
animal/wild boar/n02396427_14870.jpg,6.402710437774658
animal/wild boar/n02396427_1496.jpg,3.631117105484009
animal/wild boar/n02396427_15258.jpg,5.949594020843506
animal/wild boar/n02396427_15409.jpg,6.484626293182373
animal/wild boar/n02396427_16212.jpg,5.184081554412842
animal/wild boar/n02396427_167.jpg,2.734407424926758
animal/wild boar/n02396427_16759.jpg,4.915876865386963
animal/wild boar/n02396427_16805.jpg,6.123334884643555
animal/wild boar/n02396427_16986.jpg,6.186255931854248
animal/wild boar/n02396427_17678.jpg,6.194091796875
animal/wild boar/n02396427_17712.jpg,3.6482841968536377
animal/wild boar/n02396427_18146.jpg,6.079826354980469
animal/wild boar/n02396427_18185.jpg,5.109466075897217
animal/wild boar/n02396427_18261.jpg,6.103792190551758
animal/wild boar/n02396427_18469.jpg,5.88658332824707
animal/wild boar/n02396427_19126.jpg,6.289352893829346
animal/wild boar/n02396427_1945.jpg,6.307084560394287
animal/wild boar/n02396427_19458.jpg,2.9189579486846924
animal/wild boar/n02396427_19677.jpg,6.260403633117676
animal/wild boar/n02396427_19733.jpg,3.962862253189087
animal/wild boar/n02396427_1979.jpg,3.977534294128418
animal/wild boar/n02396427_20572.jpg,6.607885360717773
animal/wild boar/n02396427_20960.jpg,3.777776718139648
animal/wild boar/n02396427_21276.jpg,4.978109359741211
animal/wild boar/n02396427_21669.jpg,5.952774524688721
animal/wild boar/n02396427_21929.jpg,4.3009538650512695
animal/wild boar/n02396427_2194.jpg,6.347008228302002
animal/wild boar/n02396427_22054.jpg,3.906869649887085
animal/wild boar/n02396427_22128.jpg,6.148451328277588
animal/wild boar/n02396427_22180.jpg,6.461310386657715
animal/wild boar/n02396427_22482.jpg,4.20272970199585
animal/wild boar/n02396427_22536.jpg,6.291013717651367
animal/wild boar/n02396427_22716.jpg,5.870731830596924
animal/wild boar/n02396427_22756.jpg,4.070828437805176
animal/wild boar/n02396427_2310.jpg,4.173769474029541
animal/wild boar/n02396427_23155.jpg,6.0463714599609375
animal/wild boar/n02396427_23723.jpg,6.155559062957764
animal/wild boar/n02396427_23881.jpg,6.1968207359313965
animal/wild boar/n02396427_23932.jpg,6.525166034698486
animal/wild boar/n02396427_2484.jpg,4.61051082611084
animal/wild boar/n02396427_2572.jpg,3.8819148540496826
animal/wild boar/n02396427_259.jpg,6.3458404541015625
animal/wild boar/n02396427_2723.jpg,6.102697372436523
animal/wild boar/n02396427_2752.jpg,4.603379249572754
animal/wild boar/n02396427_2960.jpg,5.428799152374268
animal/wild boar/n02396427_2997.jpg,5.3993239402771
animal/wild boar/n02396427_3079.jpg,6.436887264251709
animal/wild boar/n02396427_3096.jpg,4.435971736907959
animal/wild boar/n02396427_3134.jpg,5.661966800689697
animal/wild boar/n02396427_3531.jpg,4.863966941833496
animal/wild boar/n02396427_3601.jpg,4.395132064819336
animal/wild boar/n02396427_3696.jpg,4.7284255027771
animal/wild boar/n02396427_4.jpg,4.417990684509277
animal/wild boar/n02396427_4088.jpg,5.560335636138916
animal/wild boar/n02396427_4200.jpg,3.77337646484375
animal/wild boar/n02396427_4362.jpg,6.44215726852417
animal/wild boar/n02396427_4425.jpg,6.340778827667236
animal/wild boar/n02396427_4851.jpg,4.628536701202393
animal/wild boar/n02396427_5137.jpg,6.323615550994873
animal/wild boar/n02396427_5189.jpg,4.984493255615234
animal/wild boar/n02396427_5989.jpg,5.243017196655273
animal/wild boar/n02396427_6351.jpg,5.974393367767334
animal/wild boar/n02396427_7072.jpg,4.805160999298096
animal/wild boar/n02396427_7162.jpg,3.967612028121948
animal/wild boar/n02396427_7183.jpg,6.204940319061279
animal/wild boar/n02396427_7403.jpg,6.030868053436279
animal/wild boar/n02396427_744.jpg,6.273118019104004
animal/wild boar/n02396427_768.jpg,5.4923834800720215
animal/wild boar/n02396427_7714.jpg,6.127779006958008
animal/wild boar/n02396427_79.jpg,5.773547649383545
animal/wild boar/n02396427_8473.jpg,5.747472763061523
animal/wild boar/n02396427_8595.jpg,5.892571926116943
animal/wild boar/n02396427_871.jpg,6.213901042938232
animal/wild boar/n02396427_912.jpg,6.189514636993408
animal/wild boar/n02396427_941.jpg,6.416745662689209
animal/wild boar/n02396427_9595.jpg,6.532582759857178
animal/wild boar/n02396427_9609.jpg,4.08137845993042
animal/wild boar/n02396427_9648.jpg,3.153582811355591
animal/wild boar/n02396427_971.jpg,6.292253017425537
animal/zebra/000000007566.jpg,5.722207069396973
animal/zebra/000000009709.jpg,5.308020114898682
animal/zebra/000000014862.jpg,4.446737289428711
animal/zebra/000000039520.jpg,4.675173759460449
animal/zebra/000000041908.jpg,2.6591873168945312
animal/zebra/000000055806.jpg,3.36407470703125
animal/zebra/000000060316.jpg,6.091278553009033
animal/zebra/000000073387.jpg,5.6914963722229
animal/zebra/000000082898.jpg,5.647560119628906
animal/zebra/000000083142.jpg,4.060653209686279
animal/zebra/000000090245.jpg,4.63269567489624
animal/zebra/000000091487.jpg,5.532658576965332
animal/zebra/000000093014.jpg,4.920762062072754
animal/zebra/000000095814.jpg,5.21253776550293
animal/zebra/000000096445.jpg,3.535735845565796
animal/zebra/000000100661.jpg,5.607507228851318
animal/zebra/000000102610.jpg,4.381105899810791
animal/zebra/000000111553.jpg,6.21674108505249
animal/zebra/000000115379.jpg,3.491267204284668
animal/zebra/000000117036.jpg,4.05318021774292
animal/zebra/000000133200.jpg,5.8932085037231445
animal/zebra/000000136077.jpg,5.614675521850586
animal/zebra/000000144157.jpg,5.0320143699646
animal/zebra/000000154770.jpg,6.12181568145752
animal/zebra/000000157886.jpg,3.214181661605835
animal/zebra/000000165043.jpg,5.739602565765381
animal/zebra/000000181662.jpg,5.260669708251953
animal/zebra/000000181920.jpg,6.195558071136475
animal/zebra/000000182773.jpg,3.1250057220458984
animal/zebra/000000195137.jpg,4.7295026779174805
animal/zebra/000000195649.jpg,4.225174903869629
animal/zebra/000000199003.jpg,5.612829208374023
animal/zebra/000000203459.jpg,4.153714656829834
animal/zebra/000000205234.jpg,5.997825622558594
animal/zebra/000000207097.jpg,5.920557022094727
animal/zebra/000000208724.jpg,3.9701449871063232
animal/zebra/000000213023.jpg,5.060792446136475
animal/zebra/000000214150.jpg,4.513855934143066
animal/zebra/000000228893.jpg,4.784851551055908
animal/zebra/000000230318.jpg,2.753893613815308
animal/zebra/000000247723.jpg,4.300454139709473
animal/zebra/000000250367.jpg,3.8776276111602783
animal/zebra/000000256859.jpg,5.696662902832031
animal/zebra/000000257214.jpg,4.281682968139648
animal/zebra/000000258331.jpg,5.194517135620117
animal/zebra/000000266069.jpg,4.72480058670044
animal/zebra/000000269634.jpg,6.028522968292236
animal/zebra/000000284805.jpg,3.326503038406372
animal/zebra/000000288700.jpg,5.613063812255859
animal/zebra/000000291348.jpg,2.060394525527954
animal/zebra/000000310716.jpg,3.462599515914917
animal/zebra/000000312205.jpg,5.724864482879639
animal/zebra/000000316022.jpg,4.905788421630859
animal/zebra/000000317019.jpg,5.829559803009033
animal/zebra/000000328121.jpg,3.6680173873901367
animal/zebra/000000331126.jpg,6.102888584136963
animal/zebra/000000332385.jpg,3.4223475456237797
animal/zebra/000000339985.jpg,3.467735767364502
animal/zebra/000000351154.jpg,5.805212020874023
animal/zebra/000000359722.jpg,4.951392650604248
animal/zebra/000000373021.jpg,2.1176133155822754
animal/zebra/000000376875.jpg,4.965860366821289
animal/zebra/000000381282.jpg,5.199289321899414
animal/zebra/000000383857.jpg,4.758820056915283
animal/zebra/000000393979.jpg,5.623594760894775
animal/zebra/000000405778.jpg,5.745973110198975
animal/zebra/000000407751.jpg,5.367879390716553
animal/zebra/000000407768.jpg,3.703319311141968
animal/zebra/000000413242.jpg,6.114871025085449
animal/zebra/000000415821.jpg,4.562155723571777
animal/zebra/000000424152.jpg,3.859807968139648
animal/zebra/000000425254.jpg,4.360566139221191
animal/zebra/000000427438.jpg,4.798472881317139
animal/zebra/000000430551.jpg,5.603382110595703
animal/zebra/000000445427.jpg,4.193045616149902
animal/zebra/000000451263.jpg,2.8840065002441406
animal/zebra/000000455557.jpg,5.768075466156006
animal/zebra/000000457981.jpg,4.7004923820495605
animal/zebra/000000467502.jpg,4.977709293365479
animal/zebra/000000471534.jpg,4.425891876220703
animal/zebra/000000474800.jpg,5.2522969245910645
animal/zebra/000000481760.jpg,5.865187644958496
animal/zebra/000000484074.jpg,3.648277521133423
animal/zebra/000000484214.jpg,2.696439504623413
animal/zebra/000000501038.jpg,6.027956008911133
animal/zebra/000000519877.jpg,4.653131484985352
animal/zebra/000000526941.jpg,4.847158908843994
animal/zebra/000000532631.jpg,6.042360305786133
animal/zebra/000000537122.jpg,5.733396053314209
animal/zebra/000000544071.jpg,6.279280662536621
animal/zebra/000000546164.jpg,4.789916515350342
animal/zebra/000000546693.jpg,5.302678108215332
animal/zebra/000000548722.jpg,6.471718311309815
animal/zebra/000000551602.jpg,5.135510921478272
animal/zebra/000000556011.jpg,5.814337253570557
animal/zebra/000000563155.jpg,5.452878475189209
animal/zebra/000000564654.jpg,6.206618785858154
animal/zebra/000000566598.jpg,5.051907539367676
animal/zebra/000000569599.jpg,4.751213073730469
animal/zebra/000000577065.jpg,5.593454837799072
food/apple/000000007944.jpg,2.177893877029419
food/apple/000000010478.jpg,2.3426156044006348
food/apple/000000028864.jpg,2.896862030029297
food/apple/000000052818.jpg,3.4255645275115967
food/apple/000000056714.jpg,3.820692539215088
food/apple/000000087383.jpg,2.7513322830200195
food/apple/000000092031.jpg,3.149585723876953
food/apple/000000094514.jpg,3.907510280609131
food/apple/000000125499.jpg,3.929873466491699
food/apple/000000143980.jpg,3.819183349609375
food/apple/000000169529.jpg,3.8866312503814697
food/apple/000000253890.jpg,3.9017584323883057
food/apple/000000265708.jpg,1.8882890939712524
food/apple/000000282583.jpg,2.5682175159454346
food/apple/000000286751.jpg,3.40744948387146
food/apple/000000322175.jpg,4.20991849899292
food/apple/000000324645.jpg,2.3647964000701904
food/apple/000000329014.jpg,3.1742172241210938
food/apple/000000331230.jpg,2.342883825302124
food/apple/000000357925.jpg,2.877708673477173
food/apple/000000385381.jpg,2.3023228645324707
food/apple/000000406743.jpg,3.870542764663696
food/apple/000000432636.jpg,2.886441707611084
food/apple/000000491558.jpg,1.947206735610962
food/apple/000000510596.jpg,3.8686678409576416
food/apple/000000540164.jpg,2.9337377548217773
food/apple/000000555062.jpg,3.56335711479187
food/apple/000000572183.jpg,3.0861082077026367
food/apple/000000572430.jpg,2.4360923767089844
food/apple/000000577451.jpg,3.634528160095215
food/apple/000000578203.jpg,4.412539005279541
food/bagel/n07693725_10185.jpg,2.954535961151123
food/bagel/n07693725_10301.jpg,2.398142099380493
food/bagel/n07693725_10483.jpg,3.305631160736084
food/bagel/n07693725_11023.jpg,1.799254298210144
food/bagel/n07693725_11051.jpg,2.715268611907959
food/bagel/n07693725_11229.jpg,5.259483814239502
food/bagel/n07693725_11246.jpg,3.368513584136963
food/bagel/n07693725_11570.jpg,4.103610992431641
food/bagel/n07693725_1163.jpg,2.2886757850646973
food/bagel/n07693725_11793.jpg,2.1575136184692383
food/bagel/n07693725_11883.jpg,3.112024307250977
food/bagel/n07693725_1211.jpg,3.1026313304901123
food/bagel/n07693725_12175.jpg,2.773249864578247
food/bagel/n07693725_12319.jpg,2.701521396636963
food/bagel/n07693725_12326.jpg,3.579566717147827
food/bagel/n07693725_12334.jpg,2.919674158096313
food/bagel/n07693725_12485.jpg,3.8683512210845943
food/bagel/n07693725_12652.jpg,3.7479636669158936
food/bagel/n07693725_1286.jpg,3.8459584712982178
food/bagel/n07693725_12947.jpg,4.045714855194092
food/bagel/n07693725_13.jpg,4.747374057769775
food/bagel/n07693725_1321.jpg,3.7304532527923584
food/bagel/n07693725_13350.jpg,3.5065929889678955
food/bagel/n07693725_13352.jpg,2.9893553256988525
food/bagel/n07693725_13403.jpg,2.52357029914856
food/bagel/n07693725_1357.jpg,3.193244695663452
food/bagel/n07693725_13643.jpg,3.707828760147095
food/bagel/n07693725_13736.jpg,4.275838851928711
food/bagel/n07693725_1396.jpg,2.617922782897949
food/bagel/n07693725_14119.jpg,3.770214796066284
food/bagel/n07693725_14254.jpg,3.5362439155578613
food/bagel/n07693725_14311.jpg,3.214973211288452
food/bagel/n07693725_14441.jpg,3.207403898239136
food/bagel/n07693725_1602.jpg,5.572209358215332
food/bagel/n07693725_1611.jpg,4.103111267089844
food/bagel/n07693725_2455.jpg,3.0949652194976807
food/bagel/n07693725_2526.jpg,2.97644305229187
food/bagel/n07693725_2676.jpg,2.285147428512573
food/bagel/n07693725_2776.jpg,2.8992648124694824
food/bagel/n07693725_3014.jpg,3.649056196212769
food/bagel/n07693725_3156.jpg,4.423727035522461
food/bagel/n07693725_3177.jpg,2.5694820880889893
food/bagel/n07693725_3203.jpg,2.225399971008301
food/bagel/n07693725_3258.jpg,3.580399990081787
food/bagel/n07693725_3451.jpg,3.2449989318847656
food/bagel/n07693725_3477.jpg,2.704025983810425
food/bagel/n07693725_3523.jpg,3.2828948497772217
food/bagel/n07693725_3536.jpg,3.4070417881011963
food/bagel/n07693725_3602.jpg,2.5601131916046143
food/bagel/n07693725_3605.jpg,2.961791038513184
food/bagel/n07693725_3611.jpg,3.6202950477600098
food/bagel/n07693725_3612.jpg,2.285928249359131
food/bagel/n07693725_4972.jpg,3.801856994628906
food/bagel/n07693725_498.jpg,5.219264507293701
food/bagel/n07693725_500.jpg,2.766948699951172
food/bagel/n07693725_5096.jpg,2.3789823055267334
food/bagel/n07693725_5217.jpg,2.4596810340881348
food/bagel/n07693725_529.jpg,2.529605865478516
food/bagel/n07693725_5683.jpg,3.2735838890075684
food/bagel/n07693725_6372.jpg,1.9416606426239011
food/bagel/n07693725_6512.jpg,2.715703248977661
food/bagel/n07693725_7311.jpg,3.2323102951049805
food/bagel/n07693725_7439.jpg,3.566628217697144
food/bagel/n07693725_758.jpg,2.572705745697021
food/bagel/n07693725_8046.jpg,4.059786319732666
food/bagel/n07693725_8131.jpg,3.56099534034729
food/bagel/n07693725_8314.jpg,5.860289573669434
food/bagel/n07693725_8337.jpg,2.635119676589966
food/bagel/n07693725_8396.jpg,3.306973934173584
food/bagel/n07693725_8448.jpg,2.2095606327056885
food/bagel/n07693725_855.jpg,4.887383937835693
food/bagel/n07693725_8602.jpg,4.346775531768799
food/bagel/n07693725_8694.jpg,3.494640827178955
food/bagel/n07693725_8807.jpg,2.8046176433563232
food/bagel/n07693725_8841.jpg,2.9544148445129395
food/bagel/n07693725_8899.jpg,2.9193780422210693
food/bagel/n07693725_905.jpg,3.66958212852478
food/bagel/n07693725_9127.jpg,2.9383819103240967
food/bagel/n07693725_962.jpg,2.0656933784484863
food/bagel/n07693725_9698.jpg,3.383479118347168
food/banana/000000000715.jpg,2.218390703201294
food/banana/000000004749.jpg,2.7933356761932373
food/banana/000000009768.jpg,3.2130331993103027
food/banana/000000016161.jpg,2.4118542671203613
food/banana/000000026812.jpg,2.916348695755005
food/banana/000000144951.jpg,2.486052989959717
food/banana/000000183898.jpg,2.683541774749756
food/banana/000000193015.jpg,2.6324615478515625
food/banana/000000202888.jpg,2.702683687210083
food/banana/000000207573.jpg,1.9384130239486692
food/banana/000000216820.jpg,3.1624786853790283
food/banana/000000237762.jpg,2.095402479171753
food/banana/000000261503.jpg,3.7367947101593018
food/banana/000000283144.jpg,3.797110795974731
food/banana/000000283545.jpg,2.9506850242614746
food/banana/000000347568.jpg,1.8236000537872317
food/banana/000000347773.jpg,1.6889736652374268
food/banana/000000349402.jpg,2.134036064147949
food/banana/000000351686.jpg,3.1799206733703613
food/banana/000000395169.jpg,1.9656883478164675
food/banana/000000412874.jpg,2.2901976108551025
food/banana/000000425201.jpg,1.4828726053237915
food/banana/000000450961.jpg,5.572901248931885
food/banana/000000463555.jpg,3.205054998397827
food/banana/000000466736.jpg,3.543843507766724
food/banana/000000468615.jpg,3.826219320297241
food/banana/000000504554.jpg,1.7042207717895508
food/banana/000000511644.jpg,2.979459762573242
food/banana/000000521064.jpg,4.973983287811279
food/banana/000000540464.jpg,5.863006591796875
food/banana/000000543696.jpg,1.9641826152801516
food/banana/000000559021.jpg,5.424591064453125
food/banana/n07753592_10437.jpg,4.635725498199463
food/banana/n07753592_10692.jpg,4.475499629974365
food/banana/n07753592_10906.jpg,2.456395149230957
food/banana/n07753592_11382.jpg,4.226282596588135
food/banana/n07753592_11566.jpg,2.7063279151916504
food/banana/n07753592_11789.jpg,4.15914249420166
food/banana/n07753592_1185.jpg,3.5246424674987797
food/banana/n07753592_11999.jpg,3.5876870155334477
food/banana/n07753592_1234.jpg,4.269785404205322
food/banana/n07753592_14958.jpg,4.5441718101501465
food/banana/n07753592_16211.jpg,4.104695796966553
food/banana/n07753592_16831.jpg,3.012953996658325
food/banana/n07753592_1750.jpg,4.372584819793701
food/banana/n07753592_1773.jpg,4.666604042053223
food/banana/n07753592_1816.jpg,5.6344170570373535
food/banana/n07753592_18348.jpg,1.8971186876297
food/banana/n07753592_1909.jpg,4.393087863922119
food/banana/n07753592_1917.jpg,1.8366495370864868
food/banana/n07753592_1991.jpg,3.487731695175171
food/banana/n07753592_2002.jpg,1.794730544090271
food/banana/n07753592_20027.jpg,3.716442584991455
food/banana/n07753592_2012.jpg,3.416737794876098
food/banana/n07753592_2021.jpg,2.6848273277282715
food/banana/n07753592_2231.jpg,3.127025365829468
food/banana/n07753592_2805.jpg,3.549665927886963
food/banana/n07753592_2829.jpg,3.188967704772949
food/banana/n07753592_3491.jpg,1.9464948177337649
food/banana/n07753592_3592.jpg,2.9431748390197754
food/banana/n07753592_3754.jpg,4.681509494781494
food/banana/n07753592_3854.jpg,3.3911707401275635
food/banana/n07753592_4091.jpg,3.255618095397949
food/banana/n07753592_5409.jpg,2.9398767948150635
food/banana/n07753592_5569.jpg,3.3452115058898926
food/banana/n07753592_5802.jpg,2.9757628440856934
food/banana/n07753592_5844.jpg,1.7528157234191897
food/banana/n07753592_5942.jpg,1.776842474937439
food/banana/n07753592_6132.jpg,4.768624782562256
food/banana/n07753592_6197.jpg,2.2259888648986816
food/banana/n07753592_6754.jpg,3.475956916809082
food/banana/n07753592_708.jpg,3.1665496826171875
food/banana/n07753592_7261.jpg,4.396148681640625
food/banana/n07753592_7598.jpg,3.250197410583496
food/banana/n07753592_7792.jpg,3.799469232559204
food/banana/n07753592_8041.jpg,3.373156309127808
food/banana/n07753592_8141.jpg,2.463963747024536
food/banana/n07753592_8271.jpg,3.1788265705108643
food/banana/n07753592_8534.jpg,2.7817866802215576
food/banana/n07753592_8891.jpg,1.824785232543945
food/banana/n07753592_9134.jpg,3.8489060401916495
food/banana/n07753592_9781.jpg,4.17173433303833
food/barbecue/000000043494.jpg,2.5797860622406006
food/barbecue/000000185225.jpg,1.799860954284668
food/barbecue/000000302055.jpg,2.6343953609466557
food/barbecue/000000395714.jpg,2.1694138050079346
food/barbecue/000000432372.jpg,2.1844494342803955
food/barbecue/000000492292.jpg,2.768195867538452
food/barbecue/000000579405.jpg,2.094928503036499
food/barbecue/n07654148_10592.jpg,2.8145768642425537
food/barbecue/n07654148_11041.jpg,3.3330044746398926
food/barbecue/n07654148_11187.jpg,2.456336259841919
food/barbecue/n07654148_11189.jpg,2.4208884239196777
food/barbecue/n07654148_11193.jpg,2.453075170516968
food/barbecue/n07654148_11447.jpg,3.7755260467529297
food/barbecue/n07654148_12782.jpg,3.542816638946533
food/barbecue/n07654148_13056.jpg,3.415971279144287
food/barbecue/n07654148_13111.jpg,1.8631223440170288
food/barbecue/n07654148_13583.jpg,3.112479448318481
food/barbecue/n07654148_13790.jpg,4.342971324920654
food/barbecue/n07654148_13921.jpg,2.883660078048706
food/barbecue/n07654148_14261.jpg,3.0905935764312744
food/barbecue/n07654148_14341.jpg,5.181547164916992
food/barbecue/n07654148_14359.jpg,2.630563974380493
food/barbecue/n07654148_14827.jpg,2.6349895000457764
food/barbecue/n07654148_14835.jpg,3.323084115982056
food/barbecue/n07654148_15593.jpg,3.478515386581421
food/barbecue/n07654148_16788.jpg,3.1725401878356934
food/barbecue/n07654148_16882.jpg,2.901790142059326
food/barbecue/n07654148_17137.jpg,3.092571258544922
food/barbecue/n07654148_17445.jpg,2.044820785522461
food/barbecue/n07654148_17522.jpg,6.082108497619629
food/barbecue/n07654148_18173.jpg,3.038137435913086
food/barbecue/n07654148_18188.jpg,2.2827298641204834
food/barbecue/n07654148_18263.jpg,3.704988241195679
food/barbecue/n07654148_18307.jpg,2.667689800262451
food/barbecue/n07654148_18423.jpg,3.209463357925415
food/barbecue/n07654148_18446.jpg,2.347587823867798
food/barbecue/n07654148_18537.jpg,3.180021047592163
food/barbecue/n07654148_19332.jpg,4.127336502075195
food/barbecue/n07654148_19681.jpg,3.3209376335144043
food/barbecue/n07654148_20099.jpg,4.380950450897217
food/barbecue/n07654148_21097.jpg,3.1447458267211914
food/barbecue/n07654148_21186.jpg,3.409863233566284
food/barbecue/n07654148_21465.jpg,3.552013397216797
food/barbecue/n07654148_22848.jpg,1.5881433486938477
food/barbecue/n07654148_22977.jpg,3.123753070831299
food/bell pepper/n07720875_10151.jpg,3.183809518814087
food/bell pepper/n07720875_10155.jpg,2.766473293304444
food/bell pepper/n07720875_10162.jpg,1.8641988039016724
food/bell pepper/n07720875_10894.jpg,4.152227401733398
food/bell pepper/n07720875_12386.jpg,2.386209011077881
food/bell pepper/n07720875_1314.jpg,4.220683097839356
food/bell pepper/n07720875_1529.jpg,4.996694087982178
food/bell pepper/n07720875_1586.jpg,3.489909172058105
food/bell pepper/n07720875_1697.jpg,2.3318116664886475
food/bell pepper/n07720875_1782.jpg,2.655548095703125
food/bell pepper/n07720875_2188.jpg,4.325820446014404
food/bell pepper/n07720875_2238.jpg,4.424966335296631
food/bell pepper/n07720875_2394.jpg,4.659194946289063
food/bell pepper/n07720875_2664.jpg,4.454834938049316
food/bell pepper/n07720875_2930.jpg,2.619483470916748
food/bell pepper/n07720875_2949.jpg,5.417737007141113
food/bell pepper/n07720875_3102.jpg,3.3732075691223145
food/bell pepper/n07720875_3162.jpg,3.659614801406861
food/bell pepper/n07720875_3180.jpg,2.957481622695923
food/bell pepper/n07720875_3204.jpg,2.1477513313293457
food/bell pepper/n07720875_3234.jpg,3.0065832138061523
food/bell pepper/n07720875_3236.jpg,4.3851823806762695
food/bell pepper/n07720875_3313.jpg,4.757679462432861
food/bell pepper/n07720875_3425.jpg,3.594611644744873
food/bell pepper/n07720875_3464.jpg,3.561171293258667
food/bell pepper/n07720875_3556.jpg,3.739216566085816
food/bell pepper/n07720875_3592.jpg,3.752267360687256
food/bell pepper/n07720875_3911.jpg,5.066713333129883
food/bell pepper/n07720875_4129.jpg,3.818166732788086
food/bell pepper/n07720875_4162.jpg,4.021693706512451
food/bell pepper/n07720875_4206.jpg,3.9755802154541016
food/bell pepper/n07720875_4744.jpg,2.36321759223938
food/bell pepper/n07720875_4943.jpg,3.5573673248291016
food/bell pepper/n07720875_5177.jpg,3.708279848098755
food/bell pepper/n07720875_5389.jpg,3.6844241619110103
food/bell pepper/n07720875_5440.jpg,2.257202625274658
food/bell pepper/n07720875_5449.jpg,3.425320863723755
food/bell pepper/n07720875_5671.jpg,3.1434688568115234
food/bell pepper/n07720875_5729.jpg,3.7263379096984863
food/bell pepper/n07720875_5791.jpg,3.035438060760498
food/bell pepper/n07720875_6236.jpg,1.9153869152069087
food/bell pepper/n07720875_7455.jpg,2.907785654067993
food/bell pepper/n07720875_7650.jpg,2.594543695449829
food/bell pepper/n07720875_7739.jpg,3.4212818145751958
food/bell pepper/n07720875_8101.jpg,3.3456215858459477
food/bell pepper/n07720875_8234.jpg,4.2563958168029785
food/bell pepper/n07720875_8255.jpg,3.0361714363098145
food/bell pepper/n07720875_8307.jpg,3.1501271724700928
food/bell pepper/n07720875_8359.jpg,5.4313812255859375
food/bell pepper/n07720875_8705.jpg,2.5884931087493896
food/bell pepper/n07720875_8835.jpg,2.6196963787078857
food/bell pepper/n07720875_9092.jpg,3.611555576324463
food/bell pepper/n07720875_9367.jpg,4.839376926422119
food/bell pepper/n07720875_9394.jpg,3.505433320999145
food/bell pepper/n07720875_993.jpg,3.158369302749634
food/bread/n07679356_23272.jpg,3.389495611190796
food/bread/n07679356_23728.jpg,2.7025554180145264
food/bread/n07679356_23730.jpg,2.196335792541504
food/bread/n07679356_23890.jpg,2.447348356246948
food/bread/n07679356_23943.jpg,2.586123466491699
food/bread/n07679356_23986.jpg,1.8802125453948972
food/bread/n07679356_23999.jpg,2.8076846599578857
food/bread/n07679356_24131.jpg,2.9342989921569824
food/bread/n07679356_24275.jpg,3.5808236598968506
food/bread/n07679356_24774.jpg,3.923681735992432
food/bread/n07679356_26076.jpg,2.136322021484375
food/bread/n07679356_26284.jpg,3.45019006729126
food/bread/n07679356_26410.jpg,5.012481212615967
food/bread/n07679356_26486.jpg,2.940732717514038
food/bread/n07679356_26730.jpg,3.734851360321045
food/bread/n07679356_26882.jpg,3.8815701007843018
food/bread/n07679356_27111.jpg,3.014766216278076
food/bread/n07679356_27158.jpg,2.70941424369812
food/bread/n07679356_28420.jpg,3.1617352962493896
food/bread/n07679356_28936.jpg,3.6145341396331783
food/bread/n07679356_29289.jpg,3.360768318176269
food/bread/n07679356_29539.jpg,1.8420039415359497
food/bread/n07679356_29552.jpg,2.375413417816162
food/bread/n07679356_29890.jpg,2.15132999420166
food/bread/n07679356_30345.jpg,3.6821751594543457
food/bread/n07679356_30519.jpg,3.367759704589844
food/bread/n07679356_30714.jpg,3.072937488555908
food/bread/n07679356_31327.jpg,2.9978601932525635
food/bread/n07679356_31549.jpg,3.046025037765503
food/bread/n07679356_31660.jpg,2.7346949577331543
food/bread/n07679356_31946.jpg,2.044829845428467
food/bread/n07679356_31997.jpg,3.217931032180786
food/bread/n07679356_38784.jpg,3.741479158401489
food/bread/n07679356_46911.jpg,2.4690732955932617
food/bread/n07679356_55203.jpg,2.8178114891052246
food/bread/n07680932_10382.jpg,2.3654730319976807
food/bread/n07680932_1060.jpg,4.116596698760986
food/bread/n07680932_11247.jpg,4.155019283294678
food/bread/n07680932_1211.jpg,3.6499855518341056
food/bread/n07680932_14041.jpg,4.354686260223389
food/bread/n07680932_14847.jpg,2.324253559112549
food/bread/n07680932_16996.jpg,4.810436248779297
food/bread/n07680932_18337.jpg,2.5714774131774902
food/bread/n07680932_19004.jpg,2.3051607608795166
food/bread/n07680932_20154.jpg,2.3595101833343506
food/bread/n07680932_21484.jpg,2.5984079837799072
food/bread/n07680932_2352.jpg,4.253788471221924
food/bread/n07680932_24328.jpg,3.1349477767944336
food/bread/n07680932_26289.jpg,3.3681557178497314
food/bread/n07680932_26553.jpg,2.040349006652832
food/bread/n07680932_2751.jpg,3.368459939956665
food/bread/n07680932_27862.jpg,2.08095121383667
food/bread/n07680932_27982.jpg,3.760620355606079
food/bread/n07680932_28998.jpg,4.849371433258057
food/bread/n07680932_29285.jpg,3.5210511684417725
food/bread/n07680932_3052.jpg,2.9749929904937744
food/bread/n07680932_30974.jpg,3.04587197303772
food/bread/n07680932_32177.jpg,3.616827726364136
food/bread/n07680932_32427.jpg,1.939205884933472
food/bread/n07680932_32793.jpg,5.158634662628174
food/bread/n07680932_33577.jpg,2.7798073291778564
food/bread/n07680932_3803.jpg,2.6473135948181152
food/bread/n07680932_39981.jpg,2.6462559700012207
food/bread/n07680932_42044.jpg,3.0684823989868164
food/bread/n07680932_43728.jpg,2.754262685775757
food/bread/n07680932_48396.jpg,2.4471328258514404
food/bread/n07680932_48861.jpg,3.3643579483032227
food/bread/n07680932_48969.jpg,2.729177951812744
food/bread/n07680932_5148.jpg,2.6738240718841557
food/bread/n07680932_5209.jpg,2.272665739059448
food/bread/n07680932_55396.jpg,5.068085193634033
food/bread/n07680932_5574.jpg,3.5474693775177
food/bread/n07680932_5633.jpg,3.3246140480041504
food/bread/n07680932_56466.jpg,5.749935150146484
food/bread/n07680932_57798.jpg,1.5384701490402222
food/bread/n07680932_6287.jpg,2.823646545410156
food/bread/n07680932_65206.jpg,2.189795970916748
food/bread/n07680932_68607.jpg,3.041506290435791
food/bread/n07680932_7947.jpg,2.987436056137085
food/bread/n07680932_803.jpg,2.7836697101593018
food/bread/n07680932_8144.jpg,3.2494819164276123
food/bread/n07680932_866.jpg,4.220705509185791
food/bread/n07680932_9358.jpg,4.990588665008545
food/bread/n07680932_9973.jpg,2.3424272537231445
food/breakfast/000000076384.jpg,1.5872660875320437
food/breakfast/000000238881.jpg,1.885087013244629
food/breakfast/000000491888.jpg,1.758020520210266
food/breakfast/000000498583.jpg,2.0278515815734863
food/breakfast/n07574602_22465.jpg,1.8374944925308228
food/breakfast/n07574602_22582.jpg,2.890882968902588
food/breakfast/n07574602_22734.jpg,3.8081462383270255
food/breakfast/n07574602_22776.jpg,2.5061542987823486
food/breakfast/n07574602_22829.jpg,3.4441380500793457
food/breakfast/n07574602_22837.jpg,2.9449636936187744
food/breakfast/n07574602_22882.jpg,1.8021382093429563
food/breakfast/n07574602_22940.jpg,4.31455135345459
food/breakfast/n07574602_23014.jpg,1.9741467237472532
food/breakfast/n07574602_23198.jpg,3.2620294094085693
food/breakfast/n07574602_23518.jpg,2.335488796234131
food/breakfast/n07574602_23818.jpg,2.743816614151001
food/breakfast/n07574602_23918.jpg,3.1071572303771973
food/breakfast/n07574602_24053.jpg,3.5359857082366943
food/breakfast/n07574602_24289.jpg,2.3755154609680176
food/breakfast/n07574602_24364.jpg,3.285331010818481
food/breakfast/n07574602_24451.jpg,3.953547716140747
food/breakfast/n07574602_24483.jpg,3.209169864654541
food/breakfast/n07574602_24537.jpg,3.2330546379089355
food/breakfast/n07574602_24543.jpg,1.9318864345550537
food/breakfast/n07574602_24636.jpg,2.4090301990509038
food/breakfast/n07574602_24646.jpg,2.651212453842163
food/breakfast/n07574602_24859.jpg,2.378230333328247
food/breakfast/n07574602_24875.jpg,2.4158034324646
food/breakfast/n07574602_24937.jpg,2.2451865673065186
food/breakfast/n07574602_25107.jpg,3.648057460784912
food/breakfast/n07574602_25208.jpg,3.34786319732666
food/breakfast/n07574602_25237.jpg,3.193394422531128
food/breakfast/n07574602_25330.jpg,2.550215482711792
food/breakfast/n07574602_25400.jpg,3.3527908325195312
food/breakfast/n07574602_25417.jpg,2.216359615325928
food/breakfast/n07574602_25450.jpg,2.695021152496338
food/breakfast/n07574602_25517.jpg,1.862159848213196
food/breakfast/n07574602_25609.jpg,2.087632656097412
food/breakfast/n07574602_26210.jpg,2.7594027519226074
food/breakfast/n07574602_26295.jpg,2.583860158920288
food/breakfast/n07574602_26378.jpg,4.0833740234375
food/breakfast/n07574602_26402.jpg,3.276732444763184
food/breakfast/n07574602_26505.jpg,2.2455854415893555
food/breakfast/n07574602_26535.jpg,3.2904622554779053
food/breakfast/n07574602_26538.jpg,2.909950494766236
food/breakfast/n07574602_26579.jpg,2.497419595718384
food/breakfast/n07574602_26595.jpg,2.883404493331909
food/breakfast/n07574602_26659.jpg,2.387281656265259
food/breakfast/n07574602_26811.jpg,2.3434150218963623
food/breakfast/n07574602_26819.jpg,2.640177726745605
food/breakfast/n07574602_26851.jpg,2.5716311931610107
food/breakfast/n07574602_26891.jpg,2.676029682159424
food/breakfast/n07574602_26959.jpg,2.99904727935791
food/breakfast/n07574602_26972.jpg,2.3837108612060547
food/breakfast/n07574602_26982.jpg,4.80951738357544
food/breakfast/n07574602_27043.jpg,2.751070499420166
food/breakfast/n07574602_27054.jpg,3.3897078037261963
food/breakfast/n07574602_27068.jpg,2.755676746368408
food/breakfast/n07574602_27079.jpg,3.705945730209351
food/breakfast/n07574602_27102.jpg,3.214292287826538
food/breakfast/n07574602_27151.jpg,4.34090518951416
food/breakfast/n07574602_27219.jpg,2.8097102642059326
food/breakfast/n07574602_27252.jpg,2.6042299270629883
food/breakfast/n07574602_27286.jpg,2.607581615447998
food/breakfast/n07574602_27308.jpg,1.9282344579696653
food/breakfast/n07574602_27391.jpg,1.7831759452819824
food/breakfast/n07574602_27438.jpg,3.305863618850708
food/breakfast/n07574602_27481.jpg,1.9786903858184812
food/breakfast/n07574602_27493.jpg,1.6049736738204956
food/breakfast/n07574602_28533.jpg,2.946685075759888
food/breakfast/n07574602_28789.jpg,2.5855965614318848
food/breakfast/n07574602_29393.jpg,1.7135162353515625
food/breakfast/n07574602_29681.jpg,2.8141536712646484
food/breakfast/n07574602_29739.jpg,1.7764617204666138
food/breakfast/n07574602_31019.jpg,3.875642538070679
food/broccoli/000000002068.jpg,3.687379360198975
food/broccoli/000000004256.jpg,2.0831995010375977
food/broccoli/000000004936.jpg,4.086804866790772
food/broccoli/000000008789.jpg,3.9750008583068848
food/broccoli/000000010407.jpg,4.07094144821167
food/broccoli/000000010900.jpg,4.024880409240723
food/broccoli/000000012231.jpg,3.901191711425781
food/broccoli/000000013428.jpg,4.916045188903809
food/broccoli/000000016848.jpg,4.4142231941223145
food/broccoli/000000032893.jpg,4.309344291687012
food/broccoli/000000048719.jpg,4.60931921005249
food/broccoli/000000050910.jpg,3.432598114013672
food/broccoli/000000051716.jpg,4.0605950355529785
food/broccoli/000000076138.jpg,5.550690650939941
food/broccoli/000000081964.jpg,2.091376781463623
food/broccoli/000000089320.jpg,3.225214719772339
food/broccoli/000000118543.jpg,4.181066513061523
food/broccoli/000000125617.jpg,3.9652295112609854
food/broccoli/000000132041.jpg,4.982373237609863
food/broccoli/000000139075.jpg,3.3827407360076904
food/broccoli/000000142378.jpg,2.904554605484009
food/broccoli/000000144847.jpg,3.724546194076538
food/broccoli/000000155892.jpg,3.3917171955108643
food/broccoli/000000163559.jpg,2.8929383754730225
food/broccoli/000000167092.jpg,3.989125490188599
food/broccoli/000000173882.jpg,4.864672660827637
food/broccoli/000000197597.jpg,3.982799768447876
food/broccoli/000000197689.jpg,3.72557544708252
food/broccoli/000000203076.jpg,3.8178963661193848
food/broccoli/000000214030.jpg,3.855765581130981
food/broccoli/000000215062.jpg,2.591996669769287
food/broccoli/000000220889.jpg,3.7674717903137207
food/broccoli/000000234238.jpg,3.803469896316528
food/broccoli/000000235575.jpg,3.726540565490722
food/broccoli/000000242187.jpg,3.788851499557495
food/broccoli/000000242368.jpg,4.251674175262451
food/broccoli/000000249663.jpg,4.107102394104004
food/broccoli/000000249969.jpg,2.739248275756836
food/broccoli/000000251702.jpg,3.4678900241851807
food/broccoli/000000253863.jpg,3.265378713607788
food/broccoli/000000257137.jpg,4.431134223937988
food/broccoli/000000275175.jpg,2.043897867202759
food/broccoli/000000275663.jpg,3.622145414352417
food/broccoli/000000282328.jpg,4.24054479598999
food/broccoli/000000282930.jpg,3.885379314422608
food/broccoli/000000283638.jpg,3.750838041305542
food/broccoli/000000293810.jpg,3.835510015487671
food/broccoli/000000300264.jpg,3.689494371414185
food/broccoli/000000305738.jpg,2.555550575256348
food/broccoli/000000306902.jpg,3.775411367416382
food/broccoli/000000309983.jpg,3.9280502796173096
food/broccoli/000000310061.jpg,3.5192134380340576
food/broccoli/000000327918.jpg,1.7941383123397827
food/broccoli/000000336174.jpg,3.5577752590179443
food/broccoli/000000352418.jpg,3.8012967109680176
food/broccoli/000000359592.jpg,4.160392284393311
food/broccoli/000000364973.jpg,4.552082538604736
food/broccoli/000000367007.jpg,2.141327381134033
food/broccoli/000000370399.jpg,4.14744758605957
food/broccoli/000000383695.jpg,3.004106044769287
food/broccoli/000000387513.jpg,3.281855344772339
food/broccoli/000000395337.jpg,4.892621994018555
food/broccoli/000000402775.jpg,4.810137271881104
food/broccoli/000000404361.jpg,3.164908170700073
food/broccoli/000000421703.jpg,3.937096357345581
food/broccoli/000000426428.jpg,1.817652463912964
food/broccoli/000000434389.jpg,1.980617642402649
food/broccoli/000000442508.jpg,3.6939616203308105
food/broccoli/000000456563.jpg,4.461886882781982
food/broccoli/000000459310.jpg,3.757042407989502
food/broccoli/000000479214.jpg,3.1923813819885254
food/broccoli/000000489218.jpg,3.949205875396729
food/broccoli/000000491330.jpg,3.21455192565918
food/broccoli/000000511036.jpg,3.230980634689331
food/broccoli/000000526588.jpg,4.890579700469971
food/broccoli/000000527365.jpg,4.681275367736816
food/broccoli/000000530741.jpg,4.378311634063721
food/broccoli/000000532638.jpg,2.9999349117279053
food/broccoli/000000538844.jpg,3.338198661804199
food/broccoli/000000541450.jpg,2.917378187179565
food/broccoli/000000541816.jpg,4.138632297515869
food/broccoli/000000552503.jpg,2.4897167682647705
food/broccoli/000000555922.jpg,4.005207538604736
food/broccoli/000000558809.jpg,2.2154672145843506
food/broccoli/000000559838.jpg,3.7904372215271
food/broccoli/000000577948.jpg,2.979278087615967
food/burrito/n07880968_1068.jpg,2.3584117889404297
food/burrito/n07880968_108.jpg,3.542202472686768
food/burrito/n07880968_1135.jpg,3.236860990524292
food/burrito/n07880968_1207.jpg,2.6600241661071777
food/burrito/n07880968_1519.jpg,3.5049431324005127
food/burrito/n07880968_155.jpg,2.4346790313720703
food/burrito/n07880968_1614.jpg,3.549853801727295
food/burrito/n07880968_177.jpg,3.3910820484161377
food/burrito/n07880968_1873.jpg,2.6449928283691406
food/burrito/n07880968_190.jpg,2.843756437301636
food/burrito/n07880968_1915.jpg,2.626222610473633
food/burrito/n07880968_2001.jpg,3.566966772079468
food/burrito/n07880968_2003.jpg,2.6458404064178467
food/burrito/n07880968_2005.jpg,2.391507863998413
food/burrito/n07880968_2090.jpg,1.8908430337905884
food/burrito/n07880968_2104.jpg,3.6777596473693848
food/burrito/n07880968_2299.jpg,2.8332364559173584
food/burrito/n07880968_2355.jpg,2.1326091289520264
food/burrito/n07880968_2379.jpg,2.1709046363830566
food/burrito/n07880968_241.jpg,3.685165882110596
food/burrito/n07880968_2771.jpg,2.9983673095703125
food/burrito/n07880968_2787.jpg,3.0362260341644287
food/burrito/n07880968_2835.jpg,2.901819229125977
food/burrito/n07880968_2876.jpg,2.781201124191284
food/burrito/n07880968_2905.jpg,2.9790031909942627
food/burrito/n07880968_2921.jpg,2.877136468887329
food/burrito/n07880968_2967.jpg,3.45479679107666
food/burrito/n07880968_3005.jpg,2.497492551803589
food/burrito/n07880968_3091.jpg,2.4231441020965576
food/burrito/n07880968_3235.jpg,3.056952714920044
food/burrito/n07880968_3281.jpg,2.084541320800781
food/burrito/n07880968_335.jpg,3.4258182048797607
food/burrito/n07880968_3496.jpg,3.220221757888794
food/burrito/n07880968_3617.jpg,3.2318902015686035
food/burrito/n07880968_3686.jpg,3.232724666595459
food/burrito/n07880968_3916.jpg,2.473506450653076
food/burrito/n07880968_403.jpg,2.461944103240967
food/burrito/n07880968_4256.jpg,2.340646266937256
food/burrito/n07880968_4275.jpg,1.90891706943512
food/burrito/n07880968_4309.jpg,3.3252947330474854
food/burrito/n07880968_4332.jpg,2.9880049228668213
food/burrito/n07880968_4363.jpg,2.431873321533203
food/burrito/n07880968_4442.jpg,3.072051286697388
food/burrito/n07880968_4566.jpg,3.6233856678009033
food/burrito/n07880968_4577.jpg,5.385676860809326
food/burrito/n07880968_4603.jpg,2.1438262462615967
food/burrito/n07880968_4615.jpg,3.167375326156616
food/burrito/n07880968_4626.jpg,2.594978094100952
food/burrito/n07880968_4731.jpg,2.88567328453064
food/burrito/n07880968_516.jpg,1.854713559150696
food/burrito/n07880968_5168.jpg,3.3876869678497314
food/burrito/n07880968_5202.jpg,2.340949296951294
food/burrito/n07880968_5320.jpg,2.447277784347534
food/burrito/n07880968_5357.jpg,3.0177431106567383
food/burrito/n07880968_5396.jpg,3.2548530101776123
food/burrito/n07880968_5513.jpg,3.169757127761841
food/burrito/n07880968_553.jpg,2.407749652862549
food/burrito/n07880968_5547.jpg,3.5150089263916016
food/burrito/n07880968_5554.jpg,3.2972450256347656
food/burrito/n07880968_5785.jpg,2.3738698959350586
food/burrito/n07880968_5835.jpg,2.989220380783081
food/burrito/n07880968_5851.jpg,1.931439518928528
food/burrito/n07880968_5936.jpg,3.0472421646118164
food/burrito/n07880968_5952.jpg,2.65946364402771
food/burrito/n07880968_5955.jpg,1.7958509922027588
food/burrito/n07880968_5959.jpg,3.052891969680786
food/burrito/n07880968_6021.jpg,3.6779708862304688
food/burrito/n07880968_6026.jpg,1.885324001312256
food/burrito/n07880968_6047.jpg,5.240212440490723
food/burrito/n07880968_6178.jpg,2.022695302963257
food/burrito/n07880968_6256.jpg,3.284989356994629
food/burrito/n07880968_6269.jpg,3.08425235748291
food/burrito/n07880968_6446.jpg,3.4533708095550537
food/burrito/n07880968_6571.jpg,3.4044439792633057
food/burrito/n07880968_6786.jpg,2.584428071975708
food/burrito/n07880968_6843.jpg,3.88616156578064
food/burrito/n07880968_7029.jpg,2.6020407676696777
food/burrito/n07880968_7279.jpg,2.0708138942718506
food/burrito/n07880968_7455.jpg,3.362750768661499
food/burrito/n07880968_7480.jpg,2.994105577468872
food/burrito/n07880968_75.jpg,3.8806185722351074
food/butternut squash/n07717556_1126.jpg,3.332339286804199
food/butternut squash/n07717556_1161.jpg,2.9523398876190186
food/butternut squash/n07717556_1221.jpg,2.825284004211426
food/butternut squash/n07717556_129.jpg,2.002325773239136
food/butternut squash/n07717556_130.jpg,2.777121067047119
food/butternut squash/n07717556_1502.jpg,3.879028081893921
food/butternut squash/n07717556_156.jpg,2.299482107162476
food/butternut squash/n07717556_1608.jpg,1.3812990188598633
food/butternut squash/n07717556_1645.jpg,4.57636022567749
food/butternut squash/n07717556_1745.jpg,1.9668126106262207
food/butternut squash/n07717556_1761.jpg,2.980775117874145
food/butternut squash/n07717556_1787.jpg,3.034236192703247
food/butternut squash/n07717556_1818.jpg,3.2365827560424805
food/butternut squash/n07717556_1822.jpg,3.3905913829803467
food/butternut squash/n07717556_1981.jpg,2.479527235031128
food/butternut squash/n07717556_2038.jpg,3.799397230148315
food/butternut squash/n07717556_2401.jpg,2.685964822769165
food/butternut squash/n07717556_2408.jpg,2.051337718963623
food/butternut squash/n07717556_2584.jpg,1.6447142362594604
food/butternut squash/n07717556_2632.jpg,2.800570011138916
food/butternut squash/n07717556_2721.jpg,3.706124067306519
food/butternut squash/n07717556_2777.jpg,1.9442622661590576
food/butternut squash/n07717556_3057.jpg,3.460198402404785
food/butternut squash/n07717556_3102.jpg,3.983079671859741
food/butternut squash/n07717556_3128.jpg,2.998835802078247
food/butternut squash/n07717556_3231.jpg,2.127913475036621
food/butternut squash/n07717556_3374.jpg,2.1585588455200195
food/butternut squash/n07717556_3396.jpg,3.549832344055176
food/butternut squash/n07717556_3438.jpg,3.0169248580932617
food/butternut squash/n07717556_3502.jpg,2.0875821113586426
food/butternut squash/n07717556_3538.jpg,4.23885440826416
food/butternut squash/n07717556_361.jpg,2.89056658744812
food/butternut squash/n07717556_3650.jpg,2.2849385738372803
food/butternut squash/n07717556_3656.jpg,3.2061996459960938
food/butternut squash/n07717556_3902.jpg,2.1415483951568604
food/butternut squash/n07717556_3949.jpg,1.5480622053146362
food/butternut squash/n07717556_4146.jpg,2.192369222640991
food/butternut squash/n07717556_4167.jpg,2.505436420440674
food/butternut squash/n07717556_4175.jpg,1.5668708086013794
food/butternut squash/n07717556_4185.jpg,3.528144121170044
food/butternut squash/n07717556_4197.jpg,2.977414846420288
food/butternut squash/n07717556_4254.jpg,3.281725645065308
food/butternut squash/n07717556_427.jpg,1.7432973384857178
food/butternut squash/n07717556_4272.jpg,3.462610960006714
food/butternut squash/n07717556_431.jpg,1.901773691177368
food/butternut squash/n07717556_4346.jpg,2.6390976905822754
food/butternut squash/n07717556_442.jpg,3.012197494506836
food/butternut squash/n07717556_443.jpg,1.7960352897644043
food/butternut squash/n07717556_4501.jpg,3.269495725631714
food/butternut squash/n07717556_4558.jpg,3.909034729003906
food/butternut squash/n07717556_4579.jpg,2.3218414783477783
food/butternut squash/n07717556_4615.jpg,1.8018780946731567
food/butternut squash/n07717556_4620.jpg,3.058499574661255
food/butternut squash/n07717556_4814.jpg,1.6169838905334473
food/butternut squash/n07717556_4838.jpg,3.737534046173096
food/butternut squash/n07717556_4888.jpg,2.0534932613372803
food/butternut squash/n07717556_5341.jpg,1.6464228630065918
food/butternut squash/n07717556_5351.jpg,3.1544463634490967
food/butternut squash/n07717556_5459.jpg,3.312811374664306
food/butternut squash/n07717556_5489.jpg,2.786174774169922
food/butternut squash/n07717556_5513.jpg,3.1640570163726807
food/butternut squash/n07717556_5541.jpg,2.432058095932007
food/butternut squash/n07717556_5574.jpg,2.426496982574463
food/butternut squash/n07717556_5591.jpg,2.0149126052856445
food/butternut squash/n07717556_5720.jpg,3.1101927757263184
food/butternut squash/n07717556_5738.jpg,2.9294557571411133
food/butternut squash/n07717556_580.jpg,1.985512137413025
food/butternut squash/n07717556_5805.jpg,1.781498908996582
food/butternut squash/n07717556_5832.jpg,3.928819179534912
food/butternut squash/n07717556_60.jpg,2.329220533370972
food/butternut squash/n07717556_6558.jpg,1.9242011308670044
food/butternut squash/n07717556_6559.jpg,1.801282286643982
food/butternut squash/n07717556_6673.jpg,2.1325221061706543
food/butternut squash/n07717556_692.jpg,2.5473501682281494
food/butternut squash/n07717556_6983.jpg,1.8650578260421755
food/butternut squash/n07717556_7064.jpg,2.1264901161193848
food/butternut squash/n07717556_7101.jpg,3.049502372741699
food/butternut squash/n07717556_7129.jpg,2.142935037612915
food/butternut squash/n07717556_744.jpg,2.6157147884368896
food/butternut squash/n07717556_757.jpg,3.326657295227051
food/butternut squash/n07717556_762.jpg,4.137477874755859
food/butternut squash/n07717556_81.jpg,2.354521512985229
food/butternut squash/n07717556_834.jpg,2.014582633972168
food/butternut squash/n07717556_886.jpg,5.048331260681152
food/butternut squash/n07717556_898.jpg,1.817740082740784
food/butternut squash/n07717556_941.jpg,3.065713882446289
food/butternut squash/n07717556_957.jpg,3.272587537765503
food/cake/000000001522.jpg,2.005235433578491
food/cake/000000031812.jpg,1.8143057823181152
food/cake/000000036544.jpg,1.5807607173919678
food/cake/000000038701.jpg,1.7032506465911863
food/cake/000000039516.jpg,3.0715043544769287
food/cake/000000045558.jpg,3.566230297088623
food/cake/000000054082.jpg,2.29339337348938
food/cake/000000077467.jpg,2.1286284923553467
food/cake/000000079423.jpg,2.6830999851226807
food/cake/000000121677.jpg,2.5621728897094727
food/cake/000000125755.jpg,1.7253319025039673
food/cake/000000125979.jpg,3.4829158782958984
food/cake/000000129843.jpg,3.1873390674591064
food/cake/000000132161.jpg,3.2797796726226807
food/cake/000000134238.jpg,3.092019557952881
food/cake/000000147762.jpg,1.7597739696502686
food/cake/000000169660.jpg,1.744084119796753
food/cake/000000178022.jpg,2.074369430541992
food/cake/000000199131.jpg,2.927626132965088
food/cake/000000208825.jpg,3.2480454444885254
food/cake/000000216726.jpg,1.593267798423767
food/cake/000000225360.jpg,3.11545467376709
food/cake/000000235652.jpg,1.8815436363220213
food/cake/000000244635.jpg,1.7081032991409302
food/cake/000000271214.jpg,2.9633123874664307
food/cake/000000273658.jpg,2.687899351119995
food/cake/000000277375.jpg,3.062464952468872
food/cake/000000306047.jpg,1.5751559734344482
food/cake/000000310749.jpg,3.610534191131592
food/cake/000000318044.jpg,1.854837417602539
food/cake/000000321173.jpg,2.6591947078704834
food/cake/000000324616.jpg,2.7613770961761475
food/cake/000000340642.jpg,4.821786880493164
food/cake/000000362824.jpg,2.5171847343444824
food/cake/000000385931.jpg,2.299749851226806
food/cake/000000389608.jpg,2.7730183601379395
food/cake/000000390463.jpg,1.6952234506607056
food/cake/000000390954.jpg,2.1541593074798584
food/cake/000000390991.jpg,1.8445584774017332
food/cake/000000399382.jpg,3.4977121353149414
food/cake/000000418611.jpg,2.817608118057251
food/cake/000000424572.jpg,1.5649092197418213
food/cake/000000441182.jpg,1.9050778150558472
food/cake/000000471842.jpg,1.919944167137146
food/cake/000000487289.jpg,3.510405302047729
food/cake/000000511343.jpg,1.992589235305786
food/cake/000000525443.jpg,3.844936847686768
food/cake/000000535369.jpg,2.398065090179444
food/cake/000000564951.jpg,2.795966863632202
food/cake/n07594066_11707.jpg,5.230016231536865
food/cake/n07594066_15.jpg,3.008378744125366
food/cake/n07594066_2393.jpg,2.708587169647217
food/cake/n07594066_2861.jpg,5.484515190124512
food/cake/n07594066_3110.jpg,2.020623683929444
food/cake/n07594066_4094.jpg,2.4823193550109863
food/cake/n07594066_4626.jpg,4.069563865661621
food/cake/n07594066_4726.jpg,2.6837158203125
food/cake/n07594066_9762.jpg,2.711566925048828
food/cake/n07594066_9764.jpg,1.8089361190795896
food/cake/n07801508_10895.jpg,2.1365714073181152
food/cake/n07801508_11409.jpg,2.394376277923584
food/cake/n07801508_12087.jpg,2.313171863555908
food/cake/n07801508_12118.jpg,2.650542736053467
food/cake/n07801508_12576.jpg,3.619529485702514
food/cake/n07801508_12917.jpg,3.0623586177825928
food/cake/n07801508_13723.jpg,4.3937602043151855
food/cake/n07801508_15309.jpg,2.8743317127227783
food/cake/n07801508_15792.jpg,3.691906213760376
food/cake/n07801508_1708.jpg,2.3229148387908936
food/cake/n07801508_1807.jpg,3.457866907119751
food/cake/n07801508_1874.jpg,3.4867517948150635
food/cake/n07801508_2105.jpg,4.2118353843688965
food/cake/n07801508_3335.jpg,3.280467987060547
food/cake/n07801508_371.jpg,3.944144725799561
food/cake/n07801508_4116.jpg,3.4827122688293457
food/cake/n07801508_4232.jpg,2.5756070613861084
food/cake/n07801508_4242.jpg,2.871401786804199
food/cake/n07801508_4379.jpg,3.26784896850586
food/cake/n07801508_6862.jpg,3.819447755813599
food/cake/n07801508_7358.jpg,1.8855732679367063
food/cake/n07801508_7575.jpg,2.7597756385803223
food/cake/n07801508_7989.jpg,2.9266998767852783
food/cake/n07801508_8696.jpg,2.5726232528686523
food/cake/n07801508_890.jpg,5.23373556137085
food/cake/n07801508_897.jpg,2.7915616035461426
food/cake/n07801508_9312.jpg,3.5272622108459477
food/cake/n07801508_9626.jpg,3.341350555419922
food/champagne/n07893642_10890.jpg,1.8090587854385376
food/champagne/n07893642_11246.jpg,3.4304230213165283
food/champagne/n07893642_1155.jpg,2.4887518882751465
food/champagne/n07893642_11849.jpg,1.5387338399887085
food/champagne/n07893642_12150.jpg,2.75467586517334
food/champagne/n07893642_12155.jpg,1.775421977043152
food/champagne/n07893642_15353.jpg,1.9279881715774536
food/champagne/n07893642_15617.jpg,1.4674465656280518
food/champagne/n07893642_16335.jpg,1.694258451461792
food/champagne/n07893642_16592.jpg,2.596872329711914
food/champagne/n07893642_16798.jpg,1.8934744596481323
food/champagne/n07893642_16937.jpg,1.4107868671417236
food/champagne/n07893642_17899.jpg,2.28696346282959
food/champagne/n07893642_17982.jpg,3.633371353149414
food/champagne/n07893642_18209.jpg,3.500584840774536
food/champagne/n07893642_18392.jpg,3.2301371097564697
food/champagne/n07893642_21663.jpg,1.5727195739746094
food/champagne/n07893642_22875.jpg,2.053394556045532
food/champagne/n07893642_22957.jpg,2.111893653869629
food/champagne/n07893642_24480.jpg,1.726467490196228
food/champagne/n07893642_24926.jpg,1.9480067491531368
food/champagne/n07893642_25055.jpg,3.769588470458984
food/champagne/n07893642_25256.jpg,2.623462915420532
food/champagne/n07893642_25414.jpg,1.8565911054611208
food/champagne/n07893642_25693.jpg,2.9396369457244877
food/champagne/n07893642_26236.jpg,1.923849105834961
food/champagne/n07893642_27263.jpg,1.51436185836792
food/champagne/n07893642_27662.jpg,1.636574625968933
food/champagne/n07893642_27690.jpg,2.2551770210266118
food/champagne/n07893642_27773.jpg,3.746359586715698
food/champagne/n07893642_28192.jpg,1.7921228408813477
food/champagne/n07893642_28634.jpg,2.2878634929656982
food/champagne/n07893642_28638.jpg,2.299323558807373
food/champagne/n07893642_32906.jpg,3.4777591228485107
food/champagne/n07893642_3353.jpg,1.8215305805206297
food/champagne/n07893642_3609.jpg,1.5194002389907837
food/champagne/n07893642_3799.jpg,2.748724460601806
food/champagne/n07893642_5591.jpg,2.3681674003601074
food/champagne/n07893642_6278.jpg,1.5649274587631226
food/champagne/n07893642_7275.jpg,1.9622001647949217
food/champagne/n07893642_7459.jpg,1.6993485689163208
food/champagne/n07893642_8452.jpg,2.243807792663574
food/champagne/n07893642_8763.jpg,1.7866615056991575
food/cheese/n07850329_10070.jpg,2.225856065750122
food/cheese/n07850329_10790.jpg,3.620003700256348
food/cheese/n07850329_13013.jpg,2.531087875366211
food/cheese/n07850329_13492.jpg,3.635542154312134
food/cheese/n07850329_14077.jpg,3.793783664703369
food/cheese/n07850329_16941.jpg,3.179129123687744
food/cheese/n07850329_17467.jpg,2.596463680267334
food/cheese/n07850329_18623.jpg,1.6286964416503906
food/cheese/n07850329_18900.jpg,5.467527866363525
food/cheese/n07850329_19678.jpg,2.279370069503784
food/cheese/n07850329_20654.jpg,3.881400346755981
food/cheese/n07850329_21202.jpg,2.670385837554932
food/cheese/n07850329_21273.jpg,2.405229091644287
food/cheese/n07850329_21483.jpg,3.5737969875335693
food/cheese/n07850329_21744.jpg,1.9628849029541016
food/cheese/n07850329_21747.jpg,2.589628219604492
food/cheese/n07850329_22018.jpg,3.130812406539917
food/cheese/n07850329_22044.jpg,2.173555374145508
food/cheese/n07850329_22149.jpg,4.047442436218262
food/cheese/n07850329_22394.jpg,2.1471424102783203
food/cheese/n07850329_22578.jpg,2.9551122188568115
food/cheese/n07850329_22927.jpg,1.9556422233581543
food/cheese/n07850329_24.jpg,2.1187047958374023
food/cheese/n07850329_2424.jpg,2.0849170684814453
food/cheese/n07850329_28366.jpg,2.48720121383667
food/cheese/n07850329_2840.jpg,2.6915669441223145
food/cheese/n07850329_28834.jpg,2.209644317626953
food/cheese/n07850329_29719.jpg,4.815523624420166
food/cheese/n07850329_30046.jpg,2.7790000438690186
food/cheese/n07850329_30850.jpg,2.331019163131714
food/cheese/n07850329_32381.jpg,1.9594937562942505
food/cheese/n07850329_33683.jpg,2.4760336875915527
food/cheese/n07850329_5631.jpg,3.0272367000579834
food/cheese/n07850329_5861.jpg,2.3617312908172607
food/cheese/n07850329_8115.jpg,2.1250991821289062
food/cheese/n07850329_9140.jpg,1.732826590538025
food/cheese/n07850329_9212.jpg,2.11995267868042
food/cheese/n07850329_9287.jpg,1.8753398656845093
food/cheese/n07850329_9941.jpg,2.446331739425659
food/cocktail/n07911677_10420.jpg,1.5878243446350098
food/cocktail/n07911677_1166.jpg,2.2740557193756104
food/cocktail/n07911677_12001.jpg,2.2238552570343018
food/cocktail/n07911677_1207.jpg,2.1482057571411133
food/cocktail/n07911677_12613.jpg,2.1255791187286377
food/cocktail/n07911677_13003.jpg,2.9649343490600586
food/cocktail/n07911677_1312.jpg,1.6770496368408203
food/cocktail/n07911677_1327.jpg,1.5996702909469604
food/cocktail/n07911677_1332.jpg,1.9213171005249023
food/cocktail/n07911677_135.jpg,3.382233142852783
food/cocktail/n07911677_1377.jpg,2.4315202236175537
food/cocktail/n07911677_1384.jpg,1.6765979528427124
food/cocktail/n07911677_14638.jpg,2.900172472000122
food/cocktail/n07911677_15320.jpg,3.0342671871185303
food/cocktail/n07911677_1541.jpg,2.3446195125579834
food/cocktail/n07911677_1788.jpg,3.396914482116699
food/cocktail/n07911677_18968.jpg,2.0559427738189697
food/cocktail/n07911677_193.jpg,2.253913164138794
food/cocktail/n07911677_1988.jpg,2.3148622512817383
food/cocktail/n07911677_1996.jpg,1.6202737092971802
food/cocktail/n07911677_20226.jpg,1.8340413570404053
food/cocktail/n07911677_2270.jpg,2.2370705604553223
food/cocktail/n07911677_232.jpg,2.2049806118011475
food/cocktail/n07911677_2324.jpg,2.0237133502960205
food/cocktail/n07911677_2833.jpg,1.663502216339111
food/cocktail/n07911677_2899.jpg,1.7856876850128174
food/cocktail/n07911677_291.jpg,1.9951153993606567
food/cocktail/n07911677_339.jpg,3.0439822673797607
food/cocktail/n07911677_340.jpg,2.7624919414520264
food/cocktail/n07911677_3501.jpg,1.812215805053711
food/cocktail/n07911677_352.jpg,2.2504513263702397
food/cocktail/n07911677_3536.jpg,4.108335494995117
food/cocktail/n07911677_3628.jpg,1.7700093984603882
food/cocktail/n07911677_374.jpg,2.090749502182007
food/cocktail/n07911677_3769.jpg,1.7012287378311155
food/cocktail/n07911677_3818.jpg,2.1603312492370605
food/cocktail/n07911677_3876.jpg,1.6830686330795288
food/cocktail/n07911677_4002.jpg,1.5576549768447876
food/cocktail/n07911677_4325.jpg,2.66983962059021
food/cocktail/n07911677_4338.jpg,2.425923585891724
food/cocktail/n07911677_440.jpg,1.447756052017212
food/cocktail/n07911677_4422.jpg,2.255746603012085
food/cocktail/n07911677_4761.jpg,2.100377082824707
food/cocktail/n07911677_4769.jpg,1.6480755805969238
food/cocktail/n07911677_4843.jpg,2.4429948329925537
food/cocktail/n07911677_512.jpg,2.038707733154297
food/cocktail/n07911677_539.jpg,2.669499158859253
food/cocktail/n07911677_5425.jpg,2.6864678859710693
food/cocktail/n07911677_5488.jpg,2.3726069927215576
food/cocktail/n07911677_556.jpg,2.204491138458252
food/cocktail/n07911677_565.jpg,1.8760582208633425
food/cocktail/n07911677_573.jpg,2.7569692134857178
food/cocktail/n07911677_6036.jpg,1.7835606336593628
food/cocktail/n07911677_641.jpg,2.026935815811157
food/cocktail/n07911677_655.jpg,1.997708797454834
food/cocktail/n07911677_667.jpg,1.9775952100753784
food/cocktail/n07911677_683.jpg,1.5016825199127195
food/cocktail/n07911677_742.jpg,1.915624737739563
food/cocktail/n07911677_7695.jpg,3.11696720123291
food/cocktail/n07911677_771.jpg,2.971229076385498
food/cocktail/n07911677_777.jpg,1.5060439109802246
food/cocktail/n07911677_782.jpg,2.817845106124878
food/cocktail/n07911677_964.jpg,2.07132887840271
food/cocktail/n07911677_977.jpg,1.772213578224182
food/coffee/n07929519_31135.jpg,2.651120185852051
food/coffee/n07929519_31174.jpg,2.3208255767822266
food/coffee/n07929519_31336.jpg,2.3518288135528564
food/coffee/n07929519_31339.jpg,2.40718936920166
food/coffee/n07929519_31431.jpg,1.827331781387329
food/coffee/n07929519_31462.jpg,2.6040291786193848
food/coffee/n07929519_31477.jpg,2.6845524311065674
food/coffee/n07929519_31504.jpg,3.002368688583374
food/coffee/n07929519_31690.jpg,2.046656847000122
food/coffee/n07929519_31724.jpg,2.114476442337036
food/coffee/n07929519_31858.jpg,1.9529428482055664
food/coffee/n07929519_32188.jpg,1.9497320652008057
food/coffee/n07929519_32403.jpg,2.3213858604431152
food/coffee/n07929519_32411.jpg,2.333991765975952
food/coffee/n07929519_32468.jpg,2.0908873081207275
food/coffee/n07929519_32498.jpg,2.337090015411377
food/coffee/n07929519_32511.jpg,1.820348858833313
food/coffee/n07929519_32758.jpg,2.3239545822143555
food/coffee/n07929519_32767.jpg,2.590522050857544
food/coffee/n07929519_33050.jpg,1.9680358171463013
food/coffee/n07929519_33136.jpg,1.7693355083465576
food/coffee/n07929519_33208.jpg,2.9459187984466557
food/coffee/n07929519_33253.jpg,2.5065534114837646
food/coffee/n07929519_33340.jpg,3.670742511749268
food/coffee/n07929519_33562.jpg,1.586464524269104
food/coffee/n07929519_33773.jpg,2.0526137351989746
food/coffee/n07929519_33781.jpg,2.715369701385498
food/coffee/n07929519_33842.jpg,1.637604832649231
food/coffee/n07929519_33855.jpg,2.112515449523926
food/coffee/n07929519_33894.jpg,1.7418063879013062
food/coffee/n07929519_33953.jpg,2.199671506881714
food/coffee/n07929519_34091.jpg,1.9373070001602173
food/coffee/n07929519_34165.jpg,2.810343027114868
food/coffee/n07929519_34214.jpg,1.577752709388733
food/coffee/n07929519_34264.jpg,1.398658275604248
food/coffee/n07929519_34325.jpg,3.020012617111206
food/coffee/n07929519_34352.jpg,2.7485876083374023
food/coffee/n07929519_34383.jpg,2.324221134185791
food/coffee/n07929519_34515.jpg,1.560222864151001
food/coffee/n07929519_34585.jpg,2.292675256729126
food/coffee/n07929519_34679.jpg,1.842772841453552
food/coffee/n07929519_34761.jpg,1.8304481506347656
food/coffee/n07929519_34765.jpg,2.2567148208618164
food/coffee/n07929519_34792.jpg,2.7356204986572266
food/coffee/n07929519_34846.jpg,2.6376287937164307
food/coffee/n07929519_35111.jpg,2.5732696056365967
food/coffee/n07929519_35218.jpg,5.36808443069458
food/coffee/n07929519_35662.jpg,1.5816725492477417
food/coffee/n07929519_35665.jpg,2.2594289779663086
food/coffee/n07929519_35912.jpg,3.3039114475250244
food/coffee/n07929519_36240.jpg,2.759728193283081
food/coffee/n07929519_36740.jpg,1.962669849395752
food/coffee/n07929519_36895.jpg,2.413426399230957
food/coffee/n07929519_38128.jpg,1.5899176597595217
food/coffee/n07929519_38689.jpg,2.273273706436157
food/coffee/n07929519_38696.jpg,2.059237241744995
food/coffee/n07929519_38859.jpg,3.025000810623169
food/coffee/n07929519_38881.jpg,3.0630009174346924
food/coffee/n07929519_38887.jpg,2.349323034286499
food/coffee/n07929519_38930.jpg,3.06963849067688
food/coffee/n07929519_39003.jpg,2.2206106185913086
food/donut/000000000438.jpg,2.2679226398468018
food/donut/000000039726.jpg,3.177280902862549
food/donut/000000096046.jpg,1.8971232175827024
food/donut/000000097778.jpg,2.033941984176636
food/donut/000000099997.jpg,1.6502076387405396
food/donut/000000136929.jpg,2.236857414245605
food/donut/000000145935.jpg,2.573395252227783
food/donut/000000146601.jpg,1.3663547039031982
food/donut/000000166124.jpg,2.3637173175811768
food/donut/000000166766.jpg,1.6492048501968384
food/donut/000000168741.jpg,1.82434344291687
food/donut/000000173150.jpg,2.622478485107422
food/donut/000000177148.jpg,2.299936056137085
food/donut/000000177355.jpg,2.930011749267578
food/donut/000000184470.jpg,2.1742069721221924
food/donut/000000192457.jpg,2.038401365280152
food/donut/000000224306.jpg,1.6375027894973757
food/donut/000000228133.jpg,2.060206174850464
food/donut/000000230091.jpg,2.4042811393737797
food/donut/000000244846.jpg,1.625175952911377
food/donut/000000245540.jpg,5.682987213134766
food/donut/000000259150.jpg,1.9270049333572388
food/donut/000000263699.jpg,1.6639865636825562
food/donut/000000294264.jpg,2.66725492477417
food/donut/000000332724.jpg,1.4550825357437134
food/donut/000000341209.jpg,3.525756597518921
food/donut/000000343201.jpg,1.5752123594284058
food/donut/000000343254.jpg,1.6978344917297363
food/donut/000000364364.jpg,3.0072336196899414
food/donut/000000367571.jpg,2.3900771141052246
food/donut/000000375205.jpg,2.6007447242736816
food/donut/000000394550.jpg,1.923407793045044
food/donut/000000399516.jpg,3.943623542785645
food/donut/000000399981.jpg,2.651952743530273
food/donut/000000402658.jpg,2.730480432510376
food/donut/000000411182.jpg,2.769153594970703
food/donut/000000439537.jpg,1.95942497253418
food/donut/000000443093.jpg,2.0151236057281494
food/donut/000000445557.jpg,2.1432762145996094
food/donut/000000446303.jpg,2.2228446006774902
food/donut/000000450856.jpg,2.479928970336914
food/donut/000000458388.jpg,3.801355361938477
food/donut/000000463970.jpg,2.5302891731262207
food/donut/000000497484.jpg,1.7913060188293457
food/donut/000000498649.jpg,2.9570016860961914
food/donut/000000503227.jpg,2.142785787582397
food/donut/000000515355.jpg,2.1177477836608887
food/donut/000000533750.jpg,1.819297313690185
food/donut/000000549117.jpg,2.752607822418213
food/donut/000000554340.jpg,4.248125553131104
food/donut/000000557137.jpg,2.756154775619507
food/donut/000000566432.jpg,1.9646847248077397
food/donut/000000567982.jpg,2.2977871894836426
food/donut/000000571990.jpg,3.852842092514038
food/gravy/n07838073_10358.jpg,3.639779567718506
food/gravy/n07838073_10386.jpg,3.2801713943481445
food/gravy/n07838073_10391.jpg,2.447572469711304
food/gravy/n07838073_10593.jpg,3.189444065093994
food/gravy/n07838073_10733.jpg,3.3065783977508545
food/gravy/n07838073_10775.jpg,3.493049144744873
food/gravy/n07838073_10846.jpg,2.02742338180542
food/gravy/n07838073_11107.jpg,2.864445209503174
food/gravy/n07838073_11152.jpg,3.6768178939819336
food/gravy/n07838073_11273.jpg,3.387359380722046
food/gravy/n07838073_11347.jpg,3.7472739219665527
food/gravy/n07838073_11360.jpg,3.839350700378418
food/gravy/n07838073_11455.jpg,3.448033809661865
food/gravy/n07838073_11563.jpg,3.490272521972656
food/gravy/n07838073_11807.jpg,2.489382028579712
food/gravy/n07838073_12046.jpg,2.6197705268859863
food/gravy/n07838073_12426.jpg,3.9181740283966064
food/gravy/n07838073_12587.jpg,3.5137252807617188
food/gravy/n07838073_13124.jpg,3.289640188217163
food/gravy/n07838073_13455.jpg,2.8892576694488525
food/gravy/n07838073_13511.jpg,1.4166439771652222
food/gravy/n07838073_13543.jpg,3.351728916168213
food/gravy/n07838073_14012.jpg,3.86725664138794
food/gravy/n07838073_14364.jpg,2.618258237838745
food/gravy/n07838073_14985.jpg,1.940035462379456
food/gravy/n07838073_15091.jpg,2.064551591873169
food/gravy/n07838073_15093.jpg,2.7254292964935303
food/gravy/n07838073_15366.jpg,2.7678608894348145
food/gravy/n07838073_15408.jpg,3.2034270763397217
food/gravy/n07838073_15549.jpg,3.117806196212769
food/gravy/n07838073_15555.jpg,4.396152019500732
food/gravy/n07838073_15649.jpg,2.5096631050109863
food/gravy/n07838073_16035.jpg,3.4219419956207275
food/gravy/n07838073_16757.jpg,2.296729326248169
food/gravy/n07838073_17336.jpg,2.9411544799804688
food/gravy/n07838073_18102.jpg,3.0417075157165527
food/gravy/n07838073_18115.jpg,2.873555421829224
food/gravy/n07838073_19022.jpg,4.171304225921631
food/gravy/n07838073_19128.jpg,2.7609124183654785
food/gravy/n07838073_19280.jpg,1.7146843671798706
food/gravy/n07838073_20268.jpg,3.207669734954834
food/gravy/n07838073_20318.jpg,2.404571056365967
food/gravy/n07838073_20510.jpg,2.4539637565612797
food/gravy/n07838073_20575.jpg,1.7503787279129028
food/gravy/n07838073_21589.jpg,4.302875995635986
food/gravy/n07838073_21591.jpg,2.1652133464813232
food/gravy/n07838073_21675.jpg,3.349562644958496
food/gravy/n07838073_21902.jpg,2.2216217517852783
food/gravy/n07838073_22187.jpg,2.2254185676574707
food/gravy/n07838073_22476.jpg,3.115623712539673
food/gravy/n07838073_22701.jpg,2.0483357906341557
food/gravy/n07838073_5365.jpg,3.2627766132354736
food/gravy/n07838073_5867.jpg,3.1438162326812744
food/gravy/n07838073_5903.jpg,4.571209907531738
food/gravy/n07838073_5938.jpg,2.4951326847076416
food/gravy/n07838073_6036.jpg,2.248293161392212
food/gravy/n07838073_6708.jpg,3.2954211235046387
food/gravy/n07838073_6853.jpg,2.3218023777008057
food/gravy/n07838073_6880.jpg,3.365581750869751
food/gravy/n07838073_7085.jpg,1.8785948753356931
food/gravy/n07838073_7168.jpg,5.104067325592041
food/gravy/n07838073_7256.jpg,2.1170084476470947
food/gravy/n07838073_7422.jpg,2.2173914909362797
food/gravy/n07838073_7592.jpg,3.690489053726196
food/gravy/n07838073_7693.jpg,1.7458051443099976
food/gravy/n07838073_7705.jpg,1.9878180027008057
food/gravy/n07838073_7879.jpg,2.61097264289856
food/gravy/n07838073_7984.jpg,3.692349672317505
food/gravy/n07838073_8064.jpg,3.39741325378418
food/gravy/n07838073_8585.jpg,2.8747246265411377
food/gravy/n07838073_8665.jpg,2.844055652618408
food/gravy/n07838073_8810.jpg,1.6041171550750732
food/gravy/n07838073_9924.jpg,3.5919973850250244
food/hotdog/000000010858.jpg,2.2475392818450928
food/hotdog/000000018781.jpg,3.0750203132629395
food/hotdog/000000027534.jpg,2.9212145805358887
food/hotdog/000000032964.jpg,2.853839159011841
food/hotdog/000000034523.jpg,3.1498966217041016
food/hotdog/000000051001.jpg,2.859651803970337
food/hotdog/000000063290.jpg,2.900662660598755
food/hotdog/000000071933.jpg,2.9855051040649414
food/hotdog/000000080690.jpg,3.3598647117614746
food/hotdog/000000082449.jpg,2.6914563179016118
food/hotdog/000000082464.jpg,2.148379325866699
food/hotdog/000000083730.jpg,1.5013325214385986
food/hotdog/000000084235.jpg,3.647887706756592
food/hotdog/000000096884.jpg,2.4755873680114746
food/hotdog/000000112486.jpg,2.352943658828736
food/hotdog/000000125458.jpg,2.15679144859314
food/hotdog/000000142127.jpg,2.3177812099456787
food/hotdog/000000146929.jpg,2.816335201263428
food/hotdog/000000148343.jpg,1.8053405284881592
food/hotdog/000000154912.jpg,2.055063247680664
food/hotdog/000000182496.jpg,2.70610785484314
food/hotdog/000000183893.jpg,2.937651395797729
food/hotdog/000000185248.jpg,2.805153608322144
food/hotdog/000000185614.jpg,2.2955574989318848
food/hotdog/000000187959.jpg,3.880734443664551
food/hotdog/000000200272.jpg,3.813087463378906
food/hotdog/000000215565.jpg,2.9511194229125977
food/hotdog/000000250498.jpg,3.1698758602142334
food/hotdog/000000252198.jpg,1.813456892967224
food/hotdog/000000256662.jpg,2.1444292068481445
food/hotdog/000000262552.jpg,2.720987558364868
food/hotdog/000000276740.jpg,2.548097610473633
food/hotdog/000000280721.jpg,2.356797218322754
food/hotdog/000000308806.jpg,3.9460060596466064
food/hotdog/000000323460.jpg,2.6968817710876465
food/hotdog/000000336320.jpg,2.6754329204559326
food/hotdog/000000339295.jpg,1.7081401348114014
food/hotdog/000000350475.jpg,3.085028886795044
food/hotdog/000000384740.jpg,2.565516948699951
food/hotdog/000000388983.jpg,2.896458864212036
food/hotdog/000000421639.jpg,2.711961030960083
food/hotdog/000000429293.jpg,2.5318167209625244
food/hotdog/000000437923.jpg,2.7142252922058105
food/hotdog/000000439602.jpg,3.2050960063934326
food/hotdog/000000445960.jpg,2.507800340652466
food/hotdog/000000455255.jpg,2.8648600578308105
food/hotdog/000000465200.jpg,3.324211835861206
food/hotdog/000000522817.jpg,2.92480731010437
food/hotdog/000000523211.jpg,1.9185441732406616
food/hotdog/000000536403.jpg,2.761366367340088
food/hotdog/000000540626.jpg,3.060790538787842
food/hotdog/000000541635.jpg,1.9021979570388796
food/hotdog/000000545930.jpg,2.7697346210479736
food/hotdog/000000557186.jpg,3.979981422424317
food/hotdog/000000559695.jpg,1.387104630470276
food/hotdog/000000561613.jpg,2.6367604732513428
food/hotdog/000000565220.jpg,3.436274290084839
food/hotdog/000000580685.jpg,2.8927478790283203
food/hotdog/n07697537_10780.jpg,2.5094778537750244
food/hotdog/n07697537_11470.jpg,2.5275204181671143
food/hotdog/n07697537_15088.jpg,2.4253432750701904
food/hotdog/n07697537_15718.jpg,3.246246099472046
food/hotdog/n07697537_18186.jpg,2.3628861904144287
food/hotdog/n07697537_19908.jpg,1.8516355752944944
food/hotdog/n07697537_20135.jpg,4.199685573577881
food/hotdog/n07697537_21728.jpg,3.3225369453430176
food/hotdog/n07697537_21976.jpg,1.9926233291625977
food/hotdog/n07697537_22000.jpg,2.127452850341797
food/hotdog/n07697537_25380.jpg,3.591608047485352
food/hotdog/n07697537_26124.jpg,3.0550787448883057
food/hotdog/n07697537_27890.jpg,2.4798424243927
food/hotdog/n07697537_29834.jpg,2.4900221824646
food/hotdog/n07697537_33979.jpg,3.52437162399292
food/hotdog/n07697537_3947.jpg,2.817081928253174
food/hotdog/n07697537_4696.jpg,2.7598226070404053
food/hotdog/n07697537_4956.jpg,3.742746114730835
food/hotdog/n07697537_5690.jpg,3.141622304916382
food/hotdog/n07697537_5782.jpg,3.790966749191284
food/hotdog/n07697537_7872.jpg,2.3796463012695312
food/hotdog/n07697537_8410.jpg,1.9428486824035645
food/hotdog/n07697537_8708.jpg,3.1136515140533447
food/hotdog/n07697537_8906.jpg,3.2832722663879395
food/juice/n07923748_10258.jpg,1.813095211982727
food/juice/n07923748_11512.jpg,2.478411912918091
food/juice/n07923748_1195.jpg,2.7955527305603027
food/juice/n07923748_1310.jpg,2.2403669357299805
food/juice/n07923748_13164.jpg,1.5386031866073608
food/juice/n07923748_13369.jpg,1.8788081407547
food/juice/n07923748_1476.jpg,1.575660228729248
food/juice/n07923748_14810.jpg,2.355067729949951
food/juice/n07923748_15127.jpg,2.7487807273864746
food/juice/n07923748_1538.jpg,4.126560688018799
food/juice/n07923748_15637.jpg,2.2320730686187744
food/juice/n07923748_16185.jpg,2.582669258117676
food/juice/n07923748_1712.jpg,1.59809672832489
food/juice/n07923748_17150.jpg,1.8541642427444456
food/juice/n07923748_17463.jpg,1.8153507709503172
food/juice/n07923748_17594.jpg,2.9172372817993164
food/juice/n07923748_18139.jpg,2.012708902359009
food/juice/n07923748_18146.jpg,2.398501396179199
food/juice/n07923748_1856.jpg,2.15582013130188
food/juice/n07923748_18786.jpg,1.5286022424697876
food/juice/n07923748_19364.jpg,1.8230061531066892
food/juice/n07923748_19625.jpg,1.9076848030090328
food/juice/n07923748_1966.jpg,3.0009636878967285
food/juice/n07923748_20605.jpg,2.0202765464782715
food/juice/n07923748_2109.jpg,1.6414978504180908
food/juice/n07923748_23325.jpg,1.7298654317855835
food/juice/n07923748_25449.jpg,1.841718077659607
food/juice/n07923748_2669.jpg,3.4206135272979736
food/juice/n07923748_4049.jpg,1.7733712196350098
food/juice/n07923748_4376.jpg,2.693354606628418
food/juice/n07923748_467.jpg,2.5631611347198486
food/juice/n07923748_4867.jpg,1.8791654109954836
food/juice/n07923748_5085.jpg,1.6809141635894775
food/juice/n07923748_5150.jpg,1.5691839456558228
food/juice/n07923748_5733.jpg,2.086819887161255
food/juice/n07923748_712.jpg,2.272215843200684
food/juice/n07923748_7187.jpg,2.9400267601013184
food/juice/n07923748_8732.jpg,2.1211068630218506
food/juice/n07923748_8898.jpg,1.631817102432251
food/mashed potato/n07711569_11.jpg,2.8985304832458496
food/mashed potato/n07711569_1189.jpg,2.2533717155456543
food/mashed potato/n07711569_1286.jpg,3.149867057800293
food/mashed potato/n07711569_1295.jpg,4.090930461883545
food/mashed potato/n07711569_1302.jpg,3.984855175018311
food/mashed potato/n07711569_1385.jpg,3.620671272277832
food/mashed potato/n07711569_1453.jpg,4.727743148803711
food/mashed potato/n07711569_1464.jpg,3.22151517868042
food/mashed potato/n07711569_1475.jpg,1.6841821670532229
food/mashed potato/n07711569_1507.jpg,3.378634214401245
food/mashed potato/n07711569_153.jpg,3.960400104522705
food/mashed potato/n07711569_1564.jpg,1.8912676572799685
food/mashed potato/n07711569_1651.jpg,3.472588539123535
food/mashed potato/n07711569_1696.jpg,3.214669704437256
food/mashed potato/n07711569_1768.jpg,3.3394930362701416
food/mashed potato/n07711569_1815.jpg,4.910658359527588
food/mashed potato/n07711569_1823.jpg,4.613564968109131
food/mashed potato/n07711569_1927.jpg,4.561107635498047
food/mashed potato/n07711569_2066.jpg,3.1650547981262207
food/mashed potato/n07711569_2126.jpg,3.939774751663208
food/mashed potato/n07711569_2131.jpg,2.9603607654571533
food/mashed potato/n07711569_2182.jpg,3.177158832550049
food/mashed potato/n07711569_2201.jpg,4.179058074951172
food/mashed potato/n07711569_2228.jpg,2.342259407043457
food/mashed potato/n07711569_2294.jpg,3.6547718048095694
food/mashed potato/n07711569_2344.jpg,3.555730104446411
food/mashed potato/n07711569_2355.jpg,4.16569709777832
food/mashed potato/n07711569_2495.jpg,4.257686138153076
food/mashed potato/n07711569_2660.jpg,3.2223477363586426
food/mashed potato/n07711569_2761.jpg,6.078363418579102
food/mashed potato/n07711569_2912.jpg,3.204782009124756
food/mashed potato/n07711569_3026.jpg,3.0347933769226074
food/mashed potato/n07711569_3103.jpg,5.167567253112793
food/mashed potato/n07711569_3118.jpg,2.398675441741944
food/mashed potato/n07711569_3147.jpg,4.666985034942627
food/mashed potato/n07711569_3154.jpg,4.579437732696533
food/mashed potato/n07711569_3180.jpg,2.692613124847412
food/mashed potato/n07711569_3317.jpg,4.396498203277588
food/mashed potato/n07711569_3474.jpg,2.877814769744873
food/mashed potato/n07711569_3479.jpg,5.944924354553223
food/mashed potato/n07711569_3492.jpg,4.325484752655029
food/mashed potato/n07711569_3528.jpg,2.485661268234253
food/mashed potato/n07711569_3584.jpg,3.1904296875
food/mashed potato/n07711569_3733.jpg,3.801249027252197
food/mashed potato/n07711569_3848.jpg,2.530393123626709
food/mashed potato/n07711569_398.jpg,2.186274528503418
food/mashed potato/n07711569_4029.jpg,4.018312454223633
food/mashed potato/n07711569_4097.jpg,3.5830342769622803
food/mashed potato/n07711569_4129.jpg,3.533904552459717
food/mashed potato/n07711569_417.jpg,3.541003942489624
food/mashed potato/n07711569_4194.jpg,3.5155506134033203
food/mashed potato/n07711569_4200.jpg,2.355087280273437
food/mashed potato/n07711569_4270.jpg,2.4186055660247803
food/mashed potato/n07711569_4345.jpg,3.129926919937134
food/mashed potato/n07711569_4347.jpg,2.6668851375579834
food/mashed potato/n07711569_435.jpg,3.6878159046173096
food/mashed potato/n07711569_4588.jpg,5.268272876739502
food/mashed potato/n07711569_4658.jpg,3.454444646835327
food/mashed potato/n07711569_4665.jpg,3.2747628688812256
food/mashed potato/n07711569_4810.jpg,3.203897714614868
food/mashed potato/n07711569_4905.jpg,5.104701042175293
food/mashed potato/n07711569_5007.jpg,3.966265201568604
food/mashed potato/n07711569_5276.jpg,3.4811623096466064
food/mashed potato/n07711569_533.jpg,3.5144476890563965
food/mashed potato/n07711569_5361.jpg,5.17549991607666
food/mashed potato/n07711569_5370.jpg,4.384389400482178
food/mashed potato/n07711569_5408.jpg,4.19861364364624
food/mashed potato/n07711569_5492.jpg,3.412860155105591
food/mashed potato/n07711569_5526.jpg,3.774614095687866
food/mashed potato/n07711569_5653.jpg,4.008833408355713
food/mashed potato/n07711569_5820.jpg,2.1694791316986084
food/mashed potato/n07711569_5853.jpg,4.623260021209717
food/mashed potato/n07711569_592.jpg,3.8740580081939697
food/mashed potato/n07711569_5920.jpg,4.018711090087891
food/mashed potato/n07711569_5955.jpg,3.181950807571411
food/mashed potato/n07711569_5967.jpg,3.913641214370728
food/mashed potato/n07711569_6001.jpg,3.909426212310791
food/mashed potato/n07711569_6019.jpg,2.884238243103028
food/mashed potato/n07711569_6094.jpg,5.102998733520508
food/mashed potato/n07711569_6272.jpg,3.044319868087769
food/mashed potato/n07711569_7257.jpg,2.981321334838867
food/mashed potato/n07711569_773.jpg,3.099871635437012
food/mashed potato/n07711569_815.jpg,2.819869041442871
food/mashed potato/n07711569_865.jpg,4.593955993652344
food/mashed potato/n07711569_963.jpg,2.902226686477661
food/muffin/n07690273_20083.jpg,1.720596194267273
food/muffin/n07690273_20233.jpg,2.4018876552581787
food/muffin/n07690273_20283.jpg,2.7057912349700928
food/muffin/n07690273_20318.jpg,2.3356330394744877
food/muffin/n07690273_20374.jpg,3.4547901153564453
food/muffin/n07690273_20605.jpg,3.773353815078736
food/muffin/n07690273_20791.jpg,3.008195161819458
food/muffin/n07690273_20834.jpg,4.103218078613281
food/muffin/n07690273_20901.jpg,4.112095832824707
food/muffin/n07690273_20912.jpg,3.3439271450042725
food/muffin/n07690273_20919.jpg,2.026954174041748
food/muffin/n07690273_20948.jpg,3.790968656539917
food/muffin/n07690273_21073.jpg,4.198498725891113
food/muffin/n07690273_21128.jpg,1.5686795711517334
food/muffin/n07690273_21275.jpg,2.355776309967041
food/muffin/n07690273_21366.jpg,3.0215539932250977
food/muffin/n07690273_21379.jpg,3.506230115890503
food/muffin/n07690273_21386.jpg,2.8401079177856445
food/muffin/n07690273_21583.jpg,3.0024893283843994
food/muffin/n07690273_21643.jpg,4.9124436378479
food/muffin/n07690273_21696.jpg,2.2652244567871094
food/muffin/n07690273_21839.jpg,2.775242567062378
food/muffin/n07690273_22075.jpg,2.1032755374908447
food/muffin/n07690273_22081.jpg,3.253640651702881
food/muffin/n07690273_22090.jpg,2.4230730533599854
food/muffin/n07690273_22127.jpg,2.7689225673675537
food/muffin/n07690273_22163.jpg,2.6514241695404053
food/muffin/n07690273_22164.jpg,2.992296934127808
food/muffin/n07690273_22169.jpg,2.047770500183105
food/muffin/n07690273_22243.jpg,2.186243772506714
food/muffin/n07690273_22317.jpg,3.340402603149414
food/muffin/n07690273_22336.jpg,1.412799596786499
food/muffin/n07690273_23060.jpg,3.20584487915039
food/muffin/n07690273_23101.jpg,2.378300905227661
food/muffin/n07690273_23470.jpg,4.492476940155029
food/muffin/n07690273_23539.jpg,4.708208560943604
food/muffin/n07690273_23601.jpg,2.737082004547119
food/muffin/n07690273_23751.jpg,3.568164825439453
food/muffin/n07690273_23872.jpg,3.199427843093872
food/muffin/n07690273_24801.jpg,3.7810325622558594
food/muffin/n07690273_26229.jpg,1.7618136405944824
food/muffin/n07690273_26458.jpg,3.841232299804688
food/muffin/n07690273_26876.jpg,5.0866780281066895
food/muffin/n07690273_26972.jpg,3.5550553798675537
food/muffin/n07690273_27061.jpg,5.037477016448975
food/muffin/n07690273_27063.jpg,2.4069769382476807
food/muffin/n07690273_27225.jpg,3.05720591545105
food/muffin/n07690273_27401.jpg,3.55371356010437
food/muffin/n07690273_27492.jpg,3.2210283279418945
food/muffin/n07690273_27508.jpg,2.910041570663452
food/muffin/n07690273_27648.jpg,3.1333463191986084
food/orange/000000010196.jpg,3.559363603591919
food/orange/000000012902.jpg,2.455937385559082
food/orange/000000038134.jpg,3.383422374725342
food/orange/000000047907.jpg,2.172088146209717
food/orange/000000078477.jpg,2.8543589115142822
food/orange/000000106379.jpg,2.862445116043091
food/orange/000000127028.jpg,2.404627561569214
food/orange/000000141166.jpg,3.1280672550201416
food/orange/000000144430.jpg,2.3048689365386963
food/orange/000000154167.jpg,4.785154819488525
food/orange/000000156128.jpg,3.7350900173187256
food/orange/000000161705.jpg,3.754854679107666
food/orange/000000176271.jpg,3.457888126373291
food/orange/000000192692.jpg,3.395374059677124
food/orange/000000219523.jpg,1.556315302848816
food/orange/000000230152.jpg,3.651369571685791
food/orange/000000233366.jpg,3.218904733657837
food/orange/000000254197.jpg,3.176833152770996
food/orange/000000254882.jpg,1.7033153772354126
food/orange/000000255194.jpg,4.062221050262451
food/orange/000000293254.jpg,1.7542059421539309
food/orange/000000379401.jpg,3.1296184062957764
food/orange/000000386834.jpg,1.9336704015731807
food/orange/000000388616.jpg,3.205803871154785
food/orange/000000389152.jpg,2.266556739807129
food/orange/000000428502.jpg,3.0555360317230225
food/orange/000000443320.jpg,3.2369277477264404
food/orange/000000449467.jpg,3.575712919235229
food/orange/000000457050.jpg,3.828148603439331
food/orange/000000468623.jpg,2.513333797454834
food/orange/000000518954.jpg,2.369187355041504
food/orange/000000521352.jpg,3.7692079544067374
food/orange/000000546088.jpg,3.8739612102508554
food/orange/000000554486.jpg,3.010562896728516
food/orange/000000564573.jpg,1.827182054519653
food/pasta/n07863374_15483.jpg,2.459219455718994
food/pasta/n07863374_15504.jpg,2.126110315322876
food/pasta/n07863374_15512.jpg,3.4071831703186035
food/pasta/n07863374_15528.jpg,3.416303873062134
food/pasta/n07863374_15554.jpg,3.478076934814453
food/pasta/n07863374_15612.jpg,4.661126613616943
food/pasta/n07863374_15623.jpg,4.103860855102539
food/pasta/n07863374_15634.jpg,2.509772300720215
food/pasta/n07863374_15708.jpg,3.6056721210479736
food/pasta/n07863374_15763.jpg,2.7482759952545166
food/pasta/n07863374_15968.jpg,3.240329504013061
food/pasta/n07863374_16043.jpg,3.2786145210266118
food/pasta/n07863374_16116.jpg,2.334477186203003
food/pasta/n07863374_16147.jpg,3.560492038726806
food/pasta/n07863374_16163.jpg,3.55440092086792
food/pasta/n07863374_16261.jpg,3.610440969467163
food/pasta/n07863374_16340.jpg,2.8250861167907715
food/pasta/n07863374_16510.jpg,3.187070846557617
food/pasta/n07863374_16548.jpg,4.889808177947998
food/pasta/n07863374_16616.jpg,3.749516725540161
food/pasta/n07863374_16698.jpg,4.034115314483643
food/pasta/n07863374_16722.jpg,3.1256585121154785
food/pasta/n07863374_16753.jpg,3.419116973876953
food/pasta/n07863374_16763.jpg,3.175417184829712
food/pasta/n07863374_16766.jpg,3.263683795928955
food/pasta/n07863374_16769.jpg,2.311048984527588
food/pasta/n07863374_16789.jpg,3.253817558288574
food/pasta/n07863374_16980.jpg,3.33809232711792
food/pasta/n07863374_16986.jpg,4.814690589904785
food/pasta/n07863374_17183.jpg,3.123090982437134
food/pasta/n07863374_17226.jpg,4.0653886795043945
food/pasta/n07863374_17242.jpg,3.783074140548706
food/pasta/n07863374_17253.jpg,2.421992778778076
food/pasta/n07863374_17319.jpg,3.35144567489624
food/pasta/n07863374_17383.jpg,2.534379482269287
food/pasta/n07863374_17596.jpg,2.905759811401367
food/pasta/n07863374_17605.jpg,3.2590248584747314
food/pasta/n07863374_17629.jpg,5.345497131347656
food/pasta/n07863374_17641.jpg,2.890437364578247
food/pasta/n07863374_17652.jpg,3.6308536529541016
food/pasta/n07863374_17659.jpg,4.176793098449707
food/pasta/n07863374_17687.jpg,3.08679723739624
food/pasta/n07863374_17828.jpg,2.644479751586914
food/pasta/n07863374_17831.jpg,4.779510974884033
food/pasta/n07863374_17947.jpg,4.086610317230225
food/pasta/n07863374_17966.jpg,2.996846437454224
food/pasta/n07863374_17993.jpg,3.673351526260376
food/pasta/n07863374_18015.jpg,4.582724094390869
food/pasta/n07863374_18025.jpg,2.717362403869629
food/pasta/n07863374_18032.jpg,3.861632823944092
food/pasta/n07863374_18075.jpg,2.509285449981689
food/pasta/n07863374_18119.jpg,3.3968775272369385
food/pasta/n07863374_18176.jpg,2.613499402999878
food/pasta/n07863374_18210.jpg,2.553040742874145
food/pasta/n07863374_18230.jpg,3.8487179279327393
food/pasta/n07863374_18237.jpg,2.7847113609313965
food/pasta/n07863374_18243.jpg,2.440914392471313
food/pasta/n07863374_18251.jpg,2.351508617401123
food/pasta/n07863374_18258.jpg,3.5617473125457764
food/pasta/n07863374_18268.jpg,2.817913055419922
food/pasta/n07863374_18299.jpg,2.281141996383667
food/pasta/n07863374_18302.jpg,3.8709442615509033
food/pasta/n07863374_18310.jpg,3.2846195697784424
food/pasta/n07863374_18322.jpg,3.735312223434448
food/pasta/n07863374_18341.jpg,2.4852473735809326
food/pasta/n07863374_18346.jpg,2.8603148460388184
food/pasta/n07863374_18377.jpg,3.852032423019409
food/pasta/n07863374_18390.jpg,1.8560147285461424
food/pasta/n07863374_18396.jpg,2.78458309173584
food/pasta/n07863374_18430.jpg,3.8506054878234863
food/pasta/n07863374_18632.jpg,3.444132804870605
food/pasta/n07863374_18636.jpg,3.53848934173584
food/pasta/n07863374_18711.jpg,4.236841678619385
food/pasta/n07863374_18813.jpg,3.5331273078918457
food/pasta/n07863374_18875.jpg,3.42996597290039
food/pasta/n07863374_18919.jpg,3.894923448562622
food/pasta/n07863374_19201.jpg,2.329371452331543
food/pasta/n07863374_19246.jpg,3.2576935291290283
food/pasta/n07863374_19267.jpg,3.6750664710998535
food/pasta/n07863374_19495.jpg,3.712203979492188
food/pasta/n07863374_20803.jpg,3.2418484687805176
food/pasta/n07863374_21251.jpg,3.1031994819641118
food/pizza/000000019959.jpg,3.432048797607422
food/pizza/000000025951.jpg,2.8581764698028564
food/pizza/000000029356.jpg,2.6766085624694824
food/pizza/000000036166.jpg,1.86681604385376
food/pizza/000000036324.jpg,1.7748574018478394
food/pizza/000000039758.jpg,2.5511069297790527
food/pizza/000000050422.jpg,2.309962034225464
food/pizza/000000051525.jpg,2.69778823852539
food/pizza/000000056266.jpg,2.413177967071533
food/pizza/000000061502.jpg,3.520784854888916
food/pizza/000000080948.jpg,1.596219539642334
food/pizza/000000083619.jpg,2.9783432483673096
food/pizza/000000086725.jpg,2.1291074752807617
food/pizza/000000088173.jpg,3.178637981414795
food/pizza/000000091979.jpg,2.117006301879883
food/pizza/000000095292.jpg,2.806891679763794
food/pizza/000000102978.jpg,2.958808183670044
food/pizza/000000113962.jpg,3.3935041427612305
food/pizza/000000115241.jpg,2.92199444770813
food/pizza/000000117105.jpg,3.634655475616455
food/pizza/000000135694.jpg,1.4626344442367554
food/pizza/000000150080.jpg,3.290665864944458
food/pizza/000000167647.jpg,2.347194194793701
food/pizza/000000168366.jpg,1.7264578342437744
food/pizza/000000174091.jpg,3.6790013313293457
food/pizza/000000179896.jpg,2.5778822898864746
food/pizza/000000182366.jpg,1.3946195840835571
food/pizza/000000197551.jpg,1.8799113035202024
food/pizza/000000207151.jpg,2.743630170822144
food/pizza/000000209918.jpg,2.7731564044952397
food/pizza/000000214927.jpg,2.821955919265747
food/pizza/000000220399.jpg,2.377999782562256
food/pizza/000000220743.jpg,2.4689764976501465
food/pizza/000000220948.jpg,2.8978793621063232
food/pizza/000000232718.jpg,4.293624877929688
food/pizza/000000240608.jpg,2.306453227996826
food/pizza/000000240960.jpg,2.952416181564331
food/pizza/000000243127.jpg,2.925628423690796
food/pizza/000000253395.jpg,1.7358403205871582
food/pizza/000000255448.jpg,2.2812705039978027
food/pizza/000000259491.jpg,1.8272182941436768
food/pizza/000000264017.jpg,2.2866909503936768
food/pizza/000000265915.jpg,1.577300190925598
food/pizza/000000267146.jpg,2.3903372287750244
food/pizza/000000271283.jpg,2.6325771808624268
food/pizza/000000275611.jpg,2.4844858646392822
food/pizza/000000278449.jpg,1.9415124654769895
food/pizza/000000282143.jpg,3.41272497177124
food/pizza/000000289507.jpg,3.732316017150879
food/pizza/000000313148.jpg,3.0082931518554688
food/pizza/000000314755.jpg,1.918817400932312
food/pizza/000000321324.jpg,5.167393207550049
food/pizza/000000325517.jpg,2.717585802078247
food/pizza/000000330513.jpg,1.9205021858215328
food/pizza/000000338289.jpg,3.827116250991821
food/pizza/000000340420.jpg,1.5335179567337036
food/pizza/000000358297.jpg,2.964085817337036
food/pizza/000000359081.jpg,3.0546655654907227
food/pizza/000000361909.jpg,3.1872808933258057
food/pizza/000000362737.jpg,2.1842916011810303
food/pizza/000000363880.jpg,1.7848411798477173
food/pizza/000000369584.jpg,1.4562742710113523
food/pizza/000000378950.jpg,2.9151628017425537
food/pizza/000000385873.jpg,1.5813453197479248
food/pizza/000000405314.jpg,1.353384256362915
food/pizza/000000419334.jpg,2.0650291442871094
food/pizza/000000433792.jpg,1.7689963579177856
food/pizza/000000437810.jpg,3.269485712051392
food/pizza/000000437948.jpg,2.634361743927002
food/pizza/000000453895.jpg,2.274211168289185
food/pizza/000000472164.jpg,2.463653326034546
food/pizza/000000484446.jpg,2.6979634761810303
food/pizza/000000489374.jpg,1.7265048027038574
food/pizza/000000493911.jpg,3.0067451000213623
food/pizza/000000505062.jpg,2.523526906967163
food/pizza/000000514544.jpg,2.4789884090423584
food/pizza/000000519626.jpg,2.8801848888397217
food/pizza/000000522703.jpg,1.956224799156189
food/pizza/000000536996.jpg,3.125887632369995
food/pizza/000000538368.jpg,2.272246599197388
food/pizza/000000542713.jpg,2.1384365558624268
food/pizza/000000569223.jpg,2.077711582183838
food/pizza/000000571287.jpg,4.239741802215576
food/pizza/000000577221.jpg,2.189779758453369
food/salad/n07806221_21269.jpg,3.002238273620605
food/salad/n07806221_21271.jpg,3.69801664352417
food/salad/n07806221_21590.jpg,3.343158006668091
food/salad/n07806221_21594.jpg,3.764104843139648
food/salad/n07806221_21827.jpg,3.592315435409546
food/salad/n07806221_21906.jpg,3.30258846282959
food/salad/n07806221_21960.jpg,3.7858498096466064
food/salad/n07806221_22135.jpg,3.1212430000305176
food/salad/n07806221_22340.jpg,2.35221529006958
food/salad/n07806221_22396.jpg,4.385367393493652
food/salad/n07806221_22415.jpg,4.189799785614014
food/salad/n07806221_22446.jpg,3.7104685306549072
food/salad/n07806221_22557.jpg,3.879189968109131
food/salad/n07806221_22661.jpg,3.702139854431152
food/salad/n07806221_22671.jpg,3.5590591430664062
food/salad/n07806221_22726.jpg,4.075430393218994
food/salad/n07806221_22775.jpg,3.586538791656494
food/salad/n07806221_22898.jpg,3.757599115371704
food/salad/n07806221_22956.jpg,3.0231404304504395
food/salad/n07806221_22971.jpg,3.924929141998291
food/salad/n07806221_23095.jpg,3.298785448074341
food/salad/n07806221_23145.jpg,2.7510218620300293
food/salad/n07806221_23188.jpg,3.1785829067230225
food/salad/n07806221_23271.jpg,3.372565746307373
food/salad/n07806221_23282.jpg,2.458524703979492
food/salad/n07806221_23330.jpg,3.364497661590576
food/salad/n07806221_23337.jpg,3.05098032951355
food/salad/n07806221_23341.jpg,3.659421443939209
food/salad/n07806221_23464.jpg,3.252453327178955
food/salad/n07806221_23535.jpg,3.09775185585022
food/salad/n07806221_23555.jpg,3.249781370162964
food/salad/n07806221_23608.jpg,4.026378631591797
food/salad/n07806221_23687.jpg,2.8655190467834477
food/salad/n07806221_23732.jpg,3.4561920166015625
food/salad/n07806221_23757.jpg,3.4017062187194824
food/salad/n07806221_23800.jpg,3.392939329147339
food/salad/n07806221_23808.jpg,2.477252721786499
food/salad/n07806221_23904.jpg,4.368725776672363
food/salad/n07806221_23908.jpg,2.531986713409424
food/salad/n07806221_23914.jpg,2.634868860244751
food/salad/n07806221_23919.jpg,3.4683125019073486
food/salad/n07806221_23982.jpg,3.069701194763184
food/salad/n07806221_23994.jpg,2.329256296157837
food/salad/n07806221_24014.jpg,3.5224146842956543
food/salad/n07806221_24051.jpg,3.2452938556671143
food/salad/n07806221_24082.jpg,3.7862162590026855
food/salad/n07806221_24095.jpg,3.306862592697144
food/salad/n07806221_24121.jpg,3.4186947345733643
food/salad/n07806221_24147.jpg,4.44234561920166
food/salad/n07806221_24174.jpg,3.695892572402954
food/salad/n07806221_24198.jpg,2.9025089740753174
food/salad/n07806221_24282.jpg,2.766648530960083
food/salad/n07806221_24286.jpg,3.133894443511963
food/salad/n07806221_24332.jpg,2.7388126850128174
food/salad/n07806221_24336.jpg,2.919103145599365
food/salad/n07806221_24385.jpg,3.502666473388672
food/salad/n07806221_24428.jpg,3.292286872863769
food/salad/n07806221_24479.jpg,2.677548408508301
food/salad/n07806221_24516.jpg,3.338292121887207
food/salad/n07806221_24521.jpg,3.387054204940796
food/salad/n07806221_24525.jpg,2.3190948963165283
food/salad/n07806221_24585.jpg,4.334282398223877
food/salad/n07806221_24612.jpg,4.239828586578369
food/salad/n07806221_24625.jpg,3.981632232666016
food/salad/n07806221_24627.jpg,3.4442381858825684
food/salad/n07806221_24656.jpg,3.286726951599121
food/salad/n07806221_24658.jpg,3.465641021728516
food/salad/n07806221_24706.jpg,3.4218995571136475
food/salad/n07806221_24716.jpg,3.135357618331909
food/salad/n07806221_24749.jpg,4.016100883483887
food/salad/n07806221_24916.jpg,3.872685670852661
food/salad/n07806221_24954.jpg,2.305633306503296
food/salad/n07806221_25004.jpg,2.0779919624328613
food/salad/n07806221_25141.jpg,4.459521770477295
food/salad/n07806221_25185.jpg,2.8641180992126465
food/salad/n07806221_25357.jpg,2.864927291870117
food/salad/n07806221_25360.jpg,2.7109553813934326
food/salad/n07806221_25416.jpg,3.926660299301148
food/salad/n07806221_25666.jpg,3.93356990814209
food/salad/n07806221_25861.jpg,4.666638374328613
food/salad/n07806221_28549.jpg,2.841865301132202
food/salad/n07806221_29779.jpg,3.5421624183654785
food/salad/n07806221_30990.jpg,4.081107139587402
food/salad/n07806221_32825.jpg,3.288987159729004
food/salad/n07806221_33514.jpg,2.187475681304932
food/salad/n07806221_33538.jpg,3.7512500286102295
food/salad/n07806221_33544.jpg,3.2204105854034424
food/sandwich/000000019579.jpg,2.521510362625122
food/sandwich/000000028320.jpg,2.321875810623169
food/sandwich/000000033633.jpg,2.201436758041382
food/sandwich/000000043944.jpg,2.344165802001953
food/sandwich/000000049248.jpg,3.331793546676636
food/sandwich/000000051174.jpg,3.808714628219605
food/sandwich/000000055458.jpg,3.371201992034912
food/sandwich/000000063485.jpg,2.4219725131988525
food/sandwich/000000076307.jpg,2.781489849090576
food/sandwich/000000090830.jpg,2.64099383354187
food/sandwich/000000110697.jpg,2.862631559371948
food/sandwich/000000114060.jpg,2.2949767112731934
food/sandwich/000000116572.jpg,2.4626989364624023
food/sandwich/000000119195.jpg,2.112521886825561
food/sandwich/000000122097.jpg,2.301802396774292
food/sandwich/000000122352.jpg,2.9159576892852783
food/sandwich/000000163589.jpg,2.341147899627685
food/sandwich/000000167180.jpg,2.3383500576019287
food/sandwich/000000168522.jpg,2.034090518951416
food/sandwich/000000191994.jpg,2.389852523803711
food/sandwich/000000203601.jpg,2.0526225566864014
food/sandwich/000000220471.jpg,2.424325942993164
food/sandwich/000000220864.jpg,2.5273654460906982
food/sandwich/000000263515.jpg,2.85171890258789
food/sandwich/000000265329.jpg,4.611544132232666
food/sandwich/000000274203.jpg,2.856361150741577
food/sandwich/000000305082.jpg,2.842352390289306
food/sandwich/000000310459.jpg,2.614409208297729
food/sandwich/000000323370.jpg,2.2719621658325195
food/sandwich/000000323734.jpg,2.819782018661499
food/sandwich/000000333323.jpg,2.30891489982605
food/sandwich/000000365880.jpg,2.1348164081573486
food/sandwich/000000369331.jpg,2.905332326889038
food/sandwich/000000374451.jpg,3.3488755226135254
food/sandwich/000000379285.jpg,1.8504379987716677
food/sandwich/000000398924.jpg,2.350874185562134
food/sandwich/000000399001.jpg,2.269665241241455
food/sandwich/000000401027.jpg,2.396188497543335
food/sandwich/000000402378.jpg,3.0959877967834477
food/sandwich/000000412666.jpg,3.0904080867767334
food/sandwich/000000435488.jpg,3.120621919631958
food/sandwich/000000447170.jpg,2.880887985229492
food/sandwich/000000448923.jpg,2.1096341609954834
food/sandwich/000000464682.jpg,2.231240510940552
food/sandwich/000000478344.jpg,2.679420232772827
food/sandwich/000000519475.jpg,5.343201160430908
food/sandwich/000000528496.jpg,2.626544713973999
food/sandwich/000000560748.jpg,2.580930709838867
food/sandwich/000000561545.jpg,3.745638847351074
food/sandwich/000000563985.jpg,2.7996606826782227
food/sandwich/000000573632.jpg,1.923526644706726
food/sandwich/000000575179.jpg,3.1456458568573
food/sandwich/000000578418.jpg,2.7214584350585938
food/sandwich/000000579303.jpg,2.6262195110321045
food/sandwich/000000581711.jpg,3.1643762588500977
food/sandwich/n07696625_1403.jpg,2.4323463439941406
food/sandwich/n07696625_1674.jpg,3.794333457946777
food/sandwich/n07696625_306.jpg,2.602193593978882
food/sandwich/n07696625_3225.jpg,2.748484373092652
food/sandwich/n07696625_4335.jpg,3.152475595474243
food/sandwich/n07696625_4888.jpg,3.389777898788452
food/sandwich/n07696625_5467.jpg,2.595970869064331
food/sandwich/n07696625_5631.jpg,3.609426259994507
food/sandwich/n07696625_5833.jpg,2.7788002490997314
food/sandwich/n07696625_7783.jpg,4.122116088867188
food/sandwich/n07696839_10895.jpg,3.100571632385254
food/sandwich/n07696839_11221.jpg,2.8883113861083984
food/sandwich/n07696839_11611.jpg,2.24326229095459
food/sandwich/n07696839_12607.jpg,2.96203351020813
food/sandwich/n07696839_13012.jpg,2.425215244293213
food/sandwich/n07696839_13649.jpg,2.5777924060821533
food/sandwich/n07696839_14469.jpg,2.278299331665039
food/sandwich/n07696839_14740.jpg,2.2834956645965576
food/sandwich/n07696839_15859.jpg,2.869987964630127
food/sandwich/n07696839_16667.jpg,3.64643931388855
food/sandwich/n07698672_1483.jpg,3.429576873779297
food/sandwich/n07698672_2572.jpg,2.6659727096557617
food/sandwich/n07698672_4577.jpg,3.435690402984619
food/sandwich/n07698672_5118.jpg,3.201370477676392
food/sandwich/n07698672_5153.jpg,2.9984748363494877
food/sandwich/n07698672_546.jpg,4.026456356048584
food/sandwich/n07698672_8438.jpg,2.545227527618408
food/soup/000000389004.jpg,2.9914772510528564
food/soup/000000433259.jpg,2.2592575550079346
food/soup/n07583197_10902.jpg,2.3865787982940674
food/soup/n07583197_1118.jpg,1.7695279121398926
food/soup/n07583197_1126.jpg,2.3383660316467285
food/soup/n07583197_1185.jpg,2.4930355548858643
food/soup/n07583197_1197.jpg,2.7741599082946777
food/soup/n07583197_1236.jpg,3.703911781311035
food/soup/n07583197_13.jpg,2.7851672172546387
food/soup/n07583197_1377.jpg,3.1159441471099854
food/soup/n07583197_1429.jpg,2.5441431999206543
food/soup/n07583197_14399.jpg,2.535902738571167
food/soup/n07583197_1488.jpg,2.753751039505005
food/soup/n07583197_1528.jpg,3.0035808086395264
food/soup/n07583197_15339.jpg,2.746865510940552
food/soup/n07583197_16204.jpg,2.362015008926392
food/soup/n07583197_1684.jpg,2.530171632766724
food/soup/n07583197_1716.jpg,3.696669340133667
food/soup/n07583197_17428.jpg,3.0592758655548096
food/soup/n07583197_1903.jpg,2.8376271724700928
food/soup/n07583197_22629.jpg,2.890272617340088
food/soup/n07583197_230.jpg,3.1403956413269043
food/soup/n07583197_3005.jpg,3.0655436515808105
food/soup/n07583197_3093.jpg,2.630699396133423
food/soup/n07583197_3147.jpg,3.580500364303589
food/soup/n07583197_3235.jpg,3.0509285926818848
food/soup/n07583197_3243.jpg,2.2450101375579834
food/soup/n07583197_3502.jpg,2.982552289962769
food/soup/n07583197_3629.jpg,3.532369375228882
food/soup/n07583197_378.jpg,3.093692779541016
food/soup/n07583197_3888.jpg,2.2440760135650635
food/soup/n07583197_3896.jpg,2.2005343437194824
food/soup/n07583197_3923.jpg,2.6210923194885254
food/soup/n07583197_3989.jpg,3.0033421516418457
food/soup/n07583197_400.jpg,3.0382680892944336
food/soup/n07583197_419.jpg,2.522296905517578
food/soup/n07583197_4277.jpg,2.90477991104126
food/soup/n07583197_4576.jpg,3.644428014755249
food/soup/n07583197_4835.jpg,3.4470372200012207
food/soup/n07583197_5088.jpg,2.8706319332122803
food/soup/n07583197_5525.jpg,3.4072954654693604
food/soup/n07583197_5587.jpg,2.934491872787476
food/soup/n07583197_5599.jpg,3.931420803070069
food/soup/n07583197_5817.jpg,2.3798282146453857
food/soup/n07583197_5892.jpg,2.9411401748657227
food/soup/n07583197_6131.jpg,3.153122901916504
food/soup/n07583197_6143.jpg,3.16090726852417
food/soup/n07583197_6247.jpg,2.867550134658813
food/soup/n07583197_6261.jpg,3.5378732681274414
food/soup/n07583197_6291.jpg,2.449589729309082
food/soup/n07583197_6383.jpg,3.193317651748657
food/soup/n07583197_6416.jpg,2.822866678237915
food/soup/n07583197_6427.jpg,3.603320360183716
food/soup/n07583197_6435.jpg,4.079898834228516
food/soup/n07583197_6450.jpg,3.44844913482666
food/soup/n07583197_6451.jpg,3.625492572784424
food/soup/n07583197_6491.jpg,2.950259208679199
food/soup/n07583197_6520.jpg,2.2288379669189453
food/soup/n07583197_6579.jpg,3.089181423187256
food/soup/n07583197_6672.jpg,3.37164044380188
food/soup/n07583197_6753.jpg,2.657521247863769
food/soup/n07583197_6784.jpg,2.4281396865844727
food/soup/n07583197_6797.jpg,2.3523616790771484
food/soup/n07583197_6815.jpg,4.025076866149902
food/soup/n07583197_6829.jpg,2.77294659614563
food/soup/n07583197_6842.jpg,2.473720073699951
food/soup/n07583197_6849.jpg,3.0733325481414795
food/soup/n07583197_6873.jpg,3.3837890625
food/soup/n07583197_6874.jpg,2.8027565479278564
food/soup/n07583197_6907.jpg,4.053545951843262
food/soup/n07583197_6991.jpg,3.320014715194702
food/soup/n07583197_6997.jpg,3.824120283126831
food/soup/n07583197_7009.jpg,2.3781957626342773
food/soup/n07583197_7214.jpg,3.2858054637908936
food/soup/n07583197_7218.jpg,3.5653395652771
food/soup/n07583197_8138.jpg,3.0148158073425293
food/soup/n07583197_895.jpg,3.10306453704834
food/soup/n07583197_9010.jpg,2.375169515609741
food/soup/n07583197_926.jpg,3.475698471069336
food/soup/n07583197_928.jpg,3.685707330703736
food/soup/n07583197_942.jpg,2.723397254943848
food/soup/n07583197_946.jpg,3.751349687576294
food/soup/n07583197_973.jpg,2.0698013305664062
food/soup/n07583197_995.jpg,2.426147699356079
food/tea/n07933274_29270.jpg,2.4428305625915527
food/tea/n07933274_29360.jpg,1.5931485891342163
food/tea/n07933274_29595.jpg,2.491072416305542
food/tea/n07933274_29729.jpg,2.0337822437286377
food/tea/n07933274_29739.jpg,2.034076452255249
food/tea/n07933274_29781.jpg,2.2051148414611816
food/tea/n07933274_29941.jpg,1.4891899824142456
food/tea/n07933274_29951.jpg,2.6520931720733643
food/tea/n07933274_30075.jpg,2.557129144668579
food/tea/n07933274_30179.jpg,1.9546161890029907
food/tea/n07933274_30233.jpg,1.8681284189224243
food/tea/n07933274_30243.jpg,2.202643156051636
food/tea/n07933274_30272.jpg,2.3983609676361084
food/tea/n07933274_30326.jpg,1.9654078483581543
food/tea/n07933274_30442.jpg,1.9050887823104856
food/tea/n07933274_30460.jpg,2.687319278717041
food/tea/n07933274_30473.jpg,1.6867272853851318
food/tea/n07933274_30676.jpg,2.274624824523926
food/tea/n07933274_30681.jpg,3.3033125400543213
food/tea/n07933274_30722.jpg,2.702761650085449
food/tea/n07933274_30757.jpg,2.5880258083343506
food/tea/n07933274_30873.jpg,1.9826602935791016
food/tea/n07933274_30896.jpg,2.208003282546997
food/tea/n07933274_31151.jpg,2.204660415649414
food/tea/n07933274_31468.jpg,2.412763357162476
food/tea/n07933274_31611.jpg,1.936331033706665
food/tea/n07933274_31630.jpg,3.378554344177246
food/tea/n07933274_31747.jpg,1.5253084897994995
food/tea/n07933274_32193.jpg,2.7848961353302
food/tea/n07933274_32238.jpg,1.5286277532577517
food/tea/n07933274_32302.jpg,1.8004707098007202
food/tea/n07933274_32452.jpg,2.8891632556915283
food/tea/n07933274_32615.jpg,2.0555663108825684
food/tea/n07933274_33069.jpg,1.6873188018798828
food/tea/n07933274_33310.jpg,2.130099058151245
food/tea/n07933274_33517.jpg,2.454241991043091
food/tea/n07933274_33706.jpg,2.8594717979431152
food/tea/n07933274_33840.jpg,1.5369250774383545
food/tea/n07933274_33948.jpg,2.5314767360687256
food/tea/n07933274_33960.jpg,2.4846832752227783
food/tea/n07933274_33970.jpg,3.2167975902557373
food/tea/n07933274_34262.jpg,1.6582176685333252
food/tea/n07933274_34279.jpg,2.1066176891326904
food/tea/n07933274_34426.jpg,2.565756320953369
food/tea/n07933274_34457.jpg,2.352988243103028
food/tea/n07933274_34671.jpg,1.742273211479187
food/tea/n07933274_34941.jpg,2.070549249649048
food/tea/n07933274_35003.jpg,1.677872657775879
food/tea/n07933274_35061.jpg,2.074056625366211
food/yogurt/n07849336_20003.jpg,3.652921438217163
food/yogurt/n07849336_20036.jpg,2.875546455383301
food/yogurt/n07849336_20238.jpg,2.355095624923706
food/yogurt/n07849336_20273.jpg,2.9373395442962646
food/yogurt/n07849336_20401.jpg,1.9577873945236208
food/yogurt/n07849336_20481.jpg,2.397362470626831
food/yogurt/n07849336_20531.jpg,1.5722304582595823
food/yogurt/n07849336_20724.jpg,2.954854726791382
food/yogurt/n07849336_20753.jpg,3.209966897964477
food/yogurt/n07849336_20809.jpg,3.885778188705444
food/yogurt/n07849336_20841.jpg,3.069244146347046
food/yogurt/n07849336_20909.jpg,4.238880157470703
food/yogurt/n07849336_20970.jpg,2.288283586502075
food/yogurt/n07849336_21235.jpg,3.654067277908325
food/yogurt/n07849336_21355.jpg,2.0626542568206787
food/yogurt/n07849336_21675.jpg,1.6274080276489258
food/yogurt/n07849336_21762.jpg,2.3648324012756348
food/yogurt/n07849336_21854.jpg,5.755908966064453
food/yogurt/n07849336_22025.jpg,2.8608081340789795
food/yogurt/n07849336_22032.jpg,3.30688738822937
food/yogurt/n07849336_22033.jpg,2.8864223957061768
food/yogurt/n07849336_22239.jpg,2.497035264968872
food/yogurt/n07849336_22303.jpg,1.7254853248596191
food/yogurt/n07849336_22329.jpg,3.637559413909912
food/yogurt/n07849336_22388.jpg,1.5710984468460083
food/yogurt/n07849336_22458.jpg,2.0197386741638184
food/yogurt/n07849336_22471.jpg,3.821574449539185
food/yogurt/n07849336_22546.jpg,2.4031896591186523
food/yogurt/n07849336_22919.jpg,2.732765913009644
food/yogurt/n07849336_22947.jpg,3.276777744293213
food/yogurt/n07849336_23055.jpg,3.050382614135742
food/yogurt/n07849336_23123.jpg,4.261218070983887
food/yogurt/n07849336_24170.jpg,3.2730305194854736
food/yogurt/n07849336_24671.jpg,3.3501205444335938
food/yogurt/n07849336_25045.jpg,2.162403345108032
food/yogurt/n07849336_25086.jpg,2.920639991760254
food/yogurt/n07849336_25149.jpg,1.6879959106445312
food/yogurt/n07849336_25344.jpg,2.969543218612671
food/yogurt/n07849336_25516.jpg,2.311558723449707
food/yogurt/n07849336_25557.jpg,2.669717311859131
food/yogurt/n07849336_26037.jpg,3.89312744140625
food/yogurt/n07849336_26173.jpg,1.6159571409225464
food/yogurt/n07849336_26281.jpg,3.302750587463379
food/yogurt/n07849336_26407.jpg,4.653530597686768
food/yogurt/n07849336_27107.jpg,2.841761589050293
food/yogurt/n07849336_27565.jpg,1.9150043725967407
food/yogurt/n07849336_27581.jpg,2.377970695495605
food/yogurt/n07849336_28290.jpg,3.304207801818848
food/yogurt/n07849336_28787.jpg,3.306792020797729
food/yogurt/n07849336_28836.jpg,4.8849778175354
food/yogurt/n07849336_28899.jpg,1.8986036777496336
food/yogurt/n07849336_29367.jpg,3.11772894859314
food/yogurt/n07849336_29721.jpg,3.739373207092285
food/yogurt/n07849336_30056.jpg,2.293146848678589
food/yogurt/n07849336_30264.jpg,5.7780961990356445
food/yogurt/n07849336_31247.jpg,2.2899832725524902
food/yogurt/n07849336_31583.jpg,4.207898139953613
food/yogurt/n07849336_31809.jpg,2.9690046310424805
food/yogurt/n07849336_32035.jpg,1.583261013031006
food/yogurt/n07849336_32099.jpg,3.42566466331482
food/yogurt/n07849336_32431.jpg,3.5874452590942383
food/yogurt/n07849336_32731.jpg,2.3142764568328857
food/yogurt/n07849336_33495.jpg,3.945805788040161
food/zucchini/n07716358_10021.jpg,5.3955488204956055
food/zucchini/n07716358_1006.jpg,4.082079887390137
food/zucchini/n07716358_1018.jpg,3.7697601318359375
food/zucchini/n07716358_10251.jpg,3.394880533218384
food/zucchini/n07716358_10974.jpg,3.969571828842163
food/zucchini/n07716358_11383.jpg,5.121790885925293
food/zucchini/n07716358_11412.jpg,2.2676146030426025
food/zucchini/n07716358_11437.jpg,5.284529685974121
food/zucchini/n07716358_11450.jpg,3.433152437210083
food/zucchini/n07716358_11514.jpg,2.6239025592803955
food/zucchini/n07716358_11986.jpg,5.177111625671387
food/zucchini/n07716358_12371.jpg,1.6289951801300049
food/zucchini/n07716358_12557.jpg,4.915998935699463
food/zucchini/n07716358_1258.jpg,2.273952007293701
food/zucchini/n07716358_12705.jpg,2.450685739517212
food/zucchini/n07716358_15290.jpg,4.013819694519043
food/zucchini/n07716358_1549.jpg,4.036310195922852
food/zucchini/n07716358_15527.jpg,4.196728229522705
food/zucchini/n07716358_15994.jpg,2.108192443847656
food/zucchini/n07716358_16000.jpg,4.481216907501221
food/zucchini/n07716358_16756.jpg,3.5208897590637207
food/zucchini/n07716358_16886.jpg,4.305239677429199
food/zucchini/n07716358_16986.jpg,4.843064308166504
food/zucchini/n07716358_1799.jpg,3.1308846473693848
food/zucchini/n07716358_18492.jpg,4.712074279785156
food/zucchini/n07716358_19627.jpg,5.240478038787842
food/zucchini/n07716358_21207.jpg,2.837615728378296
food/zucchini/n07716358_21929.jpg,3.278217077255249
food/zucchini/n07716358_22212.jpg,5.716020107269287
food/zucchini/n07716358_22242.jpg,3.728142261505127
food/zucchini/n07716358_23357.jpg,4.103904247283936
food/zucchini/n07716358_24443.jpg,1.9328484535217283
food/zucchini/n07716358_2688.jpg,3.785243988037109
food/zucchini/n07716358_31011.jpg,2.9495317935943604
food/zucchini/n07716358_3154.jpg,4.498488426208496
food/zucchini/n07716358_3263.jpg,2.9650936126708984
food/zucchini/n07716358_3451.jpg,4.5463972091674805
food/zucchini/n07716358_3603.jpg,2.300935983657837
food/zucchini/n07716358_4045.jpg,3.1485424041748047
food/zucchini/n07716358_4376.jpg,4.364989757537842
food/zucchini/n07716358_5422.jpg,3.7982237339019775
food/zucchini/n07716358_5976.jpg,3.532914161682129
food/zucchini/n07716358_6492.jpg,4.348972797393799
food/zucchini/n07716358_680.jpg,3.7693629264831534
food/zucchini/n07716358_7251.jpg,4.612334251403809
food/zucchini/n07716358_7311.jpg,3.546092987060547
food/zucchini/n07716358_8726.jpg,4.564581394195557
food/zucchini/n07716358_9362.jpg,4.633423805236816
food/zucchini/n07716358_9686.jpg,2.013934373855591
food/zucchini/n07716358_9840.jpg,4.626783847808838
landscape/badlands/00da7332b7397d6f.jpg,6.634298801422119
landscape/badlands/059749eaad9544d9.jpg,6.656962394714356
landscape/badlands/0a41e7b2e1f24787.jpg,6.545193672180176
landscape/badlands/0bdbfdfbf9606d17.jpg,6.398025035858154
landscape/badlands/0c25ec21ea3806e6.jpg,6.426936626434326
landscape/badlands/0cc4df7bd821eaba.jpg,6.659582614898682
landscape/badlands/107a6a75b9ff7593.jpg,6.630751609802246
landscape/badlands/1b65eba9195d7b48.jpg,6.628172874450684
landscape/badlands/1da1b998c1df5ab0.jpg,6.6272873878479
landscape/badlands/1dec1025e732839a.jpg,6.584165573120117
landscape/badlands/268ae58502ee8494.jpg,6.520355701446533
landscape/badlands/28ebdb960cfc3dbd.jpg,6.631408214569092
landscape/badlands/2a29b88a3087549c.jpg,6.616926670074463
landscape/badlands/2b70d9312b233b85.jpg,6.653213977813721
landscape/badlands/2d3e71fb4b3ff54c.jpg,6.633996486663818
landscape/badlands/2da2f8e4173ec2d8.jpg,6.613235950469971
landscape/badlands/52bd0abf2480dfcd.jpg,6.590056419372559
landscape/badlands/542429bec668190a.jpg,6.608524799346924
landscape/badlands/7015248aec86e3ca.jpg,6.513897895812988
landscape/badlands/73b01924148f9a88.jpg,6.592458724975586
landscape/badlands/74829e0dff4fb883.jpg,6.654139041900635
landscape/badlands/75a33eb7832e35bf.jpg,6.632694721221924
landscape/badlands/781ab453ae76a695.jpg,6.632193088531494
landscape/badlands/7c2a6958d5f04db7.jpg,6.297513484954834
landscape/badlands/7d8fd8f343ad653c.jpg,6.635280609130859
landscape/badlands/7fdd6659bc009251.jpg,6.625989437103272
landscape/badlands/82b0bd6fbadf3ec9.jpg,6.456934928894043
landscape/badlands/83e633a2e8135127.jpg,5.026615142822266
landscape/badlands/8797c6121f65e4e3.jpg,6.610193252563477
landscape/badlands/98a873a3a095d8a4.jpg,5.5756001472473145
landscape/badlands/9dab048bfbdd7bbb.jpg,6.649893760681152
landscape/badlands/a0c9618ba54fff18.jpg,6.562524795532227
landscape/badlands/a0de488cdeace1df.jpg,6.637758255004883
landscape/badlands/ab3255d92dfcb5ab.jpg,6.646683692932129
landscape/badlands/ac3390421ba8e3dc.jpg,5.8032097816467285
landscape/badlands/acb9398303757285.jpg,6.5605340003967285
landscape/badlands/b01e802e7b08c078.jpg,6.644463062286377
landscape/badlands/b11e37afd9ca3853.jpg,6.656398773193359
landscape/badlands/b2bee0c1ec3cc149.jpg,6.597646236419678
landscape/badlands/b58ab34a53532e2f.jpg,6.6552324295043945
landscape/badlands/b72dffd33c2f2bbc.jpg,6.660103797912598
landscape/badlands/b7fe4bc808463620.jpg,6.579720497131348
landscape/badlands/ba265c6531f7a08d.jpg,6.6258225440979
landscape/badlands/bbf382bbbdf2b5dd.jpg,6.644968032836914
landscape/badlands/c288579b7d3380a8.jpg,6.491328716278076
landscape/badlands/c7664b0fa8cf14c0.jpg,6.644130229949951
landscape/badlands/c88aa10132f2e108.jpg,6.641470909118652
landscape/badlands/d5a7faf3171bfdaa.jpg,6.628281593322754
landscape/badlands/dbba62b95db78bc0.jpg,6.637839317321777
landscape/badlands/f3de0d72febbe17f.jpg,6.563924789428711
landscape/badlands/f794981f98222f1a.jpg,6.511922836303711
landscape/badlands/sun_aabtemlmesogqbbp.jpg,6.613193511962891
landscape/badlands/sun_aafufhgywldccful.jpg,6.638707637786865
landscape/badlands/sun_acbedfdkmesyeogi.jpg,6.654335021972656
landscape/badlands/sun_acqtguiyneoekymy.jpg,6.632690906524658
landscape/badlands/sun_acywrsqkjcxhexft.jpg,6.589329719543457
landscape/badlands/sun_afjyijsdqpcdnjoq.jpg,6.644683361053467
landscape/badlands/sun_afnvhdshiuypvkuh.jpg,6.419239521026611
landscape/badlands/sun_afrzvqxvclehrgoh.jpg,6.609710216522217
landscape/badlands/sun_agudaktqbpkgxxhn.jpg,6.596359729766846
landscape/badlands/sun_aitbuzxgbexdoeda.jpg,6.615749359130859
landscape/badlands/sun_aiygmeizvjhdqbep.jpg,6.644557476043701
landscape/badlands/sun_ajpdesmpmbcnhujq.jpg,6.633993148803711
landscape/badlands/sun_ajtvysscoirnzowp.jpg,6.583349704742432
landscape/badlands/sun_akriyetrhoopjsdy.jpg,6.644651412963867
landscape/badlands/sun_akynhepkzcxxkgow.jpg,6.631514549255371
landscape/badlands/sun_akzatmmwjirnsqtm.jpg,6.592547416687012
landscape/badlands/sun_almgxeqkzurgtvxc.jpg,6.204203128814697
landscape/badlands/sun_alwuoiefepifbttr.jpg,6.644945621490479
landscape/badlands/sun_annigentdnxzfcct.jpg,6.604001045227051
landscape/badlands/sun_anowzijwkurybpjf.jpg,6.6472272872924805
landscape/badlands/sun_antdfwhuefttipaf.jpg,6.585140228271484
landscape/badlands/sun_aoctxvsbexxwkqqe.jpg,6.646368503570557
landscape/badlands/sun_aosvqijvmwznjrsh.jpg,6.643226623535156
landscape/badlands/sun_apfnwcsymntkbqrf.jpg,6.623406887054443
landscape/badlands/sun_apuwqhnxyyoryrhd.jpg,6.63441276550293
landscape/badlands/sun_asvcfruitoxygxrv.jpg,6.612927913665772
landscape/badlands/sun_attunurkvvvrpksl.jpg,6.592972278594971
landscape/badlands/sun_auqxyqokuctxomkt.jpg,6.661776542663574
landscape/badlands/sun_awcogbgxpqgyyrdo.jpg,6.544323921203613
landscape/badlands/sun_axsymjusrygftnzi.jpg,6.575826168060303
landscape/badlands/sun_ayoerapgbyhrmmlq.jpg,6.631498336791992
landscape/badlands/sun_azmctncekrqydlxc.jpg,6.630523681640625
landscape/badlands/sun_bcyqhmsuncrhyodx.jpg,6.6338396072387695
landscape/badlands/sun_belkzcvlquyyzxlu.jpg,6.663817882537842
landscape/badlands/sun_beyqkdhbapysbwbv.jpg,6.594510078430176
landscape/badlands/sun_bflturjnhzlhrmth.jpg,6.620989799499512
landscape/badlands/sun_bhribroenyyculkx.jpg,6.63951301574707
landscape/badlands/sun_biqmabkmyhrrasmc.jpg,6.601902484893799
landscape/badlands/sun_bjrxopjiakyihdqo.jpg,6.589147567749023
landscape/badlands/sun_bkndlzaanugxpvaq.jpg,6.643695831298828
landscape/badlands/sun_bljyguxxfiakvvcz.jpg,6.606200695037842
landscape/badlands/sun_bmoouvnnsnxypsla.jpg,4.490436553955078
landscape/badlands/sun_bzbwppkmmulpqnkr.jpg,6.603862762451172
landscape/badlands/sun_bzlmupmmiqdoxiio.jpg,6.638363838195801
landscape/barn/n02793495_10000.jpg,4.201563358306885
landscape/barn/n02793495_10790.jpg,4.323092460632324
landscape/barn/n02793495_10847.jpg,4.775445461273193
landscape/barn/n02793495_11186.jpg,5.007420539855957
landscape/barn/n02793495_11567.jpg,4.603606700897217
landscape/barn/n02793495_12207.jpg,3.869263410568237
landscape/barn/n02793495_12235.jpg,5.930832386016846
landscape/barn/n02793495_12386.jpg,4.555972576141357
landscape/barn/n02793495_12521.jpg,4.697000026702881
landscape/barn/n02793495_13346.jpg,4.068460941314697
landscape/barn/n02793495_13455.jpg,3.812788248062134
landscape/barn/n02793495_13459.jpg,5.165105819702148
landscape/barn/n02793495_1349.jpg,4.653096675872803
landscape/barn/n02793495_13493.jpg,4.846829414367676
landscape/barn/n02793495_14549.jpg,4.381063938140869
landscape/barn/n02793495_14786.jpg,3.4520280361175537
landscape/barn/n02793495_15038.jpg,3.5378458499908447
landscape/barn/n02793495_15347.jpg,6.147655487060547
landscape/barn/n02793495_16056.jpg,3.5348620414733887
landscape/barn/n02793495_16251.jpg,4.113527774810791
landscape/barn/n02793495_1647.jpg,6.440837860107422
landscape/barn/n02793495_16996.jpg,4.45896577835083
landscape/barn/n02793495_18211.jpg,5.043484687805176
landscape/barn/n02793495_183.jpg,5.1566338539123535
landscape/barn/n02793495_18304.jpg,4.859209537506104
landscape/barn/n02793495_18722.jpg,4.573732376098633
landscape/barn/n02793495_18999.jpg,3.730602502822876
landscape/barn/n02793495_1919.jpg,4.332873821258545
landscape/barn/n02793495_19291.jpg,5.804957389831543
landscape/barn/n02793495_19836.jpg,3.840357542037964
landscape/barn/n02793495_20435.jpg,4.934773921966553
landscape/barn/n02793495_20454.jpg,4.211076736450195
landscape/barn/n02793495_2078.jpg,4.673387050628662
landscape/barn/n02793495_22911.jpg,3.630835771560669
landscape/barn/n02793495_22937.jpg,6.583975791931152
landscape/barn/n02793495_2351.jpg,4.430327892303467
landscape/barn/n02793495_2506.jpg,4.937167167663574
landscape/barn/n02793495_2558.jpg,4.787204265594482
landscape/barn/n02793495_2868.jpg,5.49739408493042
landscape/barn/n02793495_297.jpg,4.357641696929932
landscape/barn/n02793495_352.jpg,3.272345304489136
landscape/barn/n02793495_3658.jpg,4.347439765930176
landscape/barn/n02793495_3852.jpg,4.937754154205322
landscape/barn/n02793495_386.jpg,3.4988908767700195
landscape/barn/n02793495_3970.jpg,4.743278980255127
landscape/barn/n02793495_4056.jpg,3.778099298477173
landscape/barn/n02793495_4091.jpg,5.14642333984375
landscape/barn/n02793495_4187.jpg,5.020647048950195
landscape/barn/n02793495_4333.jpg,4.07776403427124
landscape/barn/n02793495_435.jpg,3.92911958694458
landscape/barn/n02793495_4687.jpg,4.091926574707031
landscape/barn/n02793495_4712.jpg,5.245301723480225
landscape/barn/n02793495_4908.jpg,6.583770751953125
landscape/barn/n02793495_5227.jpg,4.672261714935303
landscape/barn/n02793495_5293.jpg,3.7207460403442383
landscape/barn/n02793495_5839.jpg,3.9120993614196777
landscape/barn/n02793495_5941.jpg,4.865098476409912
landscape/barn/n02793495_6042.jpg,4.315119743347168
landscape/barn/n02793495_6199.jpg,5.641600608825684
landscape/barn/n02793495_6295.jpg,4.672915458679199
landscape/barn/n02793495_6305.jpg,4.125768184661865
landscape/barn/n02793495_6515.jpg,4.596085548400879
landscape/barn/n02793495_666.jpg,3.471687793731689
landscape/barn/n02793495_6761.jpg,4.133012771606445
landscape/barn/n02793495_6766.jpg,5.00567626953125
landscape/barn/n02793495_6822.jpg,3.572913408279419
landscape/barn/n02793495_6971.jpg,3.567620754241944
landscape/barn/n02793495_7335.jpg,3.982419729232788
landscape/barn/n02793495_7388.jpg,4.532873630523682
landscape/barn/n02793495_742.jpg,4.852070331573486
landscape/barn/n02793495_7457.jpg,4.521284103393555
landscape/barn/n02793495_7506.jpg,4.481028079986572
landscape/barn/n02793495_7531.jpg,4.596415042877197
landscape/barn/n02793495_7616.jpg,3.672966718673706
landscape/barn/n02793495_7832.jpg,4.037796497344971
landscape/barn/n02793495_8006.jpg,4.778220176696777
landscape/barn/n02793495_8093.jpg,3.1673696041107178
landscape/barn/n02793495_8339.jpg,4.957633972167969
landscape/barn/n02793495_8390.jpg,5.288812160491943
landscape/barn/n02793495_8429.jpg,6.081377029418945
landscape/barn/n02793495_8638.jpg,3.986286640167236
landscape/barn/n02793495_8814.jpg,3.8252265453338623
landscape/barn/n02793495_8877.jpg,4.089216232299805
landscape/barn/n02793495_9481.jpg,4.057587146759033
landscape/barn/n02793495_950.jpg,4.295074462890625
landscape/barn/n02793495_9512.jpg,4.842496395111084
landscape/creek/00a72fa141918070.jpg,6.529208660125732
landscape/creek/01bd4bab4175a966.jpg,5.755399227142334
landscape/creek/05afa89b37d9be10.jpg,6.592485904693604
landscape/creek/0618cd4758301cb9.jpg,6.552331924438477
landscape/creek/073d23092eef5bfb.jpg,6.532538414001465
landscape/creek/087dbe6470966500.jpg,5.7592058181762695
landscape/creek/131887bc16929743.jpg,6.635380744934082
landscape/creek/140890848a829520.jpg,6.637240409851074
landscape/creek/1de1c35c00ce3111.jpg,6.549208641052246
landscape/creek/1e2d358378956a37.jpg,6.59730339050293
landscape/creek/201efab9064c75a7.jpg,6.615669250488281
landscape/creek/2c06e792a2b5823c.jpg,6.630134582519531
landscape/creek/2e8af3c96d099203.jpg,6.5399088859558105
landscape/creek/372644d098fe67ac.jpg,6.578771114349365
landscape/creek/463f022d60c8c47e.jpg,6.588233470916748
landscape/creek/4b9dd131b6d77acd.jpg,6.580023765563965
landscape/creek/4ec1db0726dc0eb9.jpg,6.632323265075684
landscape/creek/559d6b3d60bdf647.jpg,6.61030912399292
landscape/creek/57325acb63287b6e.jpg,6.383475303649902
landscape/creek/5ae9c86a0d3ec94d.jpg,6.553476333618164
landscape/creek/5c5e8f097fa56b06.jpg,6.632110118865967
landscape/creek/5cd6e415c8c6d151.jpg,6.508331298828125
landscape/creek/5ce6490d4d1dbdf8.jpg,6.523562908172607
landscape/creek/5d4485ce19cf9ff1.jpg,6.601260185241699
landscape/creek/61a523fb9fa663e8.jpg,6.511902809143066
landscape/creek/641cb302c6e9b8a1.jpg,6.595365524291992
landscape/creek/6b8aaacf3a46ccc7.jpg,6.543333053588867
landscape/creek/6c2d44f9a68bbe96.jpg,6.030693531036377
landscape/creek/741cb9983009b9d4.jpg,6.540005683898926
landscape/creek/7b96be62afaaac4d.jpg,6.555820465087891
landscape/creek/7f03ee12590a2446.jpg,6.615082263946533
landscape/creek/813c63e15bffdef1.jpg,6.495737075805664
landscape/creek/8474877e90b4ab52.jpg,6.595423698425293
landscape/creek/947574afed9997e3.jpg,6.561274528503418
landscape/creek/956de88eec561f18.jpg,6.59740161895752
landscape/creek/9abd18b0c7220a0d.jpg,6.592170715332031
landscape/creek/9c5107164aa3514f.jpg,6.598535537719727
landscape/creek/9e81775a5eb30dd0.jpg,6.527790546417236
landscape/creek/a64321454ce3af8a.jpg,6.638147830963135
landscape/creek/b23a9b62c338a34a.jpg,6.554355144500732
landscape/creek/b473f6b302b8ece8.jpg,6.610583305358887
landscape/creek/b52fbb2521836cc7.jpg,6.554643630981445
landscape/creek/be3ff20a17c22e90.jpg,6.631619453430176
landscape/creek/be93f13ea8c14ee4.jpg,6.638731479644775
landscape/creek/c288b628fb00ac02.jpg,6.568233013153076
landscape/creek/d1a8ea41abbabc91.jpg,6.565699577331543
landscape/creek/d37ce84bd17e9211.jpg,6.53341007232666
landscape/creek/d48a4be9c6c9d170.jpg,6.561927795410156
landscape/creek/db65aaa975ba7c84.jpg,6.119770050048828
landscape/creek/dd97cf9ce8a82992.jpg,6.583823204040527
landscape/creek/df76ffc41182400a.jpg,6.613107681274414
landscape/creek/e152d5868447723e.jpg,6.492064476013184
landscape/creek/e9b2d88b44dc398f.jpg,6.625474452972412
landscape/creek/ea8f9fc441045158.jpg,6.601926803588867
landscape/creek/ed957e8fc936d13b.jpg,6.599037170410156
landscape/creek/f1a0fbb794a4ce48.jpg,6.303123474121094
landscape/creek/sun_aaacmydfmcozlpel.jpg,6.607324600219727
landscape/creek/sun_aajttwmkstixpqmk.jpg,6.573572635650635
landscape/creek/sun_aanfjwabnufovale.jpg,6.52590799331665
landscape/creek/sun_actgnbsscuyuuawn.jpg,6.585367679595947
landscape/creek/sun_adldsxrckcxskwaa.jpg,6.550940990447998
landscape/creek/sun_aebcvprafheupjve.jpg,6.537405014038086
landscape/creek/sun_aermylfjqkdyfriq.jpg,6.52609920501709
landscape/creek/sun_afxtgecjnlpwldpz.jpg,6.5392746925354
landscape/creek/sun_agolreejblugpbjs.jpg,6.404051303863525
landscape/creek/sun_ahzprtdsycxhoqdq.jpg,6.603737831115723
landscape/creek/sun_aioimawbzwwqcygr.jpg,6.571803092956543
landscape/creek/sun_ajcopavjqtimjnsa.jpg,6.567997455596924
landscape/creek/sun_ajtyybhnsrlhgzrj.jpg,6.411886692047119
landscape/creek/sun_ajwkskkzoxfeqyqi.jpg,6.509952545166016
landscape/creek/sun_amkixpdbwspaesca.jpg,6.597334384918213
landscape/creek/sun_ammtyagxwuynloho.jpg,6.587032318115234
landscape/creek/sun_amstctgduhgtglor.jpg,6.543876647949219
landscape/creek/sun_aobzojzeyotxkmpe.jpg,6.566437721252441
landscape/creek/sun_aprctqsrjhrpevzy.jpg,6.479275703430176
landscape/creek/sun_aqjctcdzynstdphs.jpg,6.487062931060791
landscape/creek/sun_aqtlcclamvffivey.jpg,6.5878005027771
landscape/creek/sun_aqvjdljstjrakyei.jpg,6.472012042999268
landscape/creek/sun_arkqnfqxddjeoygu.jpg,6.59481143951416
landscape/creek/sun_aruzhowbjizakxna.jpg,6.590677738189697
landscape/creek/sun_arwbkcpbnacrivin.jpg,6.26483154296875
landscape/creek/sun_asmuwsqhwjdxgbnv.jpg,6.534414291381836
landscape/creek/sun_aualbeefqekxpoue.jpg,6.553786277770996
landscape/creek/sun_auldcjwiqhhhwcld.jpg,6.606887340545654
landscape/creek/sun_avkfkuagzulwurbc.jpg,6.508560657501221
landscape/creek/sun_axcrysjbknmdgxyo.jpg,6.394588470458984
landscape/creek/sun_axfsimotavzqntkx.jpg,5.442532062530518
landscape/creek/sun_azxubsqvphflkrru.jpg,6.589086055755615
landscape/desert/n09270735_10323.jpg,6.473984718322754
landscape/desert/n09270735_10417.jpg,6.266045570373535
landscape/desert/n09270735_10593.jpg,5.664646625518799
landscape/desert/n09270735_10720.jpg,6.550104141235352
landscape/desert/n09270735_11406.jpg,6.610236167907715
landscape/desert/n09270735_11686.jpg,6.362010002136231
landscape/desert/n09270735_12116.jpg,6.30113410949707
landscape/desert/n09270735_12770.jpg,6.6054301261901855
landscape/desert/n09270735_13703.jpg,6.4121174812316895
landscape/desert/n09270735_13713.jpg,6.57374906539917
landscape/desert/n09270735_14002.jpg,6.078845977783203
landscape/desert/n09270735_14484.jpg,6.4992499351501465
landscape/desert/n09270735_159.jpg,6.517016887664795
landscape/desert/n09270735_16660.jpg,6.424838542938232
landscape/desert/n09270735_16991.jpg,6.625508785247803
landscape/desert/n09270735_1884.jpg,4.500769138336182
landscape/desert/n09270735_19117.jpg,6.503659725189209
landscape/desert/n09270735_19211.jpg,4.501457214355469
landscape/desert/n09270735_19361.jpg,6.624356269836426
landscape/desert/n09270735_19405.jpg,6.560918807983398
landscape/desert/n09270735_19890.jpg,6.589003086090088
landscape/desert/n09270735_21232.jpg,6.505529403686523
landscape/desert/n09270735_22315.jpg,6.607834339141846
landscape/desert/n09270735_22985.jpg,6.527523040771484
landscape/desert/n09270735_23003.jpg,6.526859283447266
landscape/desert/n09270735_24858.jpg,6.60694694519043
landscape/desert/n09270735_25350.jpg,6.577228546142578
landscape/desert/n09270735_25780.jpg,6.431721687316895
landscape/desert/n09270735_27340.jpg,6.616406440734863
landscape/desert/n09270735_2754.jpg,6.591281414031982
landscape/desert/n09270735_28592.jpg,6.564620971679688
landscape/desert/n09270735_30434.jpg,6.554022789001465
landscape/desert/n09270735_30833.jpg,6.496791839599609
landscape/desert/n09270735_31177.jpg,6.359899520874023
landscape/desert/n09270735_31455.jpg,6.578760147094727
landscape/desert/n09270735_3215.jpg,6.454489707946777
landscape/desert/n09270735_3519.jpg,6.336040496826172
landscape/desert/n09270735_4151.jpg,6.585577011108398
landscape/desert/n09270735_4178.jpg,6.582340717315674
landscape/desert/n09270735_41870.jpg,6.54115104675293
landscape/desert/n09270735_44665.jpg,6.57037353515625
landscape/desert/n09270735_4773.jpg,6.603410243988037
landscape/desert/n09270735_51499.jpg,6.592765808105469
landscape/desert/n09270735_53301.jpg,6.568134307861328
landscape/desert/n09270735_5926.jpg,6.580219745635986
landscape/desert/n09270735_6787.jpg,5.66961669921875
landscape/desert/n09270735_7535.jpg,6.465169429779053
landscape/desert/n09270735_7649.jpg,6.402740001678467
landscape/desert/n09270735_7828.jpg,6.572514057159424
landscape/desert/n09270735_8128.jpg,6.3402018547058105
landscape/desert/n09270735_8900.jpg,6.067375659942627
landscape/desert/n09270735_9296.jpg,6.540289878845215
landscape/desert/n09270735_9546.jpg,6.405513763427734
landscape/desert/n09270735_9551.jpg,5.811544418334961
landscape/desert/n09270735_9869.jpg,6.347170829772949
landscape/desert/sun_aafqfjpechscyidz.jpg,6.548886299133301
landscape/desert/sun_aaqyzvrweabdxjzo.jpg,6.511789798736572
landscape/desert/sun_acztaebqvjaggqyh.jpg,6.538628578186035
landscape/desert/sun_adpbjcrpyetqykvt.jpg,6.42442798614502
landscape/desert/sun_aeepoeftnvbdasao.jpg,5.871532917022705
landscape/desert/sun_afdglfvfgxhjtaky.jpg,6.484943866729736
landscape/desert/sun_aiatoxvclffgxjts.jpg,6.620482444763184
landscape/desert/sun_aigxgjoofoaxhxor.jpg,6.570818901062012
landscape/desert/sun_aitgdfoepkcgqpkg.jpg,6.5376410484313965
landscape/desert/sun_akdmpkixtkbhhkbr.jpg,6.572684288024902
landscape/desert/sun_aqtstmhxxgspchdn.jpg,6.365034103393555
landscape/desert/sun_argapbxamkdubgcw.jpg,6.521766185760498
landscape/desert/sun_asxxlgfchcyhhjgr.jpg,6.34946346282959
landscape/desert/sun_atfudzdjdouzqtgp.jpg,6.48817253112793
landscape/desert/sun_atujmqovmioxulez.jpg,6.4632487297058105
landscape/desert/sun_atyasoydrjavyfux.jpg,6.561472415924072
landscape/desert/sun_augiwpnmzxrwivst.jpg,6.18224573135376
landscape/desert/sun_avawcmcabmaoywsj.jpg,6.441346645355225
landscape/desert/sun_avmxdpydhkugmnzh.jpg,4.261812686920166
landscape/desert/sun_awwfkbrvfgrhwznp.jpg,4.95560359954834
landscape/desert/sun_axftaijddzvbjaik.jpg,6.497650623321533
landscape/desert/sun_aypzejealkrzrqxx.jpg,6.476761817932129
landscape/desert/sun_ayyysrlyzcgxgato.jpg,6.490339279174805
landscape/desert/sun_azskkbpdayjlqhjm.jpg,6.518317699432373
landscape/field/n09393605_10919.jpg,6.2490010261535645
landscape/field/n09393605_13641.jpg,6.34133243560791
landscape/field/n09393605_15838.jpg,6.0202412605285645
landscape/field/n09393605_18819.jpg,6.220417499542236
landscape/field/n09393605_19602.jpg,6.23771333694458
landscape/field/n09393605_21966.jpg,5.923685550689697
landscape/field/n09393605_22474.jpg,6.4567036628723145
landscape/field/n09393605_23049.jpg,6.498016834259033
landscape/field/n09393605_23116.jpg,6.401109218597412
landscape/field/n09393605_23937.jpg,6.513300895690918
landscape/field/n09393605_25625.jpg,6.167754650115967
landscape/field/n09393605_26601.jpg,5.087625026702881
landscape/field/n09393605_28586.jpg,6.174725532531738
landscape/field/n09393605_29445.jpg,6.298334121704102
landscape/field/n09393605_32348.jpg,4.977459907531738
landscape/field/n09393605_32817.jpg,6.487763404846191
landscape/field/n09393605_3369.jpg,6.243278503417969
landscape/field/n09393605_34572.jpg,6.547574043273926
landscape/field/n09393605_35662.jpg,5.51012134552002
landscape/field/n09393605_36719.jpg,5.986525058746338
landscape/field/n09393605_36825.jpg,3.692631721496582
landscape/field/n09393605_38089.jpg,4.102334976196289
landscape/field/n09393605_40542.jpg,6.3530707359313965
landscape/field/n09393605_41164.jpg,6.605603694915772
landscape/field/n09393605_41697.jpg,6.619376182556152
landscape/field/n09393605_42636.jpg,6.35299015045166
landscape/field/n09393605_43491.jpg,6.537123203277588
landscape/field/n09393605_44117.jpg,5.286227226257324
landscape/field/n09393605_45426.jpg,5.466517925262451
landscape/field/n09393605_45715.jpg,6.41480016708374
landscape/field/n09393605_53199.jpg,4.991306304931641
landscape/field/n09393605_54331.jpg,6.4209980964660645
landscape/field/n09393605_55115.jpg,6.2109575271606445
landscape/field/n09393605_55618.jpg,6.529390335083008
landscape/field/n09393605_55896.jpg,5.820469379425049
landscape/field/n09393605_56109.jpg,5.787055492401123
landscape/field/n09393605_57047.jpg,6.236407279968262
landscape/field/n09393605_57575.jpg,5.210814476013184
landscape/field/n09393605_58117.jpg,4.121231555938721
landscape/field/n09393605_58223.jpg,6.426511764526367
landscape/field/n09393605_59095.jpg,6.583062648773193
landscape/field/n09393605_59157.jpg,6.209139823913574
landscape/field/n09393605_59874.jpg,5.165491580963135
landscape/field/n09393605_60345.jpg,6.016410827636719
landscape/field/n09393605_60351.jpg,5.65070915222168
landscape/field/n09393605_60769.jpg,6.422910213470459
landscape/field/n09393605_61113.jpg,5.6944732666015625
landscape/field/n09393605_61186.jpg,5.70163631439209
landscape/field/n09393605_61672.jpg,6.114499568939209
landscape/field/n09393605_62233.jpg,6.537420749664307
landscape/field/n09393605_63335.jpg,6.120174884796143
landscape/field/n09393605_63557.jpg,6.037655353546143
landscape/field/n09393605_64280.jpg,6.049283027648926
landscape/field/n09393605_64469.jpg,6.175742149353027
landscape/field/n09393605_64522.jpg,4.939876079559326
landscape/field/n09393605_64746.jpg,6.635313034057617
landscape/field/n09393605_64769.jpg,4.623751163482666
landscape/field/n09393605_65534.jpg,5.648682594299316
landscape/field/n09393605_65656.jpg,5.878591060638428
landscape/field/n09393605_66477.jpg,6.6127471923828125
landscape/field/n09393605_67108.jpg,5.8611040115356445
landscape/field/n09393605_67555.jpg,6.615256309509277
landscape/field/n09393605_67985.jpg,6.262741088867188
landscape/field/n09393605_8686.jpg,6.040038585662842
landscape/field/n09393605_8873.jpg,3.6889278888702393
landscape/field/n09393605_8966.jpg,4.7148261070251465
landscape/field/n12142085_35169.jpg,6.584814071655273
landscape/field/n12142085_610.jpg,6.239659786224365
landscape/field/n12142085_905.jpg,5.723955154418945
landscape/field/sun_aacbgqunsjqeatcv.jpg,6.3054070472717285
landscape/field/sun_aafjjnugpsuiktvh.jpg,6.619234561920166
landscape/field/sun_aanjgkilxhsgjsyw.jpg,4.592480182647705
landscape/field/sun_aaylzyqlqrsmfwif.jpg,4.648841857910156
landscape/field/sun_aayounnakjpewywf.jpg,6.393333435058594
landscape/field/sun_abhdwxcqinxtyvao.jpg,5.777639389038086
landscape/field/sun_abowtotrrzpbhvqh.jpg,6.209465026855469
landscape/field/sun_abrwdgsipagiljbz.jpg,5.54076623916626
landscape/field/sun_acdirvgzjzazssye.jpg,6.503923416137695
landscape/field/sun_acfbqplfoqfohnbj.jpg,6.439675807952881
landscape/field/sun_acipoggjpwiqmypg.jpg,6.575618743896484
landscape/field/sun_afdaynbvsppiyvxm.jpg,6.56039571762085
landscape/field/sun_afhkdvryuyyjsafb.jpg,6.48972225189209
landscape/field/sun_agojeoiyczsgnqtp.jpg,5.472758769989014
landscape/field/sun_ahbpkeenybzvljnk.jpg,5.315217018127441
landscape/field/sun_ajljoxfiwrskkpcc.jpg,5.26123571395874
landscape/field/sun_akdbxepnruyrbtrp.jpg,5.426973819732666
landscape/field/sun_amfhfmwkktwcrstd.jpg,6.525575160980225
landscape/field/sun_amhftfdjiroweslq.jpg,5.526581764221191
landscape/field/sun_arxyfbqfjqesqjkp.jpg,6.362127304077148
landscape/field/sun_avewwfajjwjntohf.jpg,5.581638813018799
landscape/field/sun_avswlmagvlcsnzrk.jpg,6.237655162811279
landscape/field/sun_aypbzbfuprtztaqy.jpg,6.411835193634033
landscape/field/sun_ayvaabyqvqxsunoq.jpg,6.581517696380615
landscape/field/sun_azlynmqjfwjytkdv.jpg,6.443408966064453
landscape/field/sun_bnwgrptznpkmyoll.jpg,5.459750175476074
landscape/field/sun_bxosoiicldmycyla.jpg,5.562283039093018
landscape/forest (broadleaf)/29f8063ae27714ec.jpg,6.491114139556885
landscape/forest (broadleaf)/5a26c909a910c9d9.jpg,5.90287971496582
landscape/forest (broadleaf)/5ec67c49751be989.jpg,6.299970626831055
landscape/forest (broadleaf)/60fb1f545fdd1b2c.jpg,6.5086750984191895
landscape/forest (broadleaf)/96668f0aa9071377.jpg,6.474641799926758
landscape/forest (broadleaf)/ac213e6c25e62cc0.jpg,6.572671890258789
landscape/forest (broadleaf)/b6bead8e3f65991b.jpg,5.783230304718018
landscape/forest (broadleaf)/cd55c673f7709018.jpg,5.219960689544678
landscape/forest (broadleaf)/db786d24a006ba19.jpg,6.502532005310059
landscape/forest (broadleaf)/dffd1edf2a50c720.jpg,6.492265224456787
landscape/forest (broadleaf)/e72f9cfc62e3b4be.jpg,6.354944705963135
landscape/forest (broadleaf)/e8c08ce6240fac27.jpg,6.345299243927002
landscape/forest (broadleaf)/f2db336fa7759951.jpg,6.606630325317383
landscape/forest (broadleaf)/f7dce233924abacf.jpg,5.871315002441406
landscape/forest (broadleaf)/f964fbf0c85e0722.jpg,6.582198143005371
landscape/forest (broadleaf)/sun_aarnmhmjnoywelfb.jpg,6.440032958984375
landscape/forest (broadleaf)/sun_aaulapocjffusovo.jpg,6.347123622894287
landscape/forest (broadleaf)/sun_abhebbmkwmrgstyo.jpg,6.160678386688232
landscape/forest (broadleaf)/sun_abqwkcjnkkjpmaod.jpg,6.327852725982666
landscape/forest (broadleaf)/sun_acpeqjxleuzrimeg.jpg,6.130327701568604
landscape/forest (broadleaf)/sun_actywkcnpzoailyv.jpg,6.473396301269531
landscape/forest (broadleaf)/sun_acxtlssrlfsryvac.jpg,6.412210941314697
landscape/forest (broadleaf)/sun_adelbgkxaewbxymf.jpg,6.077953815460205
landscape/forest (broadleaf)/sun_adkwweprgeumpslv.jpg,6.291100978851318
landscape/forest (broadleaf)/sun_aecydirryxzrzpvg.jpg,6.270965576171875
landscape/forest (broadleaf)/sun_aejcebvykjvhuget.jpg,6.497939109802246
landscape/forest (broadleaf)/sun_aendsxsqysoknyst.jpg,5.7787604331970215
landscape/forest (broadleaf)/sun_afpnqehwapeidjtp.jpg,6.203315258026123
landscape/forest (broadleaf)/sun_aftdtzzskxflvuig.jpg,6.335465908050537
landscape/forest (broadleaf)/sun_afusmbapsnqjtnsa.jpg,6.596883773803711
landscape/forest (broadleaf)/sun_afxbfgxrtlczpwyn.jpg,6.238333225250244
landscape/forest (broadleaf)/sun_afxvgfeysuusnslo.jpg,6.442804336547852
landscape/forest (broadleaf)/sun_afzhshjjojqermqf.jpg,6.029581069946289
landscape/forest (broadleaf)/sun_agxabiochdwjboza.jpg,6.536184310913086
landscape/forest (broadleaf)/sun_ahbooqazpiiakayv.jpg,6.282961845397949
landscape/forest (broadleaf)/sun_ahksbkeqopdxmskp.jpg,6.542153358459473
landscape/forest (broadleaf)/sun_ahvfcrleejszjfde.jpg,6.443894386291504
landscape/forest (broadleaf)/sun_aidhlflrqqkdzeni.jpg,6.489731311798096
landscape/forest (broadleaf)/sun_aihylawyjepniike.jpg,6.388675212860107
landscape/forest (broadleaf)/sun_aiidyuygypngghyf.jpg,6.591866970062256
landscape/forest (broadleaf)/sun_aiynsrgvdjyalznn.jpg,6.383876323699951
landscape/forest (broadleaf)/sun_ajcjwmqklddutzvc.jpg,6.39326286315918
landscape/forest (broadleaf)/sun_ajqdvsuevkfybgme.jpg,6.3465423583984375
landscape/forest (broadleaf)/sun_akxbwsrgnuadikod.jpg,5.954899787902832
landscape/forest (broadleaf)/sun_aldigqqshvnhfkng.jpg,6.376101970672607
landscape/forest (broadleaf)/sun_alettkltzysnuqsq.jpg,6.524815082550049
landscape/forest (broadleaf)/sun_almbxcurjahdxery.jpg,6.417021751403809
landscape/forest (broadleaf)/sun_alvtgvepnlzhngjv.jpg,6.327567100524902
landscape/forest (broadleaf)/sun_ambyixvpmdimogbn.jpg,6.274738311767578
landscape/forest (broadleaf)/sun_anfpmkqemzwfixbm.jpg,6.467210292816162
landscape/forest (broadleaf)/sun_anmkwhkmnlrpufwm.jpg,6.117355823516846
landscape/forest (broadleaf)/sun_anqplteihhyjtglu.jpg,6.032754421234131
landscape/forest (broadleaf)/sun_antwgrnlkmlyvnjx.jpg,6.454243183135986
landscape/forest (broadleaf)/sun_aoqjnzwgdikwayvw.jpg,6.375641345977783
landscape/forest (broadleaf)/sun_apizqbiukazmkvkz.jpg,5.927175521850586
landscape/forest (broadleaf)/sun_apzhvyvljzvahpvh.jpg,6.422924518585205
landscape/forest (broadleaf)/sun_aqiiuxgbwrioenat.jpg,5.934266090393066
landscape/forest (broadleaf)/sun_aqqgthzskkqzfwlt.jpg,6.386513710021973
landscape/forest (broadleaf)/sun_aquooyehnlaehzjy.jpg,6.545629978179932
landscape/forest (broadleaf)/sun_arfrufgmpfifbxbm.jpg,6.402622699737549
landscape/forest (broadleaf)/sun_argpkktvhwziqaot.jpg,6.525335311889648
landscape/forest (broadleaf)/sun_arpvswlyuitmpsfq.jpg,6.213535785675049
landscape/forest (broadleaf)/sun_aruondwdoqjktugy.jpg,5.936336994171143
landscape/forest (broadleaf)/sun_arwykvgzpgybhibg.jpg,6.486057758331299
landscape/forest (broadleaf)/sun_asitqcjdhmptwyly.jpg,6.288750171661377
landscape/forest (broadleaf)/sun_asjcajxcngqwqinm.jpg,6.093616962432861
landscape/forest (broadleaf)/sun_asoseldnrrcrnbou.jpg,6.377309322357178
landscape/forest (broadleaf)/sun_atlxncsxfmqwisuw.jpg,6.590308666229248
landscape/forest (broadleaf)/sun_atohvclowaousrfh.jpg,6.415361881256104
landscape/forest (broadleaf)/sun_atworchkazufbyad.jpg,6.318262577056885
landscape/forest (broadleaf)/sun_augxrcssyuvvueda.jpg,6.462909698486328
landscape/forest (broadleaf)/sun_aunmoitqcbqjykwe.jpg,6.246962070465088
landscape/forest (broadleaf)/sun_auvwgyllqzsyfdyg.jpg,6.293941497802734
landscape/forest (broadleaf)/sun_avcgkqxmtdeapzum.jpg,6.533592700958252
landscape/forest (broadleaf)/sun_avcyiiwxyeuumvvm.jpg,6.20495080947876
landscape/forest (broadleaf)/sun_avjgnengissyhclc.jpg,6.536868572235107
landscape/forest (broadleaf)/sun_avlcoxhzgadlubqf.jpg,6.558847427368164
landscape/forest (broadleaf)/sun_avqahgdnxxemgnje.jpg,5.372745037078857
landscape/forest (broadleaf)/sun_avtprdrihxhgackd.jpg,6.433262825012207
landscape/forest (broadleaf)/sun_avyyymflzsdrwgbe.jpg,6.500123500823975
landscape/forest (broadleaf)/sun_awcujmqkhwsgmrma.jpg,6.302609443664551
landscape/forest (broadleaf)/sun_awesiopwrhjoojme.jpg,6.510472774505615
landscape/forest (broadleaf)/sun_axcystsdjzbhixci.jpg,6.555482387542725
landscape/forest (broadleaf)/sun_axhmqffemaohcdle.jpg,5.4035234451293945
landscape/forest (broadleaf)/sun_axhrgmuqrljrfnpd.jpg,6.48841667175293
landscape/forest (broadleaf)/sun_axljvtbankrkckne.jpg,6.038910865783691
landscape/forest (broadleaf)/sun_axsxcmrepgxeeyxh.jpg,6.297543048858643
landscape/forest (broadleaf)/sun_ayesjxhptorufemh.jpg,6.410768508911133
landscape/forest (broadleaf)/sun_ayjpisrqdpbcufcm.jpg,6.468564987182617
landscape/forest (broadleaf)/sun_aylgxyyrsemqkiff.jpg,5.757760047912598
landscape/forest (broadleaf)/sun_aynjmrsajissulqi.jpg,6.530970573425293
landscape/forest (broadleaf)/sun_aypjyavrjaodmkuu.jpg,6.5242228507995605
landscape/forest (broadleaf)/sun_azbaifnovkzxbkxd.jpg,6.403480529785156
landscape/forest (broadleaf)/sun_btuibprrdcrjqxvw.jpg,6.593080997467041
landscape/forest (needleleaf)/0766fa7959728beb.jpg,6.569398880004883
landscape/forest (needleleaf)/2c6c9bc173578788.jpg,6.084184646606445
landscape/forest (needleleaf)/56e041b89d9a9838.jpg,6.453092575073242
landscape/forest (needleleaf)/8c620ba803c05daa.jpg,6.288481712341309
landscape/forest (needleleaf)/da31e38ea9918d5f.jpg,5.375722408294678
landscape/forest (needleleaf)/sun_aaifkdzmoajrzxqn.jpg,6.465823650360107
landscape/forest (needleleaf)/sun_accvpoocavlmmbwm.jpg,6.152075290679932
landscape/forest (needleleaf)/sun_acivpotgwohctvsc.jpg,6.308998107910156
landscape/forest (needleleaf)/sun_adkeovalbkluzeri.jpg,6.238416194915772
landscape/forest (needleleaf)/sun_adwsonzlpbbsppgb.jpg,6.541270732879639
landscape/forest (needleleaf)/sun_afhrysfvakkzzgin.jpg,6.583693027496338
landscape/forest (needleleaf)/sun_ahhlccroxiadjixl.jpg,5.736197471618652
landscape/forest (needleleaf)/sun_ahzdudaulglyysji.jpg,6.471978664398193
landscape/forest (needleleaf)/sun_ahzxnldgajgrwhyd.jpg,6.423490524291992
landscape/forest (needleleaf)/sun_aimggcqrncrkotzv.jpg,6.159722328186035
landscape/forest (needleleaf)/sun_ajgxbesgeiwalpxd.jpg,6.445443630218506
landscape/forest (needleleaf)/sun_akckbypmzxubxzyf.jpg,6.183245658874512
landscape/forest (needleleaf)/sun_akfadmdtlbduiiyc.jpg,6.542858123779297
landscape/forest (needleleaf)/sun_akguloxechncfnam.jpg,6.470893859863281
landscape/forest (needleleaf)/sun_akldfuxketeyqrcr.jpg,6.560807228088379
landscape/forest (needleleaf)/sun_akuzxstcblvhmomk.jpg,6.265230655670166
landscape/forest (needleleaf)/sun_alrobpkjksbjoxjk.jpg,6.567015647888184
landscape/forest (needleleaf)/sun_alwbpqvgrcjjlckk.jpg,6.570967674255371
landscape/forest (needleleaf)/sun_amfhxfakcdckrjul.jpg,5.822648525238037
landscape/forest (needleleaf)/sun_amyhfuvsbaizwnwy.jpg,6.513627529144287
landscape/forest (needleleaf)/sun_anithpynqsbzxojv.jpg,6.139997005462647
landscape/forest (needleleaf)/sun_anovysxiyidubdgs.jpg,6.414224624633789
landscape/forest (needleleaf)/sun_aobhtfctsxabxsls.jpg,6.434763431549072
landscape/forest (needleleaf)/sun_aondxtlsklthxtog.jpg,6.266310214996338
landscape/forest (needleleaf)/sun_aoxgfainbiglwchn.jpg,5.979717254638672
landscape/forest (needleleaf)/sun_apfxmcvujzcxypuq.jpg,6.485551834106445
landscape/forest (needleleaf)/sun_apjyimjzdyqvfcwm.jpg,6.520074367523193
landscape/forest (needleleaf)/sun_apkofvbpiueutjgo.jpg,6.492322444915772
landscape/forest (needleleaf)/sun_aqbakybrzakmanoo.jpg,6.20689058303833
landscape/forest (needleleaf)/sun_aqxqzdeqnlrkfuhn.jpg,6.467326641082764
landscape/forest (needleleaf)/sun_aqydmedkuzlsybwd.jpg,6.166931629180908
landscape/forest (needleleaf)/sun_arepffrwpettjdji.jpg,6.301248550415039
landscape/forest (needleleaf)/sun_areqjhlzczhrspvo.jpg,6.18578577041626
landscape/forest (needleleaf)/sun_arpgdgpfyuexqiuj.jpg,5.797781467437744
landscape/forest (needleleaf)/sun_arvbnkbvvdcnqdgw.jpg,6.117537975311279
landscape/forest (needleleaf)/sun_atjoaxvtrxzrxeaw.jpg,6.128984928131104
landscape/forest (needleleaf)/sun_atmrwrneqsvfgvoh.jpg,6.260348796844482
landscape/forest (needleleaf)/sun_atygdjduwnxhysqb.jpg,6.313222408294678
landscape/forest (needleleaf)/sun_aucxqplfgkjwgjrf.jpg,6.543210029602051
landscape/forest (needleleaf)/sun_avesoizwcqbojcvm.jpg,6.396321296691895
landscape/forest (needleleaf)/sun_avmxtljknfnpjnbb.jpg,6.176241874694824
landscape/forest (needleleaf)/sun_awchwppuydqjifvx.jpg,6.033554553985596
landscape/forest (needleleaf)/sun_awhqearfoticgzwy.jpg,5.944432735443115
landscape/forest (needleleaf)/sun_awvhreddaxrljuyh.jpg,6.449004650115967
landscape/forest (needleleaf)/sun_axaiskupvdvcgywi.jpg,6.146533012390137
landscape/forest (needleleaf)/sun_axgrfkivieqrzqfs.jpg,6.359959125518799
landscape/forest (needleleaf)/sun_axznoffzbgavlaei.jpg,6.350711822509766
landscape/forest (needleleaf)/sun_aygdpqwevwznkdqp.jpg,6.479074478149414
landscape/forest (needleleaf)/sun_azrgkfnpesikiafn.jpg,6.482901096343994
landscape/forest (needleleaf)/sun_bduvvcumwzpjyhkm.jpg,6.197030067443848
landscape/geyser/n09288635_1006.jpg,4.2091064453125
landscape/geyser/n09288635_10064.jpg,6.610710144042969
landscape/geyser/n09288635_10214.jpg,6.142272472381592
landscape/geyser/n09288635_1022.jpg,5.150714874267578
landscape/geyser/n09288635_10290.jpg,6.496738433837891
landscape/geyser/n09288635_10303.jpg,6.632850646972656
landscape/geyser/n09288635_10308.jpg,6.611919403076172
landscape/geyser/n09288635_10924.jpg,6.606695652008057
landscape/geyser/n09288635_10938.jpg,6.577388763427734
landscape/geyser/n09288635_1109.jpg,6.338235378265381
landscape/geyser/n09288635_11125.jpg,6.465670585632324
landscape/geyser/n09288635_1116.jpg,6.616272926330566
landscape/geyser/n09288635_11230.jpg,6.585068225860596
landscape/geyser/n09288635_11393.jpg,6.60808801651001
landscape/geyser/n09288635_11510.jpg,6.625453472137451
landscape/geyser/n09288635_11539.jpg,6.509475231170654
landscape/geyser/n09288635_11612.jpg,6.582082748413086
landscape/geyser/n09288635_11614.jpg,6.351027488708496
landscape/geyser/n09288635_11789.jpg,6.574038028717041
landscape/geyser/n09288635_11832.jpg,6.524019241333008
landscape/geyser/n09288635_11889.jpg,6.623068332672119
landscape/geyser/n09288635_11978.jpg,6.602919578552246
landscape/geyser/n09288635_11983.jpg,6.610819816589356
landscape/geyser/n09288635_12003.jpg,6.544039726257324
landscape/geyser/n09288635_12089.jpg,6.560964107513428
landscape/geyser/n09288635_1217.jpg,6.593379497528076
landscape/geyser/n09288635_12206.jpg,6.595049381256104
landscape/geyser/n09288635_12221.jpg,6.546092987060547
landscape/geyser/n09288635_12911.jpg,6.607216835021973
landscape/geyser/n09288635_12929.jpg,6.606485366821289
landscape/geyser/n09288635_13197.jpg,6.602858066558838
landscape/geyser/n09288635_13212.jpg,6.562480926513672
landscape/geyser/n09288635_13284.jpg,6.064866542816162
landscape/geyser/n09288635_13412.jpg,6.5909037590026855
landscape/geyser/n09288635_13440.jpg,6.607169628143311
landscape/geyser/n09288635_13486.jpg,6.367839336395264
landscape/geyser/n09288635_13593.jpg,6.57709550857544
landscape/geyser/n09288635_13817.jpg,6.4359636306762695
landscape/geyser/n09288635_13999.jpg,6.548259735107422
landscape/geyser/n09288635_14256.jpg,6.550237655639648
landscape/geyser/n09288635_14334.jpg,6.574710845947266
landscape/geyser/n09288635_14347.jpg,6.434484958648682
landscape/geyser/n09288635_15094.jpg,6.619547367095947
landscape/geyser/n09288635_1515.jpg,6.513705253601074
landscape/geyser/n09288635_1526.jpg,6.598686695098877
landscape/geyser/n09288635_15732.jpg,6.596260070800781
landscape/geyser/n09288635_1591.jpg,6.631260871887207
landscape/geyser/n09288635_173.jpg,5.09859561920166
landscape/geyser/n09288635_1801.jpg,3.611191749572754
landscape/geyser/n09288635_1929.jpg,6.574727535247803
landscape/geyser/n09288635_1959.jpg,6.599074363708496
landscape/geyser/n09288635_1990.jpg,6.622077941894531
landscape/geyser/n09288635_2176.jpg,6.528388023376465
landscape/geyser/n09288635_2320.jpg,6.587641716003418
landscape/geyser/n09288635_23444.jpg,6.572324752807617
landscape/geyser/n09288635_23563.jpg,6.622473239898682
landscape/geyser/n09288635_2459.jpg,6.547284126281738
landscape/geyser/n09288635_24858.jpg,5.620017528533936
landscape/geyser/n09288635_25124.jpg,6.629364967346191
landscape/geyser/n09288635_2529.jpg,6.535702705383301
landscape/geyser/n09288635_2543.jpg,5.9966301918029785
landscape/geyser/n09288635_25462.jpg,6.304136276245117
landscape/geyser/n09288635_2588.jpg,6.52772331237793
landscape/geyser/n09288635_2858.jpg,6.463788986206055
landscape/geyser/n09288635_3272.jpg,6.621770858764648
landscape/geyser/n09288635_333.jpg,6.32834005355835
landscape/geyser/n09288635_3532.jpg,6.562265872955322
landscape/geyser/n09288635_3554.jpg,6.5682573318481445
landscape/geyser/n09288635_3564.jpg,6.613916873931885
landscape/geyser/n09288635_3580.jpg,6.019111633300781
landscape/geyser/n09288635_365.jpg,6.553714275360107
landscape/geyser/n09288635_3716.jpg,6.571961879730225
landscape/geyser/n09288635_3879.jpg,4.153256893157959
landscape/geyser/n09288635_3909.jpg,6.510287761688232
landscape/geyser/n09288635_399.jpg,6.245285034179688
landscape/geyser/n09288635_4043.jpg,6.588876724243164
landscape/geyser/n09288635_4054.jpg,6.2634687423706055
landscape/geyser/n09288635_4056.jpg,6.58555793762207
landscape/geyser/n09288635_4220.jpg,6.620940208435059
landscape/geyser/n09288635_4541.jpg,6.57754373550415
landscape/geyser/n09288635_4733.jpg,6.564186096191406
landscape/geyser/n09288635_488.jpg,6.5882744789123535
landscape/geyser/n09288635_535.jpg,6.521857738494873
landscape/geyser/n09288635_59.jpg,6.528599739074707
landscape/geyser/n09288635_6850.jpg,6.409939289093018
landscape/geyser/n09288635_6860.jpg,5.3305277824401855
landscape/geyser/n09288635_695.jpg,6.514596939086914
landscape/geyser/n09288635_798.jpg,6.531473159790039
landscape/geyser/n09288635_906.jpg,6.55849027633667
landscape/geyser/n09288635_9179.jpg,6.448531150817871
landscape/geyser/n09288635_9839.jpg,6.585348129272461
landscape/geyser/sun_asemkfzrcriwppec.jpg,4.573093891143799
landscape/geyser/sun_bangxwznfqpugceb.jpg,6.619935035705566
landscape/geyser/sun_bppwllojufniahga.jpg,6.562288284301758
landscape/geyser/sun_bxnhrgjqjqemdrij.jpg,6.5943522453308105
landscape/icescape/n09289331_10402.jpg,6.57410192489624
landscape/icescape/n09289331_10473.jpg,6.58281946182251
landscape/icescape/n09289331_10597.jpg,6.632688522338867
landscape/icescape/n09289331_10832.jpg,6.585996627807617
landscape/icescape/n09289331_1102.jpg,6.602991104125977
landscape/icescape/n09289331_1547.jpg,6.614673614501953
landscape/icescape/n09289331_1551.jpg,6.583396911621094
landscape/icescape/n09289331_1577.jpg,6.61186408996582
landscape/icescape/n09289331_1661.jpg,6.570505142211914
landscape/icescape/n09289331_1867.jpg,6.636156558990479
landscape/icescape/n09289331_2408.jpg,6.642909526824951
landscape/icescape/n09289331_3794.jpg,6.622162818908691
landscape/icescape/n09289331_3970.jpg,6.633058071136475
landscape/icescape/n09289331_4152.jpg,6.629604339599609
landscape/icescape/n09289331_4346.jpg,6.602574348449707
landscape/icescape/n09289331_4351.jpg,6.605599403381348
landscape/icescape/n09289331_4476.jpg,6.599691390991211
landscape/icescape/n09289331_4539.jpg,6.581439018249512
landscape/icescape/n09289331_4564.jpg,6.630740642547607
landscape/icescape/n09289331_477.jpg,6.625579357147217
landscape/icescape/n09289331_4894.jpg,6.6315693855285645
landscape/icescape/n09289331_5012.jpg,6.661775588989258
landscape/icescape/n09289331_5123.jpg,6.609473705291748
landscape/icescape/n09289331_5211.jpg,6.5152506828308105
landscape/icescape/n09289331_5250.jpg,6.587680816650391
landscape/icescape/n09289331_5411.jpg,6.628993988037109
landscape/icescape/n09289331_5729.jpg,6.603569507598877
landscape/icescape/n09289331_5740.jpg,6.61163330078125
landscape/icescape/n09289331_580.jpg,6.570458889007568
landscape/icescape/n09289331_5869.jpg,6.575981140136719
landscape/icescape/n09289331_6016.jpg,6.645842552185059
landscape/icescape/n09289331_6168.jpg,6.647831916809082
landscape/icescape/n09289331_6307.jpg,6.500778675079346
landscape/icescape/n09289331_6459.jpg,6.628061771392822
landscape/icescape/n09289331_6504.jpg,6.50075626373291
landscape/icescape/n09289331_6524.jpg,6.612973690032959
landscape/icescape/n09289331_6768.jpg,6.619636058807373
landscape/icescape/n09289331_679.jpg,6.632287979125977
landscape/icescape/n09289331_6878.jpg,6.618625164031982
landscape/icescape/n09289331_6889.jpg,6.647353649139404
landscape/icescape/n09289331_6964.jpg,6.597741603851318
landscape/icescape/n09289331_7724.jpg,6.647067070007324
landscape/icescape/n09289331_7730.jpg,6.5729146003723145
landscape/icescape/n09289331_7783.jpg,6.473583221435547
landscape/icescape/n09289331_7811.jpg,6.533356666564941
landscape/icescape/n09289331_8957.jpg,6.571052074432373
landscape/icescape/n09289331_9185.jpg,6.598321437835693
landscape/icescape/n09289331_9503.jpg,6.548543453216553
landscape/icescape/n09308572_109.jpg,6.574463844299316
landscape/icescape/n09308572_1178.jpg,6.516956329345703
landscape/icescape/n09308572_13445.jpg,5.1541948318481445
landscape/icescape/n09308572_13624.jpg,6.593837738037109
landscape/icescape/n09308572_152.jpg,6.590266704559326
landscape/icescape/n09308572_1522.jpg,6.450324535369873
landscape/icescape/n09308572_1766.jpg,6.395346164703369
landscape/icescape/n09308572_1813.jpg,6.593209266662598
landscape/icescape/n09308572_1832.jpg,6.369864940643311
landscape/icescape/n09308572_1869.jpg,6.572989940643311
landscape/icescape/n09308572_1901.jpg,6.570997714996338
landscape/icescape/n09308572_2201.jpg,6.586163520812988
landscape/icescape/n09308572_2345.jpg,6.4904961585998535
landscape/icescape/n09308572_2640.jpg,6.496617317199707
landscape/icescape/n09308572_2910.jpg,6.610805988311768
landscape/icescape/n09308572_2962.jpg,6.646976470947266
landscape/icescape/n09308572_3437.jpg,6.619398593902588
landscape/icescape/n09308572_3638.jpg,6.602178573608398
landscape/icescape/n09308572_3703.jpg,6.595065593719482
landscape/icescape/n09308572_3735.jpg,6.600506782531738
landscape/icescape/n09308572_4058.jpg,6.577108860015869
landscape/icescape/n09308572_4185.jpg,6.616584777832031
landscape/icescape/n09308572_4245.jpg,6.565752506256104
landscape/icescape/n09308572_4294.jpg,6.649974822998047
landscape/icescape/n09308572_4442.jpg,6.587317943572998
landscape/icescape/n09308572_4562.jpg,6.595180988311768
landscape/icescape/n09308572_4667.jpg,6.520560264587402
landscape/icescape/n09308572_470.jpg,6.570708751678467
landscape/icescape/n09308572_4844.jpg,6.347095489501953
landscape/icescape/n09308572_4961.jpg,6.031406879425049
landscape/icescape/n09308572_5194.jpg,6.366605758666992
landscape/icescape/n09308572_596.jpg,6.365962982177734
landscape/icescape/n09308572_6088.jpg,6.500827312469482
landscape/icescape/n09308572_6103.jpg,6.602044582366943
landscape/icescape/n09308572_627.jpg,6.454530239105225
landscape/icescape/n09308572_6426.jpg,6.585350513458252
landscape/icescape/n09308572_798.jpg,6.567166805267334
landscape/icescape/n09308572_862.jpg,6.6034345626831055
landscape/icescape/n09309168_2076.jpg,6.408971309661865
landscape/icescape/n09309168_432.jpg,6.620786190032959
landscape/icescape/n09309168_7549.jpg,6.558484077453613
landscape/jungle/034e667f31be499c.jpg,6.47273063659668
landscape/jungle/0625a4ba200992e6.jpg,6.495115280151367
landscape/jungle/14628317fdcc9e39.jpg,6.590599536895752
landscape/jungle/18bed2a09181a499.jpg,6.41572904586792
landscape/jungle/193117c359547690.jpg,6.569942951202393
landscape/jungle/1e2d2d7022a02134.jpg,6.525735855102539
landscape/jungle/1fb1096c3f9a0ee2.jpg,6.522125244140625
landscape/jungle/201c457d6e94dea8.jpg,4.685208320617676
landscape/jungle/24894a47677b09b4.jpg,3.797961950302124
landscape/jungle/271cb17332a4eba5.jpg,6.605605125427246
landscape/jungle/2a0f8b40b7b25bcc.jpg,5.252053737640381
landscape/jungle/2dd9378cf8e0c8ad.jpg,5.246586799621582
landscape/jungle/2fdbe9ca76fdfd99.jpg,6.502502918243408
landscape/jungle/36d087ad3a8b4a99.jpg,4.625375270843506
landscape/jungle/39428ef59a36414d.jpg,6.6099066734313965
landscape/jungle/3f552ebe5afa4382.jpg,5.852070331573486
landscape/jungle/41fd777649da59e6.jpg,4.279110431671143
landscape/jungle/4c1d1d4f21cf31e2.jpg,4.672275066375732
landscape/jungle/4e9a1e1079484886.jpg,6.416358470916748
landscape/jungle/4f1e0fefedf1b32a.jpg,6.450643539428711
landscape/jungle/524acb2e86457ecf.jpg,6.629604339599609
landscape/jungle/53d7a077afe99d46.jpg,6.575459957122803
landscape/jungle/543d103c85efcb41.jpg,6.324530124664307
landscape/jungle/55700669b39ef49c.jpg,6.628928184509277
landscape/jungle/56892737ddff5688.jpg,6.59896183013916
landscape/jungle/56a3ce4a8899ace1.jpg,6.428462505340576
landscape/jungle/57c6558e4956829b.jpg,6.401301383972168
landscape/jungle/59da125bd7ac7467.jpg,5.920316696166992
landscape/jungle/5b9c255e8e71e864.jpg,4.654884338378906
landscape/jungle/5e3a2b6e7943040f.jpg,6.491685390472412
landscape/jungle/612f8c0c59f8ff5e.jpg,6.448336124420166
landscape/jungle/64290af3b5a7e7cb.jpg,4.598956108093262
landscape/jungle/68a485c6716902c2.jpg,4.631094455718994
landscape/jungle/6bfa7b57d0deb743.jpg,6.509396553039551
landscape/jungle/77855fd2864479e3.jpg,4.576967239379883
landscape/jungle/80a5f2bb0129aa36.jpg,6.564340114593506
landscape/jungle/827b86308b879908.jpg,6.467770099639893
landscape/jungle/954ef758d906cb65.jpg,6.583786964416504
landscape/jungle/9d2a5f2a67650af7.jpg,5.8065338134765625
landscape/jungle/a017ac25346efdcd.jpg,6.523015022277832
landscape/jungle/a0b6a1c932eebe9e.jpg,5.625573635101318
landscape/jungle/a1fb2184d465f341.jpg,6.499728202819824
landscape/jungle/a252b3cce303c122.jpg,6.336665630340576
landscape/jungle/a5238772baf25f1c.jpg,6.566451549530029
landscape/jungle/ab535640d044766d.jpg,6.344564437866211
landscape/jungle/aca62414dbfc6952.jpg,6.482645511627197
landscape/jungle/b787fb20a8bfdabf.jpg,6.623570442199707
landscape/jungle/ba2a5a74957098da.jpg,4.404424667358398
landscape/jungle/c810fffff069e9ff.jpg,4.829570293426514
landscape/jungle/c94be4a43769a5bb.jpg,5.775215148925781
landscape/jungle/c9a18643266fb7a8.jpg,6.56487512588501
landscape/jungle/d4bfe00b896bae57.jpg,6.08939266204834
landscape/jungle/d6398d77469357ea.jpg,4.394801616668701
landscape/jungle/d6e62b9cdd80cc1b.jpg,6.536566734313965
landscape/jungle/e6d35f289201c1cf.jpg,6.318783283233643
landscape/jungle/eb54616eb4614fce.jpg,6.637341499328613
landscape/jungle/fbc5c2af6663843f.jpg,4.406285762786865
landscape/lake/0189d61b2c1df778.jpg,5.254035472869873
landscape/lake/02f3a888909fa7d0.jpg,3.945171594619751
landscape/lake/121629e6f8fed1aa.jpg,4.936244010925293
landscape/lake/1531af1a07329fe2.jpg,4.803721904754639
landscape/lake/1ba473b5ff6dd712.jpg,4.249476909637451
landscape/lake/27f9c40c6ceb6958.jpg,6.605135917663574
landscape/lake/28653ee89a48f848.jpg,6.628644943237305
landscape/lake/3209b29eab56bf92.jpg,6.122052192687988
landscape/lake/360be47ca8b33b92.jpg,6.026737689971924
landscape/lake/41e092c947498605.jpg,6.576097011566162
landscape/lake/51e49c24f17069d4.jpg,6.344550132751465
landscape/lake/52eec65ddbd47cea.jpg,6.619830131530762
landscape/lake/59346dfdc14f4b81.jpg,6.588665008544922
landscape/lake/7ba05ca66de3b479.jpg,5.333399295806885
landscape/lake/84de14e092404f46.jpg,5.604639053344727
landscape/lake/8801b338195a6ebe.jpg,5.202439308166504
landscape/lake/905e0d0c54017903.jpg,4.065046310424805
landscape/lake/a2deabc292e18612.jpg,4.498172760009766
landscape/lake/a8e4d1d960175da0.jpg,6.580878734588623
landscape/lake/abfe2c7d1a3c1aa5.jpg,6.526845932006836
landscape/lake/ae833035574352eb.jpg,6.635427951812744
landscape/lake/b429762904ba65cd.jpg,4.585795402526856
landscape/lake/b5f45353f2e7bd92.jpg,4.80904483795166
landscape/lake/c5b9ff0502b34dc7.jpg,6.592327117919922
landscape/lake/c6fac87e188e90d2.jpg,3.376276969909668
landscape/lake/d10f3cdbf37ff710.jpg,6.6283392906188965
landscape/lake/db91a2ed543c33a7.jpg,6.605733871459961
landscape/lake/e0071b5d319321d5.jpg,6.58232307434082
landscape/lake/e276e5799110512a.jpg,4.699524879455566
landscape/lake/ebf78708d9a7bfa8.jpg,6.612185001373291
landscape/lake/ec1ae658ac977b8a.jpg,6.612676620483398
landscape/lake/edcd80d166754c12.jpg,4.101611614227295
landscape/lake/fbb05dd4886b9410.jpg,3.984510660171509
landscape/lake/n03634034_1847.jpg,4.080103874206543
landscape/lake/n03634034_2188.jpg,3.5902562141418457
landscape/lake/n03634034_2423.jpg,3.657649040222168
landscape/lake/n03634034_2582.jpg,5.839042663574219
landscape/lake/n03634034_2654.jpg,5.068399429321289
landscape/lake/n03634034_2801.jpg,3.787787437438965
landscape/lake/n03634034_390.jpg,5.642841339111328
landscape/lake/n03634034_3909.jpg,3.183769941329956
landscape/lake/n03634034_5584.jpg,3.3734164237976074
landscape/lake/n03634034_5626.jpg,4.146841526031494
landscape/lake/n03634034_5967.jpg,4.050383567810059
landscape/lake/n03634034_5998.jpg,5.3008012771606445
landscape/lake/n03634034_724.jpg,5.669233322143555
landscape/lake/n03634034_7346.jpg,6.48358678817749
landscape/lake/n03634034_7461.jpg,6.441147327423096
landscape/lake/n03634034_7614.jpg,6.43981409072876
landscape/lake/n03634034_7778.jpg,3.4732277393341064
landscape/lake/n03634034_7799.jpg,3.957475662231445
landscape/lake/n03634034_7819.jpg,3.8801467418670654
landscape/lake/n03634034_7874.jpg,6.520287990570068
landscape/lake/n03634034_7886.jpg,5.625528335571289
landscape/lake/sun_aafblbfkfftldfxp.jpg,6.587075233459473
landscape/lake/sun_aamfjaaldpjwzuma.jpg,6.50930643081665
landscape/lake/sun_aaquttcuxwjcswwz.jpg,6.573988914489746
landscape/lake/sun_acgqrysmhvkbzwyo.jpg,6.485230445861816
landscape/lake/sun_aermzsgymwllgwbp.jpg,6.594934463500977
landscape/lake/sun_aevfxnytbogyuawg.jpg,6.382712841033936
landscape/lake/sun_agdbqrwoyiuhkrcq.jpg,6.566887378692627
landscape/lake/sun_agqkmpgtfsykydsz.jpg,6.460253715515137
landscape/lake/sun_agqnaqaigkgpfvia.jpg,6.501105308532715
landscape/lake/sun_agsbtxwcxjmbhtqn.jpg,6.283712863922119
landscape/lake/sun_aimobdamklpnaqqd.jpg,6.504418849945068
landscape/lake/sun_aliffdbpuityevxn.jpg,6.528955936431885
landscape/lake/sun_alkjhlciyndwutgg.jpg,6.619857311248779
landscape/lake/sun_amsxxjxupzbpyfqc.jpg,6.565576076507568
landscape/lake/sun_amyfrjfsypqohzav.jpg,6.5737833976745605
landscape/lake/sun_aniklgtqehhkmkze.jpg,6.539420127868652
landscape/lake/sun_annbelexqbhuwvxp.jpg,6.606351375579834
landscape/lake/sun_anpyjbrcltsmcmnj.jpg,6.362919330596924
landscape/lake/sun_anulfarlvylcbpok.jpg,6.479735374450684
landscape/lake/sun_anwqlrkgypvtxleo.jpg,6.553480625152588
landscape/lake/sun_anypncvcngxkbnfz.jpg,6.572353839874268
landscape/lake/sun_aoikosjowjxkztio.jpg,6.243531703948975
landscape/lake/sun_aoskolsljsnaxmsq.jpg,6.549182415008545
landscape/lake/sun_aovleumwusplcnph.jpg,6.457696437835693
landscape/lake/sun_aplvammjpaxzkfse.jpg,6.610103607177734
landscape/lake/sun_aprsgtcazbqqcmis.jpg,6.449162483215332
landscape/lake/sun_ardpcjdpfhimkpdv.jpg,6.475661754608154
landscape/lake/sun_arkltvatcgcorxwq.jpg,6.194741249084473
landscape/lake/sun_asjykgigfzcqfruu.jpg,6.520718097686768
landscape/lake/sun_augbwsnxnnytbbef.jpg,6.473939418792725
landscape/lake/sun_auhihtbsylsxsylt.jpg,6.369962692260742
landscape/lake/sun_avbdzkswapneahnf.jpg,5.778414249420166
landscape/lake/sun_avwymkuzpvjyhzsi.jpg,6.622091770172119
landscape/lake/sun_avyvuodyzgegylua.jpg,6.603659629821777
landscape/lake/sun_axbsstrjsiduwndr.jpg,6.608173370361328
landscape/lake/sun_ayulsueazkzcibcx.jpg,6.524604797363281
landscape/lake/sun_azgczltqhsuihlwx.jpg,6.566887378692627
landscape/lake/sun_azoppdlasvcwmmcb.jpg,5.254284858703613
landscape/lake/sun_azqgwqiysvufsbvt.jpg,6.484651565551758
landscape/lake/sun_azqthtbatlkavgcu.jpg,5.90418815612793
landscape/lake/sun_azzsqbbqkhgkidru.jpg,6.452223777770996
landscape/mangrove/n12345899_10156.jpg,6.426463603973389
landscape/mangrove/n12345899_10290.jpg,6.533771991729736
landscape/mangrove/n12345899_10794.jpg,6.606481075286865
landscape/mangrove/n12345899_11521.jpg,6.392600536346436
landscape/mangrove/n12345899_12758.jpg,6.534956932067871
landscape/mangrove/n12345899_12760.jpg,6.512038230895996
landscape/mangrove/n12345899_14027.jpg,6.611543655395508
landscape/mangrove/n12345899_15016.jpg,6.60139799118042
landscape/mangrove/n12345899_15631.jpg,6.612663269042969
landscape/mangrove/n12345899_16261.jpg,5.9091081619262695
landscape/mangrove/n12345899_16717.jpg,6.392909049987793
landscape/mangrove/n12345899_17176.jpg,6.557126045227051
landscape/mangrove/n12345899_17348.jpg,6.487236976623535
landscape/mangrove/n12345899_18668.jpg,6.511202335357666
landscape/mangrove/n12345899_18938.jpg,6.5896711349487305
landscape/mangrove/n12345899_1922.jpg,6.566339015960693
landscape/mangrove/n12345899_20133.jpg,4.63224983215332
landscape/mangrove/n12345899_2031.jpg,6.603789329528809
landscape/mangrove/n12345899_20312.jpg,5.06355619430542
landscape/mangrove/n12345899_2515.jpg,6.525427341461182
landscape/mangrove/n12345899_2525.jpg,6.571853160858154
landscape/mangrove/n12345899_35032.jpg,6.5061516761779785
landscape/mangrove/n12345899_35112.jpg,6.525012969970703
landscape/mangrove/n12345899_35261.jpg,6.586532115936279
landscape/mangrove/n12345899_3577.jpg,6.322040557861328
landscape/mangrove/n12345899_5004.jpg,6.460155010223389
landscape/mangrove/n12345899_5116.jpg,6.521105766296387
landscape/mangrove/n12345899_5852.jpg,6.554664611816406
landscape/mangrove/n12345899_6053.jpg,6.449886798858643
landscape/mangrove/n12345899_6119.jpg,6.513588905334473
landscape/mangrove/n12345899_6334.jpg,6.605654716491699
landscape/mangrove/n12345899_6522.jpg,6.552051067352295
landscape/mangrove/n12345899_6568.jpg,6.509501934051514
landscape/mangrove/n12345899_7285.jpg,6.560009002685547
landscape/mangrove/n12345899_7590.jpg,6.533328056335449
landscape/mangrove/n12345899_7715.jpg,6.203446865081787
landscape/mangrove/n12345899_7731.jpg,5.625377655029297
landscape/mangrove/n12345899_9324.jpg,6.551272869110107
landscape/mangrove/n12345899_9393.jpg,6.3409929275512695
landscape/mangrove/n12345899_9738.jpg,6.586419582366943
landscape/mangrove/n12345899_9894.jpg,6.574035167694092
landscape/moor/sun_afhmafwoarfodhar.jpg,6.512681007385254
landscape/moor/sun_awtxtsuiqihltaao.jpg,6.572391033172607
landscape/moor/sun_bkehzrazsqlpoues.jpg,4.906024932861328
landscape/moor/sun_bntcgmzpfvbsrugd.jpg,6.524588584899902
landscape/mountain/n09303008_18869.jpg,6.647849082946777
landscape/mountain/n09303008_19041.jpg,6.634409427642822
landscape/mountain/n09303008_19525.jpg,6.632168292999268
landscape/mountain/n09303008_20171.jpg,6.65450382232666
landscape/mountain/n09303008_20522.jpg,6.5653510093688965
landscape/mountain/n09303008_20746.jpg,6.654227256774902
landscape/mountain/n09303008_21092.jpg,6.630249500274658
landscape/mountain/n09303008_21194.jpg,6.637788772583008
landscape/mountain/n09303008_21456.jpg,6.607468605041504
landscape/mountain/n09303008_22139.jpg,4.109557151794434
landscape/mountain/n09303008_22269.jpg,6.55570125579834
landscape/mountain/n09303008_22625.jpg,6.587855339050293
landscape/mountain/n09303008_23881.jpg,6.173272132873535
landscape/mountain/n09303008_24120.jpg,6.657834053039551
landscape/mountain/n09303008_26126.jpg,6.635690212249756
landscape/mountain/n09303008_27637.jpg,6.424399375915527
landscape/mountain/n09303008_27938.jpg,6.595573425292969
landscape/mountain/n09303008_28029.jpg,4.04052209854126
landscape/mountain/n09303008_28116.jpg,6.625537872314453
landscape/mountain/n09303008_29206.jpg,6.65012788772583
landscape/mountain/n09303008_29827.jpg,6.634122371673584
landscape/mountain/n09303008_30166.jpg,6.611536979675293
landscape/mountain/n09303008_30342.jpg,6.643040657043457
landscape/mountain/n09303008_31240.jpg,6.645181179046631
landscape/mountain/n09303008_32547.jpg,6.570627212524414
landscape/mountain/n09303008_33870.jpg,6.495575428009033
landscape/mountain/n09303008_33912.jpg,6.602340221405029
landscape/mountain/n09303008_34084.jpg,6.635570049285889
landscape/mountain/n09303008_920.jpg,5.560654640197754
landscape/mountain/n09359803_14054.jpg,4.831976413726807
landscape/mountain/n09359803_16454.jpg,3.9350194931030273
landscape/mountain/n09359803_18304.jpg,6.5812602043151855
landscape/mountain/n09359803_19326.jpg,6.605076789855957
landscape/mountain/n09359803_19376.jpg,6.489778518676758
landscape/mountain/n09359803_20697.jpg,6.641180992126465
landscape/mountain/n09359803_20911.jpg,6.628036975860596
landscape/mountain/n09359803_22217.jpg,6.59726095199585
landscape/mountain/n09359803_22507.jpg,6.6449809074401855
landscape/mountain/n09359803_22547.jpg,6.564884662628174
landscape/mountain/n09359803_22579.jpg,6.618551731109619
landscape/mountain/n09359803_22815.jpg,6.596109867095947
landscape/mountain/n09359803_22853.jpg,6.630337715148926
landscape/mountain/n09359803_23069.jpg,6.640326976776123
landscape/mountain/n09359803_23220.jpg,6.638730049133301
landscape/mountain/n09359803_23901.jpg,5.960874080657959
landscape/mountain/n09359803_25012.jpg,6.622688293457031
landscape/mountain/n09359803_25365.jpg,6.61454439163208
landscape/mountain/n09359803_25458.jpg,6.606741428375244
landscape/mountain/n09359803_26554.jpg,6.586401462554932
landscape/mountain/n09359803_26561.jpg,6.6009202003479
landscape/mountain/n09359803_26838.jpg,6.598960876464844
landscape/mountain/n09359803_27560.jpg,6.473085880279541
landscape/mountain/n09359803_27594.jpg,6.624115943908691
landscape/mountain/n09359803_28021.jpg,6.617238998413086
landscape/mountain/n09359803_28106.jpg,5.869467735290527
landscape/mountain/n09359803_28260.jpg,6.561988830566406
landscape/mountain/n09359803_28381.jpg,6.5277605056762695
landscape/mountain/n09359803_28999.jpg,6.647617340087891
landscape/mountain/n09359803_29018.jpg,6.636380672454834
landscape/mountain/n09359803_29193.jpg,6.623194217681885
landscape/mountain/n09359803_29305.jpg,6.608779430389404
landscape/mountain/n09359803_29562.jpg,6.630932331085205
landscape/mountain/n09359803_29578.jpg,6.604518890380859
landscape/mountain/n09359803_29863.jpg,6.57887601852417
landscape/mountain/n09359803_30807.jpg,6.654392719268799
landscape/mountain/n09359803_31154.jpg,4.827539443969727
landscape/mountain/n09359803_31886.jpg,6.630971908569336
landscape/mountain/n09359803_32774.jpg,6.626948833465576
landscape/mountain/n09359803_33089.jpg,6.635051250457764
landscape/mountain/n09359803_33544.jpg,6.627761363983154
landscape/mountain/n09359803_36040.jpg,6.555078506469727
landscape/mountain/n09359803_38300.jpg,6.617503643035889
landscape/mountain/n09359803_40561.jpg,6.648965835571289
landscape/mountain/n09359803_40625.jpg,6.618800163269043
landscape/mountain/n09359803_40945.jpg,5.724512100219727
landscape/mountain/n09359803_41173.jpg,6.60722017288208
landscape/mountain/n09359803_41403.jpg,5.924283027648926
landscape/mountain/n09359803_41463.jpg,6.2614922523498535
landscape/mountain/n09359803_41575.jpg,6.550195217132568
landscape/mountain/n09359803_42072.jpg,6.636048316955566
landscape/mountain/n09359803_42246.jpg,6.590168952941895
landscape/mountain/n09359803_42313.jpg,4.963368892669678
landscape/mountain/n09359803_42842.jpg,6.6036529541015625
landscape/mountain/n09359803_43167.jpg,6.643513202667236
landscape/mountain/n09359803_43384.jpg,6.599345684051514
landscape/mountain/n09359803_43782.jpg,6.627482891082764
landscape/mountain/n09359803_43846.jpg,6.585310935974121
landscape/mountain/n09359803_43991.jpg,4.987129211425781
landscape/mountain/n09359803_44106.jpg,6.644306659698486
landscape/mountain/n09359803_44389.jpg,6.551403522491455
landscape/mountain/n09359803_44619.jpg,4.174598693847656
landscape/mountain/n09359803_9166.jpg,6.481238842010498
landscape/pasture/n07801091_36388.jpg,5.752648830413818
landscape/pasture/n07801091_36428.jpg,6.591095447540283
landscape/pasture/n07801091_37014.jpg,6.481393814086914
landscape/pasture/n07801091_37685.jpg,6.575953006744385
landscape/pasture/n07801091_37705.jpg,6.233129978179932
landscape/pasture/n07801091_38101.jpg,5.502114772796631
landscape/pasture/n07801091_38331.jpg,4.464401721954346
landscape/pasture/n07801091_41884.jpg,6.381865501403809
landscape/pasture/n07801091_43670.jpg,5.465348720550537
landscape/pasture/n07801091_45230.jpg,5.251187801361084
landscape/pasture/n07801091_45891.jpg,6.293085098266602
landscape/pasture/n07801091_49081.jpg,6.541378021240234
landscape/pasture/n07801091_50222.jpg,5.8308844566345215
landscape/pasture/n07801091_50536.jpg,6.039748668670654
landscape/pasture/n07801091_50877.jpg,6.3399739265441895
landscape/pasture/n07801091_51542.jpg,5.237912178039551
landscape/pasture/n07801091_55107.jpg,6.410787582397461
landscape/pasture/n07801091_55837.jpg,6.304953575134277
landscape/pasture/n07801091_58513.jpg,5.99722957611084
landscape/pasture/n07801091_58521.jpg,6.037649631500244
landscape/pasture/n07801091_61600.jpg,6.209733009338379
landscape/pasture/n07801091_62259.jpg,6.505651950836182
landscape/pasture/n07801091_63223.jpg,5.738858699798584
landscape/pasture/n07801091_63322.jpg,5.868185997009277
landscape/pasture/n07801091_63360.jpg,6.406126022338867
landscape/pasture/n07801091_63866.jpg,5.963738918304443
landscape/pasture/n07801091_64844.jpg,5.164513111114502
landscape/pasture/n07801091_65173.jpg,4.761209964752197
landscape/pasture/n07801091_65686.jpg,6.565014362335205
landscape/pasture/n07801091_66147.jpg,5.360020637512207
landscape/pasture/n07801091_66989.jpg,6.115393161773682
landscape/pasture/sun_abnigvorwhcefgca.jpg,5.752695083618164
landscape/pasture/sun_achhwicfxehwlifa.jpg,5.934342861175537
landscape/pasture/sun_achtuarilwyqnvjx.jpg,5.084279537200928
landscape/pasture/sun_acrjprsyfggvkvim.jpg,6.1981048583984375
landscape/pasture/sun_acttwlhpglvecxiy.jpg,6.171217441558838
landscape/pasture/sun_agojdaizrmfowfds.jpg,5.337874412536621
landscape/pasture/sun_agtzxvrrikttqpkw.jpg,5.59326171875
landscape/pasture/sun_agyrrzpyfdihxnxw.jpg,5.9035420417785645
landscape/pasture/sun_aixemvmqtgkfhgqj.jpg,5.847226619720459
landscape/pasture/sun_animnddtfoigbagw.jpg,4.859493732452393
landscape/pasture/sun_aobrdfggnifbqbhn.jpg,5.665130615234375
landscape/pasture/sun_aojptgnradlhzcmw.jpg,6.602406978607178
landscape/pasture/sun_apgmmjuifvxsrbuz.jpg,4.34920072555542
landscape/pasture/sun_aphjjmpfcgpkxrvq.jpg,6.224246978759766
landscape/pasture/sun_apsymvokvtzkmvvy.jpg,5.986758232116699
landscape/pasture/sun_aruigsdszusgsffm.jpg,6.511285781860352
landscape/pasture/sun_arusttoegilizoqz.jpg,6.499447822570801
landscape/pasture/sun_arygwafmipcfsweh.jpg,6.503802299499512
landscape/pasture/sun_atpbdrjmgotfoqbe.jpg,6.120774269104004
landscape/pasture/sun_atzflbqtkvlughxp.jpg,4.785629749298096
landscape/pasture/sun_auhghulmqnsysiyp.jpg,6.592387676239014
landscape/pasture/sun_avipgcjbbnedfqla.jpg,6.233450412750244
landscape/pasture/sun_awjqhmphorknpjcn.jpg,6.178214550018311
landscape/pasture/sun_ayaekrkszrutbauj.jpg,5.315321922302246
landscape/pasture/sun_bapxsulexojpepyd.jpg,5.266600608825684
landscape/pasture/sun_bdnhffttgbnjqrxj.jpg,5.897922515869141
landscape/pasture/sun_blfhgrehecmwbptm.jpg,5.670122146606445
landscape/pasture/sun_brstqndatwxkukya.jpg,6.40343713760376
landscape/pasture/sun_bujzmvmaktrcwuqg.jpg,6.024108409881592
landscape/pasture/sun_bzbsfohnoxeimmzi.jpg,6.439577579498291
landscape/plantation/00cffe5e669f340e.jpg,6.313727378845215
landscape/plantation/02208a6a6d4b110c.jpg,5.847835063934326
landscape/plantation/0a13e0401b30a8ab.jpg,5.374971866607666
landscape/plantation/11a5ab42ef7bc654.jpg,6.577792644500732
landscape/plantation/16557ffcb475ee5c.jpg,5.14367151260376
landscape/plantation/2534461df861856c.jpg,6.340158462524414
landscape/plantation/25bed79c007ca4ef.jpg,6.13024377822876
landscape/plantation/271e335e2a64b273.jpg,4.878809452056885
landscape/plantation/278e8a805970f410.jpg,5.1297221183776855
landscape/plantation/28493888abaf73e4.jpg,6.043058395385742
landscape/plantation/2c0fb4cdbd9f1bf3.jpg,5.558044910430908
landscape/plantation/2e815e4330cb123d.jpg,5.1936354637146
landscape/plantation/2ee8e79229b5176f.jpg,6.483694553375244
landscape/plantation/2fd3eb1cc3d5d7d7.jpg,6.466389179229736
landscape/plantation/2fef5d6ff379638a.jpg,6.511749744415283
landscape/plantation/350b2117fd67fe32.jpg,6.390992164611816
landscape/plantation/3f66f34fb35fdb59.jpg,6.499471664428711
landscape/plantation/42daecc83058cdc9.jpg,6.333962440490723
landscape/plantation/45219608ce9955ac.jpg,6.33017110824585
landscape/plantation/462b79af7fb7cbaf.jpg,6.130248069763184
landscape/plantation/4767621f956b3d0c.jpg,6.48163652420044
landscape/plantation/48f14f79a9686d8c.jpg,5.549067497253418
landscape/plantation/4bf766d6039e7e27.jpg,5.767703533172607
landscape/plantation/57a8f443ab6e40a0.jpg,5.560370922088623
landscape/plantation/58d2be049bbcc797.jpg,6.360690116882324
landscape/plantation/5a247b7851af5b38.jpg,5.348922252655029
landscape/plantation/607f72b560affe61.jpg,6.530368804931641
landscape/plantation/66c6c454c46872d0.jpg,5.960193157196045
landscape/plantation/68f57951104d266e.jpg,6.533768653869629
landscape/plantation/69ccdf051c08d9e7.jpg,6.353320121765137
landscape/plantation/6a71ffc629306ddb.jpg,6.296478271484375
landscape/plantation/6abbfbf3c57e559a.jpg,5.576476097106934
landscape/plantation/6b607baa16b43197.jpg,4.750028133392334
landscape/plantation/6d717c219226d63d.jpg,5.395074844360352
landscape/plantation/741923ea73a03dcd.jpg,6.20988130569458
landscape/plantation/7ad6e1f3e4ad0d02.jpg,4.984466075897217
landscape/plantation/7bc77f7a206c721c.jpg,6.00658130645752
landscape/plantation/8368df58858084dd.jpg,5.7280778884887695
landscape/plantation/855fea0c367153b4.jpg,6.52108907699585
landscape/plantation/87cd2486757696e5.jpg,5.543721675872803
landscape/plantation/87e1dc82001b9446.jpg,4.957281112670898
landscape/plantation/8e99579c6d59b4ea.jpg,4.681238174438477
landscape/plantation/92600fb00101ba52.jpg,6.370979309082031
landscape/plantation/95cddaef02ea78b0.jpg,6.293666362762451
landscape/plantation/a0d14ae5864c8735.jpg,6.538787364959717
landscape/plantation/a73d5ae43671e30c.jpg,5.721147537231445
landscape/plantation/ad4514d57db0f8cf.jpg,6.344076156616211
landscape/plantation/ae12eecf37416132.jpg,5.927403926849365
landscape/plantation/b05e042522cd4195.jpg,6.095642566680908
landscape/plantation/b48bc2725b5dabd4.jpg,5.521563529968262
landscape/plantation/b82c24637663e8fe.jpg,6.588443279266357
landscape/plantation/bab0c4f8e845c304.jpg,3.790358543395996
landscape/plantation/bc743d915bf7db9e.jpg,4.699344635009766
landscape/plantation/bdeddf90d587c363.jpg,4.789098739624023
landscape/plantation/bfb6e29e81965ac3.jpg,5.254261493682861
landscape/plantation/c325b519607e21dc.jpg,6.494013786315918
landscape/plantation/c3ad6481a0d00e50.jpg,5.010984897613525
landscape/plantation/c7ce1605bc84863c.jpg,5.079275131225586
landscape/plantation/c7d70655b9d3206f.jpg,4.929841041564941
landscape/plantation/cbfe8950e026a1e4.jpg,5.9724297523498535
landscape/plantation/cc785801d5deda60.jpg,6.0702996253967285
landscape/plantation/cf4c8d5bbc810923.jpg,6.156880855560303
landscape/plantation/d204c81c3d1040ba.jpg,6.154870986938477
landscape/plantation/d459ce6c1872157e.jpg,5.378083229064941
landscape/plantation/d4844275f480e5ce.jpg,6.409909248352051
landscape/plantation/de5b0bc50fb02f86.jpg,6.530086994171143
landscape/plantation/de8c1602324aa20a.jpg,5.110174655914307
landscape/plantation/ebc02c65e5ddfb0d.jpg,5.400623798370361
landscape/plantation/ec9a69a43724e57a.jpg,6.068023681640625
landscape/plantation/ed4ccd8a49df17f4.jpg,5.606270790100098
landscape/plantation/eeb542fae008dadf.jpg,6.189861297607422
landscape/plantation/eef37194bf91e872.jpg,6.168611526489258
landscape/plantation/f75ccf0bf9d264bf.jpg,6.626391410827637
landscape/plantation/f869549ef1bbc8a5.jpg,5.274186134338379
landscape/plantation/sun_adcctdabyxmhioeg.jpg,5.832736968994141
landscape/plantation/sun_afntjoiuzydrvnfm.jpg,6.07763671875
landscape/plantation/sun_agfdrmftdzokxtnc.jpg,5.596400737762451
landscape/plantation/sun_ahtjqejfaqxbfvcn.jpg,5.456477642059326
landscape/plantation/sun_aicvecccjhfzcjnt.jpg,4.81927490234375
landscape/plantation/sun_aioxamlvtxhpnzzt.jpg,4.446706295013428
landscape/plantation/sun_ajruwqvmgkclbhgj.jpg,5.828722953796387
landscape/plantation/sun_akscftsonlgcygdr.jpg,5.876545906066895
landscape/plantation/sun_ampjnwubvqspkvul.jpg,6.532865524291992
landscape/plantation/sun_aokkqrsxsvimuubo.jpg,6.350003242492676
landscape/plantation/sun_aotjqpvjaukupppc.jpg,5.19725513458252
landscape/plantation/sun_apbpvrqbmgpebras.jpg,6.452638626098633
landscape/plantation/sun_apdbcyzwitltnzyz.jpg,4.648768424987793
landscape/plantation/sun_arhsuyqmegcknown.jpg,6.169538497924805
landscape/plantation/sun_auqcoxcgyzzillpg.jpg,5.158312797546387
landscape/plantation/sun_avqdgqfyskuhyqmr.jpg,5.67059850692749
landscape/plantation/sun_avzsmdjhuczsjesf.jpg,5.717401027679443
landscape/plantation/sun_axgmqwzfyslqksrt.jpg,5.701808929443359
landscape/plantation/sun_axkbfhmkopqemnsq.jpg,4.727789402008057
landscape/plantation/sun_axvnhjliovthmykr.jpg,5.942392826080322
landscape/plantation/sun_azygdhuijrbfollv.jpg,6.528411388397217
landscape/plantation/sun_bczwjohiabrbsydx.jpg,5.7641472816467285
landscape/river/n09415671_10421.jpg,5.463816165924072
landscape/river/n09415671_10704.jpg,6.320321559906006
landscape/river/n09415671_10796.jpg,6.486507892608643
landscape/river/n09415671_10825.jpg,6.55572509765625
landscape/river/n09415671_11403.jpg,6.54186487197876
landscape/river/n09415671_11456.jpg,6.670571804046631
landscape/river/n09415671_11747.jpg,6.611308574676514
landscape/river/n09415671_1182.jpg,6.657991886138916
landscape/river/n09415671_12093.jpg,5.943091869354248
landscape/river/n09415671_12526.jpg,6.594794273376465
landscape/river/n09415671_1275.jpg,6.616819381713867
landscape/river/n09415671_13467.jpg,6.62526798248291
landscape/river/n09415671_13740.jpg,6.587711811065674
landscape/river/n09415671_14366.jpg,6.530089378356934
landscape/river/n09415671_14500.jpg,6.586321830749512
landscape/river/n09415671_14641.jpg,6.5464701652526855
landscape/river/n09415671_14688.jpg,6.373262882232666
landscape/river/n09415671_15388.jpg,6.609407901763916
landscape/river/n09415671_15542.jpg,6.578993320465088
landscape/river/n09415671_15736.jpg,6.478222846984863
landscape/river/n09415671_15977.jpg,3.5202383995056152
landscape/river/n09415671_16184.jpg,6.5609636306762695
landscape/river/n09415671_16809.jpg,6.626162528991699
landscape/river/n09415671_17246.jpg,6.605668067932129
landscape/river/n09415671_17299.jpg,5.24461555480957
landscape/river/n09415671_17594.jpg,6.634216785430908
landscape/river/n09415671_17814.jpg,6.461949825286865
landscape/river/n09415671_18136.jpg,6.353365898132324
landscape/river/n09415671_18246.jpg,6.1944732666015625
landscape/river/n09415671_18361.jpg,6.4511308670043945
landscape/river/n09415671_1862.jpg,4.97545862197876
landscape/river/n09415671_18984.jpg,6.561665058135986
landscape/river/n09415671_19391.jpg,6.572159290313721
landscape/river/n09415671_19975.jpg,6.565671920776367
landscape/river/n09415671_20286.jpg,6.600601196289063
landscape/river/n09415671_21046.jpg,6.634775638580322
landscape/river/n09415671_2133.jpg,6.576846599578857
landscape/river/n09415671_22671.jpg,6.5987958908081055
landscape/river/n09415671_23071.jpg,6.442782878875732
landscape/river/n09415671_23261.jpg,6.467806339263916
landscape/river/n09415671_23270.jpg,6.589468002319336
landscape/river/n09415671_2335.jpg,6.6184821128845215
landscape/river/n09415671_2370.jpg,6.624852180480957
landscape/river/n09415671_2555.jpg,6.620136260986328
landscape/river/n09415671_384.jpg,6.604740142822266
landscape/river/n09415671_4032.jpg,6.615825653076172
landscape/river/n09415671_4038.jpg,6.603155136108398
landscape/river/n09415671_4557.jpg,6.649267673492432
landscape/river/n09415671_4661.jpg,6.615726470947266
landscape/river/n09415671_5306.jpg,6.605525970458984
landscape/river/n09415671_5317.jpg,6.625021457672119
landscape/river/n09415671_5470.jpg,6.604751110076904
landscape/river/n09415671_6172.jpg,6.315637588500977
landscape/river/n09415671_6202.jpg,6.2032246589660645
landscape/river/n09415671_6312.jpg,6.591742038726807
landscape/river/n09415671_6406.jpg,6.636679649353027
landscape/river/n09415671_6622.jpg,5.425492286682129
landscape/river/n09415671_6814.jpg,6.590989589691162
landscape/river/n09415671_7674.jpg,6.601532936096191
landscape/river/n09415671_7683.jpg,6.102269649505615
landscape/river/n09415671_8062.jpg,6.4310383796691895
landscape/river/n09415671_8179.jpg,6.599055290222168
landscape/river/n09415671_820.jpg,6.626246929168701
landscape/river/n09415671_8323.jpg,5.862138271331787
landscape/river/n09415671_8779.jpg,6.633640289306641
landscape/river/n09415671_9090.jpg,6.607751369476318
landscape/river/n09415671_9241.jpg,4.973217010498047
landscape/river/n09415671_9361.jpg,6.596907615661621
landscape/river/n09415671_9545.jpg,6.571303367614746
landscape/river/sun_aaflmulbtigwigtw.jpg,6.568458080291748
landscape/river/sun_aawrgbknzaichelh.jpg,5.28819465637207
landscape/river/sun_aayvvermcwqagzgf.jpg,6.370000839233398
landscape/river/sun_abyidesehxlvmzuc.jpg,6.457162380218506
landscape/river/sun_advruofhmqeyqmbx.jpg,5.574239253997803
landscape/river/sun_adzymisuwgypbmao.jpg,6.554841995239258
landscape/river/sun_aeqhdtefbgszpzug.jpg,5.727445602416992
landscape/river/sun_aesztpkgrxeusozn.jpg,5.919925212860107
landscape/river/sun_affakcmrcswctmoq.jpg,6.540533542633057
landscape/river/sun_afsvmhjhzfuawyox.jpg,6.46476936340332
landscape/river/sun_agqwpjyxhwnrmbhy.jpg,6.508235454559326
landscape/river/sun_ahmusbehnhtnvrlo.jpg,6.606646060943604
landscape/river/sun_ahnszpffynlympqu.jpg,6.338390827178955
landscape/river/sun_ajnwquklxhjymhnh.jpg,6.5550618171691895
landscape/river/sun_ammlmcnlqojiatxv.jpg,6.514282703399658
landscape/river/sun_amooihhbpiuhzlcl.jpg,6.505508899688721
landscape/river/sun_angkfadyjildbcqh.jpg,6.4530863761901855
landscape/river/sun_arrowezqnjworpxx.jpg,6.455646991729736
landscape/river/sun_aspvmwpnzvvxbbft.jpg,6.5884528160095215
landscape/river/sun_atyxcoqqxqgneguy.jpg,4.185306072235107
landscape/river/sun_avzchymwhvikuljn.jpg,6.534214973449707
landscape/river/sun_awpobpjinrtgghxi.jpg,6.46662712097168
landscape/river/sun_axdytypgqeudktof.jpg,5.406730175018311
landscape/river/sun_ayvmorfrgjhonmqd.jpg,6.38185453414917
landscape/river/sun_azrlsucrzwyfscww.jpg,6.430086135864258
landscape/savanna/0fbaf2e2db331109.jpg,6.252663612365723
landscape/savanna/103210451eebd2f5.jpg,6.407382965087891
landscape/savanna/1220fa5cbeeaea92.jpg,6.449386119842529
landscape/savanna/128effcd5bc60e5e.jpg,6.488429069519043
landscape/savanna/1a87d5dd9aef60ac.jpg,6.572332382202148
landscape/savanna/1be24711b35392cb.jpg,6.414394855499268
landscape/savanna/1ca15ca38b387c26.jpg,6.536655426025391
landscape/savanna/27ffe9cef7625e56.jpg,5.722915649414063
landscape/savanna/29c331379d184362.jpg,6.607254505157471
landscape/savanna/2b6eb863d44d4527.jpg,6.436863899230957
landscape/savanna/32228339a01b0f4c.jpg,6.490716934204102
landscape/savanna/3b2d53e675f239cd.jpg,6.341139793395996
landscape/savanna/3bc41b56e0708aec.jpg,6.535835266113281
landscape/savanna/48b4b23fb49e4cff.jpg,6.546004295349121
landscape/savanna/4d2286a9e457882b.jpg,6.487607479095459
landscape/savanna/4d38e47c9c74abb5.jpg,6.4465436935424805
landscape/savanna/4f2ffae85d9ce07b.jpg,6.618346691131592
landscape/savanna/5540b1af6082d5e4.jpg,6.512003421783447
landscape/savanna/5ddb40615b3a538e.jpg,6.548619747161865
landscape/savanna/607fc30becccf762.jpg,6.556920051574707
landscape/savanna/69e8bba972867f96.jpg,5.709558010101318
landscape/savanna/7d4174788e63d65a.jpg,4.80150032043457
landscape/savanna/82670f93cd2dc68e.jpg,6.516926288604736
landscape/savanna/94cb6dc3b5293417.jpg,6.586087226867676
landscape/savanna/94ea5b64098dc7b3.jpg,6.549370288848877
landscape/savanna/9953f505d2d420da.jpg,6.5946125984191895
landscape/savanna/99bcf6128cb5d909.jpg,6.491069316864014
landscape/savanna/9edfd68054226fc1.jpg,6.534743309020996
landscape/savanna/a4ec78bc93d37104.jpg,5.504689693450928
landscape/savanna/a5d3b7d5ae1f1cac.jpg,6.617313385009766
landscape/savanna/a64f5a1102622573.jpg,6.429002285003662
landscape/savanna/af398033fcc3c41d.jpg,6.596675872802734
landscape/savanna/bde334346ad9a99a.jpg,5.852546215057373
landscape/savanna/c2cf779148d8142f.jpg,6.540663242340088
landscape/savanna/cc2e862c89a4f45f.jpg,6.589308738708496
landscape/savanna/d01f571534b26568.jpg,6.576405048370361
landscape/savanna/d24a3c9f1ee2c89f.jpg,6.377642631530762
landscape/savanna/def4db8f3fd6c7da.jpg,6.450502872467041
landscape/savanna/e02a4720aa913ac8.jpg,6.284969806671143
landscape/savanna/e2fc18d1ca1800c0.jpg,6.536215782165527
landscape/savanna/e8854814ca821f95.jpg,6.528613567352295
landscape/savanna/f0bb0e12e0b58962.jpg,6.124602794647217
landscape/savanna/f0dc35cfaad9d472.jpg,6.51132345199585
landscape/savanna/f289e75ca547ea1a.jpg,5.325322151184082
landscape/savanna/f2c8fdf66d47e4c7.jpg,6.557069778442383
landscape/savanna/f923fd734ad6a56a.jpg,6.573341369628906
landscape/savanna/sun_affghkaeecrxnupq.jpg,6.410287857055664
landscape/savanna/sun_aqbpztfbkpkfbxqx.jpg,6.539985656738281
landscape/savanna/sun_azmnsxrpcylcebsm.jpg,6.427137851715088
landscape/sea/n09376198_10146.jpg,6.545499324798584
landscape/sea/n09376198_10640.jpg,6.610087394714356
landscape/sea/n09376198_10845.jpg,6.6107096672058105
landscape/sea/n09376198_10901.jpg,6.588084220886231
landscape/sea/n09376198_11171.jpg,6.603967666625977
landscape/sea/n09376198_11360.jpg,6.645243644714356
landscape/sea/n09376198_12294.jpg,6.276628017425537
landscape/sea/n09376198_12692.jpg,6.60354471206665
landscape/sea/n09376198_13588.jpg,6.298020362854004
landscape/sea/n09376198_13928.jpg,4.04390811920166
landscape/sea/n09376198_1396.jpg,6.425070762634277
landscape/sea/n09376198_14485.jpg,6.508309841156006
landscape/sea/n09376198_14571.jpg,6.525824546813965
landscape/sea/n09376198_15308.jpg,6.596302509307861
landscape/sea/n09376198_15319.jpg,6.569815158843994
landscape/sea/n09376198_15467.jpg,6.619227409362793
landscape/sea/n09376198_15858.jpg,6.553130626678467
landscape/sea/n09376198_16065.jpg,5.616422176361084
landscape/sea/n09376198_16253.jpg,6.567234039306641
landscape/sea/n09376198_16513.jpg,6.579996585845947
landscape/sea/n09376198_16757.jpg,6.579331874847412
landscape/sea/n09376198_17428.jpg,6.615245819091797
landscape/sea/n09376198_178.jpg,6.5959882736206055
landscape/sea/n09376198_18482.jpg,5.525498390197754
landscape/sea/n09376198_18827.jpg,6.588596820831299
landscape/sea/n09376198_19021.jpg,6.536252021789551
landscape/sea/n09376198_19190.jpg,3.557147741317749
landscape/sea/n09376198_19264.jpg,6.54192590713501
landscape/sea/n09376198_19423.jpg,6.577488422393799
landscape/sea/n09376198_19547.jpg,6.548060417175293
landscape/sea/n09376198_19552.jpg,6.574551582336426
landscape/sea/n09376198_19558.jpg,6.565014839172363
landscape/sea/n09376198_19782.jpg,6.591065406799316
landscape/sea/n09376198_19981.jpg,6.61996603012085
landscape/sea/n09376198_20029.jpg,6.591161727905273
landscape/sea/n09376198_20394.jpg,6.612565517425537
landscape/sea/n09376198_20395.jpg,6.634271621704102
landscape/sea/n09376198_20425.jpg,6.460904121398926
landscape/sea/n09376198_20436.jpg,6.547375679016113
landscape/sea/n09376198_20956.jpg,6.633518695831299
landscape/sea/n09376198_21118.jpg,6.6253743171691895
landscape/sea/n09376198_21174.jpg,6.540439605712891
landscape/sea/n09376198_21192.jpg,6.576159954071045
landscape/sea/n09376198_21260.jpg,6.599682807922363
landscape/sea/n09376198_21281.jpg,6.584904670715332
landscape/sea/n09376198_21338.jpg,6.59740161895752
landscape/sea/n09376198_21383.jpg,6.4740891456604
landscape/sea/n09376198_21539.jpg,6.612349510192871
landscape/sea/n09376198_21567.jpg,6.589704513549805
landscape/sea/n09376198_21630.jpg,6.553781509399414
landscape/sea/n09376198_22026.jpg,6.6098222732543945
landscape/sea/n09376198_22167.jpg,6.56787109375
landscape/sea/n09376198_22369.jpg,6.616394519805908
landscape/sea/n09376198_22377.jpg,6.578190326690674
landscape/sea/n09376198_22448.jpg,6.467545986175537
landscape/sea/n09376198_22644.jpg,6.582107067108154
landscape/sea/n09376198_22707.jpg,6.543235778808594
landscape/sea/n09376198_22948.jpg,6.613504409790039
landscape/sea/n09376198_26839.jpg,6.617956638336182
landscape/sea/n09376198_2958.jpg,6.599902153015137
landscape/sea/n09376198_3096.jpg,6.586297512054443
landscape/sea/n09376198_3149.jpg,6.617694854736328
landscape/sea/n09376198_32430.jpg,5.762357711791992
landscape/sea/n09376198_34266.jpg,6.454080104827881
landscape/sea/n09376198_34637.jpg,6.59839391708374
landscape/sea/n09376198_35698.jpg,6.561083793640137
landscape/sea/n09376198_39046.jpg,6.567392349243164
landscape/sea/n09376198_39749.jpg,6.597637176513672
landscape/sea/n09376198_4578.jpg,6.61714506149292
landscape/sea/n09376198_5120.jpg,6.600991725921631
landscape/sea/n09376198_5439.jpg,6.601494312286377
landscape/sea/n09376198_5884.jpg,6.624602794647217
landscape/sea/n09376198_6163.jpg,6.615352153778076
landscape/sea/n09376198_6338.jpg,6.569450378417969
landscape/sea/n09376198_7248.jpg,6.624410629272461
landscape/sea/n09376198_7849.jpg,6.616270542144775
landscape/sea/n09376198_8264.jpg,6.636904239654541
landscape/sea/n09376198_9191.jpg,6.552751541137695
landscape/sea/n09376198_9273.jpg,6.577402114868164
landscape/sea/n09376198_9918.jpg,3.8349123001098633
landscape/shore/n09217230_10187.jpg,4.736325263977051
landscape/shore/n09217230_1085.jpg,6.427027702331543
landscape/shore/n09217230_11848.jpg,4.374917030334473
landscape/shore/n09217230_1761.jpg,6.527252674102783
landscape/shore/n09217230_2326.jpg,6.562538146972656
landscape/shore/n09217230_2449.jpg,6.0486741065979
landscape/shore/n09217230_2843.jpg,3.8671212196350098
landscape/shore/n09217230_3790.jpg,6.5388946533203125
landscape/shore/n09217230_3880.jpg,6.491271495819092
landscape/shore/n09217230_3956.jpg,6.425047874450684
landscape/shore/n09217230_4020.jpg,6.608234882354736
landscape/shore/n09217230_4030.jpg,5.034611701965332
landscape/shore/n09217230_4382.jpg,3.0797455310821533
landscape/shore/n09217230_469.jpg,6.557474136352539
landscape/shore/n09217230_4829.jpg,6.51544189453125
landscape/shore/n09217230_5502.jpg,6.594173431396484
landscape/shore/n09217230_6082.jpg,3.2664458751678467
landscape/shore/n09217230_6184.jpg,6.482268810272217
landscape/shore/n09217230_6883.jpg,5.098723888397217
landscape/shore/n09217230_702.jpg,6.481055736541748
landscape/shore/n09217230_7993.jpg,6.613008499145508
landscape/shore/n09217230_815.jpg,4.7870965003967285
landscape/shore/n09217230_8235.jpg,4.9604692459106445
landscape/shore/n09217230_8385.jpg,6.534265518188477
landscape/shore/n09217230_9181.jpg,5.531706809997559
landscape/shore/n09217230_9267.jpg,6.584534645080566
landscape/shore/n09217230_9549.jpg,5.615023136138916
landscape/shore/n09421951_10070.jpg,6.614321231842041
landscape/shore/n09421951_10110.jpg,6.527884006500244
landscape/shore/n09421951_10569.jpg,6.588542938232422
landscape/shore/n09421951_10886.jpg,6.587467670440674
landscape/shore/n09421951_10974.jpg,6.633983612060547
landscape/shore/n09421951_11041.jpg,6.4467620849609375
landscape/shore/n09421951_11091.jpg,3.861674070358277
landscape/shore/n09421951_11154.jpg,6.574423313140869
landscape/shore/n09421951_11329.jpg,6.535731315612793
landscape/shore/n09421951_11637.jpg,6.186213970184326
landscape/shore/n09421951_11867.jpg,6.566999435424805
landscape/shore/n09421951_12169.jpg,6.613157749176025
landscape/shore/n09421951_12490.jpg,6.51446008682251
landscape/shore/n09421951_12946.jpg,6.476133823394775
landscape/shore/n09421951_13036.jpg,6.626065254211426
landscape/shore/n09421951_13122.jpg,3.987854242324829
landscape/shore/n09421951_14335.jpg,6.368777751922607
landscape/shore/n09421951_1478.jpg,6.016488552093506
landscape/shore/n09421951_1517.jpg,6.218202114105225
landscape/shore/n09421951_16577.jpg,6.59863805770874
landscape/shore/n09421951_16876.jpg,4.728508472442627
landscape/shore/n09421951_16936.jpg,5.431933403015137
landscape/shore/n09421951_18936.jpg,6.539067268371582
landscape/shore/n09421951_19955.jpg,6.611752510070801
landscape/shore/n09421951_22443.jpg,5.924978733062744
landscape/shore/n09421951_24316.jpg,5.4510416984558105
landscape/shore/n09421951_25160.jpg,6.61181640625
landscape/shore/n09421951_32540.jpg,6.544890880584717
landscape/shore/n09421951_34496.jpg,6.442342281341553
landscape/shore/n09421951_5438.jpg,3.963870286941528
landscape/shore/n09421951_6821.jpg,5.792546272277832
landscape/shore/n09421951_8175.jpg,6.556807994842529
landscape/shore/n09421951_9201.jpg,6.129445552825928
landscape/shore/n09421951_9815.jpg,6.598114490509033
landscape/shore/n09421951_9868.jpg,6.509077548980713
landscape/shore/n09428293_11949.jpg,5.963603019714356
landscape/shore/n09428293_16245.jpg,6.610565662384033
landscape/shore/n09428293_16948.jpg,6.386254787445068
landscape/shore/n09428293_17140.jpg,5.548550605773926
landscape/shore/n09428293_18874.jpg,6.574376106262207
landscape/shore/n09428293_22476.jpg,6.610326766967773
landscape/shore/n09428293_22601.jpg,4.30124044418335
landscape/shore/n09428293_23069.jpg,6.608956813812256
landscape/shore/n09428293_2560.jpg,6.6206488609313965
landscape/shore/n09428293_2791.jpg,6.531424045562744
landscape/shore/n09428293_28986.jpg,6.578909873962402
landscape/shore/n09428293_29070.jpg,6.589964389801025
landscape/shore/n09428293_31902.jpg,6.609041213989258
landscape/shore/n09428293_3297.jpg,6.536933422088623
landscape/shore/n09428293_3364.jpg,6.511320114135742
landscape/shore/n09428293_36393.jpg,4.462022304534912
landscape/shore/n09428293_36611.jpg,6.530951499938965
landscape/shore/n09428293_39006.jpg,6.616428852081299
landscape/shore/n09428293_39677.jpg,6.038207054138184
landscape/shore/n09428293_39748.jpg,6.589235305786133
landscape/shore/n09428293_42334.jpg,6.560784339904785
landscape/shore/n09428293_42620.jpg,6.583702087402344
landscape/shore/n09428293_45308.jpg,5.013605117797852
landscape/shore/n09428293_46696.jpg,6.426909446716309
landscape/shore/n09428293_47263.jpg,6.586670398712158
landscape/shore/n09428293_48339.jpg,6.639443874359131
landscape/shore/n09428293_48813.jpg,5.4012956619262695
landscape/shore/n09428293_5897.jpg,6.644909381866455
landscape/shore/n09428293_5995.jpg,3.640493631362915
landscape/shore/n09428293_6924.jpg,4.346145153045654
landscape/shore/n09428293_8630.jpg,6.561192035675049
landscape/snowscape/05fc797747b43738.jpg,6.551296234130859
landscape/snowscape/0ce0499b7f00cb0e.jpg,6.505058765411377
landscape/snowscape/19f5c3b3a490beff.jpg,4.157161712646484
landscape/snowscape/2f6ce20f6f244efe.jpg,4.209629058837891
landscape/snowscape/3586e65570d0d5d0.jpg,6.542403221130371
landscape/snowscape/4bec8df46cf13743.jpg,6.499730587005615
landscape/snowscape/4d8d416b795f90cc.jpg,6.591392993927002
landscape/snowscape/4fc1bb40ea85f55f.jpg,6.545949459075928
landscape/snowscape/55d0a0c0726ac856.jpg,6.467715263366699
landscape/snowscape/64153332024189ae.jpg,5.134305953979492
landscape/snowscape/71cc96ab89df1c70.jpg,5.084290027618408
landscape/snowscape/71ce7459bc05596d.jpg,3.594491004943848
landscape/snowscape/781c958107e86dcb.jpg,6.479243278503418
landscape/snowscape/7aeecee8b9b7264c.jpg,6.310579299926758
landscape/snowscape/806fa9b58d39f10e.jpg,3.767910957336426
landscape/snowscape/8880c064ecd79e96.jpg,6.548437595367432
landscape/snowscape/89053529c35762a7.jpg,6.4578471183776855
landscape/snowscape/8bd2659c2ac5b9d5.jpg,6.540011405944824
landscape/snowscape/8f8a5518eb347887.jpg,4.262653827667236
landscape/snowscape/935128a44d4c1dd7.jpg,6.425371646881104
landscape/snowscape/9e5cecaecfb75373.jpg,6.611639499664307
landscape/snowscape/a6fe554f214c9f6d.jpg,6.548400402069092
landscape/snowscape/a8d0951911af67f8.jpg,6.468512535095215
landscape/snowscape/ac879fc4fd66b750.jpg,6.493956089019775
landscape/snowscape/afac9fee5ef5f397.jpg,5.223451614379883
landscape/snowscape/b824501af079ad43.jpg,6.467776775360107
landscape/snowscape/bde032dcf7d9ef26.jpg,6.413486957550049
landscape/snowscape/c1a866badf03b36b.jpg,4.263566017150879
landscape/snowscape/cbc706734e8e11cf.jpg,4.661345481872559
landscape/snowscape/df1a1069546aaebe.jpg,6.485849380493164
landscape/snowscape/ee54fa153e633643.jpg,6.339345932006836
landscape/snowscape/sun_abaavqlfhfgrtrmp.jpg,6.501134872436523
landscape/snowscape/sun_abdqfmnccfyuqsjh.jpg,6.541755676269531
landscape/snowscape/sun_acecbesdnsqijtva.jpg,6.604030132293701
landscape/snowscape/sun_acpxaistqyimycdc.jpg,6.641606330871582
landscape/snowscape/sun_adykjroazbibmkha.jpg,6.540727138519287
landscape/snowscape/sun_adzygjwtekacvdto.jpg,6.614751815795898
landscape/snowscape/sun_afopyurpnywisbmw.jpg,6.640768527984619
landscape/snowscape/sun_agadveshuygeffkr.jpg,4.5339436531066895
landscape/snowscape/sun_ahxzmmzdtjzohvyj.jpg,6.3878703117370605
landscape/snowscape/sun_alynwiithdespexf.jpg,6.590672492980957
landscape/snowscape/sun_aoyxvextaeonmyll.jpg,6.611233711242676
landscape/snowscape/sun_apegpjzinrnvstub.jpg,6.548461437225342
landscape/snowscape/sun_aqwjbpirzjyacvtj.jpg,6.4824538230896
landscape/snowscape/sun_areyvdkepydnktvx.jpg,6.606274127960205
landscape/snowscape/sun_aukiwgmfpeqonurb.jpg,6.60396146774292
landscape/snowscape/sun_auyawxqigfkfzqic.jpg,6.627101421356201
landscape/snowscape/sun_ayrqfcydyciyvrla.jpg,6.28673791885376
landscape/tundra/350146445a1383f8.jpg,6.599679946899414
landscape/tundra/39d1ce9574b2df8f.jpg,6.568334102630615
landscape/tundra/84a6fdae233656a5.jpg,6.4801926612854
landscape/tundra/89752c9eaf281151.jpg,6.625086784362793
landscape/tundra/bb4f781adbf5b2d0.jpg,6.571424007415772
landscape/tundra/c7b48e1905d50d55.jpg,6.617619514465332
landscape/tundra/db62ab391029b2af.jpg,6.561922073364258
landscape/tundra/db80f3b3f678bc15.jpg,6.599359512329102
landscape/tundra/de4baf73e70f9556.jpg,6.59774112701416
landscape/tundra/sun_acjgmeycvyfhcccn.jpg,6.620960235595703
landscape/tundra/sun_andjgmkvgepklowz.jpg,6.58609676361084
landscape/tundra/sun_anxrlsxtawqfsams.jpg,6.380702018737793
landscape/tundra/sun_avauwsvpzzujahyj.jpg,6.008674144744873
landscape/tundra/sun_aysvauwwrhbjujnn.jpg,6.548399925231934
landscape/valley/n09468604_10320.jpg,6.645096778869629
landscape/valley/n09468604_10646.jpg,6.623327255249023
landscape/valley/n09468604_11173.jpg,6.627593040466309
landscape/valley/n09468604_11652.jpg,6.609501838684082
landscape/valley/n09468604_12333.jpg,6.635173320770264
landscape/valley/n09468604_13099.jpg,6.5995306968688965
landscape/valley/n09468604_14047.jpg,6.6090898513793945
landscape/valley/n09468604_15022.jpg,6.492664813995361
landscape/valley/n09468604_15189.jpg,6.578648567199707
landscape/valley/n09468604_15562.jpg,4.01365852355957
landscape/valley/n09468604_15592.jpg,6.604812145233154
landscape/valley/n09468604_15728.jpg,5.4307942390441895
landscape/valley/n09468604_15732.jpg,6.620131015777588
landscape/valley/n09468604_1698.jpg,6.6594061851501465
landscape/valley/n09468604_17442.jpg,6.614168643951416
landscape/valley/n09468604_18394.jpg,6.654502868652344
landscape/valley/n09468604_18462.jpg,6.612963676452637
landscape/valley/n09468604_18467.jpg,6.174648761749268
landscape/valley/n09468604_18802.jpg,6.601736068725586
landscape/valley/n09468604_18945.jpg,6.573751926422119
landscape/valley/n09468604_21841.jpg,5.5133056640625
landscape/valley/n09468604_22268.jpg,5.905823707580566
landscape/valley/n09468604_22272.jpg,6.629852771759033
landscape/valley/n09468604_22643.jpg,6.599010467529297
landscape/valley/n09468604_22958.jpg,6.6334228515625
landscape/valley/n09468604_23170.jpg,6.637424945831299
landscape/valley/n09468604_23201.jpg,6.601733207702637
landscape/valley/n09468604_23209.jpg,6.59500789642334
landscape/valley/n09468604_23607.jpg,5.029136657714844
landscape/valley/n09468604_25264.jpg,5.1239824295043945
landscape/valley/n09468604_25273.jpg,6.544431686401367
landscape/valley/n09468604_25432.jpg,6.624190807342529
landscape/valley/n09468604_25771.jpg,6.547808170318604
landscape/valley/n09468604_26256.jpg,6.601438522338867
landscape/valley/n09468604_26361.jpg,6.59842586517334
landscape/valley/n09468604_2749.jpg,6.5033063888549805
landscape/valley/n09468604_27551.jpg,6.60839319229126
landscape/valley/n09468604_28705.jpg,6.621884822845459
landscape/valley/n09468604_28822.jpg,6.490312576293945
landscape/valley/n09468604_29491.jpg,6.595524311065674
landscape/valley/n09468604_30970.jpg,6.600924491882324
landscape/valley/n09468604_31008.jpg,6.6052985191345215
landscape/valley/n09468604_31670.jpg,5.561028957366943
landscape/valley/n09468604_37803.jpg,4.664418697357178
landscape/valley/n09468604_37892.jpg,6.643746852874756
landscape/valley/n09468604_40668.jpg,6.62691068649292
landscape/valley/n09468604_40956.jpg,5.380488872528076
landscape/valley/n09468604_41325.jpg,6.636267185211182
landscape/valley/n09468604_42258.jpg,6.648297309875488
landscape/valley/n09468604_43204.jpg,6.550229549407959
landscape/valley/n09468604_44686.jpg,6.641141891479492
landscape/valley/n09468604_44919.jpg,6.58638334274292
landscape/valley/n09468604_45655.jpg,6.635436058044434
landscape/valley/n09468604_45739.jpg,6.304760932922363
landscape/valley/n09468604_46566.jpg,6.622979164123535
landscape/valley/n09468604_47076.jpg,6.521832942962647
landscape/valley/n09468604_4718.jpg,6.608722686767578
landscape/valley/n09468604_47447.jpg,6.231162071228027
landscape/valley/n09468604_47515.jpg,6.596656322479248
landscape/valley/n09468604_48585.jpg,5.439622402191162
landscape/valley/n09468604_48588.jpg,6.572934150695801
landscape/valley/n09468604_51222.jpg,4.363716125488281
landscape/valley/n09468604_51684.jpg,6.61556339263916
landscape/valley/n09468604_51842.jpg,6.510207176208496
landscape/valley/n09468604_51925.jpg,6.536401271820068
landscape/valley/n09468604_52089.jpg,6.590116024017334
landscape/valley/n09468604_52463.jpg,6.509624481201172
landscape/valley/n09468604_53301.jpg,6.590330123901367
landscape/valley/n09468604_54577.jpg,6.620567321777344
landscape/valley/n09468604_55932.jpg,6.637330532073975
landscape/valley/n09468604_56818.jpg,6.509734153747559
landscape/valley/n09468604_56838.jpg,6.609177589416504
landscape/valley/n09468604_57181.jpg,6.5629658699035645
landscape/valley/n09468604_57366.jpg,4.991252899169922
landscape/valley/n09468604_57440.jpg,6.574985980987549
landscape/valley/n09468604_57462.jpg,6.601175308227539
landscape/valley/n09468604_57854.jpg,6.424435615539551
landscape/valley/n09468604_58023.jpg,6.631465911865234
landscape/valley/n09468604_58663.jpg,6.526525020599365
landscape/valley/n09468604_58752.jpg,6.583676338195801
landscape/valley/n09468604_58896.jpg,6.266805171966553
landscape/valley/n09468604_5936.jpg,6.634247779846191
landscape/valley/n09468604_61717.jpg,6.64973783493042
landscape/valley/n09468604_67249.jpg,6.634505748748779
landscape/valley/n09468604_6877.jpg,4.282981872558594
landscape/valley/n09468604_71480.jpg,6.549832344055176
landscape/valley/n09468604_7536.jpg,6.619612693786621
landscape/valley/n09468604_7588.jpg,6.612235069274902
landscape/valley/n09468604_77948.jpg,6.582634925842285
landscape/valley/n09468604_8336.jpg,6.654178619384766
landscape/valley/n09468604_84812.jpg,6.597939014434815
landscape/valley/n09468604_86524.jpg,6.354241847991943
landscape/valley/n09468604_86976.jpg,6.588578701019287
landscape/valley/n09468604_88070.jpg,6.577966690063477
landscape/valley/n09468604_8862.jpg,6.592662811279297
landscape/valley/n09468604_89593.jpg,6.521512031555176
landscape/valley/n09468604_9047.jpg,6.621361255645752
landscape/valley/n09468604_936.jpg,6.535489559173584
landscape/valley/n09468604_995.jpg,6.633715629577637
landscape/volcano/n09472597_110.jpg,6.601264476776123
landscape/volcano/n09472597_11258.jpg,6.621755123138428
landscape/volcano/n09472597_11576.jpg,6.653388977050781
landscape/volcano/n09472597_13289.jpg,6.6338653564453125
landscape/volcano/n09472597_13841.jpg,6.61043643951416
landscape/volcano/n09472597_13955.jpg,6.57993745803833
landscape/volcano/n09472597_1402.jpg,6.565900802612305
landscape/volcano/n09472597_14293.jpg,6.590269088745117
landscape/volcano/n09472597_14301.jpg,6.597889423370361
landscape/volcano/n09472597_1451.jpg,6.637971878051758
landscape/volcano/n09472597_14703.jpg,6.529709339141846
landscape/volcano/n09472597_14890.jpg,6.579665184020996
landscape/volcano/n09472597_15189.jpg,6.644680976867676
landscape/volcano/n09472597_15575.jpg,6.606674671173096
landscape/volcano/n09472597_15965.jpg,6.565793514251709
landscape/volcano/n09472597_16372.jpg,6.57063102722168
landscape/volcano/n09472597_18060.jpg,6.543238639831543
landscape/volcano/n09472597_19101.jpg,6.576830863952637
landscape/volcano/n09472597_20789.jpg,6.606947422027588
landscape/volcano/n09472597_20993.jpg,6.635207653045654
landscape/volcano/n09472597_21205.jpg,6.633965492248535
landscape/volcano/n09472597_21426.jpg,6.548218250274658
landscape/volcano/n09472597_21598.jpg,6.16310977935791
landscape/volcano/n09472597_22017.jpg,6.599636554718018
landscape/volcano/n09472597_22187.jpg,6.640719413757324
landscape/volcano/n09472597_22636.jpg,6.567480087280273
landscape/volcano/n09472597_22750.jpg,5.307668209075928
landscape/volcano/n09472597_22784.jpg,6.599551200866699
landscape/volcano/n09472597_22931.jpg,6.626330375671387
landscape/volcano/n09472597_23094.jpg,6.626355171203613
landscape/volcano/n09472597_23273.jpg,6.5569281578063965
landscape/volcano/n09472597_25917.jpg,6.6312336921691895
landscape/volcano/n09472597_26604.jpg,6.616252422332764
landscape/volcano/n09472597_28483.jpg,6.439703464508057
landscape/volcano/n09472597_28880.jpg,6.621770858764648
landscape/volcano/n09472597_29182.jpg,6.657362937927246
landscape/volcano/n09472597_29254.jpg,6.606440544128418
landscape/volcano/n09472597_29474.jpg,5.905534267425537
landscape/volcano/n09472597_29583.jpg,6.625905990600586
landscape/volcano/n09472597_29635.jpg,6.617241382598877
landscape/volcano/n09472597_30060.jpg,6.653426647186279
landscape/volcano/n09472597_30936.jpg,6.573020935058594
landscape/volcano/n09472597_31092.jpg,6.491084575653076
landscape/volcano/n09472597_31129.jpg,6.196489334106445
landscape/volcano/n09472597_31535.jpg,6.598079681396484
landscape/volcano/n09472597_32202.jpg,6.620861053466797
landscape/volcano/n09472597_32918.jpg,6.578856945037842
landscape/volcano/n09472597_33013.jpg,6.581726551055908
landscape/volcano/n09472597_3365.jpg,6.56556510925293
landscape/volcano/n09472597_33772.jpg,6.654948711395264
landscape/volcano/n09472597_33908.jpg,6.509403705596924
landscape/volcano/n09472597_34625.jpg,6.612278938293457
landscape/volcano/n09472597_34952.jpg,6.624279499053955
landscape/volcano/n09472597_35837.jpg,6.602200031280518
landscape/volcano/n09472597_36813.jpg,6.575732231140137
landscape/volcano/n09472597_39958.jpg,6.582523345947266
landscape/volcano/n09472597_40484.jpg,5.819353103637695
landscape/volcano/n09472597_40572.jpg,6.6170172691345215
landscape/volcano/n09472597_4395.jpg,6.623626708984375
landscape/volcano/n09472597_446.jpg,6.600552082061768
landscape/volcano/n09472597_4600.jpg,6.55618953704834
landscape/volcano/n09472597_4661.jpg,6.618815898895264
landscape/volcano/n09472597_4882.jpg,6.611065864562988
landscape/volcano/n09472597_49039.jpg,6.578904628753662
landscape/volcano/n09472597_4921.jpg,6.575909614562988
landscape/volcano/n09472597_495.jpg,6.637153148651123
landscape/volcano/n09472597_51341.jpg,6.521526336669922
landscape/volcano/n09472597_52504.jpg,5.841187477111816
landscape/volcano/n09472597_52918.jpg,6.56162166595459
landscape/volcano/n09472597_57437.jpg,6.645353317260742
landscape/volcano/n09472597_8510.jpg,6.52758264541626
landscape/volcano/n09472597_8828.jpg,6.633344650268555
landscape/volcano/n09472597_9059.jpg,6.592323780059815
landscape/waterfall/sun_aajijsiddvaqjsct.jpg,6.621809959411621
landscape/waterfall/sun_aasvwavwelwxbdwa.jpg,6.594825267791748
landscape/waterfall/sun_aazndklnazhmuylc.jpg,6.603333473205566
landscape/waterfall/sun_aazwxarwchtbkpuq.jpg,6.579809665679932
landscape/waterfall/sun_abuwqcofbenlwulz.jpg,6.445856094360352
landscape/waterfall/sun_abyqjaauygibkhrj.jpg,6.336095333099365
landscape/waterfall/sun_acmlcxobalurtcmq.jpg,6.287586212158203
landscape/waterfall/sun_actmttqigwnqffqy.jpg,6.580243110656738
landscape/waterfall/sun_acvfzparkonwhuzc.jpg,6.4293317794799805
landscape/waterfall/sun_addjezlmejyekcyx.jpg,6.5726752281188965
landscape/waterfall/sun_adgraqjkdvtsdonf.jpg,6.565566539764404
landscape/waterfall/sun_adnvqdckimyapvud.jpg,6.554961204528809
landscape/waterfall/sun_aecefabfvaewllpg.jpg,6.60003662109375
landscape/waterfall/sun_aedgmxjwesqbepdt.jpg,6.580707550048828
landscape/waterfall/sun_aeeghadhhuojbxox.jpg,6.534833908081055
landscape/waterfall/sun_aeqvxsrjzbspqkaf.jpg,6.587789535522461
landscape/waterfall/sun_aftivwxsckmpeers.jpg,6.621896743774414
landscape/waterfall/sun_agaqfmzbvvklorsd.jpg,6.538270950317383
landscape/waterfall/sun_agewmeasxmzncpsq.jpg,6.588114261627197
landscape/waterfall/sun_aggfowjpvviyezvb.jpg,6.618863582611084
landscape/waterfall/sun_agmklurggoatzncs.jpg,6.487480163574219
landscape/waterfall/sun_ahtmadjqgksjnnnb.jpg,6.617895126342773
landscape/waterfall/sun_ahtyqauxfdffljjd.jpg,6.509885311126709
landscape/waterfall/sun_ahtyrtpnrhzwuqfj.jpg,6.570856094360352
landscape/waterfall/sun_airsqilzdpyaobsx.jpg,6.522645473480225
landscape/waterfall/sun_ajaqcrkgltsnneau.jpg,6.477973937988281
landscape/waterfall/sun_ajwqxxwrgdohmnpv.jpg,5.686221599578857
landscape/waterfall/sun_akihhfvylreuhukq.jpg,6.615023136138916
landscape/waterfall/sun_akjcpujabvbrcdxl.jpg,6.569080352783203
landscape/waterfall/sun_akucsyjeserxgfrm.jpg,6.558683395385742
landscape/waterfall/sun_akunqvyxlnqigojo.jpg,6.596446514129639
landscape/waterfall/sun_akvekvlcibmjxdeu.jpg,6.593432903289795
landscape/waterfall/sun_albhdrmnbnbrgpak.jpg,6.6189069747924805
landscape/waterfall/sun_alheovotlhwqzvmo.jpg,6.585484504699707
landscape/waterfall/sun_alkqpiswgzkpmocc.jpg,6.602421760559082
landscape/waterfall/sun_amevzodkyjpljcde.jpg,6.423128604888916
landscape/waterfall/sun_amplwdrwrticntps.jpg,6.62455415725708
landscape/waterfall/sun_andvaoamnpthswld.jpg,6.579715728759766
landscape/waterfall/sun_anlbtbdfjkxivzbt.jpg,6.577758312225342
landscape/waterfall/sun_anovxjalxvtgcqhf.jpg,6.55389928817749
landscape/waterfall/sun_aojesriwyfxrcrqz.jpg,6.591601848602295
landscape/waterfall/sun_apeqefglcpzjswde.jpg,6.55472993850708
landscape/waterfall/sun_aqznudiptidvajwc.jpg,6.608776092529297
landscape/waterfall/sun_arauaqcrycofkrba.jpg,6.613702774047852
landscape/waterfall/sun_arvvnrldsfofvylu.jpg,6.617060661315918
landscape/waterfall/sun_atmvwojclncleuqd.jpg,6.653346061706543
landscape/waterfall/sun_atvyhoadqoyeglex.jpg,6.390917778015137
landscape/waterfall/sun_audjilpcqqrkmxbf.jpg,6.542267322540283
landscape/waterfall/sun_auibkfkgntzgyhsd.jpg,6.511441230773926
landscape/waterfall/sun_aumsgcclasofxhyw.jpg,6.457058429718018
landscape/waterfall/sun_auxrumamawazfvvs.jpg,6.574630737304688
landscape/waterfall/sun_avcjcyscceyddzzd.jpg,6.545897006988525
landscape/waterfall/sun_avdpvygwmitpiwrm.jpg,6.5744309425354
landscape/waterfall/sun_avpexjhzihunffty.jpg,6.542464733123779
landscape/waterfall/sun_awnnsozooaiewjxw.jpg,6.594933032989502
landscape/waterfall/sun_awqkzvocqtajvsli.jpg,6.601979732513428
landscape/waterfall/sun_awtsuxtgcspyztsx.jpg,6.604823589324951
landscape/waterfall/sun_axxjygafsnvkcpym.jpg,6.625632762908936
landscape/waterfall/sun_aydqgtfzqiiuyrmb.jpg,6.591995716094971
landscape/waterfall/sun_aypbpudtxzlyicjr.jpg,6.591513156890869
landscape/waterfall/sun_ayyuirpvrzyeopqo.jpg,6.537882328033447
landscape/waterfall/sun_bazytsvxsjidkupr.jpg,6.549289703369141
landscape/waterfall/sun_bbgflftewjdxxhmu.jpg,6.560598373413086
landscape/waterfall/sun_bbvrdmjbnzoaqrmp.jpg,6.563077926635742
landscape/waterfall/sun_bcmjtztrnvkxftye.jpg,6.591409683227539
landscape/waterfall/sun_bdeatbjcovyqdrti.jpg,6.49484395980835
landscape/waterfall/sun_becpynhazdxerqrj.jpg,6.553117275238037
landscape/waterfall/sun_bejnrezcpbzinzmr.jpg,6.54374885559082
landscape/waterfall/sun_beymsjkywdwqictt.jpg,6.627394676208496
landscape/waterfall/sun_bfrnorowythmltyj.jpg,6.604295253753662
landscape/waterfall/sun_bgocxehekzvnlsmo.jpg,6.631505489349365
landscape/waterfall/sun_bhgztvzeacqqrcyh.jpg,6.580560207366943
landscape/waterfall/sun_bipgztcpmnipshid.jpg,6.636471271514893
landscape/waterfall/sun_bkkyikcgcicqwrqk.jpg,6.5700883865356445
landscape/waterfall/sun_blrcuczqoxmuvmqc.jpg,6.623429775238037
landscape/waterfall/sun_bmeoepnvypisrelk.jpg,6.082840919494629
landscape/waterfall/sun_bmttjuwgtvkkmovh.jpg,6.47257661819458
landscape/waterfall/sun_bngquulvvnytlqxq.jpg,6.529996395111084
landscape/waterfall/sun_bobxnovrewlskesl.jpg,6.614795207977295
landscape/waterfall/sun_bokvembtqtkcwikw.jpg,6.614632606506348
landscape/waterfall/sun_bqelvuvltjlgitmp.jpg,6.5817975997924805
landscape/waterfall/sun_bqgrxjafdmczsueo.jpg,6.548011779785156
landscape/waterfall/sun_brwngbfhqycrxaiz.jpg,6.339699745178223
landscape/waterfall/sun_bsncxbgeurpzwnse.jpg,4.684364795684815
landscape/waterfall/sun_bsssizmsssfovgzv.jpg,6.581068515777588
landscape/waterfall/sun_btpaxygvjiqfrsvs.jpg,6.585551738739014
landscape/waterfall/sun_btyesquxyytxifkc.jpg,6.564580917358398
landscape/waterfall/sun_bvddjjmcndtwniwl.jpg,6.297662258148193
landscape/waterfall/sun_bwflhqodufjekfoa.jpg,6.569467067718506
landscape/waterfall/sun_bwjptyrbcymryhyn.jpg,6.516900539398193
landscape/waterfall/sun_bwxnzldrpyvierjp.jpg,6.4297075271606445
landscape/waterfall/sun_bxbqnskmvvidhmcj.jpg,6.458318710327148
landscape/waterfall/sun_bxelgxxcofiqeurd.jpg,6.508707523345947
landscape/waterfall/sun_bxjeqetmyxsetmyi.jpg,6.586343288421631
landscape/waterfall/sun_bxjmpjepauubqdrc.jpg,6.5716657638549805
landscape/waterfall/sun_bxrkvfrtmlxesplx.jpg,6.618457794189453
landscape/waterfall/sun_bxuwroiqjgtzcnhr.jpg,6.6032328605651855
landscape/waterfall/sun_bzmowxxstqyyqvns.jpg,6.462190628051758
landscape/wetland/05e4305292b40a61.jpg,6.445894241333008
landscape/wetland/06ffee7f6da90b3e.jpg,6.289020538330078
landscape/wetland/0889dee78d3bb0ea.jpg,6.453890800476074
landscape/wetland/0a86f8a861301669.jpg,5.148898124694824
landscape/wetland/0b783ffdb85acb7a.jpg,6.411731243133545
landscape/wetland/0e8bb816c0cb5fbe.jpg,6.522080898284912
landscape/wetland/10168e958c23e5e4.jpg,6.482780933380127
landscape/wetland/11780aff4017e22b.jpg,6.462773323059082
landscape/wetland/11d770e6c7694662.jpg,6.54306173324585
landscape/wetland/13d000847e2aac34.jpg,5.166047096252441
landscape/wetland/15268687891e8808.jpg,6.52516508102417
landscape/wetland/15a2add6831c1e7b.jpg,5.326493263244629
landscape/wetland/17f134afeb63a40f.jpg,6.415699481964111
landscape/wetland/1bfb3ebf75e62257.jpg,4.779318332672119
landscape/wetland/245ccf6cf1d92449.jpg,6.099321365356445
landscape/wetland/256df73150910719.jpg,6.530343532562256
landscape/wetland/274700f57512e591.jpg,6.204361438751221
landscape/wetland/28fcd6e6f0f5677d.jpg,6.175803184509277
landscape/wetland/2b08282fb15a689b.jpg,4.455849170684815
landscape/wetland/2bca6554fa7e04a5.jpg,6.216656684875488
landscape/wetland/304747e2c0a06ce3.jpg,6.162793159484863
landscape/wetland/30c83644cca56b50.jpg,6.5333991050720215
landscape/wetland/3542ee5b92d38d25.jpg,6.315703868865967
landscape/wetland/36e095b3191824c2.jpg,6.464136600494385
landscape/wetland/3795ace8fc627d5d.jpg,6.480427265167236
landscape/wetland/41d75d96e8f3b69d.jpg,4.940906047821045
landscape/wetland/433a75b557ea66fc.jpg,5.588801383972168
landscape/wetland/434a52f2db875a77.jpg,6.057806015014648
landscape/wetland/452c5f23e6452a36.jpg,6.372211456298828
landscape/wetland/48e5771d92691ae3.jpg,6.58588171005249
landscape/wetland/49127296f361b7e5.jpg,6.5427961349487305
landscape/wetland/49f01fc351f9d0a4.jpg,6.5881028175354
landscape/wetland/502c9577bb2b7201.jpg,5.892244338989258
landscape/wetland/5064374c390ed632.jpg,6.583261489868164
landscape/wetland/54401066098de1aa.jpg,6.459112167358398
landscape/wetland/550eeb78de2bdc50.jpg,6.440941333770752
landscape/wetland/5640db3e4b2d9ae6.jpg,6.55805778503418
landscape/wetland/566b48d18b5d1ffc.jpg,6.527471542358398
landscape/wetland/56e42703b8495e8b.jpg,6.248681545257568
landscape/wetland/5878ed597cc52e6e.jpg,6.536733627319336
landscape/wetland/59acd4646a0920a3.jpg,6.454470634460449
landscape/wetland/5b51fadf42110451.jpg,6.53075647354126
landscape/wetland/5df8c1d42709cdda.jpg,5.840450763702393
landscape/wetland/6561119d57be1bad.jpg,6.60670804977417
landscape/wetland/65be698e9bedbe8c.jpg,5.3851823806762695
landscape/wetland/6679fa5f2762ade8.jpg,6.543665885925293
landscape/wetland/68a9c1b45c6b1603.jpg,6.52169132232666
landscape/wetland/6a0595f34153bef0.jpg,6.595375061035156
landscape/wetland/6d4783212cb07333.jpg,6.551806926727295
landscape/wetland/70314a9f079fc940.jpg,6.3849616050720215
landscape/wetland/70c7cece24e9e005.jpg,6.192712306976318
landscape/wetland/71239c4807e16ac9.jpg,6.557667255401611
landscape/wetland/770b7a6fccae6986.jpg,6.544311046600342
landscape/wetland/785ee485ae352669.jpg,6.509114265441895
landscape/wetland/7c367c167fae4238.jpg,6.5255632400512695
landscape/wetland/7faf6bfb7bc1487e.jpg,6.1632981300354
landscape/wetland/8041d5c6a1f2ea69.jpg,6.433256149291992
landscape/wetland/80463d4656037235.jpg,5.871227741241455
landscape/wetland/811f66de9aa9bbf0.jpg,5.609420776367188
landscape/wetland/83c07ee510c7554b.jpg,6.306205749511719
landscape/wetland/8b5e46c0963a64ff.jpg,6.570869445800781
landscape/wetland/8cc2cf830a0391ec.jpg,6.429487228393555
landscape/wetland/908d784de0a17e1d.jpg,6.567288398742676
landscape/wetland/935d9957d5491989.jpg,6.045665740966797
landscape/wetland/9ae6eb66b27d02b7.jpg,4.769745826721191
landscape/wetland/a2737ed94203bbb9.jpg,5.447281837463379
landscape/wetland/a320dc567b875ec9.jpg,6.472773551940918
landscape/wetland/a37210e099a24d22.jpg,6.476243019104004
landscape/wetland/a9ec15185d0b680d.jpg,5.668724060058594
landscape/wetland/aa7f7bfcb26d67ab.jpg,6.54838228225708
landscape/wetland/aa81588b4a5a7e27.jpg,6.0698065757751465
landscape/wetland/ab2578ac27d1ad5d.jpg,6.460737705230713
landscape/wetland/add38d99e9139ee7.jpg,6.370912075042725
landscape/wetland/bddaf947fb95c1ad.jpg,6.4186835289001465
landscape/wetland/bf62e37334e46259.jpg,6.532155990600586
landscape/wetland/c31e9f72ae2b7202.jpg,6.036005020141602
landscape/wetland/c515131e14d9a9dd.jpg,6.56575345993042
landscape/wetland/c652f7fdedfe6979.jpg,5.035036563873291
landscape/wetland/ca300af88da8ccbb.jpg,6.456344604492188
landscape/wetland/d618126511c46c91.jpg,6.338314056396484
landscape/wetland/d669d42c8c5ad87f.jpg,6.454640865325928
landscape/wetland/d85c48f12064109f.jpg,5.763935089111328
landscape/wetland/e4b1c5899c40d102.jpg,6.525326251983643
landscape/wetland/e5657606eb11374b.jpg,6.507126331329346
landscape/wetland/e6e1ed037c79e70e.jpg,6.412566184997559
landscape/wetland/e73033f2acc81c40.jpg,6.473636627197266
landscape/wetland/e7569573c9ee6bdc.jpg,6.544569969177246
landscape/wetland/eaff0bacee3ef195.jpg,6.527688503265381
landscape/wetland/eb8f7163a6a2866f.jpg,6.03915548324585
landscape/wetland/f14eeb74dab7f8c1.jpg,6.529701232910156
landscape/wetland/f8fb067c9f34b01b.jpg,6.215582370758057
landscape/wetland/fb4e6e45c771ed2e.jpg,6.589719772338867
landscape/wetland/fc19beae7ab242a5.jpg,6.436468124389648
landscape/wetland/fc7afe7b96d4616f.jpg,4.951242923736572
landscape/wetland/fd12abc98c5136f6.jpg,6.516546249389648
landscape/wetland/fd2f59b6ea820008.jpg,6.53665018081665
landscape/windmill/n04587559_10635.jpg,3.357025623321533
landscape/windmill/n04587559_10799.jpg,2.725820541381836
landscape/windmill/n04587559_10835.jpg,4.4794111251831055
landscape/windmill/n04587559_10908.jpg,2.8365960121154785
landscape/windmill/n04587559_10942.jpg,3.069344520568848
landscape/windmill/n04587559_11109.jpg,4.267511367797852
landscape/windmill/n04587559_11131.jpg,3.266306638717652
landscape/windmill/n04587559_11194.jpg,5.743021488189697
landscape/windmill/n04587559_11217.jpg,5.194940090179443
landscape/windmill/n04587559_11219.jpg,4.202974319458008
landscape/windmill/n04587559_11228.jpg,3.893589496612549
landscape/windmill/n04587559_11280.jpg,4.357184410095215
landscape/windmill/n04587559_11291.jpg,4.9041290283203125
landscape/windmill/n04587559_11298.jpg,4.040182590484619
landscape/windmill/n04587559_11329.jpg,4.532816886901856
landscape/windmill/n04587559_11388.jpg,6.132768630981445
landscape/windmill/n04587559_11462.jpg,5.2436065673828125
landscape/windmill/n04587559_11467.jpg,3.575896739959717
landscape/windmill/n04587559_11562.jpg,3.879844903945923
landscape/windmill/n04587559_11688.jpg,5.140993118286133
landscape/windmill/n04587559_11777.jpg,3.4767873287200928
landscape/windmill/n04587559_11917.jpg,6.445705413818359
landscape/windmill/n04587559_12843.jpg,6.069465637207031
landscape/windmill/n04587559_13045.jpg,4.203773498535156
landscape/windmill/n04587559_13128.jpg,3.5962817668914795
landscape/windmill/n04587559_13370.jpg,3.4685704708099365
landscape/windmill/n04587559_2346.jpg,4.183940887451172
landscape/windmill/n04587559_6311.jpg,3.504549741744995
landscape/windmill/n04587559_8710.jpg,3.4886298179626465
landscape/windmill/n04587559_8723.jpg,4.113724708557129
landscape/windmill/n04587559_8995.jpg,5.339358329772949
landscape/windmill/n04587559_9556.jpg,3.7978363037109375
landscape/windmill/n04587559_9739.jpg,6.160198211669922
sports/American football/000000021983.jpg,3.890547037124634
sports/American football/000000099336.jpg,3.061262607574463
sports/American football/000000124841.jpg,3.5296640396118164
sports/American football/000000474255.jpg,3.063990354537964
sports/American football/000000546020.jpg,3.012613296508789
sports/American football/n00468480_10075.jpg,2.4785776138305664
sports/American football/n00468480_10172.jpg,2.796487808227539
sports/American football/n00468480_10176.jpg,4.429887771606445
sports/American football/n00468480_10557.jpg,2.8971283435821533
sports/American football/n00468480_10598.jpg,2.7563843727111816
sports/American football/n00468480_10911.jpg,2.567570924758911
sports/American football/n00468480_10961.jpg,3.472250938415528
sports/American football/n00468480_10965.jpg,4.1036295890808105
sports/American football/n00468480_2830.jpg,3.482422351837158
sports/American football/n00468480_7583.jpg,2.237010717391968
sports/American football/n00468480_7838.jpg,3.2866761684417725
sports/American football/n00468480_8106.jpg,2.490139961242676
sports/American football/n00468480_8182.jpg,2.212501049041748
sports/American football/n00468480_8753.jpg,2.178421974182129
sports/American football/n00468480_8767.jpg,2.104803562164306
sports/American football/n00468480_8890.jpg,3.5769002437591557
sports/American football/n00468480_8996.jpg,2.297588586807251
sports/American football/n00468480_9051.jpg,2.692006349563598
sports/American football/n00468480_9567.jpg,2.9421627521514893
sports/American football/n00468480_9707.jpg,3.505228042602539
sports/American football/n00468480_9997.jpg,4.013175964355469
sports/archery/0379f7c0ef9ff4ff.jpg,2.935668706893921
sports/archery/03f06cb99617b43e.jpg,1.5476940870285034
sports/archery/05430da00e88b5f9.jpg,4.010399341583252
sports/archery/0b1bb550e8758b2e.jpg,4.260851860046387
sports/archery/0b7f82b25acda3ee.jpg,1.7897051572799685
sports/archery/1c36280ae30bb3f7.jpg,4.583689212799072
sports/archery/26478d643e707a68.jpg,2.543657064437866
sports/archery/269ff2d9438b0934.jpg,1.7672793865203855
sports/archery/27c5f1373268e07a.jpg,3.5171315670013428
sports/archery/39281457d47792e2.jpg,4.720259666442871
sports/archery/3f2cc085cfc23975.jpg,1.7082175016403198
sports/archery/544cf56975736880.jpg,3.681058645248413
sports/archery/60bf5bc547dec918.jpg,4.105443954467773
sports/archery/676bec8ddc1c130d.jpg,4.3718976974487305
sports/archery/72665bbf0c63ae44.jpg,3.718275308609009
sports/archery/72cf7f257eea36e8.jpg,1.5392162799835205
sports/archery/80e5bd3f023a302d.jpg,1.6914829015731812
sports/archery/8176d18af6992dd8.jpg,3.67809534072876
sports/archery/855044ea74920b3b.jpg,3.2908380031585693
sports/archery/8825ee691220a1b4.jpg,2.808554172515869
sports/archery/97a9ba3535794459.jpg,3.8932535648345943
sports/archery/99a0a01a763ff0ea.jpg,1.457665205001831
sports/archery/a473e937a7342b38.jpg,3.5894012451171875
sports/archery/ae94118f9beaa808.jpg,4.000016212463379
sports/archery/b5678b52b307cb83.jpg,4.153748512268066
sports/archery/d8a84aa39b7cc0e2.jpg,2.079338550567627
sports/archery/dc58527c9d626af4.jpg,4.370680809020996
sports/archery/ead50ff3f5620f68.jpg,4.28481912612915
sports/archery/ec0bcc70f0e1499c.jpg,3.306086540222168
sports/archery/faf9d6ff86184e5f.jpg,3.2116076946258545
sports/archery/fcf379aad09a34b0.jpg,2.34938907623291
sports/baseball/000000005260.jpg,2.893806219100952
sports/baseball/000000011107.jpg,2.498492479324341
sports/baseball/000000013195.jpg,2.8676886558532715
sports/baseball/000000053420.jpg,3.2847044467926025
sports/baseball/000000056292.jpg,2.5721709728240967
sports/baseball/000000073022.jpg,2.3173272609710693
sports/baseball/000000073889.jpg,2.874662160873413
sports/baseball/000000082414.jpg,3.0499422550201416
sports/baseball/000000084735.jpg,2.283336877822876
sports/baseball/000000087602.jpg,3.02646803855896
sports/baseball/000000093382.jpg,2.96472430229187
sports/baseball/000000093725.jpg,2.4796271324157715
sports/baseball/000000103401.jpg,2.544785261154175
sports/baseball/000000106331.jpg,2.6901116371154785
sports/baseball/000000107097.jpg,3.3273324966430664
sports/baseball/000000109076.jpg,2.5168495178222656
sports/baseball/000000112707.jpg,2.28623628616333
sports/baseball/000000117770.jpg,3.306903123855591
sports/baseball/000000126895.jpg,2.958345651626587
sports/baseball/000000127856.jpg,2.656087636947632
sports/baseball/000000133727.jpg,2.57703709602356
sports/baseball/000000134454.jpg,1.8326587677001955
sports/baseball/000000135959.jpg,3.284004211425781
sports/baseball/000000136512.jpg,3.426082134246826
sports/baseball/000000139272.jpg,2.706730842590332
sports/baseball/000000150477.jpg,3.003968954086304
sports/baseball/000000152162.jpg,2.504883050918579
sports/baseball/000000153052.jpg,2.39904522895813
sports/baseball/000000155995.jpg,3.062312364578247
sports/baseball/000000157049.jpg,2.8508756160736084
sports/baseball/000000191651.jpg,3.3059542179107666
sports/baseball/000000195748.jpg,3.0055389404296875
sports/baseball/000000245598.jpg,2.337121963500977
sports/baseball/000000247216.jpg,3.1408164501190186
sports/baseball/000000250258.jpg,2.887084484100342
sports/baseball/000000263258.jpg,2.326134443283081
sports/baseball/000000266434.jpg,2.7001216411590576
sports/baseball/000000268370.jpg,3.548164129257202
sports/baseball/000000271689.jpg,3.021132469177246
sports/baseball/000000273190.jpg,2.8996684551239014
sports/baseball/000000278665.jpg,3.224602460861206
sports/baseball/000000292349.jpg,2.912066698074341
sports/baseball/000000295804.jpg,3.907802104949951
sports/baseball/000000297204.jpg,3.8234283924102783
sports/baseball/000000303658.jpg,2.9987130165100098
sports/baseball/000000304115.jpg,3.900869846343994
sports/baseball/000000318995.jpg,3.593233346939087
sports/baseball/000000336077.jpg,3.109790086746216
sports/baseball/000000337975.jpg,2.518299102783203
sports/baseball/000000351683.jpg,3.32947850227356
sports/baseball/000000362563.jpg,3.223285436630249
sports/baseball/000000382947.jpg,4.2909979820251465
sports/baseball/000000383390.jpg,3.686923742294312
sports/baseball/000000398753.jpg,2.39668869972229
sports/baseball/000000401982.jpg,3.715540647506714
sports/baseball/000000402406.jpg,3.632704734802246
sports/baseball/000000409468.jpg,3.2058446407318115
sports/baseball/000000417347.jpg,2.64300274848938
sports/baseball/000000417857.jpg,3.3825080394744877
sports/baseball/000000428457.jpg,2.5285415649414062
sports/baseball/000000432657.jpg,2.8131344318389893
sports/baseball/000000476074.jpg,2.54323410987854
sports/baseball/000000477585.jpg,2.3590071201324463
sports/baseball/000000479172.jpg,2.5903594493865967
sports/baseball/000000483833.jpg,2.9781181812286377
sports/baseball/000000484528.jpg,3.061342477798462
sports/baseball/000000485090.jpg,3.017936944961548
sports/baseball/000000486717.jpg,2.8706414699554443
sports/baseball/000000505098.jpg,2.1697494983673096
sports/baseball/000000505932.jpg,2.6514360904693604
sports/baseball/000000510771.jpg,3.26508903503418
sports/baseball/000000513015.jpg,2.60732650756836
sports/baseball/000000514147.jpg,2.4542107582092285
sports/baseball/000000516795.jpg,2.726562738418579
sports/baseball/000000527291.jpg,2.847576856613159
sports/baseball/000000532552.jpg,2.374390125274658
sports/baseball/000000532633.jpg,3.02283239364624
sports/baseball/000000538113.jpg,2.1932690143585205
sports/baseball/000000539167.jpg,3.501222610473633
sports/baseball/000000550000.jpg,3.3079400062561035
sports/baseball/000000556669.jpg,2.9090030193328857
sports/baseball/000000566498.jpg,2.20314621925354
sports/baseball/000000566672.jpg,2.826387643814087
sports/baseball/000000569526.jpg,3.051290988922119
sports/baseball/0508f4396fb4e144.jpg,3.082554578781128
sports/baseball/287c6686c652da6a.jpg,3.2613229751586914
sports/baseball/6142922d5809e5de.jpg,3.3963334560394287
sports/baseball/67cac965604e9838.jpg,2.7088212966918945
sports/baseball/6d765c78cdac0079.jpg,2.9025676250457764
sports/baseball/7d9a7e679b39765c.jpg,2.834665060043335
sports/baseball/87db71cce65f666e.jpg,3.116096258163452
sports/baseball/aad299f18b74cad2.jpg,2.6782095432281494
sports/baseball/c5a29227546d0846.jpg,3.339786529541016
sports/baseball/d761c8e9e0906b5b.jpg,2.921203374862671
sports/baseball/n00471613_18279.jpg,2.9838809967041016
sports/baseball/n00471613_18905.jpg,2.1730716228485107
sports/baseball/n00471613_21198.jpg,2.8418869972229004
sports/baseball/n00471613_21778.jpg,2.704399824142456
sports/baseball/n00471613_23975.jpg,2.3801674842834477
sports/basketball/000000126255.jpg,2.006255865097046
sports/basketball/000000357989.jpg,2.398111581802368
sports/basketball/000000507969.jpg,1.9010213613510127
sports/basketball/000000524027.jpg,1.836936116218567
sports/basketball/0c79a0995798a379.jpg,2.118492841720581
sports/basketball/0cb561aef1e16beb.jpg,1.8361178636550903
sports/basketball/0d5461cc341ca8c6.jpg,1.8069218397140503
sports/basketball/0fa51275d53a13f9.jpg,2.139772891998291
sports/basketball/2788147877e5ebb6.jpg,2.5459725856781006
sports/basketball/2d08fd379017b6ca.jpg,1.8544297218322756
sports/basketball/2f4497d3051b6e49.jpg,2.4499218463897705
sports/basketball/4757aebe700d4238.jpg,2.0073680877685547
sports/basketball/68f8fc6ce822f1f5.jpg,2.3188316822052
sports/basketball/8216c96d476e49f0.jpg,1.713566780090332
sports/basketball/863960ac3b291df2.jpg,2.8198044300079346
sports/basketball/8fd5b6376d5e15d2.jpg,1.6578524112701416
sports/basketball/9eef056818ae46e6.jpg,1.7643436193466189
sports/basketball/a9061315dd0bb955.jpg,2.16941237449646
sports/basketball/b9b8519ad5735ee4.jpg,1.5891501903533936
sports/basketball/c0256abf502efa34.jpg,1.6617307662963867
sports/basketball/c36a2e58f0fceb10.jpg,2.170224189758301
sports/basketball/cbdfc5549fd06095.jpg,2.165661573410034
sports/basketball/n00480993_10065.jpg,2.494309186935425
sports/basketball/n00480993_10142.jpg,1.644603610038757
sports/basketball/n00480993_10174.jpg,1.5662758350372314
sports/basketball/n00480993_10428.jpg,1.869018793106079
sports/basketball/n00480993_10619.jpg,1.4726988077163696
sports/basketball/n00480993_10827.jpg,2.1581714153289795
sports/basketball/n00480993_10840.jpg,1.607331156730652
sports/basketball/n00480993_10842.jpg,1.5848464965820312
sports/basketball/n00480993_10854.jpg,1.7204526662826538
sports/basketball/n00480993_11123.jpg,1.920411467552185
sports/basketball/n00480993_11381.jpg,1.4457058906555176
sports/basketball/n00480993_11616.jpg,1.7409389019012451
sports/basketball/n00480993_11643.jpg,1.7029457092285156
sports/basketball/n00480993_11686.jpg,1.6493797302246094
sports/basketball/n00480993_1240.jpg,1.8680500984191892
sports/basketball/n00480993_13943.jpg,1.4510260820388794
sports/basketball/n00480993_14248.jpg,1.4107955694198608
sports/basketball/n00480993_14945.jpg,1.8216701745986936
sports/basketball/n00480993_1552.jpg,1.9332122802734373
sports/basketball/n00480993_16163.jpg,2.1531825065612797
sports/basketball/n00480993_16864.jpg,1.7059428691864014
sports/basketball/n00480993_17313.jpg,1.6034218072891235
sports/basketball/n00480993_19622.jpg,1.465750217437744
sports/basketball/n00480993_19667.jpg,1.6116997003555298
sports/basketball/n00480993_19839.jpg,1.9610021114349363
sports/basketball/n00480993_20080.jpg,2.184659481048584
sports/basketball/n00480993_2019.jpg,1.465192437171936
sports/basketball/n00480993_20276.jpg,1.5842580795288086
sports/basketball/n00480993_20536.jpg,2.0554590225219727
sports/basketball/n00480993_21017.jpg,3.429255962371826
sports/basketball/n00480993_21657.jpg,2.2897653579711914
sports/basketball/n00480993_21724.jpg,1.844315528869629
sports/basketball/n00480993_22316.jpg,1.5652271509170532
sports/basketball/n00480993_22319.jpg,1.478970289230347
sports/basketball/n00480993_22829.jpg,2.266648054122925
sports/basketball/n00480993_23061.jpg,1.6476311683654783
sports/basketball/n00480993_23156.jpg,1.3892329931259155
sports/basketball/n00480993_26579.jpg,1.4548434019088743
sports/basketball/n00480993_26774.jpg,1.960125207901001
sports/basketball/n00480993_28568.jpg,1.874772548675537
sports/basketball/n00480993_29630.jpg,1.428302764892578
sports/basketball/n00480993_30142.jpg,1.729833960533142
sports/basketball/n00480993_31474.jpg,1.445584058761597
sports/basketball/n00480993_32155.jpg,1.4102741479873655
sports/basketball/n00480993_3388.jpg,1.4745843410491943
sports/basketball/n00480993_4180.jpg,2.209967374801636
sports/basketball/n00480993_9486.jpg,1.304816484451294
sports/bicycling racing/003c2b6816ba9d22.jpg,1.6094121932983398
sports/bicycling racing/04fd3d60a4470e2d.jpg,4.760391712188721
sports/bicycling racing/0c04767d5c29923c.jpg,5.319033145904541
sports/bicycling racing/0d491b770c084be9.jpg,2.298919439315796
sports/bicycling racing/0f1a4506c1ada576.jpg,2.166635751724243
sports/bicycling racing/10710daf03ec4f64.jpg,2.315753936767578
sports/bicycling racing/12d1d6cb01a346b6.jpg,2.381070137023926
sports/bicycling racing/13ffeb4fec0d2c49.jpg,2.375697612762451
sports/bicycling racing/152ea862ba79b4ca.jpg,1.7283591032028198
sports/bicycling racing/177b07564e5e03a9.jpg,1.868462085723877
sports/bicycling racing/1f8c7b5798fc5545.jpg,1.9451051950454712
sports/bicycling racing/212634d705f533da.jpg,1.8333643674850464
sports/bicycling racing/218a7e0c84466325.jpg,1.989112973213196
sports/bicycling racing/2a1a0353c7dab0e1.jpg,1.6199243068695068
sports/bicycling racing/2cc511fa46b55b76.jpg,4.595725536346436
sports/bicycling racing/2f535abd45f435ff.jpg,3.8615527153015137
sports/bicycling racing/37afddf7216016f7.jpg,2.254354238510132
sports/bicycling racing/37f89802ed90aef8.jpg,3.0729708671569824
sports/bicycling racing/3f022da24d538782.jpg,2.387859344482422
sports/bicycling racing/4012db4437e6a0e8.jpg,2.1028170585632324
sports/bicycling racing/42c4b0a5b46cc4a8.jpg,1.7320388555526731
sports/bicycling racing/4817147cec73ecd3.jpg,3.256434202194214
sports/bicycling racing/56136a5dd78b5454.jpg,4.257011413574219
sports/bicycling racing/58b0e55bda100b83.jpg,3.1701114177703857
sports/bicycling racing/596ec3440b5a9f93.jpg,4.334395408630371
sports/bicycling racing/6022a450df278025.jpg,1.8386321067810056
sports/bicycling racing/64294d928f12d0b9.jpg,1.6578187942504885
sports/bicycling racing/6731e21781304bc6.jpg,4.944315433502197
sports/bicycling racing/684b5fbfedae9a42.jpg,1.8185787200927732
sports/bicycling racing/690fd08f9b5af89c.jpg,3.913166046142578
sports/bicycling racing/6f722f46dd08b8d8.jpg,3.246145248413086
sports/bicycling racing/73ef896ab275b791.jpg,1.6828476190567017
sports/bicycling racing/777c5a61d9427ff8.jpg,3.5867130756378174
sports/bicycling racing/7a3d6af7f97fa846.jpg,1.5516971349716189
sports/bicycling racing/7e9bda209af185d6.jpg,2.2511119842529297
sports/bicycling racing/89d7a65a19cb9cff.jpg,2.2741341590881348
sports/bicycling racing/947a61e750f23ce9.jpg,1.6721559762954712
sports/bicycling racing/9625bbe3a59f1688.jpg,4.74349308013916
sports/bicycling racing/97948408f6a3a476.jpg,2.9989755153656006
sports/bicycling racing/9e11f75d740f84fe.jpg,3.30310320854187
sports/bicycling racing/a068ea435a318d8d.jpg,2.978768825531006
sports/bicycling racing/a0b8948a5a669d86.jpg,2.7437283992767334
sports/bicycling racing/a11f84e0107ca0a4.jpg,3.768986463546753
sports/bicycling racing/a148d39484d0148d.jpg,3.262063503265381
sports/bicycling racing/a8b1b9dbb5cf0eab.jpg,2.1394526958465576
sports/bicycling racing/b1845e14ee7ee3f2.jpg,2.7960364818573
sports/bicycling racing/b18ef29283a729de.jpg,2.6597464084625244
sports/bicycling racing/b6d0c3de8bb2b548.jpg,3.761155128479004
sports/bicycling racing/bbc1921cc7fb24fb.jpg,3.1085636615753174
sports/bicycling racing/bc99f15674c5f363.jpg,3.0795652866363525
sports/bicycling racing/bed06cb6b48579e5.jpg,2.260554552078247
sports/bicycling racing/c09434ff30d798b1.jpg,1.890902638435364
sports/bicycling racing/c22e29581c0e797e.jpg,1.4692330360412598
sports/bicycling racing/c4a0934f120565b0.jpg,2.6523571014404297
sports/bicycling racing/ccfd38dcbe6838fd.jpg,1.824650764465332
sports/bicycling racing/d3e1586cae1edc25.jpg,1.8992369174957275
sports/bicycling racing/d62b42c4e5e7ee36.jpg,2.9831771850585938
sports/bicycling racing/deb4d11e1ecbab40.jpg,2.9307308197021484
sports/bicycling racing/e40c9760d612b7b9.jpg,4.130993843078613
sports/bicycling racing/f2a6c70eeb66e2a5.jpg,4.756026268005371
sports/bicycling racing/f409699c1efaf59c.jpg,4.756622314453125
sports/bicycling racing/f541f9f041ef36a4.jpg,4.303292274475098
sports/bicycling racing/f860bbcd7ad6bf8f.jpg,2.0653092861175537
sports/boxing/002bd0ca1e119db7.jpg,1.767243266105652
sports/boxing/00770ee8f5ad87ef.jpg,3.0044021606445312
sports/boxing/02394a3449862b85.jpg,1.3943474292755127
sports/boxing/03f74f6c5682c786.jpg,1.5968105792999268
sports/boxing/04ffafd84aa1be26.jpg,1.3141181468963623
sports/boxing/0951e7d928bb210f.jpg,1.847490906715393
sports/boxing/0bf80b98b70d97f0.jpg,1.4562350511550903
sports/boxing/0c3228734c66d31b.jpg,1.8505772352218628
sports/boxing/0d2eeaccda7e4c1b.jpg,1.4272615909576416
sports/boxing/10a34585df04a36e.jpg,1.416452407836914
sports/boxing/171db4cdc543cf4d.jpg,1.5577698945999146
sports/boxing/18ccb91b950314a5.jpg,1.4038662910461426
sports/boxing/1c6f8910c177c94a.jpg,1.6109461784362793
sports/boxing/2014f56ce49de98a.jpg,1.965635895729065
sports/boxing/2770e1a4b947ec54.jpg,1.3726376295089722
sports/boxing/285636c369173887.jpg,1.4858497381210327
sports/boxing/286ffd11d7e446d1.jpg,1.4856374263763428
sports/boxing/2b2693c2d6b8182a.jpg,1.7205044031143188
sports/boxing/2f4aacd9d255fd7b.jpg,1.4502997398376465
sports/boxing/347d6c8639a1bb09.jpg,1.5532253980636597
sports/boxing/53e5bad051a9bbeb.jpg,1.4647279977798462
sports/boxing/5556177dc4151acc.jpg,1.481382966041565
sports/boxing/5f43a15a53189d7a.jpg,1.453445315361023
sports/boxing/621864587e59e56a.jpg,1.9349409341812132
sports/boxing/62c75e993beb5e37.jpg,1.741849064826965
sports/boxing/6c514dec07ec08b8.jpg,1.542585015296936
sports/boxing/7fce3e566a3e1148.jpg,1.589081645011902
sports/boxing/91e1985a66de4f36.jpg,1.3635571002960205
sports/boxing/94e06c3d152f3c62.jpg,2.319546937942505
sports/boxing/994dff6bc1427c0e.jpg,1.3713067770004272
sports/boxing/a3d1286c56e96238.jpg,1.590282917022705
sports/boxing/a84e519a7d0684fc.jpg,1.4025332927703855
sports/boxing/aa0f989e606f5ee2.jpg,1.5106751918792725
sports/boxing/b1a79c223ccfa87c.jpg,1.7640823125839231
sports/boxing/b295ce363a6fc653.jpg,2.6487972736358643
sports/boxing/c4429528e1e36318.jpg,1.598655104637146
sports/boxing/ccad0f538ea6ff4e.jpg,2.529759407043457
sports/boxing/d0c20a0fd5c2a38b.jpg,2.0765438079833984
sports/boxing/dbd3e9304ac3c014.jpg,1.5232512950897217
sports/boxing/e0ebed8875f0d6f3.jpg,1.824074387550354
sports/boxing/e28c0aa13f315c69.jpg,1.78617262840271
sports/boxing/e2c417b19496969c.jpg,2.398761749267578
sports/boxing/ecb104cafb930b5e.jpg,1.8187048435211184
sports/boxing/ef885f9585f0d1ba.jpg,1.4076443910598757
sports/boxing/f7adcc0450b528ad.jpg,2.0269675254821777
sports/boxing/f8c03a5c3f92c873.jpg,1.5307469367980957
sports/boxing/ffcc5ba8d6eb7f2c.jpg,1.8563288450241089
sports/climbing/025e41b66ba52da4.jpg,3.6589760780334473
sports/climbing/047b1fbbf332c15c.jpg,6.390696048736572
sports/climbing/047e27b8589517a4.jpg,6.057266712188721
sports/climbing/069ac2ad4505a93b.jpg,6.517728328704834
sports/climbing/098894a1b82b9b81.jpg,3.5471432209014893
sports/climbing/0b5311919a2c6354.jpg,6.518802642822266
sports/climbing/0d6607be1e0a79d2.jpg,3.4934182167053223
sports/climbing/0d6df23796aec890.jpg,6.5177531242370605
sports/climbing/121794a37b3aab8b.jpg,5.682126522064209
sports/climbing/1a0734e1d6dad26d.jpg,6.531503677368164
sports/climbing/1c2bd5f49631cbbd.jpg,5.728119850158691
sports/climbing/1c7b7f9ef1512541.jpg,6.322930335998535
sports/climbing/1e195f9a98e163b3.jpg,5.689533710479736
sports/climbing/1e22e1fbfa73a3ca.jpg,5.7220072746276855
sports/climbing/22f6d70a8626322c.jpg,6.245922565460205
sports/climbing/24789502099f7a37.jpg,1.4941728115081787
sports/climbing/250f5804b7e2016f.jpg,1.856764793395996
sports/climbing/26751a39a48078e1.jpg,6.3652119636535645
sports/climbing/2807d80c525eb5a3.jpg,5.910894870758057
sports/climbing/329bcdeadf3bf80b.jpg,6.519809722900391
sports/climbing/34961cea9977c655.jpg,6.370542526245117
sports/climbing/38db4c55f3145ccf.jpg,3.210273027420044
sports/climbing/38efc5b05ce7b107.jpg,5.513424873352051
sports/climbing/3b4ef0835ccf0024.jpg,6.2239274978637695
sports/climbing/3bdb508115890d02.jpg,3.76119613647461
sports/climbing/3fbb59a39708db71.jpg,5.798794746398926
sports/climbing/465f53e65089856c.jpg,3.10463547706604
sports/climbing/47393d20b383539c.jpg,3.365614414215088
sports/climbing/4aba0110daeaec0c.jpg,3.0606203079223637
sports/climbing/4d6e55bacc3ae59b.jpg,3.1778194904327397
sports/climbing/54f31bcf003f3c33.jpg,6.078474998474121
sports/climbing/58d3cc60b1415406.jpg,6.490427970886231
sports/climbing/59e2b03991f6a4ea.jpg,5.941655158996582
sports/climbing/5ada41b10dbdf030.jpg,3.878973960876465
sports/climbing/5c10d610aac84184.jpg,5.053474426269531
sports/climbing/5e147e154a4e1d10.jpg,6.557031154632568
sports/climbing/63de2458b37d8c78.jpg,4.662177562713623
sports/climbing/69cdb1ea7269fecb.jpg,6.42232084274292
sports/climbing/6bfa9f4a0f1a3bac.jpg,4.334190845489502
sports/climbing/6ce2d149d4ed4a8d.jpg,6.126258373260498
sports/climbing/6ddde7a28c680948.jpg,6.487571239471436
sports/climbing/70db1b2825f4088c.jpg,5.984472751617432
sports/climbing/71b7fc6522575582.jpg,6.451653957366943
sports/climbing/78afe38f0402f1e9.jpg,6.130729675292969
sports/climbing/792fb38d38ff8811.jpg,6.051390171051025
sports/climbing/79856958bd00cbf8.jpg,3.978679180145264
sports/climbing/7c4abb7d18dd115b.jpg,6.445767879486084
sports/climbing/7e9596503b795607.jpg,3.647454261779785
sports/climbing/81e422c0b2173f38.jpg,6.38327169418335
sports/climbing/836d708f040594e8.jpg,4.664394378662109
sports/climbing/8409089d99c0ffa2.jpg,6.083492755889893
sports/climbing/851c0813298792d5.jpg,1.83785879611969
sports/climbing/85911581bcb18f88.jpg,4.955453395843506
sports/climbing/87490a60359ca1ab.jpg,6.499846458435059
sports/climbing/8859fcc091300e60.jpg,3.9223763942718506
sports/climbing/889e9b55c8ac6bf0.jpg,6.282025337219238
sports/climbing/8f18961a8aabe2bf.jpg,4.714907646179199
sports/climbing/93405e5bd44e39e0.jpg,5.707187175750732
sports/climbing/94d820eb1eb9c4aa.jpg,6.482880592346191
sports/climbing/96845d2c94b8a965.jpg,5.460524082183838
sports/climbing/9777cabf78befa26.jpg,1.7539807558059692
sports/climbing/9e9704ca22736914.jpg,5.923564434051514
sports/climbing/a662c633c9963448.jpg,6.421096324920654
sports/climbing/a6bdcf5434c24c88.jpg,6.33751106262207
sports/climbing/a9bb39df7e78a550.jpg,6.489526271820068
sports/climbing/aacabf9b3fe435d3.jpg,4.353348731994629
sports/climbing/ab513cfa39928667.jpg,4.30955982208252
sports/climbing/ad781b6c665a1aef.jpg,6.254225254058838
sports/climbing/aedeb3b335d255cf.jpg,4.214060306549072
sports/climbing/b1a629972a4aae70.jpg,6.387503623962402
sports/climbing/b35c30e8f472d34f.jpg,5.299478530883789
sports/climbing/b46b82512ff4a485.jpg,6.27973222732544
sports/climbing/b9e0603346e824d3.jpg,3.863386392593384
sports/climbing/bb59f95e39d5e545.jpg,3.51782488822937
sports/climbing/bba7d9686c3b2951.jpg,3.9530489444732666
sports/climbing/c147234e2c0f7629.jpg,1.625806212425232
sports/climbing/c2a4e2dc3a23410b.jpg,3.8375167846679688
sports/climbing/c728ce310e8a45ea.jpg,3.7830617427825928
sports/climbing/c813d9abc0d7a08f.jpg,5.98365592956543
sports/climbing/cf8d98b8ad0d78f0.jpg,1.8681228160858157
sports/climbing/cf94deedffb58d56.jpg,4.3805975914001465
sports/climbing/d11d8204973be797.jpg,4.61712646484375
sports/climbing/d28338d3fb38a56b.jpg,4.869627475738525
sports/climbing/da1e5993c1e4aaab.jpg,3.368831157684326
sports/climbing/db5978f1c55b21ea.jpg,4.486769676208496
sports/climbing/de0930e766e1bc94.jpg,2.6527414321899414
sports/climbing/e132f2e5610d9460.jpg,1.6046533584594729
sports/climbing/e2acbd8c12093e9d.jpg,2.55169415473938
sports/climbing/e36dc59ac7897381.jpg,5.096185684204102
sports/climbing/e39c9148606b65f0.jpg,6.223566055297852
sports/climbing/e4b5ee5bc612257f.jpg,6.518129348754883
sports/climbing/ebf288899fa36b54.jpg,5.939826965332031
sports/climbing/f219956ea092db6b.jpg,6.14854621887207
sports/climbing/f4b9c8c25d189852.jpg,4.951303482055664
sports/climbing/f51c25ceeb2c1fe3.jpg,4.849335193634033
sports/climbing/f74d164595b68b3e.jpg,6.217868328094482
sports/climbing/f99a36f6710cbaa5.jpg,2.2903823852539062
sports/climbing/fb27b24865985601.jpg,6.258181095123291
sports/climbing/fb3c94d3b516194f.jpg,3.995602607727051
sports/climbing/fecab11f30233b5a.jpg,3.9639713764190674
sports/cricket/05ad012d0ccab5cb.jpg,3.929938077926636
sports/cricket/08129ae11e7afa1e.jpg,3.930202007293701
sports/cricket/104a87e61aa3f85a.jpg,2.73989486694336
sports/cricket/1679b6bb52a8a870.jpg,3.665935754776001
sports/cricket/385a59f808ff3838.jpg,2.591387987136841
sports/cricket/4b1a686a8a90ce4b.jpg,3.227551221847534
sports/cricket/4cf200c4526f44ff.jpg,4.876254081726074
sports/cricket/4da5228bc6dd9e69.jpg,3.970299243927002
sports/cricket/4dde84abe3b984ff.jpg,4.096957683563232
sports/cricket/510086d3f2b163b0.jpg,3.057667016983032
sports/cricket/574901d78c34e0a8.jpg,3.587634563446045
sports/cricket/6f5ff291e66b5066.jpg,4.547079563140869
sports/cricket/72b7174bbfb7deee.jpg,3.498366355895996
sports/cricket/86049248026e7f64.jpg,4.268724918365479
sports/cricket/917848db27854b0e.jpg,3.514071464538574
sports/cricket/94a31ee11cd9ff43.jpg,3.6990609169006343
sports/cricket/a870503ede4375c1.jpg,3.200101852416992
sports/cricket/b8942e8ca4682cb2.jpg,3.9124255180358887
sports/cricket/c2255c3aaf4113a0.jpg,3.868746519088745
sports/cricket/c89431202eb3b75b.jpg,2.6937053203582764
sports/cricket/d5270732337b9a54.jpg,3.0723018646240234
sports/cricket/d57c16af2d536088.jpg,4.001903057098389
sports/cricket/db87ea910d4807ec.jpg,4.129820823669434
sports/cricket/e1d2aa04889492be.jpg,3.913016796112061
sports/cricket/e97c33fb1147a86e.jpg,3.35803747177124
sports/cricket/fb78be34a11c225f.jpg,3.72472882270813
sports/cricket/fcbc882094779631.jpg,4.011631011962891
sports/fencing/00229645efaf204f.jpg,1.5902869701385498
sports/fencing/09bff5f615f67d3f.jpg,1.598530888557434
sports/fencing/0a6a03c8f23ee744.jpg,1.3083407878875732
sports/fencing/0f96680fdd9951ed.jpg,1.6570146083831787
sports/fencing/1a78037c75f2d54a.jpg,1.9548428058624268
sports/fencing/39432d2f206e6096.jpg,1.5224238634109497
sports/fencing/39aad38e0112aeb6.jpg,1.4889514446258545
sports/fencing/3f9408b1b9c80f15.jpg,1.5269582271575928
sports/fencing/528fa60d7653f4ec.jpg,1.2564245462417605
sports/fencing/533b85f1b088732d.jpg,2.128366470336914
sports/fencing/5c7a9ec4b1630457.jpg,1.5184942483901978
sports/fencing/6870b579e585698e.jpg,1.349803447723389
sports/fencing/72b9c326fa84cb89.jpg,1.5021535158157349
sports/fencing/8ca9624b99f261f2.jpg,1.4066870212554932
sports/fencing/9ad90193550e2037.jpg,1.4863245487213137
sports/fencing/9c93d2b7159cea2d.jpg,1.5977712869644165
sports/fencing/bfd7722e868e772c.jpg,1.413246750831604
sports/fencing/cb015f171d060a5f.jpg,1.4995659589767456
sports/fencing/d7d111c164d6ac0a.jpg,1.849650502204895
sports/fencing/d8b1c1458fe8d49a.jpg,1.4035351276397705
sports/fencing/f89f1c0793c6947f.jpg,1.353071689605713
sports/field hockey/000000048442.jpg,2.6237945556640625
sports/field hockey/000000516249.jpg,2.765998125076294
sports/field hockey/059520433a9809d0.jpg,3.05000376701355
sports/field hockey/084d9b0d21b5de75.jpg,2.589661836624145
sports/field hockey/0a9cae46a2fe661b.jpg,2.4744467735290527
sports/field hockey/0da653cc74b7f079.jpg,2.1982147693634038
sports/field hockey/0e61ee3614881ca1.jpg,3.034515619277954
sports/field hockey/1301abd7df04425b.jpg,3.00894832611084
sports/field hockey/15cdf068f1cc0c01.jpg,2.6715383529663086
sports/field hockey/192c3e482444f853.jpg,2.8480236530303955
sports/field hockey/19ce47859fe84403.jpg,2.3616113662719727
sports/field hockey/26b45e4572605eb1.jpg,3.191538095474243
sports/field hockey/28c1742dab03a143.jpg,2.8036766052246094
sports/field hockey/316f00e286d5a624.jpg,2.536232709884644
sports/field hockey/31957706f94af9d3.jpg,2.9269509315490723
sports/field hockey/38485db61e9ca278.jpg,3.0947625637054443
sports/field hockey/39b69baeb6d748b8.jpg,1.7844287157058716
sports/field hockey/3c4e294f8d735775.jpg,1.7694822549819946
sports/field hockey/3df553d663038934.jpg,2.822746753692627
sports/field hockey/4237c823b4f8ea49.jpg,2.3907546997070312
sports/field hockey/428764c4e47a64ac.jpg,2.730785846710205
sports/field hockey/42ce0e541e865b81.jpg,3.739909410476685
sports/field hockey/4f00fa5d6b6671bd.jpg,1.7951054573059082
sports/field hockey/5b7b58b5eab43e92.jpg,2.9708914756774902
sports/field hockey/6766c11caf4ca2f9.jpg,2.588244915008545
sports/field hockey/6b1e8ade1d0411f4.jpg,2.500595569610596
sports/field hockey/6c217757caa59d1a.jpg,2.8486995697021484
sports/field hockey/6f68c04b56476d1c.jpg,2.363217830657959
sports/field hockey/7924d91dd62861ba.jpg,3.8867340087890634
sports/field hockey/7cc59958b7c5b5a3.jpg,3.0504393577575684
sports/field hockey/7df69baa01412889.jpg,2.859956979751587
sports/field hockey/82996269f0e2fe5b.jpg,2.3847639560699463
sports/field hockey/82da2d1599906170.jpg,2.6263816356658936
sports/field hockey/8341d6c1644efe7e.jpg,2.898704290390014
sports/field hockey/88d6c8356cfa5cbe.jpg,2.6448140144348145
sports/field hockey/9980f148e56325da.jpg,2.9964771270751958
sports/field hockey/9db82ec0ad6b5ff5.jpg,2.622166633605957
sports/field hockey/a0abe94bde0fc87f.jpg,2.8627283573150635
sports/field hockey/b6493213359c274c.jpg,2.50441575050354
sports/field hockey/b78fb2a194a80153.jpg,1.890686273574829
sports/field hockey/b8b45350bd04ceda.jpg,2.942852735519409
sports/field hockey/be315bf31deb1b5d.jpg,3.4266586303710938
sports/field hockey/c29ffd28eb6cb7e0.jpg,1.7825448513031006
sports/field hockey/c7bd4572143537bc.jpg,2.2775704860687256
sports/field hockey/cc4740e2a33b969a.jpg,2.557879447937012
sports/field hockey/d62bc1c293d6022d.jpg,2.0103931427001958
sports/field hockey/d845f120e4b794cd.jpg,2.689673662185669
sports/field hockey/d9e93a2678327874.jpg,2.368964672088623
sports/field hockey/dbaa033be5e95bd9.jpg,2.315063714981079
sports/field hockey/e02ad32855600a57.jpg,2.5042803287506104
sports/field hockey/eafd76a3599d2482.jpg,2.5359790325164795
sports/field hockey/edc8bdce3b11e3af.jpg,2.9490725994110107
sports/field hockey/f67573fffea45d60.jpg,3.1721932888031006
sports/field hockey/fa6f5cc41df31b36.jpg,4.325289726257324
sports/figure skating/00c0e3b734506745.jpg,1.6153589487075806
sports/figure skating/0ca3663d4e237556.jpg,4.039063453674316
sports/figure skating/1ad03c0542449be2.jpg,3.4743831157684326
sports/figure skating/287d1a6207b6ceeb.jpg,3.952127456665039
sports/figure skating/2b607717ec492bc2.jpg,2.09902024269104
sports/figure skating/2e7c8ac130906525.jpg,3.482657194137573
sports/figure skating/3ee15aa26a7d7286.jpg,1.8294326066970823
sports/figure skating/43075dd1aa81e11d.jpg,5.394540309906006
sports/figure skating/46f09a0adfa8b30b.jpg,5.020231246948242
sports/figure skating/5d57fdc7534a749d.jpg,1.7647457122802734
sports/figure skating/60b8b7aaa7649bfe.jpg,1.8144630193710327
sports/figure skating/6b27b3ffb904f51f.jpg,1.8474961519241333
sports/figure skating/7b6ac9da1662ac51.jpg,2.74404239654541
sports/figure skating/a309464face2453a.jpg,2.9359209537506104
sports/figure skating/aa57164987eff0f6.jpg,2.6456542015075684
sports/figure skating/ac260e25915895d8.jpg,2.277988910675049
sports/figure skating/ca8c65130adf3589.jpg,2.635958194732666
sports/figure skating/d631ea99f1ce3ac7.jpg,1.9826525449752808
sports/figure skating/e1bbc2771fd99868.jpg,2.885218620300293
sports/figure skating/e61ec87eac083fa8.jpg,1.836228370666504
sports/figure skating/f9bb26d229cb4904.jpg,3.653800010681152
sports/fitness/087aacabae6c31ab.jpg,1.319949984550476
sports/fitness/168d8729f6861120.jpg,1.3312643766403198
sports/fitness/1e688fd4c90bf62d.jpg,1.22195303440094
sports/fitness/37575826630ae5e2.jpg,1.35017728805542
sports/fitness/39dabf44b31cc631.jpg,1.444636344909668
sports/fitness/3bad69ad196d0b30.jpg,1.5142779350280762
sports/fitness/3e92430853ab3484.jpg,1.3958662748336792
sports/fitness/4531575c47fa1304.jpg,1.334536075592041
sports/fitness/5ba82a78da57b025.jpg,1.3042147159576416
sports/fitness/6d72936470a2df28.jpg,1.4157814979553225
sports/fitness/6fdbb41ec1e403f1.jpg,1.6881537437438965
sports/fitness/84a41382ff3e907d.jpg,1.590689182281494
sports/fitness/919170eeb33e7a6a.jpg,1.3296787738800049
sports/fitness/92a120d977f281b2.jpg,1.2896355390548706
sports/fitness/92bdb469c67a7096.jpg,1.4743036031723022
sports/fitness/98f8e822feb47cbf.jpg,1.3089205026626587
sports/fitness/bfa8dd6b7a851d39.jpg,1.4210015535354614
sports/fitness/c1a82130fde947e3.jpg,1.4459446668624878
sports/fitness/e4a24cee29adf7ac.jpg,1.5734539031982422
sports/fitness/e993f22917fba7f4.jpg,1.4594677686691284
sports/fitness/efd6e2c6544a1fff.jpg,1.4060847759246826
sports/fitness/f66e57fa9da8361e.jpg,1.434160590171814
sports/fitness/f9aa60a477640909.jpg,1.295332431793213
sports/frisbee/000000031390.jpg,4.277088165283203
sports/frisbee/000000034372.jpg,1.4929721355438232
sports/frisbee/000000036273.jpg,3.125556468963623
sports/frisbee/000000050013.jpg,3.5844552516937256
sports/frisbee/000000056868.jpg,2.5921506881713867
sports/frisbee/000000058157.jpg,4.294547080993652
sports/frisbee/000000061779.jpg,4.040514945983887
sports/frisbee/000000064059.jpg,4.098840713500977
sports/frisbee/000000087479.jpg,3.9147210121154794
sports/frisbee/000000099341.jpg,3.133363723754883
sports/frisbee/000000099964.jpg,2.273721694946289
sports/frisbee/000000139249.jpg,4.584019184112549
sports/frisbee/000000142637.jpg,3.3838796615600586
sports/frisbee/000000143559.jpg,4.083104133605957
sports/frisbee/000000159398.jpg,3.835134029388428
sports/frisbee/000000180984.jpg,4.765359878540039
sports/frisbee/000000181481.jpg,4.385190486907959
sports/frisbee/000000194531.jpg,6.231753349304199
sports/frisbee/000000196912.jpg,4.37714147567749
sports/frisbee/000000209266.jpg,4.341059684753418
sports/frisbee/000000210816.jpg,3.955413579940796
sports/frisbee/000000211737.jpg,2.8656318187713623
sports/frisbee/000000226936.jpg,3.437636613845825
sports/frisbee/000000240033.jpg,2.6352405548095703
sports/frisbee/000000254078.jpg,4.580514430999756
sports/frisbee/000000264307.jpg,3.985908508300781
sports/frisbee/000000274745.jpg,4.187009811401367
sports/frisbee/000000278101.jpg,2.4895384311676025
sports/frisbee/000000281922.jpg,5.917136192321777
sports/frisbee/000000282062.jpg,3.721923112869263
sports/frisbee/000000289423.jpg,3.700042486190796
sports/frisbee/000000299734.jpg,2.931755781173706
sports/frisbee/000000302551.jpg,3.6321964263916016
sports/frisbee/000000315381.jpg,4.06663990020752
sports/frisbee/000000318279.jpg,3.2629079818725586
sports/frisbee/000000331518.jpg,3.759665012359619
sports/frisbee/000000334751.jpg,5.20271635055542
sports/frisbee/000000358086.jpg,2.018685102462769
sports/frisbee/000000364154.jpg,5.253686428070068
sports/frisbee/000000388486.jpg,4.541147708892822
sports/frisbee/000000393241.jpg,3.948767900466919
sports/frisbee/000000422211.jpg,5.232517242431641
sports/frisbee/000000423529.jpg,4.63013219833374
sports/frisbee/000000428550.jpg,4.40811824798584
sports/frisbee/000000453529.jpg,3.539168119430542
sports/frisbee/000000481014.jpg,3.525512218475342
sports/frisbee/000000482910.jpg,4.109659194946289
sports/frisbee/000000509471.jpg,4.733626842498779
sports/frisbee/000000511121.jpg,5.370841979980469
sports/frisbee/000000517460.jpg,4.289601802825928
sports/frisbee/000000524047.jpg,4.663105487823486
sports/frisbee/000000539247.jpg,3.502406120300293
sports/frisbee/000000551338.jpg,3.377399682998657
sports/golf/00ea4ebcea489abd.jpg,4.236808776855469
sports/golf/02214e9e87af8091.jpg,3.978454113006592
sports/golf/05e82779bb9c7b6a.jpg,4.091413021087647
sports/golf/083327ccfc4b1684.jpg,4.513524055480957
sports/golf/0dd4c580c14df3d1.jpg,4.380541801452637
sports/golf/103e1b8a925be6f6.jpg,4.781038761138916
sports/golf/1467a36d490d1750.jpg,3.505445718765259
sports/golf/188fcb471d077f6b.jpg,4.885020732879639
sports/golf/1bf7b18e9816e5c6.jpg,3.8861734867095943
sports/golf/232299e70b9fe949.jpg,4.281432151794434
sports/golf/2a7c45cb2c6ffdca.jpg,4.283409595489502
sports/golf/2d2da4e280f88f23.jpg,3.665063142776489
sports/golf/2da2c22f1bd3d367.jpg,5.089394569396973
sports/golf/316af044aec03d7a.jpg,4.766695976257324
sports/golf/3d930f11eee5d446.jpg,4.175145149230957
sports/golf/3dfbdcd1d1aaa02d.jpg,4.410684108734131
sports/golf/54906e95b973086b.jpg,4.53362512588501
sports/golf/5a01fbb421c3ea87.jpg,4.097785472869873
sports/golf/6c18b3182a012e30.jpg,3.913071155548096
sports/golf/706623fd1eb142e2.jpg,4.923346996307373
sports/golf/7236064c35684dba.jpg,3.4787542819976807
sports/golf/82462c9793e1b5d0.jpg,4.744327068328857
sports/golf/865c492b335e9890.jpg,3.7474539279937744
sports/golf/8677ea1bec084ac3.jpg,3.764717102050781
sports/golf/8c3acc0158dfe5ee.jpg,4.359086990356445
sports/golf/93ee6f6e0bcc3c3d.jpg,4.471611499786377
sports/golf/94ca4d01f90bef1c.jpg,4.3382182121276855
sports/golf/97aaac154962a793.jpg,4.281656265258789
sports/golf/a1d32a9b35bf01bb.jpg,4.688841342926025
sports/golf/a26935abd4c130ba.jpg,4.984539985656738
sports/golf/a89da698610fa26e.jpg,4.417544841766357
sports/golf/a8cc262e267f3706.jpg,4.653178691864014
sports/golf/a996146a2cccb57c.jpg,4.374775409698486
sports/golf/af7058e7f9d6ae7e.jpg,3.9556877613067623
sports/golf/b2259a0da58bf723.jpg,4.045215606689453
sports/golf/b879a8057b244154.jpg,4.291868686676025
sports/golf/bb02343a8664e896.jpg,4.69459342956543
sports/golf/bb3c26d44a629489.jpg,4.025822639465332
sports/golf/c2bbd341fb948b09.jpg,4.124038696289063
sports/golf/c58f9c82da8f7b54.jpg,4.702626705169678
sports/golf/cee06f136258d4eb.jpg,4.469205856323242
sports/golf/d6485beb5b69ea53.jpg,4.139241695404053
sports/golf/d6d1c4af0eb29b02.jpg,4.186929702758789
sports/golf/d9deef4771dcbc02.jpg,4.291016101837158
sports/golf/e371a76b33265b9d.jpg,4.265558242797852
sports/golf/eacf12733f79d8e5.jpg,4.372277736663818
sports/golf/ed0147f94eaf2efd.jpg,4.630204200744629
sports/golf/f452b0a53243dd43.jpg,4.493584156036377
sports/golf/f60ba3e737ee431c.jpg,4.7631120681762695
sports/golf/f68a04e0ec306178.jpg,4.339467525482178
sports/golf/n00464894_10033.jpg,4.639692306518555
sports/golf/n00464894_10042.jpg,4.411113739013672
sports/golf/n00464894_10299.jpg,4.199267387390137
sports/golf/n00464894_10523.jpg,4.386677265167236
sports/golf/n00464894_10535.jpg,3.234946250915528
sports/golf/n00464894_10747.jpg,3.694244623184204
sports/golf/n00464894_10911.jpg,5.7866716384887695
sports/golf/n00464894_11042.jpg,4.7978196144104
sports/golf/n00464894_11143.jpg,4.355319976806641
sports/golf/n00464894_11765.jpg,4.501956939697266
sports/golf/n00464894_12059.jpg,5.239540576934815
sports/golf/n00464894_12096.jpg,5.776870727539063
sports/golf/n00464894_12201.jpg,4.431029319763184
sports/golf/n00464894_12357.jpg,5.096880435943604
sports/golf/n00464894_12673.jpg,4.117570400238037
sports/golf/n00464894_12725.jpg,5.677163600921631
sports/golf/n00464894_12759.jpg,4.843595504760742
sports/golf/n00464894_13058.jpg,4.806765079498291
sports/golf/n00464894_13306.jpg,4.622987747192383
sports/golf/n00464894_13320.jpg,4.567505359649658
sports/golf/n00464894_13521.jpg,4.256957054138184
sports/golf/n00464894_13590.jpg,4.411559581756592
sports/golf/n00464894_13639.jpg,4.047684669494629
sports/golf/n00464894_13676.jpg,4.210007190704346
sports/golf/n00464894_13710.jpg,4.238284587860107
sports/golf/n00464894_13791.jpg,4.146481037139893
sports/golf/n00464894_13832.jpg,4.918225765228272
sports/golf/n00464894_14073.jpg,2.574563503265381
sports/golf/n00464894_14750.jpg,4.162747383117676
sports/golf/n00464894_15473.jpg,4.149263381958008
sports/golf/n00464894_15525.jpg,4.942394733428955
sports/golf/n00464894_16047.jpg,5.054511547088623
sports/golf/n00464894_16129.jpg,4.214539051055908
sports/golf/n00464894_16183.jpg,4.920022010803223
sports/golf/n00464894_16290.jpg,3.5789594650268555
sports/golf/n00464894_16494.jpg,5.071169853210449
sports/golf/n00464894_17474.jpg,4.720728874206543
sports/golf/n00464894_9013.jpg,4.819840908050537
sports/golf/n00464894_9076.jpg,4.150585174560547
sports/golf/n00464894_9080.jpg,4.049058437347412
sports/golf/n00464894_9116.jpg,4.877411842346191
sports/golf/n00464894_9175.jpg,4.553706645965576
sports/golf/n00464894_9191.jpg,4.893074989318848
sports/golf/n00464894_9251.jpg,5.377429008483887
sports/golf/n00464894_9505.jpg,4.592005252838135
sports/golf/n00464894_9589.jpg,4.049476623535156
sports/golf/n00464894_9642.jpg,4.480405807495117
sports/golf/n00464894_9950.jpg,3.9817142486572266
sports/golf/n00464894_9966.jpg,4.38347864151001
sports/gymnastics/01632b2621c70f0a.jpg,1.6522300243377686
sports/gymnastics/03e15185cfaf3edf.jpg,1.374891757965088
sports/gymnastics/11e9893bc1e70924.jpg,1.6606892347335815
sports/gymnastics/1bd57202eab83f72.jpg,1.7470905780792236
sports/gymnastics/1bd904846b4ac438.jpg,1.3733835220336914
sports/gymnastics/1c64d0a5c94e520b.jpg,1.7368203401565552
sports/gymnastics/1ff02c2dd58ac89e.jpg,2.2024643421173096
sports/gymnastics/284b9fc66ab531fa.jpg,1.649385690689087
sports/gymnastics/2be435d58d5e858d.jpg,1.8139348030090328
sports/gymnastics/2d0e3d74e9d9c96d.jpg,1.3574204444885254
sports/gymnastics/2f9ea40fc5161426.jpg,1.4485232830047607
sports/gymnastics/303d5c824614b59d.jpg,1.9297325611114504
sports/gymnastics/314b18e4dd4e1f84.jpg,1.3651080131530762
sports/gymnastics/36d088d7045fc823.jpg,1.812788963317871
sports/gymnastics/37a339d612fbd8dc.jpg,2.151151657104492
sports/gymnastics/3b9dd07f35b55a43.jpg,1.75731098651886
sports/gymnastics/3f7826aa5312939a.jpg,1.6479551792144775
sports/gymnastics/42f6decb34b04c85.jpg,1.4264997243881226
sports/gymnastics/48abd1db27d7de96.jpg,1.6554018259048462
sports/gymnastics/4b39410d409f23c8.jpg,1.6953505277633667
sports/gymnastics/4e3b05a274ec9070.jpg,1.934147834777832
sports/gymnastics/5c2cb88d3566e522.jpg,1.6400701999664309
sports/gymnastics/61f624ac32c56eba.jpg,1.63237726688385
sports/gymnastics/64d859e02180217e.jpg,2.58805775642395
sports/gymnastics/651c2ae1e6892530.jpg,1.6196410655975342
sports/gymnastics/66244a77636dd606.jpg,1.5119638442993164
sports/gymnastics/6ca88869cb213178.jpg,1.6738704442977903
sports/gymnastics/6d8a20a69d1f2667.jpg,1.644161820411682
sports/gymnastics/71f118b4354b5ff0.jpg,1.3681833744049072
sports/gymnastics/819010698b243bd6.jpg,1.372344970703125
sports/gymnastics/8c6459b9f289fa47.jpg,1.4045085906982422
sports/gymnastics/8de344ed44498634.jpg,1.3672162294387815
sports/gymnastics/910c63df860a274e.jpg,1.5381571054458618
sports/gymnastics/92c0a1e89a467815.jpg,1.6012396812438965
sports/gymnastics/965fcccf96b4fb08.jpg,1.2623794078826904
sports/gymnastics/9b3a86b775b0121c.jpg,1.7926926612854004
sports/gymnastics/9bd9214f613fa836.jpg,1.8297075033187864
sports/gymnastics/9f10eef51818ce72.jpg,1.9114247560501096
sports/gymnastics/9ff2f0382e09681f.jpg,1.9766913652420044
sports/gymnastics/a4cd92bb222f7ce1.jpg,1.6120558977127075
sports/gymnastics/a70f746e69334265.jpg,1.4094771146774292
sports/gymnastics/a9c524228aecdba0.jpg,1.7102099657058716
sports/gymnastics/aa0494433027c7c9.jpg,1.4991278648376465
sports/gymnastics/ac36d564ad0b93e1.jpg,1.8522361516952517
sports/gymnastics/be64f47a308ca5e4.jpg,1.9799277782440183
sports/gymnastics/c0f5566fba5d2c67.jpg,1.9250835180282595
sports/gymnastics/c6249d94f4b8fc0b.jpg,1.7604751586914062
sports/gymnastics/cc1482ab9b518746.jpg,1.5180680751800537
sports/gymnastics/cc743804be31c6af.jpg,1.4620321989059448
sports/gymnastics/cca26d0015d1fbc9.jpg,1.7625595331192017
sports/gymnastics/cde9f1472b95e07f.jpg,1.615718126296997
sports/gymnastics/d1a2a4d8137a71e0.jpg,1.679570198059082
sports/gymnastics/d33ec9ab2872cbd3.jpg,1.755626559257507
sports/gymnastics/d4da943cfb830edb.jpg,2.018764972686768
sports/gymnastics/d79ea3d7d75d1698.jpg,1.600589394569397
sports/gymnastics/db2d4827104ccd7b.jpg,1.4813898801803589
sports/gymnastics/df85986ebb487f15.jpg,2.7374274730682373
sports/gymnastics/e04b7724f7319907.jpg,1.819879531860352
sports/gymnastics/eb62afcc2cc32f68.jpg,1.6507989168167114
sports/gymnastics/ec79dfe1948600e6.jpg,1.841609001159668
sports/gymnastics/f765766093e87c88.jpg,1.8611584901809688
sports/gymnastics/fa0b553ad96e5242.jpg,1.5799788236618042
sports/ice hockey/0543f1b76e391db9.jpg,2.229281187057495
sports/ice hockey/058567362019b68c.jpg,1.741026759147644
sports/ice hockey/0a9033f96755177c.jpg,1.646778583526611
sports/ice hockey/0ad7bad30cd432df.jpg,1.6118918657302856
sports/ice hockey/0aea452ca8e904e7.jpg,1.6720057725906372
sports/ice hockey/0dae295abfdff1ea.jpg,1.6383060216903689
sports/ice hockey/0ea39a2dcc1d75cd.jpg,1.4532546997070312
sports/ice hockey/118e34b1af1942e8.jpg,1.720151662826538
sports/ice hockey/16e3ee82eb0dabbd.jpg,1.807991981506348
sports/ice hockey/1aec2efcae150271.jpg,1.5940946340560913
sports/ice hockey/1f21eeca4577a562.jpg,2.0465009212493896
sports/ice hockey/23b73886e375fa7e.jpg,2.514626264572144
sports/ice hockey/2be8f0738a9a1c97.jpg,1.4973071813583374
sports/ice hockey/2c41faad4c1f65b5.jpg,1.8689274787902832
sports/ice hockey/2fc815db5f60e390.jpg,1.8095786571502688
sports/ice hockey/31ce868de373d467.jpg,1.3973373174667358
sports/ice hockey/351b5737a1ab2885.jpg,1.576765775680542
sports/ice hockey/3aa81f9741ba9a9f.jpg,1.7546271085739136
sports/ice hockey/3d1b2e53cd24ce90.jpg,2.117393732070923
sports/ice hockey/3e7d95d9fd61b760.jpg,1.592949151992798
sports/ice hockey/3f18498b871d51ba.jpg,1.85944926738739
sports/ice hockey/42f4b58b21cbe526.jpg,1.5398279428482056
sports/ice hockey/44b1d9ea53911b80.jpg,1.4849417209625244
sports/ice hockey/44da855f8db7d75f.jpg,1.8403568267822263
sports/ice hockey/4504f990b3609149.jpg,1.4287190437316897
sports/ice hockey/46cd2e8468293902.jpg,1.604425311088562
sports/ice hockey/470ed9c49466aa58.jpg,1.6209955215454102
sports/ice hockey/4e223fa1b1baccb5.jpg,2.2089273929595947
sports/ice hockey/4f2343b8281ea366.jpg,1.5554295778274536
sports/ice hockey/5186956757a13de0.jpg,1.5670762062072754
sports/ice hockey/534af61fae5fe4d4.jpg,1.8103697299957275
sports/ice hockey/56770050ea8dba24.jpg,1.4758570194244385
sports/ice hockey/59ceb630665f7758.jpg,1.6153039932250977
sports/ice hockey/5b2e422c926f1e57.jpg,1.4891197681427002
sports/ice hockey/5b336820a1e8baed.jpg,1.601501703262329
sports/ice hockey/654d741e1d80fd43.jpg,1.726197361946106
sports/ice hockey/68e14a4429132391.jpg,1.581038236618042
sports/ice hockey/6ee605e86e56e0e3.jpg,1.6653060913085938
sports/ice hockey/7cdcb137fe34a95e.jpg,1.839346170425415
sports/ice hockey/83ab987502a09a6b.jpg,1.613411784172058
sports/ice hockey/84ebed9f630e379a.jpg,1.5528268814086914
sports/ice hockey/8f82fbb148cbb7b4.jpg,1.6308196783065796
sports/ice hockey/935acb1cbbe1c4cc.jpg,1.692407488822937
sports/ice hockey/93817e876146e69b.jpg,1.6089965105056765
sports/ice hockey/93a6949865b988a4.jpg,2.453425645828247
sports/ice hockey/94137cbe7c37e64d.jpg,1.7439404726028442
sports/ice hockey/9cb1e2d7ec5ebe81.jpg,1.566152811050415
sports/ice hockey/9e0b50b69b095d1d.jpg,1.9040626287460327
sports/ice hockey/9ed6211c70cdd276.jpg,2.8488337993621826
sports/ice hockey/9fdf25ec79965e3f.jpg,1.7192597389221191
sports/ice hockey/a299795b3d1ae056.jpg,1.5448864698410034
sports/ice hockey/a658c1dbf5ff3fb8.jpg,1.654698133468628
sports/ice hockey/a8895e69efa2a435.jpg,1.8120291233062744
sports/ice hockey/a90ab7e806e3a62b.jpg,1.688388109207153
sports/ice hockey/aeae192fcdc7715e.jpg,1.555026292800903
sports/ice hockey/b080e8dae70bfe84.jpg,1.361568570137024
sports/ice hockey/b0bc605978c40a86.jpg,1.879927515983581
sports/ice hockey/b2fb0ff2373a5907.jpg,1.7034368515014648
sports/ice hockey/bf6e1ab364fc7572.jpg,1.5656039714813232
sports/ice hockey/c0b448197bb26158.jpg,1.6823170185089111
sports/ice hockey/c2a4e9b103e44933.jpg,1.469068169593811
sports/ice hockey/c640a3584d1e4d71.jpg,1.9591056108474727
sports/ice hockey/ce604b31eae758ba.jpg,2.6767964363098145
sports/ice hockey/cefeffaa35e5554b.jpg,1.981152057647705
sports/ice hockey/d2ef8f4bfba0d4f3.jpg,1.6352481842041016
sports/ice hockey/d30cf90f4d40cfcd.jpg,3.07853627204895
sports/ice hockey/d894f93f348d6eda.jpg,2.506698608398437
sports/ice hockey/da7a3c300739e6a0.jpg,1.581120848655701
sports/ice hockey/e4f55f661a8c4977.jpg,1.814580202102661
sports/ice hockey/e6531a91951cea03.jpg,2.351539373397827
sports/ice hockey/e90d1fe2f89787a8.jpg,2.305041551589966
sports/ice hockey/eb2406b3c32c6eb4.jpg,1.6238785982131958
sports/ice hockey/ebce94aa47a331eb.jpg,2.311938762664795
sports/ice hockey/ecf8e91b2613e79d.jpg,1.679829716682434
sports/ice hockey/ed9e6b9510cf8ef7.jpg,2.032740831375122
sports/ice hockey/f3cd7f313b9db562.jpg,1.332145094871521
sports/ice hockey/fdd42cffe50c364c.jpg,1.70620596408844
sports/japanese martial arts/00b96ff2060fcfa2.jpg,1.7639029026031494
sports/japanese martial arts/02690f65ea2a2223.jpg,1.7238041162490845
sports/japanese martial arts/03f1ef1359dbf0c1.jpg,1.7651182413101196
sports/japanese martial arts/051d5f29e283fb24.jpg,1.8584731817245483
sports/japanese martial arts/059001702b9b91e5.jpg,1.7446224689483645
sports/japanese martial arts/09cc66c3ce06c937.jpg,2.472557544708252
sports/japanese martial arts/0d3119fe1227332d.jpg,1.5949201583862305
sports/japanese martial arts/0fe3f79c9523477a.jpg,1.3622448444366455
sports/japanese martial arts/114d6b81e7b1fa08.jpg,1.8111857175827024
sports/japanese martial arts/13fbf4d8a571de45.jpg,1.8964645862579343
sports/japanese martial arts/1b1e98b5f9cc8b50.jpg,1.5706778764724731
sports/japanese martial arts/1bbb133de9623768.jpg,1.715710163116455
sports/japanese martial arts/1f92541b4f439e51.jpg,1.7912936210632324
sports/japanese martial arts/234d72b20100b070.jpg,1.6616973876953125
sports/japanese martial arts/23a9162f4356427c.jpg,1.5383400917053225
sports/japanese martial arts/2509b4b6414f04d3.jpg,1.4898945093154907
sports/japanese martial arts/26029c6c44ee5452.jpg,1.511348843574524
sports/japanese martial arts/29af2f1dd764c49f.jpg,1.9064029455184937
sports/japanese martial arts/2adc2001f2704f06.jpg,1.967233777046204
sports/japanese martial arts/2fd1948266c82802.jpg,1.82523775100708
sports/japanese martial arts/2fd91d447d744038.jpg,1.514753341674805
sports/japanese martial arts/4656464d55472d7f.jpg,1.5014550685882568
sports/japanese martial arts/46e3dfd73c4ff58c.jpg,1.4715657234191897
sports/japanese martial arts/47c3c79be6aa0974.jpg,1.779215693473816
sports/japanese martial arts/4882db1a7d20bbe3.jpg,1.4976613521575928
sports/japanese martial arts/4ba30c0ec637fd23.jpg,1.4457927942276
sports/japanese martial arts/4df59b387b10f876.jpg,1.5475338697433472
sports/japanese martial arts/4e27b4cc6e70cf1c.jpg,1.7303565740585327
sports/japanese martial arts/4f5fcdbccb70fe17.jpg,1.416539192199707
sports/japanese martial arts/512098c6ba73b6d3.jpg,1.681369066238403
sports/japanese martial arts/5526b69113f74659.jpg,1.476121425628662
sports/japanese martial arts/58156b82c899e639.jpg,1.4478013515472412
sports/japanese martial arts/59c9716ad00033a0.jpg,1.6361033916473389
sports/japanese martial arts/5c955e3a7555aa23.jpg,2.239755153656006
sports/japanese martial arts/6cb54fd6e4b8ecbe.jpg,1.5150580406188965
sports/japanese martial arts/707abebe50ebce8d.jpg,1.7307469844818115
sports/japanese martial arts/72fa84a7bbae74c5.jpg,2.093536376953125
sports/japanese martial arts/753f4def4738bbde.jpg,2.0174202919006348
sports/japanese martial arts/75993a9d9a9315ff.jpg,1.5037436485290527
sports/japanese martial arts/81c08a27d1711452.jpg,1.6127963066101074
sports/japanese martial arts/827e29bb9f9c7427.jpg,1.3625446557998655
sports/japanese martial arts/9034b66aa88b7996.jpg,1.5724263191223145
sports/japanese martial arts/93bd25e8154bb8b9.jpg,1.9204139709472656
sports/japanese martial arts/9698dffd80dfea8c.jpg,1.6897791624069214
sports/japanese martial arts/99b99a22a0354651.jpg,1.4491780996322632
sports/japanese martial arts/9cb7e8cffefbf99f.jpg,1.4241535663604736
sports/japanese martial arts/9e325c20c06565bb.jpg,1.4516730308532717
sports/japanese martial arts/9eb13ec3324f5d88.jpg,2.055102825164795
sports/japanese martial arts/a2668a5b15925ec1.jpg,1.5340076684951782
sports/japanese martial arts/a31b4795bd65b914.jpg,1.4690834283828735
sports/japanese martial arts/a524a06b55294fe0.jpg,1.5155776739120483
sports/japanese martial arts/a5f627b7166f2f0f.jpg,1.5856064558029177
sports/japanese martial arts/a6478a1638644647.jpg,1.8290523290634155
sports/japanese martial arts/a777a871a59ba267.jpg,1.6447110176086426
sports/japanese martial arts/ae9d6a16a82620f8.jpg,1.80143404006958
sports/japanese martial arts/b57ae3664e85e046.jpg,1.6479367017745972
sports/japanese martial arts/b693aa62adfef666.jpg,2.002072334289551
sports/japanese martial arts/c0c36892321e1c29.jpg,1.7371798753738403
sports/japanese martial arts/c3b7f14cad985e8c.jpg,1.4303141832351685
sports/japanese martial arts/d3dc5678a8a28f95.jpg,1.826450228691101
sports/japanese martial arts/d4a3d927462dda54.jpg,1.5937660932540894
sports/japanese martial arts/da47f61e1f5a7927.jpg,1.4808262586593628
sports/japanese martial arts/dd6f1f06f3025b28.jpg,3.165338516235352
sports/japanese martial arts/e306debdd4e9da9c.jpg,1.961674213409424
sports/japanese martial arts/e50549734a1a3d6d.jpg,2.3820269107818604
sports/japanese martial arts/e5b67ef6e91c1cf2.jpg,1.4965139627456665
sports/japanese martial arts/e8347af1a8106c91.jpg,1.8058475255966189
sports/japanese martial arts/e9ecab6c08ee8407.jpg,1.6212197542190552
sports/japanese martial arts/ea22da2b9fa06829.jpg,1.6375926733016968
sports/japanese martial arts/ed40d14e0f39eb7e.jpg,1.631250262260437
sports/japanese martial arts/eefad9609b2e9edc.jpg,1.512619972229004
sports/japanese martial arts/ef14626d95f156e5.jpg,1.7092671394348145
sports/japanese martial arts/ef2f3288f7af27a6.jpg,1.790788650512695
sports/japanese martial arts/f2167c62794b8746.jpg,1.5562845468521118
sports/japanese martial arts/f524c74a9a112cf8.jpg,2.0828590393066406
sports/japanese martial arts/f6aad81bc09dc659.jpg,1.327921986579895
sports/japanese martial arts/f85c058e1b60c705.jpg,1.638401985168457
sports/japanese martial arts/fdb183631f320b49.jpg,2.392786264419556
sports/karate/12aa9167c034ea37.jpg,1.4855825901031494
sports/karate/1f5b5919fb37d93b.jpg,1.7300097942352295
sports/karate/26eba60bf2828382.jpg,2.2155911922454834
sports/karate/28461166e51f8217.jpg,3.1446805000305176
sports/karate/3e9fc8ce3def4482.jpg,1.645293354988098
sports/karate/3ecc8dd591d2496d.jpg,1.8488410711288448
sports/karate/4299e2ebf9c58542.jpg,1.6086939573287964
sports/karate/4423bc3fc1f1ea56.jpg,1.8883203268051147
sports/karate/44fbc46a57311ee9.jpg,1.740459680557251
sports/karate/4592a320b99460e2.jpg,1.844322681427002
sports/karate/46aa118cee4f86d9.jpg,2.849459648132324
sports/karate/473d09bdea5aceac.jpg,3.4679195880889893
sports/karate/5789304f5ccd057d.jpg,2.0907301902771
sports/karate/5c3d7e1e55326af8.jpg,2.1132209300994877
sports/karate/6066408c8757fe60.jpg,1.669273853302002
sports/karate/717b396012deba08.jpg,2.0845017433166504
sports/karate/803df0dee9e9e1d7.jpg,1.6021631956100464
sports/karate/82f1a9e2176a2145.jpg,1.5304350852966309
sports/karate/8b1a20ffe4e93512.jpg,1.5941109657287598
sports/karate/a0805ac4c8992d3b.jpg,1.5538767576217651
sports/karate/a919cd7d332bba81.jpg,1.6172140836715698
sports/karate/aa8e2b1c612805d3.jpg,1.6604138612747192
sports/karate/b13dfb24715f0fc5.jpg,1.5151954889297483
sports/karate/c1dba2c782343dbc.jpg,2.2805068492889404
sports/karate/c9f3254d7fc34b31.jpg,1.6317777633666992
sports/karate/ca52e9c468267ab4.jpg,1.394686579704285
sports/karate/eb9c2f5ef792d456.jpg,1.797959566116333
sports/karate/ee5a91b811a8ce3e.jpg,1.5898568630218506
sports/karate/f0067eb8a3e46420.jpg,1.389444351196289
sports/karate/f70e2da87e3a08e5.jpg,2.290599822998047
sports/lacrosse/0110e8ec47d60bda.jpg,2.1852166652679443
sports/lacrosse/06ab03d651ae501b.jpg,2.396563768386841
sports/lacrosse/0bd97cc657f4c3f4.jpg,2.2292301654815674
sports/lacrosse/0f6367eb190d0505.jpg,3.775463104248047
sports/lacrosse/1537f41b7a4fc016.jpg,2.323983192443848
sports/lacrosse/1805dc51e061ee3f.jpg,1.7211418151855469
sports/lacrosse/1b1ec74ad2005f06.jpg,3.1964077949523926
sports/lacrosse/215dc68b2c525959.jpg,2.7963454723358154
sports/lacrosse/26c881a4fad723e9.jpg,3.1733641624450684
sports/lacrosse/26dbc26f819a0d68.jpg,3.1845543384552
sports/lacrosse/293f56dc17a59733.jpg,2.562347888946533
sports/lacrosse/34b4b1e00c8e05ce.jpg,2.614779233932495
sports/lacrosse/35669675caf4ebe9.jpg,3.099836587905884
sports/lacrosse/3601de93a0e5fd67.jpg,3.646118402481079
sports/lacrosse/439e21de21f1e611.jpg,2.8759074211120605
sports/lacrosse/465e10af9b6e3ef5.jpg,3.239996671676636
sports/lacrosse/5081ae7d7bd1a83a.jpg,3.864626407623291
sports/lacrosse/52d6421dbe9e7100.jpg,3.0531880855560303
sports/lacrosse/5343b64732666414.jpg,2.707810401916504
sports/lacrosse/54d149d732cd530b.jpg,3.2216382026672363
sports/lacrosse/5582e1b92da31e68.jpg,2.7065789699554443
sports/lacrosse/577f77b326ff65e7.jpg,3.573848247528076
sports/lacrosse/5a4fc14161a53bb4.jpg,2.9720659255981445
sports/lacrosse/5d8c99f560208989.jpg,3.35114860534668
sports/lacrosse/5ffeffc15eb1de28.jpg,2.445228815078736
sports/lacrosse/6640cb58a84d1828.jpg,3.1151225566864014
sports/lacrosse/71e61c1183f5bfba.jpg,2.492905378341675
sports/lacrosse/7247dcf186a435d7.jpg,2.170663356781006
sports/lacrosse/7e8f1095b4e20df9.jpg,2.949018239974976
sports/lacrosse/854a262f5ef9d933.jpg,2.647297143936157
sports/lacrosse/8568a9adbda07fe7.jpg,2.905484199523926
sports/lacrosse/86e9451ce692d4e6.jpg,3.180807113647461
sports/lacrosse/875fe886b023ae54.jpg,2.950972557067871
sports/lacrosse/9d843b2a03558a69.jpg,4.132866859436035
sports/lacrosse/9f9627495742c52e.jpg,3.483236312866211
sports/lacrosse/a7aa9768e5b4e053.jpg,2.6248936653137207
sports/lacrosse/ae387da9890adf09.jpg,2.589169979095459
sports/lacrosse/b5d328a10a792d7e.jpg,3.650628328323364
sports/lacrosse/b9629dfcee0b9b3c.jpg,3.357560396194458
sports/lacrosse/c4a79ad7987f24b9.jpg,2.491853952407837
sports/lacrosse/ca628a60792aa441.jpg,3.783710241317749
sports/lacrosse/d30c9d1cd116c210.jpg,3.2183310985565186
sports/lacrosse/d5d2bfbf1d397b5b.jpg,2.079401016235352
sports/lacrosse/dbf60b8984b89eae.jpg,3.318643569946289
sports/lacrosse/dc64c9fa850fa7de.jpg,3.5697057247161865
sports/lacrosse/e25652b3a08c346f.jpg,2.092740774154663
sports/lacrosse/e6ed59d321122050.jpg,3.326892852783203
sports/lacrosse/eabaa6a885b0d2b4.jpg,2.8663456439971924
sports/lacrosse/ee9ff188921745c2.jpg,3.595280885696411
sports/lacrosse/f00029c079347a21.jpg,3.259932518005371
sports/lacrosse/f001554921abd6af.jpg,2.6736676692962646
sports/lacrosse/f3d1acd39988a804.jpg,2.2459676265716557
sports/lacrosse/fb95b3f8cf29b596.jpg,2.5277717113494877
sports/lacrosse/fc14f1cce131d551.jpg,3.0758023262023926
sports/mountain biking/0134e4c71ff2dd8a.jpg,3.107542037963867
sports/mountain biking/087b1062dc719626.jpg,4.838882446289063
sports/mountain biking/0af7ea4cedd9727f.jpg,5.728829860687256
sports/mountain biking/13fb10a6d2718757.jpg,4.953344345092773
sports/mountain biking/171b328f1c63c1d6.jpg,4.756167888641357
sports/mountain biking/19b4672fc09b7f74.jpg,3.017240524291992
sports/mountain biking/20c25df116a12983.jpg,3.3023903369903564
sports/mountain biking/2a9c95d441f4958e.jpg,4.496922492980957
sports/mountain biking/2bdefa6c6b45b495.jpg,3.7278740406036377
sports/mountain biking/3621d630ce4d726b.jpg,3.4026942253112797
sports/mountain biking/43028c395ed649ef.jpg,2.683088541030884
sports/mountain biking/4c0275745141b853.jpg,5.44054651260376
sports/mountain biking/53de264315f31cdc.jpg,3.850004196166992
sports/mountain biking/571abfa0a95e675a.jpg,4.395415306091309
sports/mountain biking/5a06cc680775df9c.jpg,3.739756107330322
sports/mountain biking/5ae17e2ece920152.jpg,5.781739711761475
sports/mountain biking/5d927b791ed979bd.jpg,3.638324737548828
sports/mountain biking/6733d7a815809a84.jpg,4.919145107269287
sports/mountain biking/7e4f94776a3b4db8.jpg,5.103220939636231
sports/mountain biking/7ed3fbc0d52eae5d.jpg,5.594324111938477
sports/mountain biking/7f04e60fa0ab31cb.jpg,4.969632148742676
sports/mountain biking/8f4eff2661ddfd1a.jpg,4.149766445159912
sports/mountain biking/98e8baa4d1188219.jpg,4.5689873695373535
sports/mountain biking/99a0c49a6c22df59.jpg,5.512472629547119
sports/mountain biking/9a284f20e81f56a0.jpg,5.484602928161621
sports/mountain biking/a284f227c612b0c8.jpg,3.8475828170776367
sports/mountain biking/a4371ed7681b31f4.jpg,3.8571910858154297
sports/mountain biking/a6cff7d33b841d2f.jpg,4.178966522216797
sports/mountain biking/abc436f8778e1a82.jpg,3.829578161239624
sports/mountain biking/aec20da322ac2ace.jpg,6.265882968902588
sports/mountain biking/c4e8395425f49d05.jpg,3.7283785343170166
sports/mountain biking/c658026260b5ba62.jpg,5.772249698638916
sports/mountain biking/ce30e3bdaeca2ae1.jpg,5.873888969421387
sports/mountain biking/dcd671ad57417234.jpg,3.6207993030548096
sports/mountain biking/e98d463e02434aba.jpg,4.856146812438965
sports/mountain biking/f6daef3ca544abf3.jpg,4.767531871795654
sports/mountain biking/fad43fb6ac0d9c90.jpg,3.784193992614746
sports/mountain biking/fcb06733651f6876.jpg,3.4463412761688232
sports/mountain biking/feecb94338fe3dc8.jpg,5.849577903747559
sports/roller skating/022c1f420446d118.jpg,1.5399340391159058
sports/roller skating/076078740387b572.jpg,2.500404596328736
sports/roller skating/0a4c4ab517c2900e.jpg,1.4442298412322998
sports/roller skating/0e9d7928364dce7e.jpg,1.415359377861023
sports/roller skating/134e7aae3e2561c9.jpg,1.4761825799942017
sports/roller skating/16f51edf6ef907f5.jpg,2.09146499633789
sports/roller skating/1a17241c6f0e6642.jpg,2.1922051906585693
sports/roller skating/1b9c7e12abbe940e.jpg,1.5848932266235352
sports/roller skating/1c9f9e769b02d785.jpg,2.6206061840057373
sports/roller skating/208fcde7b90bcbf8.jpg,1.6186164617538452
sports/roller skating/2611d2e7db140a46.jpg,3.983574867248535
sports/roller skating/2f8646054639f943.jpg,1.4319076538085938
sports/roller skating/3e5f7dc48d210ad0.jpg,1.604360580444336
sports/roller skating/41af3efaefe26242.jpg,1.9721770286560056
sports/roller skating/42cc26dd872160fb.jpg,2.73041033744812
sports/roller skating/5354286f9d07f704.jpg,2.8098723888397217
sports/roller skating/53e19901290661c3.jpg,2.587270736694336
sports/roller skating/54b1221080a3301e.jpg,1.8567992448806765
sports/roller skating/56c8e6f1b804c529.jpg,1.591184139251709
sports/roller skating/592bf7ae460cd22f.jpg,1.6059554815292358
sports/roller skating/5ba69198a3acd712.jpg,2.9236257076263428
sports/roller skating/5f050d7981eafb6a.jpg,2.4779839515686035
sports/roller skating/5fc131efa7988d86.jpg,1.691925883293152
sports/roller skating/681b9d18e064e882.jpg,1.44605553150177
sports/roller skating/769faaf11d76c4b6.jpg,1.8464759588241575
sports/roller skating/7aaf2ad4bd23d9a8.jpg,1.693768858909607
sports/roller skating/7aff58e036d03b98.jpg,1.970869898796081
sports/roller skating/8495ab3a5a40c791.jpg,1.802088022232056
sports/roller skating/84e3ccf7d57f3b99.jpg,1.7381596565246582
sports/roller skating/89ba1a0400587736.jpg,1.796417474746704
sports/roller skating/8b932b1337db7e2a.jpg,3.1860971450805664
sports/roller skating/93f7d390a622ecd5.jpg,2.9060380458831787
sports/roller skating/95e59623c871c809.jpg,3.4293136596679688
sports/roller skating/9f0a2313d27cfdc4.jpg,1.8562560081481931
sports/roller skating/a35f36389c0cac44.jpg,1.89200222492218
sports/roller skating/a4dd58611e612080.jpg,1.7941224575042725
sports/roller skating/a70377d1fbaf2bc0.jpg,1.402408242225647
sports/roller skating/a77992ff3c343a75.jpg,2.9254462718963623
sports/roller skating/a8feca346e12cda2.jpg,1.5708894729614258
sports/roller skating/adc560d6428b46e8.jpg,1.5135406255722046
sports/roller skating/aeddefe970b1f7fc.jpg,4.219724178314209
sports/roller skating/b040a3d19b807114.jpg,2.7609610557556152
sports/roller skating/b34d65c99982dfe3.jpg,1.6378198862075806
sports/roller skating/b758d8693bf30491.jpg,1.918036699295044
sports/roller skating/bac7289f09513b2f.jpg,1.5712801218032837
sports/roller skating/bb49641de5d0abe8.jpg,1.6255202293395996
sports/roller skating/bdee38873a2c3482.jpg,2.319758415222168
sports/roller skating/c2b8e5978146d18e.jpg,2.1816391944885254
sports/roller skating/c76fd1f8905308f5.jpg,1.3845272064208984
sports/roller skating/c9e8efe103a3898a.jpg,2.338301181793213
sports/roller skating/cf17b05921c0ee47.jpg,1.5136200189590454
sports/roller skating/d1b90f07c19a5085.jpg,3.207259178161621
sports/roller skating/d6686aeee94c1def.jpg,1.4015202522277832
sports/roller skating/d8eb36feae233875.jpg,1.759158492088318
sports/roller skating/dd21bc27bb6eebb9.jpg,1.5868229866027832
sports/roller skating/dfd2423518569f4f.jpg,1.5690312385559082
sports/roller skating/e749e52646ca0791.jpg,1.7571525573730469
sports/roller skating/e7d7dbd2012df9fd.jpg,2.121182680130005
sports/roller skating/f26d220a7b9effda.jpg,1.3130922317504885
sports/roller skating/f296d771d7167afc.jpg,4.356191158294678
sports/roller skating/f2b55d7fc564c01c.jpg,1.5733686685562134
sports/roller skating/f6fa7d596f62d9b6.jpg,1.7955297231674194
sports/roller skating/feb2c1b891915ffa.jpg,1.764297366142273
sports/roller skating/ff7008672523e06a.jpg,1.5059387683868408
sports/rowing/03fb5628ea9fc281.jpg,4.568707942962647
sports/rowing/078b53d8a454894d.jpg,4.820268630981445
sports/rowing/106416971fe2f7ee.jpg,3.416664123535156
sports/rowing/140ad20c487e1a55.jpg,5.197585582733154
sports/rowing/16586c5c46b04e89.jpg,4.042975902557373
sports/rowing/1a00488e3f3dcd42.jpg,5.664143562316895
sports/rowing/23439e2bab87d9e2.jpg,6.392423629760742
sports/rowing/2823c8ffca4688b0.jpg,3.93510103225708
sports/rowing/2ac6857abf349315.jpg,4.800593376159668
sports/rowing/3221f665b5c19b3c.jpg,3.0450658798217773
sports/rowing/332e01ea060bdb88.jpg,4.295272350311279
sports/rowing/3575fe8f13d43ff4.jpg,3.058847665786743
sports/rowing/36963c8e1dee2486.jpg,3.9874966144561768
sports/rowing/36daf4b907485637.jpg,3.184269666671753
sports/rowing/422e5a2532b175c7.jpg,4.070756912231445
sports/rowing/42f90657f501a723.jpg,3.6299734115600586
sports/rowing/45a0df80760bd709.jpg,4.129473209381104
sports/rowing/505c9999688d973f.jpg,4.720824241638184
sports/rowing/520938b2c3a0bd8e.jpg,4.482804775238037
sports/rowing/53821fa455b7f309.jpg,3.2057552337646484
sports/rowing/5583e593fa709d42.jpg,5.211186408996582
sports/rowing/567fba0ae8f5cad5.jpg,5.128663063049316
sports/rowing/60937062cd8ce2a8.jpg,4.305421352386475
sports/rowing/63386e0be460ef2d.jpg,3.5577752590179443
sports/rowing/63ba4d0deb2901e4.jpg,3.953476667404175
sports/rowing/63d666d93970eeb4.jpg,4.757566928863525
sports/rowing/68b7b352e297f202.jpg,4.464754104614258
sports/rowing/6f2f4197e6f566bd.jpg,4.486136436462402
sports/rowing/71ae5670e0d4b66b.jpg,4.670706272125244
sports/rowing/75aeedaabc305bdd.jpg,2.8847615718841557
sports/rowing/7f3edee8f6a451b2.jpg,3.235356569290161
sports/rowing/828dd4dc9a7a602e.jpg,4.790660858154297
sports/rowing/83a724973d2273e9.jpg,5.31006383895874
sports/rowing/888013ce63acbff2.jpg,3.980642557144165
sports/rowing/89aa1a02b9b02069.jpg,4.890615940093994
sports/rowing/8aa6b2f1844fddbb.jpg,4.556930065155029
sports/rowing/8ea0e36018513b71.jpg,4.277019023895264
sports/rowing/90dba6de931ca930.jpg,3.211998701095581
sports/rowing/984d569ff3b4876a.jpg,4.234049320220947
sports/rowing/9e65b70f0a3ebf49.jpg,3.727936744689941
sports/rowing/9f1036550f042755.jpg,3.585517644882202
sports/rowing/a01375cbf1a80101.jpg,4.869706630706787
sports/rowing/a031d2fef6592365.jpg,4.764880180358887
sports/rowing/a0b9c7987d388bf3.jpg,4.756600379943848
sports/rowing/a6076d1eda69f0f1.jpg,3.44116473197937
sports/rowing/a6c9c4affde9a6a2.jpg,4.928635120391846
sports/rowing/a8d279d6988cfc0c.jpg,4.687769412994385
sports/rowing/aad7de1f5cd52a81.jpg,3.812709331512451
sports/rowing/b5d4d36dc92c682e.jpg,4.07313871383667
sports/rowing/ba8e21aa9eb654f2.jpg,4.318308353424072
sports/rowing/bc5273bef280b939.jpg,3.6963024139404297
sports/rowing/c1eeb414a921c7be.jpg,4.908951759338379
sports/rowing/c3b98b917b36a8a1.jpg,3.376706600189209
sports/rowing/c6789c5bd0d392a6.jpg,2.7564921379089355
sports/rowing/c6c86a2edd04f726.jpg,4.697507381439209
sports/rowing/c94d77cbfa784521.jpg,3.740082025527954
sports/rowing/cc4c4cdc33cc4b40.jpg,4.067273616790772
sports/rowing/e05959944abb7053.jpg,3.5218873023986816
sports/rowing/e07e9a02ea5b836c.jpg,3.5049283504486084
sports/rowing/ebda4cc826b4f92f.jpg,3.2910075187683105
sports/rowing/ec54c40892d901ad.jpg,4.12836503982544
sports/rowing/n00445351_11520.jpg,6.1471052169799805
sports/rowing/n00445351_12076.jpg,4.967422962188721
sports/rowing/n00445351_12160.jpg,4.630860328674316
sports/rowing/n00445351_12278.jpg,4.613600730895996
sports/rowing/n00445351_12353.jpg,5.0372843742370605
sports/rowing/n00445351_12357.jpg,4.847963809967041
sports/rowing/n00445351_12544.jpg,3.614571332931519
sports/rowing/n00445351_13068.jpg,4.6016845703125
sports/rowing/n00445351_13510.jpg,4.9152703285217285
sports/rowing/n00445351_13626.jpg,3.1868464946746826
sports/rowing/n00445351_13743.jpg,5.108614921569824
sports/rowing/n00445351_29045.jpg,3.489314556121826
sports/rowing/n00445351_4303.jpg,4.474639892578125
sports/rowing/n00445351_4499.jpg,3.834578275680542
sports/rowing/n00445351_4658.jpg,3.8632214069366455
sports/rowing/n00445351_4688.jpg,4.6977386474609375
sports/rowing/n00445351_4948.jpg,5.800683975219727
sports/rowing/n00445351_4989.jpg,4.092803955078125
sports/rowing/n00445351_5398.jpg,3.588829040527344
sports/rowing/n00445351_5585.jpg,3.711655139923096
sports/rowing/n00445351_5635.jpg,3.329376220703125
sports/rowing/n00445351_5640.jpg,4.229506015777588
sports/rowing/n00445351_5646.jpg,5.201612949371338
sports/rowing/n00445351_5647.jpg,3.504469871520996
sports/rowing/n00445351_6131.jpg,3.3489716053009038
sports/rowing/n00445351_6286.jpg,2.771843910217285
sports/rowing/n00445351_6771.jpg,3.4303016662597656
sports/rowing/n00445351_7035.jpg,4.091076374053955
sports/rowing/n00445351_7278.jpg,6.150846004486084
sports/rowing/n00445351_7300.jpg,3.742918014526367
sports/rowing/n00445351_7762.jpg,2.9329566955566406
sports/rowing/n00445351_7834.jpg,3.0716493129730225
sports/rowing/n00445351_8035.jpg,4.515143394470215
sports/rowing/n00445351_8103.jpg,3.2724032402038574
sports/rowing/n00445351_8391.jpg,3.8877904415130615
sports/rowing/n00445351_8468.jpg,4.1716718673706055
sports/rowing/n00445351_8627.jpg,3.3397321701049805
sports/rowing/n00445351_8665.jpg,3.5203330516815186
sports/rowing/n00445351_9432.jpg,3.2602779865264893
sports/rugby/000000057185.jpg,4.680857181549072
sports/rugby/000000161333.jpg,3.021435499191284
sports/rugby/000000186109.jpg,2.6909666061401367
sports/rugby/000000211283.jpg,2.675473213195801
sports/rugby/000000246980.jpg,4.372890472412109
sports/rugby/000000388422.jpg,3.592181921005249
sports/rugby/000000405762.jpg,4.623038291931152
sports/rugby/00156ac2ee0c3d58.jpg,3.695374011993408
sports/rugby/0c986f4c7d7610b3.jpg,3.100670576095581
sports/rugby/1c5cc0ce410f529c.jpg,3.6351280212402335
sports/rugby/22ac236b8a16cf5b.jpg,3.5156657695770264
sports/rugby/22dd1e06fc2e28a1.jpg,3.1206791400909424
sports/rugby/273ec8863a86711c.jpg,3.308159351348877
sports/rugby/2d247c6c85e9db4f.jpg,3.96964693069458
sports/rugby/2d7a6c57f56faf45.jpg,4.5902485847473145
sports/rugby/2d8e0ed06405b1d9.jpg,3.369408369064331
sports/rugby/34699137ab6d2134.jpg,3.985581159591675
sports/rugby/37fc6aef44db3fe0.jpg,4.181311130523682
sports/rugby/49bf04a42c9d83c1.jpg,4.822299003601074
sports/rugby/517e9176710959b7.jpg,3.9639992713928223
sports/rugby/57251d1cf556fa5e.jpg,3.487694263458252
sports/rugby/5b3d8eacb52b1468.jpg,3.037506103515625
sports/rugby/61052fcae53fe1d1.jpg,4.02147912979126
sports/rugby/6b7c09cc768e8537.jpg,3.6163156032562256
sports/rugby/6e311950f4d486d3.jpg,3.468015193939209
sports/rugby/705a34e58044ec9f.jpg,3.3663737773895264
sports/rugby/7304355d2a3f76b0.jpg,2.982248544692993
sports/rugby/746d8cccf68176e7.jpg,4.206280708312988
sports/rugby/75b729e50df80c11.jpg,3.31306266784668
sports/rugby/76d71199ef93778b.jpg,3.3858656883239746
sports/rugby/7e9320f10a4f1d60.jpg,2.699944972991944
sports/rugby/8033714176cfff11.jpg,2.938949584960937
sports/rugby/85d247d5578830b5.jpg,3.3436169624328613
sports/rugby/87733c5baa723da3.jpg,3.18148136138916
sports/rugby/a23d9e33c472f76b.jpg,3.909909009933472
sports/rugby/a88dd69d1b786a6f.jpg,3.724367380142212
sports/rugby/ab559258b93a2f38.jpg,3.500767707824707
sports/rugby/ac7c8233108052d9.jpg,4.647922039031982
sports/rugby/b4c10d58d358c504.jpg,2.9600579738616943
sports/rugby/bcab6deacb415a75.jpg,3.479739189147949
sports/rugby/c0d4ba4d5b69f7a4.jpg,3.731387138366699
sports/rugby/d3c4f50f3dbb1143.jpg,4.4549994468688965
sports/rugby/ea7bb8c2db2718fb.jpg,3.767599105834961
sports/rugby/f8e3c139a7cf9807.jpg,3.3738698959350586
sports/rugby/f96e52bef139ae52.jpg,2.677985668182373
sports/rugby/n00470966_1279.jpg,3.029958486557007
sports/rugby/n00470966_14286.jpg,3.49531888961792
sports/rugby/n00470966_18523.jpg,4.080496788024902
sports/rugby/n00470966_18537.jpg,2.7747981548309326
sports/rugby/n00470966_18565.jpg,3.158219337463379
sports/rugby/n00470966_18989.jpg,2.996185064315796
sports/rugby/n00470966_19147.jpg,3.3055672645568848
sports/rugby/n00470966_19202.jpg,2.994734287261963
sports/rugby/n00470966_19377.jpg,3.885776996612549
sports/rugby/n00470966_19837.jpg,3.647035360336304
sports/rugby/n00470966_20042.jpg,3.674697637557984
sports/rugby/n00470966_20471.jpg,2.6395275592803955
sports/rugby/n00470966_20798.jpg,2.8158740997314453
sports/rugby/n00470966_20874.jpg,3.499884605407715
sports/rugby/n00470966_22022.jpg,2.8323774337768555
sports/rugby/n00470966_23286.jpg,3.573490619659424
sports/rugby/n00470966_23296.jpg,4.03548002243042
sports/rugby/n00470966_24329.jpg,3.596299409866333
sports/rugby/n00470966_24571.jpg,3.925269842147827
sports/rugby/n00470966_24980.jpg,3.978813409805298
sports/rugby/n00470966_25103.jpg,3.3366198539733887
sports/rugby/n00470966_25827.jpg,3.2588412761688232
sports/rugby/n00470966_25838.jpg,2.8322012424468994
sports/rugby/n00470966_25966.jpg,3.082606792449951
sports/rugby/n00470966_26356.jpg,3.218531608581543
sports/rugby/n00470966_27438.jpg,3.167762994766236
sports/rugby/n00470966_27487.jpg,3.946390628814697
sports/rugby/n00470966_4644.jpg,2.912144660949707
sports/skateboarding/000000027482.jpg,2.841221332550049
sports/skateboarding/000000034412.jpg,1.7788050174713137
sports/skateboarding/000000088335.jpg,1.7203103303909302
sports/skateboarding/000000109766.jpg,2.4069302082061768
sports/skateboarding/000000121951.jpg,2.300379991531372
sports/skateboarding/000000127514.jpg,1.5197848081588743
sports/skateboarding/000000127550.jpg,2.8569061756134038
sports/skateboarding/000000140416.jpg,4.715649604797363
sports/skateboarding/000000143234.jpg,1.5554951429367063
sports/skateboarding/000000143666.jpg,2.178091049194336
sports/skateboarding/000000149726.jpg,2.430920362472534
sports/skateboarding/000000156500.jpg,1.6598455905914309
sports/skateboarding/000000160337.jpg,1.8478955030441284
sports/skateboarding/000000172408.jpg,2.531219244003296
sports/skateboarding/000000209778.jpg,1.6466517448425293
sports/skateboarding/000000209971.jpg,2.783914566040039
sports/skateboarding/000000215151.jpg,1.5824522972106934
sports/skateboarding/000000241882.jpg,2.9477574825286865
sports/skateboarding/000000247397.jpg,2.517984628677368
sports/skateboarding/000000254638.jpg,2.8012306690216064
sports/skateboarding/000000262119.jpg,3.049250364303589
sports/skateboarding/000000273814.jpg,3.8323781490325928
sports/skateboarding/000000304694.jpg,2.08963942527771
sports/skateboarding/000000362005.jpg,2.321345567703247
sports/skateboarding/000000369295.jpg,1.7338850498199463
sports/skateboarding/000000374270.jpg,3.0295639038085938
sports/skateboarding/000000376185.jpg,3.660504341125488
sports/skateboarding/000000379272.jpg,2.384829044342041
sports/skateboarding/000000381509.jpg,1.433480978012085
sports/skateboarding/000000382041.jpg,1.4381033182144165
sports/skateboarding/000000392148.jpg,2.6540958881378174
sports/skateboarding/000000407067.jpg,1.838104486465454
sports/skateboarding/000000446108.jpg,3.758944034576416
sports/skateboarding/000000479957.jpg,2.800614833831787
sports/skateboarding/000000493845.jpg,2.4413743019104004
sports/skateboarding/000000495523.jpg,1.8617498874664309
sports/skateboarding/000000506710.jpg,1.8442634344100952
sports/skateboarding/000000514083.jpg,2.914919853210449
sports/skateboarding/000000518761.jpg,3.1018178462982178
sports/skateboarding/000000528276.jpg,3.2958638668060303
sports/skateboarding/000000540027.jpg,3.3934757709503174
sports/skateboarding/000000553609.jpg,2.375765800476074
sports/skateboarding/000000576322.jpg,2.052345991134644
sports/skateboarding/000000581667.jpg,3.286367893218994
sports/skateboarding/060871e66b31ee84.jpg,1.926887273788452
sports/skateboarding/0af7495ce8c2f098.jpg,2.05361557006836
sports/skateboarding/1a763572bc101798.jpg,1.8565925359725952
sports/skateboarding/1c5af1d984d53333.jpg,2.839711427688598
sports/skateboarding/21127e0539efd8b3.jpg,2.1797566413879395
sports/skateboarding/256f1eeaf5cb433c.jpg,2.080183982849121
sports/skateboarding/2f823f61672c9629.jpg,2.173912763595581
sports/skateboarding/2fdb25f2d29f9efa.jpg,2.7247753143310547
sports/skateboarding/3542231e42dc54cf.jpg,2.448882341384888
sports/skateboarding/426f6b665d06fbaf.jpg,1.9866065979003904
sports/skateboarding/436dc60472022f84.jpg,1.514854073524475
sports/skateboarding/44a9991210c2e2e0.jpg,2.0275120735168457
sports/skateboarding/4fa04a0d40bc46df.jpg,3.1955835819244385
sports/skateboarding/50879bd476ef5eb4.jpg,2.505305051803589
sports/skateboarding/52a99c70ee4a0746.jpg,2.80830717086792
sports/skateboarding/5fdee4a3f5e3bb28.jpg,2.430462121963501
sports/skateboarding/65fcca1ed7a8a54f.jpg,2.441441535949707
sports/skateboarding/67fc00cbfdf7252d.jpg,3.2723560333251958
sports/skateboarding/6c27f89d9081572e.jpg,2.308168411254883
sports/skateboarding/6f8f4097a2f50e91.jpg,1.933449864387512
sports/skateboarding/70878bd6dcf73fc4.jpg,1.9798887968063357
sports/skateboarding/7c718f850fba4d2f.jpg,2.57745361328125
sports/skateboarding/92c4c71c141773b1.jpg,1.6022461652755735
sports/skateboarding/93c9ebd009f6412e.jpg,2.3615546226501465
sports/skateboarding/94c53be316c9a02e.jpg,2.682490825653076
sports/skateboarding/963f9636a96553de.jpg,2.0862436294555664
sports/skateboarding/a0c5e577c169edb2.jpg,1.963154435157776
sports/skateboarding/a12da810b2390985.jpg,2.634197950363159
sports/skateboarding/a90def9b4dddf21b.jpg,2.263244390487671
sports/skateboarding/a95dc5629f599ea4.jpg,2.5752973556518555
sports/skateboarding/af3a6f8922f38a81.jpg,2.5538129806518555
sports/skateboarding/c39d4dd92ff65266.jpg,2.7227511405944824
sports/skateboarding/ca2ccf69c8636379.jpg,2.2698073387146
sports/skateboarding/cc16b9ccba01f7ff.jpg,2.189982891082764
sports/skateboarding/cc905bfd9f19bedb.jpg,2.665355443954468
sports/skateboarding/d7e97fa9559f44c9.jpg,1.8322938680648804
sports/skateboarding/ddba33eeca39c042.jpg,2.8685309886932373
sports/skateboarding/e0805595ca05c4ac.jpg,2.7028794288635254
sports/skateboarding/e6293178deb32c89.jpg,1.9219022989273071
sports/skateboarding/ed2fcee42f94162d.jpg,2.570672512054444
sports/skateboarding/f4333d13560136a2.jpg,1.7350019216537476
sports/skiing/000000002890.jpg,3.812276601791382
sports/skiing/000000027798.jpg,6.00693941116333
sports/skiing/000000046038.jpg,3.32874059677124
sports/skiing/000000048656.jpg,3.928009271621704
sports/skiing/000000050159.jpg,6.220144271850586
sports/skiing/000000053875.jpg,6.541797637939453
sports/skiing/000000070652.jpg,6.028595924377441
sports/skiing/000000085706.jpg,5.27815055847168
sports/skiing/000000096702.jpg,6.261984825134277
sports/skiing/000000101979.jpg,6.0544753074646
sports/skiing/000000115319.jpg,5.8603997230529785
sports/skiing/000000117849.jpg,5.125964641571045
sports/skiing/000000132710.jpg,6.362060546875
sports/skiing/000000160624.jpg,6.29172945022583
sports/skiing/000000166376.jpg,4.601335048675537
sports/skiing/000000195394.jpg,6.370887756347656
sports/skiing/000000196212.jpg,3.159945487976074
sports/skiing/000000201628.jpg,3.2123119831085205
sports/skiing/000000227683.jpg,6.246957778930664
sports/skiing/000000240817.jpg,6.370308876037598
sports/skiing/000000251103.jpg,5.730261325836182
sports/skiing/000000261256.jpg,5.838809013366699
sports/skiing/000000262688.jpg,5.494903087615967
sports/skiing/000000265796.jpg,3.8507251739501953
sports/skiing/000000267556.jpg,5.827854156494141
sports/skiing/000000277575.jpg,5.272801399230957
sports/skiing/000000279749.jpg,2.7431979179382324
sports/skiing/000000283750.jpg,6.040929794311523
sports/skiing/000000291373.jpg,6.156275272369385
sports/skiing/000000292618.jpg,6.522550106048584
sports/skiing/000000295476.jpg,6.120604038238525
sports/skiing/000000296403.jpg,6.060541152954102
sports/skiing/000000304924.jpg,6.369334697723389
sports/skiing/000000318570.jpg,6.129366397857666
sports/skiing/000000369333.jpg,5.136459827423096
sports/skiing/000000369952.jpg,5.894299983978272
sports/skiing/000000377119.jpg,6.173408031463623
sports/skiing/000000388893.jpg,4.043047428131104
sports/skiing/000000389738.jpg,6.105987071990967
sports/skiing/000000400290.jpg,6.310386657714844
sports/skiing/000000413852.jpg,6.540330410003662
sports/skiing/000000418091.jpg,6.173820018768311
sports/skiing/000000418143.jpg,6.103601455688477
sports/skiing/000000421908.jpg,6.208522319793701
sports/skiing/000000434333.jpg,6.3095703125
sports/skiing/000000436203.jpg,6.287509441375732
sports/skiing/000000437701.jpg,6.2503862380981445
sports/skiing/000000455302.jpg,6.264892578125
sports/skiing/000000455959.jpg,6.162217140197754
sports/skiing/000000457530.jpg,5.640758037567139
sports/skiing/000000472191.jpg,6.515507221221924
sports/skiing/000000475685.jpg,5.124457836151123
sports/skiing/000000477172.jpg,4.944862842559815
sports/skiing/000000485201.jpg,6.398879528045654
sports/skiing/000000492261.jpg,6.528994083404541
sports/skiing/000000497199.jpg,6.406893730163574
sports/skiing/000000505128.jpg,6.344063758850098
sports/skiing/000000508119.jpg,6.348898887634277
sports/skiing/000000512537.jpg,6.094244480133057
sports/skiing/000000571245.jpg,6.120391368865967
sports/skiing/000000573841.jpg,6.063475608825684
sports/skiing/000000576001.jpg,6.478617191314697
sports/skiing/000000576237.jpg,6.052652359008789
sports/skiing/000000577073.jpg,2.5750837326049805
sports/skiing/16a6efc582ed6144.jpg,4.00661039352417
sports/skiing/313e3ff66d04b28a.jpg,5.19693660736084
sports/skiing/5fe2bb05a90424f4.jpg,5.969715595245361
sports/skiing/7f3847662c324790.jpg,5.875164985656738
sports/skiing/c6337c21f8473269.jpg,5.760941982269287
sports/skiing/c792c04f4ba33ad1.jpg,5.3253703117370605
sports/skiing/d0307baccf40093d.jpg,5.047153949737549
sports/skiing/dda166bd5f1b2fd4.jpg,5.414569854736328
sports/skiing/e43d458f128020a7.jpg,6.400711536407471
sports/skiing/eb43627156cae2d8.jpg,5.005726337432861
sports/skiing/ed85448ac53d7e98.jpg,5.558589935302734
sports/skiing/n00440941_10100.jpg,6.322700023651123
sports/skiing/n00440941_10387.jpg,3.802690982818604
sports/skiing/n00440941_10444.jpg,5.979529857635498
sports/skiing/n00440941_10802.jpg,3.206907033920288
sports/skiing/n00440941_11436.jpg,6.032593250274658
sports/skiing/n00440941_11528.jpg,4.369287014007568
sports/skiing/n00440941_11599.jpg,5.604462623596191
sports/skiing/n00440941_12149.jpg,6.415156364440918
sports/skiing/n00440941_3268.jpg,6.330532550811768
sports/skiing/n00440941_3878.jpg,6.565333366394043
sports/skiing/n00440941_4072.jpg,5.864283084869385
sports/skiing/n00440941_4098.jpg,6.3481059074401855
sports/skiing/n00440941_4533.jpg,6.403180122375488
sports/skiing/n00440941_4542.jpg,6.223016738891602
sports/skiing/n00440941_6794.jpg,2.8728818893432617
sports/skiing/n00440941_6936.jpg,3.1462035179138184
sports/skiing/n00440941_7716.jpg,5.288712978363037
sports/skiing/n00440941_7814.jpg,6.201592922210693
sports/skiing/n00440941_8075.jpg,6.019832134246826
sports/skiing/n00440941_8171.jpg,5.050264358520508
sports/skiing/n00440941_8621.jpg,6.169502258300781
sports/skiing/n00440941_9647.jpg,6.42795467376709
sports/skiing/n00440941_9822.jpg,6.069920539855957
sports/skiing/n00440941_9933.jpg,4.934976577758789
sports/skiing/n00440941_9976.jpg,6.407941818237305
sports/snowboarding/000000006920.jpg,6.419010162353516
sports/snowboarding/000000034428.jpg,5.840727806091309
sports/snowboarding/000000035663.jpg,6.2805256843566895
sports/snowboarding/000000038350.jpg,6.209169864654541
sports/snowboarding/000000039191.jpg,2.87473726272583
sports/snowboarding/000000039958.jpg,5.980280876159668
sports/snowboarding/000000082039.jpg,6.314960479736328
sports/snowboarding/000000093075.jpg,6.1431803703308105
sports/snowboarding/000000109872.jpg,6.347485065460205
sports/snowboarding/000000124224.jpg,3.5987865924835205
sports/snowboarding/000000126319.jpg,6.023001194000244
sports/snowboarding/000000134098.jpg,4.399001121520996
sports/snowboarding/000000150943.jpg,6.547605514526367
sports/snowboarding/000000173375.jpg,6.371283531188965
sports/snowboarding/000000182167.jpg,3.5896849632263184
sports/snowboarding/000000200959.jpg,6.536308765411377
sports/snowboarding/000000208342.jpg,6.429317951202393
sports/snowboarding/000000210810.jpg,6.324234008789063
sports/snowboarding/000000215334.jpg,5.402050971984863
sports/snowboarding/000000220382.jpg,6.403779983520508
sports/snowboarding/000000226617.jpg,6.070627212524414
sports/snowboarding/000000227855.jpg,4.465485095977783
sports/snowboarding/000000228166.jpg,6.579054355621338
sports/snowboarding/000000234673.jpg,6.04901933670044
sports/snowboarding/000000240379.jpg,3.3159115314483643
sports/snowboarding/000000241823.jpg,6.382465362548828
sports/snowboarding/000000263275.jpg,3.060915231704712
sports/snowboarding/000000283107.jpg,3.57367205619812
sports/snowboarding/000000292009.jpg,5.87893009185791
sports/snowboarding/000000302582.jpg,6.559245586395264
sports/snowboarding/000000319095.jpg,6.444525241851807
sports/snowboarding/000000330719.jpg,5.740006446838379
sports/snowboarding/000000342220.jpg,6.155252456665039
sports/snowboarding/000000354741.jpg,6.41624641418457
sports/snowboarding/000000365557.jpg,6.375957012176514
sports/snowboarding/000000366379.jpg,6.339659214019775
sports/snowboarding/000000385881.jpg,2.492273092269897
sports/snowboarding/000000393333.jpg,6.550557613372803
sports/snowboarding/000000400686.jpg,5.957442760467529
sports/snowboarding/000000404471.jpg,6.370788097381592
sports/snowboarding/000000408049.jpg,6.241775035858154
sports/snowboarding/000000420552.jpg,5.907760620117188
sports/snowboarding/000000421535.jpg,5.977835178375244
sports/snowboarding/000000422560.jpg,6.477019309997559
sports/snowboarding/000000437440.jpg,5.864633560180664
sports/snowboarding/000000446358.jpg,6.05799674987793
sports/snowboarding/000000455108.jpg,5.502736568450928
sports/snowboarding/000000465765.jpg,6.404406547546387
sports/snowboarding/000000479149.jpg,6.385361671447754
sports/snowboarding/000000486070.jpg,6.071755886077881
sports/snowboarding/000000490523.jpg,2.11613130569458
sports/snowboarding/000000491168.jpg,6.498536586761475
sports/snowboarding/000000493004.jpg,4.221528053283691
sports/snowboarding/000000495336.jpg,5.267117023468018
sports/snowboarding/000000510061.jpg,5.984785556793213
sports/snowboarding/000000522054.jpg,6.407128810882568
sports/snowboarding/000000531696.jpg,6.411360740661621
sports/snowboarding/000000541474.jpg,6.424196243286133
sports/snowboarding/000000557732.jpg,6.152287483215332
sports/snowboarding/000000564289.jpg,6.407463073730469
sports/soccer/000000003375.jpg,3.0479190349578857
sports/soccer/000000003488.jpg,4.255767822265625
sports/soccer/000000010837.jpg,3.581623315811157
sports/soccer/000000016465.jpg,2.4045841693878174
sports/soccer/000000024239.jpg,1.6721278429031372
sports/soccer/000000025358.jpg,3.580465793609619
sports/soccer/000000027486.jpg,2.001680850982666
sports/soccer/000000041231.jpg,3.4143474102020264
sports/soccer/000000047953.jpg,4.483852863311768
sports/soccer/000000047981.jpg,2.533127546310425
sports/soccer/000000056452.jpg,3.4802839756011963
sports/soccer/000000056848.jpg,4.425924301147461
sports/soccer/000000060904.jpg,3.094900608062744
sports/soccer/000000063791.jpg,3.622997760772705
sports/soccer/000000067084.jpg,3.251798629760742
sports/soccer/000000068408.jpg,1.6201845407485962
sports/soccer/000000070812.jpg,4.0500898361206055
sports/soccer/000000089027.jpg,3.5790295600891118
sports/soccer/000000095321.jpg,2.845491886138916
sports/soccer/000000096250.jpg,4.685842990875244
sports/soccer/000000105200.jpg,4.487116813659668
sports/soccer/000000111224.jpg,3.219337224960327
sports/soccer/000000115854.jpg,2.6036078929901123
sports/soccer/000000123366.jpg,4.002127647399902
sports/soccer/000000129722.jpg,3.459693670272827
sports/soccer/000000135483.jpg,3.0496301651000977
sports/soccer/000000144694.jpg,2.9819211959838867
sports/soccer/000000152844.jpg,2.592768430709839
sports/soccer/000000154496.jpg,3.4646899700164795
sports/soccer/000000155262.jpg,3.22700572013855
sports/soccer/000000160694.jpg,4.444140434265137
sports/soccer/000000162578.jpg,3.0743348598480225
sports/soccer/000000165319.jpg,2.9093017578125
sports/soccer/000000192200.jpg,4.365823745727539
sports/soccer/000000193824.jpg,3.050891399383545
sports/soccer/000000198323.jpg,3.948167085647583
sports/soccer/000000199331.jpg,3.283808469772339
sports/soccer/000000200611.jpg,3.907193899154663
sports/soccer/000000200745.jpg,3.3961851596832275
sports/soccer/000000202328.jpg,3.731001853942871
sports/soccer/000000204137.jpg,4.1227641105651855
sports/soccer/000000226498.jpg,3.684216499328613
sports/soccer/000000230863.jpg,2.330866575241089
sports/soccer/000000242716.jpg,4.050034999847412
sports/soccer/000000250639.jpg,1.9711875915527344
sports/soccer/000000257387.jpg,3.7743453979492183
sports/soccer/000000275933.jpg,3.1269118785858154
sports/soccer/000000295241.jpg,3.371048212051392
sports/soccer/000000300848.jpg,3.1969704627990723
sports/soccer/000000313278.jpg,3.57702898979187
sports/soccer/000000319031.jpg,1.6306365728378296
sports/soccer/000000335709.jpg,3.2843573093414307
sports/soccer/000000343264.jpg,2.8445286750793457
sports/soccer/000000350444.jpg,3.1842381954193115
sports/soccer/000000355902.jpg,2.846601724624634
sports/soccer/000000356908.jpg,3.968393564224243
sports/soccer/000000359414.jpg,2.138192653656006
sports/soccer/000000371874.jpg,4.388723850250244
sports/soccer/000000378626.jpg,3.894689559936523
sports/soccer/000000380325.jpg,4.001372814178467
sports/soccer/000000381430.jpg,3.4861032962799072
sports/soccer/000000382462.jpg,3.5645384788513184
sports/soccer/000000385795.jpg,4.457010269165039
sports/soccer/000000388564.jpg,2.605464220046997
sports/soccer/000000389048.jpg,4.509720325469971
sports/soccer/000000398609.jpg,3.1745729446411133
sports/soccer/000000406908.jpg,4.506711959838867
sports/soccer/000000411009.jpg,4.030045986175537
sports/soccer/000000414314.jpg,3.9142990112304688
sports/soccer/000000417616.jpg,3.6125411987304688
sports/soccer/000000419037.jpg,2.9548046588897705
sports/soccer/000000420002.jpg,2.6450324058532715
sports/soccer/000000422341.jpg,1.6043946743011477
sports/soccer/000000423855.jpg,4.524764537811279
sports/soccer/000000426635.jpg,4.151187419891357
sports/soccer/000000444274.jpg,3.436248779296875
sports/soccer/000000444927.jpg,4.788247585296631
sports/soccer/000000447464.jpg,1.7117133140563965
sports/soccer/000000464789.jpg,3.234776258468628
sports/soccer/000000476233.jpg,4.441055774688721
sports/soccer/000000489186.jpg,2.6466832160949707
sports/soccer/000000489799.jpg,3.527560234069824
sports/soccer/000000499523.jpg,3.388273000717163
sports/soccer/000000505020.jpg,3.0798428058624268
sports/soccer/000000508343.jpg,3.3780200481414795
sports/soccer/000000515075.jpg,2.9331555366516118
sports/soccer/000000524966.jpg,4.181982517242432
sports/soccer/000000526968.jpg,3.0519838333129883
sports/soccer/000000533396.jpg,3.805843353271485
sports/soccer/000000538615.jpg,3.319444179534912
sports/soccer/000000555537.jpg,4.331774711608887
sports/soccer/000000555696.jpg,2.9513468742370605
sports/soccer/000000557586.jpg,2.770942687988281
sports/soccer/000000560787.jpg,3.693102598190308
sports/soccer/000000562614.jpg,5.051039695739746
sports/soccer/000000563628.jpg,3.828057289123535
sports/soccer/000000574282.jpg,2.1953978538513184
sports/soccer/000000576630.jpg,1.733964204788208
sports/surfing/000000002191.jpg,6.514814376831055
sports/surfing/000000010624.jpg,5.502455711364746
sports/surfing/000000014835.jpg,3.8960328102111816
sports/surfing/000000017460.jpg,6.420977592468262
sports/surfing/000000018444.jpg,5.866145133972168
sports/surfing/000000019955.jpg,6.023231029510498
sports/surfing/000000034267.jpg,4.180442333221436
sports/surfing/000000039098.jpg,6.417605876922607
sports/surfing/000000039860.jpg,6.505007743835449
sports/surfing/000000044353.jpg,6.48627233505249
sports/surfing/000000047526.jpg,6.310563087463379
sports/surfing/000000050756.jpg,6.580739498138428
sports/surfing/000000052614.jpg,6.453216075897217
sports/surfing/000000061566.jpg,6.339738368988037
sports/surfing/000000062198.jpg,6.576121807098389
sports/surfing/000000063299.jpg,6.531961441040039
sports/surfing/000000066347.jpg,6.20644474029541
sports/surfing/000000076934.jpg,6.403926372528076
sports/surfing/000000078684.jpg,6.405890941619873
sports/surfing/000000080941.jpg,6.432809829711914
sports/surfing/000000085455.jpg,6.458395957946777
sports/surfing/000000092067.jpg,6.505107402801514
sports/surfing/000000095201.jpg,6.381659984588623
sports/surfing/000000102190.jpg,4.247520446777344
sports/surfing/000000110480.jpg,6.521964073181152
sports/surfing/000000110877.jpg,6.415771484375
sports/surfing/000000111598.jpg,6.304729461669922
sports/surfing/000000118239.jpg,6.494042873382568
sports/surfing/000000119373.jpg,6.432311534881592
sports/surfing/000000121827.jpg,6.364036083221436
sports/surfing/000000122896.jpg,6.103354454040527
sports/surfing/000000126755.jpg,6.5282979011535645
sports/surfing/000000134265.jpg,6.4675726890563965
sports/surfing/000000141893.jpg,6.173866748809815
sports/surfing/000000155998.jpg,4.267787456512451
sports/surfing/000000158183.jpg,6.228612422943115
sports/surfing/000000162215.jpg,6.485459327697754
sports/surfing/000000170208.jpg,6.459293365478516
sports/surfing/000000175470.jpg,6.358570098876953
sports/surfing/000000182837.jpg,6.111435413360596
sports/surfing/000000184030.jpg,5.083627223968506
sports/surfing/000000206893.jpg,6.3877434730529785
sports/surfing/000000212095.jpg,5.803884506225586
sports/surfing/000000213570.jpg,6.2960405349731445
sports/surfing/000000223192.jpg,6.563764572143555
sports/surfing/000000232592.jpg,4.992859363555908
sports/surfing/000000240275.jpg,6.33577299118042
sports/surfing/000000243914.jpg,6.504790306091309
sports/surfing/000000246339.jpg,6.329366207122803
sports/surfing/000000246456.jpg,6.408130168914795
sports/surfing/000000264279.jpg,6.55274772644043
sports/surfing/000000272599.jpg,6.516022682189941
sports/surfing/000000279661.jpg,6.551669120788574
sports/surfing/000000288662.jpg,5.134838581085205
sports/surfing/000000299869.jpg,6.46569299697876
sports/surfing/000000315466.jpg,6.294782638549805
sports/surfing/000000318965.jpg,6.449189186096191
sports/surfing/000000325242.jpg,6.5170416831970215
sports/surfing/000000326420.jpg,6.208811283111572
sports/surfing/000000348631.jpg,6.445141315460205
sports/surfing/000000358674.jpg,6.574937343597412
sports/surfing/000000361592.jpg,6.402957439422607
sports/surfing/000000372443.jpg,6.306204795837402
sports/surfing/000000374388.jpg,4.861511707305908
sports/surfing/000000390689.jpg,4.244137763977051
sports/surfing/000000391284.jpg,6.48906135559082
sports/surfing/000000410255.jpg,5.874849319458008
sports/surfing/000000430610.jpg,6.232540130615234
sports/surfing/000000437540.jpg,6.020303726196289
sports/surfing/000000440314.jpg,6.27506160736084
sports/surfing/000000461443.jpg,6.026795864105225
sports/surfing/000000462613.jpg,2.5337305068969727
sports/surfing/000000467580.jpg,6.449239253997803
sports/surfing/000000470549.jpg,6.334733486175537
sports/surfing/000000473035.jpg,6.470768451690674
sports/surfing/000000479880.jpg,6.186614036560059
sports/surfing/000000485310.jpg,5.412357330322266
sports/surfing/000000492339.jpg,5.397914886474609
sports/surfing/000000494707.jpg,6.386407375335693
sports/surfing/000000513852.jpg,6.4057464599609375
sports/surfing/000000525226.jpg,6.466861248016357
sports/surfing/000000535308.jpg,6.349787712097168
sports/surfing/000000536641.jpg,5.105855464935303
sports/surfing/000000547979.jpg,3.2095489501953125
sports/surfing/000000556512.jpg,5.905850887298584
sports/surfing/000000568000.jpg,5.630897045135498
sports/surfing/000000578736.jpg,3.965064764022827
sports/surfing/000000581557.jpg,2.51737380027771
sports/swimming/01d292e88feaf818.jpg,3.888284683227539
sports/swimming/052d46f94d922f49.jpg,4.602965354919434
sports/swimming/058158a56c4e1048.jpg,2.0390799045562744
sports/swimming/07f458dc46c67eb6.jpg,3.967768907546997
sports/swimming/09559c676569a5dc.jpg,2.14077091217041
sports/swimming/0a7bf24fd9ac2bcf.jpg,1.8086121082305908
sports/swimming/0e4f3a769aa251f7.jpg,3.553076267242432
sports/swimming/1204e923383e80a4.jpg,2.560800075531006
sports/swimming/15a31fcb17bda9ed.jpg,3.154270648956299
sports/swimming/16375f4a54946a90.jpg,3.2448549270629883
sports/swimming/171cccd184d0af1e.jpg,2.8769147396087646
sports/swimming/1b9dbd5b723f8ec4.jpg,1.7717223167419434
sports/swimming/1ced3ecaa077f2e4.jpg,3.159405469894409
sports/swimming/1ee7cc0aa473bb16.jpg,2.9191510677337646
sports/swimming/1f3c5e626f8a84a0.jpg,2.797297954559326
sports/swimming/24073df6a9c58c6b.jpg,2.0546774864196777
sports/swimming/26929709ce293207.jpg,2.560767412185669
sports/swimming/284d481b2a298621.jpg,2.5353217124938965
sports/swimming/2ffae0c29cda821f.jpg,3.205510139465332
sports/swimming/3120e46a6a14d2ee.jpg,5.021829128265381
sports/swimming/39b4860ffee0982c.jpg,2.2342989444732666
sports/swimming/3aa1ad70721a340a.jpg,2.3636703491210938
sports/swimming/3b08c6349cae9d39.jpg,5.787117004394531
sports/swimming/3c0aea50f0d2ae05.jpg,1.9179950952529907
sports/swimming/3d27c190d43ac211.jpg,2.564295530319214
sports/swimming/409f7b5ca2a458c6.jpg,4.978562831878662
sports/swimming/42c36ba3ef87c91f.jpg,5.0963335037231445
sports/swimming/430bde7175269de1.jpg,2.329026699066162
sports/swimming/44892588d22ff775.jpg,5.662853717803955
sports/swimming/488cc63f98ddd990.jpg,1.9641541242599487
sports/swimming/4ae1a6c17081602f.jpg,5.609238624572754
sports/swimming/4d0ed8adcbb0fd26.jpg,2.655515670776367
sports/swimming/4de9eacd8a1f22d6.jpg,5.108870029449463
sports/swimming/528f777d7d6da589.jpg,2.8396637439727783
sports/swimming/550b3a9e874134de.jpg,3.0134592056274414
sports/swimming/57974157103b6acf.jpg,2.7407937049865723
sports/swimming/582216386398392a.jpg,2.9095962047576904
sports/swimming/59f63a830a92100f.jpg,4.670382499694824
sports/swimming/5e2b2c8db34f0e8e.jpg,3.704916000366211
sports/swimming/626a3711b885a310.jpg,2.6068670749664307
sports/swimming/66a52f1afa8ef6ed.jpg,4.120451927185059
sports/swimming/6a9bb06320a811de.jpg,3.3578314781188965
sports/swimming/6b8e4184771dd22a.jpg,2.5600972175598145
sports/swimming/70b5c729686aa098.jpg,3.97899341583252
sports/swimming/74f60e61ddeb2346.jpg,3.634205102920532
sports/swimming/772e8c69855b54ba.jpg,4.188517093658447
sports/swimming/807f839db4fcc4d1.jpg,4.382297039031982
sports/swimming/80f83da8bdc0ae70.jpg,4.007024765014648
sports/swimming/8304f94f52e87b32.jpg,5.349833488464356
sports/swimming/88bcf1c971644e86.jpg,2.630984306335449
sports/swimming/8da44c7b01f0e936.jpg,3.873197078704834
sports/swimming/8ec8d873e23d2435.jpg,2.3325912952423096
sports/swimming/97fd040545ec747a.jpg,4.6512885093688965
sports/swimming/9ac4285e20a4e1f3.jpg,2.751922130584717
sports/swimming/9b2823448b008dec.jpg,5.424863338470459
sports/swimming/9e9a9795ec31cae4.jpg,1.6177752017974854
sports/swimming/9f2542f6a8f35b2c.jpg,5.935032844543457
sports/swimming/a4aee15c257b1c08.jpg,5.86909294128418
sports/swimming/abc73b796c792656.jpg,2.314416646957397
sports/swimming/b1638dbd347d7993.jpg,2.6180341243743896
sports/swimming/b58a33b4dadb7b64.jpg,6.473940849304199
sports/swimming/b5ac64610c016023.jpg,2.7201924324035645
sports/swimming/b664690ed17187ae.jpg,6.085276126861572
sports/swimming/b81c309ace9a87e9.jpg,3.6314992904663086
sports/swimming/b8aa260916f87c2b.jpg,2.564275026321411
sports/swimming/baf1c66adb265e27.jpg,1.8692892789840696
sports/swimming/bd24922f1aff6df7.jpg,1.6030635833740234
sports/swimming/bf9ba042731cdcc2.jpg,3.714645624160767
sports/swimming/c1850b014f3d5c3b.jpg,4.343648910522461
sports/swimming/c995d61ef36e818c.jpg,5.977670669555664
sports/swimming/ccbe4762c01bbd9e.jpg,2.752238512039185
sports/swimming/d94bacfa62a8971f.jpg,3.2717273235321045
sports/swimming/df438d38ff6da2cc.jpg,5.504544734954834
sports/swimming/e5b6070d981b49ac.jpg,2.2253012657165527
sports/swimming/ed5f342e81b7c851.jpg,2.584275722503662
sports/swimming/ed77196681372fcd.jpg,1.716580867767334
sports/swimming/ee41bf599204012c.jpg,4.048246383666992
sports/swimming/f09ed5b3f7ebb290.jpg,4.178271293640137
sports/swimming/f3d6f9c54b2fbd9c.jpg,5.10236930847168
sports/swimming/f8de6c925b0dc353.jpg,1.388058304786682
sports/tennis/000000043605.jpg,2.569420099258423
sports/tennis/000000052813.jpg,3.1735153198242188
sports/tennis/000000053360.jpg,2.372067928314209
sports/tennis/000000073647.jpg,2.561772584915161
sports/tennis/000000086514.jpg,2.696064710617065
sports/tennis/000000115635.jpg,3.8827624320983887
sports/tennis/000000117417.jpg,2.536998748779297
sports/tennis/000000126995.jpg,2.941589593887329
sports/tennis/000000157938.jpg,2.3690290451049805
sports/tennis/000000159370.jpg,1.8531086444854736
sports/tennis/000000171585.jpg,2.790814161300659
sports/tennis/000000184218.jpg,2.4881839752197266
sports/tennis/000000213146.jpg,2.07703161239624
sports/tennis/000000213669.jpg,3.570943593978882
sports/tennis/000000236385.jpg,1.9228664636611936
sports/tennis/000000236475.jpg,2.561018943786621
sports/tennis/000000307652.jpg,2.516443967819214
sports/tennis/000000322730.jpg,1.8162930011749268
sports/tennis/000000360069.jpg,1.8146318197250368
sports/tennis/000000371648.jpg,1.5634201765060425
sports/tennis/000000408526.jpg,2.047035217285156
sports/tennis/000000411669.jpg,3.008250951766968
sports/tennis/000000419872.jpg,2.37682843208313
sports/tennis/000000435009.jpg,2.712253332138061
sports/tennis/000000446850.jpg,3.2126920223236084
sports/tennis/000000450647.jpg,2.6166489124298096
sports/tennis/000000461945.jpg,3.5989859104156494
sports/tennis/000000483677.jpg,3.6033315658569336
sports/tennis/000000494309.jpg,2.068171262741089
sports/tennis/000000499952.jpg,2.450887680053711
sports/tennis/000000558570.jpg,2.3335578441619877
sports/tennis/000000580986.jpg,2.181377649307251
sports/track and field/04f59783cb351805.jpg,2.011134147644043
sports/track and field/05e8af4cb7f026ab.jpg,3.0820720195770264
sports/track and field/05f4784eeafcaf3d.jpg,2.554039716720581
sports/track and field/09f10f0327e0d2e4.jpg,2.176809549331665
sports/track and field/1523025502938b93.jpg,2.502805709838867
sports/track and field/18a997d97b0f209d.jpg,1.908491969108581
sports/track and field/1d92602d14e3200f.jpg,1.8353300094604488
sports/track and field/1e75ec771a788a0d.jpg,3.0405852794647217
sports/track and field/1f3fa6f3ae30a4b3.jpg,2.279613494873047
sports/track and field/22714bd0a845f74c.jpg,2.834861516952514
sports/track and field/22b37bd34c07ef1a.jpg,3.5308468341827397
sports/track and field/2772b500dcbde21d.jpg,2.672819137573242
sports/track and field/27c7038cc98f8ac4.jpg,1.83806836605072
sports/track and field/2e45b2652f7e1f7f.jpg,2.6102535724639893
sports/track and field/336bacff8461dbaa.jpg,2.121530294418335
sports/track and field/3393435e5f644a55.jpg,2.5514423847198486
sports/track and field/3595f889f4ca2d60.jpg,2.1337387561798096
sports/track and field/37f5e796cffd2c9a.jpg,2.2073662281036377
sports/track and field/3a5f6fa58fce0f61.jpg,1.9251415729522705
sports/track and field/3a78bd605848b134.jpg,2.6258106231689453
sports/track and field/3bda7bfbe820a82f.jpg,3.188926219940185
sports/track and field/4575138b6f7a9772.jpg,2.5420114994049072
sports/track and field/472eb5d111f05707.jpg,1.7438026666641235
sports/track and field/4965f1230e388431.jpg,2.0876259803771973
sports/track and field/4a9065d33b7ebf81.jpg,1.8008345365524292
sports/track and field/515b9693872ca759.jpg,1.602197527885437
sports/track and field/5318d42b4fb3be9d.jpg,1.9987149238586424
sports/track and field/534a4481bb6f7669.jpg,2.7308175563812256
sports/track and field/585dd7f1faa235ef.jpg,2.6700215339660645
sports/track and field/5a5e7d6ce6eb8735.jpg,2.4463250637054443
sports/track and field/5a99ce107ac77dcd.jpg,2.2229928970336914
sports/track and field/69147beaa4b5a032.jpg,2.1541402339935303
sports/track and field/7374801616e3a84f.jpg,1.6736408472061155
sports/track and field/7886910e6c81bc85.jpg,1.8109842538833616
sports/track and field/7adb92d70c84acae.jpg,2.4038217067718506
sports/track and field/7eb8f02a79e40800.jpg,2.5211682319641118
sports/track and field/7f6a04e04c276070.jpg,1.9231284856796265
sports/track and field/812654f21f11fb3c.jpg,3.13668155670166
sports/track and field/81594f9739f7344d.jpg,2.059415578842163
sports/track and field/81b2bd15ab040353.jpg,2.377767562866211
sports/track and field/82e1c2342dbc7cc0.jpg,3.198662519454956
sports/track and field/83b7de7cc77bedd8.jpg,1.989456415176392
sports/track and field/8550e7dcea88bd9d.jpg,2.4444048404693604
sports/track and field/86c72b6b4dbb5c3b.jpg,2.423577070236206
sports/track and field/89d6f3f45da4daae.jpg,2.6197543144226074
sports/track and field/8cdbf37561a44803.jpg,2.2688207626342773
sports/track and field/8cf8644a06d41d6a.jpg,2.8247389793396
sports/track and field/923787f39ad66d73.jpg,2.6405558586120605
sports/track and field/98d96739d99514f7.jpg,3.0353217124938965
sports/track and field/9c2452fbe657faf8.jpg,1.9391828775405884
sports/track and field/a2ebd8e99fce35cd.jpg,2.540808916091919
sports/track and field/a3ede9354b3f5cd5.jpg,2.569133281707764
sports/track and field/a9d68cbf0e4a54f6.jpg,2.259490966796875
sports/track and field/aa7e150c301a4f89.jpg,2.7363061904907227
sports/track and field/af37e50ad04c4749.jpg,1.9431015253067017
sports/track and field/b3b390c585802f7c.jpg,1.8714778423309328
sports/track and field/b3f716ade97c3333.jpg,2.6240477561950684
sports/track and field/b82ef298c6c4dfec.jpg,3.0336508750915527
sports/track and field/b88c3f8a5433bd1d.jpg,2.6119656562805176
sports/track and field/bdbf922bf296ca72.jpg,3.033046245574951
sports/track and field/cdf060cec6f45e89.jpg,2.327900648117065
sports/track and field/cfbebf549dd75a16.jpg,2.629542112350464
sports/track and field/d1e99a455eecd1f7.jpg,1.94053053855896
sports/track and field/dab8b622490cfc61.jpg,2.2007906436920166
sports/track and field/daed65c08618e0d7.jpg,2.6664628982543945
sports/track and field/db190b9e53838d3e.jpg,2.8172976970672607
sports/track and field/dc9f56429f7a6c4a.jpg,2.9515388011932373
sports/track and field/e061fc5f81bad945.jpg,2.480609655380249
sports/track and field/e142ebef56b628b4.jpg,1.6642358303070068
sports/track and field/e2b2df4f57103176.jpg,2.0502514839172363
sports/track and field/e6e51c195b296dff.jpg,1.7553977966308594
sports/track and field/e72a78a65ebb88fd.jpg,2.0518429279327397
sports/track and field/efa0278fc1ebbd89.jpg,2.45956826210022
sports/track and field/fbf65d6448e45ad8.jpg,2.269658088684082
sports/track and field/fe29c78b3285e4c7.jpg,1.5370731353759766
sports/track and field/n00439826_6113.jpg,1.7840839624404907
sports/track and field/n00439826_6185.jpg,2.7823872566223145
sports/track and field/n00439826_6314.jpg,1.8765218257904053
sports/track and field/n00439826_6315.jpg,1.7861207723617554
sports/track and field/n00439826_6356.jpg,2.255176305770874
sports/track and field/n00439826_6427.jpg,2.629157781600952
sports/track and field/n00439826_6437.jpg,2.1228671073913574
sports/track and field/n00439826_6534.jpg,1.7334952354431152
sports/track and field/n00439826_6636.jpg,2.198096513748169
sports/track and field/n00439826_6640.jpg,2.544633388519287
sports/track and field/n00439826_6690.jpg,2.1851720809936523
sports/track and field/n00439826_6705.jpg,2.6500322818756104
sports/track and field/n00439826_6709.jpg,2.0185532569885254
sports/track and field/n00439826_6734.jpg,2.347418785095215
sports/track and field/n00439826_6812.jpg,2.1617274284362797
sports/track and field/n00439826_7127.jpg,3.216594696044922
sports/track and field/n00439826_7591.jpg,1.8457276821136477
sports/track and field/n00439826_7703.jpg,1.7650394439697266
sports/track and field/n00439826_7884.jpg,1.86842143535614
sports/track and field/n00439826_7981.jpg,2.384627342224121
sports/track and field/n00439826_8141.jpg,2.0209643840789795
sports/track and field/n00439826_8523.jpg,2.4245264530181885
sports/track and field/n00439826_8642.jpg,2.370569229125977
sports/track and field/n00439826_8688.jpg,2.252505302429199
sports/volleyball/000000124167.jpg,3.554908514022827
sports/volleyball/000000179960.jpg,2.236084222793579
sports/volleyball/000000394560.jpg,1.6586799621582031
sports/volleyball/00a011632563dae2.jpg,1.5758458375930786
sports/volleyball/044a150b3427b632.jpg,2.0442371368408203
sports/volleyball/086ae640b9f067db.jpg,1.921481132507324
sports/volleyball/10802a3111e8ddd6.jpg,1.4947044849395752
sports/volleyball/19ad73a14d324952.jpg,2.812474489212036
sports/volleyball/1a2ecf83645336ce.jpg,1.9568625688552856
sports/volleyball/1b33ecfef06460c5.jpg,1.6299278736114502
sports/volleyball/1c1a752a8b9553f7.jpg,2.735534191131592
sports/volleyball/1cc53c8e090ba2f1.jpg,1.6224067211151123
sports/volleyball/1e60aa45c07c9b91.jpg,1.73888099193573
sports/volleyball/1f5f5a2e5bbc00f0.jpg,3.280052900314331
sports/volleyball/2291c493fc0e8026.jpg,2.35172963142395
sports/volleyball/26ed450961730c81.jpg,2.796778440475464
sports/volleyball/2a28eabff35bd2f7.jpg,2.2622058391571045
sports/volleyball/31fafa54a0b78ea5.jpg,1.66163969039917
sports/volleyball/37b8d81b66a9892a.jpg,1.8817378282547
sports/volleyball/3dad27f92386e120.jpg,2.6137583255767822
sports/volleyball/3f99b162e7bdf531.jpg,1.5084775686264038
sports/volleyball/4a9eb09ba6b1ce83.jpg,3.566395998001098
sports/volleyball/4b9c9aaaa30703cf.jpg,1.71659255027771
sports/volleyball/4d2ee21bd1a76b75.jpg,1.934982419013977
sports/volleyball/4e44723b000d7060.jpg,3.871229887008667
sports/volleyball/520ac5f11ebb926f.jpg,1.6159305572509766
sports/volleyball/55ef7b5629ffa944.jpg,2.466404914855957
sports/volleyball/59e2c1ce2fe69212.jpg,3.503164529800415
sports/volleyball/5e3a978ab9c582de.jpg,3.3774962425231934
sports/volleyball/5e5cddc86093e1b0.jpg,2.784592866897583
sports/volleyball/6f1c4ea262598dcf.jpg,1.50230872631073
sports/volleyball/71cd2134079e8318.jpg,2.399160146713257
sports/volleyball/73615c36a8c71ff6.jpg,2.947844982147217
sports/volleyball/774a20234749713f.jpg,2.355074644088745
sports/volleyball/93be4359f8558611.jpg,1.6304250955581665
sports/volleyball/9bb7ade68141ee60.jpg,2.26440691947937
sports/volleyball/a3aa26623d4c238c.jpg,2.4362618923187256
sports/volleyball/a53d2e1a88a91017.jpg,2.331824541091919
sports/volleyball/c0e4b9fbfa6574e2.jpg,3.115338087081909
sports/volleyball/c5f449be9bb8a291.jpg,1.7999751567840576
sports/volleyball/c7e5f40a0f905e5b.jpg,1.6880165338516235
sports/volleyball/ca24144abcf2bb19.jpg,3.860466957092285
sports/volleyball/cc89a78d3c9dbb26.jpg,3.070929288864136
sports/volleyball/cf92e6a36023169e.jpg,1.5837653875350952
sports/volleyball/e12fe897897a2ede.jpg,2.871745586395264
sports/volleyball/e470100eed3c6c1e.jpg,1.660275101661682
sports/volleyball/ec0acdf8577f88f9.jpg,2.3193628787994385
sports/volleyball/f820c39c5300de83.jpg,1.893965721130371
vehicle/SUV/000000046737.jpg,1.9480493068695068
vehicle/SUV/000000240967.jpg,3.070789098739624
vehicle/SUV/000000248324.jpg,2.9550788402557373
vehicle/SUV/000000267136.jpg,3.183150053024292
vehicle/SUV/000000436651.jpg,2.740519762039185
vehicle/SUV/000000444735.jpg,2.481649875640869
vehicle/SUV/000000516372.jpg,3.689341306686402
vehicle/SUV/000000526071.jpg,2.5183329582214355
vehicle/SUV/n03594945_10633.jpg,2.9412193298339844
vehicle/SUV/n03594945_10851.jpg,3.938930988311768
vehicle/SUV/n03594945_11021.jpg,3.0940561294555664
vehicle/SUV/n03594945_11542.jpg,3.0257341861724854
vehicle/SUV/n03594945_11641.jpg,2.018340349197388
vehicle/SUV/n03594945_11684.jpg,2.881974458694458
vehicle/SUV/n03594945_11773.jpg,1.758502960205078
vehicle/SUV/n03594945_11997.jpg,2.6886537075042725
vehicle/SUV/n03594945_12279.jpg,2.915368795394897
vehicle/SUV/n03594945_12454.jpg,2.841871976852417
vehicle/SUV/n03594945_12636.jpg,3.9564809799194336
vehicle/SUV/n03594945_12658.jpg,3.091287612915039
vehicle/SUV/n03594945_128.jpg,2.75119423866272
vehicle/SUV/n03594945_12838.jpg,2.817868947982788
vehicle/SUV/n03594945_13500.jpg,2.7755582332611084
vehicle/SUV/n03594945_13696.jpg,2.4471092224121094
vehicle/SUV/n03594945_13697.jpg,2.3872318267822266
vehicle/SUV/n03594945_13806.jpg,2.691349744796753
vehicle/SUV/n03594945_13957.jpg,2.842326402664185
vehicle/SUV/n03594945_13972.jpg,3.894253015518189
vehicle/SUV/n03594945_14499.jpg,3.0692226886749268
vehicle/SUV/n03594945_14542.jpg,4.656801700592041
vehicle/SUV/n03594945_14740.jpg,1.996047616004944
vehicle/SUV/n03594945_15506.jpg,2.0974857807159424
vehicle/SUV/n03594945_15533.jpg,1.897196888923645
vehicle/SUV/n03594945_15593.jpg,2.865875482559204
vehicle/SUV/n03594945_15617.jpg,3.6100897789001465
vehicle/SUV/n03594945_16102.jpg,1.585316777229309
vehicle/SUV/n03594945_16473.jpg,3.872313976287842
vehicle/SUV/n03594945_17812.jpg,3.04647159576416
vehicle/SUV/n03594945_18118.jpg,3.1636595726013184
vehicle/SUV/n03594945_18298.jpg,4.372693538665772
vehicle/SUV/n03594945_183.jpg,3.1472787857055664
vehicle/SUV/n03594945_19367.jpg,2.496224403381348
vehicle/SUV/n03594945_20468.jpg,2.167717456817627
vehicle/SUV/n03594945_2076.jpg,1.871569037437439
vehicle/SUV/n03594945_21268.jpg,2.988272190093994
vehicle/SUV/n03594945_21402.jpg,3.980438470840454
vehicle/SUV/n03594945_2259.jpg,1.9180223941802976
vehicle/SUV/n03594945_22594.jpg,2.2104523181915283
vehicle/SUV/n03594945_2531.jpg,2.2895872592926025
vehicle/SUV/n03594945_25756.jpg,2.9353785514831543
vehicle/SUV/n03594945_25839.jpg,3.8207364082336426
vehicle/SUV/n03594945_25858.jpg,2.7261765003204346
vehicle/SUV/n03594945_26966.jpg,3.388606548309326
vehicle/SUV/n03594945_2916.jpg,3.351161003112793
vehicle/SUV/n03594945_2943.jpg,1.82952344417572
vehicle/SUV/n03594945_29753.jpg,3.704794406890869
vehicle/SUV/n03594945_30146.jpg,2.4623794555664062
vehicle/SUV/n03594945_3053.jpg,3.6358561515808105
vehicle/SUV/n03594945_3068.jpg,3.077545642852783
vehicle/SUV/n03594945_3082.jpg,2.999961376190185
vehicle/SUV/n03594945_3171.jpg,2.389871120452881
vehicle/SUV/n03594945_31961.jpg,2.494337558746338
vehicle/SUV/n03594945_3233.jpg,3.213996410369873
vehicle/SUV/n03594945_32575.jpg,5.258447170257568
vehicle/SUV/n03594945_3375.jpg,1.6111234426498413
vehicle/SUV/n03594945_3598.jpg,1.6037949323654177
vehicle/SUV/n03594945_38.jpg,2.113460063934326
vehicle/SUV/n03594945_435.jpg,2.298168182373047
vehicle/SUV/n03594945_4404.jpg,6.44843864440918
vehicle/SUV/n03594945_4747.jpg,3.813540458679199
vehicle/SUV/n03594945_4768.jpg,2.297770977020264
vehicle/SUV/n03594945_4791.jpg,4.410262584686279
vehicle/SUV/n03594945_5123.jpg,2.5946507453918457
vehicle/SUV/n03594945_58.jpg,2.4352564811706543
vehicle/SUV/n03594945_5816.jpg,2.9793832302093506
vehicle/SUV/n03594945_5856.jpg,4.483500480651856
vehicle/SUV/n03594945_6393.jpg,4.985695838928223
vehicle/SUV/n03594945_6534.jpg,2.152503252029419
vehicle/SUV/n03594945_6543.jpg,2.261286973953247
vehicle/SUV/n03594945_6810.jpg,4.325148105621338
vehicle/SUV/n03594945_6945.jpg,1.871133089065552
vehicle/SUV/n03594945_7419.jpg,3.1543188095092773
vehicle/SUV/n03594945_7558.jpg,1.5733777284622192
vehicle/SUV/n03594945_7733.jpg,3.153923511505127
vehicle/SUV/n03594945_7820.jpg,3.0467517375946045
vehicle/SUV/n03594945_7904.jpg,6.638886451721191
vehicle/SUV/n03594945_8323.jpg,3.2062199115753174
vehicle/SUV/n03594945_8348.jpg,1.929829835891724
vehicle/SUV/n03594945_8657.jpg,3.168256521224976
vehicle/SUV/n03594945_8913.jpg,4.009646415710449
vehicle/SUV/n03594945_8931.jpg,2.330099105834961
vehicle/SUV/n03594945_9005.jpg,1.405488133430481
vehicle/SUV/n03594945_9076.jpg,2.381361484527588
vehicle/SUV/n03594945_9105.jpg,3.8671584129333496
vehicle/SUV/n03594945_9110.jpg,3.1299424171447754
vehicle/SUV/n03594945_9271.jpg,3.121969223022461
vehicle/SUV/n03594945_9390.jpg,3.146810293197632
vehicle/SUV/n03594945_9793.jpg,2.490793943405152
vehicle/airplane/000000002258.jpg,2.354088068008423
vehicle/airplane/000000003035.jpg,2.2264177799224854
vehicle/airplane/000000025559.jpg,3.066779851913452
vehicle/airplane/000000032093.jpg,2.4385287761688232
vehicle/airplane/000000035485.jpg,3.4865784645080566
vehicle/airplane/000000040890.jpg,1.840247392654419
vehicle/airplane/000000041276.jpg,2.5409183502197266
vehicle/airplane/000000066255.jpg,5.641860485076904
vehicle/airplane/000000076372.jpg,2.9841458797454834
vehicle/airplane/000000078354.jpg,1.7451725006103516
vehicle/airplane/000000091482.jpg,2.815063238143921
vehicle/airplane/000000101270.jpg,2.859172821044922
vehicle/airplane/000000101626.jpg,1.8379398584365845
vehicle/airplane/000000106658.jpg,6.400367736816406
vehicle/airplane/000000111969.jpg,1.7225894927978516
vehicle/airplane/000000116255.jpg,6.184295654296875
vehicle/airplane/000000125394.jpg,2.30857515335083
vehicle/airplane/000000134334.jpg,2.7214365005493164
vehicle/airplane/000000135244.jpg,3.6531319618225098
vehicle/airplane/000000140565.jpg,2.453648090362549
vehicle/airplane/000000146659.jpg,4.958420276641846
vehicle/airplane/000000150181.jpg,3.329417943954468
vehicle/airplane/000000162650.jpg,2.335212469100952
vehicle/airplane/000000164487.jpg,2.2076220512390137
vehicle/airplane/000000166086.jpg,2.3345863819122314
vehicle/airplane/000000180098.jpg,2.469524621963501
vehicle/airplane/000000190199.jpg,4.7785844802856445
vehicle/airplane/000000200391.jpg,2.0524752140045166
vehicle/airplane/000000205918.jpg,1.928915739059448
vehicle/airplane/000000228965.jpg,3.608666658401489
vehicle/airplane/000000233298.jpg,2.946054220199585
vehicle/airplane/000000237735.jpg,1.979712963104248
vehicle/airplane/000000247209.jpg,1.8424659967422483
vehicle/airplane/000000252844.jpg,1.8756033182144165
vehicle/airplane/000000268547.jpg,4.103299140930176
vehicle/airplane/000000311641.jpg,6.307744026184082
vehicle/airplane/000000314916.jpg,2.1016573905944824
vehicle/airplane/000000323258.jpg,4.10695743560791
vehicle/airplane/000000325646.jpg,2.016162395477295
vehicle/airplane/000000337013.jpg,2.347869396209717
vehicle/airplane/000000349475.jpg,2.149355173110962
vehicle/airplane/000000349868.jpg,3.1769392490386963
vehicle/airplane/000000352151.jpg,3.53454327583313
vehicle/airplane/000000388025.jpg,2.069173574447632
vehicle/airplane/000000392115.jpg,5.261677265167236
vehicle/airplane/000000396770.jpg,2.464113712310791
vehicle/airplane/000000397353.jpg,2.336552381515503
vehicle/airplane/000000403249.jpg,1.9981653690338133
vehicle/airplane/000000406981.jpg,1.876201868057251
vehicle/airplane/000000408965.jpg,2.688230037689209
vehicle/airplane/000000422807.jpg,3.640844583511353
vehicle/airplane/000000422953.jpg,3.066856861114502
vehicle/airplane/000000423231.jpg,1.9273573160171509
vehicle/airplane/000000424445.jpg,2.323902130126953
vehicle/airplane/000000448205.jpg,2.566509246826172
vehicle/airplane/000000482765.jpg,3.61862063407898
vehicle/airplane/000000486233.jpg,2.1556589603424072
vehicle/airplane/000000505093.jpg,1.9223744869232176
vehicle/airplane/000000510521.jpg,5.068634510040283
vehicle/airplane/000000514299.jpg,3.0842769145965576
vehicle/airplane/000000521402.jpg,3.4810259342193604
vehicle/airplane/000000532521.jpg,2.2716927528381348
vehicle/airplane/000000535593.jpg,2.342782735824585
vehicle/airplane/000000549708.jpg,2.454887866973877
vehicle/airplane/000000554597.jpg,3.3934717178344727
vehicle/airplane/000000555658.jpg,3.3430354595184326
vehicle/airplane/000000561014.jpg,1.9635131359100344
vehicle/airplane/000000563295.jpg,4.672083854675293
vehicle/airplane/000000563458.jpg,2.621515274047852
vehicle/airplane/n02691156_10151.jpg,1.3567099571228027
vehicle/airplane/n02691156_10504.jpg,2.2379415035247803
vehicle/airplane/n02691156_10578.jpg,2.0423243045806885
vehicle/airplane/n02691156_10622.jpg,1.7343372106552124
vehicle/airplane/n02691156_11495.jpg,2.9600367546081543
vehicle/airplane/n02691156_11729.jpg,2.125675916671753
vehicle/airplane/n02691156_1191.jpg,3.630311965942383
vehicle/airplane/n02691156_12389.jpg,1.885526418685913
vehicle/airplane/n02691156_12560.jpg,5.262619018554688
vehicle/airplane/n02691156_1919.jpg,4.7436723709106445
vehicle/airplane/n02691156_20276.jpg,3.081496238708496
vehicle/airplane/n02691156_20718.jpg,2.757826089859009
vehicle/airplane/n02691156_2492.jpg,2.6830432415008545
vehicle/airplane/n02691156_29988.jpg,2.0658998489379883
vehicle/airplane/n02691156_3472.jpg,6.418787956237793
vehicle/airplane/n02691156_3785.jpg,2.5586156845092773
vehicle/airplane/n02691156_4134.jpg,3.159714937210083
vehicle/airplane/n02691156_47926.jpg,4.356726169586182
vehicle/airplane/n02691156_5136.jpg,4.692757606506348
vehicle/airplane/n02691156_5740.jpg,2.521773099899292
vehicle/airplane/n02691156_5942.jpg,1.3691598176956177
vehicle/airplane/n02691156_6438.jpg,2.3119938373565674
vehicle/airplane/n02691156_6582.jpg,4.130168437957764
vehicle/airplane/n02691156_6799.jpg,2.041084289550781
vehicle/airplane/n02691156_6870.jpg,5.162172794342041
vehicle/airplane/n02691156_7027.jpg,6.38788652420044
vehicle/airplane/n02691156_7079.jpg,3.183837413787842
vehicle/airplane/n02691156_7124.jpg,1.770454168319702
vehicle/airplane/n02691156_8876.jpg,1.9989432096481323
vehicle/bicycle/000000001625.jpg,2.452275276184082
vehicle/bicycle/000000002139.jpg,1.505307912826538
vehicle/bicycle/000000012876.jpg,2.0025389194488525
vehicle/bicycle/000000029711.jpg,1.466196060180664
vehicle/bicycle/000000052282.jpg,1.3711812496185305
vehicle/bicycle/000000187509.jpg,3.5748772621154785
vehicle/bicycle/000000212824.jpg,1.628470778465271
vehicle/bicycle/000000249815.jpg,2.9933788776397705
vehicle/bicycle/000000260513.jpg,2.955730438232422
vehicle/bicycle/000000292819.jpg,4.243384838104248
vehicle/bicycle/000000294090.jpg,1.834588646888733
vehicle/bicycle/000000314693.jpg,4.517586708068848
vehicle/bicycle/000000318464.jpg,3.9595346450805664
vehicle/bicycle/000000347976.jpg,1.540711522102356
vehicle/bicycle/000000356496.jpg,1.7898887395858765
vehicle/bicycle/000000358989.jpg,1.940757155418396
vehicle/bicycle/000000378848.jpg,4.33843469619751
vehicle/bicycle/000000384964.jpg,2.043340921401977
vehicle/bicycle/000000398304.jpg,1.3083574771881104
vehicle/bicycle/000000431484.jpg,1.3785979747772217
vehicle/bicycle/000000451559.jpg,3.922573566436768
vehicle/bicycle/000000520679.jpg,1.9431780576705933
vehicle/bicycle/000000536589.jpg,1.450533390045166
vehicle/bicycle/000000547662.jpg,3.7841949462890634
vehicle/bicycle/n02834778_10155.jpg,2.741403102874756
vehicle/bicycle/n02834778_10227.jpg,2.120637893676758
vehicle/bicycle/n02834778_10231.jpg,2.7330751419067383
vehicle/bicycle/n02834778_10294.jpg,3.44459080696106
vehicle/bicycle/n02834778_10391.jpg,1.3904253244400024
vehicle/bicycle/n02834778_10484.jpg,1.67438006401062
vehicle/bicycle/n02834778_10669.jpg,2.138775110244751
vehicle/bicycle/n02834778_10735.jpg,2.229557037353516
vehicle/bicycle/n02834778_11107.jpg,1.5957430601119995
vehicle/bicycle/n02834778_11401.jpg,1.566240668296814
vehicle/bicycle/n02834778_11645.jpg,1.5358951091766355
vehicle/bicycle/n02834778_1175.jpg,1.3456913232803345
vehicle/bicycle/n02834778_11849.jpg,1.747425198554993
vehicle/bicycle/n02834778_11865.jpg,1.5349074602127075
vehicle/bicycle/n02834778_1213.jpg,1.658551573753357
vehicle/bicycle/n02834778_12224.jpg,3.424488067626953
vehicle/bicycle/n02834778_12279.jpg,1.949108958244324
vehicle/bicycle/n02834778_1372.jpg,2.829069137573242
vehicle/bicycle/n02834778_1398.jpg,4.569662094116211
vehicle/bicycle/n02834778_1446.jpg,1.6937029361724854
vehicle/bicycle/n02834778_1607.jpg,3.629540681838989
vehicle/bicycle/n02834778_1659.jpg,1.820518136024475
vehicle/bicycle/n02834778_17153.jpg,4.740744113922119
vehicle/bicycle/n02834778_1895.jpg,3.538378953933716
vehicle/bicycle/n02834778_1985.jpg,3.3897054195404053
vehicle/bicycle/n02834778_1999.jpg,2.742246150970459
vehicle/bicycle/n02834778_2018.jpg,1.4556236267089844
vehicle/bicycle/n02834778_2336.jpg,2.686093330383301
vehicle/bicycle/n02834778_2356.jpg,1.627943515777588
vehicle/bicycle/n02834778_2873.jpg,1.7622313499450684
vehicle/bicycle/n02834778_3171.jpg,3.457730770111084
vehicle/bicycle/n02834778_3504.jpg,4.1616644859313965
vehicle/bicycle/n02834778_3926.jpg,4.454617500305176
vehicle/bicycle/n02834778_3958.jpg,1.596750020980835
vehicle/bicycle/n02834778_42241.jpg,3.94373631477356
vehicle/bicycle/n02834778_4304.jpg,3.6552698612213135
vehicle/bicycle/n02834778_4359.jpg,5.612370491027832
vehicle/bicycle/n02834778_4434.jpg,1.4637545347213743
vehicle/bicycle/n02834778_4490.jpg,2.6122491359710693
vehicle/bicycle/n02834778_4730.jpg,3.137845993041992
vehicle/bicycle/n02834778_5315.jpg,1.7145938873291016
vehicle/bicycle/n02834778_5671.jpg,3.5231292247772217
vehicle/bicycle/n02834778_5747.jpg,1.7312443256378174
vehicle/bicycle/n02834778_629.jpg,4.137421607971191
vehicle/bicycle/n02834778_642.jpg,3.330618381500244
vehicle/bicycle/n02834778_6485.jpg,3.1954023838043213
vehicle/bicycle/n02834778_6500.jpg,3.823714256286621
vehicle/bicycle/n02834778_662.jpg,1.4116055965423584
vehicle/bicycle/n02834778_6712.jpg,2.952669620513916
vehicle/bicycle/n02834778_6714.jpg,1.7866859436035156
vehicle/bicycle/n02834778_6750.jpg,4.572960376739502
vehicle/bicycle/n02834778_6811.jpg,2.048290491104126
vehicle/bicycle/n02834778_6942.jpg,3.2072854042053223
vehicle/bicycle/n02834778_7050.jpg,2.583307266235352
vehicle/bicycle/n02834778_7138.jpg,3.476206064224243
vehicle/bicycle/n02834778_729.jpg,3.481576919555664
vehicle/bicycle/n02834778_7410.jpg,4.952660083770752
vehicle/bicycle/n02834778_7536.jpg,2.680511236190796
vehicle/bicycle/n02834778_8125.jpg,3.211946964263916
vehicle/bicycle/n02834778_8791.jpg,1.610346436500549
vehicle/bicycle/n02834778_8932.jpg,2.9639508724212646
vehicle/bicycle/n02834778_8951.jpg,1.8635536432266235
vehicle/bicycle/n02834778_8979.jpg,2.9175355434417725
vehicle/bicycle/n02834778_9101.jpg,2.3271946907043457
vehicle/bicycle/n02834778_9585.jpg,1.375726580619812
vehicle/bicycle/n02834778_9626.jpg,1.9814397096633911
vehicle/bicycle/n02834778_9944.jpg,2.5157909393310547
vehicle/bus/000000019413.jpg,1.9322227239608765
vehicle/bus/000000038357.jpg,1.8338371515274048
vehicle/bus/000000051167.jpg,1.6705739498138428
vehicle/bus/000000058930.jpg,3.0467302799224854
vehicle/bus/000000065962.jpg,2.105006217956543
vehicle/bus/000000111547.jpg,2.686841487884521
vehicle/bus/000000131449.jpg,2.369717597961426
vehicle/bus/000000195510.jpg,1.5577598810195925
vehicle/bus/000000208927.jpg,2.107021808624268
vehicle/bus/000000212507.jpg,1.717826008796692
vehicle/bus/000000242270.jpg,2.1069469451904297
vehicle/bus/000000244005.jpg,2.8466687202453613
vehicle/bus/000000244213.jpg,2.606787204742432
vehicle/bus/000000247576.jpg,1.5078928470611572
vehicle/bus/000000248488.jpg,2.4545419216156006
vehicle/bus/000000263104.jpg,1.6738661527633667
vehicle/bus/000000269926.jpg,2.1506495475769043
vehicle/bus/000000282631.jpg,2.176463842391968
vehicle/bus/000000289883.jpg,1.9096952676773071
vehicle/bus/000000302964.jpg,1.6506977081298828
vehicle/bus/000000331198.jpg,2.52429747581482
vehicle/bus/000000364919.jpg,2.4029765129089355
vehicle/bus/000000392869.jpg,1.8454664945602417
vehicle/bus/000000393064.jpg,1.970235824584961
vehicle/bus/000000406329.jpg,2.1430063247680664
vehicle/bus/000000409138.jpg,2.1222290992736816
vehicle/bus/000000431376.jpg,1.6976152658462524
vehicle/bus/000000431675.jpg,2.8043761253356934
vehicle/bus/000000491793.jpg,2.48589301109314
vehicle/bus/000000512459.jpg,1.3734666109085083
vehicle/bus/000000517723.jpg,3.4358317852020264
vehicle/bus/000000524140.jpg,2.6411831378936768
vehicle/bus/000000531146.jpg,3.564675807952881
vehicle/bus/000000531796.jpg,1.8601692914962769
vehicle/bus/000000534036.jpg,1.8376197814941408
vehicle/bus/n02924116_10499.jpg,1.8242573738098145
vehicle/bus/n02924116_28382.jpg,1.8652594089508057
vehicle/bus/n02924116_30299.jpg,2.0281999111175537
vehicle/bus/n02924116_33540.jpg,1.5527913570404053
vehicle/bus/n02924116_37011.jpg,2.480283498764038
vehicle/bus/n02924116_37624.jpg,2.1744980812072754
vehicle/bus/n02924116_38371.jpg,1.8493351936340328
vehicle/bus/n02924116_40071.jpg,1.3718289136886597
vehicle/bus/n02924116_43906.jpg,2.1059389114379883
vehicle/bus/n02924116_4611.jpg,1.993836760520935
vehicle/bus/n02924116_46565.jpg,1.7946701049804688
vehicle/bus/n02924116_5109.jpg,2.167931318283081
vehicle/bus/n02924116_53321.jpg,2.8582394123077397
vehicle/bus/n02924116_53731.jpg,1.427083969116211
vehicle/bus/n02924116_54466.jpg,2.0721280574798584
vehicle/bus/n02924116_5979.jpg,1.7701886892318726
vehicle/bus/n02924116_6042.jpg,1.6736116409301758
vehicle/bus/n02924116_61494.jpg,1.9933348894119265
vehicle/bus/n02924116_64676.jpg,1.6742041110992432
vehicle/bus/n02924116_69671.jpg,1.8558886051177976
vehicle/bus/n02924116_71067.jpg,2.7781615257263184
vehicle/bus/n02924116_73346.jpg,1.619676113128662
vehicle/bus/n02924116_73467.jpg,1.5600529909133911
vehicle/bus/n02924116_73811.jpg,2.6660616397857666
vehicle/bus/n02924116_7459.jpg,2.1142499446868896
vehicle/bus/n02924116_76766.jpg,1.926486611366272
vehicle/bus/n02924116_82453.jpg,2.507652997970581
vehicle/bus/n02924116_85474.jpg,1.6331419944763184
vehicle/bus/n02924116_86325.jpg,2.10327696800232
vehicle/bus/n02924116_907.jpg,2.114816904067993
vehicle/bus/n02924116_9480.jpg,1.987576961517334
vehicle/bus/n02924116_9562.jpg,1.7825422286987305
vehicle/cable car/n02934451_10254.jpg,5.023323059082031
vehicle/cable car/n02934451_10331.jpg,3.2760517597198486
vehicle/cable car/n02934451_10876.jpg,5.8235039710998535
vehicle/cable car/n02934451_11983.jpg,3.6377201080322266
vehicle/cable car/n02934451_1201.jpg,5.024788856506348
vehicle/cable car/n02934451_1210.jpg,2.9611287117004395
vehicle/cable car/n02934451_12189.jpg,4.66735315322876
vehicle/cable car/n02934451_12253.jpg,5.085969924926758
vehicle/cable car/n02934451_12306.jpg,3.1263558864593506
vehicle/cable car/n02934451_1381.jpg,6.369455814361572
vehicle/cable car/n02934451_15507.jpg,4.9056549072265625
vehicle/cable car/n02934451_16027.jpg,4.799160957336426
vehicle/cable car/n02934451_175.jpg,3.1188576221466064
vehicle/cable car/n02934451_17629.jpg,5.108216762542725
vehicle/cable car/n02934451_18059.jpg,4.9927191734313965
vehicle/cable car/n02934451_20433.jpg,3.9289088249206543
vehicle/cable car/n02934451_20914.jpg,4.430484294891357
vehicle/cable car/n02934451_21203.jpg,6.401467800140381
vehicle/cable car/n02934451_21207.jpg,5.977936744689941
vehicle/cable car/n02934451_22981.jpg,2.172384738922119
vehicle/cable car/n02934451_2999.jpg,5.406228065490723
vehicle/cable car/n02934451_3778.jpg,4.896103858947754
vehicle/cable car/n02934451_4571.jpg,1.8626788854599
vehicle/cable car/n02934451_5019.jpg,2.7957987785339355
vehicle/cable car/n02934451_5338.jpg,3.009313106536865
vehicle/cable car/n02934451_5488.jpg,2.78519606590271
vehicle/cable car/n02934451_7353.jpg,3.262481927871704
vehicle/cable car/n02934451_7904.jpg,2.9397242069244385
vehicle/cable car/n02934451_8034.jpg,6.405456066131592
vehicle/cable car/n02934451_8467.jpg,2.2252485752105717
vehicle/cable car/n02934451_8832.jpg,4.529237270355225
vehicle/cable car/n04231693_10396.jpg,5.620513916015625
vehicle/cable car/n04231693_1225.jpg,4.357371807098389
vehicle/cable car/n04231693_12798.jpg,4.428323745727539
vehicle/cable car/n04231693_16094.jpg,5.935581684112549
vehicle/cable car/n04231693_16811.jpg,2.7728772163391118
vehicle/cable car/n04231693_17301.jpg,5.091065406799316
vehicle/cable car/n04231693_18095.jpg,4.043748378753662
vehicle/cable car/n04231693_18458.jpg,5.754918575286865
vehicle/cable car/n04231693_18494.jpg,4.191973209381104
vehicle/cable car/n04231693_18551.jpg,5.076186180114746
vehicle/cable car/n04231693_19460.jpg,2.501821517944336
vehicle/cable car/n04231693_19772.jpg,6.110528945922852
vehicle/cable car/n04231693_20199.jpg,4.860615253448486
vehicle/cable car/n04231693_22023.jpg,5.725105285644531
vehicle/cable car/n04231693_22406.jpg,4.047290325164795
vehicle/cable car/n04231693_22416.jpg,5.548686027526856
vehicle/cable car/n04231693_22459.jpg,5.915589332580566
vehicle/cable car/n04231693_22574.jpg,5.299449920654297
vehicle/cable car/n04231693_22980.jpg,4.438708305358887
vehicle/cable car/n04231693_24259.jpg,3.761594772338867
vehicle/cable car/n04231693_24339.jpg,3.202386379241944
vehicle/cable car/n04231693_24470.jpg,3.214529275894165
vehicle/cable car/n04231693_24662.jpg,4.740406513214111
vehicle/cable car/n04231693_3038.jpg,5.84251070022583
vehicle/cable car/n04231693_3977.jpg,4.816073894500732
vehicle/cable car/n04231693_5428.jpg,3.676037788391113
vehicle/cable car/n04231693_6347.jpg,6.290924549102783
vehicle/cable car/n04231693_7368.jpg,5.931398868560791
vehicle/cable car/n04231693_7616.jpg,6.040172100067139
vehicle/cable car/n04231693_8412.jpg,2.7205376625061035
vehicle/cable car/n04231693_8757.jpg,3.3610739707946777
vehicle/camper/000000153987.jpg,2.47196102142334
vehicle/camper/n02946348_11195.jpg,3.313372611999512
vehicle/camper/n02946348_1134.jpg,1.3796501159667969
vehicle/camper/n02946348_11568.jpg,2.23240065574646
vehicle/camper/n02946348_11646.jpg,2.379191398620605
vehicle/camper/n02946348_1191.jpg,2.295660257339477
vehicle/camper/n02946348_11948.jpg,3.022749662399292
vehicle/camper/n02946348_13175.jpg,3.0255677700042725
vehicle/camper/n02946348_13257.jpg,3.017417907714844
vehicle/camper/n02946348_13332.jpg,1.8100371360778809
vehicle/camper/n02946348_14246.jpg,2.2182133197784424
vehicle/camper/n02946348_1541.jpg,1.7667512893676758
vehicle/camper/n02946348_15558.jpg,2.024598360061645
vehicle/camper/n02946348_15930.jpg,3.2714459896087646
vehicle/camper/n02946348_16122.jpg,4.437068939208984
vehicle/camper/n02946348_16293.jpg,3.841624975204468
vehicle/camper/n02946348_16367.jpg,2.170466423034668
vehicle/camper/n02946348_16835.jpg,2.6521754264831543
vehicle/camper/n02946348_16904.jpg,2.27339243888855
vehicle/camper/n02946348_17198.jpg,3.680680751800537
vehicle/camper/n02946348_17390.jpg,4.187925815582275
vehicle/camper/n02946348_17589.jpg,2.721897602081299
vehicle/camper/n02946348_18684.jpg,2.361079692840576
vehicle/camper/n02946348_18783.jpg,1.539555549621582
vehicle/camper/n02946348_19028.jpg,1.7493364810943604
vehicle/camper/n02946348_20314.jpg,2.546374559402466
vehicle/camper/n02946348_20324.jpg,2.893458366394043
vehicle/camper/n02946348_21746.jpg,2.621067762374878
vehicle/camper/n02946348_22022.jpg,2.707899570465088
vehicle/camper/n02946348_22457.jpg,2.2732715606689453
vehicle/camper/n02946348_23420.jpg,2.252983808517456
vehicle/camper/n02946348_23781.jpg,3.834803819656372
vehicle/camper/n02946348_23994.jpg,2.238406181335449
vehicle/camper/n02946348_24721.jpg,2.461255550384521
vehicle/camper/n02946348_24802.jpg,2.8316378593444824
vehicle/camper/n02946348_25549.jpg,2.9114394187927246
vehicle/camper/n02946348_26905.jpg,2.004610061645508
vehicle/camper/n02946348_29473.jpg,4.660696029663086
vehicle/camper/n02946348_30616.jpg,2.051410675048828
vehicle/camper/n02946348_3065.jpg,2.398367404937744
vehicle/camper/n02946348_30706.jpg,2.3581700325012207
vehicle/camper/n02946348_30836.jpg,4.506540298461914
vehicle/camper/n02946348_3118.jpg,3.191835165023804
vehicle/camper/n02946348_31182.jpg,2.941176414489746
vehicle/camper/n02946348_31339.jpg,2.2764806747436523
vehicle/camper/n02946348_32456.jpg,1.7345653772354126
vehicle/camper/n02946348_33646.jpg,1.798248291015625
vehicle/camper/n02946348_33700.jpg,4.484247207641602
vehicle/camper/n02946348_34662.jpg,3.0556178092956543
vehicle/camper/n02946348_34746.jpg,1.5777729749679563
vehicle/camper/n02946348_35242.jpg,2.1305277347564697
vehicle/camper/n02946348_35937.jpg,1.3638709783554075
vehicle/camper/n02946348_39389.jpg,2.691561460494995
vehicle/camper/n02946348_413.jpg,2.510393619537353
vehicle/camper/n02946348_4343.jpg,1.699804663658142
vehicle/camper/n02946348_4367.jpg,3.281289577484131
vehicle/camper/n02946348_4508.jpg,2.3153533935546875
vehicle/camper/n02946348_4726.jpg,2.348412036895752
vehicle/camper/n02946348_5029.jpg,2.3814494609832764
vehicle/camper/n02946348_5142.jpg,2.520427703857422
vehicle/camper/n02946348_5270.jpg,2.9964489936828613
vehicle/camper/n02946348_587.jpg,3.235173463821411
vehicle/camper/n02946348_601.jpg,3.882716417312622
vehicle/camper/n02946348_6044.jpg,2.2308990955352783
vehicle/camper/n02946348_6244.jpg,2.7282984256744385
vehicle/camper/n02946348_6967.jpg,2.470264673233032
vehicle/camper/n02946348_7257.jpg,2.7186288833618164
vehicle/camper/n02946348_806.jpg,2.7667124271392822
vehicle/camper/n02946348_8286.jpg,2.9455270767211914
vehicle/camper/n02946348_919.jpg,1.829667925834656
vehicle/car/000000016977.jpg,1.8543248176574707
vehicle/car/000000085482.jpg,2.0627810955047607
vehicle/car/000000086210.jpg,2.7893075942993164
vehicle/car/000000102741.jpg,2.0505402088165283
vehicle/car/000000178550.jpg,2.489654541015625
vehicle/car/000000281721.jpg,2.3921523094177246
vehicle/car/000000360374.jpg,1.9092342853546145
vehicle/car/000000369820.jpg,2.4401092529296875
vehicle/car/000000409126.jpg,1.896850824356079
vehicle/car/000000449872.jpg,2.789911985397339
vehicle/car/000000492156.jpg,1.5935202836990356
vehicle/car/n04166281_1059.jpg,2.091181755065918
vehicle/car/n04166281_11360.jpg,1.898770093917847
vehicle/car/n04166281_1174.jpg,2.655279397964477
vehicle/car/n04166281_1290.jpg,1.6883468627929688
vehicle/car/n04166281_1303.jpg,1.917283058166504
vehicle/car/n04166281_14544.jpg,2.457256317138672
vehicle/car/n04166281_1911.jpg,2.582695484161377
vehicle/car/n04166281_2061.jpg,3.473660945892334
vehicle/car/n04166281_21224.jpg,2.105396032333374
vehicle/car/n04166281_21492.jpg,5.000269412994385
vehicle/car/n04166281_21769.jpg,2.1905832290649414
vehicle/car/n04166281_2258.jpg,2.180962085723877
vehicle/car/n04166281_2502.jpg,2.2472777366638184
vehicle/car/n04166281_2596.jpg,1.5151937007904053
vehicle/car/n04166281_263.jpg,3.0897109508514404
vehicle/car/n04166281_2715.jpg,2.3169937133789062
vehicle/car/n04166281_2937.jpg,1.882653832435608
vehicle/car/n04166281_298.jpg,2.7575998306274414
vehicle/car/n04166281_3306.jpg,1.3703159093856812
vehicle/car/n04166281_3840.jpg,2.2135918140411377
vehicle/car/n04166281_388.jpg,1.829920768737793
vehicle/car/n04166281_3917.jpg,1.873037815093994
vehicle/car/n04166281_3944.jpg,2.340569972991944
vehicle/car/n04166281_4467.jpg,2.5467894077301025
vehicle/car/n04166281_4636.jpg,1.864547610282898
vehicle/car/n04166281_4690.jpg,3.0195024013519287
vehicle/car/n04166281_4756.jpg,2.4426960945129395
vehicle/car/n04166281_4869.jpg,2.753839492797852
vehicle/car/n04166281_4915.jpg,3.2743771076202397
vehicle/car/n04166281_4975.jpg,4.306183338165283
vehicle/car/n04166281_5182.jpg,2.089597225189209
vehicle/car/n04166281_5438.jpg,2.583603382110596
vehicle/car/n04166281_5551.jpg,2.2136170864105225
vehicle/car/n04166281_5691.jpg,2.1084203720092773
vehicle/car/n04166281_5699.jpg,2.376817464828491
vehicle/car/n04166281_5751.jpg,2.532831907272339
vehicle/car/n04166281_5752.jpg,2.060465097427368
vehicle/car/n04166281_5973.jpg,1.7295540571212769
vehicle/car/n04166281_623.jpg,2.2468340396881104
vehicle/car/n04166281_6355.jpg,2.3418328762054443
vehicle/car/n04166281_6464.jpg,1.4036506414413452
vehicle/car/n04166281_6507.jpg,1.7039775848388672
vehicle/car/n04166281_6586.jpg,2.7061338424682617
vehicle/car/n04166281_6626.jpg,2.604050636291504
vehicle/car/n04166281_6665.jpg,1.721555471420288
vehicle/car/n04166281_6690.jpg,2.2598681449890137
vehicle/car/n04166281_6786.jpg,3.484750747680664
vehicle/car/n04166281_69.jpg,1.3998098373413086
vehicle/car/n04166281_7105.jpg,2.977797269821167
vehicle/car/n04166281_73.jpg,2.244281530380249
vehicle/car/n04166281_8236.jpg,2.668864727020264
vehicle/car/n04166281_927.jpg,3.096618890762329
vehicle/car/n04166281_9737.jpg,1.3336361646652222
vehicle/fishing boat/000000175136.jpg,3.498898983001709
vehicle/fishing boat/000000377572.jpg,2.663329839706421
vehicle/fishing boat/n03351262_1099.jpg,2.884248733520508
vehicle/fishing boat/n03351262_1111.jpg,3.42737078666687
vehicle/fishing boat/n03351262_1287.jpg,3.006385803222656
vehicle/fishing boat/n03351262_13855.jpg,3.4737250804901123
vehicle/fishing boat/n03351262_1451.jpg,2.934813976287842
vehicle/fishing boat/n03351262_1454.jpg,4.265012264251709
vehicle/fishing boat/n03351262_15090.jpg,2.708170890808105
vehicle/fishing boat/n03351262_17471.jpg,2.513754606246948
vehicle/fishing boat/n03351262_1791.jpg,3.2173871994018555
vehicle/fishing boat/n03351262_1903.jpg,2.5854198932647705
vehicle/fishing boat/n03351262_2266.jpg,2.93812108039856
vehicle/fishing boat/n03351262_2268.jpg,2.800550937652588
vehicle/fishing boat/n03351262_24380.jpg,4.17984676361084
vehicle/fishing boat/n03351262_341.jpg,1.9678446054458616
vehicle/fishing boat/n03351262_343.jpg,3.654034614562988
vehicle/fishing boat/n03351262_4056.jpg,2.4870388507843018
vehicle/fishing boat/n03351262_4099.jpg,3.6642813682556152
vehicle/fishing boat/n03351262_4636.jpg,4.604730129241943
vehicle/fishing boat/n03351262_4914.jpg,3.598494052886963
vehicle/fishing boat/n03351262_5021.jpg,4.374146938323975
vehicle/fishing boat/n03351262_5274.jpg,3.4006736278533936
vehicle/fishing boat/n03351262_5778.jpg,4.07702112197876
vehicle/fishing boat/n03351262_6605.jpg,2.618979215621948
vehicle/fishing boat/n03351262_6706.jpg,4.283241271972656
vehicle/fishing boat/n03351262_7325.jpg,3.837618827819824
vehicle/fishing boat/n03351262_7679.jpg,4.746261119842529
vehicle/fishing boat/n03351262_797.jpg,3.493827104568481
vehicle/fishing boat/n03351262_8162.jpg,2.262948751449585
vehicle/fishing boat/n03351262_868.jpg,2.1669516563415527
vehicle/fishing boat/n03351262_897.jpg,4.149305820465088
vehicle/fishing boat/n03351262_964.jpg,4.149074077606201
vehicle/forklift/n03384352_10087.jpg,1.6185919046401978
vehicle/forklift/n03384352_10431.jpg,1.827704071998596
vehicle/forklift/n03384352_10506.jpg,1.5365290641784668
vehicle/forklift/n03384352_10775.jpg,1.9122390747070312
vehicle/forklift/n03384352_11309.jpg,1.3607162237167358
vehicle/forklift/n03384352_11538.jpg,1.513360619544983
vehicle/forklift/n03384352_12110.jpg,1.8931268453598025
vehicle/forklift/n03384352_12186.jpg,1.7822463512420654
vehicle/forklift/n03384352_12226.jpg,1.4975091218948364
vehicle/forklift/n03384352_12708.jpg,1.669668674468994
vehicle/forklift/n03384352_149.jpg,6.118260860443115
vehicle/forklift/n03384352_14928.jpg,1.513627529144287
vehicle/forklift/n03384352_15031.jpg,1.376304030418396
vehicle/forklift/n03384352_1547.jpg,1.5285751819610596
vehicle/forklift/n03384352_1664.jpg,1.9976048469543457
vehicle/forklift/n03384352_1735.jpg,1.7768802642822266
vehicle/forklift/n03384352_1736.jpg,1.9233580827713013
vehicle/forklift/n03384352_202.jpg,1.4050593376159668
vehicle/forklift/n03384352_2419.jpg,1.434052586555481
vehicle/forklift/n03384352_2459.jpg,1.64647114276886
vehicle/forklift/n03384352_2487.jpg,1.2755980491638184
vehicle/forklift/n03384352_2517.jpg,2.624117612838745
vehicle/forklift/n03384352_2786.jpg,2.01253342628479
vehicle/forklift/n03384352_29.jpg,1.9188110828399656
vehicle/forklift/n03384352_2940.jpg,2.6741764545440674
vehicle/forklift/n03384352_2997.jpg,2.2520997524261475
vehicle/forklift/n03384352_304.jpg,2.443743228912353
vehicle/forklift/n03384352_3142.jpg,1.3567442893981934
vehicle/forklift/n03384352_3206.jpg,1.4355312585830688
vehicle/forklift/n03384352_3472.jpg,1.443395972251892
vehicle/forklift/n03384352_3478.jpg,1.6887876987457275
vehicle/forklift/n03384352_3531.jpg,1.3053607940673828
vehicle/forklift/n03384352_3643.jpg,3.0404815673828125
vehicle/forklift/n03384352_365.jpg,3.0732510089874268
vehicle/forklift/n03384352_3683.jpg,1.3324507474899292
vehicle/forklift/n03384352_377.jpg,1.9530608654022217
vehicle/forklift/n03384352_4114.jpg,1.505994439125061
vehicle/forklift/n03384352_4118.jpg,2.470864534378052
vehicle/forklift/n03384352_4289.jpg,3.213684320449829
vehicle/forklift/n03384352_4313.jpg,1.4828218221664429
vehicle/forklift/n03384352_4345.jpg,1.6315480470657349
vehicle/forklift/n03384352_4362.jpg,1.542842984199524
vehicle/forklift/n03384352_4420.jpg,1.5891565084457395
vehicle/forklift/n03384352_4459.jpg,1.7135292291641235
vehicle/forklift/n03384352_4667.jpg,2.6888160705566406
vehicle/forklift/n03384352_4683.jpg,1.8567311763763428
vehicle/forklift/n03384352_4830.jpg,1.8174265623092647
vehicle/forklift/n03384352_4866.jpg,1.442009687423706
vehicle/forklift/n03384352_4888.jpg,1.4703673124313354
vehicle/forklift/n03384352_5269.jpg,2.266101837158203
vehicle/forklift/n03384352_5294.jpg,1.3658331632614136
vehicle/forklift/n03384352_6010.jpg,1.4158027172088623
vehicle/forklift/n03384352_6124.jpg,1.513042449951172
vehicle/forklift/n03384352_62.jpg,3.276578187942505
vehicle/forklift/n03384352_6321.jpg,2.8419649600982666
vehicle/forklift/n03384352_6451.jpg,2.233062505722046
vehicle/forklift/n03384352_6532.jpg,1.9611446857452397
vehicle/forklift/n03384352_6548.jpg,1.456793189048767
vehicle/forklift/n03384352_6549.jpg,1.8826050758361816
vehicle/forklift/n03384352_7010.jpg,1.7908319234848022
vehicle/forklift/n03384352_7040.jpg,1.551483392715454
vehicle/forklift/n03384352_736.jpg,1.321325421333313
vehicle/forklift/n03384352_7515.jpg,1.517642617225647
vehicle/forklift/n03384352_7864.jpg,1.8916782140731807
vehicle/forklift/n03384352_7952.jpg,2.3379812240600586
vehicle/forklift/n03384352_8021.jpg,1.483518123626709
vehicle/forklift/n03384352_8326.jpg,1.5169113874435425
vehicle/forklift/n03384352_887.jpg,2.9443576335906982
vehicle/forklift/n03384352_9491.jpg,1.8523530960083008
vehicle/forklift/n03384352_9687.jpg,1.324055790901184
vehicle/forklift/n03384352_9766.jpg,2.484306812286377
vehicle/forklift/n03384352_9868.jpg,1.9373787641525269
vehicle/freighter/000000416279.jpg,5.121500015258789
vehicle/freighter/n02878222_10543.jpg,2.691519260406494
vehicle/freighter/n02878222_10852.jpg,4.216547012329102
vehicle/freighter/n02878222_1152.jpg,3.627401351928711
vehicle/freighter/n02878222_11521.jpg,4.67017126083374
vehicle/freighter/n02878222_1224.jpg,4.823491096496582
vehicle/freighter/n02878222_12402.jpg,2.98977279663086
vehicle/freighter/n02878222_13661.jpg,2.846169233322144
vehicle/freighter/n02878222_13850.jpg,2.8247745037078857
vehicle/freighter/n02878222_13912.jpg,3.336291551589966
vehicle/freighter/n02878222_14198.jpg,2.8410985469818115
vehicle/freighter/n02878222_14542.jpg,3.3731276988983154
vehicle/freighter/n02878222_14772.jpg,3.7933287620544434
vehicle/freighter/n02878222_1516.jpg,3.207028150558472
vehicle/freighter/n02878222_15173.jpg,2.9859652519226074
vehicle/freighter/n02878222_16027.jpg,3.7758941650390634
vehicle/freighter/n02878222_16300.jpg,4.499368667602539
vehicle/freighter/n02878222_16377.jpg,2.441316843032837
vehicle/freighter/n02878222_16581.jpg,3.467646360397339
vehicle/freighter/n02878222_1696.jpg,2.623652696609497
vehicle/freighter/n02878222_17573.jpg,3.866018533706665
vehicle/freighter/n02878222_17636.jpg,3.316091775894165
vehicle/freighter/n02878222_17891.jpg,3.3651909828186035
vehicle/freighter/n02878222_17948.jpg,3.5369160175323486
vehicle/freighter/n02878222_18067.jpg,5.19599723815918
vehicle/freighter/n02878222_18070.jpg,2.95192813873291
vehicle/freighter/n02878222_18358.jpg,2.639713287353516
vehicle/freighter/n02878222_18521.jpg,2.229896068572998
vehicle/freighter/n02878222_18806.jpg,3.577669620513916
vehicle/freighter/n02878222_18843.jpg,3.6362476348876953
vehicle/freighter/n02878222_1910.jpg,2.4050934314727783
vehicle/freighter/n02878222_19277.jpg,3.343785285949707
vehicle/freighter/n02878222_19400.jpg,3.933121919631958
vehicle/freighter/n02878222_204.jpg,3.3716509342193604
vehicle/freighter/n02878222_2092.jpg,4.294473171234131
vehicle/freighter/n02878222_21406.jpg,3.428884267807007
vehicle/freighter/n02878222_21494.jpg,2.9147136211395264
vehicle/freighter/n02878222_2180.jpg,3.177398681640625
vehicle/freighter/n02878222_22680.jpg,2.743283748626709
vehicle/freighter/n02878222_23049.jpg,2.71521520614624
vehicle/freighter/n02878222_23074.jpg,3.565457344055176
vehicle/freighter/n02878222_23308.jpg,2.5445592403411865
vehicle/freighter/n02878222_23354.jpg,4.994046211242676
vehicle/freighter/n02878222_24359.jpg,4.624321460723877
vehicle/freighter/n02878222_24389.jpg,3.74838924407959
vehicle/freighter/n02878222_26417.jpg,3.6412930488586426
vehicle/freighter/n02878222_26509.jpg,3.163302421569824
vehicle/freighter/n02878222_26794.jpg,3.794178485870361
vehicle/freighter/n02878222_30785.jpg,2.999948263168335
vehicle/freighter/n02878222_30846.jpg,4.380783557891846
vehicle/freighter/n02878222_30942.jpg,3.034120559692383
vehicle/freighter/n02878222_32269.jpg,3.755622625350952
vehicle/freighter/n02878222_34897.jpg,3.5367255210876465
vehicle/freighter/n02878222_35223.jpg,2.990596294403076
vehicle/freighter/n02878222_35299.jpg,3.0933151245117188
vehicle/freighter/n02878222_3584.jpg,3.4911160469055176
vehicle/freighter/n02878222_3677.jpg,4.6219635009765625
vehicle/freighter/n02878222_3678.jpg,3.075758457183838
vehicle/freighter/n02878222_37557.jpg,3.740483045578003
vehicle/freighter/n02878222_37920.jpg,2.982886791229248
vehicle/freighter/n02878222_37931.jpg,3.76822280883789
vehicle/freighter/n02878222_38486.jpg,3.988361358642578
vehicle/freighter/n02878222_3982.jpg,4.05805778503418
vehicle/freighter/n02878222_4032.jpg,2.999004602432251
vehicle/freighter/n02878222_42342.jpg,3.208365201950073
vehicle/freighter/n02878222_4389.jpg,3.1736602783203125
vehicle/freighter/n02878222_46730.jpg,2.56084942817688
vehicle/freighter/n02878222_46859.jpg,2.8933141231536865
vehicle/freighter/n02878222_4686.jpg,3.3162498474121094
vehicle/freighter/n02878222_47064.jpg,3.876234531402588
vehicle/freighter/n02878222_4730.jpg,3.818401575088501
vehicle/freighter/n02878222_47630.jpg,4.062268733978272
vehicle/freighter/n02878222_48037.jpg,3.12099289894104
vehicle/freighter/n02878222_49287.jpg,3.5970935821533203
vehicle/freighter/n02878222_49624.jpg,2.20169448852539
vehicle/freighter/n02878222_49784.jpg,5.534245014190674
vehicle/freighter/n02878222_49964.jpg,3.2973315715789795
vehicle/freighter/n02878222_50742.jpg,3.0443992614746094
vehicle/freighter/n02878222_50828.jpg,3.3834891319274902
vehicle/freighter/n02878222_51202.jpg,3.418076515197754
vehicle/freighter/n02878222_51618.jpg,2.6936521530151367
vehicle/freighter/n02878222_5314.jpg,3.23499083518982
vehicle/freighter/n02878222_5468.jpg,2.413991689682007
vehicle/freighter/n02878222_5540.jpg,4.062089920043945
vehicle/freighter/n02878222_6102.jpg,3.3734688758850098
vehicle/freighter/n02878222_6258.jpg,3.642098426818848
vehicle/freighter/n02878222_637.jpg,3.965396642684937
vehicle/freighter/n02878222_6578.jpg,3.499760389328003
vehicle/freighter/n02878222_6589.jpg,4.015559196472168
vehicle/freighter/n02878222_6607.jpg,3.1581332683563232
vehicle/freighter/n02878222_7125.jpg,3.402235507965088
vehicle/freighter/n02878222_7156.jpg,2.9640209674835205
vehicle/freighter/n02878222_7418.jpg,2.576061487197876
vehicle/freighter/n02878222_744.jpg,3.007967710494995
vehicle/freighter/n02878222_7770.jpg,4.025203704833984
vehicle/freighter/n02878222_8171.jpg,3.0197877883911133
vehicle/freighter/n02878222_8228.jpg,3.7984871864318848
vehicle/freighter/n02878222_903.jpg,3.037649154663086
vehicle/freighter/n02878222_9098.jpg,3.5246028900146484
vehicle/helicopter/n03512147_11785.jpg,6.352285385131836
vehicle/helicopter/n03512147_1201.jpg,2.108107805252075
vehicle/helicopter/n03512147_1210.jpg,2.76171612739563
vehicle/helicopter/n03512147_1223.jpg,2.4230573177337646
vehicle/helicopter/n03512147_1252.jpg,4.551632404327393
vehicle/helicopter/n03512147_1318.jpg,2.12080454826355
vehicle/helicopter/n03512147_1375.jpg,2.2897236347198486
vehicle/helicopter/n03512147_1408.jpg,1.582481026649475
vehicle/helicopter/n03512147_1417.jpg,1.4365967512130735
vehicle/helicopter/n03512147_1448.jpg,1.4626456499099731
vehicle/helicopter/n03512147_1461.jpg,3.575468063354492
vehicle/helicopter/n03512147_1585.jpg,1.8509917259216309
vehicle/helicopter/n03512147_1617.jpg,2.170933485031128
vehicle/helicopter/n03512147_1768.jpg,2.502639055252075
vehicle/helicopter/n03512147_1851.jpg,2.127449989318848
vehicle/helicopter/n03512147_1888.jpg,2.8524293899536133
vehicle/helicopter/n03512147_2013.jpg,3.603564977645874
vehicle/helicopter/n03512147_2036.jpg,4.930623531341553
vehicle/helicopter/n03512147_2076.jpg,1.9568626880645752
vehicle/helicopter/n03512147_211.jpg,4.348894119262695
vehicle/helicopter/n03512147_2131.jpg,1.784424066543579
vehicle/helicopter/n03512147_2169.jpg,3.443484306335449
vehicle/helicopter/n03512147_2234.jpg,1.8534849882125852
vehicle/helicopter/n03512147_224.jpg,2.252997636795044
vehicle/helicopter/n03512147_231.jpg,2.90689754486084
vehicle/helicopter/n03512147_23450.jpg,5.066206455230713
vehicle/helicopter/n03512147_2566.jpg,2.044205665588379
vehicle/helicopter/n03512147_2669.jpg,3.185766696929932
vehicle/helicopter/n03512147_2680.jpg,3.569326639175415
vehicle/helicopter/n03512147_2731.jpg,1.7623194456100464
vehicle/helicopter/n03512147_2754.jpg,3.8460540771484375
vehicle/helicopter/n03512147_2782.jpg,2.991696119308472
vehicle/helicopter/n03512147_28892.jpg,4.353835105895996
vehicle/helicopter/n03512147_2987.jpg,2.1050736904144287
vehicle/helicopter/n03512147_3019.jpg,1.5314826965332031
vehicle/helicopter/n03512147_304.jpg,2.304882764816284
vehicle/helicopter/n03512147_308.jpg,3.596649169921875
vehicle/helicopter/n03512147_311.jpg,1.9419264793396
vehicle/helicopter/n03512147_3122.jpg,2.533044815063477
vehicle/helicopter/n03512147_315.jpg,2.9619028568267822
vehicle/helicopter/n03512147_32807.jpg,4.160913944244385
vehicle/helicopter/n03512147_3355.jpg,2.084775447845459
vehicle/helicopter/n03512147_3381.jpg,2.22572660446167
vehicle/helicopter/n03512147_3442.jpg,4.746670246124268
vehicle/helicopter/n03512147_3643.jpg,4.562948703765869
vehicle/helicopter/n03512147_3705.jpg,2.422234296798706
vehicle/helicopter/n03512147_3709.jpg,2.502539157867432
vehicle/helicopter/n03512147_376.jpg,3.9535882472991934
vehicle/helicopter/n03512147_3794.jpg,3.4345719814300537
vehicle/helicopter/n03512147_3800.jpg,3.926741123199463
vehicle/helicopter/n03512147_3839.jpg,2.0496840476989746
vehicle/helicopter/n03512147_38622.jpg,2.4324183464050293
vehicle/helicopter/n03512147_3959.jpg,1.9882655143737795
vehicle/helicopter/n03512147_39770.jpg,2.0817971229553223
vehicle/helicopter/n03512147_4028.jpg,3.3598735332489014
vehicle/helicopter/n03512147_40762.jpg,2.367664098739624
vehicle/helicopter/n03512147_426.jpg,2.154088258743286
vehicle/helicopter/n03512147_4278.jpg,2.269510269165039
vehicle/helicopter/n03512147_438.jpg,2.960844755172729
vehicle/helicopter/n03512147_4460.jpg,2.0276072025299072
vehicle/helicopter/n03512147_447.jpg,4.093740463256836
vehicle/helicopter/n03512147_448.jpg,1.9550328254699707
vehicle/helicopter/n03512147_4575.jpg,1.344043850898743
vehicle/helicopter/n03512147_4628.jpg,2.156228542327881
vehicle/helicopter/n03512147_463.jpg,2.076716184616089
vehicle/helicopter/n03512147_4639.jpg,2.413604974746704
vehicle/helicopter/n03512147_4982.jpg,2.087040662765503
vehicle/helicopter/n03512147_5093.jpg,4.0508809089660645
vehicle/helicopter/n03512147_5293.jpg,2.923344850540161
vehicle/helicopter/n03512147_5385.jpg,6.493466854095459
vehicle/helicopter/n03512147_5436.jpg,3.1492462158203125
vehicle/helicopter/n03512147_5457.jpg,3.172163248062134
vehicle/helicopter/n03512147_5486.jpg,1.5625405311584473
vehicle/helicopter/n03512147_5493.jpg,3.380703449249268
vehicle/helicopter/n03512147_553.jpg,2.1024205684661865
vehicle/helicopter/n03512147_57.jpg,4.656139850616455
vehicle/helicopter/n03512147_5820.jpg,2.1695516109466557
vehicle/helicopter/n03512147_5835.jpg,2.6447384357452397
vehicle/helicopter/n03512147_5976.jpg,3.8734006881713863
vehicle/helicopter/n03512147_6004.jpg,1.9760229587554927
vehicle/helicopter/n03512147_607.jpg,4.019033908843994
vehicle/helicopter/n03512147_6092.jpg,2.245046615600586
vehicle/helicopter/n03512147_6184.jpg,3.599182605743408
vehicle/helicopter/n03512147_6213.jpg,2.469050407409668
vehicle/helicopter/n03512147_6294.jpg,2.700777053833008
vehicle/helicopter/n03512147_6299.jpg,2.7503135204315186
vehicle/helicopter/n03512147_6317.jpg,2.332527875900269
vehicle/helicopter/n03512147_6403.jpg,1.723347783088684
vehicle/helicopter/n03512147_6451.jpg,2.176450252532959
vehicle/helicopter/n03512147_6768.jpg,2.202289342880249
vehicle/helicopter/n03512147_6874.jpg,2.1919662952423096
vehicle/helicopter/n03512147_7211.jpg,2.0278382301330566
vehicle/helicopter/n03512147_7299.jpg,2.550332307815552
vehicle/helicopter/n03512147_7399.jpg,3.1792008876800537
vehicle/helicopter/n03512147_7811.jpg,4.328564167022705
vehicle/helicopter/n03512147_853.jpg,2.194474697113037
vehicle/helicopter/n03512147_862.jpg,3.4265315532684326
vehicle/helicopter/n03512147_962.jpg,3.003922939300537
vehicle/hot-air balloon/n03541923_1034.jpg,2.091498851776123
vehicle/hot-air balloon/n03541923_10735.jpg,2.18984055519104
vehicle/hot-air balloon/n03541923_1119.jpg,4.751613140106201
vehicle/hot-air balloon/n03541923_1152.jpg,3.9972851276397705
vehicle/hot-air balloon/n03541923_120.jpg,2.2438435554504395
vehicle/hot-air balloon/n03541923_1232.jpg,2.300529956817627
vehicle/hot-air balloon/n03541923_1299.jpg,2.6110024452209477
vehicle/hot-air balloon/n03541923_1341.jpg,4.515486240386963
vehicle/hot-air balloon/n03541923_1346.jpg,2.1728086471557617
vehicle/hot-air balloon/n03541923_1364.jpg,3.5139029026031494
vehicle/hot-air balloon/n03541923_1367.jpg,5.771666526794434
vehicle/hot-air balloon/n03541923_1390.jpg,5.539697647094727
vehicle/hot-air balloon/n03541923_1509.jpg,5.887384414672852
vehicle/hot-air balloon/n03541923_1553.jpg,3.0871949195861816
vehicle/hot-air balloon/n03541923_1599.jpg,2.8930094242095947
vehicle/hot-air balloon/n03541923_1646.jpg,3.396627902984619
vehicle/hot-air balloon/n03541923_1742.jpg,5.589690685272217
vehicle/hot-air balloon/n03541923_1761.jpg,1.9324619770050049
vehicle/hot-air balloon/n03541923_1765.jpg,1.7669883966445925
vehicle/hot-air balloon/n03541923_1834.jpg,2.827358722686768
vehicle/hot-air balloon/n03541923_1885.jpg,5.177337646484375
vehicle/hot-air balloon/n03541923_1890.jpg,2.080662250518799
vehicle/hot-air balloon/n03541923_1892.jpg,2.1378040313720703
vehicle/hot-air balloon/n03541923_1916.jpg,1.9329540729522705
vehicle/hot-air balloon/n03541923_1963.jpg,4.68880558013916
vehicle/hot-air balloon/n03541923_2049.jpg,2.2080113887786865
vehicle/hot-air balloon/n03541923_2052.jpg,1.4715280532836914
vehicle/hot-air balloon/n03541923_2180.jpg,2.327688694000244
vehicle/hot-air balloon/n03541923_227.jpg,6.454786777496338
vehicle/hot-air balloon/n03541923_2351.jpg,6.414142608642578
vehicle/hot-air balloon/n03541923_2423.jpg,2.0868239402771
vehicle/hot-air balloon/n03541923_2426.jpg,1.7316200733184814
vehicle/hot-air balloon/n03541923_2456.jpg,2.839375734329224
vehicle/hot-air balloon/n03541923_2537.jpg,4.782528400421143
vehicle/hot-air balloon/n03541923_2560.jpg,2.177438735961914
vehicle/hot-air balloon/n03541923_2611.jpg,2.000098705291748
vehicle/hot-air balloon/n03541923_2652.jpg,2.106678009033203
vehicle/hot-air balloon/n03541923_2653.jpg,3.6202762126922607
vehicle/hot-air balloon/n03541923_2669.jpg,1.8681648969650269
vehicle/hot-air balloon/n03541923_2670.jpg,6.473304271697998
vehicle/hot-air balloon/n03541923_272.jpg,2.9201834201812744
vehicle/hot-air balloon/n03541923_274.jpg,6.180158615112305
vehicle/hot-air balloon/n03541923_2802.jpg,3.596670150756836
vehicle/hot-air balloon/n03541923_2848.jpg,2.5818800926208496
vehicle/hot-air balloon/n03541923_2907.jpg,2.088019371032715
vehicle/hot-air balloon/n03541923_2920.jpg,2.982349157333374
vehicle/hot-air balloon/n03541923_295.jpg,5.968675136566162
vehicle/hot-air balloon/n03541923_3041.jpg,2.146566390991211
vehicle/hot-air balloon/n03541923_3169.jpg,4.969275951385498
vehicle/hot-air balloon/n03541923_3225.jpg,2.210233211517334
vehicle/hot-air balloon/n03541923_3231.jpg,2.313951015472412
vehicle/hot-air balloon/n03541923_3253.jpg,3.261128664016724
vehicle/hot-air balloon/n03541923_3287.jpg,2.113466739654541
vehicle/hot-air balloon/n03541923_3397.jpg,2.173092603683472
vehicle/hot-air balloon/n03541923_354.jpg,1.9148640632629397
vehicle/hot-air balloon/n03541923_3554.jpg,3.270960092544556
vehicle/hot-air balloon/n03541923_3649.jpg,3.281343460083008
vehicle/hot-air balloon/n03541923_3651.jpg,2.325178623199463
vehicle/hot-air balloon/n03541923_3654.jpg,6.456506729125977
vehicle/hot-air balloon/n03541923_3691.jpg,6.516982555389404
vehicle/hot-air balloon/n03541923_373.jpg,3.708904266357422
vehicle/hot-air balloon/n03541923_3778.jpg,2.2378296852111816
vehicle/hot-air balloon/n03541923_3836.jpg,3.905717372894287
vehicle/hot-air balloon/n03541923_3877.jpg,4.057748317718506
vehicle/hot-air balloon/n03541923_3913.jpg,2.7079966068267822
vehicle/hot-air balloon/n03541923_3937.jpg,2.387357711791992
vehicle/hot-air balloon/n03541923_3962.jpg,2.693112373352051
vehicle/hot-air balloon/n03541923_397.jpg,1.6831881999969482
vehicle/hot-air balloon/n03541923_4063.jpg,4.858792781829834
vehicle/hot-air balloon/n03541923_4128.jpg,3.161367416381836
vehicle/hot-air balloon/n03541923_4142.jpg,1.9365217685699463
vehicle/hot-air balloon/n03541923_4292.jpg,6.6104583740234375
vehicle/hot-air balloon/n03541923_4376.jpg,3.1075069904327397
vehicle/hot-air balloon/n03541923_4445.jpg,5.130321502685547
vehicle/hot-air balloon/n03541923_477.jpg,2.0839197635650635
vehicle/hot-air balloon/n03541923_504.jpg,3.742616653442383
vehicle/hot-air balloon/n03541923_5133.jpg,2.1964614391326904
vehicle/hot-air balloon/n03541923_565.jpg,2.3352320194244385
vehicle/hot-air balloon/n03541923_579.jpg,1.3473039865493774
vehicle/hot-air balloon/n03541923_5803.jpg,1.9846025705337524
vehicle/hot-air balloon/n03541923_5874.jpg,2.715627908706665
vehicle/hot-air balloon/n03541923_611.jpg,2.632854461669922
vehicle/hot-air balloon/n03541923_628.jpg,3.419847011566162
vehicle/hot-air balloon/n03541923_643.jpg,2.5911431312561035
vehicle/hot-air balloon/n03541923_647.jpg,2.198564052581787
vehicle/hot-air balloon/n03541923_738.jpg,5.074338436126709
vehicle/hot-air balloon/n03541923_739.jpg,2.1465132236480717
vehicle/hot-air balloon/n03541923_748.jpg,3.60294771194458
vehicle/hot-air balloon/n03541923_755.jpg,2.165618658065796
vehicle/hot-air balloon/n03541923_761.jpg,2.1662251949310303
vehicle/hot-air balloon/n03541923_855.jpg,2.554496049880981
vehicle/hot-air balloon/n03541923_889.jpg,1.842556357383728
vehicle/hot-air balloon/n03541923_95.jpg,1.4995386600494385
vehicle/hot-air balloon/n03541923_980.jpg,2.2944726943969727
vehicle/limousine/n03670208_10000.jpg,1.559881329536438
vehicle/limousine/n03670208_10304.jpg,2.3276708126068115
vehicle/limousine/n03670208_10575.jpg,1.5429625511169434
vehicle/limousine/n03670208_10624.jpg,2.5009119510650635
vehicle/limousine/n03670208_1071.jpg,1.4471591711044312
vehicle/limousine/n03670208_1086.jpg,2.33675217628479
vehicle/limousine/n03670208_1113.jpg,4.422962665557861
vehicle/limousine/n03670208_11267.jpg,1.3062193393707275
vehicle/limousine/n03670208_11611.jpg,2.938774347305298
vehicle/limousine/n03670208_11796.jpg,2.4604427814483643
vehicle/limousine/n03670208_12165.jpg,2.7624142169952397
vehicle/limousine/n03670208_12364.jpg,1.521174073219299
vehicle/limousine/n03670208_12615.jpg,1.4394947290420532
vehicle/limousine/n03670208_12822.jpg,1.8439165353775024
vehicle/limousine/n03670208_12941.jpg,1.4446572065353394
vehicle/limousine/n03670208_12964.jpg,2.622589111328125
vehicle/limousine/n03670208_13015.jpg,1.891196846961975
vehicle/limousine/n03670208_1333.jpg,2.06180191040039
vehicle/limousine/n03670208_13424.jpg,1.656693696975708
vehicle/limousine/n03670208_13691.jpg,1.5605381727218628
vehicle/limousine/n03670208_13877.jpg,1.5456422567367554
vehicle/limousine/n03670208_13910.jpg,1.3886827230453491
vehicle/limousine/n03670208_14758.jpg,2.36488938331604
vehicle/limousine/n03670208_14846.jpg,2.384932279586792
vehicle/limousine/n03670208_15043.jpg,2.236711263656616
vehicle/limousine/n03670208_15057.jpg,1.6125048398971558
vehicle/limousine/n03670208_15077.jpg,1.784110426902771
vehicle/limousine/n03670208_1659.jpg,1.5619382858276367
vehicle/limousine/n03670208_16904.jpg,2.569409847259521
vehicle/limousine/n03670208_1789.jpg,2.2595133781433105
vehicle/limousine/n03670208_1953.jpg,2.0593485832214355
vehicle/limousine/n03670208_20803.jpg,1.849395990371704
vehicle/limousine/n03670208_2187.jpg,2.1156599521636963
vehicle/limousine/n03670208_2214.jpg,2.461463689804077
vehicle/limousine/n03670208_25045.jpg,1.558976173400879
vehicle/limousine/n03670208_25070.jpg,1.998610496520996
vehicle/limousine/n03670208_25365.jpg,1.861459493637085
vehicle/limousine/n03670208_2699.jpg,1.791352391242981
vehicle/limousine/n03670208_28315.jpg,1.875322699546814
vehicle/limousine/n03670208_285.jpg,2.050156831741333
vehicle/limousine/n03670208_31575.jpg,1.4202176332473757
vehicle/limousine/n03670208_3198.jpg,1.987700343132019
vehicle/limousine/n03670208_3267.jpg,1.7450809478759766
vehicle/limousine/n03670208_3334.jpg,1.373753309249878
vehicle/limousine/n03670208_33811.jpg,3.189824342727661
vehicle/limousine/n03670208_3432.jpg,2.2948009967803955
vehicle/limousine/n03670208_35150.jpg,2.13444447517395
vehicle/limousine/n03670208_36069.jpg,1.3956860303878784
vehicle/limousine/n03670208_36693.jpg,2.79056978225708
vehicle/limousine/n03670208_3695.jpg,1.43963360786438
vehicle/limousine/n03670208_37080.jpg,1.5950140953063965
vehicle/limousine/n03670208_37379.jpg,2.1686384677886963
vehicle/limousine/n03670208_3837.jpg,2.1314187049865723
vehicle/limousine/n03670208_3857.jpg,4.280664920806885
vehicle/limousine/n03670208_3865.jpg,1.6382217407226562
vehicle/limousine/n03670208_3971.jpg,2.304493188858032
vehicle/limousine/n03670208_40294.jpg,2.5252394676208496
vehicle/limousine/n03670208_40668.jpg,1.975842833518982
vehicle/limousine/n03670208_41966.jpg,2.429305076599121
vehicle/limousine/n03670208_42256.jpg,2.744912385940552
vehicle/limousine/n03670208_4237.jpg,2.825448036193848
vehicle/limousine/n03670208_43162.jpg,1.6114321947097778
vehicle/limousine/n03670208_4680.jpg,2.6502933502197266
vehicle/limousine/n03670208_4777.jpg,1.396638035774231
vehicle/limousine/n03670208_48077.jpg,2.114800453186035
vehicle/limousine/n03670208_4834.jpg,1.402295470237732
vehicle/limousine/n03670208_49557.jpg,1.7997511625289917
vehicle/limousine/n03670208_5002.jpg,2.2965176105499268
vehicle/limousine/n03670208_51133.jpg,2.0635783672332764
vehicle/limousine/n03670208_52450.jpg,2.985910415649414
vehicle/limousine/n03670208_5255.jpg,1.5055853128433228
vehicle/limousine/n03670208_5369.jpg,2.3698244094848637
vehicle/limousine/n03670208_54805.jpg,2.113555908203125
vehicle/limousine/n03670208_54844.jpg,2.483912229537964
vehicle/limousine/n03670208_5603.jpg,2.2501213550567627
vehicle/limousine/n03670208_5631.jpg,1.53551983833313
vehicle/limousine/n03670208_5727.jpg,2.438180685043335
vehicle/limousine/n03670208_5802.jpg,2.274169445037842
vehicle/limousine/n03670208_5831.jpg,2.314338445663452
vehicle/limousine/n03670208_6098.jpg,1.54692280292511
vehicle/limousine/n03670208_6108.jpg,1.989438533782959
vehicle/limousine/n03670208_6139.jpg,1.4402096271514893
vehicle/limousine/n03670208_6382.jpg,2.3536977767944336
vehicle/limousine/n03670208_6553.jpg,3.260944366455078
vehicle/limousine/n03670208_6791.jpg,1.886636972427368
vehicle/limousine/n03670208_7028.jpg,3.0218989849090576
vehicle/limousine/n03670208_7337.jpg,1.5053317546844482
vehicle/limousine/n03670208_737.jpg,2.424535751342773
vehicle/limousine/n03670208_7734.jpg,1.488571286201477
vehicle/limousine/n03670208_7885.jpg,2.136704206466675
vehicle/limousine/n03670208_8336.jpg,1.8804970979690552
vehicle/limousine/n03670208_8659.jpg,2.758950710296631
vehicle/limousine/n03670208_9432.jpg,1.451501488685608
vehicle/limousine/n03670208_9655.jpg,1.7807092666625977
vehicle/limousine/n03670208_9768.jpg,2.004833221435547
vehicle/limousine/n03670208_9812.jpg,1.2894443273544312
vehicle/motorcycle/000000002823.jpg,1.390034794807434
vehicle/motorcycle/000000044240.jpg,2.4408602714538574
vehicle/motorcycle/000000055469.jpg,1.673182249069214
vehicle/motorcycle/000000058713.jpg,5.678177833557129
vehicle/motorcycle/000000078307.jpg,1.390323519706726
vehicle/motorcycle/000000092529.jpg,2.572974443435669
vehicle/motorcycle/000000108470.jpg,3.5350301265716557
vehicle/motorcycle/000000110159.jpg,4.197105884552002
vehicle/motorcycle/000000110961.jpg,6.571943759918213
vehicle/motorcycle/000000113455.jpg,2.5891079902648926
vehicle/motorcycle/000000117380.jpg,1.838969111442566
vehicle/motorcycle/000000118644.jpg,3.807107925415039
vehicle/motorcycle/000000120021.jpg,1.3827307224273682
vehicle/motorcycle/000000150487.jpg,1.980108976364136
vehicle/motorcycle/000000164657.jpg,1.370755314826965
vehicle/motorcycle/000000198495.jpg,1.864051342010498
vehicle/motorcycle/000000203304.jpg,2.072990894317627
vehicle/motorcycle/000000225731.jpg,2.0087194442749023
vehicle/motorcycle/000000259316.jpg,5.171821594238281
vehicle/motorcycle/000000342004.jpg,2.1679646968841557
vehicle/motorcycle/000000351711.jpg,1.5073641538619995
vehicle/motorcycle/000000369805.jpg,1.6433467864990234
vehicle/motorcycle/000000390817.jpg,1.9201009273529053
vehicle/motorcycle/000000395591.jpg,6.5418782234191895
vehicle/motorcycle/000000402794.jpg,3.2923426628112797
vehicle/motorcycle/000000405620.jpg,3.392991304397583
vehicle/motorcycle/000000425131.jpg,1.882266402244568
vehicle/motorcycle/000000436856.jpg,1.410801649093628
vehicle/motorcycle/000000445218.jpg,1.3615174293518066
vehicle/motorcycle/000000470292.jpg,3.972793340682984
vehicle/motorcycle/000000470300.jpg,1.653767228126526
vehicle/motorcycle/000000496939.jpg,1.638344407081604
vehicle/motorcycle/000000512394.jpg,1.4092788696289062
vehicle/motorcycle/000000518010.jpg,5.777412414550781
vehicle/motorcycle/000000566278.jpg,1.6153665781021118
vehicle/motorcycle/n03790512_10156.jpg,3.1204171180725098
vehicle/motorcycle/n03790512_10899.jpg,2.563511610031128
vehicle/motorcycle/n03790512_10993.jpg,1.4393479824066162
vehicle/motorcycle/n03790512_11024.jpg,2.449837207794189
vehicle/motorcycle/n03790512_11044.jpg,2.929728507995605
vehicle/motorcycle/n03790512_11298.jpg,1.3539787530899048
vehicle/motorcycle/n03790512_11613.jpg,1.4899622201919556
vehicle/motorcycle/n03790512_1183.jpg,2.7276594638824463
vehicle/motorcycle/n03790512_11888.jpg,1.8444790840148928
vehicle/motorcycle/n03790512_12001.jpg,2.9255447387695312
vehicle/motorcycle/n03790512_12076.jpg,1.559500217437744
vehicle/motorcycle/n03790512_12141.jpg,1.9998786449432373
vehicle/motorcycle/n03790512_12399.jpg,2.237844467163086
vehicle/motorcycle/n03790512_12426.jpg,1.4488186836242676
vehicle/motorcycle/n03790512_12908.jpg,1.8906677961349487
vehicle/motorcycle/n03790512_13361.jpg,1.5166566371917725
vehicle/motorcycle/n03790512_13612.jpg,2.633352756500244
vehicle/motorcycle/n03790512_13819.jpg,2.925607204437256
vehicle/motorcycle/n03790512_13869.jpg,2.108040571212769
vehicle/motorcycle/n03790512_13948.jpg,1.3684895038604736
vehicle/motorcycle/n03790512_14024.jpg,1.4116045236587524
vehicle/motorcycle/n03790512_14100.jpg,1.5873383283615112
vehicle/motorcycle/n03790512_14144.jpg,2.567200899124145
vehicle/motorcycle/n03790512_14255.jpg,1.574439525604248
vehicle/motorcycle/n03790512_14584.jpg,1.484023928642273
vehicle/motorcycle/n03790512_14881.jpg,1.2983922958374023
vehicle/motorcycle/n03790512_1490.jpg,1.4250231981277466
vehicle/motorcycle/n03790512_15268.jpg,2.463191509246826
vehicle/motorcycle/n03790512_1549.jpg,1.2130413055419922
vehicle/motorcycle/n03790512_1748.jpg,4.772969722747803
vehicle/motorcycle/n03790512_1777.jpg,1.4380968809127808
vehicle/motorcycle/n03790512_2492.jpg,1.7274671792984009
vehicle/motorcycle/n03790512_28698.jpg,5.187036037445068
vehicle/motorcycle/n03790512_31607.jpg,2.094088077545166
vehicle/motorcycle/n03790512_3214.jpg,1.4637930393218994
vehicle/motorcycle/n03790512_3266.jpg,1.4348711967468262
vehicle/motorcycle/n03790512_370.jpg,1.375217080116272
vehicle/motorcycle/n03790512_3785.jpg,2.281700849533081
vehicle/motorcycle/n03790512_38630.jpg,2.105536460876465
vehicle/motorcycle/n03790512_3940.jpg,2.64358139038086
vehicle/motorcycle/n03790512_40609.jpg,1.754715919494629
vehicle/motorcycle/n03790512_4298.jpg,2.784395694732666
vehicle/motorcycle/n03790512_4315.jpg,2.705944299697876
vehicle/motorcycle/n03790512_4715.jpg,1.412898063659668
vehicle/motorcycle/n03790512_5014.jpg,1.8669911623001096
vehicle/motorcycle/n03790512_5423.jpg,1.4134963750839231
vehicle/motorcycle/n03790512_559.jpg,1.4663101434707642
vehicle/motorcycle/n03790512_5732.jpg,1.3124432563781738
vehicle/motorcycle/n03790512_5804.jpg,3.034635305404663
vehicle/motorcycle/n03790512_5927.jpg,2.7029550075531006
vehicle/motorcycle/n03790512_6401.jpg,2.504579305648804
vehicle/motorcycle/n03790512_6472.jpg,2.8512885570526123
vehicle/motorcycle/n03790512_6921.jpg,2.91423773765564
vehicle/motorcycle/n03790512_7560.jpg,2.996051788330078
vehicle/motorcycle/n03790512_8493.jpg,2.092680692672729
vehicle/motorcycle/n03790512_8713.jpg,1.9784411191940308
vehicle/motorcycle/n03790512_932.jpg,2.392131090164185
vehicle/motorcycle/n03790512_9380.jpg,2.2513928413391118
vehicle/motorcycle/n03790512_948.jpg,2.077955961227417
vehicle/pleasure boat/000000003832.jpg,3.7314884662628174
vehicle/pleasure boat/000000263176.jpg,2.1013636589050293
vehicle/pleasure boat/000000358088.jpg,2.3776421546936035
vehicle/pleasure boat/000000529774.jpg,2.565858602523804
vehicle/pleasure boat/000000544396.jpg,2.7041807174682617
vehicle/pleasure boat/000000544638.jpg,2.376070976257324
vehicle/pleasure boat/n02932891_10246.jpg,3.0282859802246094
vehicle/pleasure boat/n02932891_10282.jpg,3.326478719711304
vehicle/pleasure boat/n02932891_110.jpg,3.277596235275269
vehicle/pleasure boat/n02932891_12235.jpg,3.7520861625671382
vehicle/pleasure boat/n02932891_13200.jpg,4.264821529388428
vehicle/pleasure boat/n02932891_13317.jpg,2.9488983154296875
vehicle/pleasure boat/n02932891_14021.jpg,3.314743995666504
vehicle/pleasure boat/n02932891_15330.jpg,6.598259449005127
vehicle/pleasure boat/n02932891_15504.jpg,2.711362838745117
vehicle/pleasure boat/n02932891_17305.jpg,2.7589669227600098
vehicle/pleasure boat/n02932891_17508.jpg,4.495063304901123
vehicle/pleasure boat/n02932891_1765.jpg,3.4757297039031982
vehicle/pleasure boat/n02932891_17656.jpg,2.9231925010681152
vehicle/pleasure boat/n02932891_17874.jpg,4.434759140014648
vehicle/pleasure boat/n02932891_2007.jpg,3.168140172958374
vehicle/pleasure boat/n02932891_20139.jpg,3.0160059928894043
vehicle/pleasure boat/n02932891_20386.jpg,2.8862767219543457
vehicle/pleasure boat/n02932891_20843.jpg,1.4989150762557983
vehicle/pleasure boat/n02932891_20917.jpg,3.365770101547241
vehicle/pleasure boat/n02932891_20947.jpg,2.3041934967041016
vehicle/pleasure boat/n02932891_22489.jpg,3.366443634033203
vehicle/pleasure boat/n02932891_23097.jpg,4.717047214508057
vehicle/pleasure boat/n02932891_24092.jpg,2.852424144744873
vehicle/pleasure boat/n02932891_26954.jpg,3.0796961784362797
vehicle/pleasure boat/n02932891_27456.jpg,3.669832706451416
vehicle/pleasure boat/n02932891_27995.jpg,6.564591407775879
vehicle/pleasure boat/n02932891_28174.jpg,3.4279918670654297
vehicle/pleasure boat/n02932891_2913.jpg,3.311495542526245
vehicle/pleasure boat/n02932891_29563.jpg,2.394256353378296
vehicle/pleasure boat/n02932891_30845.jpg,1.666562795639038
vehicle/pleasure boat/n02932891_30898.jpg,4.267101287841797
vehicle/pleasure boat/n02932891_3159.jpg,2.775573492050171
vehicle/pleasure boat/n02932891_32504.jpg,3.183109760284424
vehicle/pleasure boat/n02932891_32573.jpg,5.175420761108398
vehicle/pleasure boat/n02932891_3352.jpg,3.806610822677612
vehicle/pleasure boat/n02932891_34440.jpg,2.858515739440918
vehicle/pleasure boat/n02932891_34888.jpg,2.7701869010925293
vehicle/pleasure boat/n02932891_36476.jpg,2.600362539291382
vehicle/pleasure boat/n02932891_36723.jpg,2.354994297027588
vehicle/pleasure boat/n02932891_37035.jpg,4.159356117248535
vehicle/pleasure boat/n02932891_37141.jpg,2.248807191848755
vehicle/pleasure boat/n02932891_37190.jpg,4.683325290679932
vehicle/pleasure boat/n02932891_3734.jpg,3.505621910095215
vehicle/pleasure boat/n02932891_3743.jpg,3.900978326797485
vehicle/pleasure boat/n02932891_37818.jpg,2.251749992370605
vehicle/pleasure boat/n02932891_38305.jpg,3.3385627269744877
vehicle/pleasure boat/n02932891_39466.jpg,4.12583065032959
vehicle/pleasure boat/n02932891_40314.jpg,4.5090155601501465
vehicle/pleasure boat/n02932891_4721.jpg,3.4098591804504395
vehicle/pleasure boat/n02932891_5651.jpg,3.4582884311676025
vehicle/pleasure boat/n02932891_5942.jpg,4.322900772094727
vehicle/pleasure boat/n02932891_6193.jpg,5.3651123046875
vehicle/pleasure boat/n02932891_6352.jpg,2.5796918869018555
vehicle/pleasure boat/n02932891_643.jpg,2.71219539642334
vehicle/pleasure boat/n02932891_7006.jpg,2.5140299797058105
vehicle/pleasure boat/n02932891_7848.jpg,4.212449550628662
vehicle/pleasure boat/n02932891_8061.jpg,3.160823345184326
vehicle/pleasure boat/n02932891_8633.jpg,3.8135719299316406
vehicle/pleasure boat/n02932891_9150.jpg,2.7345027923583984
vehicle/pleasure boat/n02932891_9585.jpg,3.503324031829834
vehicle/pleasure boat/n02932891_9865.jpg,1.6072126626968384
vehicle/pleasure boat/n02932891_9877.jpg,6.360561847686768
vehicle/scooter/000000067823.jpg,1.3327053785324097
vehicle/scooter/000000101749.jpg,1.6836260557174685
vehicle/scooter/000000246444.jpg,1.6795055866241455
vehicle/scooter/000000567057.jpg,1.7928940057754517
vehicle/scooter/n03791053_10016.jpg,1.5624256134033203
vehicle/scooter/n03791053_10146.jpg,2.7858729362487797
vehicle/scooter/n03791053_10185.jpg,2.083704948425293
vehicle/scooter/n03791053_10202.jpg,3.03596305847168
vehicle/scooter/n03791053_10242.jpg,1.4266047477722168
vehicle/scooter/n03791053_10279.jpg,2.066872358322144
vehicle/scooter/n03791053_10430.jpg,2.2824625968933105
vehicle/scooter/n03791053_10559.jpg,1.575839877128601
vehicle/scooter/n03791053_10886.jpg,1.3984171152114868
vehicle/scooter/n03791053_11283.jpg,1.547508716583252
vehicle/scooter/n03791053_11306.jpg,1.673071265220642
vehicle/scooter/n03791053_11625.jpg,3.289886951446533
vehicle/scooter/n03791053_1165.jpg,1.3928542137145996
vehicle/scooter/n03791053_11732.jpg,2.946840524673462
vehicle/scooter/n03791053_12064.jpg,2.5351922512054443
vehicle/scooter/n03791053_12105.jpg,1.4427320957183838
vehicle/scooter/n03791053_12223.jpg,2.033595323562622
vehicle/scooter/n03791053_12289.jpg,1.7793784141540527
vehicle/scooter/n03791053_12341.jpg,1.529802680015564
vehicle/scooter/n03791053_12453.jpg,1.4055988788604736
vehicle/scooter/n03791053_13346.jpg,4.099594593048096
vehicle/scooter/n03791053_13776.jpg,1.3938528299331665
vehicle/scooter/n03791053_14626.jpg,1.656998872756958
vehicle/scooter/n03791053_15334.jpg,1.6128623485565186
vehicle/scooter/n03791053_15494.jpg,2.4950976371765137
vehicle/scooter/n03791053_15694.jpg,2.015752077102661
vehicle/scooter/n03791053_16241.jpg,1.515782117843628
vehicle/scooter/n03791053_16372.jpg,2.357638120651245
vehicle/scooter/n03791053_16385.jpg,3.26814079284668
vehicle/scooter/n03791053_16405.jpg,1.9756770133972168
vehicle/scooter/n03791053_16934.jpg,1.5049504041671753
vehicle/scooter/n03791053_1838.jpg,1.6977587938308716
vehicle/scooter/n03791053_1871.jpg,1.4942150115966797
vehicle/scooter/n03791053_19618.jpg,2.073607921600342
vehicle/scooter/n03791053_19693.jpg,1.5933011770248413
vehicle/scooter/n03791053_2009.jpg,2.7828731536865234
vehicle/scooter/n03791053_20338.jpg,1.6464167833328247
vehicle/scooter/n03791053_2123.jpg,2.819861650466919
vehicle/scooter/n03791053_22113.jpg,1.4391133785247805
vehicle/scooter/n03791053_22481.jpg,1.9158775806427
vehicle/scooter/n03791053_22762.jpg,2.9419331550598145
vehicle/scooter/n03791053_22823.jpg,1.7481905221939087
vehicle/scooter/n03791053_22912.jpg,1.5808145999908447
vehicle/scooter/n03791053_23754.jpg,2.3369436264038086
vehicle/scooter/n03791053_2534.jpg,2.0982770919799805
vehicle/scooter/n03791053_2585.jpg,1.5077723264694214
vehicle/scooter/n03791053_2629.jpg,2.103785514831543
vehicle/scooter/n03791053_2632.jpg,1.604918360710144
vehicle/scooter/n03791053_27019.jpg,1.6327353715896606
vehicle/scooter/n03791053_27357.jpg,2.7267186641693115
vehicle/scooter/n03791053_28017.jpg,1.5967819690704346
vehicle/scooter/n03791053_3033.jpg,1.5634866952896118
vehicle/scooter/n03791053_3528.jpg,2.0710136890411377
vehicle/scooter/n03791053_3744.jpg,1.6502667665481567
vehicle/scooter/n03791053_3847.jpg,2.333072662353516
vehicle/scooter/n03791053_3966.jpg,3.373493194580078
vehicle/scooter/n03791053_4466.jpg,2.7603704929351807
vehicle/scooter/n03791053_4739.jpg,1.9956659078598025
vehicle/scooter/n03791053_498.jpg,2.791512012481689
vehicle/scooter/n03791053_517.jpg,2.1100337505340576
vehicle/scooter/n03791053_5242.jpg,3.967473030090332
vehicle/scooter/n03791053_540.jpg,2.983645439147949
vehicle/scooter/n03791053_547.jpg,3.65703797340393
vehicle/scooter/n03791053_5528.jpg,1.4196953773498535
vehicle/scooter/n03791053_5670.jpg,1.7862985134124756
vehicle/scooter/n03791053_5673.jpg,1.8198134899139404
vehicle/scooter/n03791053_5855.jpg,1.7888818979263306
vehicle/scooter/n03791053_6163.jpg,1.8455169200897217
vehicle/scooter/n03791053_623.jpg,1.637610912322998
vehicle/scooter/n03791053_6359.jpg,1.94281268119812
vehicle/scooter/n03791053_6407.jpg,2.071030855178833
vehicle/scooter/n03791053_6488.jpg,1.4297208786010742
vehicle/scooter/n03791053_6538.jpg,2.299293279647827
vehicle/scooter/n03791053_7039.jpg,1.8067251443862915
vehicle/scooter/n03791053_7220.jpg,1.7946165800094604
vehicle/scooter/n03791053_7319.jpg,1.847342610359192
vehicle/scooter/n03791053_7694.jpg,1.819507360458374
vehicle/scooter/n03791053_7703.jpg,2.307793617248535
vehicle/scooter/n03791053_7764.jpg,1.9381277561187744
vehicle/scooter/n03791053_7806.jpg,1.3620234727859497
vehicle/scooter/n03791053_7898.jpg,1.324336290359497
vehicle/scooter/n03791053_7997.jpg,1.660512089729309
vehicle/scooter/n03791053_8023.jpg,2.1659677028656006
vehicle/scooter/n03791053_8058.jpg,2.831026792526245
vehicle/scooter/n03791053_8113.jpg,1.843936920166016
vehicle/scooter/n03791053_845.jpg,2.326936960220337
vehicle/scooter/n03791053_8496.jpg,1.7187519073486328
vehicle/scooter/n03791053_8778.jpg,3.8041188716888423
vehicle/scooter/n03791053_8851.jpg,1.359043836593628
vehicle/scooter/n03791053_9122.jpg,2.4473085403442383
vehicle/scooter/n03791053_9223.jpg,2.0183019638061523
vehicle/scooter/n03791053_924.jpg,1.4314533472061155
vehicle/scooter/n03791053_9326.jpg,1.9702917337417605
vehicle/scooter/n03791053_9553.jpg,2.370250701904297
vehicle/scooter/n03791053_9730.jpg,1.4764457941055298
vehicle/scooter/n03791053_9992.jpg,1.7934874296188354
vehicle/snowmobile/n04252077_1066.jpg,3.196465492248535
vehicle/snowmobile/n04252077_1557.jpg,3.01478910446167
vehicle/snowmobile/n04252077_3530.jpg,3.4049394130706787
vehicle/snowmobile/n04252077_3698.jpg,1.4983843564987185
vehicle/snowmobile/n04252077_3731.jpg,5.073612213134766
vehicle/snowmobile/n04252077_41.jpg,3.255166530609131
vehicle/snowmobile/n04252077_4506.jpg,3.395256519317627
vehicle/snowmobile/n04252077_4752.jpg,5.115717887878418
vehicle/snowmobile/n04252077_57.jpg,4.597400188446045
vehicle/snowmobile/n04252077_59.jpg,6.382087707519531
vehicle/snowmobile/n04252077_5929.jpg,5.54706335067749
vehicle/snowmobile/n04252077_6553.jpg,4.942615985870361
vehicle/snowmobile/n04252077_6724.jpg,3.430560827255249
vehicle/snowmobile/n04252077_6769.jpg,3.3135035037994385
vehicle/snowmobile/n04252077_7273.jpg,1.55240797996521
vehicle/snowmobile/n04252077_7317.jpg,4.778665065765381
vehicle/snowmobile/n04252077_7372.jpg,6.451878070831299
vehicle/snowmobile/n04252077_7421.jpg,6.254008293151856
vehicle/snowmobile/n04252077_762.jpg,3.75706148147583
vehicle/snowmobile/n04252077_8571.jpg,4.06462287902832
vehicle/subway train/000000486451.jpg,1.3234071731567385
vehicle/subway train/000000553079.jpg,1.987471342086792
vehicle/subway train/n04349306_10198.jpg,1.417396068572998
vehicle/subway train/n04349306_10700.jpg,1.3512070178985596
vehicle/subway train/n04349306_10747.jpg,1.291085124015808
vehicle/subway train/n04349306_11159.jpg,1.319291353225708
vehicle/subway train/n04349306_1205.jpg,1.470823049545288
vehicle/subway train/n04349306_12061.jpg,1.3550970554351809
vehicle/subway train/n04349306_12217.jpg,1.431631565093994
vehicle/subway train/n04349306_12251.jpg,1.362405776977539
vehicle/subway train/n04349306_12351.jpg,1.5246384143829346
vehicle/subway train/n04349306_12365.jpg,1.361196756362915
vehicle/subway train/n04349306_12612.jpg,1.3405582904815674
vehicle/subway train/n04349306_1353.jpg,1.4341623783111572
vehicle/subway train/n04349306_14046.jpg,1.435149073600769
vehicle/subway train/n04349306_14092.jpg,1.5941334962844849
vehicle/subway train/n04349306_14345.jpg,1.246313452720642
vehicle/subway train/n04349306_14590.jpg,1.4068576097488403
vehicle/subway train/n04349306_1467.jpg,1.340592861175537
vehicle/subway train/n04349306_1533.jpg,1.3681749105453491
vehicle/subway train/n04349306_1863.jpg,1.4253581762313845
vehicle/subway train/n04349306_195.jpg,1.4909088611602783
vehicle/subway train/n04349306_2021.jpg,1.4573609828948977
vehicle/subway train/n04349306_207.jpg,1.3772361278533936
vehicle/subway train/n04349306_2105.jpg,1.3252209424972534
vehicle/subway train/n04349306_2279.jpg,1.6769553422927856
vehicle/subway train/n04349306_2300.jpg,1.2488263845443726
vehicle/subway train/n04349306_2544.jpg,1.621283769607544
vehicle/subway train/n04349306_2632.jpg,1.3542598485946655
vehicle/subway train/n04349306_2756.jpg,1.4413973093032837
vehicle/subway train/n04349306_2758.jpg,1.4814703464508057
vehicle/subway train/n04349306_2769.jpg,1.4248178005218506
vehicle/subway train/n04349306_2897.jpg,1.3494106531143188
vehicle/subway train/n04349306_2904.jpg,1.382906198501587
vehicle/subway train/n04349306_2956.jpg,1.3490808010101318
vehicle/subway train/n04349306_2963.jpg,1.37854266166687
vehicle/subway train/n04349306_2969.jpg,1.4805331230163574
vehicle/subway train/n04349306_3.jpg,1.47644305229187
vehicle/subway train/n04349306_3271.jpg,1.389598369598389
vehicle/subway train/n04349306_3389.jpg,1.587033987045288
vehicle/subway train/n04349306_3409.jpg,1.386972427368164
vehicle/subway train/n04349306_3428.jpg,1.3561445474624634
vehicle/subway train/n04349306_3751.jpg,1.6029130220413208
vehicle/subway train/n04349306_4174.jpg,1.5783146619796753
vehicle/subway train/n04349306_4471.jpg,1.3934485912322998
vehicle/subway train/n04349306_4500.jpg,1.557479739189148
vehicle/subway train/n04349306_4552.jpg,1.335372805595398
vehicle/subway train/n04349306_4561.jpg,1.4159092903137207
vehicle/subway train/n04349306_4586.jpg,1.3733866214752195
vehicle/subway train/n04349306_4622.jpg,1.406016826629639
vehicle/subway train/n04349306_4626.jpg,1.4418330192565918
vehicle/subway train/n04349306_4699.jpg,1.3960814476013184
vehicle/subway train/n04349306_4774.jpg,1.5859034061431885
vehicle/subway train/n04349306_4811.jpg,1.3585097789764404
vehicle/subway train/n04349306_4822.jpg,1.3782062530517578
vehicle/subway train/n04349306_4823.jpg,1.5404778718948364
vehicle/subway train/n04349306_4862.jpg,1.4744105339050293
vehicle/subway train/n04349306_4886.jpg,1.519683599472046
vehicle/subway train/n04349306_4982.jpg,1.4079419374465942
vehicle/subway train/n04349306_5052.jpg,1.3388757705688477
vehicle/subway train/n04349306_5083.jpg,1.3728841543197632
vehicle/subway train/n04349306_5124.jpg,1.5112394094467163
vehicle/subway train/n04349306_5170.jpg,1.4602622985839844
vehicle/subway train/n04349306_5257.jpg,1.5180362462997437
vehicle/subway train/n04349306_5350.jpg,1.411615014076233
vehicle/subway train/n04349306_54.jpg,1.8717660903930664
vehicle/subway train/n04349306_5412.jpg,1.4481641054153442
vehicle/subway train/n04349306_5669.jpg,1.6674203872680664
vehicle/subway train/n04349306_5697.jpg,1.5093786716461182
vehicle/subway train/n04349306_5722.jpg,1.446123719215393
vehicle/subway train/n04349306_6213.jpg,1.3812414407730105
vehicle/subway train/n04349306_6258.jpg,1.4576780796051023
vehicle/subway train/n04349306_6301.jpg,1.554284691810608
vehicle/subway train/n04349306_6718.jpg,1.3100439310073853
vehicle/subway train/n04349306_760.jpg,2.201415777206421
vehicle/subway train/n04349306_7659.jpg,1.4650112390518188
vehicle/subway train/n04349306_7700.jpg,1.5375241041183472
vehicle/subway train/n04349306_7930.jpg,1.4278346300125122
vehicle/subway train/n04349306_7960.jpg,1.529443621635437
vehicle/subway train/n04349306_8007.jpg,1.3556474447250366
vehicle/subway train/n04349306_8038.jpg,1.31233012676239
vehicle/subway train/n04349306_811.jpg,1.354010820388794
vehicle/subway train/n04349306_8198.jpg,1.3319083452224731
vehicle/subway train/n04349306_8199.jpg,1.3989306688308716
vehicle/subway train/n04349306_8288.jpg,1.4002110958099363
vehicle/subway train/n04349306_8344.jpg,1.573947191238403
vehicle/subway train/n04349306_8470.jpg,1.330946683883667
vehicle/subway train/n04349306_8545.jpg,1.3143163919448853
vehicle/subway train/n04349306_861.jpg,1.2816561460494995
vehicle/subway train/n04349306_8827.jpg,1.4395641088485718
vehicle/subway train/n04349306_8879.jpg,3.5496060848236084
vehicle/subway train/n04349306_9108.jpg,1.4079936742782593
vehicle/subway train/n04349306_9186.jpg,1.6465306282043457
vehicle/subway train/n04349306_9235.jpg,1.4600586891174316
vehicle/subway train/n04349306_9782.jpg,1.2756481170654297
vehicle/subway train/n04349306_9923.jpg,1.6265006065368652
vehicle/subway train/n04349306_9944.jpg,1.4017724990844729
vehicle/subway train/n04349306_9988.jpg,1.4468153715133667
vehicle/subway train/n04349306_9994.jpg,1.3418774604797363
vehicle/tow truck/n04461696_1039.jpg,2.100837469100952
vehicle/tow truck/n04461696_10492.jpg,1.577784538269043
vehicle/tow truck/n04461696_10555.jpg,2.2492029666900635
vehicle/tow truck/n04461696_1069.jpg,2.27734112739563
vehicle/tow truck/n04461696_1080.jpg,4.128556251525879
vehicle/tow truck/n04461696_11028.jpg,2.8262698650360107
vehicle/tow truck/n04461696_11897.jpg,2.1114659309387207
vehicle/tow truck/n04461696_12158.jpg,2.4592573642730717
vehicle/tow truck/n04461696_12319.jpg,1.7540911436080933
vehicle/tow truck/n04461696_1344.jpg,1.8255616426467896
vehicle/tow truck/n04461696_14074.jpg,2.41355562210083
vehicle/tow truck/n04461696_1440.jpg,1.4562418460845947
vehicle/tow truck/n04461696_14803.jpg,2.525043487548828
vehicle/tow truck/n04461696_1481.jpg,2.27127456665039
vehicle/tow truck/n04461696_14893.jpg,2.3943240642547607
vehicle/tow truck/n04461696_15509.jpg,2.372976779937744
vehicle/tow truck/n04461696_16043.jpg,2.645227670669556
vehicle/tow truck/n04461696_1691.jpg,3.340216398239136
vehicle/tow truck/n04461696_16929.jpg,2.465827226638794
vehicle/tow truck/n04461696_1697.jpg,2.384194612503052
vehicle/tow truck/n04461696_1704.jpg,1.944515585899353
vehicle/tow truck/n04461696_17595.jpg,2.584373235702514
vehicle/tow truck/n04461696_1821.jpg,1.9202855825424197
vehicle/tow truck/n04461696_18465.jpg,1.9374650716781616
vehicle/tow truck/n04461696_1888.jpg,3.234273195266724
vehicle/tow truck/n04461696_18993.jpg,1.4266855716705322
vehicle/tow truck/n04461696_19012.jpg,2.0899441242218018
vehicle/tow truck/n04461696_1918.jpg,3.518482208251953
vehicle/tow truck/n04461696_19513.jpg,2.370575189590454
vehicle/tow truck/n04461696_2018.jpg,3.56817889213562
vehicle/tow truck/n04461696_21110.jpg,3.1437551975250244
vehicle/tow truck/n04461696_21863.jpg,1.545074701309204
vehicle/tow truck/n04461696_2281.jpg,5.110195636749268
vehicle/tow truck/n04461696_22985.jpg,2.071603298187256
vehicle/tow truck/n04461696_2315.jpg,2.8530795574188232
vehicle/tow truck/n04461696_23190.jpg,2.742169141769409
vehicle/tow truck/n04461696_2376.jpg,3.010881185531616
vehicle/tow truck/n04461696_2550.jpg,1.6508264541625977
vehicle/tow truck/n04461696_2559.jpg,2.721158266067505
vehicle/tow truck/n04461696_25721.jpg,2.975188732147217
vehicle/tow truck/n04461696_2743.jpg,2.240206241607666
vehicle/tow truck/n04461696_2750.jpg,1.8524580001831052
vehicle/tow truck/n04461696_3013.jpg,3.100090742111206
vehicle/tow truck/n04461696_3046.jpg,3.4016921520233154
vehicle/tow truck/n04461696_3102.jpg,2.720179557800293
vehicle/tow truck/n04461696_3232.jpg,3.43146014213562
vehicle/tow truck/n04461696_3334.jpg,2.2644498348236084
vehicle/tow truck/n04461696_3490.jpg,2.443898677825928
vehicle/tow truck/n04461696_3523.jpg,2.8362514972686768
vehicle/tow truck/n04461696_3715.jpg,2.1853702068328857
vehicle/tow truck/n04461696_3745.jpg,2.143498182296753
vehicle/tow truck/n04461696_3759.jpg,3.402608871459961
vehicle/tow truck/n04461696_3989.jpg,3.377527952194214
vehicle/tow truck/n04461696_4037.jpg,1.6923505067825315
vehicle/tow truck/n04461696_4084.jpg,2.700181007385254
vehicle/tow truck/n04461696_4207.jpg,1.533610463142395
vehicle/tow truck/n04461696_4324.jpg,3.024333000183105
vehicle/tow truck/n04461696_4331.jpg,2.4278175830841064
vehicle/tow truck/n04461696_4603.jpg,1.7953933477401731
vehicle/tow truck/n04461696_4760.jpg,2.16207218170166
vehicle/tow truck/n04461696_4761.jpg,2.4542551040649414
vehicle/tow truck/n04461696_4840.jpg,2.9768168926239014
vehicle/tow truck/n04461696_4867.jpg,2.0942800045013428
vehicle/tow truck/n04461696_4934.jpg,2.446319580078125
vehicle/tow truck/n04461696_5154.jpg,2.773507595062256
vehicle/tow truck/n04461696_5194.jpg,2.356829881668091
vehicle/tow truck/n04461696_5312.jpg,3.395958423614502
vehicle/tow truck/n04461696_5363.jpg,2.5140740871429443
vehicle/tow truck/n04461696_544.jpg,1.5294291973114014
vehicle/tow truck/n04461696_5500.jpg,3.0065088272094727
vehicle/tow truck/n04461696_5739.jpg,2.887894868850708
vehicle/tow truck/n04461696_6027.jpg,1.559483766555786
vehicle/tow truck/n04461696_6157.jpg,2.3707282543182373
vehicle/tow truck/n04461696_6299.jpg,3.68279242515564
vehicle/tow truck/n04461696_6319.jpg,1.6804457902908323
vehicle/tow truck/n04461696_6327.jpg,3.066901683807373
vehicle/tow truck/n04461696_6334.jpg,2.576589107513428
vehicle/tow truck/n04461696_6636.jpg,2.572972536087036
vehicle/tow truck/n04461696_6719.jpg,2.426915407180786
vehicle/tow truck/n04461696_6768.jpg,2.2718217372894287
vehicle/tow truck/n04461696_6773.jpg,2.0631542205810547
vehicle/tow truck/n04461696_6948.jpg,2.6135618686676025
vehicle/tow truck/n04461696_6970.jpg,2.181363582611084
vehicle/tow truck/n04461696_6974.jpg,2.8140814304351807
vehicle/tow truck/n04461696_738.jpg,2.313718557357788
vehicle/tow truck/n04461696_7504.jpg,3.755879640579224
vehicle/tow truck/n04461696_7740.jpg,1.7716212272644043
vehicle/tow truck/n04461696_7754.jpg,1.5594887733459473
vehicle/tow truck/n04461696_8035.jpg,1.9500854015350344
vehicle/tow truck/n04461696_8486.jpg,1.7500529289245603
vehicle/tow truck/n04461696_8599.jpg,2.918980836868286
vehicle/tow truck/n04461696_9129.jpg,1.991692304611206
vehicle/tow truck/n04461696_9793.jpg,2.1082119941711426
vehicle/tractor/n04465501_1012.jpg,3.336298704147339
vehicle/tractor/n04465501_1033.jpg,4.162095069885254
vehicle/tractor/n04465501_1053.jpg,3.441040277481079
vehicle/tractor/n04465501_10791.jpg,5.218835353851318
vehicle/tractor/n04465501_1111.jpg,4.90836238861084
vehicle/tractor/n04465501_11146.jpg,4.62252140045166
vehicle/tractor/n04465501_11845.jpg,3.8977458477020255
vehicle/tractor/n04465501_1216.jpg,3.653325080871582
vehicle/tractor/n04465501_122.jpg,5.157544136047363
vehicle/tractor/n04465501_1225.jpg,2.4262681007385254
vehicle/tractor/n04465501_1257.jpg,3.21403169631958
vehicle/tractor/n04465501_1262.jpg,1.9237446784973145
vehicle/tractor/n04465501_1273.jpg,1.3980759382247925
vehicle/tractor/n04465501_12990.jpg,2.127333641052246
vehicle/tractor/n04465501_1306.jpg,2.0952389240264893
vehicle/tractor/n04465501_13078.jpg,2.940875768661499
vehicle/tractor/n04465501_13294.jpg,2.4256982803344727
vehicle/tractor/n04465501_1356.jpg,2.8520755767822266
vehicle/tractor/n04465501_14464.jpg,2.243809700012207
vehicle/tractor/n04465501_1486.jpg,2.9565248489379883
vehicle/tractor/n04465501_1535.jpg,3.8373830318450928
vehicle/tractor/n04465501_1621.jpg,3.3601233959198
vehicle/tractor/n04465501_1672.jpg,2.0143582820892334
vehicle/tractor/n04465501_1705.jpg,4.0269083976745605
vehicle/tractor/n04465501_1750.jpg,1.9712719917297363
vehicle/tractor/n04465501_1769.jpg,4.383717060089111
vehicle/tractor/n04465501_1782.jpg,4.033493041992188
vehicle/tractor/n04465501_1793.jpg,2.5384132862091064
vehicle/tractor/n04465501_1801.jpg,5.453350067138672
vehicle/tractor/n04465501_1825.jpg,4.854247570037842
vehicle/tractor/n04465501_1949.jpg,3.536142349243164
vehicle/tractor/n04465501_2088.jpg,2.7118985652923584
vehicle/tractor/n04465501_2149.jpg,1.6026544570922852
vehicle/tractor/n04465501_2168.jpg,3.926055431365967
vehicle/tractor/n04465501_228.jpg,1.7387726306915283
vehicle/tractor/n04465501_2331.jpg,3.067516326904297
vehicle/tractor/n04465501_2353.jpg,2.7330515384674072
vehicle/tractor/n04465501_2409.jpg,2.026684045791626
vehicle/tractor/n04465501_2475.jpg,1.965660810470581
vehicle/tractor/n04465501_2499.jpg,2.927309513092041
vehicle/tractor/n04465501_2523.jpg,2.585456609725952
vehicle/tractor/n04465501_2636.jpg,2.9575910568237305
vehicle/tractor/n04465501_2689.jpg,3.309569358825684
vehicle/tractor/n04465501_2737.jpg,2.950988292694092
vehicle/tractor/n04465501_276.jpg,3.3936522006988525
vehicle/tractor/n04465501_2796.jpg,2.8331611156463623
vehicle/tractor/n04465501_2922.jpg,4.104573249816895
vehicle/tractor/n04465501_2972.jpg,4.190047740936279
vehicle/tractor/n04465501_2988.jpg,2.5830984115600586
vehicle/tractor/n04465501_3039.jpg,2.0457186698913574
vehicle/tractor/n04465501_3069.jpg,2.823182344436645
vehicle/tractor/n04465501_3133.jpg,3.6775448322296143
vehicle/tractor/n04465501_3147.jpg,2.794459342956543
vehicle/tractor/n04465501_3214.jpg,1.7619482278823853
vehicle/tractor/n04465501_3275.jpg,2.643702507019043
vehicle/tractor/n04465501_3300.jpg,3.274087190628052
vehicle/tractor/n04465501_3339.jpg,1.857944130897522
vehicle/tractor/n04465501_3381.jpg,2.230247735977173
vehicle/tractor/n04465501_3459.jpg,2.2763357162475586
vehicle/tractor/n04465501_3501.jpg,2.8424479961395264
vehicle/tractor/n04465501_3598.jpg,3.1075634956359863
vehicle/tractor/n04465501_3853.jpg,5.072132587432861
vehicle/tractor/n04465501_4020.jpg,2.0449979305267334
vehicle/tractor/n04465501_4403.jpg,3.6611831188201904
vehicle/tractor/n04465501_4427.jpg,3.871352672576904
vehicle/tractor/n04465501_4463.jpg,5.162858009338379
vehicle/tractor/n04465501_473.jpg,3.0069997310638428
vehicle/tractor/n04465501_477.jpg,4.329227447509766
vehicle/tractor/n04465501_4828.jpg,3.2004051208496094
vehicle/tractor/n04465501_4835.jpg,2.933004140853882
vehicle/tractor/n04465501_488.jpg,2.349527359008789
vehicle/tractor/n04465501_4896.jpg,1.344465970993042
vehicle/tractor/n04465501_5218.jpg,3.174379348754883
vehicle/tractor/n04465501_5296.jpg,1.5913286209106443
vehicle/tractor/n04465501_5323.jpg,1.898491621017456
vehicle/tractor/n04465501_5347.jpg,3.305715084075928
vehicle/tractor/n04465501_5474.jpg,3.419207096099853
vehicle/tractor/n04465501_602.jpg,5.339894771575928
vehicle/tractor/n04465501_6022.jpg,2.918067216873169
vehicle/tractor/n04465501_6532.jpg,2.2792248725891118
vehicle/tractor/n04465501_660.jpg,3.1975059509277344
vehicle/tractor/n04465501_7045.jpg,3.951285600662232
vehicle/tractor/n04465501_7315.jpg,1.5411475896835327
vehicle/tractor/n04465501_7485.jpg,2.9583728313446045
vehicle/tractor/n04465501_7646.jpg,3.6992361545562735
vehicle/tractor/n04465501_7737.jpg,3.619815826416016
vehicle/tractor/n04465501_786.jpg,4.011751174926758
vehicle/tractor/n04465501_7866.jpg,3.670789241790772
vehicle/tractor/n04465501_802.jpg,2.882556676864624
vehicle/tractor/n04465501_8390.jpg,3.119793176651001
vehicle/tractor/n04465501_904.jpg,2.904231548309326
vehicle/tractor/n04465501_9255.jpg,3.160658359527588
vehicle/tractor/n04465501_927.jpg,1.538826584815979
vehicle/tractor/n04465501_9550.jpg,3.2364249229431152
vehicle/tractor/n04465501_9719.jpg,3.675063610076904
vehicle/tractor/n04465501_983.jpg,5.234672546386719
vehicle/train/000000001712.jpg,2.1824698448181152
vehicle/train/000000006068.jpg,3.3618204593658447
vehicle/train/000000006180.jpg,3.7018706798553462
vehicle/train/000000007211.jpg,2.836690902709961
vehicle/train/000000023957.jpg,3.4196176528930664
vehicle/train/000000026007.jpg,2.637007236480713
vehicle/train/000000032059.jpg,3.22071385383606
vehicle/train/000000039971.jpg,2.1159942150115967
vehicle/train/000000055642.jpg,2.721611738204956
vehicle/train/000000065859.jpg,2.161745071411133
vehicle/train/000000068063.jpg,2.8853414058685303
vehicle/train/000000068167.jpg,3.194465160369873
vehicle/train/000000068597.jpg,1.967222809791565
vehicle/train/000000074533.jpg,2.2536075115203857
vehicle/train/000000075061.jpg,3.1054880619049072
vehicle/train/000000076213.jpg,3.2422685623168945
vehicle/train/000000080096.jpg,3.495251417160034
vehicle/train/000000080203.jpg,1.920798897743225
vehicle/train/000000088398.jpg,1.6398437023162842
vehicle/train/000000095191.jpg,2.0933752059936523
vehicle/train/000000097744.jpg,2.5658528804779053
vehicle/train/000000101145.jpg,1.7333704233169556
vehicle/train/000000105952.jpg,1.8882067203521729
vehicle/train/000000112820.jpg,2.389165163040161
vehicle/train/000000122207.jpg,2.384202241897583
vehicle/train/000000126131.jpg,3.4468491077423096
vehicle/train/000000126457.jpg,3.138662338256836
vehicle/train/000000155736.jpg,2.8421664237976074
vehicle/train/000000156461.jpg,1.8322633504867556
vehicle/train/000000158536.jpg,3.087195634841919
vehicle/train/000000170348.jpg,2.438330173492432
vehicle/train/000000172211.jpg,3.4522781372070312
vehicle/train/000000175061.jpg,1.99830162525177
vehicle/train/000000175197.jpg,2.081357717514038
vehicle/train/000000176946.jpg,2.045740127563477
vehicle/train/000000185082.jpg,2.471970319747925
vehicle/train/000000190546.jpg,2.48194432258606
vehicle/train/000000190868.jpg,2.903147459030152
vehicle/train/000000206587.jpg,4.119643211364746
vehicle/train/000000216301.jpg,1.9429701566696167
vehicle/train/000000221183.jpg,2.2011711597442627
vehicle/train/000000231060.jpg,3.87054181098938
vehicle/train/000000244451.jpg,3.475394487380981
vehicle/train/000000246095.jpg,2.7256863117218018
vehicle/train/000000248979.jpg,2.682121992111206
vehicle/train/000000267568.jpg,1.4154551029205322
vehicle/train/000000267628.jpg,2.426631450653076
vehicle/train/000000271190.jpg,3.9512786865234375
vehicle/train/000000277614.jpg,2.2423579692840576
vehicle/train/000000280211.jpg,1.8042755126953125
vehicle/train/000000281080.jpg,1.5864713191986084
vehicle/train/000000284342.jpg,2.99533486366272
vehicle/train/000000284670.jpg,3.689905405044556
vehicle/train/000000285042.jpg,1.896964192390442
vehicle/train/000000289040.jpg,2.553538084030152
vehicle/train/000000289630.jpg,1.4159055948257446
vehicle/train/000000297738.jpg,2.434632539749145
vehicle/train/000000309802.jpg,2.223134756088257
vehicle/train/000000321213.jpg,2.2900607585906982
vehicle/train/000000343087.jpg,3.1181414127349854
vehicle/train/000000344969.jpg,2.383580684661865
vehicle/train/000000346107.jpg,4.140206336975098
vehicle/train/000000348107.jpg,3.133012533187866
vehicle/train/000000359857.jpg,4.89271879196167
vehicle/train/000000368845.jpg,1.7328530550003052
vehicle/train/000000376746.jpg,2.068243980407715
vehicle/train/000000378035.jpg,3.066053867340088
vehicle/train/000000381406.jpg,2.5543742179870605
vehicle/train/000000390546.jpg,2.6080362796783447
vehicle/train/000000409841.jpg,4.014684677124023
vehicle/train/000000419679.jpg,2.380581855773926
vehicle/train/000000422869.jpg,2.198538303375244
vehicle/train/000000423423.jpg,3.762131929397583
vehicle/train/000000444363.jpg,2.332144021987915
vehicle/train/000000446094.jpg,3.770496129989624
vehicle/train/000000447152.jpg,1.7693487405776978
vehicle/train/000000463620.jpg,3.4214439392089844
vehicle/train/000000467990.jpg,1.815658688545227
vehicle/train/000000470114.jpg,3.6665773391723633
vehicle/train/000000481928.jpg,2.498769521713257
vehicle/train/000000483803.jpg,2.222747564315796
vehicle/train/000000490261.jpg,1.6416815519332886
vehicle/train/000000492102.jpg,2.7869598865509038
vehicle/train/000000500987.jpg,2.544408798217773
vehicle/train/000000502895.jpg,1.7752516269683838
vehicle/train/000000516740.jpg,3.542436361312866
vehicle/train/000000521874.jpg,2.322137355804444
vehicle/train/000000523673.jpg,2.66101336479187
vehicle/train/000000541280.jpg,2.0023179054260254
vehicle/train/000000547768.jpg,4.159559726715088
vehicle/train/000000553056.jpg,2.190133810043335
vehicle/train/000000555267.jpg,1.4590189456939695
vehicle/train/000000556653.jpg,1.9595720767974851
vehicle/train/000000558303.jpg,4.322920799255371
vehicle/train/000000563195.jpg,4.324275016784668
vehicle/train/000000576758.jpg,1.719028115272522
vehicle/train/000000578740.jpg,3.90214467048645
vehicle/train/000000579699.jpg,1.4466177225112915
vehicle/tram/000000117515.jpg,2.0506207942962646
vehicle/tram/000000323249.jpg,1.6854171752929688
vehicle/tram/n04335435_10037.jpg,1.84268581867218
vehicle/tram/n04335435_10056.jpg,1.7698181867599487
vehicle/tram/n04335435_10207.jpg,1.3881961107254028
vehicle/tram/n04335435_10234.jpg,1.850328803062439
vehicle/tram/n04335435_10416.jpg,2.1181790828704834
vehicle/tram/n04335435_10437.jpg,1.66935133934021
vehicle/tram/n04335435_10496.jpg,2.1414945125579834
vehicle/tram/n04335435_10497.jpg,4.383598804473877
vehicle/tram/n04335435_10562.jpg,1.7835538387298584
vehicle/tram/n04335435_10652.jpg,3.128968477249145
vehicle/tram/n04335435_10726.jpg,2.1385719776153564
vehicle/tram/n04335435_10781.jpg,2.032159805297852
vehicle/tram/n04335435_11388.jpg,2.3457255363464355
vehicle/tram/n04335435_11527.jpg,2.5919229984283447
vehicle/tram/n04335435_12024.jpg,2.112077236175537
vehicle/tram/n04335435_12205.jpg,2.369833469390869
vehicle/tram/n04335435_13188.jpg,2.9437100887298584
vehicle/tram/n04335435_13196.jpg,1.855322003364563
vehicle/tram/n04335435_13233.jpg,2.7741973400115967
vehicle/tram/n04335435_13394.jpg,1.6209378242492676
vehicle/tram/n04335435_13810.jpg,2.0210556983947754
vehicle/tram/n04335435_13812.jpg,2.4988720417022705
vehicle/tram/n04335435_14096.jpg,1.86563503742218
vehicle/tram/n04335435_14917.jpg,1.8150182962417605
vehicle/tram/n04335435_15397.jpg,3.1856143474578857
vehicle/tram/n04335435_15442.jpg,2.0735983848571777
vehicle/tram/n04335435_1624.jpg,2.013815402984619
vehicle/tram/n04335435_16692.jpg,2.0869216918945312
vehicle/tram/n04335435_17377.jpg,1.6603574752807615
vehicle/tram/n04335435_1755.jpg,2.3671021461486816
vehicle/tram/n04335435_1795.jpg,1.816776156425476
vehicle/tram/n04335435_181.jpg,3.603534698486328
vehicle/tram/n04335435_1862.jpg,1.8801707029342647
vehicle/tram/n04335435_1901.jpg,3.0319020748138428
vehicle/tram/n04335435_19668.jpg,1.9208309650421145
vehicle/tram/n04335435_20093.jpg,1.5696258544921875
vehicle/tram/n04335435_20426.jpg,1.6917393207550049
vehicle/tram/n04335435_20534.jpg,1.7620086669921875
vehicle/tram/n04335435_20710.jpg,3.256492853164673
vehicle/tram/n04335435_20787.jpg,1.9843993186950684
vehicle/tram/n04335435_20838.jpg,2.898533821105957
vehicle/tram/n04335435_2090.jpg,1.6410343647003174
vehicle/tram/n04335435_21107.jpg,1.7109241485595703
vehicle/tram/n04335435_21307.jpg,1.622105836868286
vehicle/tram/n04335435_21915.jpg,2.228689432144165
vehicle/tram/n04335435_21947.jpg,2.0771493911743164
vehicle/tram/n04335435_22165.jpg,1.5808169841766355
vehicle/tram/n04335435_23288.jpg,1.4325717687606812
vehicle/tram/n04335435_23559.jpg,1.672870397567749
vehicle/tram/n04335435_23800.jpg,2.2576706409454346
vehicle/tram/n04335435_2388.jpg,2.1315248012542725
vehicle/tram/n04335435_24042.jpg,1.5646988153457642
vehicle/tram/n04335435_24191.jpg,1.7802772521972656
vehicle/tram/n04335435_25058.jpg,2.2181527614593506
vehicle/tram/n04335435_25115.jpg,1.994148850440979
vehicle/tram/n04335435_25589.jpg,2.799035787582397
vehicle/tram/n04335435_25628.jpg,1.4596762657165527
vehicle/tram/n04335435_25682.jpg,2.6592066287994385
vehicle/tram/n04335435_25710.jpg,1.4511598348617554
vehicle/tram/n04335435_25760.jpg,2.1612048149108887
vehicle/tram/n04335435_2583.jpg,1.952910661697388
vehicle/tram/n04335435_25993.jpg,2.2986538410186768
vehicle/tram/n04335435_26094.jpg,1.9749585390090945
vehicle/tram/n04335435_2612.jpg,1.5837011337280271
vehicle/tram/n04335435_2819.jpg,1.4240987300872805
vehicle/tram/n04335435_2897.jpg,1.8805606365203855
vehicle/tram/n04335435_2973.jpg,1.897274136543274
vehicle/tram/n04335435_3001.jpg,1.5389654636383057
vehicle/tram/n04335435_3353.jpg,2.09653639793396
vehicle/tram/n04335435_3576.jpg,1.57183039188385
vehicle/tram/n04335435_3759.jpg,1.8825929164886477
vehicle/tram/n04335435_395.jpg,1.7797750234603882
vehicle/tram/n04335435_4069.jpg,2.0502688884735107
vehicle/tram/n04335435_4236.jpg,1.7739595174789429
vehicle/tram/n04335435_4237.jpg,2.015568256378174
vehicle/tram/n04335435_427.jpg,1.6402158737182615
vehicle/tram/n04335435_4534.jpg,1.5517741441726685
vehicle/tram/n04335435_4637.jpg,3.253612279891968
vehicle/tram/n04335435_4730.jpg,1.678297758102417
vehicle/tram/n04335435_4800.jpg,3.918114185333252
vehicle/tram/n04335435_4974.jpg,1.7398916482925415
vehicle/tram/n04335435_5265.jpg,1.9825798273086548
vehicle/tram/n04335435_54242.jpg,1.892415165901184
vehicle/tram/n04335435_5498.jpg,1.4964878559112549
vehicle/tram/n04335435_55574.jpg,2.1210317611694336
vehicle/tram/n04335435_5804.jpg,2.2460861206054688
vehicle/tram/n04335435_5881.jpg,2.261238574981689
vehicle/tram/n04335435_7177.jpg,1.8555926084518437
vehicle/tram/n04335435_7223.jpg,1.9020649194717407
vehicle/tram/n04335435_801.jpg,1.89427387714386
vehicle/tram/n04335435_8423.jpg,1.837469458580017
vehicle/tram/n04335435_8881.jpg,2.2321994304656982
vehicle/tram/n04335435_8885.jpg,2.730299711227417
vehicle/tram/n04335435_9181.jpg,1.5143102407455444
vehicle/tram/n04335435_9357.jpg,2.309525728225708
vehicle/tram/n04335435_9552.jpg,1.762886643409729
vehicle/truck/000000020039.jpg,2.2745304107666016
vehicle/truck/000000050786.jpg,1.7465466260910034
vehicle/truck/000000099540.jpg,2.149544239044189
vehicle/truck/000000099553.jpg,3.68851900100708
vehicle/truck/000000112562.jpg,2.088505506515503
vehicle/truck/000000191473.jpg,3.54390549659729
vehicle/truck/000000194331.jpg,1.9999020099639893
vehicle/truck/000000197384.jpg,2.1289751529693604
vehicle/truck/000000211116.jpg,2.930574417114258
vehicle/truck/000000236000.jpg,2.2695987224578857
vehicle/truck/000000294545.jpg,2.410767078399658
vehicle/truck/000000303016.jpg,1.989312529563904
vehicle/truck/000000328185.jpg,1.488524317741394
vehicle/truck/000000358266.jpg,2.6562938690185547
vehicle/truck/000000395425.jpg,1.7955223321914673
vehicle/truck/000000457766.jpg,2.5054290294647217
vehicle/truck/000000474653.jpg,2.75424599647522
vehicle/truck/000000567065.jpg,4.0136260986328125
vehicle/truck/000000569829.jpg,4.328732013702393
vehicle/truck/n04467665_10036.jpg,1.7595289945602417
vehicle/truck/n04467665_1015.jpg,1.4033701419830322
vehicle/truck/n04467665_10529.jpg,1.8931677341461184
vehicle/truck/n04467665_10671.jpg,2.2748799324035645
vehicle/truck/n04467665_1174.jpg,1.8977289199829104
vehicle/truck/n04467665_1188.jpg,2.246548652648926
vehicle/truck/n04467665_12032.jpg,1.9524644613265991
vehicle/truck/n04467665_1225.jpg,2.590539932250977
vehicle/truck/n04467665_13331.jpg,1.6683379411697388
vehicle/truck/n04467665_13614.jpg,1.8232817649841309
vehicle/truck/n04467665_14142.jpg,2.623246908187866
vehicle/truck/n04467665_1430.jpg,1.7124848365783691
vehicle/truck/n04467665_1584.jpg,2.189765453338623
vehicle/truck/n04467665_16276.jpg,1.5449879169464111
vehicle/truck/n04467665_18765.jpg,1.879620909690857
vehicle/truck/n04467665_1891.jpg,2.0690934658050537
vehicle/truck/n04467665_19138.jpg,3.059786319732666
vehicle/truck/n04467665_2.jpg,2.553316116333008
vehicle/truck/n04467665_2044.jpg,1.8113776445388796
vehicle/truck/n04467665_21087.jpg,1.8383265733718872
vehicle/truck/n04467665_21912.jpg,2.702395439147949
vehicle/truck/n04467665_22879.jpg,2.067081451416016
vehicle/truck/n04467665_23247.jpg,2.4128332138061523
vehicle/truck/n04467665_23566.jpg,3.4647293090820312
vehicle/truck/n04467665_23689.jpg,2.557014942169189
vehicle/truck/n04467665_2376.jpg,2.735731363296509
vehicle/truck/n04467665_25059.jpg,3.9948713779449454
vehicle/truck/n04467665_25374.jpg,2.264540910720825
vehicle/truck/n04467665_28176.jpg,2.7609798908233643
vehicle/truck/n04467665_28301.jpg,2.943936586380005
vehicle/truck/n04467665_28313.jpg,1.8882317543029783
vehicle/truck/n04467665_28965.jpg,3.323392868041992
vehicle/truck/n04467665_30226.jpg,1.876606822013855
vehicle/truck/n04467665_30494.jpg,1.5641510486602783
vehicle/truck/n04467665_31059.jpg,2.7687366008758545
vehicle/truck/n04467665_3211.jpg,2.1149559020996094
vehicle/truck/n04467665_3303.jpg,2.1167232990264893
vehicle/truck/n04467665_34070.jpg,2.435630798339844
vehicle/truck/n04467665_3411.jpg,2.2240068912506104
vehicle/truck/n04467665_34297.jpg,1.919186234474182
vehicle/truck/n04467665_34667.jpg,1.5086309909820557
vehicle/truck/n04467665_3561.jpg,1.6267118453979492
vehicle/truck/n04467665_38369.jpg,1.7115076780319214
vehicle/truck/n04467665_39726.jpg,2.239120960235596
vehicle/truck/n04467665_41352.jpg,1.7292808294296265
vehicle/truck/n04467665_4166.jpg,2.2793073654174805
vehicle/truck/n04467665_41825.jpg,2.1065914630889893
vehicle/truck/n04467665_42414.jpg,2.1887662410736084
vehicle/truck/n04467665_42547.jpg,1.5835652351379397
vehicle/truck/n04467665_43419.jpg,2.2183024883270264
vehicle/truck/n04467665_43858.jpg,1.608650803565979
vehicle/truck/n04467665_44969.jpg,1.940021634101868
vehicle/truck/n04467665_45314.jpg,1.8547031879425049
vehicle/truck/n04467665_47146.jpg,3.014065980911255
vehicle/truck/n04467665_4791.jpg,1.8534106016159055
vehicle/truck/n04467665_4799.jpg,2.2208733558654785
vehicle/truck/n04467665_48953.jpg,2.6971535682678223
vehicle/truck/n04467665_4940.jpg,2.2099809646606445
vehicle/truck/n04467665_49656.jpg,2.3550307750701904
vehicle/truck/n04467665_49822.jpg,2.769355297088623
vehicle/truck/n04467665_4989.jpg,2.64285945892334
vehicle/truck/n04467665_50806.jpg,3.246250629425049
vehicle/truck/n04467665_51267.jpg,2.20658016204834
vehicle/truck/n04467665_51690.jpg,3.437389612197876
vehicle/truck/n04467665_52409.jpg,2.3982350826263428
vehicle/truck/n04467665_5266.jpg,1.9351643323898315
vehicle/truck/n04467665_53339.jpg,2.851886034011841
vehicle/truck/n04467665_5510.jpg,1.86834979057312
vehicle/truck/n04467665_5674.jpg,2.1427855491638184
vehicle/truck/n04467665_57466.jpg,1.7961467504501345
vehicle/truck/n04467665_57649.jpg,2.1736385822296143
vehicle/truck/n04467665_59974.jpg,1.60276460647583
vehicle/truck/n04467665_6365.jpg,2.0233216285705566
vehicle/truck/n04467665_67892.jpg,3.0415141582489014
vehicle/truck/n04467665_69878.jpg,2.936475276947021
vehicle/truck/n04467665_70784.jpg,2.0466387271881104
vehicle/truck/n04467665_70894.jpg,2.660707950592041
vehicle/truck/n04467665_7213.jpg,1.9877798557281492
vehicle/truck/n04467665_7224.jpg,1.473379135131836
vehicle/truck/n04467665_7290.jpg,2.1638734340667725
vehicle/truck/n04467665_857.jpg,1.5882378816604614
vehicle/yacht/n04610013_10214.jpg,3.958336591720581
vehicle/yacht/n04610013_10495.jpg,2.6289873123168945
vehicle/yacht/n04610013_10508.jpg,3.5935537815093994
vehicle/yacht/n04610013_10548.jpg,3.1055896282196045
vehicle/yacht/n04610013_10628.jpg,4.17047929763794
vehicle/yacht/n04610013_11379.jpg,3.1440131664276123
vehicle/yacht/n04610013_11493.jpg,4.174091815948486
vehicle/yacht/n04610013_11968.jpg,4.190478324890137
vehicle/yacht/n04610013_12107.jpg,4.6428303718566895
vehicle/yacht/n04610013_13034.jpg,3.203887701034546
vehicle/yacht/n04610013_1345.jpg,3.444324493408203
vehicle/yacht/n04610013_13558.jpg,3.545616865158081
vehicle/yacht/n04610013_13729.jpg,3.746282815933228
vehicle/yacht/n04610013_14566.jpg,3.4308362007141118
vehicle/yacht/n04610013_14771.jpg,4.358024597167969
vehicle/yacht/n04610013_1483.jpg,4.232821464538574
vehicle/yacht/n04610013_14887.jpg,2.973137617111206
vehicle/yacht/n04610013_15057.jpg,3.6688601970672607
vehicle/yacht/n04610013_15085.jpg,5.49869441986084
vehicle/yacht/n04610013_1587.jpg,3.698541164398194
vehicle/yacht/n04610013_16108.jpg,3.691554069519043
vehicle/yacht/n04610013_1648.jpg,3.757807493209839
vehicle/yacht/n04610013_16750.jpg,3.2504451274871826
vehicle/yacht/n04610013_17134.jpg,3.212064266204834
vehicle/yacht/n04610013_17257.jpg,3.380275011062622
vehicle/yacht/n04610013_1740.jpg,2.9310853481292725
vehicle/yacht/n04610013_17480.jpg,5.424734592437744
vehicle/yacht/n04610013_17486.jpg,5.126259326934815
vehicle/yacht/n04610013_17599.jpg,4.328307628631592
vehicle/yacht/n04610013_17722.jpg,2.8621530532836914
vehicle/yacht/n04610013_18232.jpg,2.3226475715637207
vehicle/yacht/n04610013_1854.jpg,4.557312488555908
vehicle/yacht/n04610013_1891.jpg,2.0578513145446777
vehicle/yacht/n04610013_19726.jpg,3.2392756938934326
vehicle/yacht/n04610013_19830.jpg,3.309259414672852
vehicle/yacht/n04610013_19835.jpg,3.1720099449157715
vehicle/yacht/n04610013_19863.jpg,4.301380157470703
vehicle/yacht/n04610013_2018.jpg,4.496694087982178
vehicle/yacht/n04610013_2048.jpg,5.471668243408203
vehicle/yacht/n04610013_21208.jpg,3.3327667713165283
vehicle/yacht/n04610013_21393.jpg,3.099751234054565
vehicle/yacht/n04610013_2229.jpg,4.937039852142334
vehicle/yacht/n04610013_22656.jpg,3.9749720096588135
vehicle/yacht/n04610013_2271.jpg,3.7585537433624263
vehicle/yacht/n04610013_2305.jpg,3.5183582305908203
vehicle/yacht/n04610013_2308.jpg,5.838377475738525
vehicle/yacht/n04610013_24400.jpg,4.22609806060791
vehicle/yacht/n04610013_24511.jpg,2.710099935531616
vehicle/yacht/n04610013_24979.jpg,3.084312677383423
vehicle/yacht/n04610013_2504.jpg,3.3590962886810303
vehicle/yacht/n04610013_253.jpg,3.2202017307281494
vehicle/yacht/n04610013_25552.jpg,2.379268169403076
vehicle/yacht/n04610013_25569.jpg,3.3919670581817627
vehicle/yacht/n04610013_2593.jpg,4.74840259552002
vehicle/yacht/n04610013_2600.jpg,2.6120707988739014
vehicle/yacht/n04610013_2835.jpg,4.141485691070557
vehicle/yacht/n04610013_2951.jpg,2.827814817428589
vehicle/yacht/n04610013_2959.jpg,2.224353313446045
vehicle/yacht/n04610013_3141.jpg,4.934389591217041
vehicle/yacht/n04610013_3149.jpg,4.439442157745361
vehicle/yacht/n04610013_3486.jpg,2.64090633392334
vehicle/yacht/n04610013_3520.jpg,2.9404101371765137
vehicle/yacht/n04610013_3527.jpg,2.972908973693848
vehicle/yacht/n04610013_379.jpg,2.946012496948242
vehicle/yacht/n04610013_3892.jpg,2.557206153869629
vehicle/yacht/n04610013_4073.jpg,4.0503926277160645
vehicle/yacht/n04610013_4673.jpg,4.478323936462402
vehicle/yacht/n04610013_4698.jpg,3.898611545562744
vehicle/yacht/n04610013_4797.jpg,3.2534804344177246
vehicle/yacht/n04610013_4829.jpg,3.1744327545166016
vehicle/yacht/n04610013_4943.jpg,3.5612382888793945
vehicle/yacht/n04610013_5514.jpg,3.0719242095947266
vehicle/yacht/n04610013_5561.jpg,3.981142044067383
vehicle/yacht/n04610013_5576.jpg,3.331326484680176
vehicle/yacht/n04610013_582.jpg,3.12886643409729
vehicle/yacht/n04610013_5869.jpg,5.276637077331543
vehicle/yacht/n04610013_591.jpg,3.5478758811950684
vehicle/yacht/n04610013_5951.jpg,3.601481676101685
vehicle/yacht/n04610013_6077.jpg,3.087970495223999
vehicle/yacht/n04610013_6191.jpg,3.979842185974121
vehicle/yacht/n04610013_6307.jpg,4.49660587310791
vehicle/yacht/n04610013_6804.jpg,3.791512966156006
vehicle/yacht/n04610013_7160.jpg,5.344000816345215
vehicle/yacht/n04610013_7277.jpg,3.9298579692840576
vehicle/yacht/n04610013_751.jpg,2.6627748012542725
vehicle/yacht/n04610013_7516.jpg,3.97133994102478
vehicle/yacht/n04610013_7641.jpg,2.991544246673584
vehicle/yacht/n04610013_9276.jpg,3.6904590129852295
vehicle/yacht/n04610013_9444.jpg,3.944617986679077
vehicle/yacht/n04610013_9569.jpg,2.8533527851104736
vehicle/yacht/n04610013_9664.jpg,4.282075881958008
vehicle/yacht/n04610013_991.jpg,4.216819763183594
