image_name,jpeg_based_compressibility,canny_based_compressibility
animal/bear/000000003481.jpg,-0.833445703090335,0.2004214589569875
animal/bear/000000005745.jpg,-1.263533900029807,0.163182353422708
animal/bear/000000011552.jpg,-1.3571657601898517,0.3068047917020471
animal/bear/000000027439.jpg,-0.6377452597583373,0.3182780055548208
animal/bear/000000055601.jpg,-0.6066944722160935,0.2177301606582003
animal/bear/000000067118.jpg,-1.698630524217842,0.2327264357646102
animal/bear/000000074032.jpg,-1.2718976425701785,0.1565827138439972
animal/bear/000000083773.jpg,-0.9302648813003398,0.2571938059409586
animal/bear/000000115681.jpg,-1.2781861837497237,0.2627725793445913
animal/bear/000000123891.jpg,-0.5686781754483764,0.3128582580573212
animal/bear/000000133428.jpg,-0.9424281524798936,0.1319864079945096
animal/bear/000000138239.jpg,-1.0668494938311814,0.1574030915376065
animal/bear/000000139892.jpg,-0.9496552217548654,0.322063721633603
animal/bear/000000150812.jpg,-0.8378055372562235,0.0835593534191665
animal/bear/000000162767.jpg,-0.98692035807529,0.2816031029234592
animal/bear/000000175210.jpg,-1.1302270889710258,0.2019604929998198
animal/bear/000000180046.jpg,-1.057158781975766,0.1722610582138122
animal/bear/000000182927.jpg,-0.93107368580752,0.2889496468443838
animal/bear/000000204640.jpg,-0.8197842209120022,0.2771318375045747
animal/bear/000000208371.jpg,-0.8487472918551627,0.2498907926030189
animal/bear/000000213437.jpg,-1.1660118403093829,0.1679985282966379
animal/bear/000000216455.jpg,-0.7790327647025662,0.0448501037317017
animal/bear/000000220306.jpg,-0.7296001635723328,0.2001722882084056
animal/bear/000000223950.jpg,-1.0218561151641397,0.1712253223636023
animal/bear/000000224193.jpg,-0.8075577103439204,0.2889905379267081
animal/bear/000000233948.jpg,-0.6287896808636955,0.2444688325290277
animal/bear/000000242290.jpg,-0.9345500407049896,0.2139395889395889
animal/bear/000000267898.jpg,-1.0641631134842957,0.2431003217928157
animal/bear/000000272804.jpg,-1.1631466551556722,0.2083563761149161
animal/bear/000000285089.jpg,-1.254502724316893,0.3127659992726486
animal/bear/000000289354.jpg,-0.799684022737286,0.17413749362852
animal/bear/000000296283.jpg,-0.8388044770150469,0.1148931230511765
animal/bear/000000303250.jpg,-1.2842681813712058,0.280337523118919
animal/bear/000000313412.jpg,-1.0801458019332797,0.0075621049727091
animal/bear/000000321092.jpg,-1.025308921665566,0.226810705465298
animal/bear/000000327159.jpg,-0.9502084660299904,0.1755265290808559
animal/bear/000000338488.jpg,-1.123277692528832,0.0047668382799106
animal/bear/000000344075.jpg,-1.4541720319756228,0.2241924514626966
animal/bear/000000352129.jpg,-1.330524139928991,0.1960765262592189
animal/bear/000000354326.jpg,-0.9808585816150596,0.3076665612971606
animal/bear/000000355276.jpg,-0.9411377531476408,0.2510707205230262
animal/bear/000000357386.jpg,-0.787976277179242,0.1814931999067976
animal/bear/000000368309.jpg,-1.0063596929578735,0.2230847573286267
animal/bear/000000396194.jpg,-0.867666618898449,0.2578596746163438
animal/bear/000000417577.jpg,-1.3633477362793898,0.1977510935943522
animal/bear/000000419604.jpg,-1.0016300916705594,0.1782667405574591
animal/bear/000000420544.jpg,-1.1463676301582897,0.226979079300666
animal/bear/000000421986.jpg,-1.237449836329205,0.1494219603552865
animal/bear/000000444087.jpg,-0.5221106680000113,0.2340950670259122
animal/bear/000000446764.jpg,-1.1867593919022938,0.3132464885180112
animal/bear/000000452263.jpg,-0.8644456115358725,0.2772873676970953
animal/bear/000000454832.jpg,-0.9628178758958365,0.1458035225570908
animal/bear/000000454979.jpg,-0.8505633232138549,0.1372860332423716
animal/bear/000000466024.jpg,-1.2500500074483687,0.2794524320739234
animal/bear/000000473030.jpg,-0.9271003031117128,0.2532098824031992
animal/bear/000000474246.jpg,-1.38519092188801,0.2404084129076306
animal/bear/000000474543.jpg,-0.9590915004956816,0.2972489040824516
animal/bear/000000486686.jpg,-1.040432051958147,0.023385410964974
animal/bear/000000497042.jpg,-0.9252060417227376,0.2213105036222615
animal/bear/000000504550.jpg,-1.3462795242271794,0.119456100433336
animal/bear/000000519089.jpg,-0.6670946304676292,0.2682212581344902
animal/bear/000000528882.jpg,-1.296205412058105,0.1373615716698992
animal/bear/000000538957.jpg,-0.9502570135731976,0.2668560915983596
animal/bear/000000544279.jpg,-0.5908911682368105,0.2796108675279099
animal/bear/000000553162.jpg,-1.109144897365496,0.0858190833693327
animal/bear/000000565077.jpg,-0.8571915809694416,0.1164358117072652
animal/bear/000000571074.jpg,-0.7518195327015363,0.2621528326745718
animal/bear/000000574152.jpg,-1.1749314748994792,0.3248793995802336
animal/bear/n02132136_11173.jpg,-0.9562216762771276,0.2778015497241937
animal/bear/n02132136_1152.jpg,-1.0553742324522826,0.2041083115455711
animal/bear/n02132136_1156.jpg,-0.8492022923227138,0.285137392813299
animal/bear/n02132136_19256.jpg,-1.1913450447893883,0.066258055250564
animal/bear/n02132136_19488.jpg,-1.2238647430877485,0.2366803980842007
animal/bear/n02132136_1954.jpg,-0.9602412186986058,0.3362126280092151
animal/bear/n02132136_2279.jpg,-1.0074497236660076,0.2317677498574749
animal/bear/n02132136_2313.jpg,-0.7967287429252241,0.1872395901821037
animal/bear/n02132136_3066.jpg,-1.109652392486265,0.25049531794198
animal/bear/n02132136_3328.jpg,-0.8677706017293378,0.2359495099076229
animal/bear/n02132136_4277.jpg,-1.313246098461606,0.135772226849292
animal/bear/n02132136_4426.jpg,-1.0181335978194892,0.105875624841142
animal/bear/n02132136_4685.jpg,-0.9853697656866428,0.211290856468711
animal/bear/n02132136_4740.jpg,-1.056704009547745,0.1757509709122612
animal/bear/n02132136_538.jpg,-0.9066702372123656,0.3491749174917491
animal/bear/n02132136_686.jpg,-0.835268019775926,0.1158799420556124
animal/bear/n02132136_6967.jpg,-0.8792773705637845,0.2231281300880031
animal/bear/n02132136_7468.jpg,-0.9775435641093188,0.2132648622737481
animal/bear/n02132136_965.jpg,-1.5542179273074173,0.2129844468062811
animal/bear/n02132580_13942.jpg,-0.5763881128181025,0.3189512249394347
animal/bear/n02132580_19931.jpg,-0.6439674159056372,0.2595093152092781
animal/bear/n02132580_21450.jpg,-0.6107256888669207,0.2877195737423174
animal/bear/n02132580_22386.jpg,-0.893459966778903,0.120113620992831
animal/bear/n02132580_23122.jpg,-1.317371526085917,0.2443659232668975
animal/bear/n02132580_23336.jpg,-1.4664763497450273,0.2876068307026189
animal/bear/n02132580_23449.jpg,-1.044697430773916,0.2712061299782423
animal/bear/n02132580_24520.jpg,-0.5324644271581035,0.2147290990885
animal/bear/n02132580_5128.jpg,-0.7679854475513694,0.239005136044249
animal/bear/n02133161_1066.jpg,-0.6421796039149794,0.1825970548862115
animal/bear/n02133161_10846.jpg,-0.5932781074224527,0.3219153979713764
animal/bear/n02133161_1148.jpg,-1.072833606103481,0.1568722069529824
animal/bear/n02133161_1201.jpg,-0.7565490378415077,0.2277567736615021
animal/cat/000000036559.jpg,-0.7718799594610893,0.1934390340140095
animal/cat/000000043655.jpg,-1.1333611229488734,0.1530009526833915
animal/cat/000000044545.jpg,-1.1962596405812995,0.2081918760920384
animal/cat/000000067164.jpg,-2.13639545712172,0.2793662768766503
animal/cat/000000073260.jpg,-1.4156326106001988,0.3653696102045663
animal/cat/000000073467.jpg,-1.4199970748429,0.2646272364417897
animal/cat/000000074883.jpg,-1.411539823769102,0.1520020836164334
animal/cat/000000077417.jpg,-1.4113877348558763,0.1178281299371107
animal/cat/000000094444.jpg,-1.2973904964549934,0.2540264395103104
animal/cat/000000096517.jpg,-1.0882549227894218,0.1779081625653385
animal/cat/000000098871.jpg,-1.2469373584186494,0.364856030520944
animal/cat/000000111400.jpg,-1.5916764508311347,0.3213287701340702
animal/cat/000000115642.jpg,-0.9906099286803024,0.288664940397042
animal/cat/000000117407.jpg,-0.9869634022459276,0.2812757562863934
animal/cat/000000124462.jpg,-1.3446413851603891,0.2272651889554605
animal/cat/000000127056.jpg,-1.2617906550294422,0.3010508757297748
animal/cat/000000132752.jpg,-1.1242888706426402,0.2297280608590411
animal/cat/000000140360.jpg,-1.277427327551595,0.3274615485736821
animal/cat/000000141376.jpg,-1.47023801480344,0.2850001132964742
animal/cat/000000142484.jpg,-1.2648808289224682,0.2490984828583807
animal/cat/000000145476.jpg,-0.9549334314255332,0.3061082755956637
animal/cat/000000150691.jpg,-1.6586902657894564,0.2692135141664078
animal/cat/000000163715.jpg,-1.149165796620882,0.3592199235128784
animal/cat/000000207093.jpg,-1.6716270040395615,0.3008328673592513
animal/cat/000000220292.jpg,-1.317369458027229,0.1466790822482215
animal/cat/000000223757.jpg,-1.3571956274925152,0.3382812093458917
animal/cat/000000223942.jpg,-1.2254426009250412,0.1252387421978065
animal/cat/000000224833.jpg,-1.2989785233220057,0.344838703952389
animal/cat/000000233169.jpg,-1.1849285768652251,0.2180479967269147
animal/cat/000000233613.jpg,-0.987528497349977,0.2949078618031461
animal/cat/000000234475.jpg,-1.5101495924262869,0.1746381007527504
animal/cat/000000250924.jpg,-1.9430543321972096,0.2084430449614086
animal/cat/000000255420.jpg,-1.3036242034180483,0.202583619645231
animal/cat/000000262118.jpg,-0.9703163860912136,0.3018507121505187
animal/cat/000000266627.jpg,-0.6748976899055225,0.187290546629003
animal/cat/000000268781.jpg,-1.4762383953635223,0.4358645276292334
animal/cat/000000288560.jpg,-0.8301795689070602,0.2200840282326981
animal/cat/000000288639.jpg,-1.3661624131788477,0.3092616856827383
animal/cat/000000291603.jpg,-0.8309722033238394,0.3365669044718984
animal/cat/000000292993.jpg,-1.2505001806841132,0.2269242258289355
animal/cat/000000296244.jpg,-1.178468423037976,0.2750810975447477
animal/cat/000000301697.jpg,-1.1007865400411996,0.3562447590391161
animal/cat/000000306173.jpg,-1.2427107950498582,0.3139598457005741
animal/cat/000000311290.jpg,-1.0429310160242886,0.2990265099631868
animal/cat/000000318722.jpg,-1.4511735894737423,0.2668987199640691
animal/cat/000000318837.jpg,-1.0424934725378934,0.2600727839875227
animal/cat/000000325298.jpg,-1.631161707841923,0.2816406391535926
animal/cat/000000329641.jpg,-0.9434279235389632,0.2738041897574971
animal/cat/000000338091.jpg,-1.3962704891291795,0.2856127424423014
animal/cat/000000349777.jpg,-1.290554703721378,0.2187263552359561
animal/cat/000000352117.jpg,-1.2357817580359776,0.3330546127433033
animal/cat/000000353149.jpg,-1.194992745494388,0.2772893691614707
animal/cat/000000359710.jpg,-1.465668716543249,0.3098446072741591
animal/cat/000000367468.jpg,-1.1255441569510245,0.264023454499645
animal/cat/000000369132.jpg,-1.347728151991417,0.3077043071323338
animal/cat/000000379620.jpg,-1.3017152111291763,0.2566591723988065
animal/cat/000000381605.jpg,-1.603779962635986,0.2568470288647306
animal/cat/000000382710.jpg,-1.0390782875687583,0.2843741931782323
animal/cat/000000386291.jpg,-1.288665363141466,0.3815084254703753
animal/cat/000000386414.jpg,-1.392408177468295,0.2562683621068051
animal/cat/000000389541.jpg,-0.7451602322904544,0.3481743566234741
animal/cat/000000393046.jpg,-0.7814541859707326,0.2983257417513989
animal/cat/000000395555.jpg,-1.669090282217053,0.2841256602724492
animal/cat/000000395987.jpg,-1.5456120955632358,0.2373691770982967
animal/cat/000000404172.jpg,-1.0027044779027576,0.3265705848321434
animal/cat/000000411065.jpg,-1.4811202663055096,0.2815225510515407
animal/cat/000000414487.jpg,-1.6228917139320396,0.3500636491975345
animal/cat/000000416006.jpg,-1.4080210454502982,0.1875911258225952
animal/cat/000000419008.jpg,-1.0784085901336826,0.3630424758848374
animal/cat/000000428266.jpg,-1.637154390258734,0.3521384208181556
animal/cat/000000433123.jpg,-1.1804676315267997,0.198291934089124
animal/cat/000000437126.jpg,-1.5568475783943845,0.3134922400708009
animal/cat/000000439085.jpg,-1.0936662875280163,0.3546117460937625
animal/cat/000000440067.jpg,-1.56085724421342,0.3107178023087238
animal/cat/000000445267.jpg,-1.6542047675979106,0.2982030263178412
animal/cat/000000452696.jpg,-1.1627942836169836,0.249575685275059
animal/cat/000000467172.jpg,-1.33302642982797,0.3669530832586963
animal/cat/000000474764.jpg,-1.0889825987066175,0.3570038503875933
animal/cat/000000477673.jpg,-1.688029707734903,0.2823599600116095
animal/cat/000000485139.jpg,-1.670960256085802,0.3425338328618396
animal/cat/000000502275.jpg,-1.5427079509426875,0.2733863754060542
animal/cat/000000503294.jpg,-1.2544709824272178,0.197442699235761
animal/cat/000000503938.jpg,-1.4632773914405626,0.2363983807032044
animal/cat/000000511148.jpg,-1.2190864262123842,0.3128246156062449
animal/cat/000000511239.jpg,-0.960232989728475,0.269359224031686
animal/cat/000000518324.jpg,-1.3657653020845255,0.2721071929256983
animal/cat/000000530489.jpg,-1.137755720524929,0.1223576083876452
animal/cat/000000531594.jpg,-1.0958938433262742,0.309250106440088
animal/cat/000000532491.jpg,-1.314381906577855,0.3605874188071045
animal/cat/000000535080.jpg,-0.9158844760305735,0.2242816714009651
animal/cat/000000535679.jpg,-1.3286158193606452,0.140997978715632
animal/cat/000000537022.jpg,-1.3309304570478433,0.2317165262852163
animal/cat/000000543264.jpg,-1.120446973622118,0.2845964286634249
animal/cat/000000559776.jpg,-1.3219406855749467,0.1875082321329786
animal/cat/000000567754.jpg,-1.3444305385500346,0.3599340052428196
animal/cat/000000571671.jpg,-1.5419147267649134,0.2615233793743327
animal/cat/000000576072.jpg,-1.3015761819875935,0.1393580402645428
animal/cat/000000580427.jpg,-0.7533711431218925,0.2791563524117818
animal/cat/n02123045_13139.jpg,-1.4555421909910444,0.2713999158019861
animal/cat/n02123597_11551.jpg,-1.13620990224503,0.2976537382857924
animal/chicken/n01514668_10672.jpg,-0.9910132529028782,0.2226428454708862
animal/chicken/n01514668_10820.jpg,-1.0083984018962822,0.06593432186942
animal/chicken/n01514668_11498.jpg,-0.9821830500765262,0.2938062093210407
animal/chicken/n01514668_12187.jpg,-1.4475895456559489,0.0784408224653186
animal/chicken/n01514668_13509.jpg,-1.6808144239490288,0.2328418724659049
animal/chicken/n01514668_14530.jpg,-1.424151325912268,0.2688341128613157
animal/chicken/n01514668_14572.jpg,-1.3771285309817256,0.251755239763805
animal/chicken/n01514668_15917.jpg,-1.2823480608751057,0.24519438696413
animal/chicken/n01514668_17062.jpg,-0.8926998047023564,0.3399617536852653
animal/chicken/n01514668_17461.jpg,-0.8812420351102566,0.1875435694574494
animal/chicken/n01514668_18223.jpg,-0.878233429964869,0.3164545838985517
animal/chicken/n01514668_18613.jpg,-0.7675089626196124,0.2196852473864966
animal/chicken/n01514668_18729.jpg,-1.4147441934468328,0.2181936269166485
animal/chicken/n01514668_18848.jpg,-0.8254413632881905,0.0691819755716361
animal/chicken/n01514668_20239.jpg,-1.2865671671848686,0.1745982043392125
animal/chicken/n01514668_20315.jpg,-0.5917638531118844,0.2289284851759524
animal/chicken/n01514668_20424.jpg,-1.4866698595458014,0.3153611701902044
animal/chicken/n01514668_20610.jpg,-0.5992656769612089,0.1448652517374465
animal/chicken/n01514668_20967.jpg,-1.0896094564100611,0.2566892149581485
animal/chicken/n01514668_21350.jpg,-0.95850433888877,0.3353732956724902
animal/chicken/n01514668_22000.jpg,-1.0663709106979824,0.3750038975674724
animal/chicken/n01514668_23654.jpg,-1.2060381000998024,0.0479215577958845
animal/chicken/n01514668_3493.jpg,-1.116323767386449,0.3506569925206921
animal/chicken/n01514668_3668.jpg,-1.5911067016962543,0.1850482909348032
animal/chicken/n01514668_4216.jpg,-1.0902615007065648,0.2700662366586642
animal/chicken/n01514668_4832.jpg,-1.1817536635759427,0.0336252038801613
animal/chicken/n01514668_690.jpg,-1.5118738697826923,0.1701930778143249
animal/chicken/n01514668_7269.jpg,-0.969143120629539,0.2220014548928916
animal/chicken/n01514668_7597.jpg,-1.6333854152047254,0.3103549813596664
animal/chicken/n01514668_8514.jpg,-1.6546727563184314,0.2495893501224443
animal/chicken/n01514668_9003.jpg,-1.1004921820770734,0.1029812131826142
animal/chicken/n01514668_9306.jpg,-1.3169353304486286,0.1663790143951543
animal/chicken/n01514859_10423.jpg,-1.2470306724932716,0.2585631508378567
animal/chicken/n01514859_10488.jpg,-1.5039438923061417,0.0975480455282725
animal/chicken/n01514859_10948.jpg,-1.26467417431539,0.1260665624301988
animal/chicken/n01514859_11835.jpg,-1.0535701080525224,0.1555321383253358
animal/chicken/n01514859_12292.jpg,-1.4984797740642346,0.0821588404248213
animal/chicken/n01514859_12538.jpg,-0.8318405963287069,0.1756808977413455
animal/chicken/n01514859_129.jpg,-1.2395383911238498,0.2143354922031341
animal/chicken/n01514859_1469.jpg,-0.9917120200409948,0.1889573064809976
animal/chicken/n01514859_2765.jpg,-1.0267328169158594,0.2409830893014101
animal/chicken/n01514859_3543.jpg,-1.2611639858213062,0.165085992222022
animal/chicken/n01514859_3773.jpg,-1.6149927677247735,0.1247631823341244
animal/chicken/n01514859_4042.jpg,-1.1024460753789431,0.2732782048090013
animal/chicken/n01514859_4045.jpg,-1.14437629286947,0.2373083616474683
animal/chicken/n01514859_4051.jpg,-1.1490838038965174,0.1293454588368242
animal/chicken/n01514859_4326.jpg,-0.7858313094842744,0.1388343795376689
animal/chicken/n01514859_4612.jpg,-1.094404196307862,0.2039884512451825
animal/chicken/n01514859_4910.jpg,-0.7894382044283893,0.1556432981036006
animal/chicken/n01514859_4999.jpg,-0.7489486250170182,0.2033599728188613
animal/chicken/n01514859_5565.jpg,-1.156097172912386,0.1589625064201335
animal/chicken/n01514859_6450.jpg,-0.9316492776491222,0.2685846399065738
animal/chicken/n01514859_6640.jpg,-0.91876823587624,0.2758581287993052
animal/chicken/n01514859_6849.jpg,-0.8121421241993217,0.2593689103423617
animal/chicken/n01514859_7029.jpg,-0.4682595568605652,0.2160817154018132
animal/chicken/n01514859_7634.jpg,-1.47947953843087,0.1269897620899746
animal/chicken/n01514859_945.jpg,-1.3530578415635983,0.0559862155435512
animal/chicken/n01791625_10861.jpg,-1.0431166705863482,0.2327620251164995
animal/chicken/n01791625_12250.jpg,-0.8395743850644901,0.3582730670290734
animal/chicken/n01791625_12394.jpg,-1.1756546367047092,0.1643185396027796
animal/chicken/n01791625_12948.jpg,-1.56550006120683,0.2179054545454545
animal/chicken/n01791625_15716.jpg,-1.06379812405121,0.2372558172306283
animal/chicken/n01791625_16028.jpg,-1.903675183527337,0.1641435759812143
animal/chicken/n01791625_16100.jpg,-1.658151298324508,0.1462816289339034
animal/chicken/n01791625_16214.jpg,-1.067609747235501,-0.0648864496182404
animal/chicken/n01791625_17466.jpg,-0.5027598720542036,0.2976118537139542
animal/chicken/n01791625_3148.jpg,-0.8642506610931842,0.2498057498057498
animal/chicken/n01791625_526.jpg,-1.7599453978491335,0.2782293222156523
animal/chicken/n01791625_644.jpg,-1.053969968595638,0.1459439686163704
animal/chicken/n01791625_8908.jpg,-0.9345452965912204,0.307039627039627
animal/chicken/n01791625_9841.jpg,-0.9119313242075076,0.2976581321404545
animal/chicken/n01792640_10135.jpg,-0.6603990903406556,0.2637137231000047
animal/chicken/n01792640_11755.jpg,-0.94192829462237,0.0714894034605665
animal/chicken/n01792640_13474.jpg,-1.2123625909603573,0.1456674862219323
animal/chicken/n01792640_14323.jpg,-0.8622008349739585,0.306017049343538
animal/chicken/n01792640_19952.jpg,-1.1493137798518536,0.2367334808308292
animal/chicken/n01792640_22171.jpg,-0.7704733369249686,0.2549828330514251
animal/chicken/n01792640_2815.jpg,-0.9201864692150856,0.2944231422608358
animal/chicken/n01792640_4344.jpg,-1.0542068608345394,0.1312080179933741
animal/chicken/n01792640_5386.jpg,-0.9855541599431562,0.1607894696843033
animal/chicken/n01792640_6568.jpg,-1.5797620793346354,0.1350912054104461
animal/chicken/n01792640_6987.jpg,-1.312853775411206,0.2005571030640668
animal/chicken/n01792640_712.jpg,-1.2943366183157192,0.2816213214880622
animal/chicken/n01792640_8097.jpg,-1.1437143082745636,0.1722827990891575
animal/chicken/n01792955_11320.jpg,-0.6924766196237714,0.1660663918420481
animal/chicken/n01792955_16450.jpg,-1.1464395088637824,0.1286316520359073
animal/chicken/n01792955_2693.jpg,-0.7592834455898754,0.151762194044867
animal/chicken/n01792955_454.jpg,-1.0883774857054571,0.2806807764358883
animal/chicken/n01792955_93.jpg,-1.978403125611771,0.281399276774952
animal/chicken/n01793435_1195.jpg,-1.0752432094297413,0.211166664742176
animal/chicken/n01793435_2190.jpg,-1.3662869170759966,0.2745310437208942
animal/chicken/n01793435_2306.jpg,-0.9510730034046472,0.3061063810308523
animal/chicken/n01793435_2761.jpg,-0.897719698790648,0.2604204476063183
animal/chicken/n01793435_425.jpg,-0.9876850280572036,0.2315652244764931
animal/chicken/n01793435_5738.jpg,-0.994052100255311,0.0556354221361192
animal/chicken/n01793435_7070.jpg,-1.3689785044570526,0.3355226969728045
animal/chicken/n01793435_7545.jpg,-0.8988151734175946,0.2676253157897621
animal/chicken/n01793435_9649.jpg,-1.3523947736113209,0.059923803347789
animal/chicken/n01793435_9890.jpg,-1.5245342077859902,0.2408487199018098
animal/chicken/n01793435_9973.jpg,-1.2099924151841543,0.182098111608764
animal/cow/000000003480.jpg,-0.6761138072768518,0.1986864957165165
animal/cow/000000018534.jpg,-0.881539362595232,0.2902158286669478
animal/cow/000000019974.jpg,-1.2457249038101552,0.1985316820474116
animal/cow/000000022983.jpg,-0.8715825527111523,0.1797680679229654
animal/cow/000000029341.jpg,-1.329216806990373,0.1797750448413417
animal/cow/000000051094.jpg,-0.6847005183180509,0.2935265544786942
animal/cow/000000055722.jpg,-1.3748174506729371,0.1814316526184776
animal/cow/000000060687.jpg,-0.7381197833093581,0.304371157543363
animal/cow/000000067082.jpg,-0.9842706542005673,0.3087001929007604
animal/cow/000000068030.jpg,-0.8930009055972423,0.2844284428442845
animal/cow/000000070603.jpg,-1.5260802152443365,0.1974621726545674
animal/cow/000000072905.jpg,-0.6843697314216675,0.1601109089978646
animal/cow/000000080363.jpg,-0.6536633471566391,0.1506628264153744
animal/cow/000000082935.jpg,-1.09788959595081,0.2719676269590484
animal/cow/000000088176.jpg,-0.8152871368010073,0.1898233228616934
animal/cow/000000088382.jpg,-0.6533739796937469,0.3212000441437671
animal/cow/000000089668.jpg,-0.7387009267239105,0.3231258086357267
animal/cow/000000089895.jpg,-0.9659258384483967,0.2275907356318041
animal/cow/000000092679.jpg,-0.9389915759106772,0.2234488071262334
animal/cow/000000094716.jpg,-0.9966190469172452,0.1729071468654802
animal/cow/000000104095.jpg,-0.6632491624490905,0.3166545845517263
animal/cow/000000106589.jpg,-1.3156975089489615,0.2923819033494368
animal/cow/000000112295.jpg,-1.013657572845294,0.3798546122994652
animal/cow/000000113852.jpg,-0.6037847075094813,0.3567117035568979
animal/cow/000000114246.jpg,-0.9955111882590244,0.2656441893011166
animal/cow/000000123229.jpg,-0.9811183615575408,0.3023576578348596
animal/cow/000000130221.jpg,-1.7705456694607824,0.1462990561351217
animal/cow/000000131390.jpg,-0.8313036806574617,0.3602069965015024
animal/cow/000000133137.jpg,-0.7640314526531231,0.2899625408951935
animal/cow/000000139105.jpg,-0.8207887068893135,0.3254295310039664
animal/cow/000000139455.jpg,-1.068557127721545,0.2412417517862591
animal/cow/000000149832.jpg,-0.844194942866962,0.3226382328117612
animal/cow/000000153428.jpg,-0.7890170867790574,0.1323274635509951
animal/cow/000000153973.jpg,-0.6389512569400968,0.3407972760456494
animal/cow/000000159196.jpg,-1.1985306576742956,0.2374236560555016
animal/cow/000000166021.jpg,-1.7574248695317678,0.2926443761591663
animal/cow/000000166223.jpg,-0.7913655247509754,0.3829786630348428
animal/cow/000000189459.jpg,-0.8751195131385011,0.2444973311742148
animal/cow/000000195204.jpg,-0.7360794629100518,0.3224297225325976
animal/cow/000000213961.jpg,-0.7258954309092016,0.3287832594235033
animal/cow/000000221895.jpg,-1.3255223113655474,0.1245243128964059
animal/cow/000000222893.jpg,-1.021078353841505,0.2436959906722063
animal/cow/000000223123.jpg,-0.8374847721019772,0.0962639229602813
animal/cow/000000223511.jpg,-0.8207932267914758,0.2560181486561854
animal/cow/000000231668.jpg,-0.5836387491153817,0.2702698396893359
animal/cow/000000233383.jpg,-0.9342782122649405,0.1995297894633612
animal/cow/000000239762.jpg,-1.4128419646849024,0.2655257633334219
animal/cow/000000253030.jpg,-1.0066841537536362,0.2152808083520763
animal/cow/000000256284.jpg,-1.1395454892356822,0.3368838763575605
animal/cow/000000264615.jpg,-1.0234666717566523,0.2777215830067013
animal/cow/000000267797.jpg,-1.142109040938687,0.1465780948866199
animal/cow/000000270431.jpg,-1.025346571993366,0.3570057420679827
animal/cow/000000278437.jpg,-0.9593737383122954,0.2535135725236493
animal/cow/000000282572.jpg,-1.4128580281799108,0.0687518776255977
animal/cow/000000284536.jpg,-0.7201629637734581,0.3246944940271866
animal/cow/000000288076.jpg,-0.6610267056847157,0.3597992710369235
animal/cow/000000288117.jpg,-1.2908664549351974,0.3155161526450878
animal/cow/000000305888.jpg,-1.1131378247979633,0.1079821019316817
animal/cow/000000318708.jpg,-0.9294574273464128,0.2529947901166966
animal/cow/000000319469.jpg,-0.8480858582321218,0.2933107953444966
animal/cow/000000333550.jpg,-0.939845357709014,0.17738590245994
animal/cow/000000335624.jpg,-0.992167834335461,0.2893714143042461
animal/cow/000000345835.jpg,-1.5946458134808172,0.2441746085973117
animal/cow/000000346511.jpg,-1.0849172246679026,0.1368131319297233
animal/cow/000000347445.jpg,-1.4183211716558728,0.2047498621437127
animal/cow/000000349408.jpg,-0.8084817232372434,0.3390978419690478
animal/cow/000000352276.jpg,-0.8657979293539312,0.1530508761056961
animal/cow/000000352307.jpg,-0.9511090919753368,0.1801651206410075
animal/cow/000000363067.jpg,-0.9840280199157084,0.3470783004873914
animal/cow/000000373153.jpg,-1.011338309938061,0.289050309796852
animal/cow/000000397309.jpg,-1.2654540027528651,0.2844299668846621
animal/cow/000000411415.jpg,-0.6336457009928067,0.3432405117504655
animal/cow/000000412922.jpg,-0.7034448692434263,0.1728230799953934
animal/cow/000000414679.jpg,-0.8881819944028178,0.2117948955593915
animal/cow/000000416684.jpg,-0.7609548769897823,0.3308550431698602
animal/cow/000000416948.jpg,-0.6300955047167826,0.2517514151628042
animal/cow/000000419780.jpg,-0.7502505910716655,0.2545537609376605
animal/cow/000000421502.jpg,-0.6832940351244224,0.2501828416687101
animal/cow/000000444166.jpg,-0.7898658853105668,0.2359592758551504
animal/cow/000000447684.jpg,-1.3394751211698224,0.3020117404410598
animal/cow/000000449985.jpg,-1.2409940736664449,0.1650544425887147
animal/cow/000000455443.jpg,-0.7943466558435729,0.20577059607157
animal/cow/000000466635.jpg,-1.5195750071736098,0.282448347107438
animal/cow/000000470525.jpg,-1.1959696964753617,0.3055537494078416
animal/cow/000000484384.jpg,-0.9131924562333686,0.1954039844683655
animal/cow/000000486005.jpg,-1.1094380129412158,0.2938228180756662
animal/cow/000000487340.jpg,-0.8750726771689675,0.26713823364334
animal/cow/000000488043.jpg,-0.818034041009129,0.1353747002762935
animal/cow/000000489261.jpg,-1.3069744407252015,0.2299344740943189
animal/cow/000000493612.jpg,-0.9855315948440097,0.3064079931379467
animal/cow/000000507547.jpg,-1.3107071732027162,0.3059259451700689
animal/cow/000000518555.jpg,-0.7394354077340096,0.3304644626824876
animal/cow/000000526456.jpg,-0.735855202868751,0.1994724451476391
animal/cow/000000528189.jpg,-0.5937543228060019,0.1009750280583614
animal/cow/000000532145.jpg,-0.5392629109209238,0.1943774896607718
animal/cow/000000533051.jpg,-1.0957468605602851,0.3424417755179568
animal/cow/000000534311.jpg,-0.7325498953881301,0.1537696233201308
animal/cow/000000541510.jpg,-0.774036510217345,0.2562941698532875
animal/cow/000000551533.jpg,-0.9333540994777338,0.2675415500869949
animal/cow/000000576206.jpg,-0.8186337045372025,0.3023915123528305
animal/deer/n02430045_12102.jpg,-0.9367925950324376,0.1660085857064032
animal/deer/n02430045_12809.jpg,-0.6131421459649096,0.2572275652088609
animal/deer/n02430045_13141.jpg,-1.5530433324346626,0.2490152065315464
animal/deer/n02430045_2153.jpg,-0.8623227262296397,0.2176282225237449
animal/deer/n02430045_2199.jpg,-1.2581832991989352,0.3040191181788859
animal/deer/n02430045_2537.jpg,-1.343007575637568,0.2991863564473971
animal/deer/n02430045_2970.jpg,-1.5157712421478624,0.2700230690362269
animal/deer/n02430045_3429.jpg,-0.5885571312751482,0.2757125154894671
animal/deer/n02430045_3448.jpg,-1.0408532071725634,0.2339413920411972
animal/deer/n02430045_3541.jpg,-0.8910652575963387,0.2463154768533987
animal/deer/n02430045_3544.jpg,-1.1147172229077895,0.3608995601878163
animal/deer/n02430045_3668.jpg,-0.7094540495229761,0.2538694182529799
animal/deer/n02430045_3946.jpg,-1.0121518038067272,0.0094804955941612
animal/deer/n02430045_3966.jpg,-1.3554424963744611,0.1068161643588514
animal/deer/n02430045_4014.jpg,-1.006925748541576,0.1282226895111729
animal/deer/n02430045_4065.jpg,-0.6980545876894022,0.2911116803278688
animal/deer/n02430045_4172.jpg,-1.2240832242577109,0.3238877357639201
animal/deer/n02430045_4240.jpg,-1.0481857615818924,0.278100396107389
animal/deer/n02430045_4491.jpg,-0.9362926902062229,0.2913969974979149
animal/deer/n02430045_4675.jpg,-1.1692006891947186,0.3038498603869629
animal/deer/n02430045_4757.jpg,-1.2029897623587102,0.2037231578029882
animal/deer/n02430045_4873.jpg,-1.0010849960432142,0.2259683693196376
animal/deer/n02430045_4987.jpg,-0.7623533944481204,0.3033809004319686
animal/deer/n02430045_5322.jpg,-1.164096229000235,0.3359484680815922
animal/deer/n02430045_5497.jpg,-1.2481124451907406,0.2142560991576834
animal/deer/n02430045_5590.jpg,-0.993600883650128,0.3472021481867337
animal/deer/n02430045_5788.jpg,-1.2699147062564966,0.1123229626483422
animal/deer/n02430045_5793.jpg,-0.7464770535133717,0.2300038455938081
animal/deer/n02430045_5804.jpg,-1.0136603470505725,0.3421790337146297
animal/deer/n02430045_5913.jpg,-0.8421134628465995,0.3902435390820822
animal/deer/n02430045_5923.jpg,-1.1050267155646694,0.271520956014303
animal/deer/n02430045_5975.jpg,-0.8924643167951779,0.1884330396326418
animal/deer/n02430045_6047.jpg,-0.7277143413733668,0.2099623223218729
animal/deer/n02430045_6255.jpg,-0.949703122315465,0.2051296877183345
animal/deer/n02430045_6289.jpg,-0.8190836583046307,0.3262416988109913
animal/deer/n02430045_6571.jpg,-1.4813217942762174,0.3258640315341064
animal/deer/n02430045_972.jpg,-1.1507288886284153,0.2485047519530277
animal/deer/n02431337_2676.jpg,-0.9066695541098924,0.1801163146617692
animal/deer/n02431337_6373.jpg,-0.6785053161160535,0.2498710707650629
animal/deer/n02431441_110.jpg,-0.5940661924537203,0.277131124327386
animal/deer/n02431441_12219.jpg,-1.906051276256118,0.2369978506342142
animal/deer/n02431441_12391.jpg,-1.680662028031881,0.250280199252802
animal/deer/n02431441_1782.jpg,-0.94063549450229,0.2112927567906129
animal/deer/n02431441_4277.jpg,-0.811383550806733,0.1204804852741639
animal/deer/n02431441_4390.jpg,-0.9158486794904902,0.2292140349985816
animal/deer/n02431441_574.jpg,-0.7106543161151295,0.3614357180703231
animal/deer/n02431441_6672.jpg,-1.6424424009664145,0.2826160623517452
animal/deer/n02431441_6696.jpg,-1.1057797106426042,0.2195599906772488
animal/deer/n02431441_6984.jpg,-1.3553603280183464,0.3112938897642348
animal/deer/n02431441_8356.jpg,-1.0440839628346918,0.2974845826119098
animal/deer/n02431628_2953.jpg,-1.2542485387124396,0.2246711816987666
animal/deer/n02431628_3572.jpg,-0.617033273519592,0.2772772604708482
animal/deer/n02431628_4958.jpg,-1.7673284491481114,0.1102392256202922
animal/deer/n02431628_6620.jpg,-1.1640523833104188,0.0935152108414589
animal/deer/n02431628_6756.jpg,-1.509852496736699,0.210369557781002
animal/deer/n02431785_13508.jpg,-0.8149374578955892,0.2492175842403921
animal/deer/n02431785_21925.jpg,-0.8691688727146092,0.2706791504595367
animal/deer/n02431785_24562.jpg,-0.9150165045407596,0.2699954317039745
animal/deer/n02431785_25175.jpg,-1.0959900655339427,0.3279182314990776
animal/deer/n02431785_3713.jpg,-1.3943393792711036,0.1911779817770774
animal/deer/n02431785_3863.jpg,-0.717814905778633,0.237086997353368
animal/deer/n02431785_6514.jpg,-0.7874966724557055,0.2505839916831167
animal/deer/n02432983_11100.jpg,-0.8942056396303057,0.2926266393379463
animal/deer/n02432983_12479.jpg,-0.7969028146071118,0.2538189640810946
animal/deer/n02432983_13135.jpg,-0.8782840976291366,0.2766102131392265
animal/deer/n02432983_15990.jpg,-1.200372280566985,0.2733919979741706
animal/deer/n02432983_20323.jpg,-0.718981466120253,0.2042664020835917
animal/deer/n02432983_20980.jpg,-1.0007683894938562,0.2217561585175364
animal/deer/n02432983_23360.jpg,-0.6502005920562706,0.1625311678684547
animal/deer/n02432983_23378.jpg,-0.9019356289622182,0.2374024280803941
animal/deer/n02432983_25277.jpg,-0.6999160737687605,0.1673596631836059
animal/deer/n02432983_25342.jpg,-1.1005976604180872,0.3060807167226384
animal/deer/n02432983_26897.jpg,-0.884148836083227,0.1639855403884041
animal/deer/n02432983_27024.jpg,-0.6905899576631637,0.3772627139079506
animal/deer/n02432983_2922.jpg,-0.8878210213149373,0.2857724339661041
animal/deer/n02432983_5356.jpg,-0.5881427151207389,0.301601222420487
animal/deer/n02432983_7830.jpg,-1.674865976325206,0.2575299964306307
animal/deer/n02433729_2259.jpg,-1.2211892719640811,0.1457038332038332
animal/deer/n02433729_3376.jpg,-0.771762168685173,0.3830748256307917
animal/deer/n02433729_8491.jpg,-1.9720364710873792,0.35447616150349
animal/deer/n02433729_8495.jpg,-1.939572098770956,0.2218181818181818
animal/deer/n02433729_8548.jpg,-1.870002018587668,0.3262667660208644
animal/deer/n02433729_8950.jpg,-1.9415886704078171,0.2232138439699038
animal/deer/n02433925_23052.jpg,-1.3885594236259169,0.3010293370467247
animal/deer/n02434954_1542.jpg,-1.237919455289402,0.2857477432073877
animal/deer/n02434954_1883.jpg,-1.219229323299032,0.2935113973502896
animal/deer/n02434954_2920.jpg,-0.7323515358675532,0.2773677287342882
animal/deer/n02434954_3310.jpg,-0.7571651038028536,0.2327649911477176
animal/deer/n02434954_3412.jpg,-0.746786779474042,0.3691149307417548
animal/deer/n02434954_3668.jpg,-0.5797051730867662,0.2142142290556218
animal/deer/n02434954_4276.jpg,-0.9304381835275652,0.2164819354151124
animal/deer/n02434954_4936.jpg,-0.5928999979249411,0.2052207008117398
animal/deer/n02434954_5115.jpg,-0.9519023861905732,0.3105511744464129
animal/deer/n02434954_5509.jpg,-0.8511479105783183,0.2910079280938362
animal/deer/n02434954_5901.jpg,-0.4040510785220056,0.3188665688159035
animal/deer/n02434954_612.jpg,-1.5484941310911038,0.2551265575236073
animal/deer/n02434954_6144.jpg,-0.7156724225231963,0.325960789864817
animal/deer/n02434954_6168.jpg,-0.7088223313922004,0.1851653603517491
animal/deer/n02434954_7106.jpg,-0.9978078242464304,0.1394986674415331
animal/dog/000000017004.jpg,-1.3908085303565088,0.2966711040074085
animal/dog/000000019528.jpg,-0.6563003281183661,0.2960671308254854
animal/dog/000000020221.jpg,-0.9239364478256769,0.3711986707809162
animal/dog/000000021048.jpg,-0.9316172906175422,0.2890008848536144
animal/dog/000000021566.jpg,-1.5789095566962057,0.3150306621917097
animal/dog/000000034321.jpg,-1.3705475001967804,0.2454036998493639
animal/dog/000000046345.jpg,-0.7501819880295448,0.1268714608070307
animal/dog/000000093816.jpg,-0.9388356042955528,0.2430625704468426
animal/dog/000000098709.jpg,-1.4973615190117897,0.2016399453705819
animal/dog/000000103331.jpg,-1.2740687890530396,0.3127932705146302
animal/dog/000000107716.jpg,-1.335505101468573,0.3884098728662258
animal/dog/000000120874.jpg,-1.5921868021104877,0.0517995432231643
animal/dog/000000131714.jpg,-0.8554397244777443,0.2466476384195618
animal/dog/000000136132.jpg,-0.8292028891356481,0.1287217466272598
animal/dog/000000157119.jpg,-1.356901714600078,0.1501663744677806
animal/dog/000000162735.jpg,-1.468365269679362,0.1982325984256426
animal/dog/000000189600.jpg,-1.1689152908134464,0.2635863855017976
animal/dog/000000195815.jpg,-1.1156411986262147,0.2418446230792919
animal/dog/000000200376.jpg,-1.5162240456961165,0.0824547679367289
animal/dog/000000205854.jpg,-0.9368840493817544,0.2796157497702324
animal/dog/000000207509.jpg,-1.3021041508666535,0.230314289957456
animal/dog/000000208913.jpg,-0.68206492231401,0.1253422640492734
animal/dog/000000210958.jpg,-1.6502441808985535,0.2719208824648155
animal/dog/000000215223.jpg,-1.669417934182301,0.1698628474329409
animal/dog/000000224468.jpg,-1.0320437194521053,0.3056365602319829
animal/dog/000000229603.jpg,-1.061771267880228,0.2522756372948435
animal/dog/000000235843.jpg,-1.5594419406628302,0.3700046493177446
animal/dog/000000264193.jpg,-1.0851883402155482,0.3610948041298595
animal/dog/000000266676.jpg,-1.1140469727101636,0.2627519504605999
animal/dog/000000275885.jpg,-1.169141630772602,0.3157431197118509
animal/dog/000000278184.jpg,-0.6587869982061744,0.3454495865514548
animal/dog/000000286480.jpg,-1.559927493984557,0.3054127285528364
animal/dog/000000287328.jpg,-1.2255065642734828,0.2814168354630543
animal/dog/000000296760.jpg,-1.5360087294291234,0.12885623957306
animal/dog/000000304741.jpg,-1.296072095773121,0.3129916401887897
animal/dog/000000307048.jpg,-1.0731020031704417,0.2414248718355266
animal/dog/000000308040.jpg,-0.918926627242806,0.2601269519379293
animal/dog/000000310757.jpg,-0.9530866707476764,0.3271742568801721
animal/dog/000000330028.jpg,-0.7928730362633183,0.2738665785269653
animal/dog/000000333407.jpg,-1.0221070986655758,0.2083483257167304
animal/dog/000000335451.jpg,-1.0932492139227756,0.2376315079579174
animal/dog/000000343707.jpg,-1.0737075835836851,0.3034251068832364
animal/dog/000000363031.jpg,-0.9287041399288888,0.1555839714693797
animal/dog/000000370423.jpg,-1.471424810836604,-0.0114547493966712
animal/dog/000000372460.jpg,-1.2868697630998245,0.32316728191397
animal/dog/000000383662.jpg,-1.124062956796234,0.2714535940319055
animal/dog/000000387876.jpg,-1.1497444635723617,0.3328852736535585
animal/dog/000000396217.jpg,-1.4776952364702856,0.28558483799277
animal/dog/000000396400.jpg,-1.526160276798773,0.3123941367123625
animal/dog/000000397034.jpg,-0.7953790142105857,0.2796551886887865
animal/dog/000000398632.jpg,-0.8371828272725664,0.0858889010149514
animal/dog/000000404602.jpg,-1.2802244759009236,0.193823957145398
animal/dog/000000408623.jpg,-1.427015415894351,0.2580913695993576
animal/dog/000000417926.jpg,-1.235010955868175,0.3131112025229672
animal/dog/000000428214.jpg,-1.2433891250088975,0.3271142570387196
animal/dog/000000429638.jpg,-1.2723278036618957,0.3231553316323227
animal/dog/000000432752.jpg,-0.9796036417082415,0.1708065319740915
animal/dog/000000441674.jpg,-1.2045723593376694,0.313944438950351
animal/dog/000000462330.jpg,-0.7091345528298483,0.2592148305946509
animal/dog/000000464871.jpg,-1.3778587560737048,0.206589721727885
animal/dog/000000466643.jpg,-0.7905322354112656,0.2579907896981068
animal/dog/000000467232.jpg,-1.281555254012368,0.2555765076246163
animal/dog/000000469281.jpg,-1.196018280165048,0.2689035102828206
animal/dog/000000472924.jpg,-1.0914975091449055,0.2125450095581458
animal/dog/000000482310.jpg,-1.127449408090245,0.3844983452966347
animal/dog/000000482392.jpg,-1.832713624948904,0.2838826829328041
animal/dog/000000489328.jpg,-1.4725125233045415,0.1249090709794425
animal/dog/000000504341.jpg,-1.5660876698918886,0.3875391339534817
animal/dog/000000506783.jpg,-1.7645867275556195,0.3265602957466222
animal/dog/000000510368.jpg,-1.4292065529583249,0.2965064209183394
animal/dog/000000522195.jpg,-1.5949770426874454,0.3571173011772311
animal/dog/000000527845.jpg,-1.682940946147148,0.3306398869174455
animal/dog/000000529256.jpg,-1.2627262690556724,0.2602822680310445
animal/dog/000000550063.jpg,-1.417063258242535,0.2017848211643758
animal/dog/000000555493.jpg,-0.7972941497167068,0.284719671255957
animal/dog/000000572254.jpg,-1.3182998945779163,0.208343820404054
animal/dog/000000575005.jpg,-0.798602916942234,0.2786622118241655
animal/dog/000000576136.jpg,-0.858608510556904,0.3649548047875647
animal/dog/n02087551_12257.jpg,-1.5439682280918954,0.1192202152651724
animal/dog/n02088364_6866.jpg,-1.6926854063004118,0.2038267875125881
animal/dog/n02088632_982.jpg,-1.1924987504198643,-0.0284818989556231
animal/dog/n02088839_5834.jpg,-1.0063833775278246,0.3543636631633488
animal/dog/n02089078_3449.jpg,-1.5580243879816498,0.2458540611381435
animal/dog/n02089555_6001.jpg,-1.8575204293514973,0.1851988851421099
animal/dog/n02089973_1846.jpg,-1.586959385515404,0.1605819010147028
animal/dog/n02090379_4673.jpg,-0.8822227148376592,0.2693359155088161
animal/dog/n02090475_12741.jpg,-0.6014890233977009,0.1687736151637709
animal/dog/n02090721_1131.jpg,-0.7104149036051692,0.2190998612592241
animal/dog/n02090721_333.jpg,-1.7547123051726512,0.3252814981628541
animal/dog/n02090827_12582.jpg,-1.2490161255938577,0.2247239462214898
animal/dog/n02090827_160.jpg,-1.0432213953511489,0.2544526255828182
animal/dog/n02090827_3313.jpg,-0.6963874832488228,0.3636850562399571
animal/dog/n02090827_5607.jpg,-1.0049039802867392,0.1977401792838034
animal/dog/n02091032_1121.jpg,-0.8824084784776692,0.1452680236801557
animal/dog/n02091244_1470.jpg,-1.227201645789464,0.3337995548955321
animal/dog/n02091467_4631.jpg,-0.7205614133298954,0.2850515882687465
animal/dog/n02091831_1565.jpg,-0.611840253530892,0.2372458919972062
animal/dog/n02092002_14320.jpg,-1.2412997076707706,0.2462293322627095
animal/dog/n02092002_4921.jpg,-1.713829104736632,0.2032854812877441
animal/dog/n02092339_4906.jpg,-1.0424278423024889,0.2635196316943587
animal/duck/n01846331_1006.jpg,-1.3692500768199585,0.1983160173160173
animal/duck/n01846331_10215.jpg,-0.7486356374505841,0.3648607658617424
animal/duck/n01846331_10856.jpg,-1.2405397528839277,-0.0494370021929076
animal/duck/n01846331_10874.jpg,-1.51940509001203,0.2717479199985624
animal/duck/n01846331_1102.jpg,-1.2532273585850815,0.2680062401766882
animal/duck/n01846331_11431.jpg,-1.3830194098551425,0.2795272367009735
animal/duck/n01846331_1153.jpg,-1.0484586301494092,0.3322352514506769
animal/duck/n01846331_11534.jpg,-1.0354058339614152,0.2407869662076925
animal/duck/n01846331_11880.jpg,-1.1068401314759235,0.3079678574886242
animal/duck/n01846331_12534.jpg,-1.0250202294976942,0.2697039915114065
animal/duck/n01846331_12659.jpg,-1.803643637802029,0.1758274057962495
animal/duck/n01846331_12725.jpg,-1.2142219716465872,0.1201741168591997
animal/duck/n01846331_12734.jpg,-1.3493331688727537,0.1948498109391324
animal/duck/n01846331_13074.jpg,-1.1003556496128353,0.3927599214665461
animal/duck/n01846331_13275.jpg,-1.0634717143061223,0.1661240685949513
animal/duck/n01846331_13327.jpg,-1.5127818591415816,0.0691847306309152
animal/duck/n01846331_13568.jpg,-0.9937542663314356,0.2169442506074338
animal/duck/n01846331_13905.jpg,-1.0911741164062096,0.353650585275134
animal/duck/n01846331_14161.jpg,-1.3331815149506925,0.1329529848402877
animal/duck/n01846331_14212.jpg,-0.8837094112347307,0.1921746129332134
animal/duck/n01846331_14229.jpg,-1.5414980132521805,0.158104851186974
animal/duck/n01846331_14231.jpg,-1.2248740136206564,0.1336294519434054
animal/duck/n01846331_14442.jpg,-1.3439067317247777,0.286170603915801
animal/duck/n01846331_14535.jpg,-1.0629033892710429,0.35870309745656
animal/duck/n01846331_14741.jpg,-1.2667068504013153,0.1845058938404083
animal/duck/n01846331_1493.jpg,-1.5283450615145595,0.3105918060325355
animal/duck/n01846331_15233.jpg,-1.2836124240414302,0.2716940270131759
animal/duck/n01846331_15402.jpg,-1.4303898440325895,0.3286187105209718
animal/duck/n01846331_15480.jpg,-1.13684498188936,0.0991631882132482
animal/duck/n01846331_15481.jpg,-1.4609872950588196,0.3506065486141139
animal/duck/n01846331_15598.jpg,-1.2033528675281873,0.2053440409178199
animal/duck/n01846331_1577.jpg,-1.1984303135872698,0.1135161135161135
animal/duck/n01846331_1582.jpg,-1.1704258495061812,0.2801033800700208
animal/duck/n01846331_16461.jpg,-0.8349618752069042,0.2418941390904008
animal/duck/n01846331_1753.jpg,-1.3343639910085356,0.3062408389019524
animal/duck/n01846331_17740.jpg,-1.4096758968523802,0.3093137710093787
animal/duck/n01846331_1824.jpg,-1.2928010135528798,0.1357312762785399
animal/duck/n01846331_1947.jpg,-1.355018990541461,0.3002733935258575
animal/duck/n01846331_2058.jpg,-1.2908180400163725,0.2663192997082117
animal/duck/n01846331_2354.jpg,-0.7983667520845488,0.3293914400845379
animal/duck/n01846331_2425.jpg,-1.296452742173106,0.3535076530612244
animal/duck/n01846331_2474.jpg,-1.6776300753870157,0.2015571780294171
animal/duck/n01846331_2743.jpg,-0.9941154656358429,0.2610627376092784
animal/duck/n01846331_2820.jpg,-1.1094196353005188,0.3323971878188746
animal/duck/n01846331_2857.jpg,-0.7942722229530418,0.331821824009324
animal/duck/n01846331_2869.jpg,-0.7922057423184308,0.2769068532259931
animal/duck/n01846331_2900.jpg,-1.3090272910815948,0.0856418162828865
animal/duck/n01846331_2909.jpg,-1.0966977795075052,0.2871250408241214
animal/duck/n01846331_3060.jpg,-1.3363368037861731,0.2935471422660088
animal/duck/n01846331_3187.jpg,-1.2360894964892757,0.3877315877416866
animal/duck/n01846331_3202.jpg,-1.3376514169437672,0.3668079946548325
animal/duck/n01846331_3358.jpg,-1.4051563303724486,0.2529192824395776
animal/duck/n01846331_3449.jpg,-1.3654663132371911,0.1066314653604597
animal/duck/n01846331_3530.jpg,-0.9591159091893686,0.3243243243243243
animal/duck/n01846331_3656.jpg,-1.1856284890446855,0.3237993104987009
animal/duck/n01846331_3988.jpg,-1.149438346474446,0.2741559772649625
animal/duck/n01846331_4035.jpg,-0.5454979031894672,0.402275331478147
animal/duck/n01846331_4191.jpg,-0.8681176070217822,0.3631042296072508
animal/duck/n01846331_4246.jpg,-0.8065492026583903,0.3150549982855556
animal/duck/n01846331_432.jpg,-1.0930371612852297,0.0506924687703083
animal/duck/n01846331_4392.jpg,-1.368358730472789,0.3171179191002453
animal/duck/n01846331_471.jpg,-1.3313222543447445,0.1964117966155515
animal/duck/n01846331_4793.jpg,-1.089156335652801,0.1382116856449505
animal/duck/n01846331_4915.jpg,-1.3545345756119167,0.2125500809962201
animal/duck/n01846331_5267.jpg,-0.9425832674346126,0.393739645387571
animal/duck/n01846331_5309.jpg,-0.8964739414646858,0.2006511009206427
animal/duck/n01846331_5391.jpg,-0.932954607707606,0.0460703150198903
animal/duck/n01846331_5551.jpg,-0.8956160359371873,0.3400283926599716
animal/duck/n01846331_5668.jpg,-0.8095900301481621,0.3715415019762845
animal/duck/n01846331_5760.jpg,-1.8267705475360825,0.2954752867483873
animal/duck/n01846331_5951.jpg,-1.3416639885663164,0.2684933193227433
animal/duck/n01846331_5989.jpg,-0.961703593240768,0.2965275068279359
animal/duck/n01846331_6092.jpg,-1.283916533815752,0.3040652727063878
animal/duck/n01846331_613.jpg,-1.3968336214041637,0.2435258169362215
animal/duck/n01846331_6225.jpg,-1.0137868678566515,0.2928906805053594
animal/duck/n01846331_6493.jpg,-1.5943461626897646,0.1815573754047515
animal/duck/n01846331_6499.jpg,-1.3896389505022742,0.3786779994522937
animal/duck/n01846331_6505.jpg,-1.3150525478804729,0.3162553912563955
animal/duck/n01846331_6555.jpg,-0.9922924683357928,0.2721374449872203
animal/duck/n01846331_6727.jpg,-0.8199088951325653,0.1077080161218092
animal/duck/n01846331_6789.jpg,-0.586718326562951,0.2351249092982274
animal/duck/n01846331_693.jpg,-0.9688702947382284,0.1858686015377361
animal/duck/n01846331_708.jpg,-1.461648338139409,0.3181653072681042
animal/duck/n01846331_7096.jpg,-1.25268404591648,0.1876668418286915
animal/duck/n01846331_7365.jpg,-1.284517897361495,0.1274548795329266
animal/duck/n01846331_7467.jpg,-1.1089942163330235,0.2780690645551992
animal/duck/n01846331_7521.jpg,-1.2086223481104852,0.3566563532877855
animal/duck/n01846331_7718.jpg,-1.151265802092558,0.3253544492618255
animal/duck/n01846331_8240.jpg,-1.8042498210330464,0.256399870382372
animal/duck/n01846331_8429.jpg,-1.1310322718658314,0.2086673356789063
animal/duck/n01846331_8471.jpg,-1.1209386804744177,0.1135558846252897
animal/duck/n01846331_8530.jpg,-1.2148959920307578,0.2892607371505601
animal/duck/n01846331_8672.jpg,-0.8177618965531638,0.2516504525206482
animal/duck/n01846331_8880.jpg,-1.2249212556678175,0.2268627173759367
animal/duck/n01846331_897.jpg,-1.0618454228801677,0.2683069399606487
animal/duck/n01846331_9058.jpg,-1.5358927140577372,0.1820885588902061
animal/duck/n01846331_943.jpg,-1.0446458871166513,0.1818017574115135
animal/duck/n01846331_973.jpg,-1.3924817587772236,0.3321469470265968
animal/duck/n01846331_9747.jpg,-0.6566336104459145,0.2573594309745081
animal/duck/n01846331_9788.jpg,-1.2300525124209385,0.2395151515151515
animal/elephant/000000010449.jpg,-1.0058257673572002,0.1770279848350069
animal/elephant/000000018792.jpg,-0.731071955230378,0.2168369981753033
animal/elephant/000000021338.jpg,-0.8198364620324076,0.2021874836069873
animal/elephant/000000040433.jpg,-0.6681267173102692,0.2505376719350518
animal/elephant/000000045617.jpg,-1.903541560937711,0.2432400135749418
animal/elephant/000000047406.jpg,-1.0150149198977745,0.3692580005664117
animal/elephant/000000049369.jpg,-0.6824377508154489,0.1882064670449076
animal/elephant/000000062170.jpg,-0.8466322633969786,0.3395867108002937
animal/elephant/000000065465.jpg,-0.7866918960603876,0.269207829070097
animal/elephant/000000067786.jpg,-0.823724225294598,0.2163621723350547
animal/elephant/000000072216.jpg,-0.906741070973712,0.189340448895797
animal/elephant/000000096244.jpg,-0.8270468526021172,0.1385413084309938
animal/elephant/000000097610.jpg,-0.6435006152252505,0.2806910232699831
animal/elephant/000000113495.jpg,-1.248667473094337,0.3113640689619372
animal/elephant/000000126595.jpg,-0.9485183103748176,0.3418150564056139
animal/elephant/000000127647.jpg,-0.9861890250848852,0.2177745145139701
animal/elephant/000000128324.jpg,-0.7247513876409213,0.2020985243306331
animal/elephant/000000131059.jpg,-0.7417486467169795,0.2644361482450172
animal/elephant/000000134242.jpg,-1.1529614422974004,0.3473049851195497
animal/elephant/000000136542.jpg,-1.1163454741608887,0.1843865991417138
animal/elephant/000000137589.jpg,-0.9908899156794678,0.1841796252277846
animal/elephant/000000148004.jpg,-1.3251608050765429,0.389328155208373
animal/elephant/000000154023.jpg,-0.8126856129283906,0.290131734434888
animal/elephant/000000167045.jpg,-0.9063175554689804,0.3009490509490509
animal/elephant/000000177284.jpg,-0.9189141375804614,0.2671825051629931
animal/elephant/000000181224.jpg,-0.6577903896265191,0.3465839362186006
animal/elephant/000000194381.jpg,-0.7647287486505441,0.2326377431550825
animal/elephant/000000199815.jpg,-0.7771835438928882,0.3199012314320466
animal/elephant/000000216817.jpg,-0.7958348673578016,0.2899188481544337
animal/elephant/000000218405.jpg,-0.9399660805234588,0.214091229418925
animal/elephant/000000221089.jpg,-1.0088609752670643,0.3339686211108292
animal/elephant/000000224874.jpg,-0.8719571517989269,0.1304962193161449
animal/elephant/000000225121.jpg,-0.792396757363905,0.2459227304447122
animal/elephant/000000227270.jpg,-1.0458971655689624,0.1804820927374233
animal/elephant/000000227358.jpg,-0.9706951659490636,0.2987374084106199
animal/elephant/000000230515.jpg,-0.940535248333422,0.2594765470140069
animal/elephant/000000232085.jpg,-0.8308736071560419,0.2203381631514848
animal/elephant/000000245713.jpg,-1.232113800979129,0.2879382433020843
animal/elephant/000000255598.jpg,-0.8203960258937772,0.2509283696406432
animal/elephant/000000256028.jpg,-0.9710708512682208,0.2464204709653125
animal/elephant/000000256061.jpg,-0.9155055350786968,0.3284256731493195
animal/elephant/000000260817.jpg,-0.7230325190147681,0.2152629348900711
animal/elephant/000000273106.jpg,-1.1858670112795395,0.3240379816215984
animal/elephant/000000273618.jpg,-0.9372727540807796,0.1936506356002522
animal/elephant/000000285678.jpg,-1.0399670487416304,0.2587339931650743
animal/elephant/000000289864.jpg,-0.975798439405287,0.2093687150423387
animal/elephant/000000291894.jpg,-1.2289885726217595,0.2270231217497974
animal/elephant/000000293543.jpg,-1.1683997138370923,0.2265990214655692
animal/elephant/000000293751.jpg,-0.7182929644086885,0.377957910687096
animal/elephant/000000294925.jpg,-0.7332512388990683,0.3494289882779092
animal/elephant/000000304833.jpg,-0.861048092088542,0.2424420853883156
animal/elephant/000000309694.jpg,-0.880142258048588,0.2423910823956898
animal/elephant/000000310683.jpg,-1.0103409949960864,0.1073502238604392
animal/elephant/000000312204.jpg,-0.8278864536416332,0.1928092648686787
animal/elephant/000000314602.jpg,-1.0835889594015693,0.190184823061881
animal/elephant/000000315243.jpg,-1.460855222744813,0.2962575515861601
animal/elephant/000000321306.jpg,-1.0905042907779603,0.2552240205327739
animal/elephant/000000326264.jpg,-0.7482076091256704,0.2108827572333791
animal/elephant/000000327575.jpg,-1.0627006508720531,0.1873874639884763
animal/elephant/000000331059.jpg,-0.7121713019267568,0.3506856059548614
animal/elephant/000000356535.jpg,-0.8655071624325035,0.184901738473167
animal/elephant/000000366295.jpg,-0.7952526291939138,0.1767646833623063
animal/elephant/000000369000.jpg,-0.8632481272870764,0.2676384064787286
animal/elephant/000000379645.jpg,-0.903436752289942,0.191067378917763
animal/elephant/000000382374.jpg,-0.6946376761735443,0.3065784814966931
animal/elephant/000000382951.jpg,-1.296606155432114,0.0134321187869161
animal/elephant/000000389041.jpg,-0.8238082789101853,0.1376864147088866
animal/elephant/000000393228.jpg,-0.9891565972422915,0.2304918805378684
animal/elephant/000000402082.jpg,-0.7610895050475903,0.210163764285628
animal/elephant/000000411043.jpg,-0.8633251916832139,0.126668721109399
animal/elephant/000000411225.jpg,-1.0372131852699304,0.2958650234963292
animal/elephant/000000425055.jpg,-0.8113787595338647,0.2118331336224722
animal/elephant/000000427888.jpg,-0.9407482814018744,0.2103829213575648
animal/elephant/000000430523.jpg,-0.8446317094506609,0.3010858519176449
animal/elephant/000000435612.jpg,-0.8950682310196018,0.2908694539178688
animal/elephant/000000445814.jpg,-0.7102948885424252,0.20458517091464
animal/elephant/000000449718.jpg,-0.6627838662004172,0.236145923939617
animal/elephant/000000451356.jpg,-0.8548717085932519,0.3333342692764504
animal/elephant/000000458153.jpg,-0.5953775633982447,0.3197491414972981
animal/elephant/000000463338.jpg,-1.0273139148778458,0.2065312466755711
animal/elephant/000000465324.jpg,-0.7708632343903162,0.2669214750617901
animal/elephant/000000480893.jpg,-1.1771582752520533,0.238160421352938
animal/elephant/000000484287.jpg,-0.9945777010668472,0.1970109953920972
animal/elephant/000000488368.jpg,-1.0307884775589962,0.3302277282995728
animal/elephant/000000503089.jpg,-1.1155726840783984,0.2138548461937386
animal/elephant/000000505592.jpg,-1.108370261869901,0.3351492452616048
animal/elephant/000000521245.jpg,-1.113591159312153,0.349322116847215
animal/elephant/000000527728.jpg,-0.8315819177137657,0.2133011685939289
animal/elephant/000000530407.jpg,-0.6550242721262766,0.2744265857945189
animal/elephant/000000530999.jpg,-1.1026068886828664,0.3131565819590352
animal/elephant/000000532247.jpg,-0.6473321999173065,0.1423943835696766
animal/elephant/000000533979.jpg,-1.104798791405014,0.3410327997791471
animal/elephant/000000537720.jpg,-1.0668340662284963,0.2823302035105938
animal/elephant/000000547131.jpg,-0.6670185051096273,0.3001125252689403
animal/elephant/000000549182.jpg,-0.6016032691106631,0.25976342137292
animal/elephant/000000552681.jpg,-0.754397123668761,0.1810713021156059
animal/elephant/000000554978.jpg,-0.6723469812391315,0.2686258965826612
animal/elephant/000000559218.jpg,-0.9181441437499156,0.2567390808689704
animal/elephant/000000574747.jpg,-1.0219750658805222,0.1188679597397265
animal/elephant/000000581726.jpg,-0.704455059750337,0.2809171983858335
animal/fox/n02118333_10217.jpg,-1.0265474902346752,0.156416170158242
animal/fox/n02118333_10398.jpg,-0.7683466266565033,0.1245130367031193
animal/fox/n02118333_10468.jpg,-1.0491917304779448,0.4175043100406304
animal/fox/n02118333_10534.jpg,-0.896612593045463,0.2530437114507911
animal/fox/n02118333_10668.jpg,-1.0567115838376762,0.2546581720166626
animal/fox/n02118333_10715.jpg,-1.1617096264227265,0.273027699333053
animal/fox/n02118333_10716.jpg,-1.2626029224472246,0.2368789243789243
animal/fox/n02118333_10800.jpg,-1.0682484662817942,0.257687054741427
animal/fox/n02118333_10807.jpg,-0.8989313271000126,0.3171320412594142
animal/fox/n02118333_10891.jpg,-1.1718959900726276,0.0368392142124055
animal/fox/n02118333_11056.jpg,-1.0322121096687746,0.2756122889257794
animal/fox/n02118333_11129.jpg,-1.0701918323040671,0.2191351019372755
animal/fox/n02118333_11249.jpg,-1.2018171653423424,0.2156084454728125
animal/fox/n02118333_11319.jpg,-1.132210353501558,0.209641232359174
animal/fox/n02118333_11420.jpg,-0.633386249182355,0.198638256330564
animal/fox/n02118333_11444.jpg,-1.8293529649332416,0.2648460983356914
animal/fox/n02118333_11585.jpg,-1.0131955167381212,0.164782921773863
animal/fox/n02118333_11749.jpg,-0.9836915258681304,0.1983445728126579
animal/fox/n02118333_11813.jpg,-1.3456621391725323,0.2512831432462526
animal/fox/n02118333_11887.jpg,-1.0284221617549256,0.2767971009442838
animal/fox/n02118333_11971.jpg,-1.522852526850296,0.1228416499713444
animal/fox/n02118333_12311.jpg,-1.651762651845963,0.2629865742958567
animal/fox/n02118333_12388.jpg,-1.5594958056386268,0.1821644389211957
animal/fox/n02118333_12538.jpg,-1.2238853754821355,0.1045253916670708
animal/fox/n02118333_12539.jpg,-1.1504232895739723,0.1268695895429445
animal/fox/n02118333_12879.jpg,-1.4459721282842228,0.1647200889131596
animal/fox/n02118333_12890.jpg,-1.3420254683095745,0.2769593216240146
animal/fox/n02118333_13253.jpg,-0.9479040427473986,0.3047032959642198
animal/fox/n02118333_1341.jpg,-0.691570629301777,0.163059163059163
animal/fox/n02118333_13528.jpg,-1.4209771286165944,0.3364533666449673
animal/fox/n02118333_13624.jpg,-1.088884275872368,0.1545488066505765
animal/fox/n02118333_13672.jpg,-1.274150526503552,0.2682790626022992
animal/fox/n02118333_13714.jpg,-1.0781777430548931,0.2286238177957923
animal/fox/n02118333_1372.jpg,-0.9951429100960996,0.3142639751813894
animal/fox/n02118333_13723.jpg,-1.06171377055129,0.2297334524607252
animal/fox/n02118333_14064.jpg,-1.1030907270104109,0.2749273959341723
animal/fox/n02118333_14220.jpg,-1.480693170917334,0.3327468508911514
animal/fox/n02118333_14289.jpg,-1.234631444418046,0.1891413848087096
animal/fox/n02118333_14500.jpg,-1.0987102607079755,0.3003781517539429
animal/fox/n02118333_14515.jpg,-1.375110115913649,0.2099481475286443
animal/fox/n02118333_14906.jpg,-0.7855454988953463,0.2838866653508786
animal/fox/n02118333_14936.jpg,-1.3342712405793806,0.2209523809523809
animal/fox/n02118333_1649.jpg,-0.737024282786102,0.2592716973950812
animal/fox/n02118333_1731.jpg,-0.6677878264636411,0.3188673946442436
animal/fox/n02118333_2023.jpg,-0.8059923439933873,0.1702461109821221
animal/fox/n02118333_2287.jpg,-1.3451617381378798,0.2967234848484848
animal/fox/n02118333_2295.jpg,-0.7987471871416371,0.2397431323581876
animal/fox/n02118333_2857.jpg,-0.5252494199404385,0.2880136840415109
animal/fox/n02118333_329.jpg,-1.26556250592453,0.1999247396398351
animal/fox/n02118333_344.jpg,-0.8145946639645576,0.2246035512642173
animal/fox/n02118333_3903.jpg,-0.9693768381731194,0.0869598926205716
animal/fox/n02118333_4155.jpg,-0.8631016047049321,0.2305594498830354
animal/fox/n02118333_474.jpg,-1.057160592213376,0.3263732204540463
animal/fox/n02118333_5140.jpg,-1.0760322196342125,0.2616339696902071
animal/fox/n02118333_5349.jpg,-1.0212372303788415,0.3622532674307647
animal/fox/n02118333_543.jpg,-1.1961077461390512,0.1844458231451406
animal/fox/n02118333_5460.jpg,-1.461898601410231,0.2851783670396337
animal/fox/n02118333_5774.jpg,-1.4068524920788157,0.1837361771106275
animal/fox/n02118333_6193.jpg,-0.8629718692572164,0.2992297457743412
animal/fox/n02118333_6480.jpg,-1.1405844698786916,0.1564056207258486
animal/fox/n02118333_6598.jpg,-1.384032092572106,0.2962384735988945
animal/fox/n02118333_6622.jpg,-1.4587434204620986,0.2410139533756016
animal/fox/n02118333_6662.jpg,-1.2645663851248297,0.1387459500667048
animal/fox/n02118333_6735.jpg,-1.055846942518063,0.2058399117222646
animal/fox/n02118333_6740.jpg,-1.784389932499372,0.1482647229354758
animal/fox/n02118333_6775.jpg,-0.9970397905804272,0.2495350740162166
animal/fox/n02118333_6797.jpg,-0.9312244475738723,0.3642748698156845
animal/fox/n02118333_6830.jpg,-1.0071038987483472,0.2210322975806261
animal/fox/n02118333_6867.jpg,-1.121393932517348,0.3681031259117414
animal/fox/n02118333_6923.jpg,-0.7367005914850836,0.2573723146412075
animal/fox/n02118333_7368.jpg,-1.1972785727564776,0.1338950777054377
animal/fox/n02118333_7524.jpg,-0.9823918279727808,0.2231474441749233
animal/fox/n02118333_7588.jpg,-1.236189464610402,0.2425866579463702
animal/fox/n02118333_7631.jpg,-1.4766204644259049,0.1186597737026921
animal/fox/n02118333_7642.jpg,-0.7029065307987499,0.1755503560876471
animal/fox/n02118333_7668.jpg,-0.8160474302880072,0.3480953390342133
animal/fox/n02118333_7755.jpg,-0.8881691242916865,0.2253889878503147
animal/fox/n02118333_8150.jpg,-0.8520258364100021,0.2462267733813455
animal/fox/n02118333_8191.jpg,-0.6463464871485105,0.2259209252477764
animal/fox/n02118333_8406.jpg,-1.281042663957652,0.0918724009054061
animal/fox/n02118333_842.jpg,-0.8009839156495937,0.2306904385217638
animal/fox/n02118333_8657.jpg,-1.161916031177667,0.0930184838635542
animal/fox/n02118333_8816.jpg,-1.2833423696266872,0.1193281022477105
animal/fox/n02118333_8823.jpg,-0.7274917185762909,0.232582078231661
animal/fox/n02118333_8882.jpg,-1.3544999136139475,0.2813339915528496
animal/fox/n02118333_8900.jpg,-1.0152138637284085,0.2281689711729369
animal/fox/n02118333_8914.jpg,-0.9664722475457608,0.1694307504866955
animal/fox/n02118333_8931.jpg,-1.2546010322915109,0.1062549943043677
animal/fox/n02118333_9020.jpg,-0.9047799754215444,0.3452877767393896
animal/fox/n02118333_9049.jpg,-0.9966720156970784,0.2398383228137322
animal/fox/n02118333_9239.jpg,-1.631038017313123,0.2164739705244266
animal/fox/n02118333_9285.jpg,-1.1262415622326007,0.3844960973912446
animal/fox/n02118333_9315.jpg,-1.2462962459077491,0.1953259910203768
animal/fox/n02118333_9347.jpg,-0.9498286688404134,0.2181931594627722
animal/fox/n02118333_9459.jpg,-1.073520021919109,0.2414812651712872
animal/fox/n02118333_9677.jpg,-1.2729462767706765,0.3122916203600801
animal/fox/n02118333_9751.jpg,-1.5018794695494966,0.2817280311377588
animal/fox/n02118333_9970.jpg,-1.4508177331795558,0.3582910174566016
animal/fox/n02118333_9986.jpg,-1.0214441756052497,-0.0869394940665173
animal/giraffe/000000002066.jpg,-1.0618217879765353,0.1975875492666537
animal/giraffe/000000016573.jpg,-0.9600101007419716,0.0514635209778165
animal/giraffe/000000019447.jpg,-0.9747803631613118,0.1585303893937287
animal/giraffe/000000026323.jpg,-1.0076429953375967,0.2466744594090043
animal/giraffe/000000027440.jpg,-1.0834659430511056,0.2524588801479353
animal/giraffe/000000028069.jpg,-1.2747741392184655,0.0530981898092141
animal/giraffe/000000042931.jpg,-1.0529094390541536,0.2971565879054866
animal/giraffe/000000045599.jpg,-0.855702993521758,0.0245798989776716
animal/giraffe/000000049443.jpg,-1.074336252105514,0.0985813628659054
animal/giraffe/000000058281.jpg,-0.7726266261200495,0.2976949182797848
animal/giraffe/000000063370.jpg,-1.0980091467136712,0.196664577485898
animal/giraffe/000000072187.jpg,-0.7959307063016929,0.2716970294212193
animal/giraffe/000000074069.jpg,-0.87077641959512,0.3327959172916712
animal/giraffe/000000081390.jpg,-1.0047561901552124,0.1329550577659579
animal/giraffe/000000083548.jpg,-1.1294316960806667,0.2034069462486825
animal/giraffe/000000098808.jpg,-1.0683580195759517,0.237868733643785
animal/giraffe/000000103232.jpg,-1.394057614870753,0.0741973302003967
animal/giraffe/000000104028.jpg,-1.1328262233977464,0.1844852040878177
animal/giraffe/000000118683.jpg,-0.9825898985731024,0.3329494611905264
animal/giraffe/000000126964.jpg,-0.9199231701440608,0.3425731794736359
animal/giraffe/000000127204.jpg,-1.107150593786425,0.216437737613843
animal/giraffe/000000134685.jpg,-0.6612840268784487,0.3410427902241638
animal/giraffe/000000139889.jpg,-0.8634158851293151,0.1137007652735963
animal/giraffe/000000145825.jpg,-1.6122217587419303,0.3461346381536493
animal/giraffe/000000150996.jpg,-0.9553193058814576,0.1277307009687653
animal/giraffe/000000151178.jpg,-1.3006656196222264,0.2142669155231902
animal/giraffe/000000169401.jpg,-1.6997451984327574,0.2315486634735461
animal/giraffe/000000188727.jpg,-0.8499111102029395,0.2092943944888424
animal/giraffe/000000189853.jpg,-0.7642099114573169,0.0633087717169643
animal/giraffe/000000190551.jpg,-0.7811766174387473,0.315253771549297
animal/giraffe/000000192804.jpg,-1.1505768516041126,0.245768432421486
animal/giraffe/000000200263.jpg,-0.8798188102922497,0.1519115444291137
animal/giraffe/000000200351.jpg,-0.7274416929558507,0.1457552859231095
animal/giraffe/000000201420.jpg,-1.9336156547533097,0.208588370560802
animal/giraffe/000000201698.jpg,-1.0078013606684766,0.3007703585684381
animal/giraffe/000000206385.jpg,-0.6810208335772491,0.2163125763125762
animal/giraffe/000000207549.jpg,-0.9282109239363424,0.3444073305046493
animal/giraffe/000000207913.jpg,-1.3450135172228703,0.2502609369874452
animal/giraffe/000000208071.jpg,-1.212829050948216,0.0235634485908108
animal/giraffe/000000208671.jpg,-1.1067831111433415,0.2804939345609202
animal/giraffe/000000213911.jpg,-1.1265486334932917,0.2183481419880072
animal/giraffe/000000214845.jpg,-0.9793886269831692,0.3627357439029827
animal/giraffe/000000219653.jpg,-1.2138453150733373,0.2402378423082682
animal/giraffe/000000222599.jpg,-0.6247383369578651,0.2543512403450275
animal/giraffe/000000223577.jpg,-0.6862742495734406,0.1433801098230628
animal/giraffe/000000224109.jpg,-0.9316636888141518,0.2387697891712164
animal/giraffe/000000225358.jpg,-1.1508685473874587,0.1785397137484668
animal/giraffe/000000226961.jpg,-0.8340611048883384,0.1631528020879102
animal/giraffe/000000235646.jpg,-1.0233442126762706,0.1367836920445598
animal/giraffe/000000238511.jpg,-0.3835870019816696,0.3055742711034633
animal/giraffe/000000239581.jpg,-1.0243995286157352,0.1185520456370519
animal/giraffe/000000241238.jpg,-0.792032475540528,0.2206523471796649
animal/giraffe/000000252810.jpg,-1.1498618342730498,0.0662800959388417
animal/giraffe/000000257958.jpg,-1.1653638700329358,0.0992231875173609
animal/giraffe/000000258402.jpg,-1.0703243808268632,0.3005032098630692
animal/giraffe/000000267571.jpg,-1.370735246010428,0.2646607915202955
animal/giraffe/000000271577.jpg,-0.879298673151658,0.2099255980159471
animal/giraffe/000000279920.jpg,-0.8805830270542857,0.2096286783238217
animal/giraffe/000000284274.jpg,-1.1420824096484263,0.3213882514065739
animal/giraffe/000000294008.jpg,-0.7948891821654649,0.271118380721137
animal/giraffe/000000305476.jpg,-1.0836634902697018,0.1444048717160329
animal/giraffe/000000327500.jpg,-1.5259998274287816,0.1592906308031722
animal/giraffe/000000334080.jpg,-0.5395660317051135,0.3128540524223978
animal/giraffe/000000335566.jpg,-0.5951432014169491,0.2606343022849556
animal/giraffe/000000344174.jpg,-1.2978816480561832,0.3342892920121562
animal/giraffe/000000361132.jpg,-0.8011108935492702,0.2888280144001472
animal/giraffe/000000372868.jpg,-0.85765207028625,0.326501131287347
animal/giraffe/000000380872.jpg,-0.944612261844829,0.1466156611732586
animal/giraffe/000000388011.jpg,-1.0340940567156982,0.1529517094112151
animal/giraffe/000000403197.jpg,-0.6646839562286061,0.2222841318089348
animal/giraffe/000000407676.jpg,-1.0114729777363716,0.2178347055279841
animal/giraffe/000000422253.jpg,-0.6352767292848502,0.1451225867049234
animal/giraffe/000000424978.jpg,-1.4026573714867836,0.2321689474799523
animal/giraffe/000000429407.jpg,-0.7230115465252941,0.1827452213050529
animal/giraffe/000000434804.jpg,-1.3011524770683909,0.192113619869134
animal/giraffe/000000441891.jpg,-0.9853821891793496,0.2045068260321289
animal/giraffe/000000449011.jpg,-1.3079861095970595,0.2023723211014181
animal/giraffe/000000452908.jpg,-0.9097081107609504,0.199779056921914
animal/giraffe/000000459451.jpg,-1.536965100223089,0.3433396858412832
animal/giraffe/000000461245.jpg,-0.8508075412076656,0.1677428191817223
animal/giraffe/000000463417.jpg,-0.9342331247312836,0.2061345371046863
animal/giraffe/000000473448.jpg,-0.7442580755891391,0.1073626167370935
animal/giraffe/000000477143.jpg,-0.951809575531232,0.3123037883003906
animal/giraffe/000000484180.jpg,-1.18894185099771,0.2598724713570238
animal/giraffe/000000493209.jpg,-0.902380661590911,0.2543714658547194
animal/giraffe/000000498610.jpg,-1.3025320103961722,0.2266130429024074
animal/giraffe/000000499789.jpg,-0.9022968954332916,0.1867077300689741
animal/giraffe/000000500422.jpg,-1.2095462780239126,0.0722798003584816
animal/giraffe/000000502752.jpg,-0.8116730301944303,0.2065044971953727
animal/giraffe/000000509154.jpg,-0.470083137430267,0.3492798983103692
animal/giraffe/000000535651.jpg,-0.7717372660290333,0.1765803562236178
animal/giraffe/000000546133.jpg,-1.116691620237244,0.3395964157016998
animal/giraffe/000000547555.jpg,-0.8913601852020526,0.2513546707278131
animal/giraffe/000000557901.jpg,-1.0206476996195013,0.0222595216350307
animal/giraffe/000000560020.jpg,-1.096213745847766,0.1861567857518493
animal/giraffe/000000564432.jpg,-0.947343116864757,0.2661104119155539
animal/giraffe/000000564580.jpg,-1.266630911364723,0.1962902992080343
animal/giraffe/000000567375.jpg,-0.9151970658867338,0.2533116485798516
animal/giraffe/000000575325.jpg,-1.5624098211976594,0.0928731431266211
animal/hamster/n02342885_10013.jpg,-0.4928059180368164,0.2692356071811199
animal/hamster/n02342885_10176.jpg,-1.1591755097916698,0.1737294948487184
animal/hamster/n02342885_10581.jpg,-1.2981559244041987,0.1060851884238139
animal/hamster/n02342885_10583.jpg,-1.4739902759928991,0.2446266558958531
animal/hamster/n02342885_10663.jpg,-1.0387588547817106,0.2997186325041707
animal/hamster/n02342885_10821.jpg,-1.465701731434282,0.1360575722673711
animal/hamster/n02342885_11035.jpg,-1.3998381890023728,0.2505483458234327
animal/hamster/n02342885_11093.jpg,-0.7383024405924303,0.319491783595864
animal/hamster/n02342885_11189.jpg,-1.3205703920912644,0.2389873803159996
animal/hamster/n02342885_11196.jpg,-1.2344343696923583,0.2211620117625339
animal/hamster/n02342885_11264.jpg,-1.7060703356940763,0.2958886589791314
animal/hamster/n02342885_11309.jpg,-1.1162470907385464,0.2599779420082199
animal/hamster/n02342885_11450.jpg,-1.0654330934909992,0.3162294710701204
animal/hamster/n02342885_11596.jpg,-0.923236149309571,0.2162446396242814
animal/hamster/n02342885_11723.jpg,-1.5282557993883326,0.3058357538949036
animal/hamster/n02342885_12012.jpg,-1.251663991171129,0.2974180649522511
animal/hamster/n02342885_12224.jpg,-1.5129412590266824,0.3428152364098701
animal/hamster/n02342885_12243.jpg,-0.9507180689570864,0.2929956596185242
animal/hamster/n02342885_12487.jpg,-1.4757709248018578,0.16592153446866
animal/hamster/n02342885_12511.jpg,-1.1415230855761067,0.3430784757392959
animal/hamster/n02342885_12555.jpg,-1.5023860773057602,0.294749632282407
animal/hamster/n02342885_12660.jpg,-0.9463050544227296,0.2718430395965009
animal/hamster/n02342885_12751.jpg,-0.9705746203260784,0.2875527265092665
animal/hamster/n02342885_12762.jpg,-1.2377666711182236,0.352430410327278
animal/hamster/n02342885_12774.jpg,-1.979180573671988,0.2716495670702418
animal/hamster/n02342885_12792.jpg,-1.709270976264608,0.2688196471777628
animal/hamster/n02342885_12804.jpg,-1.088703183047185,0.1850231645538684
animal/hamster/n02342885_13001.jpg,-1.8948642507310576,0.3231490902681526
animal/hamster/n02342885_13016.jpg,-1.3811420355547896,0.2668440521036627
animal/hamster/n02342885_13036.jpg,-1.352784006626978,0.1847877983389035
animal/hamster/n02342885_13099.jpg,-1.114758585185207,0.3611010310675008
animal/hamster/n02342885_1313.jpg,-1.493231417938094,0.3248108953883473
animal/hamster/n02342885_13161.jpg,-1.0248293001236617,0.0379278536661956
animal/hamster/n02342885_13255.jpg,-1.6720336250079888,0.2753398710496114
animal/hamster/n02342885_13371.jpg,-1.361933153353629,0.2442930764826036
animal/hamster/n02342885_13398.jpg,-1.77402087070882,0.2932142517243625
animal/hamster/n02342885_13402.jpg,-1.2184036044370194,0.3773948455165158
animal/hamster/n02342885_13440.jpg,-1.872072683046605,0.2663011380164488
animal/hamster/n02342885_13477.jpg,-1.054683932277105,0.3806612318840578
animal/hamster/n02342885_13478.jpg,-1.4697476602072594,0.2272041536050157
animal/hamster/n02342885_13577.jpg,-1.3657648785745142,0.3198967835108473
animal/hamster/n02342885_13859.jpg,-1.0395077433351725,0.3420005106546844
animal/hamster/n02342885_13864.jpg,-1.091488033342736,0.2430952046884612
animal/hamster/n02342885_13870.jpg,-1.416638022674738,0.1090021847184193
animal/hamster/n02342885_13894.jpg,-1.3243307984906258,0.3227172647208676
animal/hamster/n02342885_14070.jpg,-1.7023163884647996,0.2356768023653534
animal/hamster/n02342885_1690.jpg,-1.2764831606533091,0.2885108621785738
animal/hamster/n02342885_177.jpg,-1.7384718389615437,0.2642470717999895
animal/hamster/n02342885_18.jpg,-1.6526094233704778,0.357695487671998
animal/hamster/n02342885_184.jpg,-1.0867488076690028,0.3560850655068442
animal/hamster/n02342885_1956.jpg,-1.0350555273551505,0.2445110182660057
animal/hamster/n02342885_1960.jpg,-1.660699360477158,0.1702904881289541
animal/hamster/n02342885_1971.jpg,-1.3026132614163666,0.3325454849447493
animal/hamster/n02342885_209.jpg,-1.34488348719139,0.2796986508017977
animal/hamster/n02342885_2180.jpg,-0.8193071358775317,0.2358767246477789
animal/hamster/n02342885_2213.jpg,-1.2421328564731506,0.2959226180939258
animal/hamster/n02342885_228.jpg,-1.242196915217895,0.1381421396078779
animal/hamster/n02342885_240.jpg,-0.86100044922172,0.3023506895028708
animal/hamster/n02342885_250.jpg,-1.6229811769383955,0.3748702909993233
animal/hamster/n02342885_2760.jpg,-0.9813333620173864,0.2885522781716553
animal/hamster/n02342885_3147.jpg,-1.691040471937123,0.2575222385596061
animal/hamster/n02342885_3750.jpg,-1.2379826284582225,0.2831712473572939
animal/hamster/n02342885_3804.jpg,-1.2555082705964271,0.3820579391941416
animal/hamster/n02342885_3819.jpg,-1.0171166865264416,0.3932157799009806
animal/hamster/n02342885_3984.jpg,-1.1347318183123385,0.3235495009162039
animal/hamster/n02342885_4272.jpg,-1.3394667628493582,0.2453823012475603
animal/hamster/n02342885_4273.jpg,-1.3222640838350783,0.2804376958398203
animal/hamster/n02342885_4368.jpg,-0.9359707310075492,0.2699578218334555
animal/hamster/n02342885_4519.jpg,-1.886956492625309,0.252794529297939
animal/hamster/n02342885_4543.jpg,-0.9069737694012724,0.3380315978276045
animal/hamster/n02342885_4843.jpg,-1.155563350279014,0.2860885859076263
animal/hamster/n02342885_4950.jpg,-1.4086291618191285,0.161964661805982
animal/hamster/n02342885_5028.jpg,-1.7475281685508668,0.3567281046412933
animal/hamster/n02342885_5046.jpg,-1.5625785674317407,0.2520204828936059
animal/hamster/n02342885_5465.jpg,-1.5356060907159157,0.3210994904800214
animal/hamster/n02342885_554.jpg,-1.5949169683357924,0.2945204893855322
animal/hamster/n02342885_5768.jpg,-1.6416886322956972,0.2298676613417388
animal/hamster/n02342885_595.jpg,-1.8176782896323125,0.3075562932115191
animal/hamster/n02342885_6207.jpg,-1.6654451524111236,0.2897340256954094
animal/hamster/n02342885_6277.jpg,-1.9201917655414924,0.306626689665019
animal/hamster/n02342885_6396.jpg,-1.403149434122211,0.3447434467373118
animal/hamster/n02342885_6624.jpg,-1.2824429759716989,0.3168151627310985
animal/hamster/n02342885_6644.jpg,-1.475034813651129,0.2360357103664637
animal/hamster/n02342885_6824.jpg,-1.5684210892718864,0.2934895447130357
animal/hamster/n02342885_7041.jpg,-0.9222141459895644,0.2847775417795796
animal/hamster/n02342885_727.jpg,-1.4143745813785482,0.2824312153171213
animal/hamster/n02342885_7463.jpg,-0.6921462057150604,0.3273171198774415
animal/hamster/n02342885_7645.jpg,-1.29919473826178,0.3184799459395
animal/hamster/n02342885_7756.jpg,-1.015232328563734,0.3318358910902187
animal/hamster/n02342885_78.jpg,-0.7665168532004554,0.364094757072506
animal/hamster/n02342885_7912.jpg,-1.0201201214767308,0.3826895452177618
animal/hamster/n02342885_7944.jpg,-1.7314639279136204,0.3112042938611204
animal/hamster/n02342885_888.jpg,-1.6555528395078454,0.18052999631947
animal/hamster/n02342885_9292.jpg,-1.052279964159554,0.2589593035027333
animal/hamster/n02342885_938.jpg,-1.5103994274988397,0.1667601084482528
animal/hamster/n02342885_9690.jpg,-1.1968163846826838,0.2345743202660666
animal/hamster/n02342885_9777.jpg,-0.813876745668188,0.271598202130648
animal/horse/000000006352.jpg,-0.8320066634589016,0.2301715037294706
animal/horse/000000029170.jpg,-1.1086566349972942,0.2741854811216758
animal/horse/000000031376.jpg,-1.5999897314810352,0.2809856317980395
animal/horse/000000038919.jpg,-0.8467230881672686,0.2658392308158819
animal/horse/000000055076.jpg,-1.0313609886016173,0.3086367455781557
animal/horse/000000056362.jpg,-1.1891832113192644,0.3075400279536626
animal/horse/000000060262.jpg,-0.741962177973189,0.2740401942780648
animal/horse/000000062664.jpg,-0.8452239687712976,0.2761935948267724
animal/horse/000000064442.jpg,-0.7853923184457489,0.2284390501850779
animal/horse/000000066338.jpg,-0.822943935853084,0.3493962142390072
animal/horse/000000069424.jpg,-1.0458250548491432,0.3682248095132516
animal/horse/000000073669.jpg,-0.8154679752087999,0.2534656711690058
animal/horse/000000075611.jpg,-1.1245656839730285,0.2596399095885866
animal/horse/000000092711.jpg,-1.0390120932109908,0.3189731673177381
animal/horse/000000119108.jpg,-0.6277992440686884,0.2112270801330988
animal/horse/000000120734.jpg,-0.7636090550304931,0.1863136991053199
animal/horse/000000133571.jpg,-1.5267075961906726,0.2986021470502384
animal/horse/000000142318.jpg,-0.9312550165521642,0.2753810400691384
animal/horse/000000147301.jpg,-1.24471740962294,0.2507409388136882
animal/horse/000000149199.jpg,-0.7208207122308868,0.3301306578238812
animal/horse/000000151110.jpg,-0.7243087144467745,0.2778382413083364
animal/horse/000000177749.jpg,-1.0846212901702366,0.3345073986356552
animal/horse/000000195300.jpg,-0.87462460028266,0.3265244506277505
animal/horse/000000196344.jpg,-0.7202760356091749,0.3432993876239131
animal/horse/000000196839.jpg,-0.819321943382973,0.2732491661566344
animal/horse/000000201134.jpg,-1.1285108188163493,0.2094563870542362
animal/horse/000000201909.jpg,-0.7362117677708261,0.2679921577565415
animal/horse/000000206247.jpg,-0.7183680830757525,0.2018258309363833
animal/horse/000000213945.jpg,-1.438756657356773,0.25525090707052
animal/horse/000000214489.jpg,-0.9205023167822352,0.3305879961267474
animal/horse/000000222344.jpg,-0.9728596425277684,0.2357995579288309
animal/horse/000000230104.jpg,-0.8351557664916148,0.3121658475332804
animal/horse/000000233104.jpg,-0.6885254601533589,0.3007390807817449
animal/horse/000000243214.jpg,-0.7576913414550086,0.2757623280272414
animal/horse/000000244575.jpg,-1.1801627062409417,0.1688640890161802
animal/horse/000000245550.jpg,-0.7203843124764433,0.3200291585340951
animal/horse/000000248297.jpg,-1.1609633028037565,0.228397512240307
animal/horse/000000248774.jpg,-0.7119225189078112,0.2007089603891866
animal/horse/000000252570.jpg,-1.020317658825843,0.2892163788962048
animal/horse/000000263196.jpg,-1.598421827803994,0.2498002639209314
animal/horse/000000266680.jpg,-0.7706012648507609,0.3239955832832755
animal/horse/000000268481.jpg,-1.1880455507117318,0.13732554848181
animal/horse/000000280422.jpg,-0.781651883195125,0.3272531600986186
animal/horse/000000296876.jpg,-0.634485464207835,0.334241728671137
animal/horse/000000303034.jpg,-0.5833200177729668,0.2149848382350854
animal/horse/000000312660.jpg,-1.4588460880687248,0.3069886544990279
animal/horse/000000316000.jpg,-0.7745410208587028,0.2921508291870737
animal/horse/000000323585.jpg,-1.2952977765334872,0.1975183075671277
animal/horse/000000326913.jpg,-0.6559590695241897,0.2282532242069656
animal/horse/000000332556.jpg,-0.7202276323708005,0.3053913303780138
animal/horse/000000337446.jpg,-0.8193021436193089,0.1356490144531564
animal/horse/000000338474.jpg,-1.036474710999984,0.3051108282162648
animal/horse/000000350051.jpg,-0.7683153602261533,0.2070666489062291
animal/horse/000000353301.jpg,-0.6570303798827678,0.3045463393915799
animal/horse/000000354075.jpg,-0.9628998706114392,0.2601188947919342
animal/horse/000000375841.jpg,-0.6672965937883795,0.3495363969322625
animal/horse/000000380011.jpg,-1.49251618312571,0.1733189850959208
animal/horse/000000395140.jpg,-0.7358660081530285,0.2029275644487854
animal/horse/000000402245.jpg,-1.150865261841831,0.2034184681243505
animal/horse/000000402362.jpg,-0.9084594883883574,0.3035923476965154
animal/horse/000000406750.jpg,-0.6699244968901006,0.2222156202548359
animal/horse/000000414853.jpg,-1.1669038206006466,0.2931221523106964
animal/horse/000000415747.jpg,-0.7271998289157838,0.277892760737627
animal/horse/000000416811.jpg,-0.9218237010927972,0.2230515056955526
animal/horse/000000422185.jpg,-0.5718344783254509,0.2456314335378054
animal/horse/000000426420.jpg,-1.1702955443264893,0.0171130272011876
animal/horse/000000427763.jpg,-0.913776943758373,0.3296782373299524
animal/horse/000000439124.jpg,-0.8072781210423408,0.2722627410200361
animal/horse/000000439874.jpg,-0.7709788793161063,0.2936740169826529
animal/horse/000000456773.jpg,-1.3166927214413136,0.3655048338592643
animal/horse/000000458705.jpg,-0.9139020748290771,0.3110322801414395
animal/horse/000000468193.jpg,-0.5921914723803134,0.3763967576048113
animal/horse/000000468992.jpg,-0.5257776969016469,0.2810895843682728
animal/horse/000000502485.jpg,-0.9097026402202336,0.0505370897857658
animal/horse/000000505658.jpg,-0.8681591935796943,0.2236142563673807
animal/horse/000000513918.jpg,-0.7505222500850839,0.3138514086740979
animal/horse/000000519842.jpg,-0.9283849826202534,0.3858655298849553
animal/horse/000000522175.jpg,-1.510298573871803,0.2184936225575095
animal/horse/000000524508.jpg,-0.7305386966816405,0.1189858830308268
animal/horse/000000533171.jpg,-1.491127003812285,0.1380351135070337
animal/horse/000000543026.jpg,-0.9795261391873388,0.2945565712097079
animal/horse/000000544516.jpg,-0.9844153147057588,0.0949568653464145
animal/horse/000000551597.jpg,-1.0238828953036194,0.3476934321662046
animal/horse/000000555782.jpg,-0.6753575946730916,0.2440772163453793
animal/horse/000000568270.jpg,-0.7917195139616241,0.2838226564997032
animal/horse/000000576513.jpg,-0.8298503340240776,0.2438374470048282
animal/horse/n02374451_17392.jpg,-0.616116239053131,0.1543631512647779
animal/horse/n02374451_4963.jpg,-1.435854374150989,0.30257655349707
animal/horse/n02379743_11969.jpg,-1.6133395159405743,0.1841124614143886
animal/horse/n02381004_7100.jpg,-1.6855085137223675,0.1004666329341654
animal/horse/n02381004_8273.jpg,-0.7242014056979842,0.166444618599791
animal/horse/n02381004_9323.jpg,-0.839457571108607,0.262310928268737
animal/horse/n02386310_9220.jpg,-1.5467413818081162,0.1339086912668658
animal/horse/n02387722_10980.jpg,-0.8780619596600284,0.2411657103168674
animal/horse/n02389026_1198.jpg,-1.5686119412847193,0.3042800845885146
animal/horse/n02389128_1421.jpg,-1.4717112961610928,0.227078647212214
animal/horse/n02389128_6719.jpg,-0.7872394452294587,0.2416435290560897
animal/horse/n02389261_12063.jpg,-1.0700830056089907,0.2862674905564296
animal/horse/n02389261_7723.jpg,-1.8750455220573317,0.1510490313222333
animal/lion/n02129165_10052.jpg,-0.8358178052119466,0.2443767782750834
animal/lion/n02129165_1047.jpg,-1.009616654576987,0.3647966672724477
animal/lion/n02129165_10594.jpg,-0.6970214881541553,0.2184509249573201
animal/lion/n02129165_10783.jpg,-0.853772859587449,0.2821709429620544
animal/lion/n02129165_10931.jpg,-1.701490419939061,0.2761020106421191
animal/lion/n02129165_10937.jpg,-0.4584793929970959,0.2697626863262121
animal/lion/n02129165_10944.jpg,-1.0976228024045818,0.3417087855272187
animal/lion/n02129165_11414.jpg,-0.7266500429946255,0.2741645088597015
animal/lion/n02129165_11498.jpg,-1.197983717112461,0.2826809121924941
animal/lion/n02129165_11516.jpg,-0.8707641497917767,0.189955749853388
animal/lion/n02129165_11555.jpg,-0.866658881395148,0.3039928090459656
animal/lion/n02129165_11840.jpg,-1.4685774332225388,0.2281722235548093
animal/lion/n02129165_11878.jpg,-0.678408305966805,0.2394828125060288
animal/lion/n02129165_1189.jpg,-1.0573326727607015,0.1957069540456771
animal/lion/n02129165_12069.jpg,-1.279130194756538,0.1750886315291893
animal/lion/n02129165_12209.jpg,-1.0509337704140649,0.2487792450426733
animal/lion/n02129165_1244.jpg,-1.1600904841483404,0.3168335300009327
animal/lion/n02129165_1262.jpg,-1.5823421101589583,0.2613662932811869
animal/lion/n02129165_13011.jpg,-0.9327522114610072,0.2051214806211715
animal/lion/n02129165_13068.jpg,-1.8687563627273571,0.2294976313052855
animal/lion/n02129165_13095.jpg,-0.7884788935632955,0.2639112390954518
animal/lion/n02129165_13292.jpg,-0.968327634024408,0.189547857164309
animal/lion/n02129165_14236.jpg,-0.8977817951431317,0.2047203437822712
animal/lion/n02129165_1455.jpg,-1.156889708123472,0.2692749750832326
animal/lion/n02129165_1456.jpg,-1.2316519248101556,0.3950984067478913
animal/lion/n02129165_148.jpg,-0.6068491354667029,0.3247646071311266
animal/lion/n02129165_15462.jpg,-0.7519574597236545,0.1384461728080241
animal/lion/n02129165_15707.jpg,-0.7815442048427094,0.2137569795666844
animal/lion/n02129165_16300.jpg,-1.280192506980069,0.184483783907415
animal/lion/n02129165_16401.jpg,-0.7451064219937248,0.2689049986893942
animal/lion/n02129165_16644.jpg,-0.7336723788829076,0.248630596670029
animal/lion/n02129165_16656.jpg,-0.7796265988843099,0.2012599154740251
animal/lion/n02129165_16675.jpg,-0.930489772339688,0.2287205800334635
animal/lion/n02129165_1678.jpg,-1.2105289993615684,0.2178766421095296
animal/lion/n02129165_17282.jpg,-1.262447647781193,0.218592316456852
animal/lion/n02129165_17467.jpg,-1.0923379956268384,0.1913018571053013
animal/lion/n02129165_17964.jpg,-0.616527686615012,0.3307098361132943
animal/lion/n02129165_17974.jpg,-0.7779416000703697,0.3238246691237402
animal/lion/n02129165_18187.jpg,-1.0330206842285756,0.1180786426688066
animal/lion/n02129165_1824.jpg,-1.6504363933345876,0.2905195603413181
animal/lion/n02129165_18327.jpg,-1.0880648227166754,0.3451534452808338
animal/lion/n02129165_1837.jpg,-0.9899804635503098,0.2953797623256193
animal/lion/n02129165_18704.jpg,-1.3616537074828698,0.2530834082905188
animal/lion/n02129165_18718.jpg,-1.0024397469397248,0.2263174349532775
animal/lion/n02129165_18801.jpg,-1.1104291096713086,0.2723344235293004
animal/lion/n02129165_1927.jpg,-1.0458161667073924,0.1961872243562384
animal/lion/n02129165_19931.jpg,-1.12880150128478,0.1331613423878982
animal/lion/n02129165_19995.jpg,-1.103774107335239,0.2365191546715971
animal/lion/n02129165_20179.jpg,-0.8951544465041615,0.2271378585892356
animal/lion/n02129165_20206.jpg,-1.1867027191891413,0.2785291965230576
animal/lion/n02129165_20804.jpg,-1.38840939810899,0.1974447469789551
animal/lion/n02129165_20942.jpg,-0.9319033012514752,0.3365052421828514
animal/lion/n02129165_22072.jpg,-1.0682609475352625,0.3609044347520359
animal/lion/n02129165_22110.jpg,-0.8729079508019517,0.2920893634958549
animal/lion/n02129165_22388.jpg,-0.793510272057627,0.1273038783033072
animal/lion/n02129165_22697.jpg,-0.8364159778744006,0.1582742556208223
animal/lion/n02129165_22929.jpg,-1.0584383752266815,0.3008157312326699
animal/lion/n02129165_23275.jpg,-0.7134549994979009,0.1944003789870788
animal/lion/n02129165_23406.jpg,-1.035778536693161,0.3117098199251174
animal/lion/n02129165_23945.jpg,-0.9711937941411838,0.2343530568298849
animal/lion/n02129165_24549.jpg,-0.9959548076290512,0.2104748510369162
animal/lion/n02129165_25317.jpg,-0.9976036218852606,0.2434849958117078
animal/lion/n02129165_2648.jpg,-0.9454154561256198,0.2032380508359026
animal/lion/n02129165_288.jpg,-1.03588369268362,0.282639901438857
animal/lion/n02129165_304.jpg,-1.1056691215884695,0.3146110000520202
animal/lion/n02129165_3678.jpg,-0.9513280316137108,0.1507999077744639
animal/lion/n02129165_4058.jpg,-0.7168255598466601,0.210348773869196
animal/lion/n02129165_4316.jpg,-1.1193971827564957,0.2533664778639183
animal/lion/n02129165_4340.jpg,-1.0544415410184222,0.2804340987731991
animal/lion/n02129165_4534.jpg,-1.2513724648425688,0.3107145982733502
animal/lion/n02129165_4588.jpg,-0.7748277304618002,0.1827971187382185
animal/lion/n02129165_4783.jpg,-1.2562527978336686,0.2244708397776015
animal/lion/n02129165_4868.jpg,-1.3433069665120971,0.2991826890868895
animal/lion/n02129165_5082.jpg,-1.157832649877277,0.2250503429805475
animal/lion/n02129165_5387.jpg,-1.6364913567148234,0.1459533095303488
animal/lion/n02129165_5504.jpg,-0.4956093519524026,0.2229911466951059
animal/lion/n02129165_6087.jpg,-1.027044683467443,0.3958440990579163
animal/lion/n02129165_6139.jpg,-1.072381048507755,0.2920655847948042
animal/lion/n02129165_6283.jpg,-1.1689176913040933,0.241526833674003
animal/lion/n02129165_647.jpg,-0.9869213063259824,0.2345639516283832
animal/lion/n02129165_6863.jpg,-0.9057214910027968,0.22856300228563
animal/lion/n02129165_6920.jpg,-0.9083411462972656,0.2776587925679466
animal/lion/n02129165_6929.jpg,-1.0163842310427154,0.2847495076132489
animal/lion/n02129165_709.jpg,-1.7909010693006664,0.2676356673484485
animal/lion/n02129165_7380.jpg,-0.8640247268858736,0.2869415148609779
animal/lion/n02129165_743.jpg,-1.3057097776092543,0.2025688406894671
animal/lion/n02129165_748.jpg,-1.322929724614324,0.1373509659997976
animal/lion/n02129165_7729.jpg,-0.7943578530484293,0.1857174432521925
animal/lion/n02129165_7860.jpg,-1.120594718068355,0.1986782703555619
animal/lion/n02129165_8391.jpg,-0.6647444807238738,0.3512918469699988
animal/lion/n02129165_8849.jpg,-0.6085514493363524,0.2591130914491831
animal/lion/n02129165_8981.jpg,-0.7650227573588047,0.2452340319456961
animal/lion/n02129165_9095.jpg,-1.4026047968909374,0.3228084707523624
animal/lion/n02129165_911.jpg,-0.9866872370796008,0.2049241730618768
animal/lion/n02129165_9130.jpg,-1.180282752038709,0.2993466668572817
animal/lion/n02129165_9455.jpg,-1.1487052272105458,0.269952497504773
animal/lion/n02129165_9834.jpg,-1.1399072296727082,0.2056627233649507
animal/lion/n02129165_992.jpg,-0.9230824990830716,0.2744081492132282
animal/lion/n02129530_1197.jpg,-1.118862171676085,0.0824005195740802
animal/lion/n02129530_2199.jpg,-1.1845191388168863,0.2350606029975281
animal/marten/n02450034_10176.jpg,-1.5714883503130963,0.1504646853707999
animal/marten/n02450034_10320.jpg,-1.2082433226952976,0.3526904898451559
animal/marten/n02450034_10349.jpg,-2.0569213260565915,0.1894555851010656
animal/marten/n02450034_10449.jpg,-1.083862628837621,0.2157986236870699
animal/marten/n02450034_10783.jpg,-1.847120075686468,0.2806889775442893
animal/marten/n02450034_11046.jpg,-1.3338443049206,0.205020396742412
animal/marten/n02450034_11087.jpg,-1.9541338784228304,0.2545787311379315
animal/marten/n02450034_11093.jpg,-0.654235063829115,0.2100153295861012
animal/marten/n02450034_11358.jpg,-2.030200893626794,0.3387172471640837
animal/marten/n02450034_11460.jpg,-2.0102659703934225,0.2339046913795356
animal/marten/n02450034_11655.jpg,-1.835392157218404,0.1932092427313974
animal/marten/n02450034_11752.jpg,-1.7553914088250984,0.1623438173201206
animal/marten/n02450034_11910.jpg,-1.232953162368155,0.2143848737587405
animal/marten/n02450034_12504.jpg,-0.9551969864588792,0.1724899708076155
animal/marten/n02450034_12728.jpg,-1.0165385909282496,0.2140259172397344
animal/marten/n02450034_12771.jpg,-1.6525512829594935,0.1042327958354494
animal/marten/n02450034_13271.jpg,-1.343800397635265,0.2032547580961868
animal/marten/n02450034_13343.jpg,-1.905981588798627,0.1540639714928095
animal/marten/n02450034_13657.jpg,-1.892497954846508,0.2271051688872967
animal/marten/n02450034_13701.jpg,-0.6771774729942237,0.1924935774681546
animal/marten/n02450034_14037.jpg,-1.0909266083649525,0.1885877916855652
animal/marten/n02450034_14176.jpg,-1.4843303061653697,0.2223134179282072
animal/marten/n02450034_14229.jpg,-1.3303833596928931,0.1069395534890081
animal/marten/n02450034_14659.jpg,-1.240965832887941,0.2755933930618657
animal/marten/n02450034_1513.jpg,-1.0275324072420893,0.1579507449072666
animal/marten/n02450034_1885.jpg,-1.7699370408243524,0.2378638772279953
animal/marten/n02450034_2163.jpg,-1.5456012079154449,0.0819513649990486
animal/marten/n02450034_2371.jpg,-1.3139606479423307,0.1809287519895141
animal/marten/n02450034_2862.jpg,-1.3429121364431065,0.0950867478169694
animal/marten/n02450034_2991.jpg,-1.3225433511938465,0.1589028861521105
animal/marten/n02450034_3475.jpg,-1.3069930136736383,0.4082725007489898
animal/marten/n02450034_3551.jpg,-0.8928082971201885,0.1311187341946229
animal/marten/n02450034_4223.jpg,-1.3359035403862858,0.3257036295958451
animal/marten/n02450034_4331.jpg,-1.1442746829428891,0.0610308426182644
animal/marten/n02450034_4350.jpg,-1.2045892178111968,0.2321197699981386
animal/marten/n02450034_4525.jpg,-1.0293535815213948,0.2273567876546268
animal/marten/n02450034_4660.jpg,-1.139777118304243,0.1757521190294299
animal/marten/n02450034_511.jpg,-1.7727341409690964,0.2490141006534449
animal/marten/n02450034_5369.jpg,-1.2643343619698082,0.2085666920560956
animal/marten/n02450034_5650.jpg,-0.9831676440401544,0.25307423378514
animal/marten/n02450034_5808.jpg,-1.0170975971869145,0.1979990747166319
animal/marten/n02450034_5810.jpg,-1.2928450967565286,0.2156723687799555
animal/marten/n02450034_5948.jpg,-1.6562314824309952,0.1751130910009414
animal/marten/n02450034_5956.jpg,-1.0828648372176377,0.1681754037107715
animal/marten/n02450034_6040.jpg,-1.4440701717992603,0.1530531028479045
animal/marten/n02450034_6129.jpg,-0.6682008841492181,0.1074615644614602
animal/marten/n02450034_6320.jpg,-1.1851753909135407,0.4114984469360183
animal/marten/n02450034_6635.jpg,-0.8618340083446568,0.1683289765481546
animal/marten/n02450034_7153.jpg,-0.8796128846366709,0.2024475524475524
animal/marten/n02450034_7460.jpg,-1.6843883823550183,0.1553437852238959
animal/marten/n02450034_7834.jpg,-1.182331429679227,0.101675034367342
animal/marten/n02450034_7926.jpg,-1.0011067953955208,0.1874218592080735
animal/marten/n02450034_8355.jpg,-0.965466934264923,0.1675878279651864
animal/marten/n02450034_8756.jpg,-1.182951747205759,0.2967524723851741
animal/marten/n02450034_8962.jpg,-1.521511542151185,0.2678406234014996
animal/marten/n02450034_9019.jpg,-1.11997204361998,0.1916270057415328
animal/marten/n02450034_9072.jpg,-1.9698311589570043,0.1605297210085489
animal/marten/n02450034_9515.jpg,-1.2613651859247603,0.259539358033557
animal/marten/n02450034_979.jpg,-0.870516178757528,0.265744885579216
animal/marten/n02450034_9798.jpg,-1.7882553338101634,0.2320054396511715
animal/marten/n02450034_994.jpg,-1.1027543130397035,0.0878588858314729
animal/mouse/n02332755_10100.jpg,-1.1020454309187613,0.1809083644389401
animal/mouse/n02332755_10401.jpg,-1.3545241130370975,0.260651843052823
animal/mouse/n02332755_109.jpg,-1.0360118597638006,0.1526710607050254
animal/mouse/n02332755_1242.jpg,-1.2777793579979693,0.2519657460190154
animal/mouse/n02332755_1244.jpg,-1.536402345949618,0.0260879248140394
animal/mouse/n02332755_1717.jpg,-0.668466217933169,0.3693352900027373
animal/mouse/n02332755_2063.jpg,-1.3786094050796376,0.0009440749778256
animal/mouse/n02332755_2108.jpg,-1.0539822974087985,0.2707356072987639
animal/mouse/n02332755_2263.jpg,-2.0118334017917623,0.1622573704319785
animal/mouse/n02332755_2360.jpg,-1.104638237763328,0.0946226540662851
animal/mouse/n02332755_2388.jpg,-1.3490134651788408,0.2496381611004233
animal/mouse/n02332755_2475.jpg,-1.495307105976476,0.1265236059756607
animal/mouse/n02332755_2528.jpg,-1.370743286847534,0.2157353858955689
animal/mouse/n02332755_2583.jpg,-0.8141812828084689,0.1547148503670243
animal/mouse/n02332755_2700.jpg,-1.1871252339645,0.1601773245254079
animal/mouse/n02332755_2718.jpg,-1.4189227217825238,0.2182022504706723
animal/mouse/n02332755_3073.jpg,-1.2017646144385723,0.2741299132880412
animal/mouse/n02332755_3305.jpg,-1.6336650935385533,0.0364569777147524
animal/mouse/n02332755_342.jpg,-1.2418141484208778,0.2149964982642475
animal/mouse/n02332755_345.jpg,-1.1750404733247974,0.2646297687620002
animal/mouse/n02332755_4207.jpg,-1.4179966566963698,0.0308151826540144
animal/mouse/n02332755_4209.jpg,-1.810697102734676,0.3433771494812788
animal/mouse/n02332755_4260.jpg,-1.1759872749533091,0.0220332787797561
animal/mouse/n02332755_4283.jpg,-1.107493183287391,0.1060233121096849
animal/mouse/n02332755_4664.jpg,-1.8185132056890485,0.3275709368939114
animal/mouse/n02332755_4983.jpg,-1.727346133820408,0.1240412735198366
animal/mouse/n02332755_528.jpg,-0.9309713002888644,0.3662529218837769
animal/mouse/n02332755_5387.jpg,-1.5648809523528953,0.1086116657908565
animal/mouse/n02332755_5511.jpg,-1.588865073246254,0.0317997418403097
animal/mouse/n02332755_5601.jpg,-1.244771341230691,0.2712360961970946
animal/mouse/n02332755_6074.jpg,-1.0807119424556813,0.0074253395907215
animal/mouse/n02332755_6363.jpg,-1.2859377100556637,0.1609169166557976
animal/mouse/n02332755_687.jpg,-1.513466275019186,0.0257747284162378
animal/mouse/n02332755_6877.jpg,-0.6843457971443232,0.2886923158904402
animal/mouse/n02332755_698.jpg,-1.0684227873906165,0.1527035318556779
animal/mouse/n02332755_7430.jpg,-1.8199977443878976,0.2242600921328521
animal/mouse/n02332755_7861.jpg,-1.6265448449710418,0.2407781518892629
animal/mouse/n02332755_7916.jpg,-1.1214194774547788,0.2103885393693654
animal/mouse/n02332755_8491.jpg,-1.1261252952077054,0.269308475054879
animal/mouse/n02332755_8679.jpg,-0.7637382940196796,0.0928596527713037
animal/mouse/n02332755_8762.jpg,-0.7452664778402892,0.31992906962998
animal/mouse/n02332755_8922.jpg,-1.1973948117189313,0.2632778303235598
animal/mouse/n02332755_9380.jpg,-0.8554415485497157,0.0882878489433118
animal/mouse/n02332755_948.jpg,-1.677438201046601,0.0726033745696666
animal/mouse/n02332755_9535.jpg,-0.8367881340176055,0.1833130283348157
animal/mouse/n02332755_9587.jpg,-1.1465182922089052,0.2421250681452524
animal/mouse/n02332755_9646.jpg,-1.767704613979333,0.0291811186177004
animal/mouse/n02332755_9999.jpg,-1.7074000264424836,0.3691761735775359
animal/pigeon/n01811909_10220.jpg,-1.156049442609939,0.2080936698098228
animal/pigeon/n01811909_10281.jpg,-1.0548627236905268,0.302059052059052
animal/pigeon/n01811909_10317.jpg,-0.8271206765776892,0.3237053227268491
animal/pigeon/n01811909_10326.jpg,-1.2821855526137682,0.3233197413665717
animal/pigeon/n01811909_10382.jpg,-1.1804079766898934,0.2538644787165497
animal/pigeon/n01811909_10611.jpg,-1.5920281695492162,0.1911289606962214
animal/pigeon/n01811909_10668.jpg,-0.9787058241341394,0.2532459279059287
animal/pigeon/n01811909_10676.jpg,-0.9882042512326036,0.4034656818360057
animal/pigeon/n01811909_10850.jpg,-1.0048841164102458,0.3130519420842002
animal/pigeon/n01811909_10858.jpg,-1.5136631530578024,0.2735944500650382
animal/pigeon/n01811909_10933.jpg,-1.1927958645304717,0.1175554644968682
animal/pigeon/n01811909_10996.jpg,-0.4809418401632035,0.3567617644962824
animal/pigeon/n01811909_11339.jpg,-1.4641628088823713,0.2762776303735945
animal/pigeon/n01811909_11388.jpg,-1.3651528790759626,0.2271083431963778
animal/pigeon/n01811909_11493.jpg,-1.0918495023251025,-0.0093660585018423
animal/pigeon/n01811909_11728.jpg,-1.3051550365369875,0.3398290326361794
animal/pigeon/n01811909_12017.jpg,-1.9142376935119745,0.2218274655430979
animal/pigeon/n01811909_1216.jpg,-0.6174373706578359,0.2594525628476988
animal/pigeon/n01811909_12189.jpg,-0.889980113076498,0.4021938888610799
animal/pigeon/n01811909_12270.jpg,-1.2152233344189425,0.3935136145554239
animal/pigeon/n01811909_12341.jpg,-0.56882782818074,0.3914469154182563
animal/pigeon/n01811909_12450.jpg,-0.2514647236167144,0.3815825415579244
animal/pigeon/n01811909_12660.jpg,-0.3780453991032356,0.4189493972644428
animal/pigeon/n01811909_12704.jpg,-0.6926743159438545,0.3120515659063516
animal/pigeon/n01811909_12751.jpg,-1.6680965127234049,0.3268102599237786
animal/pigeon/n01811909_12826.jpg,-1.3094386049935152,0.024613182093497
animal/pigeon/n01811909_1285.jpg,-0.7785216423409429,0.1592053755945039
animal/pigeon/n01811909_13059.jpg,-1.1577294387255348,0.1654077300545845
animal/pigeon/n01811909_13116.jpg,-1.3993647542432432,0.1335143360085926
animal/pigeon/n01811909_13339.jpg,-1.081881977728071,0.0796675545657906
animal/pigeon/n01811909_13398.jpg,-1.2439198835377236,0.3939324452968114
animal/pigeon/n01811909_13494.jpg,-0.9111521846445808,0.3534121759676969
animal/pigeon/n01811909_13582.jpg,-1.276393051604397,0.272438227539875
animal/pigeon/n01811909_13587.jpg,-0.7964013833979402,0.1232233785214914
animal/pigeon/n01811909_13605.jpg,-1.840935483247496,0.3028080183184027
animal/pigeon/n01811909_13626.jpg,-1.7410563463497597,0.1635165921527498
animal/pigeon/n01811909_15169.jpg,-1.4760738813888676,0.2662118441412294
animal/pigeon/n01811909_152.jpg,-0.9498654057785408,0.216197949759807
animal/pigeon/n01811909_1526.jpg,-1.025402302582029,0.2148807075277663
animal/pigeon/n01811909_1560.jpg,-1.6000429634600704,0.3026692591379328
animal/pigeon/n01811909_15850.jpg,-1.186848926252434,0.3242813773317752
animal/pigeon/n01811909_15857.jpg,-1.679143313943988,0.215430179060932
animal/pigeon/n01811909_17.jpg,-1.693533507677797,0.1773173191528376
animal/pigeon/n01811909_2049.jpg,-0.4899006090785766,0.2329914004914005
animal/pigeon/n01811909_2255.jpg,-1.2608095545308071,0.1834338647134855
animal/pigeon/n01811909_2360.jpg,-1.1810585178352968,0.2093875093384476
animal/pigeon/n01811909_2537.jpg,-1.2438290286629003,0.2755313294373542
animal/pigeon/n01811909_2685.jpg,-1.232408128971895,0.185656582497196
animal/pigeon/n01811909_3004.jpg,-0.3985584459051663,0.4224077653929997
animal/pigeon/n01811909_3010.jpg,-0.8481194934201799,0.3799261187990749
animal/pigeon/n01811909_3085.jpg,-1.7782851498028336,0.0620006895113407
animal/pigeon/n01811909_310.jpg,-1.682107735771303,0.1128320430207222
animal/pigeon/n01811909_3153.jpg,-1.0089212472469955,0.2597195694875671
animal/pigeon/n01811909_3663.jpg,-0.923855933227532,0.1732419276455733
animal/pigeon/n01811909_3743.jpg,-0.8350911780448037,0.3594015025257657
animal/pigeon/n01811909_3873.jpg,-0.7464629528163548,0.3665272735627957
animal/pigeon/n01811909_3965.jpg,-1.4694243028764074,0.2689585505313121
animal/pigeon/n01811909_4089.jpg,-1.3045947505200717,0.3524889295384364
animal/pigeon/n01811909_4138.jpg,-0.8673045289334698,0.1531326877408529
animal/pigeon/n01811909_4142.jpg,-0.9229690441430098,0.3152375985262078
animal/pigeon/n01811909_4167.jpg,-0.7103408787473341,0.2216903598765087
animal/pigeon/n01811909_4219.jpg,-0.9927813563819792,0.2594522594522594
animal/pigeon/n01811909_4244.jpg,-1.1246136763956422,0.1060917120597235
animal/pigeon/n01811909_4382.jpg,-1.1747166228376074,0.2946237023987721
animal/pigeon/n01811909_4464.jpg,-1.372154063479342,0.0775187398870653
animal/pigeon/n01811909_471.jpg,-1.2509760489372754,0.2016484264266058
animal/pigeon/n01811909_4724.jpg,-1.3599809257628146,0.3020408163265306
animal/pigeon/n01811909_4836.jpg,-1.013004800117694,0.2762650676130453
animal/pigeon/n01811909_4860.jpg,-1.4051801332249212,0.1723323312430001
animal/pigeon/n01811909_4925.jpg,-1.7328055967328049,0.1628382570332186
animal/pigeon/n01811909_5541.jpg,-1.2650319835248105,0.2285539810180402
animal/pigeon/n01811909_6259.jpg,-1.3843161314484878,0.0101840605437727
animal/pigeon/n01811909_6448.jpg,-1.314263886408631,0.2067750100536985
animal/pigeon/n01811909_6571.jpg,-1.132632803875686,0.1913433124419391
animal/pigeon/n01811909_6839.jpg,-0.9222886714509096,0.3755101723709289
animal/pigeon/n01811909_6990.jpg,-1.6523316959993617,0.4015976273790791
animal/pigeon/n01811909_7116.jpg,-1.5641918179734156,0.2596020230774857
animal/pigeon/n01811909_7231.jpg,-1.3354775057838744,0.2124931691117743
animal/pigeon/n01811909_7505.jpg,-1.3788730591832483,0.1585712677747345
animal/pigeon/n01811909_7682.jpg,-1.5901323235667886,0.1570156256634537
animal/pigeon/n01811909_7693.jpg,-1.7637851768368709,0.4043080792381383
animal/pigeon/n01811909_7814.jpg,-1.2961294305961302,0.2150408125387492
animal/pigeon/n01811909_7837.jpg,-1.0471558829506806,0.2895389191869113
animal/pigeon/n01811909_7972.jpg,-0.8594683832601719,0.0957809503515874
animal/pigeon/n01811909_8202.jpg,-1.1103758740838992,0.3492557197574038
animal/pigeon/n01811909_8210.jpg,-1.254979339406967,0.2370026754951591
animal/pigeon/n01811909_8563.jpg,-1.1139811232413823,0.2147130772197049
animal/pigeon/n01811909_8654.jpg,-1.5658707283030018,0.3574604394900378
animal/pigeon/n01811909_8696.jpg,-0.9044951083146996,0.2845929099420307
animal/pigeon/n01811909_8739.jpg,-1.2014741677999503,0.3251014831958456
animal/pigeon/n01811909_8742.jpg,-1.373414032259839,0.1257341991024697
animal/pigeon/n01811909_8880.jpg,-1.0903770469370595,0.2242971966110683
animal/pigeon/n01811909_897.jpg,-1.0152309533784691,0.4331353102448163
animal/pigeon/n01811909_902.jpg,-1.2079951180449584,0.2318385152870716
animal/pigeon/n01811909_9035.jpg,-0.9520473703300966,0.1897673382194083
animal/pigeon/n01811909_9110.jpg,-0.8418008284859868,0.3465857911896277
animal/pigeon/n01811909_9327.jpg,-0.7302519931439382,0.3202463623521974
animal/pigeon/n01811909_9824.jpg,-1.26164186234111,0.3729833864087004
animal/pigeon/n01811909_9916.jpg,-1.1220333994884686,0.1280899863790149
animal/rabbit/n02324045_1010.jpg,-1.3080468360874544,0.2079356501800071
animal/rabbit/n02324045_10179.jpg,-0.727063736669445,0.3580797312140595
animal/rabbit/n02324045_10339.jpg,-0.8853691393039879,0.1499149792460255
animal/rabbit/n02324045_11540.jpg,-1.112411908687618,0.2635111738539807
animal/rabbit/n02324045_1241.jpg,-1.2026533316897074,0.2448368993178571
animal/rabbit/n02324045_1280.jpg,-0.8964731983371972,0.3575006260956674
animal/rabbit/n02324045_12982.jpg,-0.7792774543854756,0.2766791578960616
animal/rabbit/n02324045_13216.jpg,-1.127413884958392,0.2083983170366645
animal/rabbit/n02324045_13218.jpg,-0.7050467826528481,0.2663433534428958
animal/rabbit/n02324045_13467.jpg,-1.052638279605859,0.2442734523002081
animal/rabbit/n02324045_13525.jpg,-1.3214074951200423,0.2163776798758734
animal/rabbit/n02324045_14257.jpg,-0.9965211808860452,-0.016204932758257
animal/rabbit/n02324045_14394.jpg,-0.6882304289525584,0.2374735729386892
animal/rabbit/n02324045_14622.jpg,-0.6800450736214496,0.2129951736815508
animal/rabbit/n02324045_15031.jpg,-1.0236800018481866,0.1477731308239782
animal/rabbit/n02324045_15673.jpg,-0.695409340886491,0.2647666077776122
animal/rabbit/n02324045_15734.jpg,-1.8386822759211363,0.2626485192877399
animal/rabbit/n02324045_16354.jpg,-0.8686160745886224,0.2141631165864721
animal/rabbit/n02324045_17314.jpg,-1.0444466435226192,0.2746267499556973
animal/rabbit/n02324045_17457.jpg,-0.846204460389497,0.2304780820175004
animal/rabbit/n02324045_17462.jpg,-1.2278702503356205,0.0789510875263846
animal/rabbit/n02324045_1807.jpg,-1.7279427648735866,0.3330882176243002
animal/rabbit/n02324045_18464.jpg,-0.9022090342874596,0.3146511200130804
animal/rabbit/n02324045_1847.jpg,-1.0980031962395007,0.1050612166200713
animal/rabbit/n02324045_19278.jpg,-0.9516525156297916,0.2045845653228204
animal/rabbit/n02324045_19329.jpg,-0.7339231898348795,0.1190334118588472
animal/rabbit/n02324045_19580.jpg,-0.7501433725684032,0.3140037698192704
animal/rabbit/n02324045_1967.jpg,-0.7083298501980542,0.3079492825146154
animal/rabbit/n02324045_19984.jpg,-1.1138915262043074,0.1117674249091086
animal/rabbit/n02324045_20332.jpg,-1.2393882689518705,0.345522278768352
animal/rabbit/n02324045_21625.jpg,-0.8879089707220806,0.0184851530379168
animal/rabbit/n02324045_21877.jpg,-1.1358505978871352,0.133028181192669
animal/rabbit/n02324045_22432.jpg,-0.7443680806631688,0.2690606360111416
animal/rabbit/n02324045_22597.jpg,-1.5502773791678193,0.3720100325618235
animal/rabbit/n02324045_22652.jpg,-1.05624153413509,0.37828919772937
animal/rabbit/n02324045_22804.jpg,-1.4033168432177705,0.2147281148945042
animal/rabbit/n02324045_22810.jpg,-1.0281870603726773,0.2952725358635799
animal/rabbit/n02324045_23562.jpg,-0.7506275135811461,0.1236736270477835
animal/rabbit/n02324045_24139.jpg,-1.0764658074512026,0.2645557276429759
animal/rabbit/n02324045_24416.jpg,-0.7158580768276417,0.243495752733628
animal/rabbit/n02324045_24525.jpg,-0.5009971155005545,0.1929967274076795
animal/rabbit/n02324045_25240.jpg,-1.1125338624635313,0.176382611970566
animal/rabbit/n02324045_25319.jpg,-1.1498173948542707,0.2215302384481098
animal/rabbit/n02324045_25672.jpg,-1.5541249939797956,0.277981267822712
animal/rabbit/n02324045_26514.jpg,-1.10801109498768,0.1706463613113229
animal/rabbit/n02324045_26613.jpg,-1.0357899584690895,0.2246152347919889
animal/rabbit/n02324045_2666.jpg,-0.7439395641791106,0.2565462602390224
animal/rabbit/n02324045_27845.jpg,-0.964922100146849,0.1497898900963581
animal/rabbit/n02324045_28411.jpg,-1.1399316258602228,0.3430784240927654
animal/rabbit/n02324045_28693.jpg,-1.0295270302708308,0.2500228874851232
animal/rabbit/n02324045_29023.jpg,-0.7679870717267454,0.1553960148351691
animal/rabbit/n02324045_29163.jpg,-0.8031896476045113,0.2391715412346172
animal/rabbit/n02324045_29383.jpg,-0.9841102089696544,0.2895763524352853
animal/rabbit/n02324045_30124.jpg,-1.4153964129513463,0.3319275951099052
animal/rabbit/n02324045_30202.jpg,-1.1729273515665,0.2840411080550475
animal/rabbit/n02324045_30218.jpg,-1.333704550962918,0.3083590038114133
animal/rabbit/n02324045_30280.jpg,-1.5750127100508613,0.3060453975134026
animal/rabbit/n02324045_30413.jpg,-1.3711642678410425,0.2698554047886727
animal/rabbit/n02324045_30639.jpg,-0.4395326715819715,0.3473857095120705
animal/rabbit/n02324045_30879.jpg,-0.999693844220891,0.3564037118950414
animal/rabbit/n02324045_31051.jpg,-0.7498904715682475,0.2500138012890404
animal/rabbit/n02324045_31803.jpg,-1.1209341851303034,0.2488793712197967
animal/rabbit/n02324045_32254.jpg,-0.9826743748051114,0.2710349298027023
animal/rabbit/n02324045_32717.jpg,-0.8076235982345338,0.3369878516737104
animal/rabbit/n02324045_32742.jpg,-1.275056471801628,0.1304335810111889
animal/rabbit/n02324045_32992.jpg,-0.563631122987306,0.1416995864322836
animal/rabbit/n02324045_33254.jpg,-1.0419310090772151,0.210584449887144
animal/rabbit/n02324045_35005.jpg,-1.1195600726377308,0.2751724972763587
animal/rabbit/n02324045_35291.jpg,-1.6753226592214605,0.0955906566266382
animal/rabbit/n02324045_35990.jpg,-0.748383546331337,0.360164487908725
animal/rabbit/n02324045_3812.jpg,-1.6356243532436705,0.280939567129109
animal/rabbit/n02324045_4563.jpg,-0.7208714152770631,0.3062830521279275
animal/rabbit/n02324045_4613.jpg,-0.6028014371851944,0.2214893494420222
animal/rabbit/n02324045_4705.jpg,-1.5020578865536716,0.2510678467307461
animal/rabbit/n02324045_4715.jpg,-1.6817076848329373,0.1436064070100457
animal/rabbit/n02324045_4916.jpg,-1.050013313049588,0.3275874072320694
animal/rabbit/n02324045_4989.jpg,-1.419168175705189,0.1926814793614182
animal/rabbit/n02324045_5559.jpg,-1.198417744840189,0.3600226777228247
animal/rabbit/n02324045_5931.jpg,-0.933098595802714,0.2804228214533559
animal/rabbit/n02324045_610.jpg,-0.7849277459747493,0.219477678404155
animal/rabbit/n02324045_6778.jpg,-1.022245147613087,0.2370087411384129
animal/rabbit/n02324045_6962.jpg,-1.53252243130709,0.2101641958183753
animal/rabbit/n02324045_6970.jpg,-1.381605749971687,0.3188745308446056
animal/rabbit/n02324045_6994.jpg,-1.121414808093364,0.2935496419010137
animal/rabbit/n02324045_7200.jpg,-1.6990106719485516,0.0828381538255236
animal/rabbit/n02324045_7370.jpg,-1.186976222439738,0.3588482369846357
animal/rabbit/n02324045_7660.jpg,-1.0483481623010162,0.2546081022312916
animal/rabbit/n02324045_7703.jpg,-0.7684746373435573,0.3144899053064142
animal/rabbit/n02324045_7870.jpg,-1.0163460163815496,0.2001081411477067
animal/rabbit/n02324045_7955.jpg,-0.7879335103749902,0.1948334549820256
animal/rabbit/n02324045_802.jpg,-1.1333116717775644,0.3230449057554059
animal/rabbit/n02324045_8025.jpg,-1.1249770481366537,0.1919143978944643
animal/rabbit/n02324045_8142.jpg,-1.0644137964429652,0.232775077401864
animal/rabbit/n02324045_817.jpg,-0.7858919835439112,0.2285602593713687
animal/rabbit/n02324045_8324.jpg,-1.0709834201290565,0.2437806441160915
animal/rabbit/n02324045_8806.jpg,-1.119779920341891,0.1332974584916871
animal/rabbit/n02324045_9249.jpg,-0.9480476819730512,0.2114303030303031
animal/rabbit/n02324045_9270.jpg,-1.267377982250753,0.2847696220500385
animal/rabbit/n02324045_9710.jpg,-1.4115713708158184,0.1249677054739221
animal/sheep/000000000772.jpg,-0.9362543104967193,0.2683348792858879
animal/sheep/000000003932.jpg,-1.1879474951265236,0.2211667914930975
animal/sheep/000000005099.jpg,-0.9759994411598214,0.3442509039088907
animal/sheep/000000011373.jpg,-1.0489106008127305,0.2194409070369305
animal/sheep/000000021772.jpg,-0.8306583494563125,0.1857803272340014
animal/sheep/000000024189.jpg,-1.0695757565527717,0.1834817257352469
animal/sheep/000000029094.jpg,-0.7396670872441595,0.1999018735187191
animal/sheep/000000029712.jpg,-0.9981394201342174,0.2500326297489336
animal/sheep/000000035156.jpg,-1.0967333752379609,0.1511566711667391
animal/sheep/000000037457.jpg,-0.8237743006421272,0.2978647519567807
animal/sheep/000000037823.jpg,-0.9234011245709296,0.2876689753672482
animal/sheep/000000043758.jpg,-1.2313135498724517,0.2173720760041487
animal/sheep/000000051831.jpg,-1.177939451540875,0.3222320688373689
animal/sheep/000000064283.jpg,-0.8352426946856188,0.0896008106800032
animal/sheep/000000064588.jpg,-0.5262404587085677,0.3791109910767527
animal/sheep/000000066441.jpg,-1.710962417946301,0.3085409380971265
animal/sheep/000000069777.jpg,-0.7928594740786539,0.2382402069647359
animal/sheep/000000078770.jpg,-0.9467105832198842,0.2752669060906358
animal/sheep/000000079545.jpg,-0.8030849229194643,0.2097139705561138
animal/sheep/000000084356.jpg,-0.7291621436347363,0.2879543142513641
animal/sheep/000000092631.jpg,-0.7991750289596227,0.3455298805535945
animal/sheep/000000115069.jpg,-0.9080613067561292,0.355315748250442
animal/sheep/000000117965.jpg,-1.0697195960331185,0.3017928618682506
animal/sheep/000000133837.jpg,-0.9811990014199232,0.2707333971514552
animal/sheep/000000134306.jpg,-0.8607654550738693,0.2002896369599477
animal/sheep/000000134946.jpg,-0.6752366566812728,0.2611448279912092
animal/sheep/000000146099.jpg,-0.6146672550890951,0.1959299640962334
animal/sheep/000000151067.jpg,-0.6786364878566006,0.202171457919719
animal/sheep/000000155877.jpg,-1.015868995617321,0.216365020793065
animal/sheep/000000156195.jpg,-0.6894401647979813,0.3442991525945742
animal/sheep/000000157901.jpg,-0.9753895742578688,0.1130995197495081
animal/sheep/000000167811.jpg,-0.8205205120653923,0.2049678422184927
animal/sheep/000000170346.jpg,-0.8323538173205466,0.3842845241088286
animal/sheep/000000176475.jpg,-0.9070025973413072,0.1648769032455681
animal/sheep/000000178244.jpg,-1.0710585775875563,0.2299628588288382
animal/sheep/000000178859.jpg,-0.8246201245269086,0.1995220998138498
animal/sheep/000000179550.jpg,-1.262860766133012,0.213709532956509
animal/sheep/000000185530.jpg,-0.6341292552243176,0.3348477636911716
animal/sheep/000000191533.jpg,-0.6543654479906512,0.2737407664871397
animal/sheep/000000215289.jpg,-0.9491397470408712,0.2010593371984825
animal/sheep/000000219099.jpg,-0.5016063819182931,0.3161298584875456
animal/sheep/000000222447.jpg,-1.469790443605104,0.1307833112415578
animal/sheep/000000253615.jpg,-0.8719804321117386,0.1357624329377958
animal/sheep/000000272008.jpg,-0.9324177501934968,0.2163153398651324
animal/sheep/000000280599.jpg,-0.7861206432639227,0.3715119624522507
animal/sheep/000000283246.jpg,-0.9795577111383874,0.2790527343749999
animal/sheep/000000289030.jpg,-1.1101832834433103,0.2067731723896664
animal/sheep/000000290570.jpg,-0.7959949957222164,0.2189867186859065
animal/sheep/000000296984.jpg,-0.9717582914917796,0.2547764594166442
animal/sheep/000000301380.jpg,-0.6749331544992642,0.3326299389202539
animal/sheep/000000306363.jpg,-0.8471346100367925,0.1400353125333368
animal/sheep/000000319211.jpg,-0.9733086050909576,0.1564654927415962
animal/sheep/000000319866.jpg,-0.9723328624258892,0.2472256026514072
animal/sheep/000000321705.jpg,-0.8501821209712362,0.2322403393175452
animal/sheep/000000321964.jpg,-0.727635734737203,0.3934902511615564
animal/sheep/000000325963.jpg,-1.246502581522702,0.3335499424148624
animal/sheep/000000336577.jpg,-0.7289836603769663,0.2710072874539439
animal/sheep/000000351313.jpg,-1.633815384306397,0.3242444195179587
animal/sheep/000000353562.jpg,-0.6494387116611202,0.2335501400362861
animal/sheep/000000358890.jpg,-1.0524956511603585,0.250835681982041
animal/sheep/000000364027.jpg,-0.8023537407411407,0.1376337291810512
animal/sheep/000000378613.jpg,-0.6907001558891037,0.3644868667772761
animal/sheep/000000381641.jpg,-0.9512795802948332,0.3850870485404082
animal/sheep/000000382500.jpg,-0.7737382406480271,0.2786248516309866
animal/sheep/000000383368.jpg,-1.4199834649775596,0.2768155615375351
animal/sheep/000000391018.jpg,-0.5666621493286818,0.3039620416041175
animal/sheep/000000393386.jpg,-1.1483830047451746,0.2310229397231862
animal/sheep/000000397760.jpg,-0.6967978874747267,0.2690072820376405
animal/sheep/000000414032.jpg,-1.5702896773310866,0.2342728729008843
animal/sheep/000000417887.jpg,-0.6971134366831678,0.3612391011554547
animal/sheep/000000424171.jpg,-1.0425187646895555,0.299858227232529
animal/sheep/000000424289.jpg,-1.1070194912115363,0.311389565818654
animal/sheep/000000438200.jpg,-0.860540289611622,0.3093868632682138
animal/sheep/000000446345.jpg,-0.6159374884631186,0.3306545737808541
animal/sheep/000000452454.jpg,-1.1834897515922314,0.1972175254236537
animal/sheep/000000455960.jpg,-0.937812324191529,0.1255135731954604
animal/sheep/000000456436.jpg,-1.3911762516231303,0.2141900652538949
animal/sheep/000000459975.jpg,-1.0343847035711833,0.2532550942955567
animal/sheep/000000468416.jpg,-1.1527125815931911,0.1848370497427101
animal/sheep/000000468933.jpg,-0.9091244989250968,0.1610395756087986
animal/sheep/000000472874.jpg,-1.3510670874609068,0.1328558032667769
animal/sheep/000000477047.jpg,-0.761714957538864,0.2285002582095446
animal/sheep/000000478148.jpg,-0.9760798173697351,0.1642784043779422
animal/sheep/000000481856.jpg,-1.082338718813857,0.2463278619528619
animal/sheep/000000485390.jpg,-0.8764931653206263,0.2527601388877682
animal/sheep/000000498270.jpg,-0.9564507976432012,0.1535811132711513
animal/sheep/000000503575.jpg,-0.6862766353519912,0.3019830564397174
animal/sheep/000000505976.jpg,-0.5123938182350891,0.3715467176617529
animal/sheep/000000515695.jpg,-1.017849348823677,0.2354701427754762
animal/sheep/000000518575.jpg,-0.4871350367538855,0.2865803257876397
animal/sheep/000000529433.jpg,-0.8614917909513737,0.3943792649347539
animal/sheep/000000530717.jpg,-0.7273658688771897,0.2994178745031987
animal/sheep/000000543797.jpg,-0.7717688176048405,0.2943067385132394
animal/sheep/000000545959.jpg,-1.0215878922073829,0.1871740700792622
animal/sheep/000000557907.jpg,-0.5780275985817832,0.264464875516658
animal/sheep/000000558822.jpg,-0.7640579335339164,0.3100138130574788
animal/sheep/000000562110.jpg,-0.891163472268409,0.3045301740674032
animal/sheep/000000564898.jpg,-0.7901002494830955,0.322779187397631
animal/sheep/000000579679.jpg,-0.877494701218409,0.2772276993696093
animal/sheep/000000579885.jpg,-1.1887018988769078,0.3570822839561414
animal/squirrel/n02355227_10002.jpg,-0.9584689845549288,0.2609715857011915
animal/squirrel/n02355227_11538.jpg,-1.313312472019979,0.1391229087097722
animal/squirrel/n02355227_11977.jpg,-0.5599876108202467,0.3237379245870987
animal/squirrel/n02355227_12066.jpg,-1.0276819906732724,0.0456382866261597
animal/squirrel/n02355227_12085.jpg,-0.4554969510724768,0.2598884399730167
animal/squirrel/n02355227_12118.jpg,-1.2954219906386069,0.3192927954680433
animal/squirrel/n02355227_12171.jpg,-1.1746992021340714,0.2669440190184469
animal/squirrel/n02355227_12255.jpg,-1.2297451853709516,0.1455788891959104
animal/squirrel/n02355227_12332.jpg,-0.8634827815411514,0.2269416066412441
animal/squirrel/n02355227_12339.jpg,-1.2444057203164334,0.3032662882475146
animal/squirrel/n02355227_12357.jpg,-1.125586649862908,0.087733361531718
animal/squirrel/n02355227_12389.jpg,-0.6315101813989056,0.2790476841617478
animal/squirrel/n02355227_12454.jpg,-1.5391359737687071,0.2397856839248029
animal/squirrel/n02355227_12532.jpg,-0.9734247403939544,0.2468105630225917
animal/squirrel/n02355227_12551.jpg,-0.9796007347745506,0.0932488177115789
animal/squirrel/n02355227_12577.jpg,-1.0176492270223638,0.1864954909004091
animal/squirrel/n02355227_12650.jpg,-0.5458316971094297,0.2413560705965453
animal/squirrel/n02355227_12746.jpg,-0.9175165192956106,0.2496797183218088
animal/squirrel/n02355227_12764.jpg,-1.3290065735313266,0.2564505313823289
animal/squirrel/n02355227_12909.jpg,-1.1391920537616214,0.1957290245297379
animal/squirrel/n02355227_12971.jpg,-1.5502792077173018,0.1203549157020839
animal/squirrel/n02355227_13042.jpg,-1.0465749364004682,0.307793431013554
animal/squirrel/n02355227_13168.jpg,-0.9673138702875252,0.1904529530814987
animal/squirrel/n02355227_132.jpg,-0.8300980489777553,0.249064906490649
animal/squirrel/n02355227_13267.jpg,-1.0770733422012382,0.2190153462647036
animal/squirrel/n02355227_13315.jpg,-1.5524919248725155,-0.0493561845033745
animal/squirrel/n02355227_13382.jpg,-1.3345219137695878,0.1426118409025619
animal/squirrel/n02355227_13400.jpg,-0.9603623131494964,0.1753778303074078
animal/squirrel/n02355227_13412.jpg,-1.3222879038572477,0.2613684749276366
animal/squirrel/n02355227_13453.jpg,-1.0411044227383703,0.1856589349745127
animal/squirrel/n02355227_13484.jpg,-0.9352963033979372,0.2633959948897372
animal/squirrel/n02355227_13515.jpg,-1.0767293277931669,0.2607587279640511
animal/squirrel/n02355227_13518.jpg,-1.5247582479062087,0.0401022633280697
animal/squirrel/n02355227_13530.jpg,-1.061042463334271,0.295213650038922
animal/squirrel/n02355227_13655.jpg,-0.7751974586567253,0.2438216601537338
animal/squirrel/n02355227_13730.jpg,-1.1842471730488646,0.0291611073047011
animal/squirrel/n02355227_13741.jpg,-0.6487755335404265,0.3328989501766364
animal/squirrel/n02355227_13768.jpg,-0.955839513314302,0.2558622265315902
animal/squirrel/n02355227_13784.jpg,-1.8461410207146864,0.2585434728758979
animal/squirrel/n02355227_13907.jpg,-0.7286701616717772,0.2066795922785155
animal/squirrel/n02355227_13927.jpg,-0.7085889719936934,0.2510189872226717
animal/squirrel/n02355227_13981.jpg,-1.022539046644604,0.1564187568314388
animal/squirrel/n02355227_14054.jpg,-1.247462500528611,0.1863609468902352
animal/squirrel/n02355227_14128.jpg,-0.9665711704777064,0.2614310179509319
animal/squirrel/n02355227_14140.jpg,-1.6438542690072864,0.1626961035668812
animal/squirrel/n02355227_14164.jpg,-1.3316212892697037,0.1430956392697593
animal/squirrel/n02355227_14189.jpg,-1.0409043003390075,0.2237205364483
animal/squirrel/n02355227_14224.jpg,-0.7825984105534955,0.296304525703967
animal/squirrel/n02355227_14266.jpg,-0.7968040164166251,0.1993746165692178
animal/squirrel/n02355227_14378.jpg,-1.0282543226007983,0.2789123006320269
animal/squirrel/n02355227_14387.jpg,-1.0746197095741377,0.2200013636850667
animal/squirrel/n02355227_14441.jpg,-1.0405736902023437,0.2541246234039501
animal/squirrel/n02355227_14582.jpg,-1.0485791944934495,0.1215239877332502
animal/squirrel/n02355227_14589.jpg,-0.6917188682113791,0.3130045444957911
animal/squirrel/n02355227_14684.jpg,-1.4282313619469298,0.3118837420947987
animal/squirrel/n02355227_14685.jpg,-1.0369593660022822,0.2319646806945066
animal/squirrel/n02355227_14716.jpg,-1.085016955002266,0.2710716366486572
animal/squirrel/n02355227_14797.jpg,-1.078641904386675,0.1933994658527279
animal/squirrel/n02355227_14799.jpg,-1.18327124103491,0.3438540796628554
animal/squirrel/n02355227_14808.jpg,-0.6004714485733432,0.255294459819675
animal/squirrel/n02355227_14860.jpg,-0.8898694223369734,0.1185630715992419
animal/squirrel/n02355227_14956.jpg,-0.5863016199671726,0.1747730863673983
animal/squirrel/n02355227_15095.jpg,-0.7702193945243003,0.2180148569416092
animal/squirrel/n02355227_15129.jpg,-0.7448416494593947,0.1917299055288834
animal/squirrel/n02355227_15177.jpg,-1.0520955051497012,0.1874953158959753
animal/squirrel/n02355227_15240.jpg,-1.3201124232679031,0.2617552880145987
animal/squirrel/n02355227_15347.jpg,-1.6387667495961624,0.1182152999094753
animal/squirrel/n02355227_15402.jpg,-0.984889945892478,0.2679837480954799
animal/squirrel/n02355227_15406.jpg,-1.3745697860416222,0.3155683822350489
animal/squirrel/n02355227_15478.jpg,-0.9735679232807708,0.2236713540635109
animal/squirrel/n02355227_15505.jpg,-0.7375928124267678,0.182610285157202
animal/squirrel/n02355227_15548.jpg,-0.9632739971088312,0.2583978793738776
animal/squirrel/n02355227_15619.jpg,-0.950619794069134,0.2210951599082819
animal/squirrel/n02355227_15629.jpg,-1.3242691080798454,0.2969581900500551
animal/squirrel/n02355227_15721.jpg,-1.1264589815504311,0.266463679860809
animal/squirrel/n02355227_15817.jpg,-0.8216025579729912,0.3080889012749948
animal/squirrel/n02355227_15897.jpg,-1.7649231276772166,0.2418002704268881
animal/squirrel/n02355227_15913.jpg,-0.9913971519012016,0.0772602118646069
animal/squirrel/n02355227_2155.jpg,-1.078406850902004,0.2061435905853601
animal/squirrel/n02355227_2164.jpg,-0.9242228112669908,0.0726957046878538
animal/squirrel/n02355227_2615.jpg,-2.1099287164924987,0.1958890132315186
animal/squirrel/n02355227_3079.jpg,-0.9674152067033476,0.1437547394648467
animal/squirrel/n02355227_4066.jpg,-0.8629666781949951,0.2278214977932419
animal/squirrel/n02355227_4765.jpg,-0.9129771760640588,0.2405251954500702
animal/squirrel/n02355227_5466.jpg,-1.1222797159481492,0.2356402442239352
animal/squirrel/n02355227_5804.jpg,-0.7924159710284213,0.2528773978315262
animal/squirrel/n02355227_5820.jpg,-1.1697614454700869,0.1719664198881802
animal/squirrel/n02355227_5898.jpg,-1.1489694262632513,0.1818363447469177
animal/squirrel/n02355227_6323.jpg,-1.2701864845471438,0.2654472107035892
animal/squirrel/n02355227_6434.jpg,-0.7101656006178958,0.2904497555943111
animal/squirrel/n02355227_6696.jpg,-1.4384550271421777,0.2085848851224706
animal/squirrel/n02355227_7587.jpg,-1.8050567010586944,0.1848337956122387
animal/squirrel/n02355227_7784.jpg,-1.0519017311692542,0.283284656345604
animal/squirrel/n02355227_7881.jpg,-1.216815177465976,0.2493270780741507
animal/squirrel/n02355227_8112.jpg,-1.669607443171854,0.1271796360433224
animal/squirrel/n02355227_8561.jpg,-1.4791127057256317,0.136993085014349
animal/squirrel/n02355227_8586.jpg,-0.9009185675823534,0.1515319046278798
animal/squirrel/n02355227_8789.jpg,-1.19378315206284,0.2911701802627559
animal/squirrel/n02355227_9552.jpg,-1.5639540721594978,0.3132366685116461
animal/squirrel/n02355227_9703.jpg,-0.7898803918457135,0.2874310376917863
animal/wild boar/n02396427_10212.jpg,-0.8456007204273831,0.2962123883717865
animal/wild boar/n02396427_10266.jpg,-0.7431135547287406,0.138680556747387
animal/wild boar/n02396427_10306.jpg,-0.7703528453781604,0.1958157562709483
animal/wild boar/n02396427_10399.jpg,-0.9373161590593176,0.0769391988089817
animal/wild boar/n02396427_104.jpg,-0.6493162130413209,0.2980989346263574
animal/wild boar/n02396427_10405.jpg,-1.4622809951032416,0.1117984383836179
animal/wild boar/n02396427_10462.jpg,-1.259492039250755,0.2199384435727573
animal/wild boar/n02396427_10489.jpg,-1.0433308527932503,0.2153033422765749
animal/wild boar/n02396427_10706.jpg,-0.6701055484014138,0.2425276313101893
animal/wild boar/n02396427_10722.jpg,-1.0503947668975062,0.1648639001831217
animal/wild boar/n02396427_11973.jpg,-1.1749047029140989,0.0087428187939261
animal/wild boar/n02396427_12172.jpg,-0.80410405246243,0.2378284176391432
animal/wild boar/n02396427_12304.jpg,-0.7851393759559888,0.1112844957554626
animal/wild boar/n02396427_1298.jpg,-1.2627856618461453,0.2548871658774349
animal/wild boar/n02396427_1337.jpg,-1.5704816000744943,0.379587731228894
animal/wild boar/n02396427_13910.jpg,-0.3744749587098386,0.301306975441395
animal/wild boar/n02396427_14005.jpg,-1.3373426138772542,0.3061138801603641
animal/wild boar/n02396427_14262.jpg,-1.0549743701067276,0.2920841942148761
animal/wild boar/n02396427_14405.jpg,-0.7614547949742958,0.2264677891328903
animal/wild boar/n02396427_14454.jpg,-0.6840036721795906,0.3050399537706716
animal/wild boar/n02396427_1453.jpg,-1.1285507452683778,0.0789546562292297
animal/wild boar/n02396427_14870.jpg,-0.7921829942312164,0.2405754690241081
animal/wild boar/n02396427_1496.jpg,-0.7621087225257703,0.1140660911215404
animal/wild boar/n02396427_15258.jpg,-1.246211677672284,0.2627290497245654
animal/wild boar/n02396427_15409.jpg,-0.8388487655320539,0.2944782880349891
animal/wild boar/n02396427_16212.jpg,-0.8636861217198102,0.3071168363963407
animal/wild boar/n02396427_167.jpg,-0.6567970316890741,0.3420143915984182
animal/wild boar/n02396427_16759.jpg,-1.1631214773905598,0.241245361781076
animal/wild boar/n02396427_16805.jpg,-0.7376554041549132,0.355781489181841
animal/wild boar/n02396427_16986.jpg,-0.7978947700191475,0.2592325273667749
animal/wild boar/n02396427_17678.jpg,-0.9537175847548166,0.2580878942486085
animal/wild boar/n02396427_17712.jpg,-0.7553704643995953,0.2527522415162864
animal/wild boar/n02396427_18146.jpg,-0.8960387844217239,0.2676832120339014
animal/wild boar/n02396427_18185.jpg,-0.6891505276064821,0.2107500864154856
animal/wild boar/n02396427_18261.jpg,-1.2700597499816582,0.1910450070168071
animal/wild boar/n02396427_18469.jpg,-0.8625590151010638,0.1244112964744121
animal/wild boar/n02396427_19126.jpg,-0.6958610026353338,0.1136162772457541
animal/wild boar/n02396427_1945.jpg,-1.0231269246401895,0.1495003492998815
animal/wild boar/n02396427_19458.jpg,-0.8587377410750056,0.2994663997351703
animal/wild boar/n02396427_19677.jpg,-1.184041320123445,0.370880383128142
animal/wild boar/n02396427_19733.jpg,-0.8887805001619148,0.3028203365353223
animal/wild boar/n02396427_1979.jpg,-0.7569298017083506,0.2709192704178917
animal/wild boar/n02396427_20572.jpg,-1.2871887765923644,0.2230090047093315
animal/wild boar/n02396427_20960.jpg,-0.8068845348960392,0.2059779376852548
animal/wild boar/n02396427_21276.jpg,-0.7431874004734553,0.2651234029353031
animal/wild boar/n02396427_21669.jpg,-0.6851013798409288,0.2067274026695927
animal/wild boar/n02396427_21929.jpg,-0.9999119606579832,0.1759548964716283
animal/wild boar/n02396427_2194.jpg,-0.5686440445499851,0.1980588806211582
animal/wild boar/n02396427_22054.jpg,-0.7094576373122885,0.2857748610241229
animal/wild boar/n02396427_22128.jpg,-1.2904115337246234,0.1138116025512009
animal/wild boar/n02396427_22180.jpg,-1.0999998585725186,0.1808285281969492
animal/wild boar/n02396427_22482.jpg,-1.0605693623298835,0.2358048452413319
animal/wild boar/n02396427_22536.jpg,-0.8580476534146044,0.3375804176485607
animal/wild boar/n02396427_22716.jpg,-1.0087835634144462,0.2426491339471548
animal/wild boar/n02396427_22756.jpg,-0.5969295176294762,0.3438571564224393
animal/wild boar/n02396427_2310.jpg,-0.4963841907404981,0.3258445563651226
animal/wild boar/n02396427_23155.jpg,-0.7884329713764502,0.225538267254954
animal/wild boar/n02396427_23723.jpg,-0.8672634769691632,0.179612608669533
animal/wild boar/n02396427_23881.jpg,-1.499667840351394,0.2945910178382503
animal/wild boar/n02396427_23932.jpg,-1.476139702124282,0.2339310243628048
animal/wild boar/n02396427_2484.jpg,-1.1434792145860506,0.07508256606453
animal/wild boar/n02396427_2572.jpg,-0.584258144866291,0.26827518947594
animal/wild boar/n02396427_259.jpg,-1.1784104394173764,0.1989836048203377
animal/wild boar/n02396427_2723.jpg,-0.7009226151001048,0.1266640009006665
animal/wild boar/n02396427_2752.jpg,-0.8915986636707207,0.094540686911728
animal/wild boar/n02396427_2960.jpg,-0.7820461908039703,0.1498275828854341
animal/wild boar/n02396427_2997.jpg,-0.6484947430737574,0.2481732101705776
animal/wild boar/n02396427_3079.jpg,-0.7726177159274535,0.2095979074920759
animal/wild boar/n02396427_3096.jpg,-0.5659265219073323,0.2445339673173962
animal/wild boar/n02396427_3134.jpg,-0.725693504393552,0.2571827722502386
animal/wild boar/n02396427_3531.jpg,-0.8686669782258833,0.1696644848734732
animal/wild boar/n02396427_3601.jpg,-0.8486581486155195,0.2219410104156527
animal/wild boar/n02396427_3696.jpg,-0.94316194492884,0.3315850094356966
animal/wild boar/n02396427_4.jpg,-0.882955355500105,0.2311840849142397
animal/wild boar/n02396427_4088.jpg,-0.9349272644182474,0.1640528649400639
animal/wild boar/n02396427_4200.jpg,-0.6281081757466671,0.1384045397656161
animal/wild boar/n02396427_4362.jpg,-0.8725081259300371,0.1293862387612387
animal/wild boar/n02396427_4425.jpg,-0.7195383921698988,0.1997180451127819
animal/wild boar/n02396427_4851.jpg,-0.5513605786221296,0.1256085434510189
animal/wild boar/n02396427_5137.jpg,-1.6763543436246646,0.2298420849145487
animal/wild boar/n02396427_5189.jpg,-0.8532369142375564,0.2144107170512622
animal/wild boar/n02396427_5989.jpg,-0.6220693786794702,0.40678706886334
animal/wild boar/n02396427_6351.jpg,-1.6291543446574783,0.2169550254021024
animal/wild boar/n02396427_7072.jpg,-1.2985666130210776,0.2367925467487431
animal/wild boar/n02396427_7162.jpg,-1.046542688727317,0.2092828222151143
animal/wild boar/n02396427_7183.jpg,-0.8442250959587025,0.2333240338501189
animal/wild boar/n02396427_7403.jpg,-1.089686185905545,0.2760617316163491
animal/wild boar/n02396427_744.jpg,-0.7012447332304736,0.2710028819129242
animal/wild boar/n02396427_768.jpg,-1.1733677908159557,0.2341449909198838
animal/wild boar/n02396427_7714.jpg,-1.2357300299518383,0.2063571554822365
animal/wild boar/n02396427_79.jpg,-0.9002347289351792,0.233870032696663
animal/wild boar/n02396427_8473.jpg,-1.2746628119728785,0.2391088497121403
animal/wild boar/n02396427_8595.jpg,-0.6413484624621119,0.2381080921491054
animal/wild boar/n02396427_871.jpg,-0.4566384413614443,0.2408001600616534
animal/wild boar/n02396427_912.jpg,-1.4599138412490404,0.0766938312630218
animal/wild boar/n02396427_941.jpg,-1.1784999280887554,0.1814562195301277
animal/wild boar/n02396427_9595.jpg,-0.9048742402268856,0.1082527890807938
animal/wild boar/n02396427_9609.jpg,-0.886802662654663,0.2144199129027704
animal/wild boar/n02396427_9648.jpg,-0.7201713619893836,0.2168209547374258
animal/wild boar/n02396427_971.jpg,-1.1565190655403943,0.1213570511954613
animal/zebra/000000007566.jpg,-0.7888087627605777,0.2794110773545221
animal/zebra/000000009709.jpg,-1.064660796614408,0.2207075923044193
animal/zebra/000000014862.jpg,-1.137108042914932,0.188784949816348
animal/zebra/000000039520.jpg,-1.251481789890068,0.1654500695198369
animal/zebra/000000041908.jpg,-1.2891593389131617,0.099386281204463
animal/zebra/000000055806.jpg,-0.8494189454004532,0.1021913569141088
animal/zebra/000000060316.jpg,-0.5111030155863949,0.3315137581880881
animal/zebra/000000073387.jpg,-1.171972943095587,0.1889449861987715
animal/zebra/000000082898.jpg,-0.8131148480704173,0.2821798307417875
animal/zebra/000000083142.jpg,-0.912192559576866,0.4112577099712336
animal/zebra/000000090245.jpg,-1.6504965723642429,0.1986847567236897
animal/zebra/000000091487.jpg,-1.20033021402551,0.1626504225267998
animal/zebra/000000093014.jpg,-0.743468422328865,0.2844846921033516
animal/zebra/000000095814.jpg,-1.0272903910099689,0.2737840369656973
animal/zebra/000000096445.jpg,-1.235151941363574,0.2078511933283718
animal/zebra/000000100661.jpg,-1.0295982748137835,0.3810995815265758
animal/zebra/000000102610.jpg,-0.8167031542519558,0.2285750526506859
animal/zebra/000000111553.jpg,-0.6394326220026278,0.1638073381072415
animal/zebra/000000115379.jpg,-1.2806490918603517,0.0417755252471944
animal/zebra/000000117036.jpg,-1.3911222431638746,0.0901311722736177
animal/zebra/000000133200.jpg,-0.6653286161697465,0.3392583740991075
animal/zebra/000000136077.jpg,-0.8048683329178427,0.2137818407971018
animal/zebra/000000144157.jpg,-0.646032385890527,0.2433027793901381
animal/zebra/000000154770.jpg,-0.6685330807208815,0.3533700202248248
animal/zebra/000000157886.jpg,-1.1960318029300812,-0.0887591265984985
animal/zebra/000000165043.jpg,-0.7837916133445668,0.2201094034904923
animal/zebra/000000181662.jpg,-1.149361615750372,0.0653244445068879
animal/zebra/000000181920.jpg,-0.9161120352643398,0.3568739137329034
animal/zebra/000000182773.jpg,-1.5866872041665037,0.163508718513227
animal/zebra/000000195137.jpg,-0.7046057687682266,0.2937478618790189
animal/zebra/000000195649.jpg,-1.257582311593346,0.2192277052798809
animal/zebra/000000199003.jpg,-0.6771862930391582,0.3240097816968031
animal/zebra/000000203459.jpg,-0.8501422940138456,0.2066046421575796
animal/zebra/000000205234.jpg,-0.9686167984172992,0.2083071995323318
animal/zebra/000000207097.jpg,-0.6280844325280408,0.2632317783362962
animal/zebra/000000208724.jpg,-0.734514289692221,0.1512951261466636
animal/zebra/000000213023.jpg,-0.7460122880604224,0.1841168458887102
animal/zebra/000000214150.jpg,-1.0199555552764852,0.1132963413146324
animal/zebra/000000228893.jpg,-0.8648138761574927,0.2825421049524564
animal/zebra/000000230318.jpg,-1.1783456158249672,0.1520637260784347
animal/zebra/000000247723.jpg,-0.9666542166048612,0.2515788127657995
animal/zebra/000000250367.jpg,-1.1849183944416046,0.1860170134476414
animal/zebra/000000256859.jpg,-0.7195434288895837,0.2809258419775472
animal/zebra/000000257214.jpg,-0.6835097450729857,0.292973649768979
animal/zebra/000000258331.jpg,-0.8595571042091782,0.3393090677622823
animal/zebra/000000266069.jpg,-0.838147476888732,0.3067962254576681
animal/zebra/000000269634.jpg,-1.0692939758817512,0.1494798953170719
animal/zebra/000000284805.jpg,-1.005710838886585,0.1865688446591363
animal/zebra/000000288700.jpg,-0.8255658123667937,0.2831560502989074
animal/zebra/000000291348.jpg,-0.8909956055796227,0.1776599796851193
animal/zebra/000000310716.jpg,-0.9636794876922028,0.2037332565602515
animal/zebra/000000312205.jpg,-0.9881086948824682,0.241935362767893
animal/zebra/000000316022.jpg,-0.9890462235686148,0.1660361696116254
animal/zebra/000000317019.jpg,-0.6909209439811719,0.2726947082767978
animal/zebra/000000328121.jpg,-0.9552624380421164,0.1982622526900795
animal/zebra/000000331126.jpg,-0.9165352109366924,0.3359724117059884
animal/zebra/000000332385.jpg,-0.9606920799532864,0.2160365199193435
animal/zebra/000000339985.jpg,-1.33248209159561,0.0838982894906325
animal/zebra/000000351154.jpg,-0.794898365434743,0.3758012667189683
animal/zebra/000000359722.jpg,-0.9301370055990048,0.2633021369206809
animal/zebra/000000373021.jpg,-1.4547474349392957,-0.0262395144240605
animal/zebra/000000376875.jpg,-0.7083458960979849,0.3351066629241079
animal/zebra/000000381282.jpg,-0.9389277312958,0.2897466646291399
animal/zebra/000000383857.jpg,-1.1262168901993133,0.1862847237615598
animal/zebra/000000393979.jpg,-0.6880404951126449,0.2585240273199572
animal/zebra/000000405778.jpg,-0.6207689484396725,0.3907595872470778
animal/zebra/000000407751.jpg,-1.132734820858514,0.1989856427072001
animal/zebra/000000407768.jpg,-0.8069700644757949,0.184725243637144
animal/zebra/000000413242.jpg,-0.9173733004579386,0.3782904466134279
animal/zebra/000000415821.jpg,-0.8280978763381479,0.1250755058894593
animal/zebra/000000424152.jpg,-1.1213266037816916,0.1081834876800848
animal/zebra/000000425254.jpg,-1.0599897950012556,0.2675219110287815
animal/zebra/000000427438.jpg,-0.9810988141615788,0.238263018211769
animal/zebra/000000430551.jpg,-1.587158334798805,0.1492981147250398
animal/zebra/000000445427.jpg,-0.7386772856378274,0.0899531714643073
animal/zebra/000000451263.jpg,-0.8877279786478125,0.0721631451207335
animal/zebra/000000455557.jpg,-0.7754406687779474,0.3026152243252876
animal/zebra/000000457981.jpg,-1.2990663049996063,0.1346687840711745
animal/zebra/000000467502.jpg,-0.7552503472192293,0.3135242158789534
animal/zebra/000000471534.jpg,-1.398541567642261,0.1230922266520037
animal/zebra/000000474800.jpg,-0.676224376597097,0.3412806027131034
animal/zebra/000000481760.jpg,-0.6508016622449476,0.2336486949527778
animal/zebra/000000484074.jpg,-0.756818878690372,0.2324506491964642
animal/zebra/000000484214.jpg,-0.969273916804487,0.1989675334456175
animal/zebra/000000501038.jpg,-0.7978068661093324,0.3158828395965253
animal/zebra/000000519877.jpg,-0.8709380840542031,0.2944543006734729
animal/zebra/000000526941.jpg,-1.4163993759529436,0.1145018119232091
animal/zebra/000000532631.jpg,-0.84671974841887,0.3679667971513465
animal/zebra/000000537122.jpg,-0.7919742861670253,0.2026248915009987
animal/zebra/000000544071.jpg,-0.8114161435393192,0.1736410362909506
animal/zebra/000000546164.jpg,-0.8340405688924799,0.2223476038044354
animal/zebra/000000546693.jpg,-0.7405552139330556,0.2172788825505144
animal/zebra/000000548722.jpg,-0.5388658049558886,0.2084728688502273
animal/zebra/000000551602.jpg,-1.0169359107208351,0.231411992263056
animal/zebra/000000556011.jpg,-1.393693161260949,0.0439451350332395
animal/zebra/000000563155.jpg,-0.8700568837599938,0.3566598403070157
animal/zebra/000000564654.jpg,-0.8355666025457714,0.1461845416623573
animal/zebra/000000566598.jpg,-0.7374586451201643,0.20880536467581
animal/zebra/000000569599.jpg,-1.0280720253793303,0.175573370016365
animal/zebra/000000577065.jpg,-1.041591497573813,0.2677958695597045
food/apple/000000007944.jpg,-1.2809419966952524,0.3168676252285373
food/apple/000000010478.jpg,-0.8002782815321099,0.3324812197750916
food/apple/000000028864.jpg,-1.830091022573866,0.1445851328174969
food/apple/000000052818.jpg,-1.5299360321207034,0.2138016771600394
food/apple/000000056714.jpg,-1.1421518784522051,0.2169634489222117
food/apple/000000087383.jpg,-1.2667315766642475,0.1189903994891607
food/apple/000000092031.jpg,-1.1569743970792006,0.0934339708683172
food/apple/000000094514.jpg,-1.2562825214680906,0.3439935298817304
food/apple/000000125499.jpg,-1.0370076272286288,0.3687730638316156
food/apple/000000143980.jpg,-1.1794700733674797,-0.0128492928068749
food/apple/000000169529.jpg,-1.5389850403655938,0.1886737060802855
food/apple/000000253890.jpg,-1.5531456699284794,0.3789409039225105
food/apple/000000265708.jpg,-1.242664238458082,0.3301932022196833
food/apple/000000282583.jpg,-1.2088090710153618,0.2503055933439798
food/apple/000000286751.jpg,-1.8254269693772955,0.2094779196264467
food/apple/000000322175.jpg,-1.353305063786627,0.2717089817089817
food/apple/000000324645.jpg,-1.3300371301900642,0.3246149305638644
food/apple/000000329014.jpg,-1.1144822695934795,0.249037544590824
food/apple/000000331230.jpg,-1.586450334101556,0.2504865070197125
food/apple/000000357925.jpg,-1.1775567818695276,0.2660843892237667
food/apple/000000385381.jpg,-1.680610174590652,0.2911218416082997
food/apple/000000406743.jpg,-1.3393973404380437,0.3459468163415532
food/apple/000000432636.jpg,-1.577787602966102,0.2906674668161683
food/apple/000000491558.jpg,-1.2901682907572034,0.3291443850267379
food/apple/000000510596.jpg,-1.2985164161163332,0.3917689717689716
food/apple/000000540164.jpg,-1.592648286520832,0.3466243073296782
food/apple/000000555062.jpg,-1.2163545545693224,0.131466672450279
food/apple/000000572183.jpg,-1.4939643423172817,0.2005357085229289
food/apple/000000572430.jpg,-1.571963340808655,0.1668676396531252
food/apple/000000577451.jpg,-1.4875877106944866,0.2940649094495248
food/apple/000000578203.jpg,-1.451282243846914,0.332162048531086
food/bagel/n07693725_10185.jpg,-1.1262005413288396,0.3172782344422461
food/bagel/n07693725_10301.jpg,-1.2956757047789462,0.2703670494316374
food/bagel/n07693725_10483.jpg,-1.662240166500459,0.2337886002155073
food/bagel/n07693725_11023.jpg,-1.2707398448195095,0.3233577741175637
food/bagel/n07693725_11051.jpg,-1.2642005498982505,0.2157651417794616
food/bagel/n07693725_11229.jpg,-1.1267110568778398,0.1060131389078757
food/bagel/n07693725_11246.jpg,-1.0657127718052266,0.1119896706614049
food/bagel/n07693725_11570.jpg,-1.071306366894418,0.2722831888637431
food/bagel/n07693725_1163.jpg,-1.514115911687714,0.2013292953928173
food/bagel/n07693725_11793.jpg,-1.0185291706786557,0.3116238935589823
food/bagel/n07693725_11883.jpg,-1.0147465161062053,0.2354948805460751
food/bagel/n07693725_1211.jpg,-1.024549729591224,0.1181581499041816
food/bagel/n07693725_12175.jpg,-1.2228584187324332,0.1638758102486374
food/bagel/n07693725_12319.jpg,-1.3080896690376962,0.3386255688045969
food/bagel/n07693725_12326.jpg,-1.4194264972509112,0.2727876227574477
food/bagel/n07693725_12334.jpg,-1.4224414197549522,0.3440457328822849
food/bagel/n07693725_12485.jpg,-1.832859427333982,0.3294723720642905
food/bagel/n07693725_12652.jpg,-1.3042433009584962,0.1966252827179979
food/bagel/n07693725_1286.jpg,-1.0554993570896762,0.2094305120167189
food/bagel/n07693725_12947.jpg,-1.3687610769740812,0.1932826770289335
food/bagel/n07693725_13.jpg,-1.5005411973738725,0.3517404783862803
food/bagel/n07693725_1321.jpg,-1.400171472232156,0.3645472857806931
food/bagel/n07693725_13350.jpg,-1.3023346758673449,0.2921341567163432
food/bagel/n07693725_13352.jpg,-1.1178451954501445,0.1630781874684313
food/bagel/n07693725_13403.jpg,-0.9090926459049028,0.2406221293307601
food/bagel/n07693725_1357.jpg,-1.329417161443914,0.2572086943035029
food/bagel/n07693725_13643.jpg,-1.5129114774554426,0.2459920845885758
food/bagel/n07693725_13736.jpg,-1.4982673444300754,0.2825119300637607
food/bagel/n07693725_1396.jpg,-0.96326306073939,0.3042316108722358
food/bagel/n07693725_14119.jpg,-1.4556917275483854,0.231617192331478
food/bagel/n07693725_14254.jpg,-1.3526974720307554,0.2332268621650185
food/bagel/n07693725_14311.jpg,-1.168658114215979,0.1238893973638169
food/bagel/n07693725_14441.jpg,-0.9939355402041876,0.2464565201491991
food/bagel/n07693725_1602.jpg,-1.5441810492904942,0.1274532834040358
food/bagel/n07693725_1611.jpg,-1.001073679959619,0.3345714354446824
food/bagel/n07693725_2455.jpg,-1.1710165666920918,0.1780286321530257
food/bagel/n07693725_2526.jpg,-1.2319720059196089,0.2010352860753573
food/bagel/n07693725_2676.jpg,-1.296425466979736,0.2540562406376214
food/bagel/n07693725_2776.jpg,-1.6630192213987385,0.2288251049592674
food/bagel/n07693725_3014.jpg,-1.0985174283463923,0.2932706296308826
food/bagel/n07693725_3156.jpg,-1.190718256864452,0.2781061402160684
food/bagel/n07693725_3177.jpg,-1.7412276159946938,0.1788253579814147
food/bagel/n07693725_3203.jpg,-0.9889216318722645,0.0753523700560931
food/bagel/n07693725_3258.jpg,-0.8806511143161748,0.3711498589760352
food/bagel/n07693725_3451.jpg,-1.0739247805100969,0.1850446004934522
food/bagel/n07693725_3477.jpg,-2.092619343950637,0.2194670030749822
food/bagel/n07693725_3523.jpg,-0.9896773294050684,0.2670434891984529
food/bagel/n07693725_3536.jpg,-1.5124904488473083,0.3118524398395721
food/bagel/n07693725_3602.jpg,-1.929835240392185,0.1935051449070141
food/bagel/n07693725_3605.jpg,-1.8092180457351268,0.1935223679524968
food/bagel/n07693725_3611.jpg,-1.95730140510242,0.3847888966464373
food/bagel/n07693725_3612.jpg,-1.4054334282154528,0.3398633412180383
food/bagel/n07693725_4972.jpg,-1.550806165633995,0.2226019876685717
food/bagel/n07693725_498.jpg,-1.2764968911148618,0.2347628363604618
food/bagel/n07693725_500.jpg,-1.5134484695683543,0.052867827297177
food/bagel/n07693725_5096.jpg,-1.574900712178139,0.1773520352094758
food/bagel/n07693725_5217.jpg,-1.4198213934195556,0.1990706459808542
food/bagel/n07693725_529.jpg,-0.9538019420128772,0.244338201898023
food/bagel/n07693725_5683.jpg,-1.395626768552603,0.2906362706294501
food/bagel/n07693725_6372.jpg,-0.8997647969585488,0.346964508769372
food/bagel/n07693725_6512.jpg,-1.4084818007716178,0.1689643120655508
food/bagel/n07693725_7311.jpg,-0.8645281872713362,0.2676927100549588
food/bagel/n07693725_7439.jpg,-1.280386106872187,0.2562955847154222
food/bagel/n07693725_758.jpg,-1.7289108007518228,0.1614007560088438
food/bagel/n07693725_8046.jpg,-1.1950762685254537,0.3175751082540958
food/bagel/n07693725_8131.jpg,-1.2859718982176571,0.2536923761981767
food/bagel/n07693725_8314.jpg,-1.65288960928254,0.3716142201418166
food/bagel/n07693725_8337.jpg,-1.2823987845706573,0.2393731002220449
food/bagel/n07693725_8396.jpg,-1.487208956014838,0.1949275770726483
food/bagel/n07693725_8448.jpg,-1.092479309425794,0.0052448445825726
food/bagel/n07693725_855.jpg,-0.8149285161915953,0.4046058843524568
food/bagel/n07693725_8602.jpg,-1.1723680468493625,0.244462562848213
food/bagel/n07693725_8694.jpg,-1.3613835368827776,0.1276197039213197
food/bagel/n07693725_8807.jpg,-1.6480318505258469,0.170794107078692
food/bagel/n07693725_8841.jpg,-1.627604820939369,0.2798224615998404
food/bagel/n07693725_8899.jpg,-1.5415510656712157,0.1697597308653426
food/bagel/n07693725_905.jpg,-1.90535934096964,0.2422635203943786
food/bagel/n07693725_9127.jpg,-1.3958467313216163,0.129376054343472
food/bagel/n07693725_962.jpg,-1.76245359599907,0.3017052729600744
food/bagel/n07693725_9698.jpg,-1.401805827399577,0.2986911835992179
food/banana/000000000715.jpg,-1.141619991712039,0.1530372064298346
food/banana/000000004749.jpg,-1.4616226734595734,0.3223965712414299
food/banana/000000009768.jpg,-1.4614080940803416,0.3655427832973524
food/banana/000000016161.jpg,-1.1079876621238165,0.3109428163758094
food/banana/000000026812.jpg,-1.5267054919211458,0.0561340274996662
food/banana/000000144951.jpg,-1.5130883621969995,0.3711380991124812
food/banana/000000183898.jpg,-1.5903421510956144,0.3177388993466948
food/banana/000000193015.jpg,-1.767192177739117,0.3853561692544743
food/banana/000000202888.jpg,-1.5892399607355607,0.1917975878419809
food/banana/000000207573.jpg,-1.3018901913109944,0.2468903444613192
food/banana/000000216820.jpg,-1.569336924618392,0.1221360135802587
food/banana/000000237762.jpg,-1.7707317213237983,0.3680149783748225
food/banana/000000261503.jpg,-1.1648156991608791,0.225881756534746
food/banana/000000283144.jpg,-1.1542768827165268,0.2944773758302094
food/banana/000000283545.jpg,-1.7620341844307634,0.3854044037497274
food/banana/000000347568.jpg,-1.3048573574024591,0.2770567604468559
food/banana/000000347773.jpg,-1.148999596217542,0.3325011088705067
food/banana/000000349402.jpg,-1.0776067074415714,0.1205661896649359
food/banana/000000351686.jpg,-1.3568168230203437,0.1307210459920829
food/banana/000000395169.jpg,-1.090739417116865,0.1293039693337774
food/banana/000000412874.jpg,-1.829189496580778,0.0640733828014749
food/banana/000000425201.jpg,-1.3468547691265085,0.2814216318033112
food/banana/000000450961.jpg,-1.3926228604519029,0.0773371904701018
food/banana/000000463555.jpg,-1.2562670106654126,0.2486408368316014
food/banana/000000466736.jpg,-1.708538132434806,0.1487637625625938
food/banana/000000468615.jpg,-1.364442215444562,-0.0035128455245629
food/banana/000000504554.jpg,-2.038948073864519,0.2754911860592597
food/banana/000000511644.jpg,-1.7142888403589804,0.2932276388791203
food/banana/000000521064.jpg,-1.9857121889730984,0.2965159175576951
food/banana/000000540464.jpg,-1.4744800495576662,0.2695281974472518
food/banana/000000543696.jpg,-1.3523816650890124,0.3245687421568198
food/banana/000000559021.jpg,-1.2614260466065632,0.106075765889212
food/banana/n07753592_10437.jpg,-1.684370117333262,0.3279961587708065
food/banana/n07753592_10692.jpg,-1.461631340703328,0.3836225032794594
food/banana/n07753592_10906.jpg,-1.2496994505490158,0.1466605698608213
food/banana/n07753592_11382.jpg,-1.5059632516433463,0.2946327303485265
food/banana/n07753592_11566.jpg,-1.5160279894771638,0.3145289532755942
food/banana/n07753592_11789.jpg,-1.5453352162067315,0.3646016858851952
food/banana/n07753592_1185.jpg,-1.0547514354030962,0.111953347671755
food/banana/n07753592_11999.jpg,-1.0046350440478289,0.2819806018250475
food/banana/n07753592_1234.jpg,-1.4678154661155276,0.3453899564023898
food/banana/n07753592_14958.jpg,-1.9237150209624836,0.2988078886232216
food/banana/n07753592_16211.jpg,-1.4220076266307553,0.2282520769845186
food/banana/n07753592_16831.jpg,-1.386238175041378,0.1714510228966264
food/banana/n07753592_1750.jpg,-1.272225807912642,0.2398526594960954
food/banana/n07753592_1773.jpg,-1.5722442789405164,0.3688032186061892
food/banana/n07753592_1816.jpg,-1.5830853906965203,0.3341034368309047
food/banana/n07753592_18348.jpg,-1.4179411662049533,0.3925328693966226
food/banana/n07753592_1909.jpg,-1.4939379668453818,0.2899728113814035
food/banana/n07753592_1917.jpg,-1.374327044172575,0.1074712795690392
food/banana/n07753592_1991.jpg,-1.4930389381366682,0.1554070473876063
food/banana/n07753592_2002.jpg,-0.8834419537826266,0.2938561188227075
food/banana/n07753592_20027.jpg,-2.169530203473708,0.2216091655577553
food/banana/n07753592_2012.jpg,-1.1741772279143896,0.2600904996138476
food/banana/n07753592_2021.jpg,-1.929071997428972,0.264490456163054
food/banana/n07753592_2231.jpg,-1.082775153808437,0.318547783415121
food/banana/n07753592_2805.jpg,-1.4787339392117758,0.2666135198711003
food/banana/n07753592_2829.jpg,-0.9593012750219756,0.2675265729967635
food/banana/n07753592_3491.jpg,-1.4273759011408378,0.3180412812083736
food/banana/n07753592_3592.jpg,-1.062396267990838,0.3469141063569982
food/banana/n07753592_3754.jpg,-1.954630899850868,0.2724044650754401
food/banana/n07753592_3854.jpg,-0.9136148758867876,0.3813433974976445
food/banana/n07753592_4091.jpg,-0.681342387723214,0.3439850626833823
food/banana/n07753592_5409.jpg,-1.3887876594822806,0.2998997126904104
food/banana/n07753592_5569.jpg,-1.4608139914967233,0.392720739735665
food/banana/n07753592_5802.jpg,-1.6344578649962975,0.3456226070697177
food/banana/n07753592_5844.jpg,-1.821498069174264,0.2286762579320747
food/banana/n07753592_5942.jpg,-2.1544466491065166,0.2600086122431148
food/banana/n07753592_6132.jpg,-2.0199888076881827,0.3029187800275685
food/banana/n07753592_6197.jpg,-1.6523854191357936,0.2519164953023158
food/banana/n07753592_6754.jpg,-1.4743041850404497,0.1627382027277479
food/banana/n07753592_708.jpg,-1.2737555542406114,0.2899287894201424
food/banana/n07753592_7261.jpg,-1.7175456554142952,0.406300225008036
food/banana/n07753592_7598.jpg,-1.012716467912782,0.1613022567517573
food/banana/n07753592_7792.jpg,-1.3981490046760228,0.2555790086614746
food/banana/n07753592_8041.jpg,-1.7648952587548126,0.3471266017518916
food/banana/n07753592_8141.jpg,-1.6461130611506387,0.0945817748143329
food/banana/n07753592_8271.jpg,-1.300031653639669,0.273047848522766
food/banana/n07753592_8534.jpg,-1.213058366380278,0.1731231409352331
food/banana/n07753592_8891.jpg,-1.350433562265184,0.2806497949029306
food/banana/n07753592_9134.jpg,-1.8606382976660256,0.3161319332398761
food/banana/n07753592_9781.jpg,-1.6741535742710465,0.180476047002109
food/barbecue/000000043494.jpg,-0.93906134708894,0.095678816544134
food/barbecue/000000185225.jpg,-1.4744882363363097,0.146311853694404
food/barbecue/000000302055.jpg,-1.5412037806261012,0.126835363948766
food/barbecue/000000395714.jpg,-1.5596093871248415,0.0598454098774543
food/barbecue/000000432372.jpg,-1.5158567114727268,0.1487043670323054
food/barbecue/000000492292.jpg,-0.9129820560906724,0.1600440754961873
food/barbecue/000000579405.jpg,-1.733295095381756,0.1302211302211302
food/barbecue/n07654148_10592.jpg,-1.6963404534866682,0.1707254444798225
food/barbecue/n07654148_11041.jpg,-1.026168742708462,0.0006290274212069
food/barbecue/n07654148_11187.jpg,-1.4917871067737538,0.0272361527390525
food/barbecue/n07654148_11189.jpg,-1.104937306925382,0.0392849046215629
food/barbecue/n07654148_11193.jpg,-1.162207860278253,0.2311466802749795
food/barbecue/n07654148_11447.jpg,-1.2628494075469645,0.0518108089993074
food/barbecue/n07654148_12782.jpg,-1.1448623625949457,0.2673367518706275
food/barbecue/n07654148_13056.jpg,-1.4767095704336135,0.1040161413299999
food/barbecue/n07654148_13111.jpg,-0.7451142118649763,0.1773757153040608
food/barbecue/n07654148_13583.jpg,-0.8249954433205482,0.1822948675522778
food/barbecue/n07654148_13790.jpg,-1.323341572094903,0.1871347127945368
food/barbecue/n07654148_13921.jpg,-0.8344624417376575,0.1211318695428864
food/barbecue/n07654148_14261.jpg,-1.1015758332490313,0.1688029556412961
food/barbecue/n07654148_14341.jpg,-1.2735523301222853,0.1504634953650463
food/barbecue/n07654148_14359.jpg,-1.286357333667826,0.0387279755032377
food/barbecue/n07654148_14827.jpg,-1.7409608870663424,0.0451918926087928
food/barbecue/n07654148_14835.jpg,-1.1075354001164384,0.227057424121627
food/barbecue/n07654148_15593.jpg,-1.1496566177158454,0.1282570546826149
food/barbecue/n07654148_16788.jpg,-1.4499369753486575,0.1621839698762776
food/barbecue/n07654148_16882.jpg,-1.3008252262665911,0.0673132313231323
food/barbecue/n07654148_17137.jpg,-1.056470364158186,0.1751504478117966
food/barbecue/n07654148_17445.jpg,-1.514868421099982,-0.028578942754449
food/barbecue/n07654148_17522.jpg,-1.606860396898652,0.2026293331165928
food/barbecue/n07654148_18173.jpg,-1.076356261493136,0.1180657304510515
food/barbecue/n07654148_18188.jpg,-0.6820550090411202,0.2211183687735136
food/barbecue/n07654148_18263.jpg,-1.156791244607324,0.1671537784130792
food/barbecue/n07654148_18307.jpg,-1.0327684661412675,0.1098916761687571
food/barbecue/n07654148_18423.jpg,-1.228867365644278,0.0823017504459879
food/barbecue/n07654148_18446.jpg,-1.1541734082906705,0.0108556550902431
food/barbecue/n07654148_18537.jpg,-1.2938094098283486,0.084354422773591
food/barbecue/n07654148_19332.jpg,-1.488714554361694,0.256476234796018
food/barbecue/n07654148_19681.jpg,-1.2262146712943554,-0.0111723293541475
food/barbecue/n07654148_20099.jpg,-1.2243540678802811,0.0970740517760385
food/barbecue/n07654148_21097.jpg,-1.639154883858141,-0.0774275708373129
food/barbecue/n07654148_21186.jpg,-1.467570407028124,0.1396183330614908
food/barbecue/n07654148_21465.jpg,-1.3186846422682892,0.1800701199940743
food/barbecue/n07654148_22848.jpg,-1.0635986521665954,0.0806744198559536
food/barbecue/n07654148_22977.jpg,-1.3888247892915546,0.0951624794419554
food/bell pepper/n07720875_10151.jpg,-1.362022877306676,0.3813954840263417
food/bell pepper/n07720875_10155.jpg,-1.4130892520125435,0.229829011526279
food/bell pepper/n07720875_10162.jpg,-1.4143736658398145,0.2883395674093348
food/bell pepper/n07720875_10894.jpg,-1.4017309996158778,0.39900361999252
food/bell pepper/n07720875_12386.jpg,-1.030166375810308,0.2148681780379534
food/bell pepper/n07720875_1314.jpg,-1.6128326790379888,0.3454909537203962
food/bell pepper/n07720875_1529.jpg,-1.3296658523257316,0.3149463141568751
food/bell pepper/n07720875_1586.jpg,-1.5872253716802351,0.1701473429123372
food/bell pepper/n07720875_1697.jpg,-0.4378825822367569,0.3194724183108782
food/bell pepper/n07720875_1782.jpg,-1.8588700187198277,0.3465888061849735
food/bell pepper/n07720875_2188.jpg,-1.2091983615937352,0.3319410763259743
food/bell pepper/n07720875_2238.jpg,-1.2471259955844234,0.3233614195221475
food/bell pepper/n07720875_2394.jpg,-1.8342433173452064,0.3407375180764235
food/bell pepper/n07720875_2664.jpg,-1.4698126665620683,0.3380066535406341
food/bell pepper/n07720875_2930.jpg,-1.3363575234328102,0.3346677760401465
food/bell pepper/n07720875_2949.jpg,-0.941310519073799,0.1083118885740319
food/bell pepper/n07720875_3102.jpg,-1.0322818527325344,0.2868160563551346
food/bell pepper/n07720875_3162.jpg,-1.4107491023620595,0.1959296433293377
food/bell pepper/n07720875_3180.jpg,-0.588616462696688,0.3844837492817708
food/bell pepper/n07720875_3204.jpg,-1.5031901686991316,0.2341510869429651
food/bell pepper/n07720875_3234.jpg,-1.4058044811995538,0.3476193786800292
food/bell pepper/n07720875_3236.jpg,-1.369308700884006,0.2948471552380607
food/bell pepper/n07720875_3313.jpg,-1.4733258359785455,0.3410417012703804
food/bell pepper/n07720875_3425.jpg,-1.1594571246753818,0.335746399451345
food/bell pepper/n07720875_3464.jpg,-1.0644998921004736,0.2737350194572638
food/bell pepper/n07720875_3556.jpg,-1.5152985921507554,0.2925328060885933
food/bell pepper/n07720875_3592.jpg,-1.664821024572873,0.3256824259153251
food/bell pepper/n07720875_3911.jpg,-1.1474704625316283,0.2102091300342029
food/bell pepper/n07720875_4129.jpg,-1.751666714620666,0.2755559189012425
food/bell pepper/n07720875_4162.jpg,-0.9262280191851442,0.3419339281408247
food/bell pepper/n07720875_4206.jpg,-1.5136699897650592,0.3537619713313998
food/bell pepper/n07720875_4744.jpg,-1.0826572882509071,0.3431620741510067
food/bell pepper/n07720875_4943.jpg,-1.1048314200484293,0.3014998038914753
food/bell pepper/n07720875_5177.jpg,-1.038477001176916,0.2679343598523063
food/bell pepper/n07720875_5389.jpg,-1.2421375855361927,0.1819486109299595
food/bell pepper/n07720875_5440.jpg,-1.124130953176261,0.2166438541237547
food/bell pepper/n07720875_5449.jpg,-1.2505129193247586,0.2879540692770264
food/bell pepper/n07720875_5671.jpg,-0.939586201155308,0.3240202840544794
food/bell pepper/n07720875_5729.jpg,-0.9651064110605118,0.3766716020136215
food/bell pepper/n07720875_5791.jpg,-0.7385545659192105,0.3885759924050919
food/bell pepper/n07720875_6236.jpg,-1.0274964800458144,0.2305877664014994
food/bell pepper/n07720875_7455.jpg,-1.0740110154745397,0.2014351832193961
food/bell pepper/n07720875_7650.jpg,-1.3143274341105546,0.1814700687201041
food/bell pepper/n07720875_7739.jpg,-1.5716855714476603,0.2026281449600512
food/bell pepper/n07720875_8101.jpg,-1.7167765931798444,0.0915763237126818
food/bell pepper/n07720875_8234.jpg,-0.9402168316905454,0.3391502501133028
food/bell pepper/n07720875_8255.jpg,-1.586021348690389,0.3564427351358927
food/bell pepper/n07720875_8307.jpg,-1.731622701061004,0.3193269908386187
food/bell pepper/n07720875_8359.jpg,-1.456401757352637,0.2046706076583054
food/bell pepper/n07720875_8705.jpg,-0.9854948714815096,0.2711847100310335
food/bell pepper/n07720875_8835.jpg,-1.5850563682947652,0.2947622406176917
food/bell pepper/n07720875_9092.jpg,-1.238293687577979,0.2505273607147289
food/bell pepper/n07720875_9367.jpg,-1.0660306263647796,0.3391727372517713
food/bell pepper/n07720875_9394.jpg,-1.2381407025608302,0.3475079071560655
food/bell pepper/n07720875_993.jpg,-1.5757470699226144,0.095664054705757
food/bread/n07679356_23272.jpg,-1.0522866768861894,0.3092865281647771
food/bread/n07679356_23728.jpg,-1.472733015673113,0.1282213944825981
food/bread/n07679356_23730.jpg,-1.181276582553674,0.2678866587957497
food/bread/n07679356_23890.jpg,-1.2103814953572407,0.308930663813745
food/bread/n07679356_23943.jpg,-1.235833939586009,0.2523652148177379
food/bread/n07679356_23986.jpg,-1.1181875693899237,0.2371023119470018
food/bread/n07679356_23999.jpg,-1.161022918002311,0.2803073733706258
food/bread/n07679356_24131.jpg,-1.2387493692996758,0.2490923398851787
food/bread/n07679356_24275.jpg,-0.9507809350117108,0.2441078298388478
food/bread/n07679356_24774.jpg,-0.9627527355858424,0.228104702136106
food/bread/n07679356_26076.jpg,-1.674156405173555,0.3191161525095893
food/bread/n07679356_26284.jpg,-1.214584674830437,0.241163985066424
food/bread/n07679356_26410.jpg,-1.018512672055116,0.2260605267021398
food/bread/n07679356_26486.jpg,-1.4773223506354805,0.2824629074629073
food/bread/n07679356_26730.jpg,-1.081286744089846,0.0768789443488238
food/bread/n07679356_26882.jpg,-1.2951931528683425,0.2479361663977048
food/bread/n07679356_27111.jpg,-1.143618000482903,0.2169559654837626
food/bread/n07679356_27158.jpg,-1.140446205021989,0.134004626995866
food/bread/n07679356_28420.jpg,-1.1244061765497524,0.1413402876453572
food/bread/n07679356_28936.jpg,-0.9016184229874676,0.2103833032309853
food/bread/n07679356_29289.jpg,-0.987302892962788,0.0957837242331329
food/bread/n07679356_29539.jpg,-1.496847112806713,0.1166920533491845
food/bread/n07679356_29552.jpg,-0.9892017149625216,0.248076597419597
food/bread/n07679356_29890.jpg,-1.1533710777860888,0.2794344365312107
food/bread/n07679356_30345.jpg,-1.0727052728694448,0.2298678612919672
food/bread/n07679356_30519.jpg,-1.3468188375595809,0.2687154522498624
food/bread/n07679356_30714.jpg,-1.4035839746900178,0.226724275373872
food/bread/n07679356_31327.jpg,-0.7556271593213447,0.3703939380926541
food/bread/n07679356_31549.jpg,-1.2137630829171966,0.2230768426882922
food/bread/n07679356_31660.jpg,-1.8156820945584424,0.2753307836662945
food/bread/n07679356_31946.jpg,-0.8815802299274075,0.16293457685027
food/bread/n07679356_31997.jpg,-1.0579757643602272,0.2649818165815173
food/bread/n07679356_38784.jpg,-0.8071223713306532,0.2573158462091268
food/bread/n07679356_46911.jpg,-0.9300849660832023,0.3228381948309515
food/bread/n07679356_55203.jpg,-1.2291195537880346,0.2865210724584639
food/bread/n07680932_10382.jpg,-0.8702923486965874,0.345539023981706
food/bread/n07680932_1060.jpg,-1.1481818801532375,0.3143420399524242
food/bread/n07680932_11247.jpg,-1.2114692594389336,0.2628755809478701
food/bread/n07680932_1211.jpg,-1.0202057445944468,0.1397334339243053
food/bread/n07680932_14041.jpg,-0.9397325593222468,0.2451058391380521
food/bread/n07680932_14847.jpg,-1.1871833874577262,0.2958357709386299
food/bread/n07680932_16996.jpg,-0.6413825798801327,0.3085579723616533
food/bread/n07680932_18337.jpg,-1.3422623158975884,0.2500586351909326
food/bread/n07680932_19004.jpg,-1.4684224537728392,0.3268471053002869
food/bread/n07680932_20154.jpg,-1.2960497363341408,0.2453475453982296
food/bread/n07680932_21484.jpg,-1.192628142877591,0.2279429742102467
food/bread/n07680932_2352.jpg,-1.0070269544723591,0.3357979945426347
food/bread/n07680932_24328.jpg,-0.8435438727385184,0.2555300079302932
food/bread/n07680932_26289.jpg,-1.0072313149682812,0.305694531948099
food/bread/n07680932_26553.jpg,-1.2441923881873418,0.176013776013776
food/bread/n07680932_2751.jpg,-1.5126863353491042,0.2305120369636498
food/bread/n07680932_27862.jpg,-1.3027007213092432,0.1976476126104379
food/bread/n07680932_27982.jpg,-1.353715032516957,0.2427156037078637
food/bread/n07680932_28998.jpg,-1.1432978456597738,0.2237426803438681
food/bread/n07680932_29285.jpg,-0.6580719241801519,0.4022084795287326
food/bread/n07680932_3052.jpg,-1.0127299134872236,0.2348835295838514
food/bread/n07680932_30974.jpg,-1.0336222334884848,0.3552891688701711
food/bread/n07680932_32177.jpg,-1.2410243642240388,0.3653773227152067
food/bread/n07680932_32427.jpg,-0.7666028410896206,0.2392210654480722
food/bread/n07680932_32793.jpg,-0.8990215717414438,0.3504119543077467
food/bread/n07680932_33577.jpg,-1.212775733411865,0.2451339756297526
food/bread/n07680932_3803.jpg,-1.2226280630876132,0.2929344229496591
food/bread/n07680932_39981.jpg,-0.8767206835141262,0.2789720835974396
food/bread/n07680932_42044.jpg,-0.8598488512562683,0.3066799380667994
food/bread/n07680932_43728.jpg,-1.5929714000447208,0.301759063378445
food/bread/n07680932_48396.jpg,-1.0205857435609755,0.3093362244405754
food/bread/n07680932_48861.jpg,-1.2140433195719091,0.296545500821398
food/bread/n07680932_48969.jpg,-1.5117599747526709,0.2593926275744457
food/bread/n07680932_5148.jpg,-1.3564620251170192,0.321734477595225
food/bread/n07680932_5209.jpg,-1.5663580171011544,0.1709203001587977
food/bread/n07680932_55396.jpg,-0.976860884932488,0.2640893745721053
food/bread/n07680932_5574.jpg,-1.1401302032606642,0.3818859822588846
food/bread/n07680932_5633.jpg,-1.0076540007313104,0.3584031390529935
food/bread/n07680932_56466.jpg,-1.32641744595097,0.1985625879833318
food/bread/n07680932_57798.jpg,-1.1785991350679412,0.1451506084652956
food/bread/n07680932_6287.jpg,-0.7181960948409926,0.3468207068246051
food/bread/n07680932_65206.jpg,-1.1331354862513408,0.2732941638558315
food/bread/n07680932_68607.jpg,-1.4158606941074785,0.2509489141932674
food/bread/n07680932_7947.jpg,-1.5575701685987142,0.3399034365237148
food/bread/n07680932_803.jpg,-1.4682712359617016,0.2092635246095164
food/bread/n07680932_8144.jpg,-1.2305385518117713,0.1883996795396397
food/bread/n07680932_866.jpg,-1.0409555712058376,0.3547971428968727
food/bread/n07680932_9358.jpg,-1.056710120244175,0.2077905550799417
food/bread/n07680932_9973.jpg,-1.7716282667720045,0.3207760762240181
food/breakfast/000000076384.jpg,-1.2916061679888076,0.2852223473980387
food/breakfast/000000238881.jpg,-0.8290417462310998,0.3141512763814922
food/breakfast/000000491888.jpg,-1.698324062597539,0.1101169341476116
food/breakfast/000000498583.jpg,-1.3138245539429252,0.2045047751367454
food/breakfast/n07574602_22465.jpg,-0.938055591620771,0.2821172275283047
food/breakfast/n07574602_22582.jpg,-2.0368603549670694,0.2029575757575757
food/breakfast/n07574602_22734.jpg,-1.7890797026642318,0.0975336225407947
food/breakfast/n07574602_22776.jpg,-1.424018240448215,0.1782000945696813
food/breakfast/n07574602_22829.jpg,-1.1675531297000852,0.2248982980489829
food/breakfast/n07574602_22837.jpg,-1.2906116507301135,0.1574619270025778
food/breakfast/n07574602_22882.jpg,-1.3141203484364932,0.2237038423348253
food/breakfast/n07574602_22940.jpg,-1.1392226847898037,0.1104719694469329
food/breakfast/n07574602_23014.jpg,-1.5797888954921069,0.0704519188917406
food/breakfast/n07574602_23198.jpg,-1.4326276860099132,0.267058420537166
food/breakfast/n07574602_23518.jpg,-1.2061973388600675,0.1611819143199896
food/breakfast/n07574602_23818.jpg,-1.329313276872955,0.1529767992951684
food/breakfast/n07574602_23918.jpg,-1.1867321570131186,0.2516536479973408
food/breakfast/n07574602_24053.jpg,-1.2044407906025598,0.1528494915151177
food/breakfast/n07574602_24289.jpg,-1.927906238762695,0.1571064668985729
food/breakfast/n07574602_24364.jpg,-1.351814366890829,0.1953430640156303
food/breakfast/n07574602_24451.jpg,-1.146467688842242,0.2480686209974114
food/breakfast/n07574602_24483.jpg,-1.4474427492226607,0.0660279432830243
food/breakfast/n07574602_24537.jpg,-1.684586856418737,0.2939793106433321
food/breakfast/n07574602_24543.jpg,-1.6885787781882653,0.1600777312200157
food/breakfast/n07574602_24636.jpg,-0.8619179737023442,0.2160398788992723
food/breakfast/n07574602_24646.jpg,-1.739790884480087,0.1306458677446081
food/breakfast/n07574602_24859.jpg,-1.2253423130219656,0.0875465997417216
food/breakfast/n07574602_24875.jpg,-1.5279027301588697,0.2392320236016756
food/breakfast/n07574602_24937.jpg,-1.3316628884270734,0.166569744685134
food/breakfast/n07574602_25107.jpg,-1.5103015142113996,0.1384676846590909
food/breakfast/n07574602_25208.jpg,-1.2562953342734815,0.2303414550677911
food/breakfast/n07574602_25237.jpg,-1.1893763999501306,0.1843817871548246
food/breakfast/n07574602_25330.jpg,-1.3489751323766843,0.1417939014786945
food/breakfast/n07574602_25400.jpg,-1.1513332164529986,0.1791065549380405
food/breakfast/n07574602_25417.jpg,-1.3348960505745933,0.1147477806069781
food/breakfast/n07574602_25450.jpg,-1.2289697353083575,0.2798558572712054
food/breakfast/n07574602_25517.jpg,-1.5117762422529963,0.2022861768233395
food/breakfast/n07574602_25609.jpg,-1.4285530906134605,0.205358736084993
food/breakfast/n07574602_26210.jpg,-1.205842608563867,0.2171595472800292
food/breakfast/n07574602_26295.jpg,-1.2041445034235063,0.2030133989943116
food/breakfast/n07574602_26378.jpg,-1.3546679232015766,0.2203879522700134
food/breakfast/n07574602_26402.jpg,-1.2104112253385657,0.2244476952994972
food/breakfast/n07574602_26505.jpg,-1.2794169561690925,0.1344512159998156
food/breakfast/n07574602_26535.jpg,-1.2492896831310247,0.2690060012054824
food/breakfast/n07574602_26538.jpg,-1.1207555550115238,0.2259246589242124
food/breakfast/n07574602_26579.jpg,-1.2119481103099852,0.2043451318924347
food/breakfast/n07574602_26595.jpg,-1.159544583813631,0.2625374818353038
food/breakfast/n07574602_26659.jpg,-1.0025822665957735,0.3452089513550877
food/breakfast/n07574602_26811.jpg,-1.5702317141896969,0.1744354210701968
food/breakfast/n07574602_26819.jpg,-1.7793695207060691,0.0178785689981434
food/breakfast/n07574602_26851.jpg,-1.1786627963748502,0.1315038119247942
food/breakfast/n07574602_26891.jpg,-1.294272324626959,0.2905267939097438
food/breakfast/n07574602_26959.jpg,-1.2480399702580844,0.2718998024468859
food/breakfast/n07574602_26972.jpg,-1.2002148752827069,0.285650841586357
food/breakfast/n07574602_26982.jpg,-1.4476509251243812,0.2930858609581014
food/breakfast/n07574602_27043.jpg,-1.4905349072783414,0.2620808070467691
food/breakfast/n07574602_27054.jpg,-1.382197218205235,0.0729829310474471
food/breakfast/n07574602_27068.jpg,-1.3139918289278207,0.2908618486745332
food/breakfast/n07574602_27079.jpg,-0.9472032541978548,0.2797472645287421
food/breakfast/n07574602_27102.jpg,-1.4578304834815694,0.1442790654808534
food/breakfast/n07574602_27151.jpg,-1.3057491053982166,0.3249990365717369
food/breakfast/n07574602_27219.jpg,-1.1661396744101675,0.1790772995196343
food/breakfast/n07574602_27252.jpg,-1.2668847466997966,0.2064752930864467
food/breakfast/n07574602_27286.jpg,-1.4682235844677731,0.1895382970072021
food/breakfast/n07574602_27308.jpg,-0.8332737944050973,0.212897905219443
food/breakfast/n07574602_27391.jpg,-0.8489408120748464,0.2095136953259005
food/breakfast/n07574602_27438.jpg,-2.0310310009605894,0.3056364920967657
food/breakfast/n07574602_27481.jpg,-1.6351056177475416,0.1346465160380194
food/breakfast/n07574602_27493.jpg,-1.4209501032541376,0.289510940927063
food/breakfast/n07574602_28533.jpg,-1.0930275686301367,0.131845247958992
food/breakfast/n07574602_28789.jpg,-1.4462365681885023,0.2442862759134624
food/breakfast/n07574602_29393.jpg,-1.642620465654573,0.1396876013403956
food/breakfast/n07574602_29681.jpg,-0.8319208932412381,0.2143651025121588
food/breakfast/n07574602_29739.jpg,-1.1178630873556072,0.2251187140464201
food/breakfast/n07574602_31019.jpg,-1.4806120945060064,0.2901585764435298
food/broccoli/000000002068.jpg,-1.121218002333708,0.2124576740353542
food/broccoli/000000004256.jpg,-1.4507728976228145,0.2867560028156529
food/broccoli/000000004936.jpg,-1.306707932882924,0.160859663624555
food/broccoli/000000008789.jpg,-1.4741181562097818,0.2943185335246616
food/broccoli/000000010407.jpg,-1.80899117711819,0.2740159704364507
food/broccoli/000000010900.jpg,-1.4441084137594091,0.0925647612246275
food/broccoli/000000012231.jpg,-1.570887716826019,0.2197123607776377
food/broccoli/000000013428.jpg,-1.058393186243603,0.2212915814019892
food/broccoli/000000016848.jpg,-1.0201826243089032,0.2424251874743064
food/broccoli/000000032893.jpg,-1.1272935443276215,0.2691619408380317
food/broccoli/000000048719.jpg,-1.5484554655259708,0.1528485116882295
food/broccoli/000000050910.jpg,-1.3114079755986343,0.2333489857250188
food/broccoli/000000051716.jpg,-1.244231882362148,0.1691434418859121
food/broccoli/000000076138.jpg,-1.0113844571758963,0.162778995895879
food/broccoli/000000081964.jpg,-0.9677012006043164,0.2278063352549434
food/broccoli/000000089320.jpg,-1.5064225952250383,0.2607859748086298
food/broccoli/000000118543.jpg,-1.0416945277205092,0.2743329814224202
food/broccoli/000000125617.jpg,-1.3228400763009895,0.3192473871664623
food/broccoli/000000132041.jpg,-1.0589477486791905,0.1760816590411776
food/broccoli/000000139075.jpg,-1.2376879671099013,0.1898677569794927
food/broccoli/000000142378.jpg,-1.1925776154388328,0.1894101548523974
food/broccoli/000000144847.jpg,-1.3011386733165655,0.2463617679420373
food/broccoli/000000155892.jpg,-1.2148645188589742,0.1596614682388741
food/broccoli/000000163559.jpg,-0.9330243508545976,0.144142745562245
food/broccoli/000000167092.jpg,-1.245577208824208,0.2507323246328293
food/broccoli/000000173882.jpg,-1.0575543512099983,0.2191993294953072
food/broccoli/000000197597.jpg,-1.3869706084620694,0.290234032317401
food/broccoli/000000197689.jpg,-1.848971966044757,0.21198961902081
food/broccoli/000000203076.jpg,-1.3256070326150102,0.1575400090603995
food/broccoli/000000214030.jpg,-0.631525400801301,0.2373469234804766
food/broccoli/000000215062.jpg,-1.250160571160021,0.1221227034217941
food/broccoli/000000220889.jpg,-1.2409753916391713,0.1641017801331702
food/broccoli/000000234238.jpg,-0.9270869952039998,0.2509903532032376
food/broccoli/000000235575.jpg,-1.491595838278192,0.1665874171594995
food/broccoli/000000242187.jpg,-1.4062267106268045,0.3083103352548296
food/broccoli/000000242368.jpg,-0.9950415084858104,0.0566019218744304
food/broccoli/000000249663.jpg,-1.3121655526006797,0.2489280497573387
food/broccoli/000000249969.jpg,-1.0824506076596112,0.2226509123060847
food/broccoli/000000251702.jpg,-1.5235928279316613,0.2063066209110384
food/broccoli/000000253863.jpg,-1.2904298068119828,0.2424862979240218
food/broccoli/000000257137.jpg,-1.390785818251122,0.1714580393951948
food/broccoli/000000275175.jpg,-1.2919229618962178,0.2884246089610277
food/broccoli/000000275663.jpg,-1.5875381320522952,0.1517445588496957
food/broccoli/000000282328.jpg,-0.9174121487372484,0.2380715372226199
food/broccoli/000000282930.jpg,-1.5626648507130716,0.2472783935970535
food/broccoli/000000283638.jpg,-1.137671067046151,0.1384015971861208
food/broccoli/000000293810.jpg,-1.4001735097453132,0.2019792776557355
food/broccoli/000000300264.jpg,-1.9295274533494349,0.2809931506849315
food/broccoli/000000305738.jpg,-1.5901997896953892,0.2271511486536489
food/broccoli/000000306902.jpg,-1.103537703534003,0.205376113195606
food/broccoli/000000309983.jpg,-0.9097499698112176,0.24682285669069
food/broccoli/000000310061.jpg,-1.239882322709593,0.1728772620137523
food/broccoli/000000327918.jpg,-1.2446551013648364,0.1846499122615434
food/broccoli/000000336174.jpg,-1.3069644025538407,0.2221298394775308
food/broccoli/000000352418.jpg,-1.0896719510334991,0.2837662157352269
food/broccoli/000000359592.jpg,-1.441745407225626,0.2318346627991298
food/broccoli/000000364973.jpg,-1.0705569540634017,-0.0409251882760666
food/broccoli/000000367007.jpg,-1.1472596902714542,0.2957843218962936
food/broccoli/000000370399.jpg,-1.0593129923793658,0.1110183008917186
food/broccoli/000000383695.jpg,-1.216878616916149,0.1731080834000592
food/broccoli/000000387513.jpg,-1.5619180858144668,0.1587619869230538
food/broccoli/000000395337.jpg,-1.5009249083976002,0.2317449843068972
food/broccoli/000000402775.jpg,-1.3916112568398256,0.1090374568852492
food/broccoli/000000404361.jpg,-1.6844153394793755,0.1228813772367779
food/broccoli/000000421703.jpg,-1.2640325222553244,0.2035029730572203
food/broccoli/000000426428.jpg,-1.020377315780116,0.2401581579042719
food/broccoli/000000434389.jpg,-1.5563364215182358,0.2139341519223601
food/broccoli/000000442508.jpg,-1.5296463638406494,0.1994990651568066
food/broccoli/000000456563.jpg,-1.5403226991518864,0.0801959959988982
food/broccoli/000000459310.jpg,-1.371234586257127,0.3173547874267946
food/broccoli/000000479214.jpg,-1.361144922477974,0.2778187528252955
food/broccoli/000000489218.jpg,-1.090640635190817,0.1991812402672641
food/broccoli/000000491330.jpg,-1.5296236722712495,0.2153145431015647
food/broccoli/000000511036.jpg,-1.2720744728522373,0.1625769064651486
food/broccoli/000000526588.jpg,-0.8822801128282213,0.0308346915162297
food/broccoli/000000527365.jpg,-1.2668948457775306,0.0869064501135364
food/broccoli/000000530741.jpg,-1.1168220939302176,0.1826140127701677
food/broccoli/000000532638.jpg,-1.1913918787171511,0.3547336912917362
food/broccoli/000000538844.jpg,-1.0916068365618474,0.2028105482303955
food/broccoli/000000541450.jpg,-1.589238538024355,0.194693665532493
food/broccoli/000000541816.jpg,-1.383044949284327,0.2580896045908486
food/broccoli/000000552503.jpg,-1.019053623129295,0.2335265278727489
food/broccoli/000000555922.jpg,-1.2679299335120722,0.2451747209571352
food/broccoli/000000558809.jpg,-1.2192098788569803,0.2173711142535292
food/broccoli/000000559838.jpg,-1.5016607269225042,0.1403909389842894
food/broccoli/000000577948.jpg,-1.8090533067508303,0.1993725388726722
food/burrito/n07880968_1068.jpg,-1.0535330768026117,0.2334669478624003
food/burrito/n07880968_108.jpg,-1.4268921994390436,0.1823245055349176
food/burrito/n07880968_1135.jpg,-1.360746262751232,0.1246730754091477
food/burrito/n07880968_1207.jpg,-1.6605280570467065,0.1785872426561823
food/burrito/n07880968_1519.jpg,-1.201642523937427,0.1850083210287458
food/burrito/n07880968_155.jpg,-1.4444287628335062,0.3445053510832681
food/burrito/n07880968_1614.jpg,-1.3875887893304708,0.2799753389597807
food/burrito/n07880968_177.jpg,-1.6936770040035396,0.2065287000871185
food/burrito/n07880968_1873.jpg,-1.1683806666120604,0.2710821023032386
food/burrito/n07880968_190.jpg,-1.3918605807501372,0.1941238243716488
food/burrito/n07880968_1915.jpg,-1.2997293624823127,0.13552285360796
food/burrito/n07880968_2001.jpg,-1.3994832282361918,0.156052446733786
food/burrito/n07880968_2003.jpg,-1.7134762359036295,0.2406826197497301
food/burrito/n07880968_2005.jpg,-1.1314210896551766,0.2653563888609631
food/burrito/n07880968_2090.jpg,-1.445181093323373,0.161256082740656
food/burrito/n07880968_2104.jpg,-1.6096048432906982,0.1565096689547641
food/burrito/n07880968_2299.jpg,-1.3703855203032698,0.2113059314317176
food/burrito/n07880968_2355.jpg,-1.2656582373069338,0.2678904971848629
food/burrito/n07880968_2379.jpg,-1.5999458988161677,0.1386981998068859
food/burrito/n07880968_241.jpg,-1.0570620917509306,0.2018669241734491
food/burrito/n07880968_2771.jpg,-1.162984446405867,0.10683780850361
food/burrito/n07880968_2787.jpg,-1.5980853008579463,0.0577207872455597
food/burrito/n07880968_2835.jpg,-1.4105027653418771,0.3075382674054973
food/burrito/n07880968_2876.jpg,-1.3003859259095214,0.2233565633451217
food/burrito/n07880968_2905.jpg,-1.4873252909159551,0.2133095662507427
food/burrito/n07880968_2921.jpg,-1.39832113121131,0.2384011775903668
food/burrito/n07880968_2967.jpg,-1.3500768598602235,0.1483597926867914
food/burrito/n07880968_3005.jpg,-1.3358955934041854,0.2200012744036036
food/burrito/n07880968_3091.jpg,-1.3386895270596708,0.2388575416797735
food/burrito/n07880968_3235.jpg,-1.7728861372017477,0.3029707217674185
food/burrito/n07880968_3281.jpg,-1.2048119247330182,0.2179385321142098
food/burrito/n07880968_335.jpg,-1.5319780273484898,0.2506418872153928
food/burrito/n07880968_3496.jpg,-1.404913018684133,0.1211569818276342
food/burrito/n07880968_3617.jpg,-1.5370346698329276,0.140804133699338
food/burrito/n07880968_3686.jpg,-1.0961819583894772,0.2365268259623058
food/burrito/n07880968_3916.jpg,-1.245311434084736,0.1320949176729413
food/burrito/n07880968_403.jpg,-1.6328434544795518,0.1782094633770739
food/burrito/n07880968_4256.jpg,-1.1267685949690345,0.2313364055299539
food/burrito/n07880968_4275.jpg,-1.1247678110553376,0.2459491814840937
food/burrito/n07880968_4309.jpg,-1.2702038500696926,0.2499154568592668
food/burrito/n07880968_4332.jpg,-1.4615746665176876,0.2220785159660216
food/burrito/n07880968_4363.jpg,-1.592644328742619,0.2130450849963045
food/burrito/n07880968_4442.jpg,-1.4215768256760886,0.1783004687319334
food/burrito/n07880968_4566.jpg,-1.3833156227931758,0.2399971762665201
food/burrito/n07880968_4577.jpg,-1.1929955215056076,0.2042380394063313
food/burrito/n07880968_4603.jpg,-1.3182119775156935,0.1816970724564281
food/burrito/n07880968_4615.jpg,-1.5428516907992855,0.1794046185602477
food/burrito/n07880968_4626.jpg,-1.6287129990605338,0.1181808253993467
food/burrito/n07880968_4731.jpg,-1.5918874498092048,0.0927608832942637
food/burrito/n07880968_516.jpg,-1.5352291301577914,0.2667493099858758
food/burrito/n07880968_5168.jpg,-1.4101861755803715,0.1744764798043486
food/burrito/n07880968_5202.jpg,-0.3252606374013024,0.3221459363226772
food/burrito/n07880968_5320.jpg,-1.046748626454723,0.2104210932523723
food/burrito/n07880968_5357.jpg,-1.2259015389475874,0.1483376061689314
food/burrito/n07880968_5396.jpg,-1.633406033526574,0.1549092170695039
food/burrito/n07880968_5513.jpg,-1.30843920079492,0.1464344605033758
food/burrito/n07880968_553.jpg,-1.1426566543645464,0.2823480421016355
food/burrito/n07880968_5547.jpg,-0.8810679736496924,0.2540741011400175
food/burrito/n07880968_5554.jpg,-1.511456248911052,0.264049563844225
food/burrito/n07880968_5785.jpg,-1.504291774567021,0.2084823060177019
food/burrito/n07880968_5835.jpg,-1.4347543513556151,0.162936994924935
food/burrito/n07880968_5851.jpg,-1.322210037844891,0.2781422944836472
food/burrito/n07880968_5936.jpg,-1.3514723337873715,0.2459671000868659
food/burrito/n07880968_5952.jpg,-1.111314457287442,0.2290550070521861
food/burrito/n07880968_5955.jpg,-1.4535696234383513,0.3250141918741382
food/burrito/n07880968_5959.jpg,-1.10677415573437,0.2428694387558246
food/burrito/n07880968_6021.jpg,-1.283088635543746,0.181989736965593
food/burrito/n07880968_6026.jpg,-1.0416896201226662,0.2619384952566977
food/burrito/n07880968_6047.jpg,-1.5912319514272248,0.2909352816321185
food/burrito/n07880968_6178.jpg,-1.028769678503986,0.2897768162845167
food/burrito/n07880968_6256.jpg,-1.4895319975147006,0.2353676884593729
food/burrito/n07880968_6269.jpg,-1.2750983941993557,0.1620734908136482
food/burrito/n07880968_6446.jpg,-1.3274484095271208,0.2897457992244722
food/burrito/n07880968_6571.jpg,-1.355112995393697,0.2882038897219163
food/burrito/n07880968_6786.jpg,-1.0221335637541633,0.258371820681851
food/burrito/n07880968_6843.jpg,-1.5371679528717923,0.0260727912232261
food/burrito/n07880968_7029.jpg,-1.3392031208601969,0.36059606703854
food/burrito/n07880968_7279.jpg,-1.3386940722851983,0.2388600316175321
food/burrito/n07880968_7455.jpg,-1.3545259235267375,0.2542631891318469
food/burrito/n07880968_7480.jpg,-1.4221661377226786,0.1738926051455137
food/burrito/n07880968_75.jpg,-1.204169340066431,0.1469676966229702
food/butternut squash/n07717556_1126.jpg,-1.5680106028091312,0.2162613672680786
food/butternut squash/n07717556_1161.jpg,-1.8123612677363536,0.3435160298070306
food/butternut squash/n07717556_1221.jpg,-1.181270731627404,0.1739466670349246
food/butternut squash/n07717556_129.jpg,-0.8733972912201109,0.3382043514594401
food/butternut squash/n07717556_130.jpg,-1.103980762034544,0.2873812464142981
food/butternut squash/n07717556_1502.jpg,-2.08941679359068,0.4170291204524938
food/butternut squash/n07717556_156.jpg,-1.5694413731899444,0.2955516144942441
food/butternut squash/n07717556_1608.jpg,-1.5975583478928694,0.1498927463918487
food/butternut squash/n07717556_1645.jpg,-1.99323406449943,0.2678871037166524
food/butternut squash/n07717556_1745.jpg,-1.0305975199766717,0.2162834399418415
food/butternut squash/n07717556_1761.jpg,-1.5470269441552114,0.3884105435529027
food/butternut squash/n07717556_1787.jpg,-1.081571824708385,0.3944644334051531
food/butternut squash/n07717556_1818.jpg,-1.56531889804604,0.3975167267112712
food/butternut squash/n07717556_1822.jpg,-1.850480177032183,0.412823748643676
food/butternut squash/n07717556_1981.jpg,-1.433662083384474,0.2294746775715633
food/butternut squash/n07717556_2038.jpg,-1.3467849047083595,0.3327003917755726
food/butternut squash/n07717556_2401.jpg,-0.9919432466163208,0.2516434109815588
food/butternut squash/n07717556_2408.jpg,-1.7236531752077366,0.2221030169415593
food/butternut squash/n07717556_2584.jpg,-1.052699723137472,0.3371434232313273
food/butternut squash/n07717556_2632.jpg,-1.0116986567177984,0.4143773063463238
food/butternut squash/n07717556_2721.jpg,-1.1223564756868714,0.3114999047074518
food/butternut squash/n07717556_2777.jpg,-1.115054694422315,0.4051411583253235
food/butternut squash/n07717556_3057.jpg,-1.2380722419534105,0.1856508435972137
food/butternut squash/n07717556_3102.jpg,-1.1125749160972838,0.1050070288226498
food/butternut squash/n07717556_3128.jpg,-1.3882188271257396,0.2910370040664285
food/butternut squash/n07717556_3231.jpg,-1.6685491292184316,0.2596840758496747
food/butternut squash/n07717556_3374.jpg,-1.4970738279318052,0.3088475965646588
food/butternut squash/n07717556_3396.jpg,-1.4419690323374563,0.4070002973314502
food/butternut squash/n07717556_3438.jpg,-1.4503575266873183,0.3205505142756673
food/butternut squash/n07717556_3502.jpg,-0.8057705656878765,0.2230218160735932
food/butternut squash/n07717556_3538.jpg,-1.789025605397848,0.2589094754043208
food/butternut squash/n07717556_361.jpg,-1.164052636815485,0.3855341412154004
food/butternut squash/n07717556_3650.jpg,-1.7150273780777354,0.2635091161643143
food/butternut squash/n07717556_3656.jpg,-1.6392504778580366,0.3672699075913512
food/butternut squash/n07717556_3902.jpg,-1.0619140578192725,0.3511788115059785
food/butternut squash/n07717556_3949.jpg,-1.469428070004826,0.2036120269159967
food/butternut squash/n07717556_4146.jpg,-0.7746502814098216,0.3665975072914448
food/butternut squash/n07717556_4167.jpg,-1.926480991059318,0.2488362963378385
food/butternut squash/n07717556_4175.jpg,-1.2148241507498077,0.2403508443829365
food/butternut squash/n07717556_4185.jpg,-1.268279777780896,0.2481414072863003
food/butternut squash/n07717556_4197.jpg,-1.3515030210394166,0.3161031396175232
food/butternut squash/n07717556_4254.jpg,-2.0075351399311803,0.2755651086666386
food/butternut squash/n07717556_427.jpg,-1.1758952492494317,0.2484650059767554
food/butternut squash/n07717556_4272.jpg,-1.1960333419481703,0.2467696307057114
food/butternut squash/n07717556_431.jpg,-1.081573592794447,0.3767570508751247
food/butternut squash/n07717556_4346.jpg,-1.3328563426779485,0.256155303030303
food/butternut squash/n07717556_442.jpg,-1.0360918808511006,0.3567217765169984
food/butternut squash/n07717556_443.jpg,-1.2283964692400986,0.2988624539744043
food/butternut squash/n07717556_4501.jpg,-1.7018597447547357,0.3550239710088609
food/butternut squash/n07717556_4558.jpg,-1.117481979729242,0.384460028532632
food/butternut squash/n07717556_4579.jpg,-1.050197613651776,0.1732002211187285
food/butternut squash/n07717556_4615.jpg,-1.4289924790980657,0.3238492930623322
food/butternut squash/n07717556_4620.jpg,-0.9791740557084184,0.2829905294338521
food/butternut squash/n07717556_4814.jpg,-1.21238734449691,0.3106389787540439
food/butternut squash/n07717556_4838.jpg,-1.3877379643128245,0.2910581810996748
food/butternut squash/n07717556_4888.jpg,-1.5068997144148943,0.3135925493191929
food/butternut squash/n07717556_5341.jpg,-1.532638340448256,0.2985244454154036
food/butternut squash/n07717556_5351.jpg,-1.3563014227876329,0.2693889585759192
food/butternut squash/n07717556_5459.jpg,-1.319490238188706,0.3399865816839987
food/butternut squash/n07717556_5489.jpg,-1.4966227175678806,0.3092726386241744
food/butternut squash/n07717556_5513.jpg,-1.1465861892120386,0.1978677896970802
food/butternut squash/n07717556_5541.jpg,-1.1228386544000988,0.3074740306541604
food/butternut squash/n07717556_5574.jpg,-1.2424898028675937,0.3556829315575209
food/butternut squash/n07717556_5591.jpg,-1.6328055260019123,0.3033131662345145
food/butternut squash/n07717556_5720.jpg,-1.4854808653282163,0.3520693058449391
food/butternut squash/n07717556_5738.jpg,-1.59552444137004,0.2269527356659497
food/butternut squash/n07717556_580.jpg,-1.3785044086930307,0.2803050765883676
food/butternut squash/n07717556_5805.jpg,-1.4580970379934806,0.3503944740891087
food/butternut squash/n07717556_5832.jpg,-1.4539404583174946,0.3288768066999863
food/butternut squash/n07717556_60.jpg,-1.194025113652206,0.3697362802708363
food/butternut squash/n07717556_6558.jpg,-0.9762009735565594,0.3706942408241109
food/butternut squash/n07717556_6559.jpg,-1.218341803045503,0.0661685932904541
food/butternut squash/n07717556_6673.jpg,-1.1479890632427932,0.2480985504924408
food/butternut squash/n07717556_692.jpg,-1.5282271377634318,-0.0265922274024658
food/butternut squash/n07717556_6983.jpg,-1.0810515370735927,0.352668539984707
food/butternut squash/n07717556_7064.jpg,-1.4809003253691917,0.279899906017747
food/butternut squash/n07717556_7101.jpg,-1.0280650244043823,0.3080338367217748
food/butternut squash/n07717556_7129.jpg,-1.1043770436392328,0.2521472023731973
food/butternut squash/n07717556_744.jpg,-1.1598787737190923,0.3065084644789753
food/butternut squash/n07717556_757.jpg,-0.9686457196124808,0.3231597559615783
food/butternut squash/n07717556_762.jpg,-0.9753034304329482,0.2225821963584201
food/butternut squash/n07717556_81.jpg,-1.3970591793285625,0.1741191518861891
food/butternut squash/n07717556_834.jpg,-1.6186247349139775,0.2954786400983061
food/butternut squash/n07717556_886.jpg,-1.235269073842889,0.3769712115450149
food/butternut squash/n07717556_898.jpg,-1.045288285430224,0.3024699411870973
food/butternut squash/n07717556_941.jpg,-1.2107488795425312,0.356343352387977
food/butternut squash/n07717556_957.jpg,-0.8798561033705212,0.3839668108030009
food/cake/000000001522.jpg,-1.6339513473050793,0.2091753589117385
food/cake/000000031812.jpg,-1.390208341013382,0.1664013890898568
food/cake/000000036544.jpg,-1.453775031055575,0.2606547562027014
food/cake/000000038701.jpg,-1.1787628144788749,0.2673473618741578
food/cake/000000039516.jpg,-1.5625881948267122,0.2304391300724939
food/cake/000000045558.jpg,-1.0280806449722162,0.3257088081008154
food/cake/000000054082.jpg,-1.4306942812644892,0.1993786702706582
food/cake/000000077467.jpg,-1.2961473286908978,0.2722289542118807
food/cake/000000079423.jpg,-1.0576364354057666,0.0965905266571619
food/cake/000000121677.jpg,-1.6993917456747882,0.1989316889506429
food/cake/000000125755.jpg,-1.3743673748326497,0.1224844956334641
food/cake/000000125979.jpg,-1.447367109838624,0.2471222178236087
food/cake/000000129843.jpg,-1.3439175567872972,0.310854071244134
food/cake/000000132161.jpg,-1.1152571069577777,0.151534727602509
food/cake/000000134238.jpg,-1.1520418381377275,0.2319193147838426
food/cake/000000147762.jpg,-1.5651210168116796,0.3134900653238976
food/cake/000000169660.jpg,-1.5092683108608649,0.1945015253881714
food/cake/000000178022.jpg,-1.342545145461538,0.1982476505478079
food/cake/000000199131.jpg,-1.5781131809159814,0.3437432569256561
food/cake/000000208825.jpg,-1.3027161946502064,0.0528937439225554
food/cake/000000216726.jpg,-1.1605976496086634,0.1492991990504428
food/cake/000000225360.jpg,-1.1132385963425369,0.1941797850864784
food/cake/000000235652.jpg,-1.3030807057395952,0.1035966147483861
food/cake/000000244635.jpg,-1.5650737734049394,0.1741371414837886
food/cake/000000271214.jpg,-1.27573073228643,0.3807930411361745
food/cake/000000273658.jpg,-1.2339626635578491,0.2936828897911708
food/cake/000000277375.jpg,-1.6652954582595432,0.3218915434256073
food/cake/000000306047.jpg,-1.0909624389317805,0.1689656359886588
food/cake/000000310749.jpg,-1.646527596983102,0.2865618033192965
food/cake/000000318044.jpg,-1.389789535476177,0.2481993487242759
food/cake/000000321173.jpg,-1.204328836761677,0.202900816969258
food/cake/000000324616.jpg,-1.4106770304173577,0.1675290090475574
food/cake/000000340642.jpg,-1.2219832355180538,0.2495426075105713
food/cake/000000362824.jpg,-1.6104381896244748,0.3447394488912026
food/cake/000000385931.jpg,-1.1884374319994495,0.1367577144730702
food/cake/000000389608.jpg,-1.500135874213184,0.316671524336928
food/cake/000000390463.jpg,-1.337091368178121,0.293848953202302
food/cake/000000390954.jpg,-1.5056629893609808,0.2165647801222638
food/cake/000000390991.jpg,-1.519146285114512,0.1904482138533053
food/cake/000000399382.jpg,-1.0979786231519413,0.3124028819492994
food/cake/000000418611.jpg,-1.5357790383961851,0.2839441872754711
food/cake/000000424572.jpg,-1.7217149258039062,0.2606378989828822
food/cake/000000441182.jpg,-0.9942799439347424,0.0716404225521411
food/cake/000000471842.jpg,-1.3631872203725277,0.2131670748905218
food/cake/000000487289.jpg,-1.4699784661838964,0.1575032005812947
food/cake/000000511343.jpg,-1.3497798202841809,0.1665693390061455
food/cake/000000525443.jpg,-1.378532579130787,0.2429022166727085
food/cake/000000535369.jpg,-1.061030162539805,0.3594026552225909
food/cake/000000564951.jpg,-1.262291186431789,0.3632513871571846
food/cake/n07594066_11707.jpg,-0.9405961245255504,0.1855750487329434
food/cake/n07594066_15.jpg,-1.2343762387680608,0.2370084325634036
food/cake/n07594066_2393.jpg,-1.3052187806125592,0.2454837075806179
food/cake/n07594066_2861.jpg,-0.9075960105111216,0.2390311301601625
food/cake/n07594066_3110.jpg,-1.2572853509083015,0.2241293328973185
food/cake/n07594066_4094.jpg,-1.9201129043562304,0.3496908408831422
food/cake/n07594066_4626.jpg,-1.0350378222030097,0.1482768899913765
food/cake/n07594066_4726.jpg,-1.7861054952551645,0.2894213228370034
food/cake/n07594066_9762.jpg,-1.3229688557710506,0.2034165181224005
food/cake/n07594066_9764.jpg,-1.0992188381059376,0.2946096121899524
food/cake/n07801508_10895.jpg,-0.945304172814207,0.2894713171750998
food/cake/n07801508_11409.jpg,-0.9920766114720438,0.2414863684874357
food/cake/n07801508_12087.jpg,-1.215376897951736,0.1491895818514762
food/cake/n07801508_12118.jpg,-1.0825543044901051,0.2556068708475125
food/cake/n07801508_12576.jpg,-1.1421817306546274,0.3086844987605925
food/cake/n07801508_12917.jpg,-1.0576980777161766,0.2175254589712864
food/cake/n07801508_13723.jpg,-1.093978905296498,0.3247399622604645
food/cake/n07801508_15309.jpg,-1.370747867045455,0.210649558224403
food/cake/n07801508_15792.jpg,-1.3755928987106243,0.2228577304217061
food/cake/n07801508_1708.jpg,-1.232008815993889,0.2688919017281165
food/cake/n07801508_1807.jpg,-1.472232078722206,0.1589330982034608
food/cake/n07801508_1874.jpg,-0.9904867338221852,0.2299060325790684
food/cake/n07801508_2105.jpg,-1.6633178568915827,0.2751017464324352
food/cake/n07801508_3335.jpg,-1.2328369274421107,0.2680807863885283
food/cake/n07801508_371.jpg,-1.2835013978541951,0.1084636494315459
food/cake/n07801508_4116.jpg,-1.1000999762801027,0.2664771268775718
food/cake/n07801508_4232.jpg,-1.1940400840048833,0.2392289725029486
food/cake/n07801508_4242.jpg,-1.1489095051492135,0.2891686559523991
food/cake/n07801508_4379.jpg,-1.0610492910660367,0.3564205541710568
food/cake/n07801508_6862.jpg,-1.8604028662237613,0.1604563869885824
food/cake/n07801508_7358.jpg,-1.10011982997563,0.2965549194162227
food/cake/n07801508_7575.jpg,-0.9534552644389596,0.3243174054271829
food/cake/n07801508_7989.jpg,-1.3410280827373642,0.2713887452920759
food/cake/n07801508_8696.jpg,-0.8241206768277298,0.3816484880203315
food/cake/n07801508_890.jpg,-0.9728063278584266,0.2521891244000777
food/cake/n07801508_897.jpg,-1.1805424802373008,0.1706058827633474
food/cake/n07801508_9312.jpg,-1.9502506672004687,0.2233852900012239
food/cake/n07801508_9626.jpg,-0.7981968008714448,0.1884841824589447
food/champagne/n07893642_10890.jpg,-1.4715768599675083,0.2031005905553181
food/champagne/n07893642_11246.jpg,-1.1132992511539468,0.1450245909245568
food/champagne/n07893642_1155.jpg,-1.3452250955304974,0.2909389559192449
food/champagne/n07893642_11849.jpg,-1.5070551046719396,0.3661995898838003
food/champagne/n07893642_12150.jpg,-1.6014374287740751,0.2218885679857697
food/champagne/n07893642_12155.jpg,-1.5963981174542212,0.2339860750395745
food/champagne/n07893642_15353.jpg,-1.098831035735016,0.3492629786234437
food/champagne/n07893642_15617.jpg,-1.0254619931562536,0.3235428930930661
food/champagne/n07893642_16335.jpg,-1.7244096111874128,0.3625091926294013
food/champagne/n07893642_16592.jpg,-1.2783950273650844,0.3445082524837126
food/champagne/n07893642_16798.jpg,-1.4841419145010049,0.2831310220359212
food/champagne/n07893642_16937.jpg,-1.4633337986473325,0.3398841857128216
food/champagne/n07893642_17899.jpg,-1.35729246496775,0.111693387218546
food/champagne/n07893642_17982.jpg,-1.368975374832271,0.2855210118432281
food/champagne/n07893642_18209.jpg,-1.3211388553778498,0.3116862856332435
food/champagne/n07893642_18392.jpg,-1.5874538447696458,0.1542910016192459
food/champagne/n07893642_21663.jpg,-1.0138054567459929,0.1675717686234212
food/champagne/n07893642_22875.jpg,-0.9560503107492604,0.3205167350677575
food/champagne/n07893642_22957.jpg,-1.6594303338789802,0.220850274345715
food/champagne/n07893642_24480.jpg,-1.3051864009120306,0.2485252897125884
food/champagne/n07893642_24926.jpg,-1.4336836174791932,0.0756587529350378
food/champagne/n07893642_25055.jpg,-1.6090194715642625,0.3653035063132235
food/champagne/n07893642_25256.jpg,-1.3359738382999289,0.3582768559632312
food/champagne/n07893642_25414.jpg,-1.349478407634459,0.3822264343515346
food/champagne/n07893642_25693.jpg,-1.1646035777063448,0.1268174750561754
food/champagne/n07893642_26236.jpg,-1.3152933362053514,0.3330404914862332
food/champagne/n07893642_27263.jpg,-1.357013458230966,0.3884996840572543
food/champagne/n07893642_27662.jpg,-1.0361390302353686,0.3575763418150269
food/champagne/n07893642_27690.jpg,-1.2876114587207343,0.2817900267207812
food/champagne/n07893642_27773.jpg,-1.8137223035507029,0.2517408550022036
food/champagne/n07893642_28192.jpg,-1.6138514085961486,0.229959197963938
food/champagne/n07893642_28634.jpg,-0.9080170658998834,0.1846113235808691
food/champagne/n07893642_28638.jpg,-1.763781179389449,0.1853080796631012
food/champagne/n07893642_32906.jpg,-1.3948045984168995,0.2830564413067483
food/champagne/n07893642_3353.jpg,-1.2590073650212714,0.3089918836126716
food/champagne/n07893642_3609.jpg,-1.434678881428718,0.1798562271299924
food/champagne/n07893642_3799.jpg,-1.6868464742684992,0.365466579752294
food/champagne/n07893642_5591.jpg,-1.4798255806669092,0.1959152864796942
food/champagne/n07893642_6278.jpg,-1.7911964843044674,-0.0170093431603275
food/champagne/n07893642_7275.jpg,-1.519814905222638,0.2517385795394093
food/champagne/n07893642_7459.jpg,-1.325788457289483,0.2768936697645015
food/champagne/n07893642_8452.jpg,-1.3860075294930545,0.2106140320600374
food/champagne/n07893642_8763.jpg,-1.2512186715572626,0.2874151250904758
food/cheese/n07850329_10070.jpg,-1.3165610472145597,0.2855644493513662
food/cheese/n07850329_10790.jpg,-1.1895227930146846,0.3218846964839798
food/cheese/n07850329_13013.jpg,-1.710384692865432,0.2300961571198583
food/cheese/n07850329_13492.jpg,-1.4881552495210402,0.3228528070020744
food/cheese/n07850329_14077.jpg,-1.387404633396228,0.2153372012347789
food/cheese/n07850329_16941.jpg,-1.4320825596407187,0.31567553058021
food/cheese/n07850329_17467.jpg,-0.943203646914516,0.2242794402511522
food/cheese/n07850329_18623.jpg,-1.0710037930078051,0.2912023123799984
food/cheese/n07850329_18900.jpg,-1.700233119985432,0.3602637857604744
food/cheese/n07850329_19678.jpg,-1.4830409909028288,0.1413459803593061
food/cheese/n07850329_20654.jpg,-1.3421134282122589,0.2633313516168222
food/cheese/n07850329_21202.jpg,-1.58270179210537,0.3329417869341347
food/cheese/n07850329_21273.jpg,-1.60520709994181,0.3096472836917788
food/cheese/n07850329_21483.jpg,-1.2328271966127564,0.3181068226573576
food/cheese/n07850329_21744.jpg,-1.307299582907053,0.3643048575196446
food/cheese/n07850329_21747.jpg,-1.2564046788239736,0.2275938495636515
food/cheese/n07850329_22018.jpg,-1.8113674943873728,0.2207097715119105
food/cheese/n07850329_22044.jpg,-1.549984280540972,0.295684936737863
food/cheese/n07850329_22149.jpg,-1.8259852996776933,0.2990203761755486
food/cheese/n07850329_22394.jpg,-1.2009923047785176,0.2782500145718782
food/cheese/n07850329_22578.jpg,-1.2259362643814458,0.3143116822726216
food/cheese/n07850329_22927.jpg,-1.111072298598327,0.0504001812141347
food/cheese/n07850329_24.jpg,-1.2601321911086902,0.3797194964441323
food/cheese/n07850329_2424.jpg,-1.170895389107102,0.380962760379182
food/cheese/n07850329_28366.jpg,-1.3966859685868085,-0.1215645980267949
food/cheese/n07850329_2840.jpg,-1.649774034852305,0.3639672830960824
food/cheese/n07850329_28834.jpg,-1.7246913927300551,0.3314965602418729
food/cheese/n07850329_29719.jpg,-1.022561950315071,0.3869769136581831
food/cheese/n07850329_30046.jpg,-1.230098520913539,0.3497042471630576
food/cheese/n07850329_30850.jpg,-1.1242054691351506,0.2350435891579107
food/cheese/n07850329_32381.jpg,-1.432743665249954,0.3317345490425762
food/cheese/n07850329_33683.jpg,-1.3141106429598817,0.0578097712284848
food/cheese/n07850329_5631.jpg,-1.7460016004347891,0.3613494807786396
food/cheese/n07850329_5861.jpg,-1.457448896494809,0.380770271649194
food/cheese/n07850329_8115.jpg,-1.7087327889027435,0.2061578223550054
food/cheese/n07850329_9140.jpg,-0.8563422054397911,0.3330177311069031
food/cheese/n07850329_9212.jpg,-0.9374939071910622,0.1925613986470771
food/cheese/n07850329_9287.jpg,-1.273913041218928,0.3845543076513861
food/cheese/n07850329_9941.jpg,-0.8871268807090886,0.2008306293584241
food/cocktail/n07911677_10420.jpg,-1.4664601257182464,0.0863321144874542
food/cocktail/n07911677_1166.jpg,-1.659725049915333,0.3439604683275752
food/cocktail/n07911677_12001.jpg,-1.7632024205640853,0.3060713594425447
food/cocktail/n07911677_1207.jpg,-1.4521052263605896,0.27810844755092
food/cocktail/n07911677_12613.jpg,-1.2911950112676076,0.3949647343222439
food/cocktail/n07911677_13003.jpg,-1.512861537224754,0.2768667862181591
food/cocktail/n07911677_1312.jpg,-1.1410727198844282,0.1631165602576416
food/cocktail/n07911677_1327.jpg,-1.013119764964392,0.3045298161321879
food/cocktail/n07911677_1332.jpg,-1.484639743015732,0.2355391864674769
food/cocktail/n07911677_135.jpg,-1.5522763697725497,0.3184816460226064
food/cocktail/n07911677_1377.jpg,-1.170019314594755,0.3216227257015365
food/cocktail/n07911677_1384.jpg,-1.4718854918957311,0.3488851542140966
food/cocktail/n07911677_14638.jpg,-1.4447948239780777,0.2633158490950967
food/cocktail/n07911677_15320.jpg,-1.2437993388714927,0.3058826069434048
food/cocktail/n07911677_1541.jpg,-1.1299287287960962,0.3268684151927032
food/cocktail/n07911677_1788.jpg,-1.51251777293504,0.2900046001182887
food/cocktail/n07911677_18968.jpg,-1.661098815318528,0.1179898689617418
food/cocktail/n07911677_193.jpg,-1.2898612848309512,0.3228366452923623
food/cocktail/n07911677_1988.jpg,-1.6667652307659515,0.3153892773892773
food/cocktail/n07911677_1996.jpg,-1.023478664893308,0.3153194718470178
food/cocktail/n07911677_20226.jpg,-1.3967847332140912,0.2732091857698687
food/cocktail/n07911677_2270.jpg,-1.7020249694026532,0.1844863636363636
food/cocktail/n07911677_232.jpg,-1.4646232118915885,0.350815649137158
food/cocktail/n07911677_2324.jpg,-1.7519584112204354,0.2999820692128384
food/cocktail/n07911677_2833.jpg,-1.2542028368661742,0.1916629326023353
food/cocktail/n07911677_2899.jpg,-1.2435551391230482,0.3104301805600506
food/cocktail/n07911677_291.jpg,-1.391423976409322,0.2980503076235027
food/cocktail/n07911677_339.jpg,-1.6465312886905534,0.3203466059006956
food/cocktail/n07911677_340.jpg,-1.3814587817566768,0.2994515397370274
food/cocktail/n07911677_3501.jpg,-1.1193817146253917,0.2058368058031848
food/cocktail/n07911677_352.jpg,-0.9233969830163842,0.3622624622667802
food/cocktail/n07911677_3536.jpg,-1.3276936646014896,0.212461695607763
food/cocktail/n07911677_3628.jpg,-1.810451499900969,0.2148170959010681
food/cocktail/n07911677_374.jpg,-0.948024634748825,0.3465353556366662
food/cocktail/n07911677_3769.jpg,-1.174243335282215,0.2770699948866787
food/cocktail/n07911677_3818.jpg,-0.9924755097401676,0.2831793044805948
food/cocktail/n07911677_3876.jpg,-1.682734653411055,0.2937993915156618
food/cocktail/n07911677_4002.jpg,-0.748121713110707,0.374993965142664
food/cocktail/n07911677_4325.jpg,-1.0805325072176326,0.2681792192941422
food/cocktail/n07911677_4338.jpg,-1.2947821961933834,0.2234260007129416
food/cocktail/n07911677_440.jpg,-1.961433068650194,0.2995230162304715
food/cocktail/n07911677_4422.jpg,-1.4169571656229163,0.3709439071566731
food/cocktail/n07911677_4761.jpg,-1.6838737643225108,0.3152311730053795
food/cocktail/n07911677_4769.jpg,-1.3674552843615964,0.1575093117712018
food/cocktail/n07911677_4843.jpg,-1.5237345584695157,0.1895487541799992
food/cocktail/n07911677_512.jpg,-1.2852921248778002,0.2233027389277389
food/cocktail/n07911677_539.jpg,-1.7818956434875222,0.2679130445627907
food/cocktail/n07911677_5425.jpg,-0.837731529476315,0.3451444502923144
food/cocktail/n07911677_5488.jpg,-1.5225708147227972,0.3087740146563676
food/cocktail/n07911677_556.jpg,-1.1407379542678728,0.2191726449488415
food/cocktail/n07911677_565.jpg,-1.3227924290884077,0.3207613162726981
food/cocktail/n07911677_573.jpg,-1.5883482420859047,0.2019807008633824
food/cocktail/n07911677_6036.jpg,-1.7225060639697556,0.2465943329252682
food/cocktail/n07911677_641.jpg,-1.4316868418734685,0.2528027068209338
food/cocktail/n07911677_655.jpg,-1.6586365105166303,0.3039611376544421
food/cocktail/n07911677_667.jpg,-1.2599347010902229,0.2081018296771721
food/cocktail/n07911677_683.jpg,-1.3436516658948332,0.3263929300600668
food/cocktail/n07911677_742.jpg,-1.542754137709192,0.2681611472081845
food/cocktail/n07911677_7695.jpg,-1.892365651539739,0.084588590805287
food/cocktail/n07911677_771.jpg,-1.399010590725053,0.32275812102722
food/cocktail/n07911677_777.jpg,-1.1021206276680504,0.3487584947407238
food/cocktail/n07911677_782.jpg,-1.4961044010105913,0.3222342974611446
food/cocktail/n07911677_964.jpg,-1.0921732471091683,0.1373295799525307
food/cocktail/n07911677_977.jpg,-0.818522934000668,0.3220334013311943
food/coffee/n07929519_31135.jpg,-1.2654740703467968,0.3203848003848005
food/coffee/n07929519_31174.jpg,-1.526140529065751,0.2937482650023452
food/coffee/n07929519_31336.jpg,-1.2072318595134195,0.3456863636363636
food/coffee/n07929519_31339.jpg,-1.3148398256534333,0.2631111614902138
food/coffee/n07929519_31431.jpg,-1.4279351013495194,0.2010106097373164
food/coffee/n07929519_31462.jpg,-1.811711538099344,0.3600004001060281
food/coffee/n07929519_31477.jpg,-1.145659767216493,0.3306865074402901
food/coffee/n07929519_31504.jpg,-1.4460077156488045,0.1910391574227796
food/coffee/n07929519_31690.jpg,-1.7732686099895811,0.164684637068358
food/coffee/n07929519_31724.jpg,-1.4249768316323377,0.2334160463192721
food/coffee/n07929519_31858.jpg,-1.26669666981852,0.3641346989842442
food/coffee/n07929519_32188.jpg,-1.6432813334786156,0.1767153679653679
food/coffee/n07929519_32403.jpg,-1.446635943568732,0.1631804494954739
food/coffee/n07929519_32411.jpg,-1.5420945544573503,0.2179507686839064
food/coffee/n07929519_32468.jpg,-1.6099739025193462,0.315796711112797
food/coffee/n07929519_32498.jpg,-1.7547682253344448,0.3056193046325436
food/coffee/n07929519_32511.jpg,-0.9421901345381698,0.226570834971082
food/coffee/n07929519_32758.jpg,-2.002697191652325,0.3173506543765831
food/coffee/n07929519_32767.jpg,-1.6431043599972444,0.2407689052291903
food/coffee/n07929519_33050.jpg,-1.621605952775823,0.2850300402527442
food/coffee/n07929519_33136.jpg,-1.3272039805976574,0.177866748901073
food/coffee/n07929519_33208.jpg,-1.2569170140591148,0.1976452422312294
food/coffee/n07929519_33253.jpg,-1.974490979335512,0.1454623421175737
food/coffee/n07929519_33340.jpg,-1.1074310980869366,0.2993916291247931
food/coffee/n07929519_33562.jpg,-1.7977381939069303,0.243785312250165
food/coffee/n07929519_33773.jpg,-1.5768919162419386,0.218310093355821
food/coffee/n07929519_33781.jpg,-0.5619670773142261,0.2287873375794996
food/coffee/n07929519_33842.jpg,-1.5264380050695543,0.2495441188427006
food/coffee/n07929519_33855.jpg,-1.4729559064537083,0.1506110461016266
food/coffee/n07929519_33894.jpg,-1.7266215523836344,0.2599415509863271
food/coffee/n07929519_33953.jpg,-1.3158540244773245,0.1903400430481011
food/coffee/n07929519_34091.jpg,-1.176207581044256,0.3288633279237726
food/coffee/n07929519_34165.jpg,-1.3312859437877895,0.3158777954460872
food/coffee/n07929519_34214.jpg,-1.5699156618136485,0.2646413375327971
food/coffee/n07929519_34264.jpg,-1.7178899554260176,0.19105246349435
food/coffee/n07929519_34325.jpg,-1.326534816217283,0.1440309060887838
food/coffee/n07929519_34352.jpg,-1.2615829360061444,0.3248007700984301
food/coffee/n07929519_34383.jpg,-1.7159365345525512,0.2829986545149907
food/coffee/n07929519_34515.jpg,-1.9240481607088036,0.3716563060825355
food/coffee/n07929519_34585.jpg,-1.154985448271849,0.3894985326017608
food/coffee/n07929519_34679.jpg,-1.0410814962676225,0.3685282667776608
food/coffee/n07929519_34761.jpg,-1.7247436509154634,0.265811394487865
food/coffee/n07929519_34765.jpg,-1.4790616243399806,0.3301182935916542
food/coffee/n07929519_34792.jpg,-1.3706690457427988,0.3725977205169371
food/coffee/n07929519_34846.jpg,-1.2761736291907593,0.058225984541774
food/coffee/n07929519_35111.jpg,-1.7167902698406208,0.217789543179094
food/coffee/n07929519_35218.jpg,-1.5625081076958816,0.2701492107385643
food/coffee/n07929519_35662.jpg,-1.1167336341057774,0.2691083448219933
food/coffee/n07929519_35665.jpg,-1.6851839524520091,0.3874792054017027
food/coffee/n07929519_35912.jpg,-1.3703518233669647,0.2019460802355539
food/coffee/n07929519_36240.jpg,-1.6741496888423313,0.4135571953514773
food/coffee/n07929519_36740.jpg,-0.9613064142893092,0.1325513196480938
food/coffee/n07929519_36895.jpg,-1.6620293173511294,0.0811347981159301
food/coffee/n07929519_38128.jpg,-1.5690804812713544,0.3046897856488074
food/coffee/n07929519_38689.jpg,-1.2568872246591898,0.226803793559367
food/coffee/n07929519_38696.jpg,-1.555241274993366,0.3924302250630106
food/coffee/n07929519_38859.jpg,-1.6948107476470768,0.3572767799486067
food/coffee/n07929519_38881.jpg,-1.2076216729134872,0.3024459669965851
food/coffee/n07929519_38887.jpg,-1.138360142081596,0.3133037810144602
food/coffee/n07929519_38930.jpg,-1.1497581745849983,0.1102024541874166
food/coffee/n07929519_39003.jpg,-1.3395722834682011,-0.0022884887786265
food/donut/000000000438.jpg,-1.0762727601510491,0.1957988498091702
food/donut/000000039726.jpg,-1.5220529389535422,0.2786024062906273
food/donut/000000096046.jpg,-1.4480230147752444,0.2815435006277078
food/donut/000000097778.jpg,-0.8512570894578457,0.15404623064983
food/donut/000000099997.jpg,-1.1320975244398956,0.2090112295735078
food/donut/000000136929.jpg,-1.4651034332282775,0.1054523391463425
food/donut/000000145935.jpg,-1.048388462991802,0.2996128403271015
food/donut/000000146601.jpg,-0.9470998368802906,0.1599461739512978
food/donut/000000166124.jpg,-1.068502261676843,0.308922510648725
food/donut/000000166766.jpg,-1.2305834820159056,0.0792036493062385
food/donut/000000168741.jpg,-1.2864033259333083,0.1930322237489473
food/donut/000000173150.jpg,-1.3500804396386223,0.2615020401172073
food/donut/000000177148.jpg,-1.3096699134152987,0.200774515016001
food/donut/000000177355.jpg,-1.500196645316053,0.3598646155948261
food/donut/000000184470.jpg,-1.3625339133743333,0.1445877134040513
food/donut/000000192457.jpg,-1.6483956888595903,0.2539062910646768
food/donut/000000224306.jpg,-1.408786936424378,0.2350400509880481
food/donut/000000228133.jpg,-1.271093296590013,0.2780514285103061
food/donut/000000230091.jpg,-1.5387291683058166,0.1889016300640122
food/donut/000000244846.jpg,-1.0992982215839724,0.1425995217930155
food/donut/000000245540.jpg,-1.7276956140745363,0.2635715791034758
food/donut/000000259150.jpg,-1.7292435321865498,0.175619017482794
food/donut/000000263699.jpg,-1.294706104635768,0.3277306397306396
food/donut/000000294264.jpg,-1.4410467762335508,0.1115596036284756
food/donut/000000332724.jpg,-1.2653480620922606,0.1270931695938309
food/donut/000000341209.jpg,-1.5313898077485169,0.1651983484107755
food/donut/000000343201.jpg,-1.15258989475783,0.1843634084328947
food/donut/000000343254.jpg,-1.4147420266425328,0.292425780749889
food/donut/000000364364.jpg,-1.124560886942811,0.2077733704339588
food/donut/000000367571.jpg,-1.1259680496413451,0.2022008606845471
food/donut/000000375205.jpg,-0.7175964252604482,0.3622034239971244
food/donut/000000394550.jpg,-1.2657477562696495,0.2839158924448814
food/donut/000000399516.jpg,-1.3461003418570794,0.2217856572432519
food/donut/000000399981.jpg,-1.8109536148063583,0.2237317855589387
food/donut/000000402658.jpg,-1.3391649976266136,0.2478176617716252
food/donut/000000411182.jpg,-1.0674633026393094,0.1491870107726885
food/donut/000000439537.jpg,-1.34127870409851,0.3680191032898625
food/donut/000000443093.jpg,-1.5625222217051813,0.2052228695298739
food/donut/000000445557.jpg,-0.9439682669563836,0.3164701878849478
food/donut/000000446303.jpg,-1.3404109499794037,0.3509943140895865
food/donut/000000450856.jpg,-1.4494032180647654,0.2969295855397245
food/donut/000000458388.jpg,-1.872728771102066,0.2333179672224959
food/donut/000000463970.jpg,-1.3881097273641023,0.241391381009179
food/donut/000000497484.jpg,-1.7749654947454232,0.3780488852122089
food/donut/000000498649.jpg,-1.2795814560491692,0.052865905587357
food/donut/000000503227.jpg,-1.036112563509567,0.211393586823956
food/donut/000000515355.jpg,-1.368895876872002,0.3055803904038146
food/donut/000000533750.jpg,-1.3606960196577609,0.263564372462737
food/donut/000000549117.jpg,-1.217032942419859,-0.0598056472956629
food/donut/000000554340.jpg,-0.9591733570906844,0.1750855465065878
food/donut/000000557137.jpg,-1.5977302755871914,0.3824462840049386
food/donut/000000566432.jpg,-1.2299943174988457,0.0664717109461844
food/donut/000000567982.jpg,-1.1292484398944755,0.2088447147436288
food/donut/000000571990.jpg,-1.1642419943381932,0.154026392881724
food/gravy/n07838073_10358.jpg,-1.6653988408715337,0.2073501737116387
food/gravy/n07838073_10386.jpg,-1.5434352371106632,0.2951800237472435
food/gravy/n07838073_10391.jpg,-1.2322293607781294,0.14069496336907
food/gravy/n07838073_10593.jpg,-1.1578901887176605,0.2903065502997173
food/gravy/n07838073_10733.jpg,-1.3619529592523525,0.1313465120471069
food/gravy/n07838073_10775.jpg,-0.8444186595460995,0.2934638714903875
food/gravy/n07838073_10846.jpg,-1.1935623058518496,0.0728071195023221
food/gravy/n07838073_11107.jpg,-1.5130981317727883,0.2546024542768981
food/gravy/n07838073_11152.jpg,-1.0573178887351955,0.1310588477165874
food/gravy/n07838073_11273.jpg,-1.094698160882838,0.2677170938459484
food/gravy/n07838073_11347.jpg,-1.537209828454157,0.2706859519629067
food/gravy/n07838073_11360.jpg,-1.5889524595307654,0.1813447850271357
food/gravy/n07838073_11455.jpg,-1.3299550196941867,0.1746139487527575
food/gravy/n07838073_11563.jpg,-1.6669800255322846,0.1793052295974848
food/gravy/n07838073_11807.jpg,-1.5197221772805851,0.2665281701844773
food/gravy/n07838073_12046.jpg,-1.3310143518727078,0.3281028204653459
food/gravy/n07838073_12426.jpg,-1.2447587943712546,0.2257297054851621
food/gravy/n07838073_12587.jpg,-1.3322407221438066,0.2388959289509834
food/gravy/n07838073_13124.jpg,-0.7630244306096079,0.2918731295687582
food/gravy/n07838073_13455.jpg,-1.6039187642839587,0.2041399679615538
food/gravy/n07838073_13511.jpg,-1.243658323952605,0.1067278739841859
food/gravy/n07838073_13543.jpg,-0.8187408862646902,0.2667267128373033
food/gravy/n07838073_14012.jpg,-1.2876601815945523,0.1854305596525927
food/gravy/n07838073_14364.jpg,-1.0361421493606715,0.3288853479272861
food/gravy/n07838073_14985.jpg,-1.4601768247409128,0.2167583306373342
food/gravy/n07838073_15091.jpg,-1.358035984790393,0.2749249779346867
food/gravy/n07838073_15093.jpg,-1.215636775931222,0.111145240053727
food/gravy/n07838073_15366.jpg,-0.8625316277265467,0.3080627268177793
food/gravy/n07838073_15408.jpg,-1.4337072718091106,0.3184745611336595
food/gravy/n07838073_15549.jpg,-1.317650849292134,0.2358169103623649
food/gravy/n07838073_15555.jpg,-1.1172959328320573,0.1742030819201571
food/gravy/n07838073_15649.jpg,-0.8062155220158822,0.2367850638990508
food/gravy/n07838073_16035.jpg,-1.2554433146343915,0.2935155217649424
food/gravy/n07838073_16757.jpg,-1.642146818642523,0.268793380208451
food/gravy/n07838073_17336.jpg,-1.2735647446361862,0.2042911255411255
food/gravy/n07838073_18102.jpg,-0.892656163436845,0.2396540167644467
food/gravy/n07838073_18115.jpg,-1.284937407805784,0.2981454706106793
food/gravy/n07838073_19022.jpg,-1.0475658816898938,0.224869534258383
food/gravy/n07838073_19128.jpg,-1.3412544535117257,0.2883678093468304
food/gravy/n07838073_19280.jpg,-1.2095932522382455,0.282647001239966
food/gravy/n07838073_20268.jpg,-1.529682258149253,0.2719690930275342
food/gravy/n07838073_20318.jpg,-1.338356762847018,0.3094681837153961
food/gravy/n07838073_20510.jpg,-1.4594334182192474,0.1887377591931195
food/gravy/n07838073_20575.jpg,-1.231239010234105,0.144021820579684
food/gravy/n07838073_21589.jpg,-1.5689039974266703,0.2039265186276687
food/gravy/n07838073_21591.jpg,-1.2615939251916657,0.2611013529551388
food/gravy/n07838073_21675.jpg,-1.4688582408763526,0.2504827502318721
food/gravy/n07838073_21902.jpg,-1.3528399482677242,0.3561414683803525
food/gravy/n07838073_22187.jpg,-0.9090257031432692,0.2312461756527531
food/gravy/n07838073_22476.jpg,-1.1691093871405236,0.1923369801368949
food/gravy/n07838073_22701.jpg,-0.9820220346800482,0.3066936435676951
food/gravy/n07838073_5365.jpg,-1.328844120620051,-0.0433851239669421
food/gravy/n07838073_5867.jpg,-1.2817124464209233,0.0442189421894218
food/gravy/n07838073_5903.jpg,-1.4407198359371636,0.200227525533421
food/gravy/n07838073_5938.jpg,-1.2395945679940936,0.2277051824493326
food/gravy/n07838073_6036.jpg,-1.3610612644955826,0.2053695991402027
food/gravy/n07838073_6708.jpg,-0.8651877490654543,0.3186218486056412
food/gravy/n07838073_6853.jpg,-1.7919023393924969,0.1161422114967347
food/gravy/n07838073_6880.jpg,-0.8615172455170956,0.3291205940203772
food/gravy/n07838073_7085.jpg,-1.7936614086430898,0.1689595239498026
food/gravy/n07838073_7168.jpg,-1.317402623161405,0.2640505990824461
food/gravy/n07838073_7256.jpg,-1.3770546107633006,0.2033437145613649
food/gravy/n07838073_7422.jpg,-1.6269586826280935,0.1132910267106145
food/gravy/n07838073_7592.jpg,-1.2475816759273104,0.1967688466806233
food/gravy/n07838073_7693.jpg,-1.1088685446323103,0.2409364382927247
food/gravy/n07838073_7705.jpg,-1.6388673335936688,0.3416341155940855
food/gravy/n07838073_7879.jpg,-1.4554813465280312,0.1668510945393312
food/gravy/n07838073_7984.jpg,-1.03442084631034,0.0481740481740481
food/gravy/n07838073_8064.jpg,-1.396505870344365,0.1328654627956078
food/gravy/n07838073_8585.jpg,-1.06723355155016,0.2244319815181656
food/gravy/n07838073_8665.jpg,-1.3222895726682258,0.2551564005236679
food/gravy/n07838073_8810.jpg,-1.21928681454877,0.1580207792207792
food/gravy/n07838073_9924.jpg,-1.6596779046532526,0.2064687020772341
food/hotdog/000000010858.jpg,-1.0249396752220743,0.1108680867812756
food/hotdog/000000018781.jpg,-1.6134755653781032,0.3002213643314689
food/hotdog/000000027534.jpg,-1.4050901279702412,0.3729861727768616
food/hotdog/000000032964.jpg,-1.490530591152421,0.0851991654440766
food/hotdog/000000034523.jpg,-1.3860494465048796,0.2904587761189748
food/hotdog/000000051001.jpg,-1.6940806853289774,0.2523949169110459
food/hotdog/000000063290.jpg,-1.5120817283940744,0.1437632889073277
food/hotdog/000000071933.jpg,-1.7502901974551155,0.2601202404809619
food/hotdog/000000080690.jpg,-1.340258762253158,0.0929579650340808
food/hotdog/000000082449.jpg,-2.044395853770828,0.1431236916355693
food/hotdog/000000082464.jpg,-1.5181813179099897,0.1698611758319976
food/hotdog/000000083730.jpg,-1.3286093233958869,0.2644432369254744
food/hotdog/000000084235.jpg,-1.362248935456266,0.2122576280136636
food/hotdog/000000096884.jpg,-1.3575393171862469,0.1959006328516104
food/hotdog/000000112486.jpg,-1.6066763159487354,0.1446342711709798
food/hotdog/000000125458.jpg,-1.347112264245779,0.0935457657595352
food/hotdog/000000142127.jpg,-1.0992646721542314,0.2991661939724159
food/hotdog/000000146929.jpg,-1.531010283029578,0.241836602279453
food/hotdog/000000148343.jpg,-2.055744217072355,0.2762802520785892
food/hotdog/000000154912.jpg,-1.3586298929073812,0.242752194824294
food/hotdog/000000182496.jpg,-1.217446290682672,0.2756619165741212
food/hotdog/000000183893.jpg,-1.2703247347594837,0.2196841644897814
food/hotdog/000000185248.jpg,-1.6159459223933852,0.1839675882057856
food/hotdog/000000185614.jpg,-1.1706548281847486,0.20383437728283
food/hotdog/000000187959.jpg,-1.875279987015943,0.2057054962482195
food/hotdog/000000200272.jpg,-1.1713132838397302,0.1762513699008439
food/hotdog/000000215565.jpg,-1.0047873211047988,0.2508575579083539
food/hotdog/000000250498.jpg,-1.3263003834641731,0.2422455114144122
food/hotdog/000000252198.jpg,-1.2291006025488804,0.2062728666009587
food/hotdog/000000256662.jpg,-1.5597060429676477,0.3120135678275212
food/hotdog/000000262552.jpg,-1.6195016731505605,0.2302035406811986
food/hotdog/000000276740.jpg,-0.893030752494655,0.2646204627835149
food/hotdog/000000280721.jpg,-1.340764783907589,0.2467499117259975
food/hotdog/000000308806.jpg,-1.4930234905382258,0.2973158857396857
food/hotdog/000000323460.jpg,-1.262197969573767,0.3078218433304805
food/hotdog/000000336320.jpg,-1.2857272200544054,0.3373271057559963
food/hotdog/000000339295.jpg,-1.1691191817988251,0.1345650950578732
food/hotdog/000000350475.jpg,-1.7012547981179027,0.2890721880425304
food/hotdog/000000384740.jpg,-1.6071121870266405,0.319221304334335
food/hotdog/000000388983.jpg,-1.169841123642639,0.2719326759851194
food/hotdog/000000421639.jpg,-1.4114811133463498,0.2062665317498357
food/hotdog/000000429293.jpg,-1.6072523515548405,0.2407555424677127
food/hotdog/000000437923.jpg,-1.3382762275909528,0.2263011569160862
food/hotdog/000000439602.jpg,-1.6254136223585034,0.1357870325390422
food/hotdog/000000445960.jpg,-1.8087104282990607,0.1447896278404753
food/hotdog/000000455255.jpg,-1.2239307516346722,0.1967449134100631
food/hotdog/000000465200.jpg,-1.731092124966174,0.1472627925579955
food/hotdog/000000522817.jpg,-1.5322694877046374,0.1651980213125926
food/hotdog/000000523211.jpg,-1.36885757441346,0.1452551646536664
food/hotdog/000000536403.jpg,-1.152271254605633,0.260094468186449
food/hotdog/000000540626.jpg,-1.4968231946578103,0.1478230610046386
food/hotdog/000000541635.jpg,-1.7938461514415265,-0.0396116672076739
food/hotdog/000000545930.jpg,-1.6298610995591267,0.2965371145559797
food/hotdog/000000557186.jpg,-1.595515823669459,0.3416978547318767
food/hotdog/000000559695.jpg,-1.6495459176119946,-0.0133446504957897
food/hotdog/000000561613.jpg,-1.4884851635776537,0.2180604531597909
food/hotdog/000000565220.jpg,-0.8916883844200083,0.2631797426317974
food/hotdog/000000580685.jpg,-1.3750780504546647,0.1855980393608672
food/hotdog/n07697537_10780.jpg,-1.9513936037310544,0.3071894099879383
food/hotdog/n07697537_11470.jpg,-1.768522334425331,0.1888940374957733
food/hotdog/n07697537_15088.jpg,-1.297741889088441,0.2712078698415163
food/hotdog/n07697537_15718.jpg,-1.4465801119529715,0.1913719922504695
food/hotdog/n07697537_18186.jpg,-1.2563790538121704,0.2742733003691807
food/hotdog/n07697537_19908.jpg,-1.369836326659396,0.238677965233865
food/hotdog/n07697537_20135.jpg,-1.459552844163392,0.2594426526415339
food/hotdog/n07697537_21728.jpg,-1.381193106946083,0.2476211507790455
food/hotdog/n07697537_21976.jpg,-2.0209823754440244,0.2421565154924096
food/hotdog/n07697537_22000.jpg,-1.6842323841896405,0.2863565051202328
food/hotdog/n07697537_25380.jpg,-1.4100416376073952,0.2899335478421359
food/hotdog/n07697537_26124.jpg,-1.5683579569010682,0.2273237997957099
food/hotdog/n07697537_27890.jpg,-1.2980030258850266,0.2206363755401336
food/hotdog/n07697537_29834.jpg,-1.0052539602232065,0.2306521093285799
food/hotdog/n07697537_33979.jpg,-1.442701886927915,0.2237614029569046
food/hotdog/n07697537_3947.jpg,-1.1921689073228663,0.1045111450516856
food/hotdog/n07697537_4696.jpg,-1.476987192342895,0.2085666947334112
food/hotdog/n07697537_4956.jpg,-1.3925921254988318,0.2031878031878032
food/hotdog/n07697537_5690.jpg,-1.166051502382868,0.2198142105945859
food/hotdog/n07697537_5782.jpg,-1.4513131818675962,0.1177873740489409
food/hotdog/n07697537_7872.jpg,-1.261508789822505,0.2749771572855978
food/hotdog/n07697537_8410.jpg,-1.3927707419412108,0.19995150689737
food/hotdog/n07697537_8708.jpg,-1.5196296657034207,0.1683809625983987
food/hotdog/n07697537_8906.jpg,-1.2792416287025494,0.3312289562289562
food/juice/n07923748_10258.jpg,-1.3122464524481003,0.2889087147998967
food/juice/n07923748_11512.jpg,-1.6815066023029517,0.2054118515199831
food/juice/n07923748_1195.jpg,-1.5105390791501856,0.3342120154022385
food/juice/n07923748_1310.jpg,-1.3248321917180437,0.0331695988261644
food/juice/n07923748_13164.jpg,-1.5152888297104556,0.2160163249559643
food/juice/n07923748_13369.jpg,-1.763055581261475,0.2967241918790767
food/juice/n07923748_1476.jpg,-1.3691629041511104,0.2167307867074611
food/juice/n07923748_14810.jpg,-1.5620194500132345,0.2154946396525614
food/juice/n07923748_15127.jpg,-1.2989291418434403,0.3242845878371718
food/juice/n07923748_1538.jpg,-1.4067690901124543,0.2769058867947632
food/juice/n07923748_15637.jpg,-1.2733738356980584,0.2621473684210526
food/juice/n07923748_16185.jpg,-1.3041867439366317,0.1948051948051948
food/juice/n07923748_1712.jpg,-1.5441523886417512,0.2776866956307894
food/juice/n07923748_17150.jpg,-1.333913261956266,0.400493972034681
food/juice/n07923748_17463.jpg,-1.1515283974515629,0.0778512467122974
food/juice/n07923748_17594.jpg,-1.5926149200927482,0.3696718219539796
food/juice/n07923748_18139.jpg,-0.8208012312398223,0.3665810792488644
food/juice/n07923748_18146.jpg,-1.5346672479722443,0.0039966322266802
food/juice/n07923748_1856.jpg,-1.4301876928541748,0.0594673286392056
food/juice/n07923748_18786.jpg,-1.509752736993316,0.2077719840502088
food/juice/n07923748_19364.jpg,-1.9044676029364944,0.1284157885336667
food/juice/n07923748_19625.jpg,-1.3337831824634037,0.2109812541872655
food/juice/n07923748_1966.jpg,-1.6045091191641163,0.2229016537324464
food/juice/n07923748_20605.jpg,-1.2331460515859902,0.2871504182379319
food/juice/n07923748_2109.jpg,-1.623423619931735,0.117211983646939
food/juice/n07923748_23325.jpg,-1.0475168396363277,0.3103991419208809
food/juice/n07923748_25449.jpg,-1.5385907301243409,0.2441188962352061
food/juice/n07923748_2669.jpg,-1.4297474330019768,0.3174391774500292
food/juice/n07923748_4049.jpg,-1.0260126275231571,0.2986096148821175
food/juice/n07923748_4376.jpg,-1.2484686559473466,0.3460234383888951
food/juice/n07923748_467.jpg,-1.6219446410257607,0.3352823172521773
food/juice/n07923748_4867.jpg,-1.1381248042868513,0.22068285330145
food/juice/n07923748_5085.jpg,-1.6575021318283498,0.3151382219194319
food/juice/n07923748_5150.jpg,-1.7259128488873063,0.3910521692671309
food/juice/n07923748_5733.jpg,-1.4649625796264,0.2051696614956407
food/juice/n07923748_712.jpg,-1.2460685103762446,0.2861527754695031
food/juice/n07923748_7187.jpg,-1.3695650730689486,0.1437702990085857
food/juice/n07923748_8732.jpg,-1.6590577510144544,0.1894809028295417
food/juice/n07923748_8898.jpg,-1.3676854330416603,0.1949404684904713
food/mashed potato/n07711569_11.jpg,-1.7198366445204516,0.21413652169986
food/mashed potato/n07711569_1189.jpg,-1.6486589847156927,0.2661576233497493
food/mashed potato/n07711569_1286.jpg,-1.5731480965016884,0.1839963107683566
food/mashed potato/n07711569_1295.jpg,-1.2987164288164816,0.0996804104105497
food/mashed potato/n07711569_1302.jpg,-1.437075226090142,0.2977781004937554
food/mashed potato/n07711569_1385.jpg,-1.301395971123145,0.2060276186412209
food/mashed potato/n07711569_1453.jpg,-1.132875790483543,0.2271255041806684
food/mashed potato/n07711569_1464.jpg,-1.5214895670375028,0.2477034799520007
food/mashed potato/n07711569_1475.jpg,-1.448794465147859,0.3888284078676974
food/mashed potato/n07711569_1507.jpg,-1.1953163267700937,0.1604597842240703
food/mashed potato/n07711569_153.jpg,-1.6152987918468034,0.2348103866341819
food/mashed potato/n07711569_1564.jpg,-1.1066499694462486,0.3311735748499514
food/mashed potato/n07711569_1651.jpg,-1.372473050304973,0.2765960700359355
food/mashed potato/n07711569_1696.jpg,-1.0859101923648438,0.2460527768576791
food/mashed potato/n07711569_1768.jpg,-1.847862718337864,0.0507425064387089
food/mashed potato/n07711569_1815.jpg,-1.4877446296713377,0.2206091307839624
food/mashed potato/n07711569_1823.jpg,-1.935629162522696,0.2257311319120632
food/mashed potato/n07711569_1927.jpg,-1.5616720045153127,0.2650700793831407
food/mashed potato/n07711569_2066.jpg,-1.861727243686353,0.2888588611131964
food/mashed potato/n07711569_2126.jpg,-1.774503481997641,0.323461709177617
food/mashed potato/n07711569_2131.jpg,-1.6272363845711286,0.1523619150737795
food/mashed potato/n07711569_2182.jpg,-1.1441448090124382,0.2160037074225689
food/mashed potato/n07711569_2201.jpg,-1.5397001732460944,0.2888153898765318
food/mashed potato/n07711569_2228.jpg,-0.8569826633354375,0.2616317642509717
food/mashed potato/n07711569_2294.jpg,-1.888355600905961,0.1903709455827011
food/mashed potato/n07711569_2344.jpg,-1.7082645256396822,0.30573030320065
food/mashed potato/n07711569_2355.jpg,-1.7991656424642537,0.3049584006338952
food/mashed potato/n07711569_2495.jpg,-1.2322368729871382,0.283924301775449
food/mashed potato/n07711569_2660.jpg,-0.9365884940468672,0.2645967502952948
food/mashed potato/n07711569_2761.jpg,-1.4527231046426017,0.3473422703013531
food/mashed potato/n07711569_2912.jpg,-1.487212019985762,0.2358893919284016
food/mashed potato/n07711569_3026.jpg,-1.1952073164571366,0.0682592936928197
food/mashed potato/n07711569_3103.jpg,-1.1525653782721723,0.1885811437694564
food/mashed potato/n07711569_3118.jpg,-1.5324548216479277,0.2024712459495068
food/mashed potato/n07711569_3147.jpg,-1.6543826973517708,0.2290446602306802
food/mashed potato/n07711569_3154.jpg,-1.5887580541226167,0.2666750421962823
food/mashed potato/n07711569_3180.jpg,-1.419662775385036,0.1116711671167116
food/mashed potato/n07711569_3317.jpg,-1.250789869616607,0.30334895101869
food/mashed potato/n07711569_3474.jpg,-1.5718030635616036,0.1861825560960453
food/mashed potato/n07711569_3479.jpg,-0.7393286370175418,0.1905960518750399
food/mashed potato/n07711569_3492.jpg,-1.109152099303521,0.2607676812665122
food/mashed potato/n07711569_3528.jpg,-1.1572484288487377,0.226449942773496
food/mashed potato/n07711569_3584.jpg,-1.115523659899479,0.2683864340507315
food/mashed potato/n07711569_3733.jpg,-1.2926236328969751,0.2107583070724799
food/mashed potato/n07711569_3848.jpg,-1.3870102420090509,0.2022872537108446
food/mashed potato/n07711569_398.jpg,-1.3262370191304047,0.2611238096070556
food/mashed potato/n07711569_4029.jpg,-1.3983771502205435,0.2190753270418437
food/mashed potato/n07711569_4097.jpg,-1.021718344977675,0.3477700235707354
food/mashed potato/n07711569_4129.jpg,-0.9572030829545272,0.3347239224276785
food/mashed potato/n07711569_417.jpg,-1.2399934767698544,0.2777454409828376
food/mashed potato/n07711569_4194.jpg,-1.807214977731833,0.2909797215665136
food/mashed potato/n07711569_4200.jpg,-1.479685401028498,0.1887708618574751
food/mashed potato/n07711569_4270.jpg,-1.5426597663540886,0.3023915525619353
food/mashed potato/n07711569_4345.jpg,-1.134528292437766,0.2382818295269096
food/mashed potato/n07711569_4347.jpg,-1.65933077153381,0.2158810259480611
food/mashed potato/n07711569_435.jpg,-1.7102350910727249,0.2649787540617235
food/mashed potato/n07711569_4588.jpg,-1.322471772413656,0.2874681447257659
food/mashed potato/n07711569_4658.jpg,-1.0629325125574551,0.3004315107043839
food/mashed potato/n07711569_4665.jpg,-1.3835185775677443,0.2941946872419783
food/mashed potato/n07711569_4810.jpg,-0.9660748654159064,0.201684911946692
food/mashed potato/n07711569_4905.jpg,-1.1553051209251703,0.2487330335185663
food/mashed potato/n07711569_5007.jpg,-1.821321247940341,0.24903071875932
food/mashed potato/n07711569_5276.jpg,-1.4197758689770497,0.2687970003825184
food/mashed potato/n07711569_533.jpg,-1.0374532346990313,0.2120823745303079
food/mashed potato/n07711569_5361.jpg,-0.9322557816973108,0.1855093717061546
food/mashed potato/n07711569_5370.jpg,-1.596027763470108,0.305654312797537
food/mashed potato/n07711569_5408.jpg,-1.2875695313733413,0.2715794097415029
food/mashed potato/n07711569_5492.jpg,-1.418782618915413,0.2438353657361922
food/mashed potato/n07711569_5526.jpg,-1.3145070147303348,0.216145291919038
food/mashed potato/n07711569_5653.jpg,-1.4695240646516472,0.2689324274343502
food/mashed potato/n07711569_5820.jpg,-1.1128256282232396,0.3523669150160073
food/mashed potato/n07711569_5853.jpg,-1.2534238208759343,0.1806661080854629
food/mashed potato/n07711569_592.jpg,-1.13926500601212,0.1585013086000276
food/mashed potato/n07711569_5920.jpg,-1.627697793226505,0.2937327598991547
food/mashed potato/n07711569_5955.jpg,-0.8788549465629506,0.3469218190657179
food/mashed potato/n07711569_5967.jpg,-2.046036110002793,0.1810744541154869
food/mashed potato/n07711569_6001.jpg,-1.100054735912995,0.2232515773571491
food/mashed potato/n07711569_6019.jpg,-1.233877280663518,0.1133961068171594
food/mashed potato/n07711569_6094.jpg,-1.018478895256707,0.2926965784959826
food/mashed potato/n07711569_6272.jpg,-1.4562467215329633,0.2521784221817775
food/mashed potato/n07711569_7257.jpg,-1.5680430651402522,0.2287499417167902
food/mashed potato/n07711569_773.jpg,-1.5161034572408327,0.2544768974362005
food/mashed potato/n07711569_815.jpg,-1.5816115215353292,0.2523350183405947
food/mashed potato/n07711569_865.jpg,-1.083302626835094,0.2202436386833549
food/mashed potato/n07711569_963.jpg,-1.6166374874723832,0.232774297837947
food/muffin/n07690273_20083.jpg,-1.3054343634956245,0.2451718494271685
food/muffin/n07690273_20233.jpg,-1.2953100813902043,0.2464481336293778
food/muffin/n07690273_20283.jpg,-1.220202507162035,0.3761328454826906
food/muffin/n07690273_20318.jpg,-1.2556253897246192,0.1589193533430187
food/muffin/n07690273_20374.jpg,-1.5484930679292357,0.2273006458497484
food/muffin/n07690273_20605.jpg,-1.701604317786327,0.2892843247094781
food/muffin/n07690273_20791.jpg,-1.3780613113547275,0.2996207397635807
food/muffin/n07690273_20834.jpg,-1.6259039465484095,0.2434761615299387
food/muffin/n07690273_20901.jpg,-1.766213466844306,0.337823464577556
food/muffin/n07690273_20912.jpg,-1.105764648340868,0.2302228245337463
food/muffin/n07690273_20919.jpg,-1.4688289756790385,0.1285354628063412
food/muffin/n07690273_20948.jpg,-1.172458993821364,0.2018800113609053
food/muffin/n07690273_21073.jpg,-1.140325970568113,0.1214304201535674
food/muffin/n07690273_21128.jpg,-1.3687727452909837,0.2858587088466549
food/muffin/n07690273_21275.jpg,-0.895088030994736,0.2617091794824175
food/muffin/n07690273_21366.jpg,-0.9738359703190088,0.352600407780187
food/muffin/n07690273_21379.jpg,-1.7225918727637206,0.3337524231237384
food/muffin/n07690273_21386.jpg,-0.932193323608025,0.18625458173737
food/muffin/n07690273_21583.jpg,-1.4040853166524858,0.2191569616940416
food/muffin/n07690273_21643.jpg,-1.434383594789479,0.2149803567978359
food/muffin/n07690273_21696.jpg,-1.450828068317981,0.138852547943457
food/muffin/n07690273_21839.jpg,-1.3579757423861245,0.0326016130354669
food/muffin/n07690273_22075.jpg,-0.9407457871938498,0.1217069795136709
food/muffin/n07690273_22081.jpg,-1.277200236185926,0.2229400851249591
food/muffin/n07690273_22090.jpg,-1.3237427841779144,0.219572951838398
food/muffin/n07690273_22127.jpg,-1.0965526605969005,0.2416107714773655
food/muffin/n07690273_22163.jpg,-1.2419536167362129,0.2080527275599144
food/muffin/n07690273_22164.jpg,-1.0837765121292944,0.3422651195744335
food/muffin/n07690273_22169.jpg,-1.508361989938137,0.2491368126933439
food/muffin/n07690273_22243.jpg,-1.120178315018744,0.1892224688517684
food/muffin/n07690273_22317.jpg,-1.1234121090620508,0.3013131782291096
food/muffin/n07690273_22336.jpg,-1.4206847163928842,-0.0782425277449127
food/muffin/n07690273_23060.jpg,-1.0606732104764545,0.1763080608247789
food/muffin/n07690273_23101.jpg,-1.8401592373456817,-0.0371686568819549
food/muffin/n07690273_23470.jpg,-1.2672183735703286,0.1954628823387739
food/muffin/n07690273_23539.jpg,-1.3768299416612315,0.2109648132012349
food/muffin/n07690273_23601.jpg,-1.0033144533346918,0.285210060598314
food/muffin/n07690273_23751.jpg,-1.2987884353464956,0.2697251559227963
food/muffin/n07690273_23872.jpg,-2.087351131666616,0.0890049597724074
food/muffin/n07690273_24801.jpg,-1.1040210429042254,0.246870279818745
food/muffin/n07690273_26229.jpg,-1.2137562094406933,0.2229157892625795
food/muffin/n07690273_26458.jpg,-1.4836404405720294,0.0658889494714398
food/muffin/n07690273_26876.jpg,-1.2288424342962363,0.0895569943424358
food/muffin/n07690273_26972.jpg,-1.561622594997765,0.280737237122981
food/muffin/n07690273_27061.jpg,-1.5229865236711884,0.3224918279596287
food/muffin/n07690273_27063.jpg,-1.6257491191779705,0.195778474399164
food/muffin/n07690273_27225.jpg,-1.0716850015136576,0.2823569643370355
food/muffin/n07690273_27401.jpg,-1.188253144192272,0.2268630084513598
food/muffin/n07690273_27492.jpg,-1.4610898352440882,0.1920441830268724
food/muffin/n07690273_27508.jpg,-1.5933012614811826,0.0570703281068808
food/muffin/n07690273_27648.jpg,-1.493187533284284,0.0785648584836572
food/orange/000000010196.jpg,-1.183910041634487,0.2407678989376669
food/orange/000000012902.jpg,-1.2980355558666972,0.3445856694161505
food/orange/000000038134.jpg,-1.4052389703406585,0.2512935300251732
food/orange/000000047907.jpg,-1.1838343048411906,0.369449140256145
food/orange/000000078477.jpg,-1.0619272132344448,0.3588612659819191
food/orange/000000106379.jpg,-1.302544702473332,0.3255128429911458
food/orange/000000127028.jpg,-1.4368400614993453,0.282629819096339
food/orange/000000141166.jpg,-1.6821164223302585,0.2484687045953107
food/orange/000000144430.jpg,-1.2836532851989646,0.3650387001391466
food/orange/000000154167.jpg,-1.129152275144433,0.3655352359197924
food/orange/000000156128.jpg,-1.795639312902889,0.3299556681443952
food/orange/000000161705.jpg,-1.0222556976188244,0.362419107123328
food/orange/000000176271.jpg,-1.191588111200108,0.3908909508472778
food/orange/000000192692.jpg,-1.3695845935216422,0.2293423741778183
food/orange/000000219523.jpg,-1.2809428805295913,0.314539329340235
food/orange/000000230152.jpg,-1.3465389229961997,0.2763496955243869
food/orange/000000233366.jpg,-1.300302739726135,0.0529312934747905
food/orange/000000254197.jpg,-1.07879716607048,0.2151606484330433
food/orange/000000254882.jpg,-1.4460118761652112,0.2669185744980366
food/orange/000000255194.jpg,-1.1408127138253337,0.3860920465728563
food/orange/000000293254.jpg,-1.9188760923874992,0.2924860374524803
food/orange/000000379401.jpg,-1.1834824977976457,-0.0097914450310122
food/orange/000000386834.jpg,-1.789901678435325,0.1022246362052187
food/orange/000000388616.jpg,-1.3726972120158238,0.3038600668528778
food/orange/000000389152.jpg,-1.968979167125708,0.3395425219941348
food/orange/000000428502.jpg,-1.8148743518040336,0.3521822551791007
food/orange/000000443320.jpg,-1.671674846515065,0.3022181058231216
food/orange/000000449467.jpg,-0.9862349865211604,0.2979803643704059
food/orange/000000457050.jpg,-1.4158453613333228,0.2433693007949144
food/orange/000000468623.jpg,-1.2967350223800749,0.4091012019808094
food/orange/000000518954.jpg,-1.173715557077477,0.3453901177869922
food/orange/000000521352.jpg,-1.4974605985629197,0.4371141241807176
food/orange/000000546088.jpg,-1.3812277835430395,0.2427985658946674
food/orange/000000554486.jpg,-0.9313244980277804,0.3292683278412514
food/orange/000000564573.jpg,-1.503467151445785,0.171117454429536
food/pasta/n07863374_15483.jpg,-0.986058605442482,0.0558356117566643
food/pasta/n07863374_15504.jpg,-1.3918080973032454,0.1800055027756648
food/pasta/n07863374_15512.jpg,-1.0874261425614622,0.1729769494850417
food/pasta/n07863374_15528.jpg,-1.234967816013116,0.0673934729267819
food/pasta/n07863374_15554.jpg,-1.1633459386337073,0.096038968433912
food/pasta/n07863374_15612.jpg,-1.2934419670409714,0.114472942713658
food/pasta/n07863374_15623.jpg,-1.415997008416984,0.1568261086198306
food/pasta/n07863374_15634.jpg,-1.6905616710106743,0.1337020789624261
food/pasta/n07863374_15708.jpg,-1.191635542329729,0.1989699237160488
food/pasta/n07863374_15763.jpg,-1.235886620614855,0.2431340511776575
food/pasta/n07863374_15968.jpg,-1.0148681112574915,0.1329010859038199
food/pasta/n07863374_16043.jpg,-1.7046856462721725,0.2651453044960177
food/pasta/n07863374_16116.jpg,-1.5427176955896562,0.1310268466237064
food/pasta/n07863374_16147.jpg,-1.283579949307836,0.2897420270344025
food/pasta/n07863374_16163.jpg,-1.3869960744726704,-0.0149245915374947
food/pasta/n07863374_16261.jpg,-1.088758099013096,0.1205667745384829
food/pasta/n07863374_16340.jpg,-1.2010391829534013,0.1614334819186338
food/pasta/n07863374_16510.jpg,-1.0390924508120147,0.1673157107143333
food/pasta/n07863374_16548.jpg,-1.6367990847103888,0.1487591555364067
food/pasta/n07863374_16616.jpg,-1.2549603294551277,0.3075484018990134
food/pasta/n07863374_16698.jpg,-1.3280380774649636,0.0815254337190797
food/pasta/n07863374_16722.jpg,-1.2119126046612438,0.1673003465690548
food/pasta/n07863374_16753.jpg,-1.4606274571221152,0.0992703176450871
food/pasta/n07863374_16763.jpg,-1.4130169542550703,0.2494276847942208
food/pasta/n07863374_16766.jpg,-1.730858724565469,0.1759058429762075
food/pasta/n07863374_16769.jpg,-0.9909426665714948,0.2124189151076431
food/pasta/n07863374_16789.jpg,-1.6949614374095774,0.0249879340333111
food/pasta/n07863374_16980.jpg,-1.1580163421051135,0.1284473640260535
food/pasta/n07863374_16986.jpg,-1.040098165865001,0.0701567594801935
food/pasta/n07863374_17183.jpg,-1.402547640172648,0.1771005192850137
food/pasta/n07863374_17226.jpg,-1.147471840749347,0.199657676828422
food/pasta/n07863374_17242.jpg,-1.3752536697906383,0.0869427330658085
food/pasta/n07863374_17253.jpg,-1.4490493180024584,0.1135540636253903
food/pasta/n07863374_17319.jpg,-1.9723638055013475,0.0509896008050989
food/pasta/n07863374_17383.jpg,-1.530838878799046,0.169602667928187
food/pasta/n07863374_17596.jpg,-1.6417912840161664,0.196019677123392
food/pasta/n07863374_17605.jpg,-0.9670637715088748,0.266630661695211
food/pasta/n07863374_17629.jpg,-1.1527408074357106,0.0213726045501746
food/pasta/n07863374_17641.jpg,-1.3554223338403328,0.1637175275039887
food/pasta/n07863374_17652.jpg,-1.440733495391771,0.1189775327647181
food/pasta/n07863374_17659.jpg,-1.3277106616722418,0.1953017088774864
food/pasta/n07863374_17687.jpg,-1.1692428076786183,0.2177071907310013
food/pasta/n07863374_17828.jpg,-1.4733018968999223,0.1130448785442653
food/pasta/n07863374_17831.jpg,-1.3015364673227523,0.2241707680413343
food/pasta/n07863374_17947.jpg,-1.132977629674392,0.1920862762968025
food/pasta/n07863374_17966.jpg,-1.3160827813101277,-0.1028965678422054
food/pasta/n07863374_17993.jpg,-1.2123030942666289,0.18248126457447
food/pasta/n07863374_18015.jpg,-1.164349029824139,0.1731646127506653
food/pasta/n07863374_18025.jpg,-1.1262803573626348,0.2836749181043184
food/pasta/n07863374_18032.jpg,-1.6714835058011617,0.1512737572217126
food/pasta/n07863374_18075.jpg,-1.0918940284066865,0.0751078380164031
food/pasta/n07863374_18119.jpg,-1.4831922119629035,0.2635996018972643
food/pasta/n07863374_18176.jpg,-0.9119902847649536,0.2110576119652406
food/pasta/n07863374_18210.jpg,-1.6286497246031444,0.0405103195559627
food/pasta/n07863374_18230.jpg,-1.311876281347633,0.2243250946292583
food/pasta/n07863374_18237.jpg,-1.5256948725892423,0.0963720335505787
food/pasta/n07863374_18243.jpg,-1.603398671079115,0.1096993967131266
food/pasta/n07863374_18251.jpg,-1.0478865507599069,0.1743532201380361
food/pasta/n07863374_18258.jpg,-1.3241696615518233,0.0883330489122926
food/pasta/n07863374_18268.jpg,-1.8839687000531808,0.1318619323938472
food/pasta/n07863374_18299.jpg,-1.440168056731451,0.2473903010768442
food/pasta/n07863374_18302.jpg,-1.3795686776685765,0.094488541835883
food/pasta/n07863374_18310.jpg,-1.3345948576558035,0.0870834309700162
food/pasta/n07863374_18322.jpg,-1.5844619637794914,0.3046245560363343
food/pasta/n07863374_18341.jpg,-1.3336232828350825,0.1558322955583229
food/pasta/n07863374_18346.jpg,-1.847686801062692,0.1375355262102138
food/pasta/n07863374_18377.jpg,-1.2629826290526298,0.2581381650144521
food/pasta/n07863374_18390.jpg,-1.324429623910659,0.298242524383485
food/pasta/n07863374_18396.jpg,-1.1979709429908687,0.1585541026818108
food/pasta/n07863374_18430.jpg,-1.3642229162279629,0.2026402689411003
food/pasta/n07863374_18632.jpg,-0.8861515258836283,0.2952115535141365
food/pasta/n07863374_18636.jpg,-1.301868593858981,0.0064362149578418
food/pasta/n07863374_18711.jpg,-1.229586126455773,0.0893107236386544
food/pasta/n07863374_18813.jpg,-0.970180602814214,0.2641523617248618
food/pasta/n07863374_18875.jpg,-1.7483236939852331,0.0955343644609838
food/pasta/n07863374_18919.jpg,-1.2700736031570246,0.1577268303233481
food/pasta/n07863374_19201.jpg,-1.3654825330865927,0.1643996976344065
food/pasta/n07863374_19246.jpg,-1.243954381964617,0.0617592744103415
food/pasta/n07863374_19267.jpg,-1.0303704761989032,0.2276073893384103
food/pasta/n07863374_19495.jpg,-1.2020691645360857,0.1016802896602562
food/pasta/n07863374_20803.jpg,-1.918086211361789,-0.0991797229550332
food/pasta/n07863374_21251.jpg,-1.2094076974439882,0.2858333154533296
food/pizza/000000019959.jpg,-1.8308026738114105,0.1766762091306313
food/pizza/000000025951.jpg,-1.2705307439536204,0.2652111667859699
food/pizza/000000029356.jpg,-1.2058240821686153,0.0149173062371635
food/pizza/000000036166.jpg,-0.9768034326625068,0.3023463030557838
food/pizza/000000036324.jpg,-1.5347320111678349,0.2080071401249522
food/pizza/000000039758.jpg,-1.1320718238448852,0.1522971589640382
food/pizza/000000050422.jpg,-1.2882708388822277,0.1795850004652461
food/pizza/000000051525.jpg,-1.0489800676851355,0.1596164391908359
food/pizza/000000056266.jpg,-1.4325737396544254,0.0244304165119468
food/pizza/000000061502.jpg,-1.3197836993001029,0.3016886936289209
food/pizza/000000080948.jpg,-0.924166903464934,0.2114176922553885
food/pizza/000000083619.jpg,-0.7858202102976092,0.1140200388060028
food/pizza/000000086725.jpg,-1.18255812229201,0.2473111692249964
food/pizza/000000088173.jpg,-1.5120925779813426,0.1467745944472893
food/pizza/000000091979.jpg,-1.448295154076612,0.2846472243759196
food/pizza/000000095292.jpg,-1.2024251690624956,0.2501745481143262
food/pizza/000000102978.jpg,-1.285502182430357,0.0468002392344497
food/pizza/000000113962.jpg,-1.2663830937495149,0.3109622194018955
food/pizza/000000115241.jpg,-1.347657453723108,0.1448250218344387
food/pizza/000000117105.jpg,-1.2169290490434386,0.1489562206212885
food/pizza/000000135694.jpg,-1.5786526762047302,0.1470252824098978
food/pizza/000000150080.jpg,-1.4683518172932075,0.149171028392643
food/pizza/000000167647.jpg,-1.294840652815386,0.1599113619355235
food/pizza/000000168366.jpg,-0.9064047274145752,0.2775450608102196
food/pizza/000000174091.jpg,-1.4496003941368747,0.0768612585728646
food/pizza/000000179896.jpg,-1.1461599228379773,0.0695130931311121
food/pizza/000000182366.jpg,-1.5113576752347264,0.0936197518425897
food/pizza/000000197551.jpg,-1.3728026542187772,0.258921691138186
food/pizza/000000207151.jpg,-1.0977052406791257,0.2137773059363118
food/pizza/000000209918.jpg,-1.2065447380989678,0.1761585774478602
food/pizza/000000214927.jpg,-1.3743503790678977,-0.048970264075533
food/pizza/000000220399.jpg,-1.2593146391646617,0.1681346468027008
food/pizza/000000220743.jpg,-1.86214165155703,0.2212629156527215
food/pizza/000000220948.jpg,-1.1058784921443956,0.2209325167044391
food/pizza/000000232718.jpg,-1.5500249184883548,0.1784156608175271
food/pizza/000000240608.jpg,-1.3514091493939255,0.0066812515739108
food/pizza/000000240960.jpg,-1.5386184774611928,0.1754864614434263
food/pizza/000000243127.jpg,-1.3929412205505294,0.235358095628976
food/pizza/000000253395.jpg,-1.6566998429412978,0.2110506283775539
food/pizza/000000255448.jpg,-0.7749408387725274,0.2670889542728353
food/pizza/000000259491.jpg,-1.1331152967584164,0.2812661841423826
food/pizza/000000264017.jpg,-1.1767756751229854,0.3074548764438093
food/pizza/000000265915.jpg,-1.4637274896957426,0.2512785984567943
food/pizza/000000267146.jpg,-1.2871076657497014,0.2051921191528223
food/pizza/000000271283.jpg,-1.3202585420065034,0.1735823113877121
food/pizza/000000275611.jpg,-1.7777181403868365,0.1941277562552794
food/pizza/000000278449.jpg,-1.560858099663284,0.2473816885705969
food/pizza/000000282143.jpg,-1.289033361293876,0.2524446999904169
food/pizza/000000289507.jpg,-1.5664838146777702,0.0955957246554324
food/pizza/000000313148.jpg,-1.8920999957160145,0.1469576474939893
food/pizza/000000314755.jpg,-1.476255046508945,0.2220460685167669
food/pizza/000000321324.jpg,-1.1519202329688196,0.1377439873463783
food/pizza/000000325517.jpg,-1.4189861144311653,0.1358328576557403
food/pizza/000000330513.jpg,-1.5693793438019548,0.233581813458859
food/pizza/000000338289.jpg,-1.703613024269049,0.2936067086554916
food/pizza/000000340420.jpg,-1.6076476162138764,0.2258895384247585
food/pizza/000000358297.jpg,-1.220026315087729,0.2558693786521337
food/pizza/000000359081.jpg,-1.0916692946102875,0.1323797011596903
food/pizza/000000361909.jpg,-1.168746131105166,0.2084951357096141
food/pizza/000000362737.jpg,-1.5341899552475249,0.2206166738289643
food/pizza/000000363880.jpg,-1.3717501271502168,0.1879112983344443
food/pizza/000000369584.jpg,-1.604782139537151,0.2387678342783976
food/pizza/000000378950.jpg,-1.2327809642214451,0.2226219599942437
food/pizza/000000385873.jpg,-1.5534619637268283,0.2582152927359266
food/pizza/000000405314.jpg,-1.163714260838256,0.1907606604240347
food/pizza/000000419334.jpg,-1.0957577514755237,0.24125544553098
food/pizza/000000433792.jpg,-1.575123985124467,0.2263862975115629
food/pizza/000000437810.jpg,-0.9615681749253489,0.129165889007003
food/pizza/000000437948.jpg,-1.3999331154719838,0.0280779956768622
food/pizza/000000453895.jpg,-1.6355009800653788,0.1923363551463582
food/pizza/000000472164.jpg,-1.3815091189280913,0.2026105709863123
food/pizza/000000484446.jpg,-1.6570936884445526,0.2333241023362538
food/pizza/000000489374.jpg,-1.3408458896166842,0.0993951122586787
food/pizza/000000493911.jpg,-1.7426309470351176,0.1466383093094321
food/pizza/000000505062.jpg,-1.3475417207743463,0.1792011292478807
food/pizza/000000514544.jpg,-1.261612539368374,0.1566901141357391
food/pizza/000000519626.jpg,-1.3748889959344308,0.313181162692459
food/pizza/000000522703.jpg,-1.1456716919401428,0.147382422490804
food/pizza/000000536996.jpg,-1.463729303932421,0.2096637963834971
food/pizza/000000538368.jpg,-1.683712181663924,0.0846122577329866
food/pizza/000000542713.jpg,-1.189335560768349,0.1605434400957504
food/pizza/000000569223.jpg,-1.4669583746661623,0.1882011036392757
food/pizza/000000571287.jpg,-1.5209436699528258,0.0706398171248786
food/pizza/000000577221.jpg,-1.557706783713833,0.1515004555741704
food/salad/n07806221_21269.jpg,-1.4025723175853808,0.1504776541872139
food/salad/n07806221_21271.jpg,-1.5237673719372182,0.0958717685038806
food/salad/n07806221_21590.jpg,-1.135291972138419,0.1935551537793049
food/salad/n07806221_21594.jpg,-1.6532243330309808,0.1594937728769078
food/salad/n07806221_21827.jpg,-1.3069416445371909,0.0977073077039717
food/salad/n07806221_21906.jpg,-0.978074805737473,0.220992611628654
food/salad/n07806221_21960.jpg,-1.2040454621456569,0.0565910147500105
food/salad/n07806221_22135.jpg,-1.6912123415677984,0.0300618241516704
food/salad/n07806221_22340.jpg,-0.6091114660107709,0.1040273043374255
food/salad/n07806221_22396.jpg,-1.463630828236529,0.1239646911715548
food/salad/n07806221_22415.jpg,-1.5153464330358657,-0.0137497134415038
food/salad/n07806221_22446.jpg,-1.48272444246281,0.0379663757639169
food/salad/n07806221_22557.jpg,-1.62589932604537,0.0528987900808651
food/salad/n07806221_22661.jpg,-1.4471036637726018,0.0369741406027774
food/salad/n07806221_22671.jpg,-1.1931265521443684,0.0310778082993352
food/salad/n07806221_22726.jpg,-1.3531003387807394,0.1183088368717111
food/salad/n07806221_22775.jpg,-1.2707406189653982,0.1095093809756953
food/salad/n07806221_22898.jpg,-2.1590065799684264,0.0116620752984389
food/salad/n07806221_22956.jpg,-1.1976922537822556,0.2035811322435526
food/salad/n07806221_22971.jpg,-1.3085528059139655,0.2526946955926442
food/salad/n07806221_23095.jpg,-1.3389083031364069,0.0857360248579213
food/salad/n07806221_23145.jpg,-0.7289936256627221,0.136832399680776
food/salad/n07806221_23188.jpg,-1.5259663222629558,0.1602388883756568
food/salad/n07806221_23271.jpg,-1.3853055014910465,0.2114096388033163
food/salad/n07806221_23282.jpg,-1.4262578584782175,0.1058270668222593
food/salad/n07806221_23330.jpg,-1.3645437744751931,0.1565758290739588
food/salad/n07806221_23337.jpg,-1.213870529191492,0.1777318717109727
food/salad/n07806221_23341.jpg,-1.3392487891406577,0.0667410201424523
food/salad/n07806221_23464.jpg,-1.4097714811700772,0.0843589879034388
food/salad/n07806221_23535.jpg,-1.384394096997,0.1365171614327226
food/salad/n07806221_23555.jpg,-1.6524109541183367,0.159659697436948
food/salad/n07806221_23608.jpg,-1.2699100619095582,0.1229665957769161
food/salad/n07806221_23687.jpg,-1.007873554612594,0.1914940697468578
food/salad/n07806221_23732.jpg,-1.4942998530539031,0.1466036746372744
food/salad/n07806221_23757.jpg,-1.5257218939855264,0.0427050246967131
food/salad/n07806221_23800.jpg,-1.4566265335556916,0.1040265829281234
food/salad/n07806221_23808.jpg,-1.4088787845635486,0.1126969173601298
food/salad/n07806221_23904.jpg,-1.7007297845661775,0.027889476474315
food/salad/n07806221_23908.jpg,-1.624369048150364,0.1183345607288001
food/salad/n07806221_23914.jpg,-1.870707429563739,0.114249858663171
food/salad/n07806221_23919.jpg,-1.6946422117415756,0.0675201818284198
food/salad/n07806221_23982.jpg,-1.5247826853515605,0.2320067684517812
food/salad/n07806221_23994.jpg,-1.3484451027446265,0.1595959595959595
food/salad/n07806221_24014.jpg,-1.0112005355819085,0.1125550019049896
food/salad/n07806221_24051.jpg,-1.1480107211846668,0.1301087419831286
food/salad/n07806221_24082.jpg,-1.3673004556289892,0.0659078317804079
food/salad/n07806221_24095.jpg,-1.7384334647878643,0.0926740118009503
food/salad/n07806221_24121.jpg,-1.2028781842666796,0.1773162939297124
food/salad/n07806221_24147.jpg,-1.2487485252149366,0.0705144811149681
food/salad/n07806221_24174.jpg,-1.67982143560019,0.0387286817307101
food/salad/n07806221_24198.jpg,-1.0866795951429098,0.0911924929936707
food/salad/n07806221_24282.jpg,-1.3140089897016591,0.1812558060095062
food/salad/n07806221_24286.jpg,-1.66077056841301,0.0764068010738537
food/salad/n07806221_24332.jpg,-1.172780207827533,0.1314284140261314
food/salad/n07806221_24336.jpg,-1.1050320043247013,0.1771875615204868
food/salad/n07806221_24385.jpg,-1.3331687997021076,0.1582080139710876
food/salad/n07806221_24428.jpg,-1.3332888439934392,0.0142889221146947
food/salad/n07806221_24479.jpg,-1.4961575060528252,0.1717042844881579
food/salad/n07806221_24516.jpg,-1.3950906961489158,0.1380589554111946
food/salad/n07806221_24521.jpg,-1.254711702039174,0.3159242576357086
food/salad/n07806221_24525.jpg,-1.2655380369424978,0.1773765745677524
food/salad/n07806221_24585.jpg,-1.1904255542633466,0.1693549242866391
food/salad/n07806221_24612.jpg,-1.326589727213016,0.1064722467513257
food/salad/n07806221_24625.jpg,-1.102335545767113,0.1118303618303618
food/salad/n07806221_24627.jpg,-1.263602933552485,0.0973127348778129
food/salad/n07806221_24656.jpg,-1.5723794191763365,0.2022459835581108
food/salad/n07806221_24658.jpg,-1.1110972800998211,0.0430021992419634
food/salad/n07806221_24706.jpg,-0.9473545812986984,0.2514996889924409
food/salad/n07806221_24716.jpg,-1.7074577900926442,0.1197883197883198
food/salad/n07806221_24749.jpg,-1.4550910128991963,0.0413603456984118
food/salad/n07806221_24916.jpg,-1.695119231866555,0.1174029622063329
food/salad/n07806221_24954.jpg,-1.6550769115127058,0.0728947683262404
food/salad/n07806221_25004.jpg,-1.292682636596956,0.0452892561983471
food/salad/n07806221_25141.jpg,-1.0719510673931834,0.1901364005935899
food/salad/n07806221_25185.jpg,-1.2451481321633684,-0.0423834801700897
food/salad/n07806221_25357.jpg,-1.2693242920461465,0.116859867665453
food/salad/n07806221_25360.jpg,-1.1055241155925792,0.0767725613409015
food/salad/n07806221_25416.jpg,-1.5217536314144102,0.2031730594597128
food/salad/n07806221_25666.jpg,-1.605631240183878,0.1643817508070053
food/salad/n07806221_25861.jpg,-1.8128249660016733,0.1300819597877341
food/salad/n07806221_28549.jpg,-1.102779018923657,0.2994199392787499
food/salad/n07806221_29779.jpg,-1.7182653295288008,0.0949120143925339
food/salad/n07806221_30990.jpg,-1.4646392412800149,0.2168334962915746
food/salad/n07806221_32825.jpg,-1.5621526972069926,0.0712051527677073
food/salad/n07806221_33514.jpg,-1.1045692320906737,0.1005760752700793
food/salad/n07806221_33538.jpg,-1.2734687781455076,0.1470996153067422
food/salad/n07806221_33544.jpg,-1.2470887307794891,0.0146623717489859
food/sandwich/000000019579.jpg,-1.1679559390050795,0.2203197924750959
food/sandwich/000000028320.jpg,-1.6845169498695702,0.1832296226884727
food/sandwich/000000033633.jpg,-1.3583161490530418,0.2208044162646937
food/sandwich/000000043944.jpg,-1.3352530099335411,0.1874706277927938
food/sandwich/000000049248.jpg,-1.4942706973502036,0.1964603004226778
food/sandwich/000000051174.jpg,-1.2266018826575522,0.1533197868256925
food/sandwich/000000055458.jpg,-1.1173551771645216,0.2207833501951149
food/sandwich/000000063485.jpg,-1.4538598496507384,0.3080685644322007
food/sandwich/000000076307.jpg,-1.3163887433567454,0.3174040196627465
food/sandwich/000000090830.jpg,-1.302296676305024,0.1875363208736746
food/sandwich/000000110697.jpg,-1.7877285957426836,0.247506774482935
food/sandwich/000000114060.jpg,-1.288160255453102,0.2087433299064962
food/sandwich/000000116572.jpg,-1.9171617522316813,0.2682412914188614
food/sandwich/000000119195.jpg,-1.664416848837693,0.2148474456809033
food/sandwich/000000122097.jpg,-1.3179565723892115,0.1758445339231365
food/sandwich/000000122352.jpg,-1.3908899183802088,0.3057639949531841
food/sandwich/000000163589.jpg,-1.0481797939038495,0.2164227431679834
food/sandwich/000000167180.jpg,-1.265060677972846,0.2691618544323984
food/sandwich/000000168522.jpg,-1.1478841611645003,0.2032101887257925
food/sandwich/000000191994.jpg,-1.633253718453795,0.2140471333180497
food/sandwich/000000203601.jpg,-1.058465539283147,0.260618104164195
food/sandwich/000000220471.jpg,-1.1681095884468593,0.271593538534669
food/sandwich/000000220864.jpg,-1.3602952986572312,0.1582637894424966
food/sandwich/000000263515.jpg,-1.2251777765824616,0.2615422179968725
food/sandwich/000000265329.jpg,-1.4269517078008465,0.3668207255392284
food/sandwich/000000274203.jpg,-1.441311270672546,0.2104159332469459
food/sandwich/000000305082.jpg,-1.3843544933195404,0.1638764692121977
food/sandwich/000000310459.jpg,-1.562092251338184,0.2570131592369683
food/sandwich/000000323370.jpg,-1.474263838531617,0.1921105244948248
food/sandwich/000000323734.jpg,-1.313707996309395,0.2181105470756137
food/sandwich/000000333323.jpg,-1.5434141999327384,0.2658711929808443
food/sandwich/000000365880.jpg,-1.1246402713493793,0.2879722270139728
food/sandwich/000000369331.jpg,-1.291123596666324,0.1422112270111205
food/sandwich/000000374451.jpg,-1.3531913165349712,0.1872803216918029
food/sandwich/000000379285.jpg,-1.2724515255136326,0.3137567597078312
food/sandwich/000000398924.jpg,-1.2217787029705809,0.2324015781079493
food/sandwich/000000399001.jpg,-1.1549974978466748,0.2299215451041413
food/sandwich/000000401027.jpg,-1.5287153477309796,0.2385309109920272
food/sandwich/000000402378.jpg,-1.593006975777818,0.3074065429649512
food/sandwich/000000412666.jpg,-1.587189525003727,0.2301252729571313
food/sandwich/000000435488.jpg,-1.1140729495616564,0.2451273392776815
food/sandwich/000000447170.jpg,-1.6242543899088815,0.1647775826975963
food/sandwich/000000448923.jpg,-1.0937701686153165,0.2142729819200407
food/sandwich/000000464682.jpg,-1.6507976083578648,0.3022098051230919
food/sandwich/000000478344.jpg,-1.1549049001007032,0.1473123399791585
food/sandwich/000000519475.jpg,-1.482836038380575,0.2850124958715512
food/sandwich/000000528496.jpg,-1.686953638131258,0.2462219469438896
food/sandwich/000000560748.jpg,-1.8027552398782112,0.2436923763259641
food/sandwich/000000561545.jpg,-1.408642229165508,0.1340990416134924
food/sandwich/000000563985.jpg,-1.2734543820734343,0.168073803015607
food/sandwich/000000573632.jpg,-1.3443340815642864,0.0635707913658094
food/sandwich/000000575179.jpg,-1.6735463310270235,0.2527073264288454
food/sandwich/000000578418.jpg,-1.3261336534006998,0.1884277188563088
food/sandwich/000000579303.jpg,-1.2074655864526382,0.2168949087531089
food/sandwich/000000581711.jpg,-1.1302440742090918,0.1425459014561841
food/sandwich/n07696625_1403.jpg,-1.061991962025945,0.2119676520358874
food/sandwich/n07696625_1674.jpg,-1.1213491230786683,0.2638167898322967
food/sandwich/n07696625_306.jpg,-1.0201807234499058,0.3013871946380551
food/sandwich/n07696625_3225.jpg,-1.49256795178435,0.1768667204538948
food/sandwich/n07696625_4335.jpg,-1.264372419145612,0.3268733093096612
food/sandwich/n07696625_4888.jpg,-1.412800476733,0.3048392507385484
food/sandwich/n07696625_5467.jpg,-1.125522275100962,0.1878719388764591
food/sandwich/n07696625_5631.jpg,-1.2349407623092046,0.2178296156398346
food/sandwich/n07696625_5833.jpg,-1.596348643023455,0.2433807547915431
food/sandwich/n07696625_7783.jpg,-1.49998076627899,0.1543304007820136
food/sandwich/n07696839_10895.jpg,-1.2831418164793913,0.0658235203326584
food/sandwich/n07696839_11221.jpg,-1.473216194010721,0.1001528917631759
food/sandwich/n07696839_11611.jpg,-1.1099181811242496,0.195652866495691
food/sandwich/n07696839_12607.jpg,-1.1865722497225384,0.2268017317785067
food/sandwich/n07696839_13012.jpg,-1.2440211447679062,0.2532931796516162
food/sandwich/n07696839_13649.jpg,-1.165550249397576,0.1807747782767474
food/sandwich/n07696839_14469.jpg,-1.3878600353883064,0.3126909512318706
food/sandwich/n07696839_14740.jpg,-1.6764782511207708,0.2402584167649729
food/sandwich/n07696839_15859.jpg,-1.4117536774198003,0.2587660171938482
food/sandwich/n07696839_16667.jpg,-1.229506978070005,0.2687579623890018
food/sandwich/n07698672_1483.jpg,-1.2669983824274726,0.2201564851372437
food/sandwich/n07698672_2572.jpg,-1.7068534778546087,0.1507900031661407
food/sandwich/n07698672_4577.jpg,-1.3595348974291102,0.2222939997880318
food/sandwich/n07698672_5118.jpg,-1.9338299422680347,0.2965016541173301
food/sandwich/n07698672_5153.jpg,-1.5627883013040962,0.1562924416360491
food/sandwich/n07698672_546.jpg,-1.8438177448443356,0.2785466331500971
food/sandwich/n07698672_8438.jpg,-1.4110307856907385,0.180925937023498
food/soup/000000389004.jpg,-2.085424668846908,0.2541700556841644
food/soup/000000433259.jpg,-1.5998258892165786,0.2890990029800228
food/soup/n07583197_10902.jpg,-1.0759098494779489,0.3231475635989526
food/soup/n07583197_1118.jpg,-1.2820466580430503,0.1260413703417726
food/soup/n07583197_1126.jpg,-1.4447580843636558,0.310759961217046
food/soup/n07583197_1185.jpg,-1.7656131187467172,0.3113931997021767
food/soup/n07583197_1197.jpg,-0.4515057363579163,0.4059058379709153
food/soup/n07583197_1236.jpg,-1.9379247212509243,0.2736555260944889
food/soup/n07583197_13.jpg,-1.5815507299114688,0.0887543659710335
food/soup/n07583197_1377.jpg,-1.390711851938037,0.263576050005483
food/soup/n07583197_1429.jpg,-1.61765406971533,0.2985679763162937
food/soup/n07583197_14399.jpg,-1.1689859507401867,0.3121867765958989
food/soup/n07583197_1488.jpg,-1.4781095585648467,0.2918645836193404
food/soup/n07583197_1528.jpg,-1.0866569636295658,0.181177603250652
food/soup/n07583197_15339.jpg,-1.7142091434541664,0.2754476357325121
food/soup/n07583197_16204.jpg,-1.5317105420256956,0.1515039648675341
food/soup/n07583197_1684.jpg,-1.5219059100301546,0.2766273061280625
food/soup/n07583197_1716.jpg,-1.4456931247842153,0.1742941358982314
food/soup/n07583197_17428.jpg,-1.4693650217391334,0.2667061989691192
food/soup/n07583197_1903.jpg,-1.6021767262001927,0.3101469981735698
food/soup/n07583197_22629.jpg,-1.2454176770783103,0.2385740162234531
food/soup/n07583197_230.jpg,-1.351079015215038,0.3771814548863244
food/soup/n07583197_3005.jpg,-1.1475061695317637,0.3731857027459495
food/soup/n07583197_3093.jpg,-1.463595639449866,0.2929531115115207
food/soup/n07583197_3147.jpg,-1.5022922632980262,0.3325182110936989
food/soup/n07583197_3235.jpg,-1.244126387260535,0.208609794166993
food/soup/n07583197_3243.jpg,-1.473657125543297,0.2941580482366642
food/soup/n07583197_3502.jpg,-1.7416938267665316,0.3337496070885473
food/soup/n07583197_3629.jpg,-1.056438830972127,0.3143108029827964
food/soup/n07583197_378.jpg,-1.6623428712036936,0.1763931070753398
food/soup/n07583197_3888.jpg,-1.2816034513458103,0.2638129919972088
food/soup/n07583197_3896.jpg,-1.438286699439909,0.1495467333541732
food/soup/n07583197_3923.jpg,-1.3248176529268103,0.2136253576931542
food/soup/n07583197_3989.jpg,-1.440258002075522,0.1333864383152444
food/soup/n07583197_400.jpg,-1.1041800593252815,0.2381540534471142
food/soup/n07583197_419.jpg,-1.3372545366825954,0.3290891811918184
food/soup/n07583197_4277.jpg,-0.955424143580388,0.2688183201881832
food/soup/n07583197_4576.jpg,-1.4686669057975694,0.2276573843319969
food/soup/n07583197_4835.jpg,-1.4903059825032248,0.2657547338868646
food/soup/n07583197_5088.jpg,-1.0746786763202258,0.2489375050594997
food/soup/n07583197_5525.jpg,-1.1652212456836346,0.2454137619539489
food/soup/n07583197_5587.jpg,-1.4885457423981028,0.2646413091452305
food/soup/n07583197_5599.jpg,-1.2258141254495554,0.2945107867708487
food/soup/n07583197_5817.jpg,-1.344051848728786,0.2729853335436051
food/soup/n07583197_5892.jpg,-1.5999810372004335,0.3124465544186595
food/soup/n07583197_6131.jpg,-1.4562553236078473,0.149043443026251
food/soup/n07583197_6143.jpg,-1.2424679312119344,0.2632682654768544
food/soup/n07583197_6247.jpg,-1.6259265700111518,0.3244800449690838
food/soup/n07583197_6261.jpg,-1.211723272416938,0.1608576240241752
food/soup/n07583197_6291.jpg,-1.2308570017040532,0.1197718900204242
food/soup/n07583197_6383.jpg,-0.970814475808362,0.3831364765869558
food/soup/n07583197_6416.jpg,-1.290476282789426,0.2000036553715685
food/soup/n07583197_6427.jpg,-1.8693846556001592,0.3748259113540615
food/soup/n07583197_6435.jpg,-1.017114132632545,0.1306329224726047
food/soup/n07583197_6450.jpg,-1.3097007438818036,0.1614985046434755
food/soup/n07583197_6451.jpg,-1.7077388966442786,0.2148134761484406
food/soup/n07583197_6491.jpg,-1.3205908718323691,0.2805793055313209
food/soup/n07583197_6520.jpg,-1.2438835990129344,0.2972562051938637
food/soup/n07583197_6579.jpg,-1.6352683335923015,0.2846965509815884
food/soup/n07583197_6672.jpg,-1.269821946069613,0.3254129657896286
food/soup/n07583197_6753.jpg,-0.9903252267138608,0.213115500136525
food/soup/n07583197_6784.jpg,-1.5354795949038806,0.3465780276353814
food/soup/n07583197_6797.jpg,-1.676279712016108,0.2122698197325063
food/soup/n07583197_6815.jpg,-1.2794247034831197,0.1219898393088939
food/soup/n07583197_6829.jpg,-1.4392319879851008,0.3535701140964299
food/soup/n07583197_6842.jpg,-1.1697181601314566,0.2773759478548614
food/soup/n07583197_6849.jpg,-1.659161675154581,0.1242006919483596
food/soup/n07583197_6873.jpg,-1.122556820374059,0.082140309366512
food/soup/n07583197_6874.jpg,-1.1294663783127807,0.2943017472990225
food/soup/n07583197_6907.jpg,-1.2119560375408671,0.3542472364774439
food/soup/n07583197_6991.jpg,-1.2963323722596154,0.3073306403549433
food/soup/n07583197_6997.jpg,-1.215861534409535,0.2838391416035827
food/soup/n07583197_7009.jpg,-1.4279207652162351,0.2423714968758954
food/soup/n07583197_7214.jpg,-1.6420640574624614,0.1805779029230357
food/soup/n07583197_7218.jpg,-1.5284057654435848,0.2618791959778824
food/soup/n07583197_8138.jpg,-1.3509891434823682,0.2477063803502652
food/soup/n07583197_895.jpg,-1.1877576634131166,0.3400668409562568
food/soup/n07583197_9010.jpg,-1.9427272785616048,0.2513031298078027
food/soup/n07583197_926.jpg,-0.8550041869876557,0.3318618963536934
food/soup/n07583197_928.jpg,-1.3573626702790804,0.2394699984231664
food/soup/n07583197_942.jpg,-1.910099473465604,0.2210849539406346
food/soup/n07583197_946.jpg,-1.109688056621139,0.2842047006248189
food/soup/n07583197_973.jpg,-1.6744800753651976,0.1550770328951282
food/soup/n07583197_995.jpg,-0.9152447178555774,0.3393218834715138
food/tea/n07933274_29270.jpg,-1.4732381696297008,0.1749700514410542
food/tea/n07933274_29360.jpg,-1.144925472998264,0.2581984013117442
food/tea/n07933274_29595.jpg,-1.1587179939869363,0.3043363185115763
food/tea/n07933274_29729.jpg,-1.3737852632064462,0.1609293580717387
food/tea/n07933274_29739.jpg,-1.8392882724060704,0.1519978194765039
food/tea/n07933274_29781.jpg,-1.396232326886551,0.278820348686957
food/tea/n07933274_29941.jpg,-1.2391852757209458,0.1224806887633433
food/tea/n07933274_29951.jpg,-1.600620750022559,0.2484120554635858
food/tea/n07933274_30075.jpg,-1.684837040686178,0.2593102375210203
food/tea/n07933274_30179.jpg,-0.9745458770685516,0.3131224229622399
food/tea/n07933274_30233.jpg,-1.1497724615903415,0.3057178670386217
food/tea/n07933274_30243.jpg,-1.3100967357716822,0.291625478269971
food/tea/n07933274_30272.jpg,-1.042356377900548,0.264007864064036
food/tea/n07933274_30326.jpg,-1.209908663295535,0.0943392226448054
food/tea/n07933274_30442.jpg,-1.653812413363479,0.2753787413617943
food/tea/n07933274_30460.jpg,-1.0536784036345463,0.2787422855400739
food/tea/n07933274_30473.jpg,-1.5306475451669153,0.2134657836644591
food/tea/n07933274_30676.jpg,-1.7580155186545796,0.3025867204035334
food/tea/n07933274_30681.jpg,-0.798923909108034,0.3911123429416113
food/tea/n07933274_30722.jpg,-1.8803414433111707,0.305028596622292
food/tea/n07933274_30757.jpg,-1.3580355224174476,0.2260109046400355
food/tea/n07933274_30873.jpg,-1.1650942425780506,0.2198113602628113
food/tea/n07933274_30896.jpg,-1.445817646309396,0.1407196569032829
food/tea/n07933274_31151.jpg,-1.907748678255064,0.2703843933352131
food/tea/n07933274_31468.jpg,-1.5289470141842776,0.293253632023807
food/tea/n07933274_31611.jpg,-1.9061861062850811,0.1029879211697393
food/tea/n07933274_31630.jpg,-1.8794624151281087,0.316421458400257
food/tea/n07933274_31747.jpg,-1.3797941183774132,0.1568334760797749
food/tea/n07933274_32193.jpg,-1.2948759044683136,0.3111811594523261
food/tea/n07933274_32238.jpg,-1.1509713555210352,0.184749534281958
food/tea/n07933274_32302.jpg,-1.3517570465735622,-0.0096605862307548
food/tea/n07933274_32452.jpg,-1.1752613728881056,0.245196177397909
food/tea/n07933274_32615.jpg,-1.2980866534210875,0.2607713601548834
food/tea/n07933274_33069.jpg,-1.4227966197077562,0.2687315736533592
food/tea/n07933274_33310.jpg,-1.4976820067518022,0.2172504036324002
food/tea/n07933274_33517.jpg,-1.1565446540950663,0.243872137837225
food/tea/n07933274_33706.jpg,-0.7247962825338453,0.2361494673955926
food/tea/n07933274_33840.jpg,-1.2028734582761769,0.1892484861486256
food/tea/n07933274_33948.jpg,-1.0360668391898205,0.3070717012646146
food/tea/n07933274_33960.jpg,-1.4927499961534647,0.1415549148294959
food/tea/n07933274_33970.jpg,-1.4463708053377111,0.3840991626399352
food/tea/n07933274_34262.jpg,-1.1256533906370303,0.2838563403126794
food/tea/n07933274_34279.jpg,-1.0694633303336158,0.2536013712742904
food/tea/n07933274_34426.jpg,-1.2059826760476855,0.3578047332720113
food/tea/n07933274_34457.jpg,-1.60619350819231,0.2476025223735465
food/tea/n07933274_34671.jpg,-1.478858304691285,0.2530655980927986
food/tea/n07933274_34941.jpg,-1.51034337919734,0.2039119698946528
food/tea/n07933274_35003.jpg,-1.192629358840777,0.2326515117128344
food/tea/n07933274_35061.jpg,-1.3635833419305765,0.1567653668654145
food/yogurt/n07849336_20003.jpg,-1.7811052155979576,0.23300554519843
food/yogurt/n07849336_20036.jpg,-1.208240900168387,0.2772713894562221
food/yogurt/n07849336_20238.jpg,-0.7504874857140247,0.1724664652245546
food/yogurt/n07849336_20273.jpg,-1.4939367342110346,0.1800174232685626
food/yogurt/n07849336_20401.jpg,-1.1470117387416283,0.3082636453556335
food/yogurt/n07849336_20481.jpg,-1.2932993287103702,0.2158300102447725
food/yogurt/n07849336_20531.jpg,-1.3678421378738084,0.3496621957277694
food/yogurt/n07849336_20724.jpg,-1.5089914911967364,0.3336856112306764
food/yogurt/n07849336_20753.jpg,-0.6073966305587891,0.3079097648352428
food/yogurt/n07849336_20809.jpg,-1.4716562709979588,0.2497105811530446
food/yogurt/n07849336_20841.jpg,-1.79114889785829,0.2448404678792332
food/yogurt/n07849336_20909.jpg,-1.6554903546542008,0.2262618897689987
food/yogurt/n07849336_20970.jpg,-1.4240466719924056,0.2609983033222046
food/yogurt/n07849336_21235.jpg,-2.070832732653216,0.202855182189423
food/yogurt/n07849336_21355.jpg,-1.1335025908704095,0.3159960502354476
food/yogurt/n07849336_21675.jpg,-1.4040809736723188,0.183599835264204
food/yogurt/n07849336_21762.jpg,-1.925151957207066,0.0182407283438211
food/yogurt/n07849336_21854.jpg,-1.182097545612771,0.3206781662097533
food/yogurt/n07849336_22025.jpg,-1.3464060929284891,0.2752699903839041
food/yogurt/n07849336_22032.jpg,-1.494923315896198,0.2964719033384411
food/yogurt/n07849336_22033.jpg,-0.7923169172916933,0.3020890781143147
food/yogurt/n07849336_22239.jpg,-1.3538635183441812,0.246742031716125
food/yogurt/n07849336_22303.jpg,-1.1599724965987488,0.3581961683033658
food/yogurt/n07849336_22329.jpg,-1.336925842363384,0.2552603990627811
food/yogurt/n07849336_22388.jpg,-1.4290300756390213,0.2301803859592804
food/yogurt/n07849336_22458.jpg,-1.1959746034866277,0.3106902849442346
food/yogurt/n07849336_22471.jpg,-1.579972151439812,0.2588729763387298
food/yogurt/n07849336_22546.jpg,-1.4934182355940528,0.1301429315433134
food/yogurt/n07849336_22919.jpg,-1.4036857620806202,0.2129527339249017
food/yogurt/n07849336_22947.jpg,-1.1985182100614604,0.3175371187325079
food/yogurt/n07849336_23055.jpg,-1.5005898773113573,0.1357024793388429
food/yogurt/n07849336_23123.jpg,-1.3936826345294515,0.3325480348120246
food/yogurt/n07849336_24170.jpg,-1.0754001025486493,0.3321625552232253
food/yogurt/n07849336_24671.jpg,-1.1348264384371265,0.2862868838478595
food/yogurt/n07849336_25045.jpg,-1.7696110408146493,0.235941476889832
food/yogurt/n07849336_25086.jpg,-0.7629504922109622,0.3088724884460013
food/yogurt/n07849336_25149.jpg,-0.9958104788734448,0.2181258741258741
food/yogurt/n07849336_25344.jpg,-1.406076671910126,0.225108225108225
food/yogurt/n07849336_25516.jpg,-1.1805832889740646,0.2179752622330558
food/yogurt/n07849336_25557.jpg,-1.423293830712404,0.1441800969099633
food/yogurt/n07849336_26037.jpg,-1.3747945008832787,0.2049088613889792
food/yogurt/n07849336_26173.jpg,-1.3213499339396395,0.3115054637840855
food/yogurt/n07849336_26281.jpg,-1.6173861445700954,0.2897804999378187
food/yogurt/n07849336_26407.jpg,-1.3318226067119403,0.2679856415393605
food/yogurt/n07849336_27107.jpg,-1.2960486806985485,0.2052074363000861
food/yogurt/n07849336_27565.jpg,-1.563410300176752,0.2530855304230898
food/yogurt/n07849336_27581.jpg,-1.4102879847371887,0.2045117845117845
food/yogurt/n07849336_28290.jpg,-1.2869327823542005,0.2360609263886219
food/yogurt/n07849336_28787.jpg,-2.019019087568152,0.1449088268517024
food/yogurt/n07849336_28836.jpg,-2.0049666158999395,0.0381970641699732
food/yogurt/n07849336_28899.jpg,-1.4043063619705598,0.3119551681195516
food/yogurt/n07849336_29367.jpg,-1.218718779923364,0.3858119255243931
food/yogurt/n07849336_29721.jpg,-1.8086136547157048,0.2904496008104393
food/yogurt/n07849336_30056.jpg,-1.2216272329481497,0.3029773459569757
food/yogurt/n07849336_30264.jpg,-1.6726495799519656,0.2843482134627792
food/yogurt/n07849336_31247.jpg,-1.4233485959425578,0.1606966662635033
food/yogurt/n07849336_31583.jpg,-1.5948806839431808,0.3199163407105007
food/yogurt/n07849336_31809.jpg,-1.2622213541836382,0.3465145336463868
food/yogurt/n07849336_32035.jpg,-1.0535929924907217,0.3471028694909291
food/yogurt/n07849336_32099.jpg,-1.4241513021539984,0.2904597750218789
food/yogurt/n07849336_32431.jpg,-1.6707412264111197,0.2767477790652762
food/yogurt/n07849336_32731.jpg,-1.477487470322438,0.3691201559834267
food/yogurt/n07849336_33495.jpg,-1.7014152502389246,0.2548825938656447
food/zucchini/n07716358_10021.jpg,-1.2016765321420946,0.1191908834564563
food/zucchini/n07716358_1006.jpg,-0.844231630912203,0.2989680003254663
food/zucchini/n07716358_1018.jpg,-1.0135618853456363,0.1731019267272818
food/zucchini/n07716358_10251.jpg,-1.4487796642659154,0.179601831150857
food/zucchini/n07716358_10974.jpg,-0.7593251087046631,0.3695115720881811
food/zucchini/n07716358_11383.jpg,-1.25096129811459,0.2547442566868664
food/zucchini/n07716358_11412.jpg,-1.8591760842792344,0.2264754775017245
food/zucchini/n07716358_11437.jpg,-1.737551222709798,0.2348702557216893
food/zucchini/n07716358_11450.jpg,-1.3155093933348,0.1290052012783865
food/zucchini/n07716358_11514.jpg,-0.615957647113315,0.329862237115507
food/zucchini/n07716358_11986.jpg,-0.7584452168337097,0.290369273967981
food/zucchini/n07716358_12371.jpg,-1.6496015496134029,0.0647009642717797
food/zucchini/n07716358_12557.jpg,-1.00090779043545,0.1844653172222918
food/zucchini/n07716358_1258.jpg,-1.0003786369695251,0.2703194541602036
food/zucchini/n07716358_12705.jpg,-1.2247440661784497,0.3316695998384351
food/zucchini/n07716358_15290.jpg,-1.646288700073602,0.1331151252645568
food/zucchini/n07716358_1549.jpg,-1.4659390765515132,0.3837959454056086
food/zucchini/n07716358_15527.jpg,-0.939504716665648,0.2195057318359364
food/zucchini/n07716358_15994.jpg,-1.4251066618250547,0.2067462738603678
food/zucchini/n07716358_16000.jpg,-0.9702515931901322,0.3347822918564401
food/zucchini/n07716358_16756.jpg,-0.9737585024375146,0.2302805889762411
food/zucchini/n07716358_16886.jpg,-1.3259762729396942,0.3077809821261183
food/zucchini/n07716358_16986.jpg,-0.5180971865168408,0.2883947904210968
food/zucchini/n07716358_1799.jpg,-1.1500280760352208,0.3746926819061569
food/zucchini/n07716358_18492.jpg,-1.5501196124015195,0.2746420408177685
food/zucchini/n07716358_19627.jpg,-1.5120014322117432,0.1326346480350587
food/zucchini/n07716358_21207.jpg,-1.280830367651652,0.2681566919524276
food/zucchini/n07716358_21929.jpg,-1.2344539912782089,0.3583646775033177
food/zucchini/n07716358_22212.jpg,-0.9816206054720964,0.2671124641001021
food/zucchini/n07716358_22242.jpg,-1.061679329444017,0.2636171899695812
food/zucchini/n07716358_23357.jpg,-1.137938059842686,0.051130364495188
food/zucchini/n07716358_24443.jpg,-1.3674740323368626,0.2060149922972984
food/zucchini/n07716358_2688.jpg,-1.8416217300449589,0.1100265569215075
food/zucchini/n07716358_31011.jpg,-0.9442126171637816,0.1962400206026268
food/zucchini/n07716358_3154.jpg,-0.8516126107349965,0.2764428743838117
food/zucchini/n07716358_3263.jpg,-1.4206137892877175,0.3076271154939839
food/zucchini/n07716358_3451.jpg,-0.6468325655127325,0.382355134611082
food/zucchini/n07716358_3603.jpg,-1.841295066165472,0.3421438556048752
food/zucchini/n07716358_4045.jpg,-0.7655064888211449,0.3324703134124975
food/zucchini/n07716358_4376.jpg,-1.4348481012215155,0.264082203023279
food/zucchini/n07716358_5422.jpg,-1.1061945648647038,0.0898310049388542
food/zucchini/n07716358_5976.jpg,-0.670140226451649,0.1998913185869475
food/zucchini/n07716358_6492.jpg,-1.0840639650441373,0.2797776293391368
food/zucchini/n07716358_680.jpg,-1.7861073253262114,0.207780594334533
food/zucchini/n07716358_7251.jpg,-0.6832852725990657,0.3189723683880305
food/zucchini/n07716358_7311.jpg,-1.687122581629881,0.3724496081423007
food/zucchini/n07716358_8726.jpg,-1.6968338246379924,0.3504186205647353
food/zucchini/n07716358_9362.jpg,-0.9674501208709638,0.3087683411352818
food/zucchini/n07716358_9686.jpg,-1.3271033139917845,0.2449129481387546
food/zucchini/n07716358_9840.jpg,-1.0373711743367635,0.2649093200829192
landscape/badlands/00da7332b7397d6f.jpg,-1.636607438618431,0.2245603701346203
landscape/badlands/059749eaad9544d9.jpg,-1.5593610797415849,0.186486501967568
landscape/badlands/0a41e7b2e1f24787.jpg,-1.8757091918707152,0.3238562181014727
landscape/badlands/0bdbfdfbf9606d17.jpg,-1.6575153326843182,0.2176148576328231
landscape/badlands/0c25ec21ea3806e6.jpg,-1.7977929975885365,0.2260755476052926
landscape/badlands/0cc4df7bd821eaba.jpg,-1.308539552244183,0.2298243125897284
landscape/badlands/107a6a75b9ff7593.jpg,-1.3982564241637736,0.2168411999797642
landscape/badlands/1b65eba9195d7b48.jpg,-1.4333091865773016,0.3394763456568153
landscape/badlands/1da1b998c1df5ab0.jpg,-1.7040491512540106,0.2691498827145514
landscape/badlands/1dec1025e732839a.jpg,-1.7028721091371994,0.2809740398777583
landscape/badlands/268ae58502ee8494.jpg,-1.7206062885253153,0.3424564564683749
landscape/badlands/28ebdb960cfc3dbd.jpg,-1.2657650068867905,0.212897585456681
landscape/badlands/2a29b88a3087549c.jpg,-1.475742096840207,0.2463073393998601
landscape/badlands/2b70d9312b233b85.jpg,-1.4070874313875796,0.1831607391761657
landscape/badlands/2d3e71fb4b3ff54c.jpg,-1.3740511704066394,0.2016272923471095
landscape/badlands/2da2f8e4173ec2d8.jpg,-1.6226450058501278,0.3137171180871406
landscape/badlands/52bd0abf2480dfcd.jpg,-1.534236180807664,0.1901599974553088
landscape/badlands/542429bec668190a.jpg,-1.5794511985616044,0.2978269948014919
landscape/badlands/7015248aec86e3ca.jpg,-1.5963791446535645,0.2383538521690205
landscape/badlands/73b01924148f9a88.jpg,-1.6318776651774625,0.2176789010145053
landscape/badlands/74829e0dff4fb883.jpg,-1.6343514370262215,0.1552765296841126
landscape/badlands/75a33eb7832e35bf.jpg,-1.746331292708181,0.3652395700491893
landscape/badlands/781ab453ae76a695.jpg,-1.451424957927864,0.2088229832612675
landscape/badlands/7c2a6958d5f04db7.jpg,-1.872415029860066,0.1894471931431131
landscape/badlands/7d8fd8f343ad653c.jpg,-1.5555579971758666,0.1600426238042558
landscape/badlands/7fdd6659bc009251.jpg,-1.6835474958581338,0.230431380750794
landscape/badlands/82b0bd6fbadf3ec9.jpg,-1.6315678178609163,0.3351453188977367
landscape/badlands/83e633a2e8135127.jpg,-1.5984906525686973,0.3050378448766989
landscape/badlands/8797c6121f65e4e3.jpg,-1.5992334721925674,0.1761753512461727
landscape/badlands/98a873a3a095d8a4.jpg,-1.790746036735343,0.4167328815143725
landscape/badlands/9dab048bfbdd7bbb.jpg,-1.6034225928377135,0.3102230781575991
landscape/badlands/a0c9618ba54fff18.jpg,-1.2108107033951712,0.1825429212221326
landscape/badlands/a0de488cdeace1df.jpg,-1.73476145977689,0.3267868349713059
landscape/badlands/ab3255d92dfcb5ab.jpg,-1.5194960314651444,0.2205098039215686
landscape/badlands/ac3390421ba8e3dc.jpg,-1.5128240255432432,0.2648988583068833
landscape/badlands/acb9398303757285.jpg,-1.474771281518548,0.1676584241940458
landscape/badlands/b01e802e7b08c078.jpg,-1.8247639397916868,0.2595512828908592
landscape/badlands/b11e37afd9ca3853.jpg,-1.624037518207299,0.2289733446707826
landscape/badlands/b2bee0c1ec3cc149.jpg,-1.7085622065564534,0.265202474645997
landscape/badlands/b58ab34a53532e2f.jpg,-1.4467496219169689,0.2107204116638079
landscape/badlands/b72dffd33c2f2bbc.jpg,-1.4416777958341198,0.3158938614759091
landscape/badlands/b7fe4bc808463620.jpg,-1.6667358594097077,0.2237074389383875
landscape/badlands/ba265c6531f7a08d.jpg,-1.5583630546440057,0.2802881840273076
landscape/badlands/bbf382bbbdf2b5dd.jpg,-1.6599073372287456,0.2718379446640316
landscape/badlands/c288579b7d3380a8.jpg,-1.8337379715575264,0.2346754094469499
landscape/badlands/c7664b0fa8cf14c0.jpg,-1.1697034309529537,0.2764130035464654
landscape/badlands/c88aa10132f2e108.jpg,-1.662819792630537,0.2656411057786219
landscape/badlands/d5a7faf3171bfdaa.jpg,-1.4733503356764577,0.2687741827285904
landscape/badlands/dbba62b95db78bc0.jpg,-1.6472593969105471,0.282525095433338
landscape/badlands/f3de0d72febbe17f.jpg,-1.6126486666147832,0.2008322607645112
landscape/badlands/f794981f98222f1a.jpg,-1.482024761796474,0.1957096152984907
landscape/badlands/sun_aabtemlmesogqbbp.jpg,-1.659006138487607,0.1958673856264217
landscape/badlands/sun_aafufhgywldccful.jpg,-1.182026604546841,0.2063982673239405
landscape/badlands/sun_acbedfdkmesyeogi.jpg,-1.4329168293664627,0.2027702513314024
landscape/badlands/sun_acqtguiyneoekymy.jpg,-1.6418092897716454,0.2828565374019919
landscape/badlands/sun_acywrsqkjcxhexft.jpg,-1.5633083266543304,0.1368021808699775
landscape/badlands/sun_afjyijsdqpcdnjoq.jpg,-1.6987863608700806,0.2600088733019247
landscape/badlands/sun_afnvhdshiuypvkuh.jpg,-1.8630836937536377,0.2862944559106768
landscape/badlands/sun_afrzvqxvclehrgoh.jpg,-1.626340428361983,0.3353401565322095
landscape/badlands/sun_agudaktqbpkgxxhn.jpg,-1.7125812652138637,0.298082869511441
landscape/badlands/sun_aitbuzxgbexdoeda.jpg,-1.1746466966192262,0.3153207013091593
landscape/badlands/sun_aiygmeizvjhdqbep.jpg,-1.163933453146414,0.2701360941996583
landscape/badlands/sun_ajpdesmpmbcnhujq.jpg,-1.385281607482991,0.1178972853417505
landscape/badlands/sun_ajtvysscoirnzowp.jpg,-1.4466024885527866,0.1780826422365885
landscape/badlands/sun_akriyetrhoopjsdy.jpg,-1.655432238185778,0.33001295404854
landscape/badlands/sun_akynhepkzcxxkgow.jpg,-1.807999080859184,0.2448122229224016
landscape/badlands/sun_akzatmmwjirnsqtm.jpg,-0.5932846284119268,0.3987415653560345
landscape/badlands/sun_almgxeqkzurgtvxc.jpg,-1.68372097786759,0.2678341860160041
landscape/badlands/sun_alwuoiefepifbttr.jpg,-1.1847306229661274,0.2280697418661262
landscape/badlands/sun_annigentdnxzfcct.jpg,-1.8691861370233365,0.2916323901469881
landscape/badlands/sun_anowzijwkurybpjf.jpg,-1.3374760914488844,0.2774583345494877
landscape/badlands/sun_antdfwhuefttipaf.jpg,-1.326686729560637,0.148445886309964
landscape/badlands/sun_aoctxvsbexxwkqqe.jpg,-1.3314577576453075,0.2095673149404492
landscape/badlands/sun_aosvqijvmwznjrsh.jpg,-1.9097429121222995,0.3794181045252983
landscape/badlands/sun_apfnwcsymntkbqrf.jpg,-1.692270739435045,0.359837430637146
landscape/badlands/sun_apuwqhnxyyoryrhd.jpg,-1.4478398161179151,0.1950109667070416
landscape/badlands/sun_asvcfruitoxygxrv.jpg,-1.642871790716749,0.3384174520510317
landscape/badlands/sun_attunurkvvvrpksl.jpg,-1.2457158487376438,0.2850584458845618
landscape/badlands/sun_auqxyqokuctxomkt.jpg,-0.972830598986018,0.2415231327720707
landscape/badlands/sun_awcogbgxpqgyyrdo.jpg,-0.8010663801221656,0.3323458151044358
landscape/badlands/sun_axsymjusrygftnzi.jpg,-1.165417783699543,0.2561892941545083
landscape/badlands/sun_ayoerapgbyhrmmlq.jpg,-0.8804098401397994,0.2548678632174863
landscape/badlands/sun_azmctncekrqydlxc.jpg,-2.0516515763967824,0.1944083040264528
landscape/badlands/sun_bcyqhmsuncrhyodx.jpg,-1.6455192814379165,0.2938473138952718
landscape/badlands/sun_belkzcvlquyyzxlu.jpg,-1.6333122814443108,0.2661387203370507
landscape/badlands/sun_beyqkdhbapysbwbv.jpg,-1.7418243175419887,0.2208786950361481
landscape/badlands/sun_bflturjnhzlhrmth.jpg,-1.6884608380290909,0.2268823099415204
landscape/badlands/sun_bhribroenyyculkx.jpg,-1.6592758856531162,0.3724546825405194
landscape/badlands/sun_biqmabkmyhrrasmc.jpg,-1.758737007598937,0.3426043179397812
landscape/badlands/sun_bjrxopjiakyihdqo.jpg,-1.7841380021715412,0.2968124307744738
landscape/badlands/sun_bkndlzaanugxpvaq.jpg,-1.6773656192261048,0.2409500286904673
landscape/badlands/sun_bljyguxxfiakvvcz.jpg,-1.819875682858171,0.3192533702039405
landscape/badlands/sun_bmoouvnnsnxypsla.jpg,-1.9538621780024847,0.3485885904578132
landscape/badlands/sun_bzbwppkmmulpqnkr.jpg,-1.3251574556386618,0.2128167646763449
landscape/badlands/sun_bzlmupmmiqdoxiio.jpg,-1.6293543772992842,0.1515606639855684
landscape/barn/n02793495_10000.jpg,-0.6636711261993202,0.1075156266239068
landscape/barn/n02793495_10790.jpg,-0.8542633343918659,0.2693162940628141
landscape/barn/n02793495_10847.jpg,-0.8913584085651534,0.2508117263067411
landscape/barn/n02793495_11186.jpg,-0.9829192672048856,0.3149747132108055
landscape/barn/n02793495_11567.jpg,-0.5958587574660275,0.2107577383524034
landscape/barn/n02793495_12207.jpg,-0.598951309688667,0.3229270106421086
landscape/barn/n02793495_12235.jpg,-0.602711148933312,0.3104838943324507
landscape/barn/n02793495_12386.jpg,-0.8646676749619505,0.2999052162774188
landscape/barn/n02793495_12521.jpg,-0.7306829040929932,0.2440628953551418
landscape/barn/n02793495_13346.jpg,-0.6223125758814185,0.3430580064894404
landscape/barn/n02793495_13455.jpg,-0.8239577480200561,0.3122853500637389
landscape/barn/n02793495_13459.jpg,-0.5892754647259917,0.3106778465094736
landscape/barn/n02793495_1349.jpg,-0.7544716733901595,0.2737708765911347
landscape/barn/n02793495_13493.jpg,-1.1723436888533714,0.280643075345062
landscape/barn/n02793495_14549.jpg,-0.6245286269248992,0.2741282542738532
landscape/barn/n02793495_14786.jpg,-0.931181682949754,0.3075284090909091
landscape/barn/n02793495_15038.jpg,-0.9487319355263336,0.2078463110820584
landscape/barn/n02793495_15347.jpg,-0.6759235709933726,0.1722160226299535
landscape/barn/n02793495_16056.jpg,-1.185478207446914,0.2303226591053107
landscape/barn/n02793495_16251.jpg,-1.2694992853962066,0.0674173040859679
landscape/barn/n02793495_1647.jpg,-0.7357401044513455,0.2809323350150497
landscape/barn/n02793495_16996.jpg,-0.7374418820814881,0.2725429462597991
landscape/barn/n02793495_18211.jpg,-0.6317009217314015,0.3491879409098506
landscape/barn/n02793495_183.jpg,-0.5975553856357158,0.3246002758936164
landscape/barn/n02793495_18304.jpg,-0.8300500150417516,0.3636820374159603
landscape/barn/n02793495_18722.jpg,-0.8049545281063412,0.2375124655949579
landscape/barn/n02793495_18999.jpg,-0.915087223768055,0.2655777475921361
landscape/barn/n02793495_1919.jpg,-0.9343782520982884,0.2929198966408269
landscape/barn/n02793495_19291.jpg,-0.9778655421956016,0.3555671115215472
landscape/barn/n02793495_19836.jpg,-0.8520151976475941,0.2671158965012829
landscape/barn/n02793495_20435.jpg,-0.8195364949802616,0.1973698200845015
landscape/barn/n02793495_20454.jpg,-0.7263764421273265,0.3187011721153704
landscape/barn/n02793495_2078.jpg,-0.7608306884112648,0.2807360415277153
landscape/barn/n02793495_22911.jpg,-0.654191330550848,0.2664857844451805
landscape/barn/n02793495_22937.jpg,-0.5783248004593293,0.3521359249644993
landscape/barn/n02793495_2351.jpg,-0.9698704353713192,0.3149369725456682
landscape/barn/n02793495_2506.jpg,-0.6764270030079966,0.2267010981296696
landscape/barn/n02793495_2558.jpg,-0.6116482540437198,0.2746023006294736
landscape/barn/n02793495_2868.jpg,-0.892136328323834,0.2572015654481627
landscape/barn/n02793495_297.jpg,-0.8040758366888768,0.3273802823947274
landscape/barn/n02793495_352.jpg,-0.6859212413548735,0.3017616846430406
landscape/barn/n02793495_3658.jpg,-0.5335393871653804,0.3030426464235018
landscape/barn/n02793495_3852.jpg,-0.6803774568949819,0.2231534854689092
landscape/barn/n02793495_386.jpg,-0.9241891332153508,0.3375022287883033
landscape/barn/n02793495_3970.jpg,-0.8444925704876418,0.2771128082113542
landscape/barn/n02793495_4056.jpg,-0.6030287903657516,0.2763212221304706
landscape/barn/n02793495_4091.jpg,-0.7118689981122502,0.3183587529636576
landscape/barn/n02793495_4187.jpg,-0.3682905363479007,0.2611239409134233
landscape/barn/n02793495_4333.jpg,-0.6123094895445639,0.2880382271627141
landscape/barn/n02793495_435.jpg,-0.5864205759130503,0.3128452157427493
landscape/barn/n02793495_4687.jpg,-1.0707826408650256,0.3082128950127303
landscape/barn/n02793495_4712.jpg,-0.6744058654754036,0.3479878447076198
landscape/barn/n02793495_4908.jpg,-1.067504966771156,0.2407943618881118
landscape/barn/n02793495_5227.jpg,-0.7298369804885213,0.282498731249532
landscape/barn/n02793495_5293.jpg,-0.8804459602498125,0.3766426272053502
landscape/barn/n02793495_5839.jpg,-0.6806697708225342,0.2737450865993518
landscape/barn/n02793495_5941.jpg,-0.7495816253838339,0.3631808332512558
landscape/barn/n02793495_6042.jpg,-0.4183225670053937,0.207301118966765
landscape/barn/n02793495_6199.jpg,-0.8092835703926632,0.2713221175243835
landscape/barn/n02793495_6295.jpg,-0.8844166999639939,0.2186203319502074
landscape/barn/n02793495_6305.jpg,-0.7546596731400083,0.1713298474146103
landscape/barn/n02793495_6515.jpg,-0.6273750593642203,0.2541521302819273
landscape/barn/n02793495_666.jpg,-0.7759343104423495,0.3503230681712049
landscape/barn/n02793495_6761.jpg,-0.8667516946335323,0.3245806420514798
landscape/barn/n02793495_6766.jpg,-0.5499306291568912,0.1775921184360907
landscape/barn/n02793495_6822.jpg,-0.7074063021655297,0.2295524711788473
landscape/barn/n02793495_6971.jpg,-0.7637842009020384,0.3002674263585576
landscape/barn/n02793495_7335.jpg,-0.8204842054625641,0.2125057923455926
landscape/barn/n02793495_7388.jpg,-0.5782047093851064,0.2636833117509582
landscape/barn/n02793495_742.jpg,-0.7553646058395088,0.2016761335505765
landscape/barn/n02793495_7457.jpg,-0.6682097435257024,0.3330010948174716
landscape/barn/n02793495_7506.jpg,-1.1747666292326295,0.3510422848315295
landscape/barn/n02793495_7531.jpg,-0.6306893739405384,0.2233880112724128
landscape/barn/n02793495_7616.jpg,-0.9102634706701838,0.3189549930821193
landscape/barn/n02793495_7832.jpg,-0.6277098055320693,0.0878638639231255
landscape/barn/n02793495_8006.jpg,-0.5652445780597957,0.2646774860925934
landscape/barn/n02793495_8093.jpg,-0.8736456122686985,0.2608645808930912
landscape/barn/n02793495_8339.jpg,-1.310478333937225,0.1927177207057124
landscape/barn/n02793495_8390.jpg,-0.6534233261184517,0.213123527328169
landscape/barn/n02793495_8429.jpg,-0.9361459752863672,0.0100416796452038
landscape/barn/n02793495_8638.jpg,-0.7420939659196002,0.283213821646855
landscape/barn/n02793495_8814.jpg,-1.1611122341511235,0.2842384105960265
landscape/barn/n02793495_8877.jpg,-0.7386017701327035,0.3183858516807494
landscape/barn/n02793495_9481.jpg,-1.008915434207424,0.2788685069977129
landscape/barn/n02793495_950.jpg,-0.791684973245079,0.3000910456593981
landscape/barn/n02793495_9512.jpg,-0.9024106713935204,0.3555838899181489
landscape/creek/00a72fa141918070.jpg,-1.2594885242134513,0.2037841498136832
landscape/creek/01bd4bab4175a966.jpg,-1.5404359273182335,0.1535052249337963
landscape/creek/05afa89b37d9be10.jpg,-1.8036325047011343,0.1881021669313979
landscape/creek/0618cd4758301cb9.jpg,-1.3256513498994158,0.2419960006880536
landscape/creek/073d23092eef5bfb.jpg,-1.438982769018534,0.1823746370556384
landscape/creek/087dbe6470966500.jpg,-1.620077408873521,0.2233091794292718
landscape/creek/131887bc16929743.jpg,-1.4157313234547468,0.1933205584451136
landscape/creek/140890848a829520.jpg,-1.1826944793655405,0.1689092241743109
landscape/creek/1de1c35c00ce3111.jpg,-1.8092348756163597,0.3050655811849841
landscape/creek/1e2d358378956a37.jpg,-1.502819153169808,0.2909371872091594
landscape/creek/201efab9064c75a7.jpg,-1.3118931540656775,0.1445411994558279
landscape/creek/2c06e792a2b5823c.jpg,-1.390221897879676,0.0352213012395551
landscape/creek/2e8af3c96d099203.jpg,-1.1183895045081376,0.20308571991916
landscape/creek/372644d098fe67ac.jpg,-1.7525706144832176,0.1065220071507828
landscape/creek/463f022d60c8c47e.jpg,-1.6434352258087872,0.2225446352370873
landscape/creek/4b9dd131b6d77acd.jpg,-1.4517211459460255,0.1451980621259618
landscape/creek/4ec1db0726dc0eb9.jpg,-1.3032989742047825,0.1378749713762308
landscape/creek/559d6b3d60bdf647.jpg,-1.64428268116056,0.2416776138558119
landscape/creek/57325acb63287b6e.jpg,-1.3340471698737255,0.2028222586475013
landscape/creek/5ae9c86a0d3ec94d.jpg,-1.283760866167094,0.1750116715230935
landscape/creek/5c5e8f097fa56b06.jpg,-1.5060298130544223,0.2244158592245349
landscape/creek/5cd6e415c8c6d151.jpg,-1.4825034585076653,0.1965248956790193
landscape/creek/5ce6490d4d1dbdf8.jpg,-1.4502771835417376,0.216020859256295
landscape/creek/5d4485ce19cf9ff1.jpg,-1.743417658399648,0.1078001910839507
landscape/creek/61a523fb9fa663e8.jpg,-1.5481621793178475,0.2432003308938805
landscape/creek/641cb302c6e9b8a1.jpg,-1.3697717421299709,0.2337926689012721
landscape/creek/6b8aaacf3a46ccc7.jpg,-1.2851364683578286,0.2637638435184448
landscape/creek/6c2d44f9a68bbe96.jpg,-1.798825713047546,0.2742345649904006
landscape/creek/741cb9983009b9d4.jpg,-1.698629848741601,0.2225785875355991
landscape/creek/7b96be62afaaac4d.jpg,-1.428013447134094,0.1484959679758659
landscape/creek/7f03ee12590a2446.jpg,-1.399518624312646,0.2630593794012085
landscape/creek/813c63e15bffdef1.jpg,-1.4382769228396737,0.2444464395649497
landscape/creek/8474877e90b4ab52.jpg,-1.535125211048491,0.1478308673215687
landscape/creek/947574afed9997e3.jpg,-1.375438308452681,0.2388429031055605
landscape/creek/956de88eec561f18.jpg,-1.5260027651854933,0.1759368811531617
landscape/creek/9abd18b0c7220a0d.jpg,-1.400024994044236,0.2008658008658009
landscape/creek/9c5107164aa3514f.jpg,-1.333031723630988,0.1262601644029867
landscape/creek/9e81775a5eb30dd0.jpg,-1.5907547800923287,0.318216649251132
landscape/creek/a64321454ce3af8a.jpg,-1.4957310809930529,0.1001654563838588
landscape/creek/b23a9b62c338a34a.jpg,-1.3409144573955656,0.0445157727617864
landscape/creek/b473f6b302b8ece8.jpg,-1.6039773194351907,0.063894000736106
landscape/creek/b52fbb2521836cc7.jpg,-1.3041824885963182,0.168866523675961
landscape/creek/be3ff20a17c22e90.jpg,-1.343757689687569,0.1268180826950908
landscape/creek/be93f13ea8c14ee4.jpg,-1.2874669503326013,0.1561266628445131
landscape/creek/c288b628fb00ac02.jpg,-1.4230031764843345,0.1549943308016091
landscape/creek/d1a8ea41abbabc91.jpg,-1.46696691961528,0.2256977256977257
landscape/creek/d37ce84bd17e9211.jpg,-1.4636577874693495,0.0577392375672281
landscape/creek/d48a4be9c6c9d170.jpg,-1.3416485487129863,0.2768518613836245
landscape/creek/db65aaa975ba7c84.jpg,-1.332236779548999,0.3061610144633227
landscape/creek/dd97cf9ce8a82992.jpg,-1.3226332306140949,0.2948160853821231
landscape/creek/df76ffc41182400a.jpg,-1.4160547174497866,0.177250841177693
landscape/creek/e152d5868447723e.jpg,-1.471120705021451,0.1394077102041703
landscape/creek/e9b2d88b44dc398f.jpg,-1.6864875081671078,0.1429631717734712
landscape/creek/ea8f9fc441045158.jpg,-1.5127878918706872,0.1554000069475805
landscape/creek/ed957e8fc936d13b.jpg,-1.602278592774983,0.2562604198080195
landscape/creek/f1a0fbb794a4ce48.jpg,-1.6550271207267753,0.2596997564610519
landscape/creek/sun_aaacmydfmcozlpel.jpg,-1.1946406561567404,0.0686972468704081
landscape/creek/sun_aajttwmkstixpqmk.jpg,-0.8670243460461342,0.0931313368732572
landscape/creek/sun_aanfjwabnufovale.jpg,-0.958533452713609,0.2374792169482435
landscape/creek/sun_actgnbsscuyuuawn.jpg,-0.806883308167652,0.1409694786186567
landscape/creek/sun_adldsxrckcxskwaa.jpg,-1.2935564397886297,0.1671193677833294
landscape/creek/sun_aebcvprafheupjve.jpg,-0.7993834172703475,0.0781928226447392
landscape/creek/sun_aermylfjqkdyfriq.jpg,-1.2706123155089986,0.1542969910957357
landscape/creek/sun_afxtgecjnlpwldpz.jpg,-1.2035177036323152,0.1545911474888747
landscape/creek/sun_agolreejblugpbjs.jpg,-1.2192605610491647,0.1297042062415196
landscape/creek/sun_ahzprtdsycxhoqdq.jpg,-1.3160372993036862,0.2210923427563136
landscape/creek/sun_aioimawbzwwqcygr.jpg,-1.349851024962296,0.2367601246105919
landscape/creek/sun_ajcopavjqtimjnsa.jpg,-1.3427607166486388,0.2189882038848176
landscape/creek/sun_ajtyybhnsrlhgzrj.jpg,-0.9573736870749762,0.0183575940675638
landscape/creek/sun_ajwkskkzoxfeqyqi.jpg,-1.1048817411530292,-0.0525691699604743
landscape/creek/sun_amkixpdbwspaesca.jpg,-0.8400755218259847,0.1232286686479734
landscape/creek/sun_ammtyagxwuynloho.jpg,-0.8405400503498177,0.1067276097396579
landscape/creek/sun_amstctgduhgtglor.jpg,-0.9261952660282718,0.1035390827507151
landscape/creek/sun_aobzojzeyotxkmpe.jpg,-1.5267294093401842,0.302253161924464
landscape/creek/sun_aprctqsrjhrpevzy.jpg,-1.5250037327009935,0.1850352692992287
landscape/creek/sun_aqjctcdzynstdphs.jpg,-1.3871881577534853,0.0206723607643093
landscape/creek/sun_aqtlcclamvffivey.jpg,-1.5854789015560942,0.055861764227075
landscape/creek/sun_aqvjdljstjrakyei.jpg,-1.4019622302870614,0.1557549258985861
landscape/creek/sun_arkqnfqxddjeoygu.jpg,-1.3732837733099608,0.1539925225821901
landscape/creek/sun_aruzhowbjizakxna.jpg,-0.8819492319776611,0.0993974976135978
landscape/creek/sun_arwbkcpbnacrivin.jpg,-1.542534777287859,0.1096937661089511
landscape/creek/sun_asmuwsqhwjdxgbnv.jpg,-0.9685898913061072,0.1901666716360058
landscape/creek/sun_aualbeefqekxpoue.jpg,-1.39219678480287,0.2129352678899028
landscape/creek/sun_auldcjwiqhhhwcld.jpg,-1.2875519519907417,0.0095610656882873
landscape/creek/sun_avkfkuagzulwurbc.jpg,-0.9541736491976656,0.1233809001097694
landscape/creek/sun_axcrysjbknmdgxyo.jpg,-1.118423400081706,0.2332119882311873
landscape/creek/sun_axfsimotavzqntkx.jpg,-0.942049123404918,0.123961367468956
landscape/creek/sun_azxubsqvphflkrru.jpg,-1.2292292113131853,0.1661632739208594
landscape/desert/n09270735_10323.jpg,-1.92648487626588,0.3800001771934331
landscape/desert/n09270735_10417.jpg,-1.656320972962367,0.2151898734177215
landscape/desert/n09270735_10593.jpg,-1.4897827763854024,0.4406820329463622
landscape/desert/n09270735_10720.jpg,-0.5703397694677772,0.3932160069819179
landscape/desert/n09270735_11406.jpg,-1.4654145451219125,0.2237094095315572
landscape/desert/n09270735_11686.jpg,-1.3660574297460482,0.4137280531655631
landscape/desert/n09270735_12116.jpg,-1.5042263376311955,0.3915701187006894
landscape/desert/n09270735_12770.jpg,-0.7982599008613214,0.4161193013185424
landscape/desert/n09270735_13703.jpg,-1.3092660836042629,0.2383162236909952
landscape/desert/n09270735_13713.jpg,-1.4066633702488922,0.2047423461503953
landscape/desert/n09270735_14002.jpg,-1.2632747719108033,0.4199781695991179
landscape/desert/n09270735_14484.jpg,-0.7400723562209569,0.3856405569593032
landscape/desert/n09270735_159.jpg,-1.5052637809762677,0.3962273588733208
landscape/desert/n09270735_16660.jpg,-0.7979705806222596,0.3322544667264417
landscape/desert/n09270735_16991.jpg,-0.8388751478992037,0.3147675225537821
landscape/desert/n09270735_1884.jpg,-1.495583373286505,0.3987371884657284
landscape/desert/n09270735_19117.jpg,-1.3335749966057129,0.3518963144651915
landscape/desert/n09270735_19211.jpg,-0.8403542502681122,0.3724555972215511
landscape/desert/n09270735_19361.jpg,-1.0905101307357163,0.3487041208265278
landscape/desert/n09270735_19405.jpg,-0.9422659101533832,0.3986316068939578
landscape/desert/n09270735_19890.jpg,-1.5054467597763537,0.2845193262468141
landscape/desert/n09270735_21232.jpg,-0.665774203069467,0.3944534155767954
landscape/desert/n09270735_22315.jpg,-0.896475553740285,0.3888466137623654
landscape/desert/n09270735_22985.jpg,-0.9223738218945544,0.4404069495614445
landscape/desert/n09270735_23003.jpg,-0.7035690404207426,0.34751776257174
landscape/desert/n09270735_24858.jpg,-1.2995656565406617,0.3347125180530076
landscape/desert/n09270735_25350.jpg,-0.6961721456303431,0.3950624216220263
landscape/desert/n09270735_25780.jpg,-1.5844645049806183,0.2386253772009492
landscape/desert/n09270735_27340.jpg,-0.9161431200126032,0.3668226510331773
landscape/desert/n09270735_2754.jpg,-1.8844163371252045,0.3680584372594547
landscape/desert/n09270735_28592.jpg,-1.0583794674251314,0.3976779044038923
landscape/desert/n09270735_30434.jpg,-0.824888083750163,0.3855323267346512
landscape/desert/n09270735_30833.jpg,-1.2752663587266322,0.4057898904297209
landscape/desert/n09270735_31177.jpg,-0.6919355236816193,0.3483310666917382
landscape/desert/n09270735_31455.jpg,-0.7063685132999552,0.3386242307331535
landscape/desert/n09270735_3215.jpg,-0.5700642636383043,0.411086743502403
landscape/desert/n09270735_3519.jpg,-0.5155604104133042,0.3687710477231112
landscape/desert/n09270735_4151.jpg,-0.7240473377607692,0.3744839310288999
landscape/desert/n09270735_4178.jpg,-0.727511493104968,0.382060230063332
landscape/desert/n09270735_41870.jpg,-0.7206036215374255,0.3881480216200388
landscape/desert/n09270735_44665.jpg,-1.0827822736831365,0.3116659434261914
landscape/desert/n09270735_4773.jpg,-1.7628591941714238,0.1892868615483456
landscape/desert/n09270735_51499.jpg,-0.9454856736176392,0.3039507221750212
landscape/desert/n09270735_53301.jpg,-0.7811870448940508,0.3890731322820978
landscape/desert/n09270735_5926.jpg,-1.797263902530869,0.0484647032844424
landscape/desert/n09270735_6787.jpg,-1.0886309480342342,0.4522637109934334
landscape/desert/n09270735_7535.jpg,-1.4863428278566868,0.3234364319890636
landscape/desert/n09270735_7649.jpg,-0.726931866003305,0.398126981786004
landscape/desert/n09270735_7828.jpg,-0.7043850439900062,0.199936671431831
landscape/desert/n09270735_8128.jpg,-0.9949666546360056,0.3730906047290227
landscape/desert/n09270735_8900.jpg,-0.7482537454547464,0.331769209242824
landscape/desert/n09270735_9296.jpg,-1.57357588174813,0.39345894242714
landscape/desert/n09270735_9546.jpg,-1.7108681635469474,0.3863384677338164
landscape/desert/n09270735_9551.jpg,-1.1314778770482787,0.4377530889834908
landscape/desert/n09270735_9869.jpg,-0.9161167743888132,0.3903295528177151
landscape/desert/sun_aafqfjpechscyidz.jpg,-1.334362834647718,0.3186349903872562
landscape/desert/sun_aaqyzvrweabdxjzo.jpg,-1.614676510430968,0.4234108404559655
landscape/desert/sun_acztaebqvjaggqyh.jpg,-1.252928977717219,0.3661588009414097
landscape/desert/sun_adpbjcrpyetqykvt.jpg,-0.9194975945681332,0.294681716493797
landscape/desert/sun_aeepoeftnvbdasao.jpg,-1.9026761231826663,0.4078425253020642
landscape/desert/sun_afdglfvfgxhjtaky.jpg,-1.3440970367385885,0.3025331140602491
landscape/desert/sun_aiatoxvclffgxjts.jpg,-1.901187581619552,0.4069093932293993
landscape/desert/sun_aigxgjoofoaxhxor.jpg,-1.2676375906714723,0.3245069418746488
landscape/desert/sun_aitgdfoepkcgqpkg.jpg,-0.847245467864608,0.4291996018810592
landscape/desert/sun_akdmpkixtkbhhkbr.jpg,-1.5353139366706048,0.126329474572286
landscape/desert/sun_aqtstmhxxgspchdn.jpg,-1.2740491973114718,0.2789780313144798
landscape/desert/sun_argapbxamkdubgcw.jpg,-1.3356106891688742,0.3270058735333361
landscape/desert/sun_asxxlgfchcyhhjgr.jpg,-1.05538082914799,0.3709551584500501
landscape/desert/sun_atfudzdjdouzqtgp.jpg,-0.9539390773992988,0.3761329795874168
landscape/desert/sun_atujmqovmioxulez.jpg,-1.6196795362712069,0.2069251900594135
landscape/desert/sun_atyasoydrjavyfux.jpg,-1.8613255558583304,0.3293349846235197
landscape/desert/sun_augiwpnmzxrwivst.jpg,-1.0271898696249817,0.3239859789684526
landscape/desert/sun_avawcmcabmaoywsj.jpg,-1.0313527503759767,0.2269924390544032
landscape/desert/sun_avmxdpydhkugmnzh.jpg,-1.2883665483387967,0.4088559729711588
landscape/desert/sun_awwfkbrvfgrhwznp.jpg,-1.1170159710320071,0.2637515599500816
landscape/desert/sun_axftaijddzvbjaik.jpg,-1.369687329819962,0.3162184999254436
landscape/desert/sun_aypzejealkrzrqxx.jpg,-1.8260889877553956,0.4191682732029745
landscape/desert/sun_ayyysrlyzcgxgato.jpg,-1.4381416645634348,0.245823460604061
landscape/desert/sun_azskkbpdayjlqhjm.jpg,-1.692694866470394,0.1737205620700766
landscape/field/n09393605_10919.jpg,-0.6192495963695095,0.2865901246288891
landscape/field/n09393605_13641.jpg,-0.8588269136676105,0.0923991659450123
landscape/field/n09393605_15838.jpg,-0.6245207439789742,0.3461764387627336
landscape/field/n09393605_18819.jpg,-0.7307152422122486,0.3844452834259209
landscape/field/n09393605_19602.jpg,-0.7986446990965688,0.2414457446747873
landscape/field/n09393605_21966.jpg,-0.6908841627079818,0.2041514459200254
landscape/field/n09393605_22474.jpg,-0.6995084629677536,0.263673241012729
landscape/field/n09393605_23049.jpg,-0.9240918494678196,0.2518131654328859
landscape/field/n09393605_23116.jpg,-1.3449378614298877,0.3608875786789898
landscape/field/n09393605_23937.jpg,-0.5931977890357637,0.2575042617716286
landscape/field/n09393605_25625.jpg,-0.904780958819934,0.3344962347801241
landscape/field/n09393605_26601.jpg,-0.7424964640360955,0.2110588962978608
landscape/field/n09393605_28586.jpg,-0.6397381291473678,0.2830647775041964
landscape/field/n09393605_29445.jpg,-0.4570499746235069,0.3392228826312428
landscape/field/n09393605_32348.jpg,-1.069404658405019,0.3827158580865756
landscape/field/n09393605_32817.jpg,-1.1152205702353626,0.3238529188407927
landscape/field/n09393605_3369.jpg,-0.5684215922287188,0.3795341122920276
landscape/field/n09393605_34572.jpg,-0.7038568216309198,0.3235348542123767
landscape/field/n09393605_35662.jpg,-0.8363969501477742,0.219668032502257
landscape/field/n09393605_36719.jpg,-0.5337824391389273,0.3454658161953501
landscape/field/n09393605_36825.jpg,-0.8817421669330373,0.3229411425043417
landscape/field/n09393605_38089.jpg,-0.8091170440387907,0.247543861688893
landscape/field/n09393605_40542.jpg,-0.8674202289653249,0.3077118541871242
landscape/field/n09393605_41164.jpg,-0.8500669830784595,0.1839424230921131
landscape/field/n09393605_41697.jpg,-0.9125309531060972,0.3026666501369896
landscape/field/n09393605_42636.jpg,-0.6239473142599213,0.3613132828862372
landscape/field/n09393605_43491.jpg,-1.2663559979657133,0.3234644575315196
landscape/field/n09393605_44117.jpg,-0.6381141363778061,0.346635616245016
landscape/field/n09393605_45426.jpg,-0.939493958644475,0.3970555306762202
landscape/field/n09393605_45715.jpg,-0.681606790486292,0.245554145813272
landscape/field/n09393605_53199.jpg,-0.804142380231842,0.2946124199601444
landscape/field/n09393605_54331.jpg,-0.6373731407694794,0.2441924530719456
landscape/field/n09393605_55115.jpg,-0.9066562211869929,0.3872900639289197
landscape/field/n09393605_55618.jpg,-0.8087205088395949,0.344436394964071
landscape/field/n09393605_55896.jpg,-0.6063870488575581,0.3591006842619746
landscape/field/n09393605_56109.jpg,-0.4565687482370106,0.3596513200741446
landscape/field/n09393605_57047.jpg,-0.6176126325379452,0.321527833296495
landscape/field/n09393605_57575.jpg,-0.7945217176125504,0.4122920972726884
landscape/field/n09393605_58117.jpg,-0.9829367135973384,0.3256076992558132
landscape/field/n09393605_58223.jpg,-0.5883639363593038,0.3270836615723964
landscape/field/n09393605_59095.jpg,-0.7441499221670026,0.3103278666126219
landscape/field/n09393605_59157.jpg,-0.4742185104585459,0.2865992781133698
landscape/field/n09393605_59874.jpg,-0.4406515494253696,0.3206462338619508
landscape/field/n09393605_60345.jpg,-0.7395101621904068,0.2614681284222399
landscape/field/n09393605_60351.jpg,-0.842147504609278,0.285126372306778
landscape/field/n09393605_60769.jpg,-0.5310092250006452,0.3519272053768117
landscape/field/n09393605_61113.jpg,-0.5787859301253263,0.3492377777019158
landscape/field/n09393605_61186.jpg,-0.9405273115658342,0.2696835234148668
landscape/field/n09393605_61672.jpg,-0.6086454913739128,0.3399172102050091
landscape/field/n09393605_62233.jpg,-0.7204560520689206,0.2683553564896189
landscape/field/n09393605_63335.jpg,-0.6322854916064946,0.2979153843584641
landscape/field/n09393605_63557.jpg,-0.7425096453813038,0.3745677635248188
landscape/field/n09393605_64280.jpg,-0.7012678121862302,0.338363864359813
landscape/field/n09393605_64469.jpg,-0.8431217113405329,0.3782438122104588
landscape/field/n09393605_64522.jpg,-0.387554411545464,0.409706840586139
landscape/field/n09393605_64746.jpg,-0.7819503845159989,0.264752477898617
landscape/field/n09393605_64769.jpg,-1.1293974868263574,0.2435337558360405
landscape/field/n09393605_65534.jpg,-0.6077260230987926,0.3373218933770366
landscape/field/n09393605_65656.jpg,-0.8959846115003172,0.3545352335497518
landscape/field/n09393605_66477.jpg,-0.9723473879821268,0.2826178336704366
landscape/field/n09393605_67108.jpg,-0.857069673358631,0.3685760474965966
landscape/field/n09393605_67555.jpg,-0.9417094706832514,0.3330356778381027
landscape/field/n09393605_67985.jpg,-0.6447764197915363,0.2826080917147435
landscape/field/n09393605_8686.jpg,-0.5574298941757839,0.4009166760808869
landscape/field/n09393605_8873.jpg,-0.7007145442842956,0.3527197785040697
landscape/field/n09393605_8966.jpg,-0.5198025072460875,0.3668108112183922
landscape/field/n12142085_35169.jpg,-0.6019830348151693,0.2570409982174688
landscape/field/n12142085_610.jpg,-0.8744325204885116,0.2482711520047772
landscape/field/n12142085_905.jpg,-1.0561720085282968,0.3624036706856753
landscape/field/sun_aacbgqunsjqeatcv.jpg,-1.5818483514520458,0.229728417587033
landscape/field/sun_aafjjnugpsuiktvh.jpg,-1.5015073964556478,0.2702603630022984
landscape/field/sun_aanjgkilxhsgjsyw.jpg,-1.6320116380921268,0.1481292323988953
landscape/field/sun_aaylzyqlqrsmfwif.jpg,-1.536492037817053,0.176048286314446
landscape/field/sun_aayounnakjpewywf.jpg,-1.6231731754271603,0.3657528649792704
landscape/field/sun_abhdwxcqinxtyvao.jpg,-0.9027149218217034,0.3227354725851418
landscape/field/sun_abowtotrrzpbhvqh.jpg,-1.6953153867894355,0.2881453178216975
landscape/field/sun_abrwdgsipagiljbz.jpg,-1.6085156902499842,0.3207999815459851
landscape/field/sun_acdirvgzjzazssye.jpg,-1.5118390943771085,0.2456128871847887
landscape/field/sun_acfbqplfoqfohnbj.jpg,-1.6858562579029823,0.3965107853519871
landscape/field/sun_acipoggjpwiqmypg.jpg,-0.4722907468630659,0.3569403669338895
landscape/field/sun_afdaynbvsppiyvxm.jpg,-1.7647984158809666,0.3258716795788023
landscape/field/sun_afhkdvryuyyjsafb.jpg,-1.6623595673607203,0.2315904610025231
landscape/field/sun_agojeoiyczsgnqtp.jpg,-1.5556592333139805,0.3312807216550532
landscape/field/sun_ahbpkeenybzvljnk.jpg,-1.2044562475383715,0.3197212524397284
landscape/field/sun_ajljoxfiwrskkpcc.jpg,-1.3181315814293442,0.2249569151227919
landscape/field/sun_akdbxepnruyrbtrp.jpg,-1.0280543487297524,0.2555644557666802
landscape/field/sun_amfhfmwkktwcrstd.jpg,-1.635407696110593,0.1536789757898432
landscape/field/sun_amhftfdjiroweslq.jpg,-1.3316684467926037,0.3600306230116859
landscape/field/sun_arxyfbqfjqesqjkp.jpg,-1.886898170299169,0.2308386995445265
landscape/field/sun_avewwfajjwjntohf.jpg,-1.0631785321078893,0.2504757722149027
landscape/field/sun_avswlmagvlcsnzrk.jpg,-1.1535512928361866,0.3810492199167488
landscape/field/sun_aypbzbfuprtztaqy.jpg,-1.389446575235387,0.3480580604591159
landscape/field/sun_ayvaabyqvqxsunoq.jpg,-1.498058262582865,0.2258941503106008
landscape/field/sun_azlynmqjfwjytkdv.jpg,-0.6285588438811835,0.2659030872268324
landscape/field/sun_bnwgrptznpkmyoll.jpg,-1.761404920384599,0.4027139813529837
landscape/field/sun_bxosoiicldmycyla.jpg,-1.8165060361272525,0.3366503165081364
landscape/forest (broadleaf)/29f8063ae27714ec.jpg,-1.4203376826446048,0.2668658358977119
landscape/forest (broadleaf)/5a26c909a910c9d9.jpg,-1.521560142438793,0.0754585326953748
landscape/forest (broadleaf)/5ec67c49751be989.jpg,-1.5562033280329048,0.2290616476193764
landscape/forest (broadleaf)/60fb1f545fdd1b2c.jpg,-1.2515461745429004,0.2981852197137674
landscape/forest (broadleaf)/96668f0aa9071377.jpg,-1.2551670695106676,0.2794430239364159
landscape/forest (broadleaf)/ac213e6c25e62cc0.jpg,-1.4302913581694845,0.1765251459182857
landscape/forest (broadleaf)/b6bead8e3f65991b.jpg,-1.4020543516249633,0.1008771265395161
landscape/forest (broadleaf)/cd55c673f7709018.jpg,-1.2667681657579568,0.2487377439004528
landscape/forest (broadleaf)/db786d24a006ba19.jpg,-1.5687451113890702,0.1577053043499266
landscape/forest (broadleaf)/dffd1edf2a50c720.jpg,-1.3399744567497396,0.0828359351086623
landscape/forest (broadleaf)/e72f9cfc62e3b4be.jpg,-1.4758312920317684,0.3637948626506979
landscape/forest (broadleaf)/e8c08ce6240fac27.jpg,-1.33973273046802,0.1952273982229808
landscape/forest (broadleaf)/f2db336fa7759951.jpg,-1.5070491888468307,0.2688130611282362
landscape/forest (broadleaf)/f7dce233924abacf.jpg,-1.2626908284571094,0.2208124994800203
landscape/forest (broadleaf)/f964fbf0c85e0722.jpg,-1.3021255002126395,0.2446846604896826
landscape/forest (broadleaf)/sun_aarnmhmjnoywelfb.jpg,-1.5990132956485952,0.2986459902896367
landscape/forest (broadleaf)/sun_aaulapocjffusovo.jpg,-1.5263406944579283,0.2172473758092564
landscape/forest (broadleaf)/sun_abhebbmkwmrgstyo.jpg,-0.75069312298818,0.1843757822448113
landscape/forest (broadleaf)/sun_abqwkcjnkkjpmaod.jpg,-0.9770313445275328,0.1784818872766756
landscape/forest (broadleaf)/sun_acpeqjxleuzrimeg.jpg,-1.378662518071875,0.1811318248239826
landscape/forest (broadleaf)/sun_actywkcnpzoailyv.jpg,-0.8385105105313136,0.044481782808631
landscape/forest (broadleaf)/sun_acxtlssrlfsryvac.jpg,-0.7862703053876815,0.2420224977043158
landscape/forest (broadleaf)/sun_adelbgkxaewbxymf.jpg,-0.9409047138875596,0.1829123055025707
landscape/forest (broadleaf)/sun_adkwweprgeumpslv.jpg,-1.5548679476731362,0.294843468143926
landscape/forest (broadleaf)/sun_aecydirryxzrzpvg.jpg,-1.37124280286853,0.199563607391513
landscape/forest (broadleaf)/sun_aejcebvykjvhuget.jpg,-0.9090193452668718,0.094064900864039
landscape/forest (broadleaf)/sun_aendsxsqysoknyst.jpg,-0.929388135320434,0.2502014785039848
landscape/forest (broadleaf)/sun_afpnqehwapeidjtp.jpg,-0.7549507794631183,0.0778385138269762
landscape/forest (broadleaf)/sun_aftdtzzskxflvuig.jpg,-1.4575374327390718,0.2246264350663563
landscape/forest (broadleaf)/sun_afusmbapsnqjtnsa.jpg,-0.5003750941682513,0.1949398289111208
landscape/forest (broadleaf)/sun_afxbfgxrtlczpwyn.jpg,-0.8621359850518664,0.2630028777256311
landscape/forest (broadleaf)/sun_afxvgfeysuusnslo.jpg,-0.8665738748985595,0.1801188478304465
landscape/forest (broadleaf)/sun_afzhshjjojqermqf.jpg,-1.6508045004467775,0.3442625938616315
landscape/forest (broadleaf)/sun_agxabiochdwjboza.jpg,-0.6766692029027989,0.1815200064222393
landscape/forest (broadleaf)/sun_ahbooqazpiiakayv.jpg,-1.5039982834642347,0.181088621821731
landscape/forest (broadleaf)/sun_ahksbkeqopdxmskp.jpg,-1.0224974406269722,0.3060089164566776
landscape/forest (broadleaf)/sun_ahvfcrleejszjfde.jpg,-1.1199526705963505,0.2241240476534594
landscape/forest (broadleaf)/sun_aidhlflrqqkdzeni.jpg,-1.290922513953926,0.1372162027899732
landscape/forest (broadleaf)/sun_aihylawyjepniike.jpg,-1.0472350863685445,0.1642172654659998
landscape/forest (broadleaf)/sun_aiidyuygypngghyf.jpg,-0.8370441655162929,0.1194971828492277
landscape/forest (broadleaf)/sun_aiynsrgvdjyalznn.jpg,-0.7820165907221514,0.1822513635379132
landscape/forest (broadleaf)/sun_ajcjwmqklddutzvc.jpg,-1.179074929199717,0.0403484052773152
landscape/forest (broadleaf)/sun_ajqdvsuevkfybgme.jpg,-0.659203571681369,0.198526688341084
landscape/forest (broadleaf)/sun_akxbwsrgnuadikod.jpg,-1.0973606737285553,0.227533904699259
landscape/forest (broadleaf)/sun_aldigqqshvnhfkng.jpg,-0.4811351888971243,0.2400582632017016
landscape/forest (broadleaf)/sun_alettkltzysnuqsq.jpg,-0.8779124644154862,0.2534523759856482
landscape/forest (broadleaf)/sun_almbxcurjahdxery.jpg,-0.8974468745527934,0.0610923284673691
landscape/forest (broadleaf)/sun_alvtgvepnlzhngjv.jpg,-0.7790461245323728,0.2469481626957465
landscape/forest (broadleaf)/sun_ambyixvpmdimogbn.jpg,-0.91891622201985,-0.0132569339617797
landscape/forest (broadleaf)/sun_anfpmkqemzwfixbm.jpg,-0.3536411315492048,0.1839669784920444
landscape/forest (broadleaf)/sun_anmkwhkmnlrpufwm.jpg,-1.0785528450735336,0.2184544341827083
landscape/forest (broadleaf)/sun_anqplteihhyjtglu.jpg,-1.3626919516248202,0.0807816984287572
landscape/forest (broadleaf)/sun_antwgrnlkmlyvnjx.jpg,-1.206390938166208,0.2451784903947965
landscape/forest (broadleaf)/sun_aoqjnzwgdikwayvw.jpg,-0.658836797058215,0.1805986235062774
landscape/forest (broadleaf)/sun_apizqbiukazmkvkz.jpg,-1.924672692578322,-0.059390466267257
landscape/forest (broadleaf)/sun_apzhvyvljzvahpvh.jpg,-1.6787168422633094,0.2826813221896628
landscape/forest (broadleaf)/sun_aqiiuxgbwrioenat.jpg,-1.2936329257063683,0.1957684006257301
landscape/forest (broadleaf)/sun_aqqgthzskkqzfwlt.jpg,-0.8918150369185335,0.2325051759834368
landscape/forest (broadleaf)/sun_aquooyehnlaehzjy.jpg,-0.8925853645507829,0.1141533721617287
landscape/forest (broadleaf)/sun_arfrufgmpfifbxbm.jpg,-0.9408569167558782,0.2839459712361927
landscape/forest (broadleaf)/sun_argpkktvhwziqaot.jpg,-1.1512493360971874,0.2177538292478383
landscape/forest (broadleaf)/sun_arpvswlyuitmpsfq.jpg,-1.0222805655693346,0.289201028368403
landscape/forest (broadleaf)/sun_aruondwdoqjktugy.jpg,-1.4458166479132062,0.2080129733854812
landscape/forest (broadleaf)/sun_arwykvgzpgybhibg.jpg,-0.9264973602678228,0.1310577534353758
landscape/forest (broadleaf)/sun_asitqcjdhmptwyly.jpg,-1.228401068106412,0.32819841061916
landscape/forest (broadleaf)/sun_asjcajxcngqwqinm.jpg,-1.5542369438813524,0.2295713545713545
landscape/forest (broadleaf)/sun_asoseldnrrcrnbou.jpg,-0.8006658189891022,0.2307839046199702
landscape/forest (broadleaf)/sun_atlxncsxfmqwisuw.jpg,-0.6099388264518196,0.0241599445736625
landscape/forest (broadleaf)/sun_atohvclowaousrfh.jpg,-0.6663582744578488,0.1074726719972552
landscape/forest (broadleaf)/sun_atworchkazufbyad.jpg,-1.207136484612488,0.1861988449100621
landscape/forest (broadleaf)/sun_augxrcssyuvvueda.jpg,-1.129373005653714,0.1823579401901786
landscape/forest (broadleaf)/sun_aunmoitqcbqjykwe.jpg,-0.981436601823856,-0.0130426532711493
landscape/forest (broadleaf)/sun_auvwgyllqzsyfdyg.jpg,-0.5637821560028704,0.1678287785158014
landscape/forest (broadleaf)/sun_avcgkqxmtdeapzum.jpg,-0.479747265151177,0.2448103861968718
landscape/forest (broadleaf)/sun_avcyiiwxyeuumvvm.jpg,-0.7326899075296261,0.2965606433356995
landscape/forest (broadleaf)/sun_avjgnengissyhclc.jpg,-1.659136059096786,0.2056670602125147
landscape/forest (broadleaf)/sun_avlcoxhzgadlubqf.jpg,-0.7632029017713795,0.1172168271584788
landscape/forest (broadleaf)/sun_avqahgdnxxemgnje.jpg,-1.6016958320442385,0.3439024847984386
landscape/forest (broadleaf)/sun_avtprdrihxhgackd.jpg,-1.1356780405014637,0.1681655525589497
landscape/forest (broadleaf)/sun_avyyymflzsdrwgbe.jpg,-0.4666833630293067,0.1909458053725498
landscape/forest (broadleaf)/sun_awcujmqkhwsgmrma.jpg,-0.774813593821964,0.2395948878707499
landscape/forest (broadleaf)/sun_awesiopwrhjoojme.jpg,-0.8495990511918302,0.0973979492232892
landscape/forest (broadleaf)/sun_axcystsdjzbhixci.jpg,-1.1993530011509017,0.1920203415369161
landscape/forest (broadleaf)/sun_axhmqffemaohcdle.jpg,-1.264582084268853,0.2107313896824063
landscape/forest (broadleaf)/sun_axhrgmuqrljrfnpd.jpg,-0.9988946459198048,0.2784417375316019
landscape/forest (broadleaf)/sun_axljvtbankrkckne.jpg,-0.705075603844324,0.3192981352787648
landscape/forest (broadleaf)/sun_axsxcmrepgxeeyxh.jpg,-1.4299450636722817,0.1084687254537186
landscape/forest (broadleaf)/sun_ayesjxhptorufemh.jpg,-0.99426323017859,0.1904665232043526
landscape/forest (broadleaf)/sun_ayjpisrqdpbcufcm.jpg,-0.6719269866960182,0.2183005058354762
landscape/forest (broadleaf)/sun_aylgxyyrsemqkiff.jpg,-1.7833241795997912,0.3860568878973787
landscape/forest (broadleaf)/sun_aynjmrsajissulqi.jpg,-0.8300195592828036,0.1977501371867569
landscape/forest (broadleaf)/sun_aypjyavrjaodmkuu.jpg,-1.176696288651183,0.1877047336873087
landscape/forest (broadleaf)/sun_azbaifnovkzxbkxd.jpg,-1.234116532127509,0.2534847122302158
landscape/forest (broadleaf)/sun_btuibprrdcrjqxvw.jpg,-1.4800610471125428,0.2460947058498504
landscape/forest (needleleaf)/0766fa7959728beb.jpg,-1.5729210878180528,0.1738424390546735
landscape/forest (needleleaf)/2c6c9bc173578788.jpg,-1.387077713075275,0.1184519756638626
landscape/forest (needleleaf)/56e041b89d9a9838.jpg,-1.768621862934078,0.2294927699505626
landscape/forest (needleleaf)/8c620ba803c05daa.jpg,-1.619653495491844,0.2490645145522975
landscape/forest (needleleaf)/da31e38ea9918d5f.jpg,-1.659651581452802,0.2604757818527946
landscape/forest (needleleaf)/sun_aaifkdzmoajrzxqn.jpg,-1.027125611506614,0.2439693714990492
landscape/forest (needleleaf)/sun_accvpoocavlmmbwm.jpg,-1.1265121263184097,0.2150759068027616
landscape/forest (needleleaf)/sun_acivpotgwohctvsc.jpg,-1.1340140212921674,0.1764304796396275
landscape/forest (needleleaf)/sun_adkeovalbkluzeri.jpg,-0.8274884676070783,0.2575692379909247
landscape/forest (needleleaf)/sun_adwsonzlpbbsppgb.jpg,-1.1802841355415772,0.2008051948051948
landscape/forest (needleleaf)/sun_afhrysfvakkzzgin.jpg,-0.5256096187128344,0.2677492259137204
landscape/forest (needleleaf)/sun_ahhlccroxiadjixl.jpg,-0.768218850625052,0.1900061755999915
landscape/forest (needleleaf)/sun_ahzdudaulglyysji.jpg,-1.2542641796126608,0.2348510502929737
landscape/forest (needleleaf)/sun_ahzxnldgajgrwhyd.jpg,-1.2345870067038365,0.1135788415660535
landscape/forest (needleleaf)/sun_aimggcqrncrkotzv.jpg,-0.671341179051099,0.1890759695556497
landscape/forest (needleleaf)/sun_ajgxbesgeiwalpxd.jpg,-0.5620077498826526,0.2046422787127667
landscape/forest (needleleaf)/sun_akckbypmzxubxzyf.jpg,-1.1486159706191847,0.3049321824907521
landscape/forest (needleleaf)/sun_akfadmdtlbduiiyc.jpg,-1.0206388869392475,0.229057782055443
landscape/forest (needleleaf)/sun_akguloxechncfnam.jpg,-0.8196950956129312,0.1567246775055339
landscape/forest (needleleaf)/sun_akldfuxketeyqrcr.jpg,-0.9589570820186882,0.0069857670225782
landscape/forest (needleleaf)/sun_akuzxstcblvhmomk.jpg,-0.9066392053562738,0.1988889253414695
landscape/forest (needleleaf)/sun_alrobpkjksbjoxjk.jpg,-0.6942289278689658,0.1688702251675907
landscape/forest (needleleaf)/sun_alwbpqvgrcjjlckk.jpg,-0.5536427411442759,0.2363254442813324
landscape/forest (needleleaf)/sun_amfhxfakcdckrjul.jpg,-1.0588022639103514,-0.00255112842444
landscape/forest (needleleaf)/sun_amyhfuvsbaizwnwy.jpg,-0.6811995049019788,0.1380938698514622
landscape/forest (needleleaf)/sun_anithpynqsbzxojv.jpg,-0.9449555332762188,-0.0057663246639624
landscape/forest (needleleaf)/sun_anovysxiyidubdgs.jpg,-1.4428260528587151,0.0346938096663672
landscape/forest (needleleaf)/sun_aobhtfctsxabxsls.jpg,-1.3224849725769614,0.2635003885003884
landscape/forest (needleleaf)/sun_aondxtlsklthxtog.jpg,-0.778318667472712,0.2555037296502659
landscape/forest (needleleaf)/sun_aoxgfainbiglwchn.jpg,-1.174219286616974,0.3290038694985092
landscape/forest (needleleaf)/sun_apfxmcvujzcxypuq.jpg,-1.1353887384857235,0.1068857915539837
landscape/forest (needleleaf)/sun_apjyimjzdyqvfcwm.jpg,-1.4617935298128133,0.1877643025551994
landscape/forest (needleleaf)/sun_apkofvbpiueutjgo.jpg,-0.7077740341743503,0.2327887923810274
landscape/forest (needleleaf)/sun_aqbakybrzakmanoo.jpg,-1.0072946922832111,0.1599772727272727
landscape/forest (needleleaf)/sun_aqxqzdeqnlrkfuhn.jpg,-0.9551301092943084,0.2072387387843046
landscape/forest (needleleaf)/sun_aqydmedkuzlsybwd.jpg,-1.1327653309607582,0.193083541119123
landscape/forest (needleleaf)/sun_arepffrwpettjdji.jpg,-1.3144077254544455,0.2368079985187928
landscape/forest (needleleaf)/sun_areqjhlzczhrspvo.jpg,-0.6996577301331276,0.1826628895184136
landscape/forest (needleleaf)/sun_arpgdgpfyuexqiuj.jpg,-1.7079981707766323,0.2533165929646008
landscape/forest (needleleaf)/sun_arvbnkbvvdcnqdgw.jpg,-1.0300317503938023,0.289323537066325
landscape/forest (needleleaf)/sun_atjoaxvtrxzrxeaw.jpg,-1.0114935339309286,0.0483008046567368
landscape/forest (needleleaf)/sun_atmrwrneqsvfgvoh.jpg,-1.1945198585305894,0.1395604758393767
landscape/forest (needleleaf)/sun_atygdjduwnxhysqb.jpg,-1.3003457784842771,0.1800608678578441
landscape/forest (needleleaf)/sun_aucxqplfgkjwgjrf.jpg,-1.471195021677775,-0.0214565832968022
landscape/forest (needleleaf)/sun_avesoizwcqbojcvm.jpg,-1.0984504523496834,0.1606732049884973
landscape/forest (needleleaf)/sun_avmxtljknfnpjnbb.jpg,-0.950852109463684,0.1286505279423126
landscape/forest (needleleaf)/sun_awchwppuydqjifvx.jpg,-0.7505888074221235,0.1405003314266074
landscape/forest (needleleaf)/sun_awhqearfoticgzwy.jpg,-1.2025262343376255,0.1260792418790456
landscape/forest (needleleaf)/sun_awvhreddaxrljuyh.jpg,-1.371594002548946,0.0093267836662266
landscape/forest (needleleaf)/sun_axaiskupvdvcgywi.jpg,-0.8434236474953442,0.2860803028379517
landscape/forest (needleleaf)/sun_axgrfkivieqrzqfs.jpg,-1.0669756998222126,0.2490482420470751
landscape/forest (needleleaf)/sun_axznoffzbgavlaei.jpg,-1.1213081496954458,-0.052794440689422
landscape/forest (needleleaf)/sun_aygdpqwevwznkdqp.jpg,-0.9174298729525822,0.254087597178483
landscape/forest (needleleaf)/sun_azrgkfnpesikiafn.jpg,-0.8434578841008599,0.0407513310984026
landscape/forest (needleleaf)/sun_bduvvcumwzpjyhkm.jpg,-1.2556083614876072,0.2486478227654698
landscape/geyser/n09288635_1006.jpg,-1.951203010912366,0.3982376061873969
landscape/geyser/n09288635_10064.jpg,-0.6925999765585154,0.2489569637797069
landscape/geyser/n09288635_10214.jpg,-1.1639844242305195,0.2650156467772898
landscape/geyser/n09288635_1022.jpg,-1.498907838342629,0.2446262584078412
landscape/geyser/n09288635_10290.jpg,-1.1907593665786993,0.3120706927997123
landscape/geyser/n09288635_10303.jpg,-0.9199113589291088,0.2816685889164221
landscape/geyser/n09288635_10308.jpg,-0.9661805636784256,0.2920212818172002
landscape/geyser/n09288635_10924.jpg,-1.1933595714230785,0.3650547430714554
landscape/geyser/n09288635_10938.jpg,-0.8603458755027169,0.280067786700286
landscape/geyser/n09288635_1109.jpg,-1.2634780529906848,0.348909262785575
landscape/geyser/n09288635_11125.jpg,-1.013641976499419,0.2902577105510503
landscape/geyser/n09288635_1116.jpg,-1.377672806340056,0.3177407158460762
landscape/geyser/n09288635_11230.jpg,-1.1300940550554708,0.3439365460829112
landscape/geyser/n09288635_11393.jpg,-1.1726076461605686,0.3301665190869736
landscape/geyser/n09288635_11510.jpg,-0.9884927256704916,0.2908985845001814
landscape/geyser/n09288635_11539.jpg,-0.689532631506218,0.2579094049301303
landscape/geyser/n09288635_11612.jpg,-1.4483936290437935,0.332996706335848
landscape/geyser/n09288635_11614.jpg,-0.8652514500641331,0.3213036655083511
landscape/geyser/n09288635_11789.jpg,-1.0982706516220602,0.3421318538263646
landscape/geyser/n09288635_11832.jpg,-1.0322521280811707,0.2742886775357157
landscape/geyser/n09288635_11889.jpg,-1.1191579128754183,0.2940813191006497
landscape/geyser/n09288635_11978.jpg,-0.9573097043758134,0.3622459186939821
landscape/geyser/n09288635_11983.jpg,-1.0173466659842645,0.3026692187960119
landscape/geyser/n09288635_12003.jpg,-0.9258009507435476,0.3444300926357467
landscape/geyser/n09288635_12089.jpg,-0.9043061039119596,0.4307712695467797
landscape/geyser/n09288635_1217.jpg,-1.5997457434399678,0.3033882307881705
landscape/geyser/n09288635_12206.jpg,-0.8673468188635294,0.2729732728140963
landscape/geyser/n09288635_12221.jpg,-0.8820921138938375,0.1785240501423482
landscape/geyser/n09288635_12911.jpg,-0.9560924446271082,0.2073113246784935
landscape/geyser/n09288635_12929.jpg,-0.5218266860264303,0.3023485030201269
landscape/geyser/n09288635_13197.jpg,-0.7127728637283626,0.3358660634427183
landscape/geyser/n09288635_13212.jpg,-0.857989701600161,0.199958783684847
landscape/geyser/n09288635_13284.jpg,-0.7783197194674419,0.2782256998598958
landscape/geyser/n09288635_13412.jpg,-2.0569185019816216,0.2766718995290423
landscape/geyser/n09288635_13440.jpg,-0.9555534079654412,0.2816868994879465
landscape/geyser/n09288635_13486.jpg,-1.0011409560339248,0.2337504152364079
landscape/geyser/n09288635_13593.jpg,-1.1658891596728316,0.3914472471709936
landscape/geyser/n09288635_13817.jpg,-0.9922778147769904,0.1760714252875676
landscape/geyser/n09288635_13999.jpg,-1.0257100743917669,0.3083857526343202
landscape/geyser/n09288635_14256.jpg,-1.083408049190005,0.2593775687514958
landscape/geyser/n09288635_14334.jpg,-0.7616894928102269,0.3676150583678017
landscape/geyser/n09288635_14347.jpg,-1.1265050162965873,0.3765682930446388
landscape/geyser/n09288635_15094.jpg,-1.3880266995028288,0.387542580695272
landscape/geyser/n09288635_1515.jpg,-1.195849099578625,0.268381297456763
landscape/geyser/n09288635_1526.jpg,-1.014496278400557,0.4034115743762949
landscape/geyser/n09288635_15732.jpg,-0.9194451868354888,0.1336579796136449
landscape/geyser/n09288635_1591.jpg,-1.2437481290221373,0.2478986078276858
landscape/geyser/n09288635_173.jpg,-1.9338681787971648,0.3355758542361413
landscape/geyser/n09288635_1801.jpg,-1.8964721721292408,0.2996781979082864
landscape/geyser/n09288635_1929.jpg,-0.7605219292032939,0.3627789188219106
landscape/geyser/n09288635_1959.jpg,-1.902663350932538,0.3767189623481506
landscape/geyser/n09288635_1990.jpg,-1.225090771378545,0.3108051079919988
landscape/geyser/n09288635_2176.jpg,-1.6647896329881853,0.2686134116696123
landscape/geyser/n09288635_2320.jpg,-1.1147004553917743,0.3353948212058947
landscape/geyser/n09288635_23444.jpg,-0.7159868562964878,0.2741624745798993
landscape/geyser/n09288635_23563.jpg,-0.812587041926822,0.2327150452525737
landscape/geyser/n09288635_2459.jpg,-1.8850788853210536,0.3208863243837337
landscape/geyser/n09288635_24858.jpg,-0.7997345119677011,0.226312127443039
landscape/geyser/n09288635_25124.jpg,-0.934633967569536,0.3207149954255246
landscape/geyser/n09288635_2529.jpg,-2.123371578758377,0.3462916976011879
landscape/geyser/n09288635_2543.jpg,-1.5566113506088133,0.2738415912819928
landscape/geyser/n09288635_25462.jpg,-0.7510578417334095,0.2920618497442088
landscape/geyser/n09288635_2588.jpg,-1.334881199678594,0.2536734737654983
landscape/geyser/n09288635_2858.jpg,-1.2606104206800737,0.2860894717228896
landscape/geyser/n09288635_3272.jpg,-1.3489656802581214,0.2934622369404978
landscape/geyser/n09288635_333.jpg,-1.1438878659025165,0.3759238267966447
landscape/geyser/n09288635_3532.jpg,-1.0875987574651371,0.3342225342225342
landscape/geyser/n09288635_3554.jpg,-1.355941942815549,0.2789345720766609
landscape/geyser/n09288635_3564.jpg,-1.7424724742349311,0.1420389011219461
landscape/geyser/n09288635_3580.jpg,-0.905538077175386,0.295195816765619
landscape/geyser/n09288635_365.jpg,-1.2959672508226785,0.3142891303648043
landscape/geyser/n09288635_3716.jpg,-0.98530173478,0.3393125803098102
landscape/geyser/n09288635_3879.jpg,-0.6410226617928558,0.3202810486438647
landscape/geyser/n09288635_3909.jpg,-1.078091225341043,0.3945742087387743
landscape/geyser/n09288635_399.jpg,-0.924964192072664,0.0944734415947384
landscape/geyser/n09288635_4043.jpg,-1.9363113440222155,0.3025145611825406
landscape/geyser/n09288635_4054.jpg,-2.1287115458323984,0.2208553607697959
landscape/geyser/n09288635_4056.jpg,-1.3999910175266734,0.3644449200658735
landscape/geyser/n09288635_4220.jpg,-1.36290026959008,0.3497005988023952
landscape/geyser/n09288635_4541.jpg,-1.6124773646649837,0.3491641776266935
landscape/geyser/n09288635_4733.jpg,-0.8977383486790583,0.2338157894736842
landscape/geyser/n09288635_488.jpg,-1.376513945139265,0.2406179939565259
landscape/geyser/n09288635_535.jpg,-1.9536385600915576,0.3537779207647762
landscape/geyser/n09288635_59.jpg,-1.265824248398232,0.3355803064154009
landscape/geyser/n09288635_6850.jpg,-2.1434168515605743,0.2220833921122105
landscape/geyser/n09288635_6860.jpg,-1.7276798189367282,0.3670150579872802
landscape/geyser/n09288635_695.jpg,-1.6839733646295594,0.3701129003935504
landscape/geyser/n09288635_798.jpg,-1.7949990751735418,0.3579240308563617
landscape/geyser/n09288635_906.jpg,-0.9308880119430518,0.2897692757977049
landscape/geyser/n09288635_9179.jpg,-1.478880832211186,0.2103835383538354
landscape/geyser/n09288635_9839.jpg,-0.7298538009313212,0.3291489318984902
landscape/geyser/sun_asemkfzrcriwppec.jpg,-1.2601386975829052,0.307260548987454
landscape/geyser/sun_bangxwznfqpugceb.jpg,-1.7256365632188335,0.3154612687893195
landscape/geyser/sun_bppwllojufniahga.jpg,-1.2808723156327144,0.3167515387680999
landscape/geyser/sun_bxnhrgjqjqemdrij.jpg,-1.44176644412707,0.3382729933009262
landscape/icescape/n09289331_10402.jpg,-0.8569332253066279,0.2133214271997542
landscape/icescape/n09289331_10473.jpg,-0.8037894699907712,0.2314326144372283
landscape/icescape/n09289331_10597.jpg,-0.6600104671939628,0.2801527587779298
landscape/icescape/n09289331_10832.jpg,-0.6885654266184116,0.315386754369984
landscape/icescape/n09289331_1102.jpg,-1.0233626851586284,0.14281426664397
landscape/icescape/n09289331_1547.jpg,-1.2443551375738025,0.3404930763287704
landscape/icescape/n09289331_1551.jpg,-1.3367735807862486,0.338284470020997
landscape/icescape/n09289331_1577.jpg,-1.0705921133975251,0.2759154185267081
landscape/icescape/n09289331_1661.jpg,-0.930125157459312,0.215857976839889
landscape/icescape/n09289331_1867.jpg,-0.9946409053596692,0.2554941071687483
landscape/icescape/n09289331_2408.jpg,-0.905963169882076,0.2758939960305148
landscape/icescape/n09289331_3794.jpg,-0.974694300156032,0.3081116091090442
landscape/icescape/n09289331_3970.jpg,-0.7126454375806742,0.3886640927834653
landscape/icescape/n09289331_4152.jpg,-0.8456734043108024,0.3032511869013068
landscape/icescape/n09289331_4346.jpg,-0.6660732876582284,0.1947922895256449
landscape/icescape/n09289331_4351.jpg,-0.7046790968194219,0.2683392158733187
landscape/icescape/n09289331_4476.jpg,-1.1579987544260002,0.329512449654444
landscape/icescape/n09289331_4539.jpg,-0.7013665863525489,0.228983180216486
landscape/icescape/n09289331_4564.jpg,-0.8995442655148436,0.3387435636914706
landscape/icescape/n09289331_477.jpg,-0.8164846800547437,0.3093772928451397
landscape/icescape/n09289331_4894.jpg,-0.9341394812789724,0.3406547042910678
landscape/icescape/n09289331_5012.jpg,-0.7219348552830163,0.2725165097653506
landscape/icescape/n09289331_5123.jpg,-0.7683895366458532,0.2030014619446848
landscape/icescape/n09289331_5211.jpg,-0.635707489200676,0.2945431761221235
landscape/icescape/n09289331_5250.jpg,-0.9830949140648316,0.0714393799283757
landscape/icescape/n09289331_5411.jpg,-0.9763281865503276,0.2949375573440835
landscape/icescape/n09289331_5729.jpg,-0.8937081171883454,0.3059594273283755
landscape/icescape/n09289331_5740.jpg,-0.8276009200596499,0.2194639881503425
landscape/icescape/n09289331_580.jpg,-1.3814016583571846,0.3904583565902638
landscape/icescape/n09289331_5869.jpg,-1.1200354183103114,0.3713566880716446
landscape/icescape/n09289331_6016.jpg,-0.9172766592655248,0.3291653794247247
landscape/icescape/n09289331_6168.jpg,-0.5944874641447706,0.2494736885987402
landscape/icescape/n09289331_6307.jpg,-0.9947118323612976,0.2519827781554498
landscape/icescape/n09289331_6459.jpg,-1.0910717056838797,0.2204829421836944
landscape/icescape/n09289331_6504.jpg,-1.0133376063394817,0.3277973345021711
landscape/icescape/n09289331_6524.jpg,-0.9351000857795496,0.1782258325512152
landscape/icescape/n09289331_6768.jpg,-0.9008545480117548,0.2655427357463846
landscape/icescape/n09289331_679.jpg,-0.7841118105603344,0.2914914572003597
landscape/icescape/n09289331_6878.jpg,-0.7321389422769562,0.3595840087258184
landscape/icescape/n09289331_6889.jpg,-0.7274649597564329,0.2434603501544799
landscape/icescape/n09289331_6964.jpg,-0.9634903234825166,0.3166553676219757
landscape/icescape/n09289331_7724.jpg,-0.8753128105813036,0.3097316289866132
landscape/icescape/n09289331_7730.jpg,-1.3872727317712972,0.3726633490055978
landscape/icescape/n09289331_7783.jpg,-0.8377996117778993,0.2036590638849854
landscape/icescape/n09289331_7811.jpg,-0.7415626283761318,0.2254743185349089
landscape/icescape/n09289331_8957.jpg,-1.1132743481138063,0.2415821260806063
landscape/icescape/n09289331_9185.jpg,-0.910831405759723,0.2274477714555661
landscape/icescape/n09289331_9503.jpg,-0.9242130938730188,0.271989392978613
landscape/icescape/n09308572_109.jpg,-1.1730115525989069,0.2884346209758358
landscape/icescape/n09308572_1178.jpg,-0.769465245115735,0.381684216828697
landscape/icescape/n09308572_13445.jpg,-0.9302073447629864,0.3831935766025759
landscape/icescape/n09308572_13624.jpg,-1.1189874670517892,0.3120705415926295
landscape/icescape/n09308572_152.jpg,-0.7457501728265349,0.4107056084227575
landscape/icescape/n09308572_1522.jpg,-1.2193800216927992,0.3137983042801603
landscape/icescape/n09308572_1766.jpg,-1.4167579209657093,0.326575326931722
landscape/icescape/n09308572_1813.jpg,-1.360191547070007,0.2773793775673606
landscape/icescape/n09308572_1832.jpg,-0.7207085183292351,0.3595933003107089
landscape/icescape/n09308572_1869.jpg,-1.1569502475412397,0.3807794304162342
landscape/icescape/n09308572_1901.jpg,-1.110862980018663,0.3144032167227672
landscape/icescape/n09308572_2201.jpg,-0.9569425348921264,0.2922444527949115
landscape/icescape/n09308572_2345.jpg,-1.2954034018989915,0.245411865130175
landscape/icescape/n09308572_2640.jpg,-1.0808123744687108,0.3848553477954343
landscape/icescape/n09308572_2910.jpg,-0.8139099377361042,0.3356001944220971
landscape/icescape/n09308572_2962.jpg,-1.676914251750775,0.3177643712588973
landscape/icescape/n09308572_3437.jpg,-0.9748762680646016,0.2843040383104081
landscape/icescape/n09308572_3638.jpg,-1.0772766986860909,0.2714799616768198
landscape/icescape/n09308572_3703.jpg,-1.3076987233154431,0.2955645439172176
landscape/icescape/n09308572_3735.jpg,-0.9862329857884544,0.3038387734626886
landscape/icescape/n09308572_4058.jpg,-1.0247863818401657,0.3033150229003137
landscape/icescape/n09308572_4185.jpg,-0.9584909970648796,0.3414284095630169
landscape/icescape/n09308572_4245.jpg,-1.0202465488419543,0.363852115753777
landscape/icescape/n09308572_4294.jpg,-1.0691130964026003,0.3470000839966598
landscape/icescape/n09308572_4442.jpg,-1.2071313196723052,0.3565614410250662
landscape/icescape/n09308572_4562.jpg,-1.1971491579451017,0.2781191288677581
landscape/icescape/n09308572_4667.jpg,-1.2534642874446438,0.3972721700040867
landscape/icescape/n09308572_470.jpg,-1.6281483165120727,0.3277657594204357
landscape/icescape/n09308572_4844.jpg,-1.17479663405177,0.3931829854788252
landscape/icescape/n09308572_4961.jpg,-1.0238962320968932,0.3310446340823487
landscape/icescape/n09308572_5194.jpg,-1.4070299351121227,0.3749477861319967
landscape/icescape/n09308572_596.jpg,-1.133962603609861,0.3298810379630644
landscape/icescape/n09308572_6088.jpg,-1.7427178810753765,0.3325350527994794
landscape/icescape/n09308572_6103.jpg,-1.23069931948953,0.3258712374304915
landscape/icescape/n09308572_627.jpg,-1.6175985178016208,0.2940543389927298
landscape/icescape/n09308572_6426.jpg,-1.1444809579511164,0.3561648277331554
landscape/icescape/n09308572_798.jpg,-1.2552768210330056,0.3025146734155403
landscape/icescape/n09308572_862.jpg,-1.4250460119662889,0.2358252711814717
landscape/icescape/n09309168_2076.jpg,-1.1862621075310107,0.3958921179655384
landscape/icescape/n09309168_432.jpg,-0.952728633560898,0.2146658975334552
landscape/icescape/n09309168_7549.jpg,-0.7378278678482328,0.3014390824052355
landscape/jungle/034e667f31be499c.jpg,-1.5733427058687268,0.1010498636616475
landscape/jungle/0625a4ba200992e6.jpg,-1.0133023141516968,0.1492785047069901
landscape/jungle/14628317fdcc9e39.jpg,-1.281376729025796,0.1570466041545874
landscape/jungle/18bed2a09181a499.jpg,-1.5712545042946775,0.2819450513005438
landscape/jungle/193117c359547690.jpg,-1.678206049959786,0.3579705096946476
landscape/jungle/1e2d2d7022a02134.jpg,-1.2157839399746568,0.3285107628476358
landscape/jungle/1fb1096c3f9a0ee2.jpg,-1.2738751404301605,0.1418098031001256
landscape/jungle/201c457d6e94dea8.jpg,-1.2452015358672943,0.0803684022855552
landscape/jungle/24894a47677b09b4.jpg,-1.24615528368276,0.1890947899485786
landscape/jungle/271cb17332a4eba5.jpg,-1.4705634382541537,0.3214510185164251
landscape/jungle/2a0f8b40b7b25bcc.jpg,-1.744056288600266,0.1553675912229338
landscape/jungle/2dd9378cf8e0c8ad.jpg,-1.4524788897376988,0.2582004863550391
landscape/jungle/2fdbe9ca76fdfd99.jpg,-1.4100617021784911,0.1285723922379871
landscape/jungle/36d087ad3a8b4a99.jpg,-1.5422852543632968,0.1948405325476313
landscape/jungle/39428ef59a36414d.jpg,-1.391062341382781,0.3310557127351021
landscape/jungle/3f552ebe5afa4382.jpg,-1.2861962539585348,0.0762558148509884
landscape/jungle/41fd777649da59e6.jpg,-1.2351925169175326,0.1197748938127895
landscape/jungle/4c1d1d4f21cf31e2.jpg,-1.2712079906468428,0.1030576136628502
landscape/jungle/4e9a1e1079484886.jpg,-1.5662174780561997,0.2676851169990532
landscape/jungle/4f1e0fefedf1b32a.jpg,-1.1809187743727367,0.1168876857531211
landscape/jungle/524acb2e86457ecf.jpg,-1.5273794486844277,0.206874769700479
landscape/jungle/53d7a077afe99d46.jpg,-1.429040746984621,0.1528564621167999
landscape/jungle/543d103c85efcb41.jpg,-1.2435414919774943,0.1888718963655991
landscape/jungle/55700669b39ef49c.jpg,-1.573712991214499,0.2362624783708239
landscape/jungle/56892737ddff5688.jpg,-1.453873587053259,0.3010503273064052
landscape/jungle/56a3ce4a8899ace1.jpg,-1.41835403055067,0.2658015405768639
landscape/jungle/57c6558e4956829b.jpg,-1.4931840552129931,0.1694546786511936
landscape/jungle/59da125bd7ac7467.jpg,-0.6476065146999322,0.1432174874244615
landscape/jungle/5b9c255e8e71e864.jpg,-1.6994281149531534,0.2472079561593527
landscape/jungle/5e3a2b6e7943040f.jpg,-1.3434618968065517,0.1749575736127979
landscape/jungle/612f8c0c59f8ff5e.jpg,-1.1035061890066111,0.2191632493203705
landscape/jungle/64290af3b5a7e7cb.jpg,-1.3513503345293072,0.229326595741248
landscape/jungle/68a485c6716902c2.jpg,-1.4369602513310575,0.1542042112877608
landscape/jungle/6bfa7b57d0deb743.jpg,-1.2534625648473088,0.1810538439389576
landscape/jungle/77855fd2864479e3.jpg,-1.4360435117414272,0.2033604995573496
landscape/jungle/80a5f2bb0129aa36.jpg,-1.6947853688297172,0.4109006516948755
landscape/jungle/827b86308b879908.jpg,-1.4831311631028006,0.2116401734625403
landscape/jungle/954ef758d906cb65.jpg,-1.3166304258184995,0.1259634135017178
landscape/jungle/9d2a5f2a67650af7.jpg,-1.5172583223767775,0.18387055395723
landscape/jungle/a017ac25346efdcd.jpg,-1.2921051463005258,0.2860231028611491
landscape/jungle/a0b6a1c932eebe9e.jpg,-1.3865926389667829,0.2660280895575013
landscape/jungle/a1fb2184d465f341.jpg,-1.5104843712179543,0.1998192465304
landscape/jungle/a252b3cce303c122.jpg,-1.4194074257573135,0.1775551025669179
landscape/jungle/a5238772baf25f1c.jpg,-1.237426527409904,0.1565601712795036
landscape/jungle/ab535640d044766d.jpg,-1.5063704647572989,0.1267291846069981
landscape/jungle/aca62414dbfc6952.jpg,-1.919599699398454,0.221495373185845
landscape/jungle/b787fb20a8bfdabf.jpg,-1.373397352276439,0.2863104895104895
landscape/jungle/ba2a5a74957098da.jpg,-1.493669433502057,0.2574232306117087
landscape/jungle/c810fffff069e9ff.jpg,-1.3755988780928248,0.171195155120446
landscape/jungle/c94be4a43769a5bb.jpg,-1.701748985091709,0.3696441512310333
landscape/jungle/c9a18643266fb7a8.jpg,-1.6475056236346748,0.2784552511940126
landscape/jungle/d4bfe00b896bae57.jpg,-1.4336053209792785,0.2781415482222481
landscape/jungle/d6398d77469357ea.jpg,-1.3468738643577287,0.1551658701697042
landscape/jungle/d6e62b9cdd80cc1b.jpg,-1.4569256072797483,0.2780587686248064
landscape/jungle/e6d35f289201c1cf.jpg,-1.647926726091974,-0.0407893650400462
landscape/jungle/eb54616eb4614fce.jpg,-1.3753393428938885,0.1569791026193799
landscape/jungle/fbc5c2af6663843f.jpg,-1.1048467421690238,0.0780026667578378
landscape/lake/0189d61b2c1df778.jpg,-1.555403791644037,0.3486948001959549
landscape/lake/02f3a888909fa7d0.jpg,-1.6299404063511238,0.2835257538797142
landscape/lake/121629e6f8fed1aa.jpg,-1.2522034053299458,0.324432330518895
landscape/lake/1531af1a07329fe2.jpg,-1.7351084707964235,0.2859068664345185
landscape/lake/1ba473b5ff6dd712.jpg,-1.6465533701199588,0.2445938211893032
landscape/lake/27f9c40c6ceb6958.jpg,-1.445259776708559,0.276634968030898
landscape/lake/28653ee89a48f848.jpg,-1.4181273118366862,0.3132932261729004
landscape/lake/3209b29eab56bf92.jpg,-1.916564428900603,0.4401543448062973
landscape/lake/360be47ca8b33b92.jpg,-1.7500814568051126,0.3182908526495375
landscape/lake/41e092c947498605.jpg,-1.5195942787168568,0.2328466439984865
landscape/lake/51e49c24f17069d4.jpg,-1.349496732411816,0.3427052009421246
landscape/lake/52eec65ddbd47cea.jpg,-1.5345861039079804,0.3105445533015827
landscape/lake/59346dfdc14f4b81.jpg,-1.4873285409566035,0.2650029981012025
landscape/lake/7ba05ca66de3b479.jpg,-1.6280186678753583,0.1821745948771562
landscape/lake/84de14e092404f46.jpg,-1.6180998346553468,0.2767458379146273
landscape/lake/8801b338195a6ebe.jpg,-1.888962159591036,0.2563798850443801
landscape/lake/905e0d0c54017903.jpg,-1.550552549692631,0.2525824126470852
landscape/lake/a2deabc292e18612.jpg,-1.3548405553571712,0.1996235541224152
landscape/lake/a8e4d1d960175da0.jpg,-1.4880667902022364,0.1536854892850673
landscape/lake/abfe2c7d1a3c1aa5.jpg,-1.6781621278094994,0.2622179023782766
landscape/lake/ae833035574352eb.jpg,-1.470609747090382,0.2753761390125026
landscape/lake/b429762904ba65cd.jpg,-1.7779160566800616,0.1715712033631108
landscape/lake/b5f45353f2e7bd92.jpg,-1.4970375201260469,0.242340823476726
landscape/lake/c5b9ff0502b34dc7.jpg,-1.4482846534517972,0.3079573734924383
landscape/lake/c6fac87e188e90d2.jpg,-1.7834918636032742,0.3030352102049604
landscape/lake/d10f3cdbf37ff710.jpg,-1.657474552738634,0.3137762416596276
landscape/lake/db91a2ed543c33a7.jpg,-1.7102486449768106,0.1894685855710598
landscape/lake/e0071b5d319321d5.jpg,-1.4041086314493354,0.2517031011692933
landscape/lake/e276e5799110512a.jpg,-1.6544338561860443,0.2451617407696706
landscape/lake/ebf78708d9a7bfa8.jpg,-1.5133269750292997,0.3053263211385651
landscape/lake/ec1ae658ac977b8a.jpg,-1.67419112457526,0.2547965407968488
landscape/lake/edcd80d166754c12.jpg,-1.7461479559054598,0.2884436669764391
landscape/lake/fbb05dd4886b9410.jpg,-1.6741571243522622,0.2933308805228815
landscape/lake/n03634034_1847.jpg,-0.8867696727112026,0.3034045877955095
landscape/lake/n03634034_2188.jpg,-0.9477153801932492,0.3162196921605645
landscape/lake/n03634034_2423.jpg,-1.8586685056833343,0.2430399383932009
landscape/lake/n03634034_2582.jpg,-0.7649876354328063,0.2494899383630779
landscape/lake/n03634034_2654.jpg,-0.6245312849160719,0.2594871480008245
landscape/lake/n03634034_2801.jpg,-1.0532199472129702,0.2063216946057871
landscape/lake/n03634034_390.jpg,-0.8699007813714653,0.363629099916104
landscape/lake/n03634034_3909.jpg,-1.1272884931542198,0.260686223696486
landscape/lake/n03634034_5584.jpg,-0.7232338739313309,0.2200827784775958
landscape/lake/n03634034_5626.jpg,-1.240601604925702,0.3243097892078805
landscape/lake/n03634034_5967.jpg,-0.9978440387584973,0.1996562603229621
landscape/lake/n03634034_5998.jpg,-1.0770965953026592,0.354839699434522
landscape/lake/n03634034_724.jpg,-0.7655350442325344,0.1544575347283277
landscape/lake/n03634034_7346.jpg,-0.7206103205799538,0.3649315827960484
landscape/lake/n03634034_7461.jpg,-0.7523786650830976,0.2698099775477794
landscape/lake/n03634034_7614.jpg,-0.8660849597101422,0.2455831703376137
landscape/lake/n03634034_7778.jpg,-0.7106466586341467,0.3251224619949432
landscape/lake/n03634034_7799.jpg,-0.7248696516513394,0.3166806630312161
landscape/lake/n03634034_7819.jpg,-0.9915039655904372,0.2698160927322053
landscape/lake/n03634034_7874.jpg,-0.7329019566539864,0.2039631496610464
landscape/lake/n03634034_7886.jpg,-0.7673247488669914,0.3710017874626116
landscape/lake/sun_aafblbfkfftldfxp.jpg,-1.2263876328212118,0.1643717303326423
landscape/lake/sun_aamfjaaldpjwzuma.jpg,-1.3580965788306292,0.2700424130014656
landscape/lake/sun_aaquttcuxwjcswwz.jpg,-1.7868643262468058,0.3834335774058576
landscape/lake/sun_acgqrysmhvkbzwyo.jpg,-1.0586892966004202,0.1788933573706837
landscape/lake/sun_aermzsgymwllgwbp.jpg,-1.3181032443990652,0.0761220138850926
landscape/lake/sun_aevfxnytbogyuawg.jpg,-1.040453968188345,0.2927823691460056
landscape/lake/sun_agdbqrwoyiuhkrcq.jpg,-1.3580042930642695,0.2744311473650316
landscape/lake/sun_agqkmpgtfsykydsz.jpg,-0.9613886384746596,0.2750376408286173
landscape/lake/sun_agqnaqaigkgpfvia.jpg,-0.8136336135477424,0.175327615780446
landscape/lake/sun_agsbtxwcxjmbhtqn.jpg,-1.0861289046439624,0.1847022844269343
landscape/lake/sun_aimobdamklpnaqqd.jpg,-1.433673956094946,0.1887940857674883
landscape/lake/sun_aliffdbpuityevxn.jpg,-1.8526019945202925,0.2841638848554705
landscape/lake/sun_alkjhlciyndwutgg.jpg,-0.9945639243243052,0.2509589986593928
landscape/lake/sun_amsxxjxupzbpyfqc.jpg,-0.94755874540732,0.2000644130362075
landscape/lake/sun_amyfrjfsypqohzav.jpg,-1.1410265366261898,0.1557565087494664
landscape/lake/sun_aniklgtqehhkmkze.jpg,-1.0666063993873838,0.2294598706732598
landscape/lake/sun_annbelexqbhuwvxp.jpg,-0.6694467891891814,0.1405121290091776
landscape/lake/sun_anpyjbrcltsmcmnj.jpg,-1.845195279387372,0.238937165775401
landscape/lake/sun_anulfarlvylcbpok.jpg,-0.5722071726146094,0.2082996932020023
landscape/lake/sun_anwqlrkgypvtxleo.jpg,-1.2445874397428138,0.1969320378599583
landscape/lake/sun_anypncvcngxkbnfz.jpg,-0.6316296394569789,0.2792891149954415
landscape/lake/sun_aoikosjowjxkztio.jpg,-1.3593814679545333,0.3151576246334311
landscape/lake/sun_aoskolsljsnaxmsq.jpg,-1.2832127364417292,0.254883841999089
landscape/lake/sun_aovleumwusplcnph.jpg,-1.24969375463332,0.306078778792422
landscape/lake/sun_aplvammjpaxzkfse.jpg,-0.8025403510065449,0.2640710281297078
landscape/lake/sun_aprsgtcazbqqcmis.jpg,-1.3613539832802468,0.1516446318826907
landscape/lake/sun_ardpcjdpfhimkpdv.jpg,-0.9293786260075164,0.2492544252554231
landscape/lake/sun_arkltvatcgcorxwq.jpg,-1.3896857156985305,0.1892695135304238
landscape/lake/sun_asjykgigfzcqfruu.jpg,-1.2201296486345117,0.3097620581905723
landscape/lake/sun_augbwsnxnnytbbef.jpg,-1.857307887050928,0.1795641004392143
landscape/lake/sun_auhihtbsylsxsylt.jpg,-1.11921910623272,0.0720386130574685
landscape/lake/sun_avbdzkswapneahnf.jpg,-1.156647679878389,0.2723439427880066
landscape/lake/sun_avwymkuzpvjyhzsi.jpg,-1.0503194943686271,0.3225757993039733
landscape/lake/sun_avyvuodyzgegylua.jpg,-1.2538014300091225,0.4050657276463728
landscape/lake/sun_axbsstrjsiduwndr.jpg,-1.0409441122055123,0.2151206795055083
landscape/lake/sun_ayulsueazkzcibcx.jpg,-1.225114392661411,0.1532728577954709
landscape/lake/sun_azgczltqhsuihlwx.jpg,-1.3580042930642695,0.2744311473650316
landscape/lake/sun_azoppdlasvcwmmcb.jpg,-0.8378457189861382,0.2734763627000012
landscape/lake/sun_azqgwqiysvufsbvt.jpg,-0.8403148781145817,0.1930186413242128
landscape/lake/sun_azqthtbatlkavgcu.jpg,-1.0136590587208203,0.2866417185270949
landscape/lake/sun_azzsqbbqkhgkidru.jpg,-0.8968887483181931,0.121186808418312
landscape/mangrove/n12345899_10156.jpg,-1.0701518094744615,-0.16784329984003
landscape/mangrove/n12345899_10290.jpg,-0.8628022360135491,0.1680609083352225
landscape/mangrove/n12345899_10794.jpg,-0.8407474817656077,0.0649312886800619
landscape/mangrove/n12345899_11521.jpg,-0.608050188779721,0.2685318836083044
landscape/mangrove/n12345899_12758.jpg,-0.7020406644747249,0.2246304847373343
landscape/mangrove/n12345899_12760.jpg,-1.0402545200442184,0.211530631719575
landscape/mangrove/n12345899_14027.jpg,-0.9237338220675768,0.1182359406180583
landscape/mangrove/n12345899_15016.jpg,-0.847449342818835,0.1165488525861587
landscape/mangrove/n12345899_15631.jpg,-0.5646019723283093,0.2184293779975311
landscape/mangrove/n12345899_16261.jpg,-0.751636769510163,0.2099197959663076
landscape/mangrove/n12345899_16717.jpg,-0.7048220552030048,0.177709929704707
landscape/mangrove/n12345899_17176.jpg,-0.7065416697632438,0.1798369457148538
landscape/mangrove/n12345899_17348.jpg,-0.5618895118695033,0.2557709904463708
landscape/mangrove/n12345899_18668.jpg,-1.019259604048422,0.1101741697535062
landscape/mangrove/n12345899_18938.jpg,-0.7471340718468885,0.1878046520248355
landscape/mangrove/n12345899_1922.jpg,-0.7473150369394393,0.1611052172849925
landscape/mangrove/n12345899_20133.jpg,-0.7551716003984785,0.0801485119739595
landscape/mangrove/n12345899_2031.jpg,-0.7299529019031529,0.1774893488398871
landscape/mangrove/n12345899_20312.jpg,-0.7400096767116113,0.1056413422571937
landscape/mangrove/n12345899_2515.jpg,-0.7225867045317242,0.1950402516246137
landscape/mangrove/n12345899_2525.jpg,-0.6372382175177662,0.19568592763565
landscape/mangrove/n12345899_35032.jpg,-0.7026897745644761,0.1787522447669146
landscape/mangrove/n12345899_35112.jpg,-0.7168095096957003,0.2285932518344841
landscape/mangrove/n12345899_35261.jpg,-0.871646971368008,0.2692433823444306
landscape/mangrove/n12345899_3577.jpg,-0.8880689435387052,0.3140666187395159
landscape/mangrove/n12345899_5004.jpg,-0.8157020303945524,0.1628225916440619
landscape/mangrove/n12345899_5116.jpg,-1.233303658865908,0.2963272234466332
landscape/mangrove/n12345899_5852.jpg,-0.9679612302540324,0.1579962743687636
landscape/mangrove/n12345899_6053.jpg,-0.8104758193576971,0.3104850559214507
landscape/mangrove/n12345899_6119.jpg,-0.7461840261091041,0.1456028935525928
landscape/mangrove/n12345899_6334.jpg,-0.8909828815946284,0.1437491607358667
landscape/mangrove/n12345899_6522.jpg,-0.7678276787490154,0.1248477939843001
landscape/mangrove/n12345899_6568.jpg,-0.5712587672081759,0.2882982476772903
landscape/mangrove/n12345899_7285.jpg,-0.7475164347483307,0.1566037523747428
landscape/mangrove/n12345899_7590.jpg,-0.7100816820745288,0.3337261834610096
landscape/mangrove/n12345899_7715.jpg,-1.0300108814683095,-0.0723542812522506
landscape/mangrove/n12345899_7731.jpg,-0.9341622702805574,-0.0752913836603206
landscape/mangrove/n12345899_9324.jpg,-0.6880600571796347,0.2067094584568321
landscape/mangrove/n12345899_9393.jpg,-1.0013704394198517,0.0642574234221566
landscape/mangrove/n12345899_9738.jpg,-0.6715690367543219,0.1447457627118644
landscape/mangrove/n12345899_9894.jpg,-1.7885983447255374,0.3467861311631486
landscape/moor/sun_afhmafwoarfodhar.jpg,-1.33138364985301,0.26774921721401
landscape/moor/sun_awtxtsuiqihltaao.jpg,-1.6215762675673766,0.3629912179544043
landscape/moor/sun_bkehzrazsqlpoues.jpg,-1.385074465138775,0.2113880282775029
landscape/moor/sun_bntcgmzpfvbsrugd.jpg,-1.6149789391682134,0.320122564438339
landscape/mountain/n09303008_18869.jpg,-0.6326570398180502,0.2522018051485364
landscape/mountain/n09303008_19041.jpg,-0.6270247033611741,0.2900384314525728
landscape/mountain/n09303008_19525.jpg,-0.6036092379881096,0.3202656362220177
landscape/mountain/n09303008_20171.jpg,-0.8803985378188361,0.3604310888789311
landscape/mountain/n09303008_20522.jpg,-0.5643150097828595,0.2140159992187563
landscape/mountain/n09303008_20746.jpg,-0.6622001252892671,0.1782897088282477
landscape/mountain/n09303008_21092.jpg,-0.6193416481870679,0.1969566558194982
landscape/mountain/n09303008_21194.jpg,-0.6141564606904704,0.3015041664705051
landscape/mountain/n09303008_21456.jpg,-0.7871100701177902,0.2688920094845646
landscape/mountain/n09303008_22139.jpg,-0.7646588065717477,0.2680361416530817
landscape/mountain/n09303008_22269.jpg,-1.1013492298584504,0.3151346312391894
landscape/mountain/n09303008_22625.jpg,-0.5646914890412018,0.343854033290653
landscape/mountain/n09303008_23881.jpg,-0.7236056748719765,0.3537277939451852
landscape/mountain/n09303008_24120.jpg,-0.6809497021281148,0.2351348796763644
landscape/mountain/n09303008_26126.jpg,-0.8073197430918023,0.1885068838976654
landscape/mountain/n09303008_27637.jpg,-0.8482377163248928,0.3690541579699
landscape/mountain/n09303008_27938.jpg,-0.8002881309437592,0.1201426772975241
landscape/mountain/n09303008_28029.jpg,-0.9627035503855338,0.3538089877099165
landscape/mountain/n09303008_28116.jpg,-0.6281597794016043,0.3441325699390216
landscape/mountain/n09303008_29206.jpg,-0.6777410999340286,0.3176940258273215
landscape/mountain/n09303008_29827.jpg,-0.8228988776322219,0.3870092067924046
landscape/mountain/n09303008_30166.jpg,-1.2029281891950565,0.3208253153731023
landscape/mountain/n09303008_30342.jpg,-0.6614866334784413,0.2064309164391733
landscape/mountain/n09303008_31240.jpg,-0.628260964168558,0.2958552673986377
landscape/mountain/n09303008_32547.jpg,-0.6361120355376582,0.3908052686661136
landscape/mountain/n09303008_33870.jpg,-0.8364336823837227,0.3509064641816528
landscape/mountain/n09303008_33912.jpg,-1.10823476443785,0.3770485669385618
landscape/mountain/n09303008_34084.jpg,-0.9845866051853196,0.3391823670381862
landscape/mountain/n09303008_920.jpg,-1.4512179096746958,0.1577448451377226
landscape/mountain/n09359803_14054.jpg,-1.523758840072552,0.3866556228249988
landscape/mountain/n09359803_16454.jpg,-1.0106148662855077,0.3070794024819187
landscape/mountain/n09359803_18304.jpg,-0.8935569561643744,0.337123480506148
landscape/mountain/n09359803_19326.jpg,-0.7132989681623899,0.1321926046637954
landscape/mountain/n09359803_19376.jpg,-0.7558818510235576,0.3172330888505643
landscape/mountain/n09359803_20697.jpg,-0.7915818003237269,0.3341104506371454
landscape/mountain/n09359803_20911.jpg,-0.7982713876242429,0.3237418915596573
landscape/mountain/n09359803_22217.jpg,-1.1488742192469554,0.3623042915886407
landscape/mountain/n09359803_22507.jpg,-0.7849710712145348,0.2196011912137306
landscape/mountain/n09359803_22547.jpg,-0.8819084070046427,0.2725648587425738
landscape/mountain/n09359803_22579.jpg,-0.9983222245314308,0.3486293569296094
landscape/mountain/n09359803_22815.jpg,-0.8138336598316546,0.3308012612222302
landscape/mountain/n09359803_22853.jpg,-1.419263879101414,0.3900340751335661
landscape/mountain/n09359803_23069.jpg,-0.7682902383500295,0.1618326820038549
landscape/mountain/n09359803_23220.jpg,-0.819050367561935,0.3140374331550802
landscape/mountain/n09359803_23901.jpg,-0.8542233326622336,0.4016100722748959
landscape/mountain/n09359803_25012.jpg,-0.8575310008505864,0.2661755666630135
landscape/mountain/n09359803_25365.jpg,-1.0442504174879337,0.4046325322187391
landscape/mountain/n09359803_25458.jpg,-1.1272999189481294,0.381386731637988
landscape/mountain/n09359803_26554.jpg,-1.164493001800921,0.315411073424736
landscape/mountain/n09359803_26561.jpg,-0.7611103657563713,0.2103501509151829
landscape/mountain/n09359803_26838.jpg,-1.106198797493373,0.2469490567625735
landscape/mountain/n09359803_27560.jpg,-0.8052517847484985,0.2728791784936156
landscape/mountain/n09359803_27594.jpg,-0.9950781278553772,0.400830539850903
landscape/mountain/n09359803_28021.jpg,-0.9477678279954512,0.3761086867731464
landscape/mountain/n09359803_28106.jpg,-0.8599162938393798,0.3294881107118281
landscape/mountain/n09359803_28260.jpg,-0.5255721493849963,0.261080168332061
landscape/mountain/n09359803_28381.jpg,-1.0087199017052233,0.3175529796465927
landscape/mountain/n09359803_28999.jpg,-0.7238949845786802,0.3289045266130637
landscape/mountain/n09359803_29018.jpg,-0.8420627427642181,0.3168143529154359
landscape/mountain/n09359803_29193.jpg,-1.0016759073708783,0.358447374762154
landscape/mountain/n09359803_29305.jpg,-1.1853589509588425,0.3348717723036977
landscape/mountain/n09359803_29562.jpg,-0.7739842956775213,0.1741994174400601
landscape/mountain/n09359803_29578.jpg,-0.6671466031696157,0.3291498729376724
landscape/mountain/n09359803_29863.jpg,-0.663705666700667,0.2948236172233245
landscape/mountain/n09359803_30807.jpg,-0.6953364956031178,0.1681813393601026
landscape/mountain/n09359803_31154.jpg,-0.9065394538738476,0.2679189092770392
landscape/mountain/n09359803_31886.jpg,-0.8113302296530663,0.2711749296594548
landscape/mountain/n09359803_32774.jpg,-0.742921256838559,0.2956770681775389
landscape/mountain/n09359803_33089.jpg,-0.7999045880316926,0.2500738976399879
landscape/mountain/n09359803_33544.jpg,-0.7182901703187072,0.3528011512133018
landscape/mountain/n09359803_36040.jpg,-0.745880544205712,0.3514863733753073
landscape/mountain/n09359803_38300.jpg,-0.9641240179084636,0.2949887470484062
landscape/mountain/n09359803_40561.jpg,-0.6782296266202952,0.355744238433547
landscape/mountain/n09359803_40625.jpg,-0.6913748372467065,0.2665469440707284
landscape/mountain/n09359803_40945.jpg,-0.6182633883204294,0.3647751379845531
landscape/mountain/n09359803_41173.jpg,-0.5876759059978728,0.3749154182929507
landscape/mountain/n09359803_41403.jpg,-0.6488798238140399,0.3170642233142233
landscape/mountain/n09359803_41463.jpg,-0.704595507395771,0.3054311133213362
landscape/mountain/n09359803_41575.jpg,-0.6794711909647846,0.3230278022524447
landscape/mountain/n09359803_42072.jpg,-0.790836039084984,0.4113139778509428
landscape/mountain/n09359803_42246.jpg,-0.8139137998202564,0.0625383694131618
landscape/mountain/n09359803_42313.jpg,-0.8967918804326198,0.2794533256595053
landscape/mountain/n09359803_42842.jpg,-1.035541903275788,0.1130800335962732
landscape/mountain/n09359803_43167.jpg,-0.7159022488623993,0.3929620199260094
landscape/mountain/n09359803_43384.jpg,-0.6729142098092129,0.3051009437343209
landscape/mountain/n09359803_43782.jpg,-1.2165358441356606,0.3720311089103142
landscape/mountain/n09359803_43846.jpg,-0.8461969451939532,0.3631205673758865
landscape/mountain/n09359803_43991.jpg,-0.757785550456955,0.2842443979596294
landscape/mountain/n09359803_44106.jpg,-0.855390653375107,0.2868255777298189
landscape/mountain/n09359803_44389.jpg,-0.7497279522927752,0.3207751877909583
landscape/mountain/n09359803_44619.jpg,-0.9087474390341684,0.1443620034426015
landscape/mountain/n09359803_9166.jpg,-0.9307663363094112,0.3085771371485658
landscape/pasture/n07801091_36388.jpg,-0.8756394595862337,0.4149594345320687
landscape/pasture/n07801091_36428.jpg,-0.7700270989433072,0.348076781058097
landscape/pasture/n07801091_37014.jpg,-0.6405193499604874,0.3632821484759548
landscape/pasture/n07801091_37685.jpg,-0.4852896335644815,0.2532578728789301
landscape/pasture/n07801091_37705.jpg,-0.5765782370142553,0.3675161065287866
landscape/pasture/n07801091_38101.jpg,-1.0548373642220097,0.3668113196605648
landscape/pasture/n07801091_38331.jpg,-0.8664184532529468,0.2070469145415612
landscape/pasture/n07801091_41884.jpg,-0.3632813759528303,0.3157066816612218
landscape/pasture/n07801091_43670.jpg,-0.6035208031052097,0.3197002809865751
landscape/pasture/n07801091_45230.jpg,-0.7231216960469284,0.3758887921670737
landscape/pasture/n07801091_45891.jpg,-0.7921420866974589,0.3974584006178473
landscape/pasture/n07801091_49081.jpg,-0.679403856700479,0.3601265768138215
landscape/pasture/n07801091_50222.jpg,-0.7484881343196398,0.3036553202011044
landscape/pasture/n07801091_50536.jpg,-0.582241201299895,0.3408849780758701
landscape/pasture/n07801091_50877.jpg,-0.936508322154326,0.3468133712896571
landscape/pasture/n07801091_51542.jpg,-1.1361300183051153,0.3516951989822109
landscape/pasture/n07801091_55107.jpg,-1.1337556707613723,0.2426416242772053
landscape/pasture/n07801091_55837.jpg,-0.7339579555379883,0.3544811254789718
landscape/pasture/n07801091_58513.jpg,-0.612517828719284,0.2567235792353263
landscape/pasture/n07801091_58521.jpg,-0.4269499271379826,0.2653519740237058
landscape/pasture/n07801091_61600.jpg,-1.5619512212761484,0.1605573988055739
landscape/pasture/n07801091_62259.jpg,-1.293250972313322,0.3859248930275682
landscape/pasture/n07801091_63223.jpg,-0.4909545752709209,0.3124518098376586
landscape/pasture/n07801091_63322.jpg,-0.9312574626291298,0.2483959706944953
landscape/pasture/n07801091_63360.jpg,-0.8301508315742991,0.3623741679473155
landscape/pasture/n07801091_63866.jpg,-0.7118452441322662,0.358656898289531
landscape/pasture/n07801091_64844.jpg,-0.7950699244651018,0.0615994015427443
landscape/pasture/n07801091_65173.jpg,-0.7633703955158004,0.2119540690969262
landscape/pasture/n07801091_65686.jpg,-0.8926932523697196,0.3175892642003963
landscape/pasture/n07801091_66147.jpg,-0.6079684152290279,0.199774584389969
landscape/pasture/n07801091_66989.jpg,-0.6220448963438232,0.2632711675027933
landscape/pasture/sun_abnigvorwhcefgca.jpg,-0.947894706978626,0.2503607503607503
landscape/pasture/sun_achhwicfxehwlifa.jpg,-1.4135884401256569,0.2813842106446608
landscape/pasture/sun_achtuarilwyqnvjx.jpg,-1.0847048498095944,0.2758346694666345
landscape/pasture/sun_acrjprsyfggvkvim.jpg,-0.8818288329395513,0.3222806253063893
landscape/pasture/sun_acttwlhpglvecxiy.jpg,-1.1759073532115598,0.3625112801340725
landscape/pasture/sun_agojdaizrmfowfds.jpg,-1.0666015643013804,0.3141841177910975
landscape/pasture/sun_agtzxvrrikttqpkw.jpg,-1.5111626878012432,0.3174613477340881
landscape/pasture/sun_agyrrzpyfdihxnxw.jpg,-1.0165116529587097,0.3102299196451458
landscape/pasture/sun_aixemvmqtgkfhgqj.jpg,-1.7048235831743077,0.3637461439659242
landscape/pasture/sun_animnddtfoigbagw.jpg,-0.9825100660517008,0.3084673899488714
landscape/pasture/sun_aobrdfggnifbqbhn.jpg,-1.0536926046573256,0.3370029485519028
landscape/pasture/sun_aojptgnradlhzcmw.jpg,-1.1485144232232174,0.3268421436738268
landscape/pasture/sun_apgmmjuifvxsrbuz.jpg,-1.2227658147306928,0.2424632855334125
landscape/pasture/sun_aphjjmpfcgpkxrvq.jpg,-1.2676255945645718,0.2876314600941996
landscape/pasture/sun_apsymvokvtzkmvvy.jpg,-0.4235819146467728,0.3262780776392392
landscape/pasture/sun_aruigsdszusgsffm.jpg,-1.028047100926084,0.2495974965418717
landscape/pasture/sun_arusttoegilizoqz.jpg,-0.9147636880294032,0.393547066499501
landscape/pasture/sun_arygwafmipcfsweh.jpg,-1.4601315623665865,0.3077647483777752
landscape/pasture/sun_atpbdrjmgotfoqbe.jpg,-1.051344864863995,0.3123763775077705
landscape/pasture/sun_atzflbqtkvlughxp.jpg,-1.2425989621830165,0.2920668333114064
landscape/pasture/sun_auhghulmqnsysiyp.jpg,-1.6008116220847266,0.3028958221265914
landscape/pasture/sun_avipgcjbbnedfqla.jpg,-1.3352819324013885,0.2668659100570678
landscape/pasture/sun_awjqhmphorknpjcn.jpg,-1.2502407050058402,0.3111216056670601
landscape/pasture/sun_ayaekrkszrutbauj.jpg,-1.3620754669558506,0.3021853215320748
landscape/pasture/sun_bapxsulexojpepyd.jpg,-1.879417295722471,0.3086078173034696
landscape/pasture/sun_bdnhffttgbnjqrxj.jpg,-1.922903359609436,0.3863269293757552
landscape/pasture/sun_blfhgrehecmwbptm.jpg,-1.6554693461891,0.2970415540178412
landscape/pasture/sun_brstqndatwxkukya.jpg,-1.6135582224436562,0.3412783671277024
landscape/pasture/sun_bujzmvmaktrcwuqg.jpg,-1.5612221330110367,0.4065637593060583
landscape/pasture/sun_bzbsfohnoxeimmzi.jpg,-1.1001643696474337,0.3177616194095293
landscape/plantation/00cffe5e669f340e.jpg,-1.6069139767616816,0.0948965683213384
landscape/plantation/02208a6a6d4b110c.jpg,-1.1996360164637778,0.3114949566562469
landscape/plantation/0a13e0401b30a8ab.jpg,-1.3547088867761383,0.2560666129146123
landscape/plantation/11a5ab42ef7bc654.jpg,-1.390175710595365,0.2304629660096739
landscape/plantation/16557ffcb475ee5c.jpg,-1.7010916542268395,0.3213862749205833
landscape/plantation/2534461df861856c.jpg,-1.1880201340341856,0.2157002466351426
landscape/plantation/25bed79c007ca4ef.jpg,-1.7336725601101992,0.1770205292410499
landscape/plantation/271e335e2a64b273.jpg,-1.7302839215190908,0.3566403713257457
landscape/plantation/278e8a805970f410.jpg,-1.6114982115115295,0.259437217266849
landscape/plantation/28493888abaf73e4.jpg,-1.485580112764939,0.1529030490486593
landscape/plantation/2c0fb4cdbd9f1bf3.jpg,-1.5535840246110153,0.1394528917267674
landscape/plantation/2e815e4330cb123d.jpg,-1.5197449126967502,0.2949748894836556
landscape/plantation/2ee8e79229b5176f.jpg,-1.6493659826456355,0.3040878287398597
landscape/plantation/2fd3eb1cc3d5d7d7.jpg,-1.4830340167946523,0.1877948727236504
landscape/plantation/2fef5d6ff379638a.jpg,-1.4403838505646935,0.2284195771522018
landscape/plantation/350b2117fd67fe32.jpg,-1.4298579312898758,0.2785782901056676
landscape/plantation/3f66f34fb35fdb59.jpg,-1.607250417610074,0.34591698348118
landscape/plantation/42daecc83058cdc9.jpg,-1.6491798200933567,0.3531579304035509
landscape/plantation/45219608ce9955ac.jpg,-1.768383763290599,0.1644303937065765
landscape/plantation/462b79af7fb7cbaf.jpg,-1.5902438069959912,0.2821805762982233
landscape/plantation/4767621f956b3d0c.jpg,-1.6808607266317088,0.3320535518225735
landscape/plantation/48f14f79a9686d8c.jpg,-1.4587261600543713,0.3041346784377622
landscape/plantation/4bf766d6039e7e27.jpg,-1.5868283548958857,0.1768539250743575
landscape/plantation/57a8f443ab6e40a0.jpg,-1.3259245837192348,0.2793072868237576
landscape/plantation/58d2be049bbcc797.jpg,-1.692007392386816,0.2308321669066363
landscape/plantation/5a247b7851af5b38.jpg,-1.6173680062723046,0.2011522865471575
landscape/plantation/607f72b560affe61.jpg,-1.3575779334243334,0.1737876916927002
landscape/plantation/66c6c454c46872d0.jpg,-1.4283006378996692,0.1972044710139948
landscape/plantation/68f57951104d266e.jpg,-1.2444157095746473,0.2295345686777299
landscape/plantation/69ccdf051c08d9e7.jpg,-1.9738363108107568,0.1416324795164385
landscape/plantation/6a71ffc629306ddb.jpg,-1.6981496595007606,0.36024161884627
landscape/plantation/6abbfbf3c57e559a.jpg,-1.5236875570337094,0.1449407708326221
landscape/plantation/6b607baa16b43197.jpg,-1.5073902455505497,0.1234733592806334
landscape/plantation/6d717c219226d63d.jpg,-1.7180225563847675,0.2982198786821551
landscape/plantation/741923ea73a03dcd.jpg,-1.6766638657862212,0.2415398621407205
landscape/plantation/7ad6e1f3e4ad0d02.jpg,-1.5409333994366397,0.2399865402949919
landscape/plantation/7bc77f7a206c721c.jpg,-1.41390800221143,0.2993952913847459
landscape/plantation/8368df58858084dd.jpg,-1.556534913178924,0.2356063957530177
landscape/plantation/855fea0c367153b4.jpg,-1.794383479941034,0.2989327536800106
landscape/plantation/87cd2486757696e5.jpg,-1.5403992120417913,0.0666717319454469
landscape/plantation/87e1dc82001b9446.jpg,-1.7276852511830407,0.3172517422731158
landscape/plantation/8e99579c6d59b4ea.jpg,-1.407638597480131,0.3317793317793318
landscape/plantation/92600fb00101ba52.jpg,-1.562566087568774,0.302927017283988
landscape/plantation/95cddaef02ea78b0.jpg,-1.390434351304669,0.3076844379596181
landscape/plantation/a0d14ae5864c8735.jpg,-1.4575866735129612,0.3033458896521161
landscape/plantation/a73d5ae43671e30c.jpg,-1.938702928018202,0.169878205398122
landscape/plantation/ad4514d57db0f8cf.jpg,-1.414705338240975,0.1191817411329606
landscape/plantation/ae12eecf37416132.jpg,-1.5931388250344785,0.1107106076210092
landscape/plantation/b05e042522cd4195.jpg,-1.2416571117884296,0.2947434292866082
landscape/plantation/b48bc2725b5dabd4.jpg,-1.5158227389731431,0.1936496554618909
landscape/plantation/b82c24637663e8fe.jpg,-1.3015739257974983,0.282569563663551
landscape/plantation/bab0c4f8e845c304.jpg,-1.6950503558322405,0.2330223135307881
landscape/plantation/bc743d915bf7db9e.jpg,-2.02038852785143,0.195853186771713
landscape/plantation/bdeddf90d587c363.jpg,-1.7034861705366404,0.1922148784705929
landscape/plantation/bfb6e29e81965ac3.jpg,-1.4636604103375628,0.2205745046872167
landscape/plantation/c325b519607e21dc.jpg,-1.4964123011627604,0.3562543202034732
landscape/plantation/c3ad6481a0d00e50.jpg,-1.3746959391479483,0.2570244262421476
landscape/plantation/c7ce1605bc84863c.jpg,-1.5199759533781023,0.2761410501805553
landscape/plantation/c7d70655b9d3206f.jpg,-1.3801179502986065,0.2817293662373913
landscape/plantation/cbfe8950e026a1e4.jpg,-1.6043121808087923,0.3211214711214711
landscape/plantation/cc785801d5deda60.jpg,-1.7721666852389657,0.350681035382528
landscape/plantation/cf4c8d5bbc810923.jpg,-1.4419467697587716,0.3222867981672951
landscape/plantation/d204c81c3d1040ba.jpg,-1.4587955417111769,0.2151663570342847
landscape/plantation/d459ce6c1872157e.jpg,-1.165534209250685,0.2597251027517512
landscape/plantation/d4844275f480e5ce.jpg,-1.3763664967861622,0.3514618751209644
landscape/plantation/de5b0bc50fb02f86.jpg,-1.4644888919971182,0.183350622406639
landscape/plantation/de8c1602324aa20a.jpg,-1.271280089043102,0.1485713303895122
landscape/plantation/ebc02c65e5ddfb0d.jpg,-1.4115064302215996,0.2615103950291711
landscape/plantation/ec9a69a43724e57a.jpg,-1.4680471375369586,0.2684808466173102
landscape/plantation/ed4ccd8a49df17f4.jpg,-1.4774954416597788,0.3389453835275102
landscape/plantation/eeb542fae008dadf.jpg,-1.6311625940335566,0.3520657979170984
landscape/plantation/eef37194bf91e872.jpg,-1.4234190366055006,0.249450959886457
landscape/plantation/f75ccf0bf9d264bf.jpg,-1.7283936400115851,0.2925499562702278
landscape/plantation/f869549ef1bbc8a5.jpg,-1.7957931674656389,0.2874094066238635
landscape/plantation/sun_adcctdabyxmhioeg.jpg,-1.3696513352282025,0.165324887709545
landscape/plantation/sun_afntjoiuzydrvnfm.jpg,-1.797590147891206,0.2284388218202388
landscape/plantation/sun_agfdrmftdzokxtnc.jpg,-1.3056282995873036,0.1753532675364028
landscape/plantation/sun_ahtjqejfaqxbfvcn.jpg,-1.5449136506559986,0.156301459891745
landscape/plantation/sun_aicvecccjhfzcjnt.jpg,-1.5293867052526406,0.2368002322556152
landscape/plantation/sun_aioxamlvtxhpnzzt.jpg,-1.5176063780302005,0.2126429300161359
landscape/plantation/sun_ajruwqvmgkclbhgj.jpg,-1.2460235893366909,0.3006895424099592
landscape/plantation/sun_akscftsonlgcygdr.jpg,-1.330764018823834,0.2922278437402306
landscape/plantation/sun_ampjnwubvqspkvul.jpg,-1.2760174846655326,0.2733584032398033
landscape/plantation/sun_aokkqrsxsvimuubo.jpg,-1.2869690996492185,0.2499831274886954
landscape/plantation/sun_aotjqpvjaukupppc.jpg,-1.3965628368870255,0.2444653151511032
landscape/plantation/sun_apbpvrqbmgpebras.jpg,-1.1262319257843187,0.2264382960035134
landscape/plantation/sun_apdbcyzwitltnzyz.jpg,-1.3295028142033696,0.1361874754633031
landscape/plantation/sun_arhsuyqmegcknown.jpg,-1.1957596560286274,0.3083175366774456
landscape/plantation/sun_auqcoxcgyzzillpg.jpg,-1.5306175772749118,0.2800141953037204
landscape/plantation/sun_avqdgqfyskuhyqmr.jpg,-1.5397330183147613,0.2342249056716217
landscape/plantation/sun_avzsmdjhuczsjesf.jpg,-1.427386126017444,0.0598600703039345
landscape/plantation/sun_axgmqwzfyslqksrt.jpg,-1.1709726898329835,0.2925083331815449
landscape/plantation/sun_axkbfhmkopqemnsq.jpg,-1.4599102899792693,0.2532452307364383
landscape/plantation/sun_axvnhjliovthmykr.jpg,-1.0160883413010242,0.2342823430667144
landscape/plantation/sun_azygdhuijrbfollv.jpg,-1.1381985583805465,0.2750346707474534
landscape/plantation/sun_bczwjohiabrbsydx.jpg,-1.547654913889032,0.218921014400024
landscape/river/n09415671_10421.jpg,-0.6966449059006772,0.2240580822929676
landscape/river/n09415671_10704.jpg,-0.7965619179103062,0.1705048610815137
landscape/river/n09415671_10796.jpg,-0.9616532465838196,0.1209620560909959
landscape/river/n09415671_10825.jpg,-0.8140303715690467,0.2189301736104126
landscape/river/n09415671_11403.jpg,-0.72275611048495,0.3550881387449954
landscape/river/n09415671_11456.jpg,-0.660179691871801,0.2662443362389103
landscape/river/n09415671_11747.jpg,-0.689238599464833,0.2410986202265687
landscape/river/n09415671_1182.jpg,-0.6443801902750196,0.3104877284953733
landscape/river/n09415671_12093.jpg,-0.7823967915314299,0.2051665084801717
landscape/river/n09415671_12526.jpg,-0.8281257554547544,0.1871944448631566
landscape/river/n09415671_1275.jpg,-0.7581396668581013,0.2263953997358664
landscape/river/n09415671_13467.jpg,-0.7993287241493539,0.2876594298271616
landscape/river/n09415671_13740.jpg,-0.6472085696457323,0.2731452818209422
landscape/river/n09415671_14366.jpg,-0.7470700330938785,0.2791724500566417
landscape/river/n09415671_14500.jpg,-0.865769304543508,0.2649136435901142
landscape/river/n09415671_14641.jpg,-0.7097834556287117,0.3004678827012887
landscape/river/n09415671_14688.jpg,-0.9782539385782092,0.1600400393178887
landscape/river/n09415671_15388.jpg,-0.8117447531370243,0.3632613452720623
landscape/river/n09415671_15542.jpg,-0.7373097500219259,0.2757178286659072
landscape/river/n09415671_15736.jpg,-0.7574606242431424,0.2009131955398607
landscape/river/n09415671_15977.jpg,-0.7026936632380456,0.262498023715415
landscape/river/n09415671_16184.jpg,-0.7403269210990138,0.166481594765679
landscape/river/n09415671_16809.jpg,-0.7298641170037243,0.280656082719495
landscape/river/n09415671_17246.jpg,-0.8037701891586008,0.3161690140845071
landscape/river/n09415671_17299.jpg,-0.717349609551644,0.2114644978772936
landscape/river/n09415671_17594.jpg,-0.7308097292608859,0.1468751416586175
landscape/river/n09415671_17814.jpg,-0.6926333752514685,0.3073497206045548
landscape/river/n09415671_18136.jpg,-0.9396715751014302,0.3723473897981125
landscape/river/n09415671_18246.jpg,-0.9061863093320758,0.2699483738606935
landscape/river/n09415671_18361.jpg,-1.2996365853445355,0.3800298062593143
landscape/river/n09415671_1862.jpg,-0.8239775568212684,0.1969918362854529
landscape/river/n09415671_18984.jpg,-0.7382266289252634,0.4071184553584659
landscape/river/n09415671_19391.jpg,-0.8721739627735922,0.2929697694649847
landscape/river/n09415671_19975.jpg,-1.2730315328921704,0.1859060811788999
landscape/river/n09415671_20286.jpg,-0.965265959862918,0.1325850505972603
landscape/river/n09415671_21046.jpg,-0.8938358696233227,0.2586973771687147
landscape/river/n09415671_2133.jpg,-0.843363441573477,0.1811637427099914
landscape/river/n09415671_22671.jpg,-0.9310683398124944,0.3342023379026154
landscape/river/n09415671_23071.jpg,-1.1066886359756776,0.2539127400180558
landscape/river/n09415671_23261.jpg,-0.6203200666590956,0.2608720911233192
landscape/river/n09415671_23270.jpg,-0.7563355737217238,0.2361725771547774
landscape/river/n09415671_2335.jpg,-0.7813958833937574,0.2582311632419225
landscape/river/n09415671_2370.jpg,-0.5445769875463066,0.1619539583756041
landscape/river/n09415671_2555.jpg,-0.9729516960201952,0.4284684367856516
landscape/river/n09415671_384.jpg,-0.733919408363936,0.3279329325948939
landscape/river/n09415671_4032.jpg,-0.9119463698010424,0.341496718495353
landscape/river/n09415671_4038.jpg,-0.7161770226208464,0.2852575417799943
landscape/river/n09415671_4557.jpg,-0.9165487091543356,0.3204023304386061
landscape/river/n09415671_4661.jpg,-0.6490834972853733,0.2210983417826341
landscape/river/n09415671_5306.jpg,-1.036812922419585,0.2946510653006891
landscape/river/n09415671_5317.jpg,-0.8537976197696311,0.1774300380857758
landscape/river/n09415671_5470.jpg,-0.733901064785965,0.3391334432301525
landscape/river/n09415671_6172.jpg,-0.8143591888149556,0.0702971974918912
landscape/river/n09415671_6202.jpg,-0.8603041335688487,0.2707236403625699
landscape/river/n09415671_6312.jpg,-1.3239146013924616,0.3100551185315995
landscape/river/n09415671_6406.jpg,-0.6175708494370481,0.2626579123524133
landscape/river/n09415671_6622.jpg,-1.3710442705800532,0.14144053878175
landscape/river/n09415671_6814.jpg,-0.7948297996183842,0.18215895851274
landscape/river/n09415671_7674.jpg,-0.6617512173838055,0.2064962687912326
landscape/river/n09415671_7683.jpg,-0.6837553778723728,0.2007826775338687
landscape/river/n09415671_8062.jpg,-0.7353878381781433,0.1042474019307479
landscape/river/n09415671_8179.jpg,-0.995932785093553,0.2653217434567748
landscape/river/n09415671_820.jpg,-0.7207193109761075,0.308189268180863
landscape/river/n09415671_8323.jpg,-1.1411188471629456,0.0852343192153031
landscape/river/n09415671_8779.jpg,-0.8738942989013213,0.3844059106628939
landscape/river/n09415671_9090.jpg,-0.9208707160951498,0.1898763206174479
landscape/river/n09415671_9241.jpg,-0.881616269508362,0.1103511948512934
landscape/river/n09415671_9361.jpg,-0.8855913245937312,0.3181867896950474
landscape/river/n09415671_9545.jpg,-0.8273288556192142,0.1050618056642153
landscape/river/sun_aaflmulbtigwigtw.jpg,-0.8367650918931665,0.2560121212121212
landscape/river/sun_aawrgbknzaichelh.jpg,-1.4197979703649246,0.2197987918374804
landscape/river/sun_aayvvermcwqagzgf.jpg,-1.186321622875374,0.2164402308872383
landscape/river/sun_abyidesehxlvmzuc.jpg,-1.399416227357256,0.2540551217698457
landscape/river/sun_advruofhmqeyqmbx.jpg,-0.8014236703140227,0.1901223776223776
landscape/river/sun_adzymisuwgypbmao.jpg,-1.1227311899503327,0.2401149634840798
landscape/river/sun_aeqhdtefbgszpzug.jpg,-1.236737184977193,0.2809504847805754
landscape/river/sun_aesztpkgrxeusozn.jpg,-1.4491540462442083,0.2340792356596386
landscape/river/sun_affakcmrcswctmoq.jpg,-1.6043362503766645,0.2942960448642267
landscape/river/sun_afsvmhjhzfuawyox.jpg,-1.4357287881181482,0.2725332712528615
landscape/river/sun_agqwpjyxhwnrmbhy.jpg,-1.2206031890272024,0.2735403892295387
landscape/river/sun_ahmusbehnhtnvrlo.jpg,-0.8039355481505974,0.2630165289256198
landscape/river/sun_ahnszpffynlympqu.jpg,-1.5846298817047983,0.3039489743690696
landscape/river/sun_ajnwquklxhjymhnh.jpg,-0.7826293691922633,0.2759578729727983
landscape/river/sun_ammlmcnlqojiatxv.jpg,-1.309645403879267,0.2392683790069774
landscape/river/sun_amooihhbpiuhzlcl.jpg,-1.7747491597922431,0.2969793903602958
landscape/river/sun_angkfadyjildbcqh.jpg,-1.148302971134631,0.2732487614642497
landscape/river/sun_arrowezqnjworpxx.jpg,-0.6305223519720239,0.3506430101084073
landscape/river/sun_aspvmwpnzvvxbbft.jpg,-1.6284166183732631,0.2019735460844005
landscape/river/sun_atyxcoqqxqgneguy.jpg,-0.9814987121915142,0.3157375898017609
landscape/river/sun_avzchymwhvikuljn.jpg,-1.2508744718165572,0.2215061476558209
landscape/river/sun_awpobpjinrtgghxi.jpg,-0.901210150321301,0.2182196000930016
landscape/river/sun_axdytypgqeudktof.jpg,-1.2586187589904283,0.1718074325710394
landscape/river/sun_ayvmorfrgjhonmqd.jpg,-1.1390679603701988,0.1442835625091103
landscape/river/sun_azrlsucrzwyfscww.jpg,-1.529988136830425,0.3610829036487858
landscape/savanna/0fbaf2e2db331109.jpg,-1.3918906084026432,0.2840735485039703
landscape/savanna/103210451eebd2f5.jpg,-1.1548377113693054,0.1726822034514342
landscape/savanna/1220fa5cbeeaea92.jpg,-1.555469507138233,0.3779133427185985
landscape/savanna/128effcd5bc60e5e.jpg,-1.5716890514332926,0.3533374103716308
landscape/savanna/1a87d5dd9aef60ac.jpg,-1.5628114494746577,0.3811976028294473
landscape/savanna/1be24711b35392cb.jpg,-1.2931797714655109,0.327462011672538
landscape/savanna/1ca15ca38b387c26.jpg,-1.2040426172488383,0.3353079118126254
landscape/savanna/27ffe9cef7625e56.jpg,-1.1649676730023066,0.174860989171788
landscape/savanna/29c331379d184362.jpg,-1.8248238083546493,0.2155025671542645
landscape/savanna/2b6eb863d44d4527.jpg,-1.4420428897917392,0.2846140651801029
landscape/savanna/32228339a01b0f4c.jpg,-1.6748255974250406,0.3635231028823706
landscape/savanna/3b2d53e675f239cd.jpg,-1.54695636625793,0.1273451491989547
landscape/savanna/3bc41b56e0708aec.jpg,-1.0922352856548962,0.2720247107988614
landscape/savanna/48b4b23fb49e4cff.jpg,-1.3162727811133443,0.3345343524005817
landscape/savanna/4d2286a9e457882b.jpg,-1.7359496721407282,0.3579037957890644
landscape/savanna/4d38e47c9c74abb5.jpg,-1.4255175699968357,0.1549204103289707
landscape/savanna/4f2ffae85d9ce07b.jpg,-1.3537732128595124,0.2969741481365446
landscape/savanna/5540b1af6082d5e4.jpg,-1.4058399864864617,0.1705714357924532
landscape/savanna/5ddb40615b3a538e.jpg,-1.3870850282499632,0.2270148426904048
landscape/savanna/607fc30becccf762.jpg,-1.4516735853120346,0.3493869295917078
landscape/savanna/69e8bba972867f96.jpg,-1.7246768808590296,0.2186184313113987
landscape/savanna/7d4174788e63d65a.jpg,-1.499745504263092,0.1747690811861935
landscape/savanna/82670f93cd2dc68e.jpg,-1.567605016495486,0.255896605434272
landscape/savanna/94cb6dc3b5293417.jpg,-1.3635285679186095,0.3376796964088759
landscape/savanna/94ea5b64098dc7b3.jpg,-1.2336864903199938,0.277286363043504
landscape/savanna/9953f505d2d420da.jpg,-1.2611623793456843,0.3300261191322643
landscape/savanna/99bcf6128cb5d909.jpg,-1.446844307729512,0.2328069309056555
landscape/savanna/9edfd68054226fc1.jpg,-1.2809102453330594,0.2986951791023037
landscape/savanna/a4ec78bc93d37104.jpg,-1.2224284143076811,0.2422440976533537
landscape/savanna/a5d3b7d5ae1f1cac.jpg,-1.4564161526240818,0.3395553848459866
landscape/savanna/a64f5a1102622573.jpg,-1.3590483436629242,0.0525027890951004
landscape/savanna/af398033fcc3c41d.jpg,-1.6798534493756725,0.328093177473049
landscape/savanna/bde334346ad9a99a.jpg,-1.8016297979671487,0.3609721618094824
landscape/savanna/c2cf779148d8142f.jpg,-1.3744660891371612,0.3235413568161511
landscape/savanna/cc2e862c89a4f45f.jpg,-1.8152770519192611,0.2839195288959776
landscape/savanna/d01f571534b26568.jpg,-1.5601175659076856,0.2537793436847064
landscape/savanna/d24a3c9f1ee2c89f.jpg,-1.229643282340548,0.2927966633070603
landscape/savanna/def4db8f3fd6c7da.jpg,-1.673075167717814,0.3572854046538257
landscape/savanna/e02a4720aa913ac8.jpg,-1.473876015522634,0.1863593370450783
landscape/savanna/e2fc18d1ca1800c0.jpg,-1.703190536025136,0.3341345273971767
landscape/savanna/e8854814ca821f95.jpg,-1.5450209053685433,0.3469552692358809
landscape/savanna/f0bb0e12e0b58962.jpg,-1.4358766391091191,0.1305714833112093
landscape/savanna/f0dc35cfaad9d472.jpg,-1.5470607427428016,0.3157628438724055
landscape/savanna/f289e75ca547ea1a.jpg,-1.2260097215060648,0.2839157556315838
landscape/savanna/f2c8fdf66d47e4c7.jpg,-1.220385204678771,0.2670835047305636
landscape/savanna/f923fd734ad6a56a.jpg,-1.6487271803057344,0.331352812587467
landscape/savanna/sun_affghkaeecrxnupq.jpg,-1.727348175798489,0.098932350417845
landscape/savanna/sun_aqbpztfbkpkfbxqx.jpg,-1.718550229255509,0.3888190793691498
landscape/savanna/sun_azmnsxrpcylcebsm.jpg,-1.5096923817790446,0.2659443392990969
landscape/sea/n09376198_10146.jpg,-0.886067987933743,0.2390768209059637
landscape/sea/n09376198_10640.jpg,-1.4296525851325883,0.2246921182266009
landscape/sea/n09376198_10845.jpg,-0.8841281679180154,0.1711492913913832
landscape/sea/n09376198_10901.jpg,-1.1170442240385832,0.4177064062298326
landscape/sea/n09376198_11171.jpg,-1.1456698990594572,0.2878987653898183
landscape/sea/n09376198_11360.jpg,-0.8455277531942618,0.3097625845999059
landscape/sea/n09376198_12294.jpg,-0.699270174322192,0.3030417975606308
landscape/sea/n09376198_12692.jpg,-0.9342158697208092,0.2635108996811125
landscape/sea/n09376198_13588.jpg,-1.1599276924904418,0.3507328003347951
landscape/sea/n09376198_13928.jpg,-1.192347486595518,0.3027643573718659
landscape/sea/n09376198_1396.jpg,-0.769599789264042,0.2798371198655592
landscape/sea/n09376198_14485.jpg,-1.4078082029933765,0.3555190174120967
landscape/sea/n09376198_14571.jpg,-0.91889991804022,0.3011610345478573
landscape/sea/n09376198_15308.jpg,-1.0461104032693147,0.2094945734935099
landscape/sea/n09376198_15319.jpg,-1.465712850534571,0.3958929434416735
landscape/sea/n09376198_15467.jpg,-1.236594708190261,0.2951247398199995
landscape/sea/n09376198_15858.jpg,-0.9488027153317022,0.2615783950445304
landscape/sea/n09376198_16065.jpg,-1.220284635640594,0.3809141984699285
landscape/sea/n09376198_16253.jpg,-1.1665749759574309,0.2075495438817238
landscape/sea/n09376198_16513.jpg,-1.3302120632307886,0.3533021152914581
landscape/sea/n09376198_16757.jpg,-1.1207473354149835,0.1985246141111165
landscape/sea/n09376198_17428.jpg,-1.2017837342496485,0.3817173687796956
landscape/sea/n09376198_178.jpg,-0.8922534317812262,0.2278187033475667
landscape/sea/n09376198_18482.jpg,-1.0699352377924656,0.2635326418547895
landscape/sea/n09376198_18827.jpg,-1.112379492960306,0.3218923419819983
landscape/sea/n09376198_19021.jpg,-1.4085225314805316,0.3861906820884229
landscape/sea/n09376198_19190.jpg,-1.1270386121607352,0.2949355066702005
landscape/sea/n09376198_19264.jpg,-0.5050691857462385,0.3774295469995674
landscape/sea/n09376198_19423.jpg,-0.8099824713687096,0.3235938917447837
landscape/sea/n09376198_19547.jpg,-0.8313750782593015,0.3075587630315923
landscape/sea/n09376198_19552.jpg,-0.8716590675598417,0.3034363817904729
landscape/sea/n09376198_19558.jpg,-1.1799770143853543,0.2392668224873908
landscape/sea/n09376198_19782.jpg,-0.8757136622422601,0.2810456324051187
landscape/sea/n09376198_19981.jpg,-0.8238017033364403,0.2861579677331405
landscape/sea/n09376198_20029.jpg,-0.8263664182993871,0.1862736150406133
landscape/sea/n09376198_20394.jpg,-1.1252479436122949,0.3507458303969932
landscape/sea/n09376198_20395.jpg,-1.2740552742886446,0.3473923163600174
landscape/sea/n09376198_20425.jpg,-1.2056856306311592,0.3425351217537043
landscape/sea/n09376198_20436.jpg,-1.4395157108226315,0.1739405377582784
landscape/sea/n09376198_20956.jpg,-1.325309747774916,0.2987938572967127
landscape/sea/n09376198_21118.jpg,-0.8098545789233841,0.1267463975528693
landscape/sea/n09376198_21174.jpg,-0.9498361120995148,0.1178656681862091
landscape/sea/n09376198_21192.jpg,-0.9918628149720576,0.3208568738229755
landscape/sea/n09376198_21260.jpg,-1.041306632038031,0.224366886790512
landscape/sea/n09376198_21281.jpg,-0.7200372069684429,0.3137834496283769
landscape/sea/n09376198_21338.jpg,-0.91811135846368,0.3455025522355033
landscape/sea/n09376198_21383.jpg,-1.391544483945288,0.3078785296510052
landscape/sea/n09376198_21539.jpg,-0.8824627962425031,0.1643456202112239
landscape/sea/n09376198_21567.jpg,-1.002288331751216,0.3359583444888614
landscape/sea/n09376198_21630.jpg,-1.2312362676395745,0.3148163664292696
landscape/sea/n09376198_22026.jpg,-0.9372113393819268,0.2957183089230974
landscape/sea/n09376198_22167.jpg,-1.0359859280705803,0.2079729898712017
landscape/sea/n09376198_22369.jpg,-0.913389720630118,0.3367282999486389
landscape/sea/n09376198_22377.jpg,-0.995780127497774,0.2576867990919862
landscape/sea/n09376198_22448.jpg,-0.910226488970472,0.2029152722887288
landscape/sea/n09376198_22644.jpg,-0.828247919832404,0.4063954971273436
landscape/sea/n09376198_22707.jpg,-0.7621698423760948,0.1518513879909419
landscape/sea/n09376198_22948.jpg,-0.9897011930437032,0.2306854887805017
landscape/sea/n09376198_26839.jpg,-1.1449129211621891,0.3247805689388666
landscape/sea/n09376198_2958.jpg,-0.9865538720695664,0.3504364890222903
landscape/sea/n09376198_3096.jpg,-0.8363006669200708,0.1929478825158174
landscape/sea/n09376198_3149.jpg,-0.889952603957351,0.2119320286083949
landscape/sea/n09376198_32430.jpg,-1.019077390771009,0.1108178896970357
landscape/sea/n09376198_34266.jpg,-1.1629979839292082,0.3805659612265389
landscape/sea/n09376198_34637.jpg,-0.9146691282542384,0.2350301732528713
landscape/sea/n09376198_35698.jpg,-1.3158965006528087,0.286026398810603
landscape/sea/n09376198_39046.jpg,-0.9615007836065508,0.2370541491426722
landscape/sea/n09376198_39749.jpg,-1.009703715525127,0.1957362525594529
landscape/sea/n09376198_4578.jpg,-0.7814275662078908,0.3332816388903599
landscape/sea/n09376198_5120.jpg,-1.1471661090040532,0.3814210137095398
landscape/sea/n09376198_5439.jpg,-1.0469814259223484,0.1683453398195674
landscape/sea/n09376198_5884.jpg,-0.927741737934254,0.3273930469565495
landscape/sea/n09376198_6163.jpg,-0.8678433098043049,0.2965204314189591
landscape/sea/n09376198_6338.jpg,-0.8606893813843163,0.3369409129202727
landscape/sea/n09376198_7248.jpg,-0.984690766274645,0.2915933365699721
landscape/sea/n09376198_7849.jpg,-1.4319227650353503,0.3512374614431787
landscape/sea/n09376198_8264.jpg,-1.1846744548885233,0.3311223312914883
landscape/sea/n09376198_9191.jpg,-0.5206701081088237,0.331762674232145
landscape/sea/n09376198_9273.jpg,-0.7508285723651444,0.2769042763198228
landscape/sea/n09376198_9918.jpg,-1.0833858941026269,0.2027151390101935
landscape/shore/n09217230_10187.jpg,-0.8442029073421302,0.2224687754641671
landscape/shore/n09217230_1085.jpg,-1.3945087476623357,0.4224697290793497
landscape/shore/n09217230_11848.jpg,-1.0585586208192308,0.3144391462514017
landscape/shore/n09217230_1761.jpg,-1.0896810510533537,0.2463855927627869
landscape/shore/n09217230_2326.jpg,-0.8930754454164773,0.3611374726947028
landscape/shore/n09217230_2449.jpg,-1.0946815539931,0.232749260633924
landscape/shore/n09217230_2843.jpg,-1.160016875627909,0.2501170353695827
landscape/shore/n09217230_3790.jpg,-0.8039202723363712,0.3093179806720961
landscape/shore/n09217230_3880.jpg,-1.0283555283656771,0.214153652492034
landscape/shore/n09217230_3956.jpg,-0.6573187787233197,0.2447473709039284
landscape/shore/n09217230_4020.jpg,-0.8075956340424408,0.2616613972021308
landscape/shore/n09217230_4030.jpg,-1.1024057623990218,0.187302675494777
landscape/shore/n09217230_4382.jpg,-1.2191875307393067,0.1622954640303951
landscape/shore/n09217230_469.jpg,-0.8958978635119224,0.2825063382832307
landscape/shore/n09217230_4829.jpg,-1.0720852800463412,0.2615903082737978
landscape/shore/n09217230_5502.jpg,-0.9324436724468818,0.2866269791558868
landscape/shore/n09217230_6082.jpg,-0.958542618487876,0.209182920041348
landscape/shore/n09217230_6184.jpg,-0.8590481436205852,0.3843408117800027
landscape/shore/n09217230_6883.jpg,-1.4029459402169568,0.3981787457140709
landscape/shore/n09217230_702.jpg,-1.6104252982172198,0.3539340356517495
landscape/shore/n09217230_7993.jpg,-0.8079238835887202,0.3219104362867576
landscape/shore/n09217230_815.jpg,-1.448402191525914,0.3022299727887718
landscape/shore/n09217230_8235.jpg,-1.0058377830860643,0.3060426415689574
landscape/shore/n09217230_8385.jpg,-0.9630250561076864,0.1181947497736971
landscape/shore/n09217230_9181.jpg,-1.039769970405227,0.1450162171124213
landscape/shore/n09217230_9267.jpg,-0.8627925311845148,0.3703971816032044
landscape/shore/n09217230_9549.jpg,-1.5734798013554498,0.3902072511856574
landscape/shore/n09421951_10070.jpg,-1.4370914989398724,0.3440292677349897
landscape/shore/n09421951_10110.jpg,-0.823516031522172,0.337167459956945
landscape/shore/n09421951_10569.jpg,-0.8898936733495175,0.373095388427586
landscape/shore/n09421951_10886.jpg,-0.8757833354838259,0.2483019713698243
landscape/shore/n09421951_10974.jpg,-0.8929476796285271,0.2444576987005469
landscape/shore/n09421951_11041.jpg,-0.8190598996409669,0.3001570505393784
landscape/shore/n09421951_11091.jpg,-1.1640270543753144,0.2667625511691335
landscape/shore/n09421951_11154.jpg,-0.8117954673404602,0.4073538063806854
landscape/shore/n09421951_11329.jpg,-0.7979421185732569,0.4229755057974563
landscape/shore/n09421951_11637.jpg,-1.201965599178457,0.3511210457041709
landscape/shore/n09421951_11867.jpg,-0.790059854528587,0.3040827219352445
landscape/shore/n09421951_12169.jpg,-0.8747134583008714,0.3678140572308619
landscape/shore/n09421951_12490.jpg,-0.9923280497564057,0.3732597332812271
landscape/shore/n09421951_12946.jpg,-0.5981197108507373,0.3561746439184757
landscape/shore/n09421951_13036.jpg,-0.8568732948107503,0.3060114618769254
landscape/shore/n09421951_13122.jpg,-0.8698528743875441,0.1908965490627381
landscape/shore/n09421951_14335.jpg,-0.8338346624969339,0.3939036830362342
landscape/shore/n09421951_1478.jpg,-0.9319647174294248,0.2953154272782919
landscape/shore/n09421951_1517.jpg,-0.802373447830715,0.2843641289289783
landscape/shore/n09421951_16577.jpg,-0.87319728185136,0.414323911382735
landscape/shore/n09421951_16876.jpg,-1.0864426404612413,0.401787413089213
landscape/shore/n09421951_16936.jpg,-0.9645709863733156,0.289820025112775
landscape/shore/n09421951_18936.jpg,-0.8968101971727425,0.3081972972082862
landscape/shore/n09421951_19955.jpg,-0.9505061421508104,0.3304179095832488
landscape/shore/n09421951_22443.jpg,-0.9265516381448206,0.3909572599825387
landscape/shore/n09421951_24316.jpg,-0.9809168142685664,0.3949344135393359
landscape/shore/n09421951_25160.jpg,-0.9895759056214086,0.3600659483012424
landscape/shore/n09421951_32540.jpg,-1.104049807703699,0.4075882970538603
landscape/shore/n09421951_34496.jpg,-1.0115228832448768,0.3634229984404944
landscape/shore/n09421951_5438.jpg,-1.0201825991718207,0.2738238107131762
landscape/shore/n09421951_6821.jpg,-1.6446147736823424,0.3411244650952591
landscape/shore/n09421951_8175.jpg,-1.3807191231972131,0.3268385181928107
landscape/shore/n09421951_9201.jpg,-0.8669241359300558,0.3655705996131527
landscape/shore/n09421951_9815.jpg,-0.7870544320119741,0.2705726565743848
landscape/shore/n09421951_9868.jpg,-0.5922813504800475,0.4074065212606111
landscape/shore/n09428293_11949.jpg,-1.0405623094273804,0.3164084623016271
landscape/shore/n09428293_16245.jpg,-0.8240773787365296,0.1813286556387297
landscape/shore/n09428293_16948.jpg,-1.6494854806860348,0.3884039029451672
landscape/shore/n09428293_17140.jpg,-1.022267322389583,0.3410670021284839
landscape/shore/n09428293_18874.jpg,-1.8368863442011003,0.3206925346545677
landscape/shore/n09428293_22476.jpg,-1.4514614321897958,0.3470699617805912
landscape/shore/n09428293_22601.jpg,-0.911802357965447,0.2384446043040761
landscape/shore/n09428293_23069.jpg,-1.367883509718221,0.3000381119193
landscape/shore/n09428293_2560.jpg,-1.3389842313060805,0.3477769371330476
landscape/shore/n09428293_2791.jpg,-0.9380927260023246,0.2843359600230636
landscape/shore/n09428293_28986.jpg,-1.6849410165227852,0.4129589666482287
landscape/shore/n09428293_29070.jpg,-1.41683674441657,0.3653099457404143
landscape/shore/n09428293_31902.jpg,-1.0074669656707766,0.2904733702779305
landscape/shore/n09428293_3297.jpg,-1.659406607350305,0.3261850216982362
landscape/shore/n09428293_3364.jpg,-1.0457632794565772,0.3256706711227531
landscape/shore/n09428293_36393.jpg,-0.8002351357544497,0.2019551333779078
landscape/shore/n09428293_36611.jpg,-1.3158223984579904,0.3814665567189955
landscape/shore/n09428293_39006.jpg,-0.902719363457958,0.2053782721083482
landscape/shore/n09428293_39677.jpg,-0.960415638365142,0.2941630921082976
landscape/shore/n09428293_39748.jpg,-0.8683180025096926,0.2090727566623735
landscape/shore/n09428293_42334.jpg,-0.6892588443384279,0.3063411955194061
landscape/shore/n09428293_42620.jpg,-0.796517385225215,0.2908017090854949
landscape/shore/n09428293_45308.jpg,-1.0600354126153575,0.3368580398356463
landscape/shore/n09428293_46696.jpg,-0.914247113212294,0.2832908780483351
landscape/shore/n09428293_47263.jpg,-0.90872556039279,0.366801781800994
landscape/shore/n09428293_48339.jpg,-0.9204339457175348,0.2825271927794492
landscape/shore/n09428293_48813.jpg,-0.8778087419651859,0.3738787522643498
landscape/shore/n09428293_5897.jpg,-0.910232514409706,0.3764408550005595
landscape/shore/n09428293_5995.jpg,-1.7569878306276407,0.4287045604318798
landscape/shore/n09428293_6924.jpg,-1.09687276442623,0.2539507751977966
landscape/shore/n09428293_8630.jpg,-0.5209345359293264,0.2406516283483379
landscape/snowscape/05fc797747b43738.jpg,-1.440939448449219,0.124283966567956
landscape/snowscape/0ce0499b7f00cb0e.jpg,-1.538782717728474,0.3503289075914774
landscape/snowscape/19f5c3b3a490beff.jpg,-1.2645127371702582,0.150101821648087
landscape/snowscape/2f6ce20f6f244efe.jpg,-1.6205715198988668,0.1790135109624875
landscape/snowscape/3586e65570d0d5d0.jpg,-1.3740604671868852,0.3063177522256549
landscape/snowscape/4bec8df46cf13743.jpg,-1.74641667150212,0.2813377275705294
landscape/snowscape/4d8d416b795f90cc.jpg,-1.7198002525110412,0.3096452111499991
landscape/snowscape/4fc1bb40ea85f55f.jpg,-1.4042925748560982,0.2693582648933147
landscape/snowscape/55d0a0c0726ac856.jpg,-1.2696416989717154,0.2960466692560183
landscape/snowscape/64153332024189ae.jpg,-1.366334258072793,0.3691014895747258
landscape/snowscape/71cc96ab89df1c70.jpg,-1.600779716224496,0.2198952765591491
landscape/snowscape/71ce7459bc05596d.jpg,-1.4058418673613544,0.0394830504452916
landscape/snowscape/781c958107e86dcb.jpg,-1.2642323180301769,0.2213334850381158
landscape/snowscape/7aeecee8b9b7264c.jpg,-1.2523079442431857,0.1882607882993388
landscape/snowscape/806fa9b58d39f10e.jpg,-1.7373947206328473,0.4307272995797586
landscape/snowscape/8880c064ecd79e96.jpg,-0.9773797824099516,0.2719312021748431
landscape/snowscape/89053529c35762a7.jpg,-1.202984167715827,0.169082609942825
landscape/snowscape/8bd2659c2ac5b9d5.jpg,-1.1067686371290084,0.2169529522880362
landscape/snowscape/8f8a5518eb347887.jpg,-1.5359732958957266,0.0420279651727549
landscape/snowscape/935128a44d4c1dd7.jpg,-1.2858876581814882,0.1537386972765174
landscape/snowscape/9e5cecaecfb75373.jpg,-1.49466707336002,0.1302972717970525
landscape/snowscape/a6fe554f214c9f6d.jpg,-1.5803767221083649,0.0506825549928998
landscape/snowscape/a8d0951911af67f8.jpg,-1.561340804277799,0.1738424618859401
landscape/snowscape/ac879fc4fd66b750.jpg,-1.1621728477834743,0.3119876670851488
landscape/snowscape/afac9fee5ef5f397.jpg,-1.444984535725865,0.2003822151733513
landscape/snowscape/b824501af079ad43.jpg,-1.4568495222273723,0.297935227800532
landscape/snowscape/bde032dcf7d9ef26.jpg,-1.468513130285838,0.1525676857758529
landscape/snowscape/c1a866badf03b36b.jpg,-1.7022333734539965,0.2307208444243294
landscape/snowscape/cbc706734e8e11cf.jpg,-1.830793519562291,0.1022888917625759
landscape/snowscape/df1a1069546aaebe.jpg,-1.28282778423984,0.1965851210784399
landscape/snowscape/ee54fa153e633643.jpg,-1.8165473043883047,0.3956516171260262
landscape/snowscape/sun_abaavqlfhfgrtrmp.jpg,-1.1743234807064074,0.3601164483260552
landscape/snowscape/sun_abdqfmnccfyuqsjh.jpg,-1.4257843965151726,0.2708754432892363
landscape/snowscape/sun_acecbesdnsqijtva.jpg,-0.9580336916575848,0.3313238485652279
landscape/snowscape/sun_acpxaistqyimycdc.jpg,-1.6952833487705687,0.2754375195450491
landscape/snowscape/sun_adykjroazbibmkha.jpg,-1.107298627281266,0.3682712497083755
landscape/snowscape/sun_adzygjwtekacvdto.jpg,-1.324551104603498,0.3707177766684854
landscape/snowscape/sun_afopyurpnywisbmw.jpg,-1.0367611703479287,0.4021128644022466
landscape/snowscape/sun_agadveshuygeffkr.jpg,-1.1228708320287837,0.3445864480347239
landscape/snowscape/sun_ahxzmmzdtjzohvyj.jpg,-1.5919143489125167,0.2745544618156083
landscape/snowscape/sun_alynwiithdespexf.jpg,-1.4790214948418658,0.1969872843349338
landscape/snowscape/sun_aoyxvextaeonmyll.jpg,-1.827758697706628,0.1659230340211935
landscape/snowscape/sun_apegpjzinrnvstub.jpg,-1.1352424677819062,0.3733082458572654
landscape/snowscape/sun_aqwjbpirzjyacvtj.jpg,-1.2881766347578778,0.1597251585623678
landscape/snowscape/sun_areyvdkepydnktvx.jpg,-1.3497600986767466,0.3454121047073861
landscape/snowscape/sun_aukiwgmfpeqonurb.jpg,-1.127848656484859,0.3663527707352408
landscape/snowscape/sun_auyawxqigfkfzqic.jpg,-1.7166504683877752,0.2662643027788255
landscape/snowscape/sun_ayrqfcydyciyvrla.jpg,-0.788277810771956,0.3687752012923413
landscape/tundra/350146445a1383f8.jpg,-1.3923921791154246,0.2275910799142777
landscape/tundra/39d1ce9574b2df8f.jpg,-1.4984176267896718,0.2946093953161091
landscape/tundra/84a6fdae233656a5.jpg,-1.5600117084869394,0.3826749799943428
landscape/tundra/89752c9eaf281151.jpg,-1.2794677804499677,0.2586808489487548
landscape/tundra/bb4f781adbf5b2d0.jpg,-1.697131313900683,0.3745987194892304
landscape/tundra/c7b48e1905d50d55.jpg,-1.5713408704054797,0.2992688527330747
landscape/tundra/db62ab391029b2af.jpg,-1.4537564901399045,0.3294010594390822
landscape/tundra/db80f3b3f678bc15.jpg,-1.7990170625811726,0.2973220916517408
landscape/tundra/de4baf73e70f9556.jpg,-1.312253346034578,0.2968279981583926
landscape/tundra/sun_acjgmeycvyfhcccn.jpg,-1.3004857358894473,0.3531819574088913
landscape/tundra/sun_andjgmkvgepklowz.jpg,-1.5473455501923932,0.3709952744759248
landscape/tundra/sun_anxrlsxtawqfsams.jpg,-1.6140456568769257,0.2385019295248941
landscape/tundra/sun_avauwsvpzzujahyj.jpg,-1.0620772511865926,0.1981422067679954
landscape/tundra/sun_aysvauwwrhbjujnn.jpg,-1.247036830603631,0.3426736926006287
landscape/valley/n09468604_10320.jpg,-0.843519923451905,0.3220659367976218
landscape/valley/n09468604_10646.jpg,-1.2728903548706676,0.3273749702275487
landscape/valley/n09468604_11173.jpg,-1.7517624372691658,0.2442984130446638
landscape/valley/n09468604_11652.jpg,-1.386091931115528,0.2205760226168389
landscape/valley/n09468604_12333.jpg,-1.308760808258116,0.1741075442855858
landscape/valley/n09468604_13099.jpg,-0.9001604416151434,0.2054630152456239
landscape/valley/n09468604_14047.jpg,-0.7993905464082475,0.3770487457920639
landscape/valley/n09468604_15022.jpg,-0.9754023423623585,0.1733348863393706
landscape/valley/n09468604_15189.jpg,-1.9871302770134744,0.3284233180886949
landscape/valley/n09468604_15562.jpg,-1.1730070019911616,0.0822202049020879
landscape/valley/n09468604_15592.jpg,-0.833930562708804,0.1858412692659677
landscape/valley/n09468604_15728.jpg,-0.6928055709428308,0.3060578759284246
landscape/valley/n09468604_15732.jpg,-1.654900941958224,0.3469397791821379
landscape/valley/n09468604_1698.jpg,-1.3643576897584713,0.3320712050695485
landscape/valley/n09468604_17442.jpg,-0.7134304320272445,0.223566133437378
landscape/valley/n09468604_18394.jpg,-1.8168894689274933,0.3617662337662338
landscape/valley/n09468604_18462.jpg,-1.395731623284437,0.3386232948997405
landscape/valley/n09468604_18467.jpg,-0.8152144509591663,0.2699235651010238
landscape/valley/n09468604_18802.jpg,-1.412179235670689,0.2511898766053891
landscape/valley/n09468604_18945.jpg,-1.3320150687942782,0.281384784084382
landscape/valley/n09468604_21841.jpg,-0.8165743730111306,0.2928386349853906
landscape/valley/n09468604_22268.jpg,-0.8629623753067852,0.3603696385632001
landscape/valley/n09468604_22272.jpg,-0.7474905581592525,0.3730323141378044
landscape/valley/n09468604_22643.jpg,-0.7469832135370467,0.2751932144340278
landscape/valley/n09468604_22958.jpg,-0.8246478814402056,0.3820431063168402
landscape/valley/n09468604_23170.jpg,-0.7744154212950917,0.2225173613065156
landscape/valley/n09468604_23201.jpg,-0.5480657779151409,0.2172364469957467
landscape/valley/n09468604_23209.jpg,-0.8492554469222778,0.3460967288781858
landscape/valley/n09468604_23607.jpg,-1.3088916334657832,0.3144159330711119
landscape/valley/n09468604_25264.jpg,-0.5717361780840271,0.2588335677522666
landscape/valley/n09468604_25273.jpg,-0.4277692345050701,0.3001640780172466
landscape/valley/n09468604_25432.jpg,-0.6098725798332342,0.3088611863388728
landscape/valley/n09468604_25771.jpg,-0.5505528862042992,0.26159711816745
landscape/valley/n09468604_26256.jpg,-0.7509558564832218,0.2819744934480592
landscape/valley/n09468604_26361.jpg,-0.8540294285581298,0.0897274494213269
landscape/valley/n09468604_2749.jpg,-1.0210108563834823,0.341783099655269
landscape/valley/n09468604_27551.jpg,-0.6967648231474902,0.1157421220536595
landscape/valley/n09468604_28705.jpg,-0.7398167683470988,0.2966948709159466
landscape/valley/n09468604_28822.jpg,-0.7816133121919057,0.2237238450263713
landscape/valley/n09468604_29491.jpg,-0.7544664104480718,0.2713239956625982
landscape/valley/n09468604_30970.jpg,-1.002340855707397,0.2903523345427875
landscape/valley/n09468604_31008.jpg,-0.7437926554955507,0.2152538565223903
landscape/valley/n09468604_31670.jpg,-0.8609157951861702,0.2601320693566682
landscape/valley/n09468604_37803.jpg,-1.1185452532524314,0.2912309704054545
landscape/valley/n09468604_37892.jpg,-0.6599947861805946,0.2883372551618997
landscape/valley/n09468604_40668.jpg,-0.6706889500635843,0.3637545986603062
landscape/valley/n09468604_40956.jpg,-0.8380182429284603,0.2347067290392227
landscape/valley/n09468604_41325.jpg,-0.749297624956265,0.168975548271317
landscape/valley/n09468604_42258.jpg,-0.7979303973891813,0.1826294870444696
landscape/valley/n09468604_43204.jpg,-0.5841715331084945,0.3884176189111635
landscape/valley/n09468604_44686.jpg,-0.6564690943573704,0.2806714806872331
landscape/valley/n09468604_44919.jpg,-0.7172555718583318,0.0738693314704006
landscape/valley/n09468604_45655.jpg,-0.7018160542204045,0.2766943067586974
landscape/valley/n09468604_45739.jpg,-0.7414810872533703,0.3423565899645923
landscape/valley/n09468604_46566.jpg,-0.8649544153140754,0.2107177290423363
landscape/valley/n09468604_47076.jpg,-0.7052900289082191,0.2716304243701504
landscape/valley/n09468604_4718.jpg,-1.5412640899764962,0.2340414571828896
landscape/valley/n09468604_47447.jpg,-0.8273519992582204,0.2978964450840503
landscape/valley/n09468604_47515.jpg,-0.8535999934564221,0.1715168252953842
landscape/valley/n09468604_48585.jpg,-0.5959133799251741,0.3177755589601381
landscape/valley/n09468604_48588.jpg,-0.9618943898900992,0.3265484515484516
landscape/valley/n09468604_51222.jpg,-0.933228472133242,0.2592322701389719
landscape/valley/n09468604_51684.jpg,-0.8384233746195547,0.3242443005910498
landscape/valley/n09468604_51842.jpg,-0.7683941900850227,0.2112687967653857
landscape/valley/n09468604_51925.jpg,-0.7279439783266682,0.2162700718303615
landscape/valley/n09468604_52089.jpg,-0.7251768978297227,0.1132798528434929
landscape/valley/n09468604_52463.jpg,-0.6569751525943512,0.2707307748582864
landscape/valley/n09468604_53301.jpg,-0.8877208189091071,0.3765413622379132
landscape/valley/n09468604_54577.jpg,-0.7890170513479874,0.1543772438552885
landscape/valley/n09468604_55932.jpg,-0.6415829674296575,0.2616658748785728
landscape/valley/n09468604_56818.jpg,-0.4784254409770851,0.1895419947261132
landscape/valley/n09468604_56838.jpg,-0.7493369030373617,0.3603236805944323
landscape/valley/n09468604_57181.jpg,-0.8211811138757562,0.2725840336134453
landscape/valley/n09468604_57366.jpg,-0.728315301424575,0.1797932095452756
landscape/valley/n09468604_57440.jpg,-0.6525763324016356,0.2541791526816485
landscape/valley/n09468604_57462.jpg,-0.6421485119410734,0.1791281392796425
landscape/valley/n09468604_57854.jpg,-1.0295194289822591,0.1394474857855467
landscape/valley/n09468604_58023.jpg,-0.7767586186283938,0.2998925726198454
landscape/valley/n09468604_58663.jpg,-0.4833855171830022,0.2736795012292777
landscape/valley/n09468604_58752.jpg,-1.102443214547082,0.2438087218410162
landscape/valley/n09468604_58896.jpg,-0.6856932833435501,0.2453754657144488
landscape/valley/n09468604_5936.jpg,-0.6746357130896962,0.3208610925344327
landscape/valley/n09468604_61717.jpg,-0.5323345766746616,0.3752884518912411
landscape/valley/n09468604_67249.jpg,-0.7012361621534059,0.2567220834134153
landscape/valley/n09468604_6877.jpg,-0.9119933164671326,0.2657554179389203
landscape/valley/n09468604_71480.jpg,-0.8264017712864345,0.2565643344439156
landscape/valley/n09468604_7536.jpg,-0.9497995820295584,0.2260534049046476
landscape/valley/n09468604_7588.jpg,-1.3018651375067636,0.2948117585129333
landscape/valley/n09468604_77948.jpg,-0.6792532218087263,0.2456234838127592
landscape/valley/n09468604_8336.jpg,-1.174186799157882,0.2728801508397376
landscape/valley/n09468604_84812.jpg,-0.5571696441860629,0.2908363999818272
landscape/valley/n09468604_86524.jpg,-0.7824906887966943,0.2425794501552929
landscape/valley/n09468604_86976.jpg,-0.6444673603599023,0.1716728386595345
landscape/valley/n09468604_88070.jpg,-0.7520955562609323,0.217207299528999
landscape/valley/n09468604_8862.jpg,-0.6535070596134991,0.2255671755239282
landscape/valley/n09468604_89593.jpg,-0.5418136292875393,0.3488561793101769
landscape/valley/n09468604_9047.jpg,-0.9480189599306004,0.2731737810323272
landscape/valley/n09468604_936.jpg,-1.530726998876855,0.3524742567346359
landscape/valley/n09468604_995.jpg,-1.1783659058635012,0.3009050449535529
landscape/volcano/n09472597_110.jpg,-1.6786466008692165,0.3879517096094635
landscape/volcano/n09472597_11258.jpg,-0.9274853176954296,0.4111288051882111
landscape/volcano/n09472597_11576.jpg,-0.7395900837720532,0.367526264665464
landscape/volcano/n09472597_13289.jpg,-1.296624606725939,0.2820752920264093
landscape/volcano/n09472597_13841.jpg,-0.7423615268693637,0.2690946348733233
landscape/volcano/n09472597_13955.jpg,-0.6678112512645011,0.3453811391737205
landscape/volcano/n09472597_1402.jpg,-1.922610641123124,0.3048137746537419
landscape/volcano/n09472597_14293.jpg,-0.6957953814420446,0.3392591656663929
landscape/volcano/n09472597_14301.jpg,-0.7708436387709129,0.3537679033546801
landscape/volcano/n09472597_1451.jpg,-0.8443634064365488,0.3805006064814605
landscape/volcano/n09472597_14703.jpg,-1.128345963522702,0.2975702641307736
landscape/volcano/n09472597_14890.jpg,-0.9236880974841633,0.1634661060394414
landscape/volcano/n09472597_15189.jpg,-0.8804116346910014,0.3738688746540426
landscape/volcano/n09472597_15575.jpg,-0.662561217730583,0.2131470083745333
landscape/volcano/n09472597_15965.jpg,-0.5518964033915759,0.2720797192009933
landscape/volcano/n09472597_16372.jpg,-0.8034382981116615,0.3026585373913618
landscape/volcano/n09472597_18060.jpg,-0.8368565231857786,0.3901825232070816
landscape/volcano/n09472597_19101.jpg,-0.8099233952481718,0.374221318690055
landscape/volcano/n09472597_20789.jpg,-0.771479562481158,0.3241373442831427
landscape/volcano/n09472597_20993.jpg,-1.1232349422403671,0.2981389125410534
landscape/volcano/n09472597_21205.jpg,-0.620861519665918,0.2237996902426433
landscape/volcano/n09472597_21426.jpg,-1.6431067015157268,0.3339631157435105
landscape/volcano/n09472597_21598.jpg,-0.986828028123744,0.3255184334547746
landscape/volcano/n09472597_22017.jpg,-1.0392248226583678,0.2875791840310306
landscape/volcano/n09472597_22187.jpg,-0.7247077108628344,0.3674784108220641
landscape/volcano/n09472597_22636.jpg,-0.8525810052167748,0.377282110399185
landscape/volcano/n09472597_22750.jpg,-0.9212495928142737,0.2250988237668417
landscape/volcano/n09472597_22784.jpg,-1.0056372832839984,0.3719214003876845
landscape/volcano/n09472597_22931.jpg,-0.7913920641876198,0.191954905041041
landscape/volcano/n09472597_23094.jpg,-0.7223533993710268,0.3181163823323207
landscape/volcano/n09472597_23273.jpg,-1.4251517376672225,0.3962843916146117
landscape/volcano/n09472597_25917.jpg,-0.7725722850894056,0.357404815658552
landscape/volcano/n09472597_26604.jpg,-1.0318721048702952,0.3257446439492829
landscape/volcano/n09472597_28483.jpg,-0.9082804626941474,0.2822662964702039
landscape/volcano/n09472597_28880.jpg,-0.6643495848041425,0.2633332641325334
landscape/volcano/n09472597_29182.jpg,-0.7049977338774627,0.3236683279708956
landscape/volcano/n09472597_29254.jpg,-0.8377521096723308,0.2769114336535727
landscape/volcano/n09472597_29474.jpg,-1.228892865478724,0.3290658855201285
landscape/volcano/n09472597_29583.jpg,-1.3284267720352254,0.241425524648999
landscape/volcano/n09472597_29635.jpg,-0.7597828602458717,0.3411980594811221
landscape/volcano/n09472597_30060.jpg,-0.7473541438275926,0.3245847682321031
landscape/volcano/n09472597_30936.jpg,-0.8465157519883095,0.3771635320577594
landscape/volcano/n09472597_31092.jpg,-0.9920297666521888,0.2836480808487656
landscape/volcano/n09472597_31129.jpg,-0.7701689219272221,0.332670311203406
landscape/volcano/n09472597_31535.jpg,-0.8377880720519632,0.3419322709163346
landscape/volcano/n09472597_32202.jpg,-1.3254767002744636,0.3684538716068752
landscape/volcano/n09472597_32918.jpg,-1.3487354979727264,0.2835503226536851
landscape/volcano/n09472597_33013.jpg,-1.0541108362360834,0.3342765158101621
landscape/volcano/n09472597_3365.jpg,-1.236682239243348,0.2680239062046118
landscape/volcano/n09472597_33772.jpg,-0.9771835636554336,0.4167220531832512
landscape/volcano/n09472597_33908.jpg,-0.94708368581984,0.4211069473933528
landscape/volcano/n09472597_34625.jpg,-0.9930371379004714,0.2367069192189706
landscape/volcano/n09472597_34952.jpg,-0.7110804186577631,0.3358704697071558
landscape/volcano/n09472597_35837.jpg,-0.8365015329930168,0.3949241111286172
landscape/volcano/n09472597_36813.jpg,-1.1129076247942384,0.3635612114531927
landscape/volcano/n09472597_39958.jpg,-0.7595781502990603,0.1743862092982761
landscape/volcano/n09472597_40484.jpg,-0.7691809352311844,0.3505739296297558
landscape/volcano/n09472597_40572.jpg,-0.880451062966588,0.3507123066518314
landscape/volcano/n09472597_4395.jpg,-1.8237486203758235,0.3147537760207804
landscape/volcano/n09472597_446.jpg,-1.8658916060848685,0.3470656418159801
landscape/volcano/n09472597_4600.jpg,-0.8929773261089844,0.3372440715976577
landscape/volcano/n09472597_4661.jpg,-0.9624307243113674,0.3789830479605176
landscape/volcano/n09472597_4882.jpg,-1.6352170195221374,0.3449638068975527
landscape/volcano/n09472597_49039.jpg,-1.0175809173567445,0.3849660951540878
landscape/volcano/n09472597_4921.jpg,-1.6239261028584135,0.3729084167126628
landscape/volcano/n09472597_495.jpg,-1.8975137752375475,0.4069833187184498
landscape/volcano/n09472597_51341.jpg,-0.9633489091417008,0.401536950165379
landscape/volcano/n09472597_52504.jpg,-0.7474339336127269,0.3411404237640216
landscape/volcano/n09472597_52918.jpg,-1.3060677047032485,0.3240452844601731
landscape/volcano/n09472597_57437.jpg,-0.9209621375999136,0.3802210990329802
landscape/volcano/n09472597_8510.jpg,-2.0155495066942373,0.3356843347310459
landscape/volcano/n09472597_8828.jpg,-1.224679915056547,0.2620777446597118
landscape/volcano/n09472597_9059.jpg,-0.8480885719047605,0.3798596576374353
landscape/waterfall/sun_aajijsiddvaqjsct.jpg,-1.517590376440458,0.1812372157199743
landscape/waterfall/sun_aasvwavwelwxbdwa.jpg,-1.2624675149994138,0.1568911494548888
landscape/waterfall/sun_aazndklnazhmuylc.jpg,-1.10486768738583,0.1028953466691527
landscape/waterfall/sun_aazwxarwchtbkpuq.jpg,-1.470160130203772,0.1488165214335058
landscape/waterfall/sun_abuwqcofbenlwulz.jpg,-1.223851600232985,0.1083413641717528
landscape/waterfall/sun_abyqjaauygibkhrj.jpg,-1.2311441787783628,0.1528060466702606
landscape/waterfall/sun_acmlcxobalurtcmq.jpg,-1.1222445236859644,0.2223235374897006
landscape/waterfall/sun_actmttqigwnqffqy.jpg,-1.82042275244431,0.1194220083634072
landscape/waterfall/sun_acvfzparkonwhuzc.jpg,-1.312852274684565,0.198617364096722
landscape/waterfall/sun_addjezlmejyekcyx.jpg,-1.0570449883971895,0.1012184878784043
landscape/waterfall/sun_adgraqjkdvtsdonf.jpg,-1.5275213878689715,0.2406515151515151
landscape/waterfall/sun_adnvqdckimyapvud.jpg,-1.1303242139663543,0.2769702878160105
landscape/waterfall/sun_aecefabfvaewllpg.jpg,-1.4276590509349092,0.1983072879871139
landscape/waterfall/sun_aedgmxjwesqbepdt.jpg,-1.4203341452687062,0.1718735695321798
landscape/waterfall/sun_aeeghadhhuojbxox.jpg,-1.4397062369783027,0.1985375224639028
landscape/waterfall/sun_aeqvxsrjzbspqkaf.jpg,-1.6429616648524146,0.2820210830729045
landscape/waterfall/sun_aftivwxsckmpeers.jpg,-1.3450992008698,0.1772251923005691
landscape/waterfall/sun_agaqfmzbvvklorsd.jpg,-1.203304199391738,0.1243027791617552
landscape/waterfall/sun_agewmeasxmzncpsq.jpg,-1.53098682470236,0.2088091764350757
landscape/waterfall/sun_aggfowjpvviyezvb.jpg,-1.4602445916444735,0.1625427744143195
landscape/waterfall/sun_agmklurggoatzncs.jpg,-1.2560511821212703,0.1513844588795049
landscape/waterfall/sun_ahtmadjqgksjnnnb.jpg,-1.4727720290399655,0.2765791368510931
landscape/waterfall/sun_ahtyqauxfdffljjd.jpg,-1.2567576104131188,0.2913131313131313
landscape/waterfall/sun_ahtyrtpnrhzwuqfj.jpg,-1.1526022330021348,0.16125554635104
landscape/waterfall/sun_airsqilzdpyaobsx.jpg,-1.546818594210429,0.2489470241988227
landscape/waterfall/sun_ajaqcrkgltsnneau.jpg,-1.195798130498453,0.1591575579845374
landscape/waterfall/sun_ajwqxxwrgdohmnpv.jpg,-1.5859598112302284,0.2230625292374863
landscape/waterfall/sun_akihhfvylreuhukq.jpg,-1.294986874174,0.1982426279113749
landscape/waterfall/sun_akjcpujabvbrcdxl.jpg,-1.372241781841025,0.199905685093005
landscape/waterfall/sun_akucsyjeserxgfrm.jpg,-1.5479500560250594,0.1212390094377671
landscape/waterfall/sun_akunqvyxlnqigojo.jpg,-1.2342780899348906,0.19369497638879
landscape/waterfall/sun_akvekvlcibmjxdeu.jpg,-1.4485125005910071,0.1225398313027179
landscape/waterfall/sun_albhdrmnbnbrgpak.jpg,-1.6975482003174216,0.2429819366301451
landscape/waterfall/sun_alheovotlhwqzvmo.jpg,-1.4840327593717526,0.1758269354954438
landscape/waterfall/sun_alkqpiswgzkpmocc.jpg,-1.5352398526787074,0.3317690205753373
landscape/waterfall/sun_amevzodkyjpljcde.jpg,-1.3402330561600106,0.1481942714819427
landscape/waterfall/sun_amplwdrwrticntps.jpg,-0.9052358524186952,0.2554769436374535
landscape/waterfall/sun_andvaoamnpthswld.jpg,-1.2676848840706434,0.1964297331407679
landscape/waterfall/sun_anlbtbdfjkxivzbt.jpg,-1.6781647344102475,0.2245521794950174
landscape/waterfall/sun_anovxjalxvtgcqhf.jpg,-1.7327912436511612,0.1484129253645982
landscape/waterfall/sun_aojesriwyfxrcrqz.jpg,-1.385242542435651,0.1242883766051415
landscape/waterfall/sun_apeqefglcpzjswde.jpg,-1.5259295315554302,0.2304605765206902
landscape/waterfall/sun_aqznudiptidvajwc.jpg,-1.1575646080190385,0.1700854700854701
landscape/waterfall/sun_arauaqcrycofkrba.jpg,-1.3201152242195178,0.1962945023007992
landscape/waterfall/sun_arvvnrldsfofvylu.jpg,-1.5143010950981437,0.2508305539843836
landscape/waterfall/sun_atmvwojclncleuqd.jpg,-1.2780206724945262,0.1875063992446047
landscape/waterfall/sun_atvyhoadqoyeglex.jpg,-1.293156381989339,0.1419336945335821
landscape/waterfall/sun_audjilpcqqrkmxbf.jpg,-1.6096612083705195,0.1180230489173578
landscape/waterfall/sun_auibkfkgntzgyhsd.jpg,-1.4395730916183231,0.1780531696297525
landscape/waterfall/sun_aumsgcclasofxhyw.jpg,-1.275981807864743,0.2217479257417739
landscape/waterfall/sun_auxrumamawazfvvs.jpg,-1.3954604859053763,0.122834585313506
landscape/waterfall/sun_avcjcyscceyddzzd.jpg,-1.1555218226849644,0.224248247548752
landscape/waterfall/sun_avdpvygwmitpiwrm.jpg,-1.3578800729526617,0.0737889667573992
landscape/waterfall/sun_avpexjhzihunffty.jpg,-1.171841631861249,0.2202515859025554
landscape/waterfall/sun_awnnsozooaiewjxw.jpg,-1.030291961341834,0.1401721116253988
landscape/waterfall/sun_awqkzvocqtajvsli.jpg,-1.4371744222884086,0.1620187475163047
landscape/waterfall/sun_awtsuxtgcspyztsx.jpg,-1.4835263404052514,0.1050507507573914
landscape/waterfall/sun_axxjygafsnvkcpym.jpg,-1.1307985396362388,0.1710100615067372
landscape/waterfall/sun_aydqgtfzqiiuyrmb.jpg,-1.14657507957819,0.1759098114420636
landscape/waterfall/sun_aypbpudtxzlyicjr.jpg,-1.1472329896280185,0.1552582279322921
landscape/waterfall/sun_ayyuirpvrzyeopqo.jpg,-1.2558874767153525,0.2038551780459665
landscape/waterfall/sun_bazytsvxsjidkupr.jpg,-0.8581036132602423,0.0719886258475931
landscape/waterfall/sun_bbgflftewjdxxhmu.jpg,-1.5423456309930217,0.0581402817625144
landscape/waterfall/sun_bbvrdmjbnzoaqrmp.jpg,-1.2053043296112502,0.2607079299710232
landscape/waterfall/sun_bcmjtztrnvkxftye.jpg,-1.3557282897509166,0.0821605173069608
landscape/waterfall/sun_bdeatbjcovyqdrti.jpg,-1.686211149123456,0.2923121164193336
landscape/waterfall/sun_becpynhazdxerqrj.jpg,-1.428082247474498,0.2368791561071761
landscape/waterfall/sun_bejnrezcpbzinzmr.jpg,-1.859078966991713,0.1651459675366632
landscape/waterfall/sun_beymsjkywdwqictt.jpg,-1.4779353965085082,0.1021795972988748
landscape/waterfall/sun_bfrnorowythmltyj.jpg,-1.662018610715568,0.1680843401919757
landscape/waterfall/sun_bgocxehekzvnlsmo.jpg,-1.4954166876027686,0.0878448365155543
landscape/waterfall/sun_bhgztvzeacqqrcyh.jpg,-1.7913620485574144,0.146016146016146
landscape/waterfall/sun_bipgztcpmnipshid.jpg,-1.326258328957717,0.1275603474191373
landscape/waterfall/sun_bkkyikcgcicqwrqk.jpg,-1.5493006634452606,0.0584134480238376
landscape/waterfall/sun_blrcuczqoxmuvmqc.jpg,-1.7971836295512404,0.091877836129098
landscape/waterfall/sun_bmeoepnvypisrelk.jpg,-1.2266754559501682,0.1412541149658141
landscape/waterfall/sun_bmttjuwgtvkkmovh.jpg,-1.5710683710585729,0.1804778614443813
landscape/waterfall/sun_bngquulvvnytlqxq.jpg,-1.6100295380240337,0.2061636004573329
landscape/waterfall/sun_bobxnovrewlskesl.jpg,-1.6986411363138731,0.2132678673213267
landscape/waterfall/sun_bokvembtqtkcwikw.jpg,-1.7043386845552464,0.2929260481460931
landscape/waterfall/sun_bqelvuvltjlgitmp.jpg,-1.412610791410583,0.0788617595538554
landscape/waterfall/sun_bqgrxjafdmczsueo.jpg,-1.4893319472254962,0.1279486131529344
landscape/waterfall/sun_brwngbfhqycrxaiz.jpg,-1.8004098911041515,0.0975711676950944
landscape/waterfall/sun_bsncxbgeurpzwnse.jpg,-1.768382095523456,0.3614080462766937
landscape/waterfall/sun_bsssizmsssfovgzv.jpg,-1.940694407953138,0.21790014787691
landscape/waterfall/sun_btpaxygvjiqfrsvs.jpg,-1.979667274102472,0.0307126425367823
landscape/waterfall/sun_btyesquxyytxifkc.jpg,-1.5913541944595395,0.2139783445332907
landscape/waterfall/sun_bvddjjmcndtwniwl.jpg,-1.6017675624286185,0.1964611711838225
landscape/waterfall/sun_bwflhqodufjekfoa.jpg,-1.7306604119784883,0.2074928580750881
landscape/waterfall/sun_bwjptyrbcymryhyn.jpg,-1.706464350218047,0.1325873957357781
landscape/waterfall/sun_bwxnzldrpyvierjp.jpg,-1.7640065691607258,0.2029262320171411
landscape/waterfall/sun_bxbqnskmvvidhmcj.jpg,-1.6006081002501624,0.0845154310858282
landscape/waterfall/sun_bxelgxxcofiqeurd.jpg,-1.668896097115414,0.12046648798167
landscape/waterfall/sun_bxjeqetmyxsetmyi.jpg,-1.5206870131718224,0.1007094076176748
landscape/waterfall/sun_bxjmpjepauubqdrc.jpg,-1.4158187747638986,0.2335064690580504
landscape/waterfall/sun_bxrkvfrtmlxesplx.jpg,-1.7103445612014438,0.1867184303236559
landscape/waterfall/sun_bxuwroiqjgtzcnhr.jpg,-1.7654215398279165,0.1857582417582417
landscape/waterfall/sun_bzmowxxstqyyqvns.jpg,-1.622864680678754,0.1239424703891708
landscape/wetland/05e4305292b40a61.jpg,-1.4472345906347512,0.2569120160707678
landscape/wetland/06ffee7f6da90b3e.jpg,-1.3922156258747111,0.1169200675735751
landscape/wetland/0889dee78d3bb0ea.jpg,-1.634062226155636,0.2730693198794786
landscape/wetland/0a86f8a861301669.jpg,-1.6642853605144543,0.2806206553688085
landscape/wetland/0b783ffdb85acb7a.jpg,-1.5024614447620557,0.2529661775232641
landscape/wetland/0e8bb816c0cb5fbe.jpg,-1.4254041372156108,0.3156466146766238
landscape/wetland/10168e958c23e5e4.jpg,-1.5902377395363223,0.2886292091958409
landscape/wetland/11780aff4017e22b.jpg,-1.810085587431372,0.3890236284770083
landscape/wetland/11d770e6c7694662.jpg,-1.526936548048743,0.2490164668190063
landscape/wetland/13d000847e2aac34.jpg,-1.6634312180586717,0.2652644293892127
landscape/wetland/15268687891e8808.jpg,-1.3528180929609954,0.2447940879434443
landscape/wetland/15a2add6831c1e7b.jpg,-1.3857073294234803,0.2328522632858417
landscape/wetland/17f134afeb63a40f.jpg,-1.490262037974551,0.223292953290857
landscape/wetland/1bfb3ebf75e62257.jpg,-1.6851521260602436,0.3039724980901451
landscape/wetland/245ccf6cf1d92449.jpg,-1.2684893867841476,0.2166980608286015
landscape/wetland/256df73150910719.jpg,-1.3967936745883882,0.1748558036882401
landscape/wetland/274700f57512e591.jpg,-1.4843641459828587,0.3359692577736576
landscape/wetland/28fcd6e6f0f5677d.jpg,-1.519242714802114,0.3059833152708118
landscape/wetland/2b08282fb15a689b.jpg,-1.7158568110894252,0.20891291991983
landscape/wetland/2bca6554fa7e04a5.jpg,-1.7558696912002845,0.3521493400421044
landscape/wetland/304747e2c0a06ce3.jpg,-1.853507498094221,0.3798924346513221
landscape/wetland/30c83644cca56b50.jpg,-1.5056081488713668,0.2107005031507987
landscape/wetland/3542ee5b92d38d25.jpg,-1.1368920319693023,0.1556219078540507
landscape/wetland/36e095b3191824c2.jpg,-1.4213529951992447,0.3398893618201228
landscape/wetland/3795ace8fc627d5d.jpg,-1.6289612510754268,0.350673232981102
landscape/wetland/41d75d96e8f3b69d.jpg,-1.6620048055476415,0.299164762491519
landscape/wetland/433a75b557ea66fc.jpg,-1.7936604003441623,0.1987429174408735
landscape/wetland/434a52f2db875a77.jpg,-1.495279621260799,0.2880964986258949
landscape/wetland/452c5f23e6452a36.jpg,-1.2963316692127722,0.2505152136230951
landscape/wetland/48e5771d92691ae3.jpg,-1.624808803427822,0.2348715114672561
landscape/wetland/49127296f361b7e5.jpg,-1.531546967026536,0.2976972105705881
landscape/wetland/49f01fc351f9d0a4.jpg,-1.2828962547754916,0.2594441544568397
landscape/wetland/502c9577bb2b7201.jpg,-1.735761895931524,0.2967983356173624
landscape/wetland/5064374c390ed632.jpg,-1.646727196342118,0.3299288190234369
landscape/wetland/54401066098de1aa.jpg,-1.5625112954523503,0.2976258649486996
landscape/wetland/550eeb78de2bdc50.jpg,-1.160839740377981,0.2971297129712971
landscape/wetland/5640db3e4b2d9ae6.jpg,-1.683417266995728,0.2992033988316516
landscape/wetland/566b48d18b5d1ffc.jpg,-1.4374057719183653,0.2084020219002805
landscape/wetland/56e42703b8495e8b.jpg,-1.6930445808083627,0.2739163955205352
landscape/wetland/5878ed597cc52e6e.jpg,-1.7418952133180563,0.3143384931155392
landscape/wetland/59acd4646a0920a3.jpg,-1.8827022536891396,0.3314036837348459
landscape/wetland/5b51fadf42110451.jpg,-1.1776903799618086,0.1822066154261719
landscape/wetland/5df8c1d42709cdda.jpg,-1.5082063652106767,0.1784167223885804
landscape/wetland/6561119d57be1bad.jpg,-1.3709124640946768,0.1894972990924679
landscape/wetland/65be698e9bedbe8c.jpg,-1.5731608702066178,0.0499460356994603
landscape/wetland/6679fa5f2762ade8.jpg,-1.5234870152886657,0.256844137124656
landscape/wetland/68a9c1b45c6b1603.jpg,-1.6840666238931024,0.2568891949387012
landscape/wetland/6a0595f34153bef0.jpg,-1.6374113821137652,0.1981270381600778
landscape/wetland/6d4783212cb07333.jpg,-1.5205932743893125,0.2261460236752204
landscape/wetland/70314a9f079fc940.jpg,-1.5288571667988058,0.1454200196531485
landscape/wetland/70c7cece24e9e005.jpg,-1.6382199955790366,0.2775443098269094
landscape/wetland/71239c4807e16ac9.jpg,-1.530714658980234,0.2459402265355327
landscape/wetland/770b7a6fccae6986.jpg,-1.4431851382719656,0.2698562150442096
landscape/wetland/785ee485ae352669.jpg,-1.3780565458501106,0.3123938500044694
landscape/wetland/7c367c167fae4238.jpg,-1.537559180895956,0.2264140656944255
landscape/wetland/7faf6bfb7bc1487e.jpg,-1.7993799534954256,0.3676917746223907
landscape/wetland/8041d5c6a1f2ea69.jpg,-1.325378251058565,0.2988179866744724
landscape/wetland/80463d4656037235.jpg,-1.4059721358117545,0.2215728641812035
landscape/wetland/811f66de9aa9bbf0.jpg,-1.550986255908412,0.3827572925857233
landscape/wetland/83c07ee510c7554b.jpg,-1.698264126896341,0.2445938495466797
landscape/wetland/8b5e46c0963a64ff.jpg,-1.510378960168809,0.2869536659459755
landscape/wetland/8cc2cf830a0391ec.jpg,-1.7925448129316817,0.2957716370476992
landscape/wetland/908d784de0a17e1d.jpg,-1.3981674205462524,0.2664631257566984
landscape/wetland/935d9957d5491989.jpg,-1.5005811097347308,0.3062031597085262
landscape/wetland/9ae6eb66b27d02b7.jpg,-1.742978013622639,0.1397371586142157
landscape/wetland/a2737ed94203bbb9.jpg,-1.281426394823569,0.3042562235487627
landscape/wetland/a320dc567b875ec9.jpg,-1.6378862937583625,0.2521197486485745
landscape/wetland/a37210e099a24d22.jpg,-1.7262092505290971,0.318650084156892
landscape/wetland/a9ec15185d0b680d.jpg,-1.851524409789884,0.3641460186296217
landscape/wetland/aa7f7bfcb26d67ab.jpg,-1.6273569658973364,0.3309844099460596
landscape/wetland/aa81588b4a5a7e27.jpg,-1.473039853570857,0.301186323668338
landscape/wetland/ab2578ac27d1ad5d.jpg,-1.6972553299050517,0.2184125937525756
landscape/wetland/add38d99e9139ee7.jpg,-1.5515102639559857,0.2360147542511685
landscape/wetland/bddaf947fb95c1ad.jpg,-1.909852875543629,0.3119319458344397
landscape/wetland/bf62e37334e46259.jpg,-1.6192048394459564,0.3009940890280372
landscape/wetland/c31e9f72ae2b7202.jpg,-1.4435774459373367,0.3136572982637461
landscape/wetland/c515131e14d9a9dd.jpg,-1.2391756619121377,0.2652027085654391
landscape/wetland/c652f7fdedfe6979.jpg,-1.8469751885211023,0.2956615583854953
landscape/wetland/ca300af88da8ccbb.jpg,-0.6539971555671558,0.332334498640475
landscape/wetland/d618126511c46c91.jpg,-1.5656293307203182,0.2256247307195174
landscape/wetland/d669d42c8c5ad87f.jpg,-1.5103957121681464,0.2574189845864418
landscape/wetland/d85c48f12064109f.jpg,-1.6910481975366487,0.3531214731947382
landscape/wetland/e4b1c5899c40d102.jpg,-1.2612272608475974,0.2744030559410812
landscape/wetland/e5657606eb11374b.jpg,-1.300878581858384,0.2262490635252783
landscape/wetland/e6e1ed037c79e70e.jpg,-1.2858838557995589,0.171821199775025
landscape/wetland/e73033f2acc81c40.jpg,-1.4342114943450783,0.3244862596051266
landscape/wetland/e7569573c9ee6bdc.jpg,-1.4342180761335293,0.2518815547312519
landscape/wetland/eaff0bacee3ef195.jpg,-1.5311625400770277,0.2577169140161831
landscape/wetland/eb8f7163a6a2866f.jpg,-1.4051107855639362,0.2084280180381721
landscape/wetland/f14eeb74dab7f8c1.jpg,-1.3600349395640328,0.2455717409429124
landscape/wetland/f8fb067c9f34b01b.jpg,-1.245355870127819,0.2665920970190363
landscape/wetland/fb4e6e45c771ed2e.jpg,-2.050616606522222,0.4332315762792186
landscape/wetland/fc19beae7ab242a5.jpg,-1.544370866918065,0.2724856003544528
landscape/wetland/fc7afe7b96d4616f.jpg,-1.7499727551137405,0.3584927185429149
landscape/wetland/fd12abc98c5136f6.jpg,-1.2039076854265185,0.1939714818602972
landscape/wetland/fd2f59b6ea820008.jpg,-1.4072106010044585,0.2685900335901625
landscape/windmill/n04587559_10635.jpg,-0.8190058702320906,0.2874968688827246
landscape/windmill/n04587559_10799.jpg,-1.1559814887676605,0.1437070804476783
landscape/windmill/n04587559_10835.jpg,-0.7805343253026178,0.3774466668794368
landscape/windmill/n04587559_10908.jpg,-1.0172954157352838,0.2597091645806997
landscape/windmill/n04587559_10942.jpg,-0.8828535767125237,0.3546144267667767
landscape/windmill/n04587559_11109.jpg,-0.869768195635185,0.3741725974957186
landscape/windmill/n04587559_11131.jpg,-1.0856887591046198,0.2749245370244473
landscape/windmill/n04587559_11194.jpg,-0.7620733837773982,0.3429627962005854
landscape/windmill/n04587559_11217.jpg,-0.8370532113663978,0.2690642047101608
landscape/windmill/n04587559_11219.jpg,-0.8120073500668367,0.2724477273911787
landscape/windmill/n04587559_11228.jpg,-0.9068527009371818,0.1491431352049297
landscape/windmill/n04587559_11280.jpg,-0.9498573023990328,0.3505406086336565
landscape/windmill/n04587559_11291.jpg,-0.7296179654095221,0.3179343713828799
landscape/windmill/n04587559_11298.jpg,-1.0163866791823752,0.3945619679412351
landscape/windmill/n04587559_11329.jpg,-0.4951519376025992,0.2049439233905253
landscape/windmill/n04587559_11388.jpg,-0.7902475723692701,0.3440308832061409
landscape/windmill/n04587559_11462.jpg,-1.0733787063929503,0.2451997562247138
landscape/windmill/n04587559_11467.jpg,-1.1054950002968416,0.3187597590898952
landscape/windmill/n04587559_11562.jpg,-0.766212982383802,0.27417241512197
landscape/windmill/n04587559_11688.jpg,-1.08229919179766,0.3644059042877359
landscape/windmill/n04587559_11777.jpg,-0.6716913837118587,0.2016445865692097
landscape/windmill/n04587559_11917.jpg,-1.0159866304987737,0.3424575304640134
landscape/windmill/n04587559_12843.jpg,-0.8583955751657703,0.2838839984003968
landscape/windmill/n04587559_13045.jpg,-0.7918718141814567,0.2372116848560736
landscape/windmill/n04587559_13128.jpg,-0.8405221298084986,0.2035864577385861
landscape/windmill/n04587559_13370.jpg,-0.9037635687607064,0.3317918545820837
landscape/windmill/n04587559_2346.jpg,-0.8018224123612506,0.2909938485198
landscape/windmill/n04587559_6311.jpg,-1.026670219259073,0.2614544573856757
landscape/windmill/n04587559_8710.jpg,-0.8276235518056254,0.3021185760410039
landscape/windmill/n04587559_8723.jpg,-0.559215997698665,0.3048684279026554
landscape/windmill/n04587559_8995.jpg,-0.922605364461374,0.3627225935179707
landscape/windmill/n04587559_9556.jpg,-0.9429282499674462,0.2867481497553096
landscape/windmill/n04587559_9739.jpg,-0.7894005054971016,0.2863830134415729
sports/American football/000000021983.jpg,-1.0693445102571677,0.1710180797440463
sports/American football/000000099336.jpg,-1.5011860117349904,0.0529381514333634
sports/American football/000000124841.jpg,-0.7866972668830898,0.2180430600917706
sports/American football/000000474255.jpg,-1.0471370269418974,0.2969043227020145
sports/American football/000000546020.jpg,-1.4975759726442222,0.2804241205849485
sports/American football/n00468480_10075.jpg,-1.2358481852768717,0.181219312759366
sports/American football/n00468480_10172.jpg,-0.9082975726835792,0.1934407233037161
sports/American football/n00468480_10176.jpg,-0.8431841289511591,0.2828166840648119
sports/American football/n00468480_10557.jpg,-1.1072921090207792,0.2482129154719114
sports/American football/n00468480_10598.jpg,-1.0385343994097098,0.0855396685953167
sports/American football/n00468480_10911.jpg,-1.1097997581086962,0.2798507462686566
sports/American football/n00468480_10961.jpg,-0.9656750165413536,0.1578877897207764
sports/American football/n00468480_10965.jpg,-0.7726826955065568,0.1537224524012961
sports/American football/n00468480_2830.jpg,-1.3175098099816014,0.218965198502565
sports/American football/n00468480_7583.jpg,-1.130727672243584,0.1565924229900502
sports/American football/n00468480_7838.jpg,-0.9903248538709768,0.2098618052323817
sports/American football/n00468480_8106.jpg,-1.610740783667643,0.2107284610814022
sports/American football/n00468480_8182.jpg,-1.2514035271129031,0.091684359830498
sports/American football/n00468480_8753.jpg,-1.2667316633055543,0.0453651534732615
sports/American football/n00468480_8767.jpg,-1.2890733862520296,0.2658950185552833
sports/American football/n00468480_8890.jpg,-0.9823930896182492,0.2149357896919405
sports/American football/n00468480_8996.jpg,-1.0296492355715643,0.1676516746411483
sports/American football/n00468480_9051.jpg,-1.0929678420843336,0.2183434305430261
sports/American football/n00468480_9567.jpg,-1.293286912422587,-0.0545773626501131
sports/American football/n00468480_9707.jpg,-0.735621625351851,0.2556106654239207
sports/American football/n00468480_9997.jpg,-1.6360984097941798,0.2957745920644294
sports/archery/0379f7c0ef9ff4ff.jpg,-1.4865848557065706,0.2427146438270315
sports/archery/03f06cb99617b43e.jpg,-1.967122414871971,0.118362432269717
sports/archery/05430da00e88b5f9.jpg,-1.6894031686029087,0.2279088530084092
sports/archery/0b1bb550e8758b2e.jpg,-1.67892650255566,0.2082044150877803
sports/archery/0b7f82b25acda3ee.jpg,-2.032654373392591,0.0878063427607309
sports/archery/1c36280ae30bb3f7.jpg,-1.6012457610096558,0.306222204415241
sports/archery/26478d643e707a68.jpg,-2.0290788663929087,0.2402878041947529
sports/archery/269ff2d9438b0934.jpg,-1.8314528355114192,0.0838555092645564
sports/archery/27c5f1373268e07a.jpg,-1.743590797478551,0.1993309903882796
sports/archery/39281457d47792e2.jpg,-1.7362719761687395,0.2678837917788864
sports/archery/3f2cc085cfc23975.jpg,-1.9039916813371764,0.2860926492345667
sports/archery/544cf56975736880.jpg,-1.7132044668729365,0.1033143157420614
sports/archery/60bf5bc547dec918.jpg,-1.6482687595475771,0.252069239756895
sports/archery/676bec8ddc1c130d.jpg,-1.8449506170259624,0.2350889308978538
sports/archery/72665bbf0c63ae44.jpg,-1.8208453844371304,0.2484341764917305
sports/archery/72cf7f257eea36e8.jpg,-1.871558852669779,0.2921699563212602
sports/archery/80e5bd3f023a302d.jpg,-1.6425625734802125,0.2512439453076651
sports/archery/8176d18af6992dd8.jpg,-1.6236357427315564,0.0825812077610638
sports/archery/855044ea74920b3b.jpg,-1.8187259913897147,0.1272503739876541
sports/archery/8825ee691220a1b4.jpg,-1.7437451759803635,0.204149815368384
sports/archery/97a9ba3535794459.jpg,-1.8888450806007773,0.0976447281532027
sports/archery/99a0a01a763ff0ea.jpg,-1.982155443555509,0.1493041592909348
sports/archery/a473e937a7342b38.jpg,-1.8134172399311568,0.2381619788166778
sports/archery/ae94118f9beaa808.jpg,-1.9091830101868197,0.2578587620779713
sports/archery/b5678b52b307cb83.jpg,-1.4889802952801638,0.2056282839077389
sports/archery/d8a84aa39b7cc0e2.jpg,-1.761597039192405,0.2079955213209404
sports/archery/dc58527c9d626af4.jpg,-2.0047401291015663,0.1740087155369547
sports/archery/ead50ff3f5620f68.jpg,-1.5626555759129526,0.2611641974226352
sports/archery/ec0bcc70f0e1499c.jpg,-1.8021620168128485,0.2523956723338485
sports/archery/faf9d6ff86184e5f.jpg,-1.967842198030512,0.3308661809353451
sports/archery/fcf379aad09a34b0.jpg,-1.946227863295626,0.195522125717472
sports/baseball/000000005260.jpg,-0.7664136291627867,0.2350464733382841
sports/baseball/000000011107.jpg,-1.2491542394112631,0.166462737339026
sports/baseball/000000013195.jpg,-1.4128624758511263,0.3265812307258989
sports/baseball/000000053420.jpg,-0.9516597498713256,0.2359962817636596
sports/baseball/000000056292.jpg,-0.985234820834776,0.216500553709856
sports/baseball/000000073022.jpg,-1.1295577892543618,0.1691605971882788
sports/baseball/000000073889.jpg,-0.8099431184913692,0.2084021452755883
sports/baseball/000000082414.jpg,-1.1668451052619382,0.1844721212853081
sports/baseball/000000084735.jpg,-1.5626011248292084,-0.0669367450932867
sports/baseball/000000087602.jpg,-1.2306387234204683,0.1174523800222124
sports/baseball/000000093382.jpg,-0.8711626846124217,0.2334038503581579
sports/baseball/000000093725.jpg,-1.1004499872238442,0.1598547658991628
sports/baseball/000000103401.jpg,-1.2898607598226233,0.3117210860249865
sports/baseball/000000106331.jpg,-0.8525003303388847,0.1643999164722224
sports/baseball/000000107097.jpg,-0.9028093383497116,0.3353328203353766
sports/baseball/000000109076.jpg,-1.3423314708110925,0.1278278155292398
sports/baseball/000000112707.jpg,-0.9684014089857784,0.3430870887568576
sports/baseball/000000117770.jpg,-0.7456105016776339,0.262086093475277
sports/baseball/000000126895.jpg,-0.928919858746135,0.1955973488286902
sports/baseball/000000127856.jpg,-1.2209437336770987,0.1825800675130828
sports/baseball/000000133727.jpg,-1.1335490979480345,0.356652697807523
sports/baseball/000000134454.jpg,-1.555340379030985,-0.0121524398892953
sports/baseball/000000135959.jpg,-1.1834774313499667,0.2606646234336292
sports/baseball/000000136512.jpg,-1.5665292628166163,0.2047485703017156
sports/baseball/000000139272.jpg,-1.0233219152528774,0.261504100720631
sports/baseball/000000150477.jpg,-1.6142952338017913,0.2602665007279027
sports/baseball/000000152162.jpg,-1.0452299142731007,0.2463243321930271
sports/baseball/000000153052.jpg,-1.1471299000645063,0.100919444666782
sports/baseball/000000155995.jpg,-1.022852156899398,0.2867265996827076
sports/baseball/000000157049.jpg,-0.6997120450770469,0.1054453036283999
sports/baseball/000000191651.jpg,-1.1707613689197272,0.3290650198658649
sports/baseball/000000195748.jpg,-1.2170837934836969,0.1500069894226737
sports/baseball/000000245598.jpg,-0.7740300333691417,0.2056883433253713
sports/baseball/000000247216.jpg,-1.187956605654729,0.2746317120124263
sports/baseball/000000250258.jpg,-1.264282783099029,0.2675756319040874
sports/baseball/000000263258.jpg,-1.8636875422010604,0.2592936131603052
sports/baseball/000000266434.jpg,-1.2594976028238272,0.1595714080253128
sports/baseball/000000268370.jpg,-1.2913408603066607,0.303367818622056
sports/baseball/000000271689.jpg,-1.9432024960222385,0.1350922871480923
sports/baseball/000000273190.jpg,-0.8878217013989627,0.1814798760955291
sports/baseball/000000278665.jpg,-1.481812760245762,0.1896733869038197
sports/baseball/000000292349.jpg,-0.7219460749332027,0.2087322293012649
sports/baseball/000000295804.jpg,-1.5973569056029755,0.2903070501404605
sports/baseball/000000297204.jpg,-1.7140309665252245,0.1982887756659797
sports/baseball/000000303658.jpg,-0.7220516092296995,0.3776912668834714
sports/baseball/000000304115.jpg,-0.9584338492416772,0.2630399484181434
sports/baseball/000000318995.jpg,-1.1280412901952614,0.3460576299453349
sports/baseball/000000336077.jpg,-1.05978541674963,0.1514991773294356
sports/baseball/000000337975.jpg,-0.9128780556900608,0.3162509310821834
sports/baseball/000000351683.jpg,-1.2807378835756902,0.1753978162543395
sports/baseball/000000362563.jpg,-1.4519722127361827,0.2208066952667218
sports/baseball/000000382947.jpg,-0.7268445650960724,0.3808519830251428
sports/baseball/000000383390.jpg,-0.6119171152986281,0.2887922978288745
sports/baseball/000000398753.jpg,-1.0566860641209748,0.225789039089421
sports/baseball/000000401982.jpg,-0.6844436878397415,0.2126634930905393
sports/baseball/000000402406.jpg,-1.2657842356841362,0.3387396787330687
sports/baseball/000000409468.jpg,-1.0280156423208546,0.2095662664078166
sports/baseball/000000417347.jpg,-0.9747071629782408,0.3410170605239243
sports/baseball/000000417857.jpg,-1.271003420316694,0.2446727490324687
sports/baseball/000000428457.jpg,-1.266598512175279,0.1517396533427661
sports/baseball/000000432657.jpg,-0.8602531922322127,0.3775326947872537
sports/baseball/000000476074.jpg,-1.5882840592118523,0.0404019707369774
sports/baseball/000000477585.jpg,-0.8681070267701625,0.2370612826911236
sports/baseball/000000479172.jpg,-0.932101040450842,0.2454848918368232
sports/baseball/000000483833.jpg,-1.3242802531322462,0.2411842361939672
sports/baseball/000000484528.jpg,-0.8082160440922558,0.2536384058445686
sports/baseball/000000485090.jpg,-0.8980785108414758,0.1956674499051977
sports/baseball/000000486717.jpg,-0.9792057081190776,0.2235398235826149
sports/baseball/000000505098.jpg,-1.356790890282393,0.0188023858863478
sports/baseball/000000505932.jpg,-1.0949982881049731,0.1284870850919155
sports/baseball/000000510771.jpg,-1.5555806783779391,0.3085157095445621
sports/baseball/000000513015.jpg,-0.9088586114367092,0.2938395630703322
sports/baseball/000000514147.jpg,-0.5376193648081021,0.2261171891365899
sports/baseball/000000516795.jpg,-1.260744203890126,0.3314109914318475
sports/baseball/000000527291.jpg,-1.0152525579566292,0.3097967107590203
sports/baseball/000000532552.jpg,-1.0324415431922775,0.3628285359335683
sports/baseball/000000532633.jpg,-1.4480905765286922,0.3394306657972253
sports/baseball/000000538113.jpg,-1.296866730605743,0.2007056570611612
sports/baseball/000000539167.jpg,-1.11454649418479,0.217561374396678
sports/baseball/000000550000.jpg,-0.6608128394879033,0.1272067907384529
sports/baseball/000000556669.jpg,-1.0434894963097063,0.2084646494704521
sports/baseball/000000566498.jpg,-1.4231987518591134,0.229788765694363
sports/baseball/000000566672.jpg,-0.8866693122035574,0.2909942621481083
sports/baseball/000000569526.jpg,-1.3460356692897248,0.1279001221104046
sports/baseball/0508f4396fb4e144.jpg,-2.08529420984623,-0.0299673115999646
sports/baseball/287c6686c652da6a.jpg,-1.4208530671274366,0.1269720356820687
sports/baseball/6142922d5809e5de.jpg,-1.7412238771386608,0.2918080350065002
sports/baseball/67cac965604e9838.jpg,-1.86075595999776,0.2408478343362065
sports/baseball/6d765c78cdac0079.jpg,-1.869454576888256,0.1783685319064154
sports/baseball/7d9a7e679b39765c.jpg,-1.7501823804539414,0.2114159788503353
sports/baseball/87db71cce65f666e.jpg,-1.9199913299135245,0.2849694834427659
sports/baseball/aad299f18b74cad2.jpg,-2.0729200127543432,0.0630531495134642
sports/baseball/c5a29227546d0846.jpg,-1.67535151535451,0.3729850778304304
sports/baseball/d761c8e9e0906b5b.jpg,-1.5755036042342514,0.2864432833375741
sports/baseball/n00471613_18279.jpg,-0.8272663686388211,0.3020464581584614
sports/baseball/n00471613_18905.jpg,-0.8855138781462941,0.2240367453289626
sports/baseball/n00471613_21198.jpg,-1.209472050912204,0.2847272357046334
sports/baseball/n00471613_21778.jpg,-0.7276575263290934,0.321437249047668
sports/baseball/n00471613_23975.jpg,-0.9741611956620048,0.2414096668758253
sports/basketball/000000126255.jpg,-1.5359491136965568,0.223198642898857
sports/basketball/000000357989.jpg,-1.0537116211975623,0.1141987253135317
sports/basketball/000000507969.jpg,-0.902610098417377,0.2840651678914574
sports/basketball/000000524027.jpg,-1.5583589139555132,0.4060349578988153
sports/basketball/0c79a0995798a379.jpg,-1.692097080279181,0.184578718150955
sports/basketball/0cb561aef1e16beb.jpg,-1.7205307948969517,0.010521124445175
sports/basketball/0d5461cc341ca8c6.jpg,-1.6849010084364793,0.2128642790894446
sports/basketball/0fa51275d53a13f9.jpg,-1.8319341040946424,0.1931826557757124
sports/basketball/2788147877e5ebb6.jpg,-1.598166504437468,0.16909244927034
sports/basketball/2d08fd379017b6ca.jpg,-1.8039882920325412,0.0201805411548307
sports/basketball/2f4497d3051b6e49.jpg,-2.037051329106941,0.1600191365664423
sports/basketball/4757aebe700d4238.jpg,-1.9074235363401149,0.1606746724017512
sports/basketball/68f8fc6ce822f1f5.jpg,-1.86447202287078,0.1396220718113881
sports/basketball/8216c96d476e49f0.jpg,-1.6309193537683044,-0.0443666899930021
sports/basketball/863960ac3b291df2.jpg,-2.165665025837972,0.1269578653527984
sports/basketball/8fd5b6376d5e15d2.jpg,-1.9133239148857368,0.0712515558944571
sports/basketball/9eef056818ae46e6.jpg,-1.6297291034854515,0.0263631499586555
sports/basketball/a9061315dd0bb955.jpg,-1.7869176425031374,0.0539221257784132
sports/basketball/b9b8519ad5735ee4.jpg,-1.8278357796689528,0.2370333945034779
sports/basketball/c0256abf502efa34.jpg,-1.6188935296712952,0.0930111801064294
sports/basketball/c36a2e58f0fceb10.jpg,-1.810728254345799,0.0510916249105225
sports/basketball/cbdfc5549fd06095.jpg,-1.8971595700375432,-0.0174284279256654
sports/basketball/n00480993_10065.jpg,-1.1275952193108756,0.1759796040240709
sports/basketball/n00480993_10142.jpg,-1.328415496885676,0.2061351296419964
sports/basketball/n00480993_10174.jpg,-1.246803298354346,0.2281844643845173
sports/basketball/n00480993_10428.jpg,-1.4575710807366542,0.1191665312839002
sports/basketball/n00480993_10619.jpg,-1.457943143670274,0.1811328573250032
sports/basketball/n00480993_10827.jpg,-0.8816779533490552,0.0988552928515967
sports/basketball/n00480993_10840.jpg,-1.71415487488925,0.3235366607917634
sports/basketball/n00480993_10842.jpg,-1.466314983508973,0.2755991011386695
sports/basketball/n00480993_10854.jpg,-1.811822992778068,-0.0156286304234416
sports/basketball/n00480993_11123.jpg,-1.4638494982163526,0.2332890185783977
sports/basketball/n00480993_11381.jpg,-1.1651186967068206,0.0392839004570848
sports/basketball/n00480993_11616.jpg,-1.3015633894740426,0.2088438572100141
sports/basketball/n00480993_11643.jpg,-0.9770297022901756,0.1635707184344094
sports/basketball/n00480993_11686.jpg,-1.340803459477628,0.2730701914555341
sports/basketball/n00480993_1240.jpg,-1.632291946568086,0.1000666663221378
sports/basketball/n00480993_13943.jpg,-1.4437406467948486,0.1648895851230481
sports/basketball/n00480993_14248.jpg,-1.2702396713724513,0.1454773426732847
sports/basketball/n00480993_14945.jpg,-1.1547896766491688,0.1093595830920672
sports/basketball/n00480993_1552.jpg,-2.102434657295858,0.1274703878941746
sports/basketball/n00480993_16163.jpg,-1.6741341957557678,0.14996856946149
sports/basketball/n00480993_16864.jpg,-1.0180149663438298,0.094455124962056
sports/basketball/n00480993_17313.jpg,-1.3220060637109994,0.1854024944957272
sports/basketball/n00480993_19622.jpg,-1.435739194162957,0.249310500319844
sports/basketball/n00480993_19667.jpg,-1.7293819799264076,0.14211049550309
sports/basketball/n00480993_19839.jpg,-1.5932980725788235,-0.0165637466017694
sports/basketball/n00480993_20080.jpg,-1.770297877149842,0.1804448441188401
sports/basketball/n00480993_2019.jpg,-1.350550842286564,0.1329910063198833
sports/basketball/n00480993_20276.jpg,-1.259633271503653,0.1801490431934976
sports/basketball/n00480993_20536.jpg,-1.667394578705509,0.039082844947583
sports/basketball/n00480993_21017.jpg,-1.1808556043810463,0.3087237608747704
sports/basketball/n00480993_21657.jpg,-1.9009202950553516,0.0972043669013365
sports/basketball/n00480993_21724.jpg,-1.0751997406663938,0.2241248911166864
sports/basketball/n00480993_22316.jpg,-1.1607431809385365,0.1115764864007875
sports/basketball/n00480993_22319.jpg,-1.3562487218460408,0.284779388497292
sports/basketball/n00480993_22829.jpg,-1.429035876937184,0.1947041554842897
sports/basketball/n00480993_23061.jpg,-1.0296933501990242,0.2766001749052596
sports/basketball/n00480993_23156.jpg,-1.434482771918648,0.2710685401715301
sports/basketball/n00480993_26579.jpg,-0.942500339266338,0.232667541345855
sports/basketball/n00480993_26774.jpg,-1.0878660579256556,0.1527533806722357
sports/basketball/n00480993_28568.jpg,-1.675740546943448,0.1235942470540795
sports/basketball/n00480993_29630.jpg,-1.1933778526005197,0.2044697507483507
sports/basketball/n00480993_30142.jpg,-1.380146211713097,0.1275922940396971
sports/basketball/n00480993_31474.jpg,-1.828044954039369,0.1221565397784298
sports/basketball/n00480993_32155.jpg,-1.4608659159480584,0.2669718361345561
sports/basketball/n00480993_3388.jpg,-1.7470643043097347,0.2831584241691637
sports/basketball/n00480993_4180.jpg,-2.0360143432883104,0.1019208862476117
sports/basketball/n00480993_9486.jpg,-1.5424582531247142,0.1238163008374842
sports/bicycling racing/003c2b6816ba9d22.jpg,-1.849123557158845,0.0995295105280633
sports/bicycling racing/04fd3d60a4470e2d.jpg,-1.9919040167384263,0.1946513734333986
sports/bicycling racing/0c04767d5c29923c.jpg,-1.4161215314085236,0.2180054222206774
sports/bicycling racing/0d491b770c084be9.jpg,-1.9057450487786136,0.2061130826907169
sports/bicycling racing/0f1a4506c1ada576.jpg,-2.1153334074070687,0.1645037500728371
sports/bicycling racing/10710daf03ec4f64.jpg,-2.043012288032926,0.1004914004914005
sports/bicycling racing/12d1d6cb01a346b6.jpg,-1.8262323179626303,0.2348664795220615
sports/bicycling racing/13ffeb4fec0d2c49.jpg,-1.827956868433663,0.2364977370509023
sports/bicycling racing/152ea862ba79b4ca.jpg,-1.8817570605437728,0.240600408044302
sports/bicycling racing/177b07564e5e03a9.jpg,-1.7369423338003398,0.1872682972323905
sports/bicycling racing/1f8c7b5798fc5545.jpg,-2.0636543124214555,0.1866469902840077
sports/bicycling racing/212634d705f533da.jpg,-2.0512597672334985,0.0221914734806654
sports/bicycling racing/218a7e0c84466325.jpg,-2.037397385604037,0.1952150754218701
sports/bicycling racing/2a1a0353c7dab0e1.jpg,-1.472190745701201,0.0411120433569922
sports/bicycling racing/2cc511fa46b55b76.jpg,-2.070802367439399,0.0994638245721539
sports/bicycling racing/2f535abd45f435ff.jpg,-1.8308693009527743,0.2022431935632477
sports/bicycling racing/37afddf7216016f7.jpg,-1.7941714531314772,0.0312465481056003
sports/bicycling racing/37f89802ed90aef8.jpg,-1.866686494141229,0.1375919492367037
sports/bicycling racing/3f022da24d538782.jpg,-1.8897200958774996,0.1710072328571063
sports/bicycling racing/4012db4437e6a0e8.jpg,-1.483227785499448,-0.2018154044261529
sports/bicycling racing/42c4b0a5b46cc4a8.jpg,-1.8735912443431568,0.2286019151343445
sports/bicycling racing/4817147cec73ecd3.jpg,-1.726499008745368,0.1379875129490158
sports/bicycling racing/56136a5dd78b5454.jpg,-1.896917338693604,0.0867159440834341
sports/bicycling racing/58b0e55bda100b83.jpg,-1.6864502193768456,0.1617934858580681
sports/bicycling racing/596ec3440b5a9f93.jpg,-1.6236156966654347,0.100091001114508
sports/bicycling racing/6022a450df278025.jpg,-1.8130600647200632,0.0990318118948824
sports/bicycling racing/64294d928f12d0b9.jpg,-1.8657040612046656,0.0851921961056626
sports/bicycling racing/6731e21781304bc6.jpg,-1.2740355702616053,0.1465940862492586
sports/bicycling racing/684b5fbfedae9a42.jpg,-1.9181217541530629,0.1653582305025448
sports/bicycling racing/690fd08f9b5af89c.jpg,-1.798585922779529,0.1954909967646484
sports/bicycling racing/6f722f46dd08b8d8.jpg,-1.8263555815825212,0.1714846067637946
sports/bicycling racing/73ef896ab275b791.jpg,-1.9556306694721557,0.0966030757251314
sports/bicycling racing/777c5a61d9427ff8.jpg,-1.4685272145945043,0.1416228399699474
sports/bicycling racing/7a3d6af7f97fa846.jpg,-2.053110106112217,0.1635781852657889
sports/bicycling racing/7e9bda209af185d6.jpg,-1.687484692570172,0.0176722982032716
sports/bicycling racing/89d7a65a19cb9cff.jpg,-1.658270056979919,0.2543363170661326
sports/bicycling racing/947a61e750f23ce9.jpg,-1.8523150226335356,0.0637089966824365
sports/bicycling racing/9625bbe3a59f1688.jpg,-1.344061001748039,0.1537534534929614
sports/bicycling racing/97948408f6a3a476.jpg,-1.767328363427883,0.0206435213057729
sports/bicycling racing/9e11f75d740f84fe.jpg,-1.6259856916182038,0.2425218430114075
sports/bicycling racing/a068ea435a318d8d.jpg,-1.7636971190814064,0.0679192183443327
sports/bicycling racing/a0b8948a5a669d86.jpg,-1.793402039056486,0.289136892200959
sports/bicycling racing/a11f84e0107ca0a4.jpg,-1.5858472117748317,0.1963910311764881
sports/bicycling racing/a148d39484d0148d.jpg,-1.569432641174681,0.0048458440615303
sports/bicycling racing/a8b1b9dbb5cf0eab.jpg,-1.5321035232729685,0.1921523748936846
sports/bicycling racing/b1845e14ee7ee3f2.jpg,-1.819190017417067,0.1844549221317331
sports/bicycling racing/b18ef29283a729de.jpg,-2.060361209686992,0.0211476063072806
sports/bicycling racing/b6d0c3de8bb2b548.jpg,-1.2803678456517942,0.1012569914285379
sports/bicycling racing/bbc1921cc7fb24fb.jpg,-2.0384700388946904,0.1647953171694969
sports/bicycling racing/bc99f15674c5f363.jpg,-1.801397276947838,0.0430054311963859
sports/bicycling racing/bed06cb6b48579e5.jpg,-1.8557703944072963,0.2650683913961607
sports/bicycling racing/c09434ff30d798b1.jpg,-1.7708053031504951,0.1336824175130906
sports/bicycling racing/c22e29581c0e797e.jpg,-2.155959339434763,0.122533760499269
sports/bicycling racing/c4a0934f120565b0.jpg,-1.8945225840297373,0.1462321307770649
sports/bicycling racing/ccfd38dcbe6838fd.jpg,-1.8479738474327971,0.0245791899959376
sports/bicycling racing/d3e1586cae1edc25.jpg,-2.012113292352188,0.2709710743801653
sports/bicycling racing/d62b42c4e5e7ee36.jpg,-1.9155124860700927,0.2307315525970298
sports/bicycling racing/deb4d11e1ecbab40.jpg,-1.920499005979156,-0.0626935971379499
sports/bicycling racing/e40c9760d612b7b9.jpg,-1.8768119526319087,0.0989078362039466
sports/bicycling racing/f2a6c70eeb66e2a5.jpg,-1.438345880779344,0.0608028335301062
sports/bicycling racing/f409699c1efaf59c.jpg,-1.506073174572123,0.1878864636733584
sports/bicycling racing/f541f9f041ef36a4.jpg,-1.5529575790187062,0.1712975734112074
sports/bicycling racing/f860bbcd7ad6bf8f.jpg,-1.4760981222519172,0.0163957347988376
sports/boxing/002bd0ca1e119db7.jpg,-2.0875389883484465,0.185067516922035
sports/boxing/00770ee8f5ad87ef.jpg,-2.051774010778303,0.2744927501979367
sports/boxing/02394a3449862b85.jpg,-1.8879786065955868,0.0910670048657237
sports/boxing/03f74f6c5682c786.jpg,-1.9989015950095863,0.2807176777581484
sports/boxing/04ffafd84aa1be26.jpg,-1.9549207297400544,-0.1803561260138203
sports/boxing/0951e7d928bb210f.jpg,-1.9109527197835008,0.2034488381573583
sports/boxing/0bf80b98b70d97f0.jpg,-1.8906105368082364,0.2279214064115822
sports/boxing/0c3228734c66d31b.jpg,-2.109280272081364,0.2409718059410529
sports/boxing/0d2eeaccda7e4c1b.jpg,-1.9370120920832017,0.052153660961951
sports/boxing/10a34585df04a36e.jpg,-1.9010031466125847,0.2039027067625733
sports/boxing/171db4cdc543cf4d.jpg,-1.900950880134861,0.1544684744876469
sports/boxing/18ccb91b950314a5.jpg,-1.94998875912632,0.0032900989954231
sports/boxing/1c6f8910c177c94a.jpg,-2.077413891286854,0.0128405042641749
sports/boxing/2014f56ce49de98a.jpg,-1.9390896225062413,0.1639372800636649
sports/boxing/2770e1a4b947ec54.jpg,-1.7766237280866992,0.0889266662758661
sports/boxing/285636c369173887.jpg,-2.04400763076015,0.0156375225287935
sports/boxing/286ffd11d7e446d1.jpg,-2.0117276237943136,0.0673480083857442
sports/boxing/2b2693c2d6b8182a.jpg,-1.930155265756941,0.0186151154070493
sports/boxing/2f4aacd9d255fd7b.jpg,-2.010991329673549,0.1720011241903542
sports/boxing/347d6c8639a1bb09.jpg,-1.9787353866987347,-0.0108335517517154
sports/boxing/53e5bad051a9bbeb.jpg,-1.9156141221567704,0.0251755443293254
sports/boxing/5556177dc4151acc.jpg,-2.0300185421578685,0.1875115016562385
sports/boxing/5f43a15a53189d7a.jpg,-2.090168928411701,0.2499936757426785
sports/boxing/621864587e59e56a.jpg,-1.731285498063775,0.0162414433866275
sports/boxing/62c75e993beb5e37.jpg,-1.8041065583783644,0.1718874199891227
sports/boxing/6c514dec07ec08b8.jpg,-1.973976813634344,0.0053753184230902
sports/boxing/7fce3e566a3e1148.jpg,-1.8883376687743163,0.0977469500196773
sports/boxing/91e1985a66de4f36.jpg,-2.033809250073254,0.0689162548353519
sports/boxing/94e06c3d152f3c62.jpg,-2.0930995353355493,0.0354476664465999
sports/boxing/994dff6bc1427c0e.jpg,-1.940029826817839,-0.0980853659708145
sports/boxing/a3d1286c56e96238.jpg,-1.9057683067280464,0.1848637953573826
sports/boxing/a84e519a7d0684fc.jpg,-1.777656678203655,0.0757194107320052
sports/boxing/aa0f989e606f5ee2.jpg,-1.533425402097369,0.0819867155745018
sports/boxing/b1a79c223ccfa87c.jpg,-1.6570823615993693,0.0761099365750528
sports/boxing/b295ce363a6fc653.jpg,-2.142778576757465,0.3020795579297919
sports/boxing/c4429528e1e36318.jpg,-1.913787262949177,-0.1619996969135698
sports/boxing/ccad0f538ea6ff4e.jpg,-1.7157648267174033,0.1912419332524962
sports/boxing/d0c20a0fd5c2a38b.jpg,-2.050989293398448,0.1497786950467475
sports/boxing/dbd3e9304ac3c014.jpg,-1.9037932283266636,0.2760102890408177
sports/boxing/e0ebed8875f0d6f3.jpg,-1.837218748810662,0.0146335368805734
sports/boxing/e28c0aa13f315c69.jpg,-2.0649291245022265,0.160346439402998
sports/boxing/e2c417b19496969c.jpg,-1.9782058984892728,0.2352677599825889
sports/boxing/ecb104cafb930b5e.jpg,-2.047800597169376,0.18174931709146
sports/boxing/ef885f9585f0d1ba.jpg,-1.7609355510631068,0.0816436527898978
sports/boxing/f7adcc0450b528ad.jpg,-1.9673479444146176,-0.005135150386547
sports/boxing/f8c03a5c3f92c873.jpg,-1.858621372418175,0.2099954676318696
sports/boxing/ffcc5ba8d6eb7f2c.jpg,-1.853634078456621,0.1262084898120066
sports/climbing/025e41b66ba52da4.jpg,-1.523301323488864,0.2250180900442986
sports/climbing/047b1fbbf332c15c.jpg,-1.5050160459648083,0.0854378966847905
sports/climbing/047e27b8589517a4.jpg,-1.620436926308061,0.2183245806352929
sports/climbing/069ac2ad4505a93b.jpg,-1.6435215510419874,0.1181392105976682
sports/climbing/098894a1b82b9b81.jpg,-1.0075299414965444,0.2672448548762409
sports/climbing/0b5311919a2c6354.jpg,-1.4053946909436237,0.1684793761543197
sports/climbing/0d6607be1e0a79d2.jpg,-1.6233434366121553,0.1132401770890979
sports/climbing/0d6df23796aec890.jpg,-1.8016768803089125,0.2075495573541507
sports/climbing/121794a37b3aab8b.jpg,-1.893124118571679,0.2390801838393303
sports/climbing/1a0734e1d6dad26d.jpg,-1.3798580342375428,0.0744869661674986
sports/climbing/1c2bd5f49631cbbd.jpg,-1.94883328803515,0.2733540678208159
sports/climbing/1c7b7f9ef1512541.jpg,-1.812831362744587,0.1024076759443213
sports/climbing/1e195f9a98e163b3.jpg,-1.651005202047009,0.0376568664998174
sports/climbing/1e22e1fbfa73a3ca.jpg,-1.42609265173307,0.1619313540568237
sports/climbing/22f6d70a8626322c.jpg,-1.86506393786484,0.3290094570516712
sports/climbing/24789502099f7a37.jpg,-1.6436326975986044,0.1984596987728838
sports/climbing/250f5804b7e2016f.jpg,-2.049502830062301,0.1792336968257395
sports/climbing/26751a39a48078e1.jpg,-1.7469939578542126,0.26597664123078
sports/climbing/2807d80c525eb5a3.jpg,-1.697326192798993,0.2610959815396129
sports/climbing/329bcdeadf3bf80b.jpg,-1.6966695715170643,0.2057537108679929
sports/climbing/34961cea9977c655.jpg,-1.324161094577984,0.0740736898883863
sports/climbing/38db4c55f3145ccf.jpg,-1.729630697509204,0.213395909380613
sports/climbing/38efc5b05ce7b107.jpg,-1.8544071812322165,0.1854115755021013
sports/climbing/3b4ef0835ccf0024.jpg,-1.350894070343008,0.2136010746078364
sports/climbing/3bdb508115890d02.jpg,-1.1628368277436762,0.2883186586528865
sports/climbing/3fbb59a39708db71.jpg,-1.388342252277635,0.0549784474389344
sports/climbing/465f53e65089856c.jpg,-1.713121887677528,0.1588773069036227
sports/climbing/47393d20b383539c.jpg,-1.6560975038866552,0.265082626735004
sports/climbing/4aba0110daeaec0c.jpg,-1.8092437612208985,0.2492148199051878
sports/climbing/4d6e55bacc3ae59b.jpg,-1.9422130999211689,0.2461929179410655
sports/climbing/54f31bcf003f3c33.jpg,-1.8412983956284172,0.1938581249826841
sports/climbing/58d3cc60b1415406.jpg,-1.5686262823565222,-0.0156181526026196
sports/climbing/59e2b03991f6a4ea.jpg,-1.6124963464405466,0.1450833864941219
sports/climbing/5ada41b10dbdf030.jpg,-1.4085155731409469,0.355605874293855
sports/climbing/5c10d610aac84184.jpg,-1.5266946548742129,0.1351887472950228
sports/climbing/5e147e154a4e1d10.jpg,-1.7380504469605909,0.238090094880444
sports/climbing/63de2458b37d8c78.jpg,-1.624024434289574,0.1976121380354551
sports/climbing/69cdb1ea7269fecb.jpg,-1.743801758711954,0.1495608050486099
sports/climbing/6bfa9f4a0f1a3bac.jpg,-1.497026485428255,0.1601947901041556
sports/climbing/6ce2d149d4ed4a8d.jpg,-1.6548511731147464,0.253196841590385
sports/climbing/6ddde7a28c680948.jpg,-1.3634538805141476,0.0718370923850376
sports/climbing/70db1b2825f4088c.jpg,-1.976063372612568,0.2771365132355952
sports/climbing/71b7fc6522575582.jpg,-1.557049013625862,0.337760664532318
sports/climbing/78afe38f0402f1e9.jpg,-1.5049432405043894,0.1583339938178648
sports/climbing/792fb38d38ff8811.jpg,-1.2992393677843015,0.0979170223663992
sports/climbing/79856958bd00cbf8.jpg,-1.5303466975551523,0.1820271382115945
sports/climbing/7c4abb7d18dd115b.jpg,-1.853464556690646,0.3218157537988386
sports/climbing/7e9596503b795607.jpg,-2.0159581624144245,0.2017295229046226
sports/climbing/81e422c0b2173f38.jpg,-1.4713052365140769,0.1075873236178579
sports/climbing/836d708f040594e8.jpg,-1.5833808868510448,0.2267584214262825
sports/climbing/8409089d99c0ffa2.jpg,-1.5693506008686755,0.1496873705595771
sports/climbing/851c0813298792d5.jpg,-1.6914067959684256,0.1637035543909158
sports/climbing/85911581bcb18f88.jpg,-1.871992459774726,0.1198374065338485
sports/climbing/87490a60359ca1ab.jpg,-1.6763331334425464,0.1288734115347018
sports/climbing/8859fcc091300e60.jpg,-1.6979923060689135,0.3123925031473306
sports/climbing/889e9b55c8ac6bf0.jpg,-1.799672713672935,0.3283621837549934
sports/climbing/8f18961a8aabe2bf.jpg,-1.9123990438842569,0.3861784315800612
sports/climbing/93405e5bd44e39e0.jpg,-1.641614872167861,0.2993522178304787
sports/climbing/94d820eb1eb9c4aa.jpg,-1.6390677034164371,0.3001884956079292
sports/climbing/96845d2c94b8a965.jpg,-1.5549921732367384,0.1194269482524392
sports/climbing/9777cabf78befa26.jpg,-1.8359262208069984,0.2321208384710234
sports/climbing/9e9704ca22736914.jpg,-1.5541801684027676,0.2728659523127132
sports/climbing/a662c633c9963448.jpg,-1.6649841294900751,0.1245238765362604
sports/climbing/a6bdcf5434c24c88.jpg,-1.6653499804766527,0.2441664161328369
sports/climbing/a9bb39df7e78a550.jpg,-1.6992021643568656,0.2714704650188521
sports/climbing/aacabf9b3fe435d3.jpg,-1.698434725889744,0.1351871125390289
sports/climbing/ab513cfa39928667.jpg,-1.567463764739948,0.1626313937634692
sports/climbing/ad781b6c665a1aef.jpg,-1.463167232074858,0.1708815507242538
sports/climbing/aedeb3b335d255cf.jpg,-1.4248165211522086,0.2658413926499033
sports/climbing/b1a629972a4aae70.jpg,-1.4756908318967286,0.1777436492140853
sports/climbing/b35c30e8f472d34f.jpg,-1.4502183317670645,0.1916582661290322
sports/climbing/b46b82512ff4a485.jpg,-1.4894007651882977,0.1147076765501088
sports/climbing/b9e0603346e824d3.jpg,-1.4451605061936352,0.1403292714544983
sports/climbing/bb59f95e39d5e545.jpg,-0.9612967695577432,0.1669502411321945
sports/climbing/bba7d9686c3b2951.jpg,-1.892137494513768,0.258149678604224
sports/climbing/c147234e2c0f7629.jpg,-1.7298004720312987,0.2584288235953929
sports/climbing/c2a4e2dc3a23410b.jpg,-1.580273832617504,0.1658826778660891
sports/climbing/c728ce310e8a45ea.jpg,-1.4937018204343502,0.2012778296002427
sports/climbing/c813d9abc0d7a08f.jpg,-1.822664110465191,0.2583476620999501
sports/climbing/cf8d98b8ad0d78f0.jpg,-1.8646927638900344,0.1817095525833389
sports/climbing/cf94deedffb58d56.jpg,-1.686892676953769,0.3262772153114863
sports/climbing/d11d8204973be797.jpg,-1.860798524192109,0.2789105230676459
sports/climbing/d28338d3fb38a56b.jpg,-1.7258239326002585,0.1853533260495548
sports/climbing/da1e5993c1e4aaab.jpg,-1.5156212378698586,0.2115857767469558
sports/climbing/db5978f1c55b21ea.jpg,-1.505391594165422,0.1395871320656421
sports/climbing/de0930e766e1bc94.jpg,-1.8281310145408147,0.288002288002288
sports/climbing/e132f2e5610d9460.jpg,-1.8696468847626344,0.1354151772522329
sports/climbing/e2acbd8c12093e9d.jpg,-1.7413507905445442,0.3095049877658574
sports/climbing/e36dc59ac7897381.jpg,-1.812258686977836,0.1791116873871812
sports/climbing/e39c9148606b65f0.jpg,-1.954669262211567,0.2980307403814685
sports/climbing/e4b5ee5bc612257f.jpg,-1.590581218729432,0.1602663860659596
sports/climbing/ebf288899fa36b54.jpg,-1.6111581210049264,0.1700898402518993
sports/climbing/f219956ea092db6b.jpg,-1.754013085535991,0.2272540478343059
sports/climbing/f4b9c8c25d189852.jpg,-1.714977918645183,0.3164917768136414
sports/climbing/f51c25ceeb2c1fe3.jpg,-1.2952152481994004,0.1624692488128611
sports/climbing/f74d164595b68b3e.jpg,-1.7018041847118337,0.291912250094304
sports/climbing/f99a36f6710cbaa5.jpg,-1.7376859753152307,0.2448452119671941
sports/climbing/fb27b24865985601.jpg,-1.836320452421508,0.1766247487325142
sports/climbing/fb3c94d3b516194f.jpg,-1.5136155936019904,0.2418129421011265
sports/climbing/fecab11f30233b5a.jpg,-1.5686384074216129,0.1215076179713985
sports/cricket/05ad012d0ccab5cb.jpg,-1.820143464757333,0.2948855365885933
sports/cricket/08129ae11e7afa1e.jpg,-1.9548731536772637,0.2620416312199727
sports/cricket/104a87e61aa3f85a.jpg,-1.9710427396494543,0.2124140565317036
sports/cricket/1679b6bb52a8a870.jpg,-1.8714002809061732,0.293679901566419
sports/cricket/385a59f808ff3838.jpg,-1.8043471844375272,0.1702450661461721
sports/cricket/4b1a686a8a90ce4b.jpg,-1.8574283820330104,0.2270299474090943
sports/cricket/4cf200c4526f44ff.jpg,-1.77621701606629,0.3764818169659684
sports/cricket/4da5228bc6dd9e69.jpg,-1.7106920300232196,0.3033487691932732
sports/cricket/4dde84abe3b984ff.jpg,-1.8112360159962824,0.3155947600552959
sports/cricket/510086d3f2b163b0.jpg,-1.7557525057954089,0.4036998944947513
sports/cricket/574901d78c34e0a8.jpg,-1.920815774834315,0.2795239736775761
sports/cricket/6f5ff291e66b5066.jpg,-1.781744430199178,0.3463387577707647
sports/cricket/72b7174bbfb7deee.jpg,-1.850906386075299,0.2096466724759359
sports/cricket/86049248026e7f64.jpg,-1.8276330372595075,0.2514568764568765
sports/cricket/917848db27854b0e.jpg,-1.7866608807543942,0.3033163226903912
sports/cricket/94a31ee11cd9ff43.jpg,-1.8712593349299635,0.135542966061312
sports/cricket/a870503ede4375c1.jpg,-1.9371171620310423,0.2131619908831486
sports/cricket/b8942e8ca4682cb2.jpg,-1.9916396560416376,0.2691563497931381
sports/cricket/c2255c3aaf4113a0.jpg,-1.7617308975492736,0.398473509326361
sports/cricket/c89431202eb3b75b.jpg,-1.833441686023744,0.0603756358419199
sports/cricket/d5270732337b9a54.jpg,-1.9275927738066805,0.2731931970368151
sports/cricket/d57c16af2d536088.jpg,-1.953622304357302,0.3016583572009477
sports/cricket/db87ea910d4807ec.jpg,-1.84789990401058,0.2991693041006031
sports/cricket/e1d2aa04889492be.jpg,-1.5916152513804365,0.3432120605895272
sports/cricket/e97c33fb1147a86e.jpg,-1.8832538235241472,0.2148267265495651
sports/cricket/fb78be34a11c225f.jpg,-1.7506391168607538,0.2867661199483503
sports/cricket/fcbc882094779631.jpg,-1.932226826946176,0.3080088435241638
sports/fencing/00229645efaf204f.jpg,-1.9441235683377036,0.0613333708719276
sports/fencing/09bff5f615f67d3f.jpg,-2.0358624742628835,0.2288513881328252
sports/fencing/0a6a03c8f23ee744.jpg,-1.8293524329853927,0.1047269005303805
sports/fencing/0f96680fdd9951ed.jpg,-2.080289799418203,0.2522736986620731
sports/fencing/1a78037c75f2d54a.jpg,-1.6934550047914618,-0.0958292332147452
sports/fencing/39432d2f206e6096.jpg,-1.97709235943748,0.2509817353416758
sports/fencing/39aad38e0112aeb6.jpg,-1.8361298444152625,0.3489379276789426
sports/fencing/3f9408b1b9c80f15.jpg,-1.829450306642388,0.1555771158759419
sports/fencing/528fa60d7653f4ec.jpg,-2.0953069348267874,0.2515829501238061
sports/fencing/533b85f1b088732d.jpg,-1.7709336664875437,0.0302648652774597
sports/fencing/5c7a9ec4b1630457.jpg,-1.796445318744767,0.2158191541079241
sports/fencing/6870b579e585698e.jpg,-1.8320305706145756,0.2424487218089286
sports/fencing/72b9c326fa84cb89.jpg,-2.2202177102305285,0.170101117505515
sports/fencing/8ca9624b99f261f2.jpg,-1.8361509952534707,0.0661046069493864
sports/fencing/9ad90193550e2037.jpg,-1.9221796477711155,0.2479611747635964
sports/fencing/9c93d2b7159cea2d.jpg,-1.8907133266983165,0.1645905905634547
sports/fencing/bfd7722e868e772c.jpg,-2.1153107665405724,0.3345598663079058
sports/fencing/cb015f171d060a5f.jpg,-1.8670582063255527,0.1577519702519702
sports/fencing/d7d111c164d6ac0a.jpg,-1.8492899995173944,0.067298470546666
sports/fencing/d8b1c1458fe8d49a.jpg,-1.7927146187926266,0.0954778652401937
sports/fencing/f89f1c0793c6947f.jpg,-2.058438963939536,0.2147293339119115
sports/field hockey/000000048442.jpg,-1.1883458821326591,0.1991974202365182
sports/field hockey/000000516249.jpg,-0.9229874038431636,0.1746072538609455
sports/field hockey/059520433a9809d0.jpg,-1.5024464021630886,0.2352547143259217
sports/field hockey/084d9b0d21b5de75.jpg,-1.7552653257533295,0.10786843743225
sports/field hockey/0a9cae46a2fe661b.jpg,-1.5848461972866443,0.2987969114742322
sports/field hockey/0da653cc74b7f079.jpg,-1.86988774672998,0.3728431019992967
sports/field hockey/0e61ee3614881ca1.jpg,-1.5969446366641935,0.2303063847273062
sports/field hockey/1301abd7df04425b.jpg,-1.709119611752683,0.1546197671538271
sports/field hockey/15cdf068f1cc0c01.jpg,-1.659120790392075,0.1114813211383227
sports/field hockey/192c3e482444f853.jpg,-1.855204547317566,0.2004405584010162
sports/field hockey/19ce47859fe84403.jpg,-1.904648374630856,0.1596836305189081
sports/field hockey/26b45e4572605eb1.jpg,-1.809917601504546,0.3440218853708853
sports/field hockey/28c1742dab03a143.jpg,-2.0187267137360223,0.2408343840158656
sports/field hockey/316f00e286d5a624.jpg,-1.790866522792628,0.2671115486999963
sports/field hockey/31957706f94af9d3.jpg,-1.6475531276114372,0.2273210411194758
sports/field hockey/38485db61e9ca278.jpg,-1.89573790991548,0.179673849737915
sports/field hockey/39b69baeb6d748b8.jpg,-2.017364910539132,0.1824376561075209
sports/field hockey/3c4e294f8d735775.jpg,-1.847801896677793,0.1446084885838352
sports/field hockey/3df553d663038934.jpg,-1.8576887197428629,0.1839770824395576
sports/field hockey/4237c823b4f8ea49.jpg,-1.816269373418036,0.2216975401566651
sports/field hockey/428764c4e47a64ac.jpg,-1.7593984321324725,0.1271733546049429
sports/field hockey/42ce0e541e865b81.jpg,-1.845465425713839,0.1924566351507357
sports/field hockey/4f00fa5d6b6671bd.jpg,-1.7427969568358876,0.1691580686218755
sports/field hockey/5b7b58b5eab43e92.jpg,-1.8556817232778289,0.3326804389672758
sports/field hockey/6766c11caf4ca2f9.jpg,-1.3645489297953333,0.252371878177374
sports/field hockey/6b1e8ade1d0411f4.jpg,-1.9583455312618023,0.2759441492048737
sports/field hockey/6c217757caa59d1a.jpg,-2.0100961763432608,0.1479307470927582
sports/field hockey/6f68c04b56476d1c.jpg,-1.889677512891316,0.1525686403226788
sports/field hockey/7924d91dd62861ba.jpg,-1.842691273616224,0.3002741342297905
sports/field hockey/7cc59958b7c5b5a3.jpg,-1.9061889558635847,0.1963801325503453
sports/field hockey/7df69baa01412889.jpg,-1.9681456246700957,0.1689191426244379
sports/field hockey/82996269f0e2fe5b.jpg,-1.9181000502286591,0.2584340539365951
sports/field hockey/82da2d1599906170.jpg,-1.7847436693373144,0.172476873775575
sports/field hockey/8341d6c1644efe7e.jpg,-1.8758801331180748,0.300671820004028
sports/field hockey/88d6c8356cfa5cbe.jpg,-1.927077131944166,0.2519567937924306
sports/field hockey/9980f148e56325da.jpg,-1.7451124828151747,0.217339849269901
sports/field hockey/9db82ec0ad6b5ff5.jpg,-1.8708740409229427,0.3887929415415268
sports/field hockey/a0abe94bde0fc87f.jpg,-2.051425890125158,0.2302529300068266
sports/field hockey/b6493213359c274c.jpg,-1.6414472341929751,0.1331320340378808
sports/field hockey/b78fb2a194a80153.jpg,-2.005842086923419,0.2647584224188461
sports/field hockey/b8b45350bd04ceda.jpg,-1.989079135693815,0.1502394557966176
sports/field hockey/be315bf31deb1b5d.jpg,-1.841724567431937,0.2274119034272128
sports/field hockey/c29ffd28eb6cb7e0.jpg,-1.882699443940166,0.1413674015216431
sports/field hockey/c7bd4572143537bc.jpg,-1.90508713627806,0.2846031735488885
sports/field hockey/cc4740e2a33b969a.jpg,-1.8541855720738365,0.356820484480059
sports/field hockey/d62bc1c293d6022d.jpg,-1.4879699078530064,0.0632907864667521
sports/field hockey/d845f120e4b794cd.jpg,-1.8533443944500096,0.1283788544186374
sports/field hockey/d9e93a2678327874.jpg,-1.793021530239311,0.2344744378843127
sports/field hockey/dbaa033be5e95bd9.jpg,-1.8462379959018784,0.2699010177052837
sports/field hockey/e02ad32855600a57.jpg,-1.998420808128796,0.1985142112284489
sports/field hockey/eafd76a3599d2482.jpg,-1.8682431836096307,0.2761396492809132
sports/field hockey/edc8bdce3b11e3af.jpg,-1.683366432988288,0.2137338538550602
sports/field hockey/f67573fffea45d60.jpg,-1.9659160691545647,0.2374292469356559
sports/field hockey/fa6f5cc41df31b36.jpg,-1.720171265369704,0.2190603682535611
sports/figure skating/00c0e3b734506745.jpg,-1.917596075175856,0.1735899137358991
sports/figure skating/0ca3663d4e237556.jpg,-1.911004585184768,0.3893066886343705
sports/figure skating/1ad03c0542449be2.jpg,-1.9320122967425195,0.3618345127925966
sports/figure skating/287d1a6207b6ceeb.jpg,-1.7327334546026432,0.0514099440165279
sports/figure skating/2b607717ec492bc2.jpg,-1.9811769181294228,0.2565025403088841
sports/figure skating/2e7c8ac130906525.jpg,-2.0599411799528924,0.353085896467206
sports/figure skating/3ee15aa26a7d7286.jpg,-1.9404819113762264,0.3313149180154873
sports/figure skating/43075dd1aa81e11d.jpg,-1.8597345877793272,0.1779119586820622
sports/figure skating/46f09a0adfa8b30b.jpg,-1.871057380833504,0.4053925590238441
sports/figure skating/5d57fdc7534a749d.jpg,-1.973390866808498,0.1320295150082384
sports/figure skating/60b8b7aaa7649bfe.jpg,-2.0466498843390246,0.3631437364389142
sports/figure skating/6b27b3ffb904f51f.jpg,-2.031305234341858,0.2454381877971875
sports/figure skating/7b6ac9da1662ac51.jpg,-1.89851257772088,0.4122651526258035
sports/figure skating/a309464face2453a.jpg,-1.8772654534755573,0.0741803955440954
sports/figure skating/aa57164987eff0f6.jpg,-1.971387327778208,0.3437876012780115
sports/figure skating/ac260e25915895d8.jpg,-2.0492357568298325,0.2599578570351013
sports/figure skating/ca8c65130adf3589.jpg,-1.9877722323901288,0.1099742815609974
sports/figure skating/d631ea99f1ce3ac7.jpg,-1.997459716632241,0.2547775344246757
sports/figure skating/e1bbc2771fd99868.jpg,-1.9215190075697963,0.3348647309800412
sports/figure skating/e61ec87eac083fa8.jpg,-1.954089394170991,0.3514800363165081
sports/figure skating/f9bb26d229cb4904.jpg,-1.8867778151699437,0.1728149939023085
sports/fitness/087aacabae6c31ab.jpg,-1.7360495415363892,0.0114795764722887
sports/fitness/168d8729f6861120.jpg,-1.7489481097184896,0.0139613255235497
sports/fitness/1e688fd4c90bf62d.jpg,-1.492633419949126,-0.0356378264303509
sports/fitness/37575826630ae5e2.jpg,-1.8227670837867496,0.168671852110879
sports/fitness/39dabf44b31cc631.jpg,-1.6305350570780803,0.1089168683544992
sports/fitness/3bad69ad196d0b30.jpg,-1.823704323714796,0.0792812171938064
sports/fitness/3e92430853ab3484.jpg,-1.657381895232698,0.1479358454514636
sports/fitness/4531575c47fa1304.jpg,-1.7534017163313371,0.0413744838687102
sports/fitness/5ba82a78da57b025.jpg,-2.0745996481604783,0.0441028225806451
sports/fitness/6d72936470a2df28.jpg,-1.7288636627595475,0.1215740052949355
sports/fitness/6fdbb41ec1e403f1.jpg,-1.7221980306798952,0.1504169609817296
sports/fitness/84a41382ff3e907d.jpg,-1.7571887077286772,0.1713913743450552
sports/fitness/919170eeb33e7a6a.jpg,-1.8072991430616088,0.0906487242031408
sports/fitness/92a120d977f281b2.jpg,-1.7805025125291003,0.1080979097363586
sports/fitness/92bdb469c67a7096.jpg,-2.162567056056914,0.1493906377847637
sports/fitness/98f8e822feb47cbf.jpg,-1.8753262053493611,-0.0945325710604718
sports/fitness/bfa8dd6b7a851d39.jpg,-1.8874651816169257,0.063109249765326
sports/fitness/c1a82130fde947e3.jpg,-1.9709338452636656,0.0874131011132406
sports/fitness/e4a24cee29adf7ac.jpg,-2.127640746106379,0.2129576665010459
sports/fitness/e993f22917fba7f4.jpg,-1.8409693778232776,0.1714436299835643
sports/fitness/efd6e2c6544a1fff.jpg,-1.9608079677535404,0.098469387755102
sports/fitness/f66e57fa9da8361e.jpg,-1.924527531124254,0.0630148135021429
sports/fitness/f9aa60a477640909.jpg,-1.7893090668099578,0.1026761281068941
sports/frisbee/000000031390.jpg,-0.7106658422029807,0.2351409026840014
sports/frisbee/000000034372.jpg,-1.2385060327497848,0.3594233091386792
sports/frisbee/000000036273.jpg,-0.8153193172419789,0.2023046064205069
sports/frisbee/000000050013.jpg,-1.3100205448309403,0.2232950545521327
sports/frisbee/000000056868.jpg,-0.8341610820724289,0.2271668887201006
sports/frisbee/000000058157.jpg,-0.7492121333722535,0.3456464463500829
sports/frisbee/000000061779.jpg,-0.8045817206652762,0.3121795137951795
sports/frisbee/000000064059.jpg,-0.8340745653077317,0.405833098432092
sports/frisbee/000000087479.jpg,-1.441877493465081,0.1996600441244098
sports/frisbee/000000099341.jpg,-0.6655944585890583,0.29034103887534
sports/frisbee/000000099964.jpg,-0.749026022399825,0.2642074451483378
sports/frisbee/000000139249.jpg,-1.7699768654943906,0.2734296895614912
sports/frisbee/000000142637.jpg,-1.8349931956612424,0.1355178141756134
sports/frisbee/000000143559.jpg,-1.2024728634866508,0.1801891266144104
sports/frisbee/000000159398.jpg,-0.973571686268613,0.2005996986156275
sports/frisbee/000000180984.jpg,-1.1120141719652423,0.3143027021152131
sports/frisbee/000000181481.jpg,-0.6145957346700045,0.2304506654137918
sports/frisbee/000000194531.jpg,-0.730051232956852,0.284872791076576
sports/frisbee/000000196912.jpg,-1.198059750618724,0.2082908111197289
sports/frisbee/000000209266.jpg,-1.2832076977237403,0.307153085101606
sports/frisbee/000000210816.jpg,-1.021234364934665,0.1924415377561117
sports/frisbee/000000211737.jpg,-1.5222043580892908,0.1390001652749466
sports/frisbee/000000226936.jpg,-1.0291080971772373,0.2628877613877355
sports/frisbee/000000240033.jpg,-0.9006316567732678,0.1364867058743434
sports/frisbee/000000254078.jpg,-1.1770694524485932,0.3005112926234993
sports/frisbee/000000264307.jpg,-0.8205999509421963,0.2081197538510192
sports/frisbee/000000274745.jpg,-0.7301708687098051,0.2362507926786631
sports/frisbee/000000278101.jpg,-0.7667012228987495,0.1587397377064335
sports/frisbee/000000281922.jpg,-1.3103484650090509,0.3284197953144936
sports/frisbee/000000282062.jpg,-0.7567685665741509,0.202613750291148
sports/frisbee/000000289423.jpg,-1.4469245249211098,0.3082953824868853
sports/frisbee/000000299734.jpg,-1.6398793959439026,0.13604895861332
sports/frisbee/000000302551.jpg,-1.1261116671151017,0.1387808667290675
sports/frisbee/000000315381.jpg,-0.9717661997875758,0.2824819320827747
sports/frisbee/000000318279.jpg,-1.3867538342357253,0.1185894930520897
sports/frisbee/000000331518.jpg,-1.5101939032942775,0.2179871621594997
sports/frisbee/000000334751.jpg,-0.9680406712052816,0.2558139534883721
sports/frisbee/000000358086.jpg,-1.279411815931195,0.1852895844036824
sports/frisbee/000000364154.jpg,-0.727929483217492,0.3582918608928021
sports/frisbee/000000388486.jpg,-0.5316605597017049,0.2219081411504761
sports/frisbee/000000393241.jpg,-1.487277575142537,0.1153195259042032
sports/frisbee/000000422211.jpg,-1.6304421697036615,0.3351634551510614
sports/frisbee/000000423529.jpg,-0.8655364745068183,0.3836022284481371
sports/frisbee/000000428550.jpg,-1.344281034345057,0.3547089660159074
sports/frisbee/000000453529.jpg,-0.803897414039778,0.2345754214977875
sports/frisbee/000000481014.jpg,-0.9243724848968828,0.2608895896435833
sports/frisbee/000000482910.jpg,-1.2882099408347647,0.2843224309984774
sports/frisbee/000000509471.jpg,-0.7389926545180054,0.2526294310303857
sports/frisbee/000000511121.jpg,-0.8362521166775897,0.3518844737608148
sports/frisbee/000000517460.jpg,-0.8471862785895611,0.3080614763765277
sports/frisbee/000000524047.jpg,-0.8272016157445927,0.3289593692076849
sports/frisbee/000000539247.jpg,-0.7414535922173577,0.2956265630752435
sports/frisbee/000000551338.jpg,-0.979684360047285,0.3064299194884199
sports/golf/00ea4ebcea489abd.jpg,-1.6402559855509526,0.3360224557338366
sports/golf/02214e9e87af8091.jpg,-1.8263177646372295,0.1988423185730624
sports/golf/05e82779bb9c7b6a.jpg,-1.7660519374474095,0.3967000231605345
sports/golf/083327ccfc4b1684.jpg,-1.6438747239027416,0.2523088686842136
sports/golf/0dd4c580c14df3d1.jpg,-1.9188248867356847,0.3111116897997448
sports/golf/103e1b8a925be6f6.jpg,-2.003989647004815,0.3432269154123917
sports/golf/1467a36d490d1750.jpg,-1.8717386604570088,0.3694120572922632
sports/golf/188fcb471d077f6b.jpg,-1.6556926813461383,0.3577099728954777
sports/golf/1bf7b18e9816e5c6.jpg,-1.961050943519628,0.2822069362712084
sports/golf/232299e70b9fe949.jpg,-1.586183649954387,0.1716781554551937
sports/golf/2a7c45cb2c6ffdca.jpg,-1.7680212923801215,0.3049466628905881
sports/golf/2d2da4e280f88f23.jpg,-1.725408614211231,0.2691452900998885
sports/golf/2da2c22f1bd3d367.jpg,-1.5482476497933244,0.2636179236584916
sports/golf/316af044aec03d7a.jpg,-1.5758505796452342,0.3521264099436125
sports/golf/3d930f11eee5d446.jpg,-1.591874334587925,0.2417887510782814
sports/golf/3dfbdcd1d1aaa02d.jpg,-1.9249868054997965,0.3266072074058312
sports/golf/54906e95b973086b.jpg,-1.843638240505892,0.3168881193704648
sports/golf/5a01fbb421c3ea87.jpg,-1.8637190517681288,0.3786495553264725
sports/golf/6c18b3182a012e30.jpg,-1.6946221951291272,0.2690412380046684
sports/golf/706623fd1eb142e2.jpg,-1.7382121767204912,0.3635282936705963
sports/golf/7236064c35684dba.jpg,-1.4955479855617313,0.2498901767309836
sports/golf/82462c9793e1b5d0.jpg,-1.4772392184153826,0.3930479466861014
sports/golf/865c492b335e9890.jpg,-1.875758477645924,0.1490881485187805
sports/golf/8677ea1bec084ac3.jpg,-1.9745744253134825,0.2468085106382979
sports/golf/8c3acc0158dfe5ee.jpg,-1.7534310465046237,0.3204986066580769
sports/golf/93ee6f6e0bcc3c3d.jpg,-1.60387244729863,0.2266015703883206
sports/golf/94ca4d01f90bef1c.jpg,-1.869448658427764,0.2560700973286395
sports/golf/97aaac154962a793.jpg,-1.985261019533587,0.3096771195923629
sports/golf/a1d32a9b35bf01bb.jpg,-1.8505371565890836,0.3024259503773919
sports/golf/a26935abd4c130ba.jpg,-1.6099716981444252,0.2732802368827092
sports/golf/a89da698610fa26e.jpg,-1.844640199576105,0.3399228188331879
sports/golf/a8cc262e267f3706.jpg,-1.7960595908183323,0.2429271626960972
sports/golf/a996146a2cccb57c.jpg,-1.8366286951491635,0.2951109041334606
sports/golf/af7058e7f9d6ae7e.jpg,-1.6873675918088968,0.2700619641796112
sports/golf/b2259a0da58bf723.jpg,-1.5383082181060872,0.1583074037046605
sports/golf/b879a8057b244154.jpg,-1.823370096333544,0.4022299651567945
sports/golf/bb02343a8664e896.jpg,-1.890872294428941,0.2760379890671542
sports/golf/bb3c26d44a629489.jpg,-1.820584281493824,0.2439626046825332
sports/golf/c2bbd341fb948b09.jpg,-1.9311392102311684,0.2795772238514174
sports/golf/c58f9c82da8f7b54.jpg,-1.9515972375249664,0.2986853146853147
sports/golf/cee06f136258d4eb.jpg,-1.4217802101756398,0.349479292806975
sports/golf/d6485beb5b69ea53.jpg,-1.7854847422276792,0.111603275298326
sports/golf/d6d1c4af0eb29b02.jpg,-1.707350862512304,0.1902545679515751
sports/golf/d9deef4771dcbc02.jpg,-1.791334065848922,0.3152997892334385
sports/golf/e371a76b33265b9d.jpg,-1.6696557296485453,0.3773765683209865
sports/golf/eacf12733f79d8e5.jpg,-1.6480964003349388,0.2673335958392807
sports/golf/ed0147f94eaf2efd.jpg,-1.695909084468479,0.3262801184726632
sports/golf/f452b0a53243dd43.jpg,-1.7068113197256467,0.3361524941906413
sports/golf/f60ba3e737ee431c.jpg,-1.91658664899895,0.3293256093562137
sports/golf/f68a04e0ec306178.jpg,-1.8250646847479948,0.3132551124046872
sports/golf/n00464894_10033.jpg,-1.0427127558382985,0.3373976587001749
sports/golf/n00464894_10042.jpg,-0.9529801088579825,0.3539749120330795
sports/golf/n00464894_10299.jpg,-1.0320276428005737,0.2792792402662359
sports/golf/n00464894_10523.jpg,-0.9639240654912966,0.3383374272141246
sports/golf/n00464894_10535.jpg,-0.91658040325138,0.2307055076880995
sports/golf/n00464894_10747.jpg,-0.8124153920421429,0.3784988614468383
sports/golf/n00464894_10911.jpg,-0.5722368700618045,0.3619412355600201
sports/golf/n00464894_11042.jpg,-1.072212112666578,0.3984303786211343
sports/golf/n00464894_11143.jpg,-0.7253833130208617,0.3285232268576875
sports/golf/n00464894_11765.jpg,-1.056609261157916,0.2902355993093233
sports/golf/n00464894_12059.jpg,-1.2915928431557946,0.3862252366380584
sports/golf/n00464894_12096.jpg,-0.5932215054972431,0.3416541759620748
sports/golf/n00464894_12201.jpg,-1.0915725397343934,0.3775201470380319
sports/golf/n00464894_12357.jpg,-0.6694810900456174,0.1486662629292885
sports/golf/n00464894_12673.jpg,-0.6480774092840441,0.2256031423834389
sports/golf/n00464894_12725.jpg,-1.133821645631983,0.2629160685073282
sports/golf/n00464894_12759.jpg,-0.957491573462894,0.364473157366709
sports/golf/n00464894_13058.jpg,-1.190355295950534,0.190725651096326
sports/golf/n00464894_13306.jpg,-0.8404808870746222,0.1692563614346814
sports/golf/n00464894_13320.jpg,-0.9341924314699956,0.3197902097902098
sports/golf/n00464894_13521.jpg,-0.8624883028318554,0.3345571773976897
sports/golf/n00464894_13590.jpg,-1.496463633090832,0.3405316025802875
sports/golf/n00464894_13639.jpg,-1.6063044511300806,0.2267357115458381
sports/golf/n00464894_13676.jpg,-0.8682954923451136,0.3846348646186899
sports/golf/n00464894_13710.jpg,-1.4365837941817612,0.2581217644362392
sports/golf/n00464894_13791.jpg,-0.8084541012853796,0.1985364605030038
sports/golf/n00464894_13832.jpg,-0.8972324473144996,0.3277206370272063
sports/golf/n00464894_14073.jpg,-0.9978349972450552,0.1772929692771355
sports/golf/n00464894_14750.jpg,-1.0848369327199363,0.3189638507635802
sports/golf/n00464894_15473.jpg,-0.9507777517546878,0.3330909419575363
sports/golf/n00464894_15525.jpg,-0.7248620963452902,0.3198965110959054
sports/golf/n00464894_16047.jpg,-0.7398528530153798,0.2303573000088004
sports/golf/n00464894_16129.jpg,-0.8099993712448199,0.2337174521940593
sports/golf/n00464894_16183.jpg,-0.899435874520519,0.3730447174003211
sports/golf/n00464894_16290.jpg,-0.7531991402807046,0.2991172831893963
sports/golf/n00464894_16494.jpg,-1.0472341371160634,0.3955488864787769
sports/golf/n00464894_17474.jpg,-0.6345441874204916,0.3286608007894804
sports/golf/n00464894_9013.jpg,-0.9998961719698186,0.2695668527446115
sports/golf/n00464894_9076.jpg,-0.9780668722361456,0.3465150989083333
sports/golf/n00464894_9080.jpg,-0.676103605601585,0.2451227780207084
sports/golf/n00464894_9116.jpg,-0.6493629505692791,0.3312335236370105
sports/golf/n00464894_9175.jpg,-0.7674952853662207,0.3027124806187734
sports/golf/n00464894_9191.jpg,-0.5635465837503191,0.3599959784006603
sports/golf/n00464894_9251.jpg,-1.2746959805392777,0.3387579386135256
sports/golf/n00464894_9505.jpg,-0.947144094881496,0.189379555044112
sports/golf/n00464894_9589.jpg,-0.6802601095322983,0.3160245420914915
sports/golf/n00464894_9642.jpg,-1.0208269766581803,0.3471736349766524
sports/golf/n00464894_9950.jpg,-1.409090305266982,0.173049706779771
sports/golf/n00464894_9966.jpg,-0.7120570077342377,0.2993321411627313
sports/gymnastics/01632b2621c70f0a.jpg,-1.9868315309291376,0.2074173103584868
sports/gymnastics/03e15185cfaf3edf.jpg,-2.025029922215327,0.0203513191965847
sports/gymnastics/11e9893bc1e70924.jpg,-1.9296041472544536,0.2852442469042169
sports/gymnastics/1bd57202eab83f72.jpg,-1.9348212414825887,0.3191656828020464
sports/gymnastics/1bd904846b4ac438.jpg,-2.1644806782138537,0.1247754668594733
sports/gymnastics/1c64d0a5c94e520b.jpg,-1.8017645479881257,0.1459618948239569
sports/gymnastics/1ff02c2dd58ac89e.jpg,-2.1792231222766043,0.0724533715925394
sports/gymnastics/284b9fc66ab531fa.jpg,-1.9411627599720744,0.2941150672114731
sports/gymnastics/2be435d58d5e858d.jpg,-1.8177669419193945,0.1737411604328192
sports/gymnastics/2d0e3d74e9d9c96d.jpg,-1.9860751641093315,0.1450713829568455
sports/gymnastics/2f9ea40fc5161426.jpg,-2.100533300503653,0.1319048966187377
sports/gymnastics/303d5c824614b59d.jpg,-1.8365109673037496,0.1734088696114012
sports/gymnastics/314b18e4dd4e1f84.jpg,-1.7624160132382602,0.0457061263343986
sports/gymnastics/36d088d7045fc823.jpg,-1.80810251182232,0.3798356745295521
sports/gymnastics/37a339d612fbd8dc.jpg,-1.985670811893005,0.2436107789426848
sports/gymnastics/3b9dd07f35b55a43.jpg,-2.186643851309608,0.1578992168879809
sports/gymnastics/3f7826aa5312939a.jpg,-1.9663899109021423,0.149577129626652
sports/gymnastics/42f6decb34b04c85.jpg,-1.997786393559669,0.1614612992246704
sports/gymnastics/48abd1db27d7de96.jpg,-1.9638016327507983,0.2237005482435194
sports/gymnastics/4b39410d409f23c8.jpg,-2.099019258804438,0.0901842740319431
sports/gymnastics/4e3b05a274ec9070.jpg,-2.051604066911108,0.2665273981809221
sports/gymnastics/5c2cb88d3566e522.jpg,-2.0320740756182483,0.0827646387577473
sports/gymnastics/61f624ac32c56eba.jpg,-1.8435373194901197,0.1183380853163724
sports/gymnastics/64d859e02180217e.jpg,-1.659536250294399,0.3298752862690431
sports/gymnastics/651c2ae1e6892530.jpg,-2.061481269714029,0.1770029302458547
sports/gymnastics/66244a77636dd606.jpg,-2.0692419412752625,0.1835320876815018
sports/gymnastics/6ca88869cb213178.jpg,-1.8716085566901108,0.1471372870921403
sports/gymnastics/6d8a20a69d1f2667.jpg,-2.0214382961962656,0.2618811061434011
sports/gymnastics/71f118b4354b5ff0.jpg,-1.944679693396384,0.1048292897053024
sports/gymnastics/819010698b243bd6.jpg,-1.8067087055484907,0.019082745349583
sports/gymnastics/8c6459b9f289fa47.jpg,-2.06002335918396,0.159783553652532
sports/gymnastics/8de344ed44498634.jpg,-2.084317376677128,0.1198192786816745
sports/gymnastics/910c63df860a274e.jpg,-1.8187740878618857,0.2528648693453799
sports/gymnastics/92c0a1e89a467815.jpg,-1.936380327500537,0.2577674836087138
sports/gymnastics/965fcccf96b4fb08.jpg,-1.918690417993699,0.086437253894881
sports/gymnastics/9b3a86b775b0121c.jpg,-1.9773523917613145,0.1357281241901847
sports/gymnastics/9bd9214f613fa836.jpg,-1.8870538564094577,0.1456834920840622
sports/gymnastics/9f10eef51818ce72.jpg,-2.1152154426992102,0.2238406428502274
sports/gymnastics/9ff2f0382e09681f.jpg,-1.844601000792343,0.1786506176750079
sports/gymnastics/a4cd92bb222f7ce1.jpg,-2.182292329634366,0.1578633648875144
sports/gymnastics/a70f746e69334265.jpg,-1.7187004861353754,0.2150750123509289
sports/gymnastics/a9c524228aecdba0.jpg,-1.9536321398802143,0.095265530555724
sports/gymnastics/aa0494433027c7c9.jpg,-2.200426467616304,0.220379278548654
sports/gymnastics/ac36d564ad0b93e1.jpg,-1.893716878128324,0.1640056701607788
sports/gymnastics/be64f47a308ca5e4.jpg,-1.877269879257616,0.2677827974134112
sports/gymnastics/c0f5566fba5d2c67.jpg,-2.054392799549364,0.1823499754822402
sports/gymnastics/c6249d94f4b8fc0b.jpg,-1.8889357411837744,0.2001599908576653
sports/gymnastics/cc1482ab9b518746.jpg,-1.8184517273206635,0.2629640731383548
sports/gymnastics/cc743804be31c6af.jpg,-1.2957556946974562,0.1591139707578064
sports/gymnastics/cca26d0015d1fbc9.jpg,-1.9817885823802563,0.209006456534176
sports/gymnastics/cde9f1472b95e07f.jpg,-1.8669051304722069,0.2624043775993961
sports/gymnastics/d1a2a4d8137a71e0.jpg,-1.9762231298642692,0.350718634692393
sports/gymnastics/d33ec9ab2872cbd3.jpg,-1.8467849284038984,0.318202297155763
sports/gymnastics/d4da943cfb830edb.jpg,-1.6411006624917066,0.2692552112486375
sports/gymnastics/d79ea3d7d75d1698.jpg,-1.9144128632447712,0.2658176860630848
sports/gymnastics/db2d4827104ccd7b.jpg,-1.853971487882473,0.3291265276892199
sports/gymnastics/df85986ebb487f15.jpg,-2.050529944430871,0.1285289077297736
sports/gymnastics/e04b7724f7319907.jpg,-1.88723124229213,0.0946224728372988
sports/gymnastics/eb62afcc2cc32f68.jpg,-1.9886031011107252,0.2559624238611341
sports/gymnastics/ec79dfe1948600e6.jpg,-1.952465202364856,0.0384844757538484
sports/gymnastics/f765766093e87c88.jpg,-2.0424541462732635,0.080699127415839
sports/gymnastics/fa0b553ad96e5242.jpg,-2.012078666053405,0.3031612515598281
sports/ice hockey/0543f1b76e391db9.jpg,-1.7431461319524215,0.1586758893280632
sports/ice hockey/058567362019b68c.jpg,-1.9006602658510563,0.2406106186046778
sports/ice hockey/0a9033f96755177c.jpg,-1.850203523509412,0.2416734949631272
sports/ice hockey/0ad7bad30cd432df.jpg,-1.757814938265818,0.2642740924987376
sports/ice hockey/0aea452ca8e904e7.jpg,-1.7650967641623665,0.2341747726530572
sports/ice hockey/0dae295abfdff1ea.jpg,-1.6781157746707769,0.1045301831581229
sports/ice hockey/0ea39a2dcc1d75cd.jpg,-1.6293726732198912,0.0243957996400993
sports/ice hockey/118e34b1af1942e8.jpg,-1.7563019422178996,0.0899123864641105
sports/ice hockey/16e3ee82eb0dabbd.jpg,-2.120805310050639,0.2376499263942853
sports/ice hockey/1aec2efcae150271.jpg,-1.7153761041252915,0.2909947157903345
sports/ice hockey/1f21eeca4577a562.jpg,-1.977044303762173,0.1471742766085008
sports/ice hockey/23b73886e375fa7e.jpg,-1.6039052759855366,0.1169699797791258
sports/ice hockey/2be8f0738a9a1c97.jpg,-1.8840460835151276,0.2423398556168947
sports/ice hockey/2c41faad4c1f65b5.jpg,-2.202083669277908,0.2209018687658255
sports/ice hockey/2fc815db5f60e390.jpg,-2.0085834274820225,0.235551948051948
sports/ice hockey/31ce868de373d467.jpg,-1.8077550087541008,0.1223476088838845
sports/ice hockey/351b5737a1ab2885.jpg,-1.6497549510574414,0.2416676789698802
sports/ice hockey/3aa81f9741ba9a9f.jpg,-1.843211270821244,0.0130740887860068
sports/ice hockey/3d1b2e53cd24ce90.jpg,-1.5385816671998434,0.2016265922744247
sports/ice hockey/3e7d95d9fd61b760.jpg,-1.8586527348247923,0.1495825378531272
sports/ice hockey/3f18498b871d51ba.jpg,-1.95878675353816,0.275673873248542
sports/ice hockey/42f4b58b21cbe526.jpg,-1.8367573630729517,0.188201160541586
sports/ice hockey/44b1d9ea53911b80.jpg,-1.7716773931193082,0.0242609440470403
sports/ice hockey/44da855f8db7d75f.jpg,-1.8518291167670555,0.2452497904709364
sports/ice hockey/4504f990b3609149.jpg,-1.786586903368832,0.0928977546497061
sports/ice hockey/46cd2e8468293902.jpg,-1.9280142017699928,0.2342923776756643
sports/ice hockey/470ed9c49466aa58.jpg,-1.8453455533953893,0.0051752995066948
sports/ice hockey/4e223fa1b1baccb5.jpg,-1.6453126564454073,0.2581518833968854
sports/ice hockey/4f2343b8281ea366.jpg,-1.8526067957351464,0.1706004140786749
sports/ice hockey/5186956757a13de0.jpg,-1.9018225667394053,0.220348554350848
sports/ice hockey/534af61fae5fe4d4.jpg,-1.851092536884552,0.1294453128816374
sports/ice hockey/56770050ea8dba24.jpg,-1.4788106786329949,0.2343739667751629
sports/ice hockey/59ceb630665f7758.jpg,-2.091730690620598,0.2626183126520433
sports/ice hockey/5b2e422c926f1e57.jpg,-1.851132984643712,0.2352732163188581
sports/ice hockey/5b336820a1e8baed.jpg,-1.759647600508211,0.1779420472094883
sports/ice hockey/654d741e1d80fd43.jpg,-1.5874850274625218,0.1932123486560776
sports/ice hockey/68e14a4429132391.jpg,-1.8315353424040537,0.2078813780628396
sports/ice hockey/6ee605e86e56e0e3.jpg,-1.8078269721474385,0.2679536032829446
sports/ice hockey/7cdcb137fe34a95e.jpg,-1.4221199066378765,0.1343427661709178
sports/ice hockey/83ab987502a09a6b.jpg,-1.629539452897569,0.078275148499091
sports/ice hockey/84ebed9f630e379a.jpg,-2.011690451714872,0.2418478260869564
sports/ice hockey/8f82fbb148cbb7b4.jpg,-2.0029979229204358,0.3424961211097697
sports/ice hockey/935acb1cbbe1c4cc.jpg,-2.0132479414854885,0.2396705786512563
sports/ice hockey/93817e876146e69b.jpg,-1.9611489586569968,0.1591273870745848
sports/ice hockey/93a6949865b988a4.jpg,-1.9452114366399005,0.3734802965275069
sports/ice hockey/94137cbe7c37e64d.jpg,-1.790853279905502,0.1873169992477011
sports/ice hockey/9cb1e2d7ec5ebe81.jpg,-1.916098419551834,0.1685629073235391
sports/ice hockey/9e0b50b69b095d1d.jpg,-1.6808564936507344,0.0783408287825249
sports/ice hockey/9ed6211c70cdd276.jpg,-1.5305946257839218,0.1281126207707682
sports/ice hockey/9fdf25ec79965e3f.jpg,-1.7769559154770675,0.0349283716580185
sports/ice hockey/a299795b3d1ae056.jpg,-1.6924360303887198,0.1318814507645632
sports/ice hockey/a658c1dbf5ff3fb8.jpg,-1.9581808732213883,0.3040116852958124
sports/ice hockey/a8895e69efa2a435.jpg,-1.802542086891116,0.1655684490835228
sports/ice hockey/a90ab7e806e3a62b.jpg,-1.732616949600773,0.1145214999276096
sports/ice hockey/aeae192fcdc7715e.jpg,-1.5630754869633183,-0.0382554830068642
sports/ice hockey/b080e8dae70bfe84.jpg,-2.0566442201092534,0.100614755395729
sports/ice hockey/b0bc605978c40a86.jpg,-2.097651428652685,0.2684947872525093
sports/ice hockey/b2fb0ff2373a5907.jpg,-1.929938770770664,0.2140319604715889
sports/ice hockey/bf6e1ab364fc7572.jpg,-1.915888250257074,0.0170955748341474
sports/ice hockey/c0b448197bb26158.jpg,-1.7334070390083445,0.2526931549537933
sports/ice hockey/c2a4e9b103e44933.jpg,-1.7087840553409646,0.1547000140508641
sports/ice hockey/c640a3584d1e4d71.jpg,-1.6867132725327014,0.3007165361171698
sports/ice hockey/ce604b31eae758ba.jpg,-1.552150155904648,0.1873700023110701
sports/ice hockey/cefeffaa35e5554b.jpg,-1.846981205105826,0.1888293171507689
sports/ice hockey/d2ef8f4bfba0d4f3.jpg,-1.8862472166286224,0.1292505353319057
sports/ice hockey/d30cf90f4d40cfcd.jpg,-1.5263401337426137,0.2208303507516105
sports/ice hockey/d894f93f348d6eda.jpg,-1.670613957744011,0.1662688070782505
sports/ice hockey/da7a3c300739e6a0.jpg,-1.7858748584859627,0.137280965930726
sports/ice hockey/e4f55f661a8c4977.jpg,-1.8213507514110832,0.181669645921153
sports/ice hockey/e6531a91951cea03.jpg,-1.83600868396498,0.2440060848573035
sports/ice hockey/e90d1fe2f89787a8.jpg,-2.04771791183042,0.3120843864761156
sports/ice hockey/eb2406b3c32c6eb4.jpg,-1.865218346348774,0.1324456455242341
sports/ice hockey/ebce94aa47a331eb.jpg,-1.816362571042363,0.2846350893521155
sports/ice hockey/ecf8e91b2613e79d.jpg,-1.753396656965741,0.1063890323192514
sports/ice hockey/ed9e6b9510cf8ef7.jpg,-1.3479882574550155,0.0629373629888519
sports/ice hockey/f3cd7f313b9db562.jpg,-1.695029780462156,0.1438090792391178
sports/ice hockey/fdd42cffe50c364c.jpg,-1.8450204958873568,-0.038563778851973
sports/japanese martial arts/00b96ff2060fcfa2.jpg,-1.782684650392848,0.2199571219016813
sports/japanese martial arts/02690f65ea2a2223.jpg,-2.0035742376145143,0.1070648292644219
sports/japanese martial arts/03f1ef1359dbf0c1.jpg,-2.158286277490124,0.2667635938472751
sports/japanese martial arts/051d5f29e283fb24.jpg,-2.075895437786239,0.1646267401663085
sports/japanese martial arts/059001702b9b91e5.jpg,-1.7901490866555625,0.1743892280169882
sports/japanese martial arts/09cc66c3ce06c937.jpg,-1.8996292817601024,0.1674326206771243
sports/japanese martial arts/0d3119fe1227332d.jpg,-2.094329820329348,0.2558324954864376
sports/japanese martial arts/0fe3f79c9523477a.jpg,-2.079232105125264,0.3014740108611326
sports/japanese martial arts/114d6b81e7b1fa08.jpg,-1.8397499465287288,0.1609820070293238
sports/japanese martial arts/13fbf4d8a571de45.jpg,-1.8998285764281304,0.1520169590463609
sports/japanese martial arts/1b1e98b5f9cc8b50.jpg,-1.7888772466823974,0.1319366301450992
sports/japanese martial arts/1bbb133de9623768.jpg,-1.7149113567222187,0.2697204256657933
sports/japanese martial arts/1f92541b4f439e51.jpg,-2.096804303071251,0.2722091700908146
sports/japanese martial arts/234d72b20100b070.jpg,-1.983165661262439,0.2128703599655391
sports/japanese martial arts/23a9162f4356427c.jpg,-2.034237637980966,0.2390795878374106
sports/japanese martial arts/2509b4b6414f04d3.jpg,-1.720078116473049,0.0905234343098259
sports/japanese martial arts/26029c6c44ee5452.jpg,-1.6303521287111593,0.1724453079779438
sports/japanese martial arts/29af2f1dd764c49f.jpg,-2.0627290072031244,0.1583713269681757
sports/japanese martial arts/2adc2001f2704f06.jpg,-1.9060220679314528,0.1353160884596008
sports/japanese martial arts/2fd1948266c82802.jpg,-1.84361182378106,0.0479279499811307
sports/japanese martial arts/2fd91d447d744038.jpg,-1.876344749762281,0.1968947549395614
sports/japanese martial arts/4656464d55472d7f.jpg,-1.8946298326777216,0.3233866919515868
sports/japanese martial arts/46e3dfd73c4ff58c.jpg,-1.7319860031386,0.1234896850102885
sports/japanese martial arts/47c3c79be6aa0974.jpg,-1.931112590140876,0.1317345597897503
sports/japanese martial arts/4882db1a7d20bbe3.jpg,-1.8832190328621896,0.120973514674302
sports/japanese martial arts/4ba30c0ec637fd23.jpg,-1.926026105182876,0.2651423379769836
sports/japanese martial arts/4df59b387b10f876.jpg,-1.936972760041458,0.0507995189523851
sports/japanese martial arts/4e27b4cc6e70cf1c.jpg,-2.015601936132012,0.23018761037392
sports/japanese martial arts/4f5fcdbccb70fe17.jpg,-1.7830233239033602,0.1847826086956521
sports/japanese martial arts/512098c6ba73b6d3.jpg,-2.113968643294822,0.2745509600165164
sports/japanese martial arts/5526b69113f74659.jpg,-1.988087234970967,0.3316481975161857
sports/japanese martial arts/58156b82c899e639.jpg,-1.8813178675756248,0.1240852758119031
sports/japanese martial arts/59c9716ad00033a0.jpg,-1.8787543471139043,0.1204088640349264
sports/japanese martial arts/5c955e3a7555aa23.jpg,-1.9367348248010952,0.2705787135429101
sports/japanese martial arts/6cb54fd6e4b8ecbe.jpg,-1.8939877300468284,0.3207800054929965
sports/japanese martial arts/707abebe50ebce8d.jpg,-2.093041550268824,0.1892390314892663
sports/japanese martial arts/72fa84a7bbae74c5.jpg,-1.9313521653013608,0.291613543346149
sports/japanese martial arts/753f4def4738bbde.jpg,-1.9765280692311111,0.3062821172592278
sports/japanese martial arts/75993a9d9a9315ff.jpg,-1.95913312690914,0.2343749584917289
sports/japanese martial arts/81c08a27d1711452.jpg,-1.806006120790813,0.0795249054742725
sports/japanese martial arts/827e29bb9f9c7427.jpg,-1.8218549635905128,0.2025818787053467
sports/japanese martial arts/9034b66aa88b7996.jpg,-1.8279030540453167,0.2280551208924335
sports/japanese martial arts/93bd25e8154bb8b9.jpg,-1.966834249246387,0.2426266396406854
sports/japanese martial arts/9698dffd80dfea8c.jpg,-1.9043166991765283,0.0674858404531054
sports/japanese martial arts/99b99a22a0354651.jpg,-1.9643849106597309,0.2218921174506899
sports/japanese martial arts/9cb7e8cffefbf99f.jpg,-2.0759337955264314,0.2775286988224861
sports/japanese martial arts/9e325c20c06565bb.jpg,-1.975016395479082,0.298618285123967
sports/japanese martial arts/9eb13ec3324f5d88.jpg,-1.9756373904700293,0.1986322855888073
sports/japanese martial arts/a2668a5b15925ec1.jpg,-2.0851634189595334,0.1644210129372861
sports/japanese martial arts/a31b4795bd65b914.jpg,-1.910781234706506,0.1727763790697855
sports/japanese martial arts/a524a06b55294fe0.jpg,-1.897557434713995,0.2026293928558529
sports/japanese martial arts/a5f627b7166f2f0f.jpg,-2.1267413614800126,0.2221740959829716
sports/japanese martial arts/a6478a1638644647.jpg,-1.9017681816301315,0.2246276720695325
sports/japanese martial arts/a777a871a59ba267.jpg,-2.031850343340931,0.3093815270364354
sports/japanese martial arts/ae9d6a16a82620f8.jpg,-1.9436985744983128,0.0007732243455208
sports/japanese martial arts/b57ae3664e85e046.jpg,-1.9340955987299149,0.1557694161056269
sports/japanese martial arts/b693aa62adfef666.jpg,-2.102858365994558,0.2537378288763541
sports/japanese martial arts/c0c36892321e1c29.jpg,-1.9785313386398735,0.2356943746003365
sports/japanese martial arts/c3b7f14cad985e8c.jpg,-1.7480451709037854,0.0446136807995734
sports/japanese martial arts/d3dc5678a8a28f95.jpg,-1.8070001466727184,0.2114316297045345
sports/japanese martial arts/d4a3d927462dda54.jpg,-1.9664906802833693,0.1444368712982984
sports/japanese martial arts/da47f61e1f5a7927.jpg,-1.907472289653928,0.2238980231591069
sports/japanese martial arts/dd6f1f06f3025b28.jpg,-1.946166263881966,0.1460273133339507
sports/japanese martial arts/e306debdd4e9da9c.jpg,-2.053373826834304,0.1923230461395917
sports/japanese martial arts/e50549734a1a3d6d.jpg,-1.8257097535292688,0.219976394216583
sports/japanese martial arts/e5b67ef6e91c1cf2.jpg,-1.8644386978010756,0.2278449059270977
sports/japanese martial arts/e8347af1a8106c91.jpg,-2.155237340509916,0.2878073950037969
sports/japanese martial arts/e9ecab6c08ee8407.jpg,-1.8982441415857825,0.2197338968992512
sports/japanese martial arts/ea22da2b9fa06829.jpg,-2.2082340437169385,0.2508088469290337
sports/japanese martial arts/ed40d14e0f39eb7e.jpg,-1.9492436004423093,0.1146976001344933
sports/japanese martial arts/eefad9609b2e9edc.jpg,-1.7450654028375434,0.1035888842340455
sports/japanese martial arts/ef14626d95f156e5.jpg,-2.048127878777537,0.2167188663653707
sports/japanese martial arts/ef2f3288f7af27a6.jpg,-1.97129741172126,0.2100152720842374
sports/japanese martial arts/f2167c62794b8746.jpg,-1.9872666758897803,0.2114921324586901
sports/japanese martial arts/f524c74a9a112cf8.jpg,-2.0454245678560694,0.2044054399628037
sports/japanese martial arts/f6aad81bc09dc659.jpg,-1.871205510593877,0.1983604472574665
sports/japanese martial arts/f85c058e1b60c705.jpg,-1.7687393114268577,0.1747822500424581
sports/japanese martial arts/fdb183631f320b49.jpg,-1.8541450248018403,0.2143606030068912
sports/karate/12aa9167c034ea37.jpg,-1.9590168180842211,0.2146023383136785
sports/karate/1f5b5919fb37d93b.jpg,-2.066818966689479,0.1173284106040431
sports/karate/26eba60bf2828382.jpg,-1.9079254439158448,0.2552544621109409
sports/karate/28461166e51f8217.jpg,-1.7914161343695665,0.0195618494160688
sports/karate/3e9fc8ce3def4482.jpg,-1.963915883305822,0.101453430847949
sports/karate/3ecc8dd591d2496d.jpg,-2.0730756770353587,0.1409743934776585
sports/karate/4299e2ebf9c58542.jpg,-2.0081162407816104,0.0928806033822207
sports/karate/4423bc3fc1f1ea56.jpg,-1.8299932867506925,0.1191073436553931
sports/karate/44fbc46a57311ee9.jpg,-1.945730381269636,0.2113189309361559
sports/karate/4592a320b99460e2.jpg,-2.085608988305496,0.1959219496264848
sports/karate/46aa118cee4f86d9.jpg,-1.7272223535177935,0.0834268612046389
sports/karate/473d09bdea5aceac.jpg,-1.772177134222192,0.1709793687909362
sports/karate/5789304f5ccd057d.jpg,-2.03860325103026,0.1699795381467407
sports/karate/5c3d7e1e55326af8.jpg,-1.885199134835818,0.1786664599963832
sports/karate/6066408c8757fe60.jpg,-1.793772100439135,0.2800696601833364
sports/karate/717b396012deba08.jpg,-2.0099588609914694,0.3231614014532164
sports/karate/803df0dee9e9e1d7.jpg,-1.9147205499642497,0.2902392588894951
sports/karate/82f1a9e2176a2145.jpg,-2.0156101550540177,0.2321724632982911
sports/karate/8b1a20ffe4e93512.jpg,-1.8532882021639108,0.1169946117940174
sports/karate/a0805ac4c8992d3b.jpg,-1.8179769250352755,0.21106314132719
sports/karate/a919cd7d332bba81.jpg,-1.7827680205186534,0.2214030485322719
sports/karate/aa8e2b1c612805d3.jpg,-1.9182861949041845,0.3325395107166054
sports/karate/b13dfb24715f0fc5.jpg,-1.846898746343122,0.0860110698309196
sports/karate/c1dba2c782343dbc.jpg,-1.7919080621318544,0.1986837760060385
sports/karate/c9f3254d7fc34b31.jpg,-2.135537765870668,0.2991838567002494
sports/karate/ca52e9c468267ab4.jpg,-1.923461779982456,0.050587193408032
sports/karate/eb9c2f5ef792d456.jpg,-2.138809186389972,0.076814726454004
sports/karate/ee5a91b811a8ce3e.jpg,-2.019324240226183,0.2609705465233388
sports/karate/f0067eb8a3e46420.jpg,-1.914744288262434,0.2647288743136058
sports/karate/f70e2da87e3a08e5.jpg,-2.1212565595083146,0.1834005854893583
sports/lacrosse/0110e8ec47d60bda.jpg,-1.910344847372741,0.0678669333926057
sports/lacrosse/06ab03d651ae501b.jpg,-1.8390150366487183,0.1037976026307414
sports/lacrosse/0bd97cc657f4c3f4.jpg,-1.845272769050459,0.1736733415837893
sports/lacrosse/0f6367eb190d0505.jpg,-1.6820967188786915,0.193922761255022
sports/lacrosse/1537f41b7a4fc016.jpg,-1.7734802114813255,0.0848492800992472
sports/lacrosse/1805dc51e061ee3f.jpg,-1.8996152739736445,0.0891760904684975
sports/lacrosse/1b1ec74ad2005f06.jpg,-1.6314133520262766,0.0522200170386129
sports/lacrosse/215dc68b2c525959.jpg,-1.7411237909096475,0.2687159119197955
sports/lacrosse/26c881a4fad723e9.jpg,-2.004296075234444,0.1069608053116298
sports/lacrosse/26dbc26f819a0d68.jpg,-1.897821301768023,0.2276293585855363
sports/lacrosse/293f56dc17a59733.jpg,-1.858435642731493,0.185083018629085
sports/lacrosse/34b4b1e00c8e05ce.jpg,-1.792472772262914,0.2107570350776499
sports/lacrosse/35669675caf4ebe9.jpg,-1.851523072098277,0.1810115184031816
sports/lacrosse/3601de93a0e5fd67.jpg,-1.6841630089978636,0.1502832049375766
sports/lacrosse/439e21de21f1e611.jpg,-1.457221867948866,0.1523980094858616
sports/lacrosse/465e10af9b6e3ef5.jpg,-1.798857031947151,0.1824519855059918
sports/lacrosse/5081ae7d7bd1a83a.jpg,-1.760314338695902,0.2459524843371999
sports/lacrosse/52d6421dbe9e7100.jpg,-1.732590983098068,0.1818710694847779
sports/lacrosse/5343b64732666414.jpg,-1.851032262904896,0.2684164514605545
sports/lacrosse/54d149d732cd530b.jpg,-1.6769880862644453,0.1665839050018698
sports/lacrosse/5582e1b92da31e68.jpg,-1.946645354372312,0.1690947378496733
sports/lacrosse/577f77b326ff65e7.jpg,-1.7827186754267592,0.2129301442058018
sports/lacrosse/5a4fc14161a53bb4.jpg,-1.8386555773207884,0.1400025838680504
sports/lacrosse/5d8c99f560208989.jpg,-1.7908207963007168,0.2451117530276626
sports/lacrosse/5ffeffc15eb1de28.jpg,-1.7618387513968068,0.0605792437650844
sports/lacrosse/6640cb58a84d1828.jpg,-1.7799769851975469,0.1074403991626233
sports/lacrosse/71e61c1183f5bfba.jpg,-1.73822523939173,0.1532189023098114
sports/lacrosse/7247dcf186a435d7.jpg,-1.985717130452171,0.2662772444283075
sports/lacrosse/7e8f1095b4e20df9.jpg,-1.7871411903221952,0.0180665000960984
sports/lacrosse/854a262f5ef9d933.jpg,-1.8256306893708676,0.1930750665263939
sports/lacrosse/8568a9adbda07fe7.jpg,-1.8359062317152328,0.1720134611129871
sports/lacrosse/86e9451ce692d4e6.jpg,-1.8334034703014488,0.2358021495393844
sports/lacrosse/875fe886b023ae54.jpg,-1.775697914072041,0.0873008409350762
sports/lacrosse/9d843b2a03558a69.jpg,-1.90284317807514,0.2118388204439557
sports/lacrosse/9f9627495742c52e.jpg,-1.6709864511102688,0.1442102284138837
sports/lacrosse/a7aa9768e5b4e053.jpg,-1.9326483923811957,0.191212943411876
sports/lacrosse/ae387da9890adf09.jpg,-1.744276902191851,0.1716470152224342
sports/lacrosse/b5d328a10a792d7e.jpg,-2.0589718506348182,0.2708872264559883
sports/lacrosse/b9629dfcee0b9b3c.jpg,-1.7389633013590955,0.2182262780323125
sports/lacrosse/c4a79ad7987f24b9.jpg,-1.6147351205405678,0.1482680205193293
sports/lacrosse/ca628a60792aa441.jpg,-1.8673534537559624,0.1936572273053267
sports/lacrosse/d30c9d1cd116c210.jpg,-1.6217943608152878,0.1402187765505523
sports/lacrosse/d5d2bfbf1d397b5b.jpg,-2.0303326410970404,0.1983441572928879
sports/lacrosse/dbf60b8984b89eae.jpg,-1.869025719427061,0.0374975775302977
sports/lacrosse/dc64c9fa850fa7de.jpg,-1.9110574946754744,0.1776624837069031
sports/lacrosse/e25652b3a08c346f.jpg,-1.796022740710097,0.1311633543982884
sports/lacrosse/e6ed59d321122050.jpg,-1.8421117314415736,0.1552333782834842
sports/lacrosse/eabaa6a885b0d2b4.jpg,-1.9769235665301927,0.256159089109766
sports/lacrosse/ee9ff188921745c2.jpg,-1.635199586737485,0.2340455378356815
sports/lacrosse/f00029c079347a21.jpg,-1.751335619904436,0.1912017847488487
sports/lacrosse/f001554921abd6af.jpg,-1.5737392343997842,0.1399384970209494
sports/lacrosse/f3d1acd39988a804.jpg,-1.789928653507839,0.2097407081868407
sports/lacrosse/fb95b3f8cf29b596.jpg,-1.7720754222812836,0.222110723700995
sports/lacrosse/fc14f1cce131d551.jpg,-1.7305602198393135,0.2453467481135465
sports/mountain biking/0134e4c71ff2dd8a.jpg,-1.7428878969489747,0.0610341802263004
sports/mountain biking/087b1062dc719626.jpg,-1.6758835581338356,0.2533409075216711
sports/mountain biking/0af7ea4cedd9727f.jpg,-1.3463466262649804,0.070906223114425
sports/mountain biking/13fb10a6d2718757.jpg,-1.5143688744590138,0.1285982547221915
sports/mountain biking/171b328f1c63c1d6.jpg,-1.530302599808805,0.0847057939994742
sports/mountain biking/19b4672fc09b7f74.jpg,-1.7883900873355418,0.0430465589095502
sports/mountain biking/20c25df116a12983.jpg,-1.6457788639987192,0.2184236504390294
sports/mountain biking/2a9c95d441f4958e.jpg,-1.7211387668934486,0.1823928461301264
sports/mountain biking/2bdefa6c6b45b495.jpg,-1.56160043614955,0.2016799476425899
sports/mountain biking/3621d630ce4d726b.jpg,-1.7829596887225372,0.1180444837329713
sports/mountain biking/43028c395ed649ef.jpg,-1.5923071277080023,0.0017142603366345
sports/mountain biking/4c0275745141b853.jpg,-1.756925213752238,0.2537021452835925
sports/mountain biking/53de264315f31cdc.jpg,-1.6859731482272298,0.1770919488621594
sports/mountain biking/571abfa0a95e675a.jpg,-1.868100015756458,0.1561739987070159
sports/mountain biking/5a06cc680775df9c.jpg,-1.842334464369385,0.1931721068578595
sports/mountain biking/5ae17e2ece920152.jpg,-1.4347095461934702,0.1256941154680448
sports/mountain biking/5d927b791ed979bd.jpg,-1.7079547397812944,0.1210471271066687
sports/mountain biking/6733d7a815809a84.jpg,-1.6960315562145525,0.1736360440216059
sports/mountain biking/7e4f94776a3b4db8.jpg,-1.639494168730486,0.1403706107542022
sports/mountain biking/7ed3fbc0d52eae5d.jpg,-1.1708414372783256,0.1213128033334935
sports/mountain biking/7f04e60fa0ab31cb.jpg,-1.3957994863469685,0.2137953362499066
sports/mountain biking/8f4eff2661ddfd1a.jpg,-1.771641104711136,0.0790840207004963
sports/mountain biking/98e8baa4d1188219.jpg,-1.6652936763304325,0.2854290438291671
sports/mountain biking/99a0c49a6c22df59.jpg,-1.3640258644351686,0.1612052868597371
sports/mountain biking/9a284f20e81f56a0.jpg,-1.5554585920327209,0.1624079594842139
sports/mountain biking/a284f227c612b0c8.jpg,-1.5988273359705758,0.0625090248984054
sports/mountain biking/a4371ed7681b31f4.jpg,-1.799756620252379,0.1301915684865152
sports/mountain biking/a6cff7d33b841d2f.jpg,-2.162961961647111,0.0354079548550827
sports/mountain biking/abc436f8778e1a82.jpg,-1.5563179880026516,0.2001064520195535
sports/mountain biking/aec20da322ac2ace.jpg,-1.418354675229149,0.1632290605981671
sports/mountain biking/c4e8395425f49d05.jpg,-1.2259131329792383,0.1490095507605235
sports/mountain biking/c658026260b5ba62.jpg,-1.5389772151464811,0.1448654483768987
sports/mountain biking/ce30e3bdaeca2ae1.jpg,-1.7316860583199956,0.1473369892253369
sports/mountain biking/dcd671ad57417234.jpg,-1.7514979099071,0.2483693553605159
sports/mountain biking/e98d463e02434aba.jpg,-1.1369138476877445,0.1520500193659049
sports/mountain biking/f6daef3ca544abf3.jpg,-1.4682597580652397,0.2617055249190556
sports/mountain biking/fad43fb6ac0d9c90.jpg,-1.806974337548715,0.0706878326164613
sports/mountain biking/fcb06733651f6876.jpg,-1.726542377074713,0.1023673525566031
sports/mountain biking/feecb94338fe3dc8.jpg,-1.7575239763158792,0.1640155553401822
sports/roller skating/022c1f420446d118.jpg,-1.8287030424337465,0.3600415001956698
sports/roller skating/076078740387b572.jpg,-1.561100150216921,0.2204568764568764
sports/roller skating/0a4c4ab517c2900e.jpg,-1.8732551500045675,0.2490432522203769
sports/roller skating/0e9d7928364dce7e.jpg,-1.8072768630741245,0.076980268049241
sports/roller skating/134e7aae3e2561c9.jpg,-1.9577757928193291,0.2500127693967136
sports/roller skating/16f51edf6ef907f5.jpg,-2.045340070181413,0.2511240810238075
sports/roller skating/1a17241c6f0e6642.jpg,-1.8796707157445276,0.0937436007975427
sports/roller skating/1b9c7e12abbe940e.jpg,-1.8868949352318292,0.0552365326770576
sports/roller skating/1c9f9e769b02d785.jpg,-1.7641072755511316,0.233184977039349
sports/roller skating/208fcde7b90bcbf8.jpg,-1.88200886207699,0.1564580873671783
sports/roller skating/2611d2e7db140a46.jpg,-1.813167294406968,0.2145970790038586
sports/roller skating/2f8646054639f943.jpg,-2.058044533187222,0.3283721639606245
sports/roller skating/3e5f7dc48d210ad0.jpg,-1.9791289170399555,0.023444784867457
sports/roller skating/41af3efaefe26242.jpg,-2.04037987313239,0.1973856804518127
sports/roller skating/42cc26dd872160fb.jpg,-1.3925047930593282,0.3111613334018183
sports/roller skating/5354286f9d07f704.jpg,-1.2515630393473334,0.2236545839690698
sports/roller skating/53e19901290661c3.jpg,-1.6863915070561029,0.1319110235325325
sports/roller skating/54b1221080a3301e.jpg,-2.12544994768505,0.141965350354212
sports/roller skating/56c8e6f1b804c529.jpg,-1.7555932028124035,0.143048599844819
sports/roller skating/592bf7ae460cd22f.jpg,-1.9189793648658555,0.0854114373021935
sports/roller skating/5ba69198a3acd712.jpg,-1.8724229329287048,0.1276781213241472
sports/roller skating/5f050d7981eafb6a.jpg,-1.7581014248731055,0.0309361901505654
sports/roller skating/5fc131efa7988d86.jpg,-2.08957294565226,0.1569206063808615
sports/roller skating/681b9d18e064e882.jpg,-1.6249593424970885,0.2034007634798608
sports/roller skating/769faaf11d76c4b6.jpg,-1.775336236803715,0.0108812431777355
sports/roller skating/7aaf2ad4bd23d9a8.jpg,-1.936192425433121,0.1094653858815783
sports/roller skating/7aff58e036d03b98.jpg,-1.879728213049357,0.2378997866584958
sports/roller skating/8495ab3a5a40c791.jpg,-1.8998310631787447,0.0992614786196746
sports/roller skating/84e3ccf7d57f3b99.jpg,-1.7230819083768532,0.0919150562837627
sports/roller skating/89ba1a0400587736.jpg,-1.9020215016797528,0.2502361230965761
sports/roller skating/8b932b1337db7e2a.jpg,-1.8284125056653364,0.3169617301244357
sports/roller skating/93f7d390a622ecd5.jpg,-1.620681006552825,0.2256433833310984
sports/roller skating/95e59623c871c809.jpg,-1.1911548890834744,0.1811208122960194
sports/roller skating/9f0a2313d27cfdc4.jpg,-1.967154004981693,0.174224115697269
sports/roller skating/a35f36389c0cac44.jpg,-1.8023737409423808,-0.0908369026420905
sports/roller skating/a4dd58611e612080.jpg,-1.7776962197131567,0.0558362897548667
sports/roller skating/a70377d1fbaf2bc0.jpg,-1.976915528309382,0.3149957937317653
sports/roller skating/a77992ff3c343a75.jpg,-1.6980215504511331,0.2292660529911084
sports/roller skating/a8feca346e12cda2.jpg,-1.7793168973763998,0.2311225178981493
sports/roller skating/adc560d6428b46e8.jpg,-1.7436250828440012,0.0495023673043424
sports/roller skating/aeddefe970b1f7fc.jpg,-1.9203208890499823,0.2874184456561124
sports/roller skating/b040a3d19b807114.jpg,-1.4655114804870166,0.1438114779775703
sports/roller skating/b34d65c99982dfe3.jpg,-2.011747116042145,0.1252067272218405
sports/roller skating/b758d8693bf30491.jpg,-1.7578591096566285,0.2860707311781298
sports/roller skating/bac7289f09513b2f.jpg,-2.051785046544757,0.1675797646966084
sports/roller skating/bb49641de5d0abe8.jpg,-1.9133792951665516,0.0421807491871186
sports/roller skating/bdee38873a2c3482.jpg,-1.607961693291287,0.1746397490207199
sports/roller skating/c2b8e5978146d18e.jpg,-1.9883789415217243,0.1977535804116832
sports/roller skating/c76fd1f8905308f5.jpg,-1.7759317199740292,0.0740972064501476
sports/roller skating/c9e8efe103a3898a.jpg,-1.845737140460027,0.1479664259704993
sports/roller skating/cf17b05921c0ee47.jpg,-1.707499708959232,0.2150595976002994
sports/roller skating/d1b90f07c19a5085.jpg,-1.9526323287016785,0.1997998922496729
sports/roller skating/d6686aeee94c1def.jpg,-1.7003260953536667,0.1671784528571266
sports/roller skating/d8eb36feae233875.jpg,-1.695862627456879,0.0824996214224421
sports/roller skating/dd21bc27bb6eebb9.jpg,-1.8762378565961524,0.1326756378636436
sports/roller skating/dfd2423518569f4f.jpg,-1.81925178352532,0.2345093857899099
sports/roller skating/e749e52646ca0791.jpg,-1.8229440603063525,-0.0077991232709702
sports/roller skating/e7d7dbd2012df9fd.jpg,-1.8017364603761232,-0.0868132454572137
sports/roller skating/f26d220a7b9effda.jpg,-2.1100908200318758,0.2020218907287368
sports/roller skating/f296d771d7167afc.jpg,-1.4594411282201518,0.2324803451814384
sports/roller skating/f2b55d7fc564c01c.jpg,-1.837497705364104,-0.0047369247978013
sports/roller skating/f6fa7d596f62d9b6.jpg,-1.7074711293786489,0.213519138959602
sports/roller skating/feb2c1b891915ffa.jpg,-1.905362209965704,0.218024647667423
sports/roller skating/ff7008672523e06a.jpg,-1.8084493543104012,0.2925806103742047
sports/rowing/03fb5628ea9fc281.jpg,-1.8927104469373264,0.3478855385843475
sports/rowing/078b53d8a454894d.jpg,-1.5411561673458265,0.2817373936850609
sports/rowing/106416971fe2f7ee.jpg,-1.636088286218844,0.2187108886107634
sports/rowing/140ad20c487e1a55.jpg,-1.6870112074139862,0.0389966660541306
sports/rowing/16586c5c46b04e89.jpg,-1.794705022776632,0.22508712684047
sports/rowing/1a00488e3f3dcd42.jpg,-1.8896044940524688,0.3524809058377396
sports/rowing/23439e2bab87d9e2.jpg,-1.3929001306679387,0.2671307157086023
sports/rowing/2823c8ffca4688b0.jpg,-1.7836750909413202,0.3004096224331901
sports/rowing/2ac6857abf349315.jpg,-1.9035650928615535,0.2514971893255606
sports/rowing/3221f665b5c19b3c.jpg,-1.608840459886567,0.131936491279407
sports/rowing/332e01ea060bdb88.jpg,-1.101083930945078,0.2010502910788605
sports/rowing/3575fe8f13d43ff4.jpg,-1.7014394104511923,0.1013346351473228
sports/rowing/36963c8e1dee2486.jpg,-1.7406303912707384,0.1916165196603742
sports/rowing/36daf4b907485637.jpg,-1.4626092138500455,0.242316921301218
sports/rowing/422e5a2532b175c7.jpg,-1.75238361614446,0.2314894225271584
sports/rowing/42f90657f501a723.jpg,-1.6228915888280735,0.127187678128195
sports/rowing/45a0df80760bd709.jpg,-1.7819745690754487,0.273649037907593
sports/rowing/505c9999688d973f.jpg,-1.6855407571024048,0.2778029756832929
sports/rowing/520938b2c3a0bd8e.jpg,-1.5812882594865827,0.1722493395971925
sports/rowing/53821fa455b7f309.jpg,-1.75121148815913,0.1563875359427263
sports/rowing/5583e593fa709d42.jpg,-1.6363653443580062,0.2921268762390257
sports/rowing/567fba0ae8f5cad5.jpg,-1.6138910832940832,0.2474194370549723
sports/rowing/60937062cd8ce2a8.jpg,-1.7050916526550162,0.2209396424739493
sports/rowing/63386e0be460ef2d.jpg,-1.8445678293943928,0.1402080629994715
sports/rowing/63ba4d0deb2901e4.jpg,-1.761845978727988,0.2455818732524768
sports/rowing/63d666d93970eeb4.jpg,-1.6079953995697025,0.2239441339770123
sports/rowing/68b7b352e297f202.jpg,-1.498823273008771,0.166969987301791
sports/rowing/6f2f4197e6f566bd.jpg,-1.8693032283299864,0.2729797645814046
sports/rowing/71ae5670e0d4b66b.jpg,-1.5808611510229051,0.3039781354388096
sports/rowing/75aeedaabc305bdd.jpg,-1.860038998764689,0.1152081563296516
sports/rowing/7f3edee8f6a451b2.jpg,-1.6471693642966407,0.3216048027978564
sports/rowing/828dd4dc9a7a602e.jpg,-1.5791447368840936,0.12873999157185
sports/rowing/83a724973d2273e9.jpg,-1.7410893119703386,0.1606912647254945
sports/rowing/888013ce63acbff2.jpg,-1.6841795516572489,0.1791296776736497
sports/rowing/89aa1a02b9b02069.jpg,-0.9749494035702524,0.0420558082694004
sports/rowing/8aa6b2f1844fddbb.jpg,-1.026730846520709,0.3272320731172514
sports/rowing/8ea0e36018513b71.jpg,-1.889845612688384,0.1685333699533095
sports/rowing/90dba6de931ca930.jpg,-1.467254144078677,0.1245419237120682
sports/rowing/984d569ff3b4876a.jpg,-1.7536161908010264,0.3299759879179026
sports/rowing/9e65b70f0a3ebf49.jpg,-1.8621469925711909,0.1411702297417938
sports/rowing/9f1036550f042755.jpg,-1.6834765866592143,0.1326147524230591
sports/rowing/a01375cbf1a80101.jpg,-1.5748324598066807,0.2168071371893028
sports/rowing/a031d2fef6592365.jpg,-1.6117238760480774,0.2936708471894751
sports/rowing/a0b9c7987d388bf3.jpg,-1.7203298175212365,0.3624236775631893
sports/rowing/a6076d1eda69f0f1.jpg,-1.5324330256051757,0.2610767229307016
sports/rowing/a6c9c4affde9a6a2.jpg,-1.3615895047103486,0.2240589064873074
sports/rowing/a8d279d6988cfc0c.jpg,-1.683264453445623,0.211561237002101
sports/rowing/aad7de1f5cd52a81.jpg,-1.573251448942573,0.2115192700660552
sports/rowing/b5d4d36dc92c682e.jpg,-1.8536429651936404,0.2667074566770614
sports/rowing/ba8e21aa9eb654f2.jpg,-1.6208619560635849,0.3270423168424405
sports/rowing/bc5273bef280b939.jpg,-1.6100111667506396,-0.1013722370956686
sports/rowing/c1eeb414a921c7be.jpg,-1.894427240031796,0.2973998231480032
sports/rowing/c3b98b917b36a8a1.jpg,-1.6584704355581965,0.215934043997285
sports/rowing/c6789c5bd0d392a6.jpg,-1.7943888646609305,0.2452954978504952
sports/rowing/c6c86a2edd04f726.jpg,-1.4840355842930306,0.2826809994595626
sports/rowing/c94d77cbfa784521.jpg,-2.0808993181654,0.1875803651793751
sports/rowing/cc4c4cdc33cc4b40.jpg,-1.6473063860384511,0.2569121875691219
sports/rowing/e05959944abb7053.jpg,-1.8182891688822704,0.2263636768558598
sports/rowing/e07e9a02ea5b836c.jpg,-1.6903020322930922,0.3210937368500782
sports/rowing/ebda4cc826b4f92f.jpg,-1.718244589752725,0.1066615125000929
sports/rowing/ec54c40892d901ad.jpg,-1.619447643081678,0.2856466054147281
sports/rowing/n00445351_11520.jpg,-0.9387734813080116,0.2780013819649667
sports/rowing/n00445351_12076.jpg,-0.8374683276631854,0.3407453020338461
sports/rowing/n00445351_12160.jpg,-1.0091956336778722,0.1828382270753622
sports/rowing/n00445351_12278.jpg,-1.1253958521557916,-0.0162568180044968
sports/rowing/n00445351_12353.jpg,-1.460717834425192,0.2037513653312575
sports/rowing/n00445351_12357.jpg,-0.8788166544495516,0.3508291797898256
sports/rowing/n00445351_12544.jpg,-1.1903866423204843,0.146451355661882
sports/rowing/n00445351_13068.jpg,-1.298175024847494,0.1805884276226216
sports/rowing/n00445351_13510.jpg,-1.3529098783198124,0.1366090390763684
sports/rowing/n00445351_13626.jpg,-1.3871476130283913,0.2248306530844408
sports/rowing/n00445351_13743.jpg,-0.8165606582684253,0.2532132268385603
sports/rowing/n00445351_29045.jpg,-1.032659765728427,0.2354478388566407
sports/rowing/n00445351_4303.jpg,-1.0712354905292376,-0.0225404504768811
sports/rowing/n00445351_4499.jpg,-1.448484029332235,0.1349412187023243
sports/rowing/n00445351_4658.jpg,-0.707059086388537,0.3181106065574313
sports/rowing/n00445351_4688.jpg,-1.286025517942046,0.2231730094180917
sports/rowing/n00445351_4948.jpg,-1.2761568491543172,0.1769159873512259
sports/rowing/n00445351_4989.jpg,-1.1401020264704047,0.2819597876849785
sports/rowing/n00445351_5398.jpg,-1.078955679396877,0.2894769224944151
sports/rowing/n00445351_5585.jpg,-1.4244464991790144,0.2541525188459649
sports/rowing/n00445351_5635.jpg,-1.3096634046136442,0.2709874047828534
sports/rowing/n00445351_5640.jpg,-0.939013468424595,0.2518215401687936
sports/rowing/n00445351_5646.jpg,-1.5167742658795316,0.3221263822712208
sports/rowing/n00445351_5647.jpg,-0.849593506797902,0.3480719090765042
sports/rowing/n00445351_6131.jpg,-1.2918842161509094,0.1008715091038683
sports/rowing/n00445351_6286.jpg,-1.4855124022901878,0.08313200205251
sports/rowing/n00445351_6771.jpg,-1.4027767084673977,0.1722624457845899
sports/rowing/n00445351_7035.jpg,-0.8421484938172147,0.379164713032908
sports/rowing/n00445351_7278.jpg,-1.08101834722846,0.1944586918486207
sports/rowing/n00445351_7300.jpg,-1.4777147266854262,0.154766010746442
sports/rowing/n00445351_7762.jpg,-1.4376886757108551,0.1305092710434084
sports/rowing/n00445351_7834.jpg,-1.0939254761165411,0.326521737629896
sports/rowing/n00445351_8035.jpg,-0.9339663362878364,0.197466253112577
sports/rowing/n00445351_8103.jpg,-1.4121078717109583,0.0316845361443973
sports/rowing/n00445351_8391.jpg,-1.210752521653704,0.0385748727564961
sports/rowing/n00445351_8468.jpg,-1.2143520908189622,0.3201492472633667
sports/rowing/n00445351_8627.jpg,-0.9884178153846034,0.3384452014711638
sports/rowing/n00445351_8665.jpg,-1.5482192166060265,0.1676611676611676
sports/rowing/n00445351_9432.jpg,-1.1104873663970636,0.1306726834258988
sports/rugby/000000057185.jpg,-1.1779331406710725,0.2168822806298659
sports/rugby/000000161333.jpg,-1.4359703150333716,0.0028296915216179
sports/rugby/000000186109.jpg,-1.3236041185876135,0.1551642801642801
sports/rugby/000000211283.jpg,-1.4149359227589056,0.0770817280104926
sports/rugby/000000246980.jpg,-1.233709032905,0.2629672825486465
sports/rugby/000000388422.jpg,-1.4227150292785056,0.2221732866068113
sports/rugby/000000405762.jpg,-1.3897348938916785,0.2734621093730864
sports/rugby/00156ac2ee0c3d58.jpg,-1.7065701030969576,0.3028439389811077
sports/rugby/0c986f4c7d7610b3.jpg,-1.9482954280117613,0.1386855624906635
sports/rugby/1c5cc0ce410f529c.jpg,-1.809762046099738,0.2670584305973046
sports/rugby/22ac236b8a16cf5b.jpg,-1.8946362774285217,0.0998536004466264
sports/rugby/22dd1e06fc2e28a1.jpg,-1.7298179106222429,0.0821149967654781
sports/rugby/273ec8863a86711c.jpg,-1.912483581845677,0.0333391720674957
sports/rugby/2d247c6c85e9db4f.jpg,-1.8854477915092664,0.1502992048528567
sports/rugby/2d7a6c57f56faf45.jpg,-1.6304978023574617,0.2607799941353824
sports/rugby/2d8e0ed06405b1d9.jpg,-1.8612497611440544,0.3163983792530278
sports/rugby/34699137ab6d2134.jpg,-1.9423350879093892,0.2010730362274305
sports/rugby/37fc6aef44db3fe0.jpg,-1.6796921878919508,0.200166933296237
sports/rugby/49bf04a42c9d83c1.jpg,-1.5880495510470864,0.2359235161103073
sports/rugby/517e9176710959b7.jpg,-1.8852710615210413,0.2276018578616178
sports/rugby/57251d1cf556fa5e.jpg,-1.842403152984078,0.1311048026015335
sports/rugby/5b3d8eacb52b1468.jpg,-1.7163825267361523,0.1581095646157121
sports/rugby/61052fcae53fe1d1.jpg,-1.3580968418011865,0.3756109249107248
sports/rugby/6b7c09cc768e8537.jpg,-1.8345825410432728,0.1294037729989907
sports/rugby/6e311950f4d486d3.jpg,-1.8917992880223584,0.3002899819182087
sports/rugby/705a34e58044ec9f.jpg,-1.9542828286324696,0.2078979843685726
sports/rugby/7304355d2a3f76b0.jpg,-1.8968050408882648,0.218386632617347
sports/rugby/746d8cccf68176e7.jpg,-1.8534740406811456,0.2052476724705568
sports/rugby/75b729e50df80c11.jpg,-1.5619306228092136,0.2533505359269551
sports/rugby/76d71199ef93778b.jpg,-1.8898009720691704,0.1510916691400626
sports/rugby/7e9320f10a4f1d60.jpg,-1.9990894936027472,0.0807417999350837
sports/rugby/8033714176cfff11.jpg,-1.8466861852386065,0.169521587486757
sports/rugby/85d247d5578830b5.jpg,-1.8788123702689823,0.2250650145326602
sports/rugby/87733c5baa723da3.jpg,-1.9108717969381253,0.3223772879440025
sports/rugby/a23d9e33c472f76b.jpg,-1.9840177074858785,0.235492109145457
sports/rugby/a88dd69d1b786a6f.jpg,-1.474256945671612,0.2757235880692171
sports/rugby/ab559258b93a2f38.jpg,-1.7947810890521536,0.1918016263573881
sports/rugby/ac7c8233108052d9.jpg,-1.843781590350729,0.1333421087271291
sports/rugby/b4c10d58d358c504.jpg,-1.976942659788369,0.1212529133963387
sports/rugby/bcab6deacb415a75.jpg,-1.896667473324012,0.1143843407994351
sports/rugby/c0d4ba4d5b69f7a4.jpg,-1.9341066379839176,0.0963464443574106
sports/rugby/d3c4f50f3dbb1143.jpg,-1.8051249484065732,0.2502006554004017
sports/rugby/ea7bb8c2db2718fb.jpg,-1.9419717541509116,0.2422054146016717
sports/rugby/f8e3c139a7cf9807.jpg,-1.8386882345546944,0.0840017173448025
sports/rugby/f96e52bef139ae52.jpg,-1.9224793473676176,0.0862762237762237
sports/rugby/n00470966_1279.jpg,-1.8618237377392437,0.1077845989964399
sports/rugby/n00470966_14286.jpg,-1.943279524523306,0.0852707442321637
sports/rugby/n00470966_18523.jpg,-1.0308128972851096,0.1891682042826422
sports/rugby/n00470966_18537.jpg,-1.199080231580588,0.0726160689463441
sports/rugby/n00470966_18565.jpg,-1.119915422080246,0.2299192429773727
sports/rugby/n00470966_18989.jpg,-1.194213405165307,0.0810980537496589
sports/rugby/n00470966_19147.jpg,-1.0000852511970335,0.3396055499911624
sports/rugby/n00470966_19202.jpg,-1.35188072062944,-0.0034482621316312
sports/rugby/n00470966_19377.jpg,-1.1641090411311468,0.1881395183968617
sports/rugby/n00470966_19837.jpg,-1.41113303618035,0.2050284439486893
sports/rugby/n00470966_20042.jpg,-1.410465613054508,0.1022489326407962
sports/rugby/n00470966_20471.jpg,-1.42471922701903,0.0955619333624769
sports/rugby/n00470966_20798.jpg,-1.0076760012308008,0.196383209582367
sports/rugby/n00470966_20874.jpg,-1.545372258548027,0.2222514189615303
sports/rugby/n00470966_22022.jpg,-1.308237173035967,0.2299533972379886
sports/rugby/n00470966_23286.jpg,-1.3302575664369984,0.1106618980977556
sports/rugby/n00470966_23296.jpg,-1.0273793581296626,0.1665953184129865
sports/rugby/n00470966_24329.jpg,-1.7204852829554538,0.2292541581641107
sports/rugby/n00470966_24571.jpg,-0.7626211389353392,0.1144542794072177
sports/rugby/n00470966_24980.jpg,-0.7949894924092292,0.1514728777091679
sports/rugby/n00470966_25103.jpg,-1.1283851340089357,0.1946664099354963
sports/rugby/n00470966_25827.jpg,-1.2143814031096445,0.1237607546387477
sports/rugby/n00470966_25838.jpg,-1.236400879971019,0.1616569684250691
sports/rugby/n00470966_25966.jpg,-1.479297292198006,0.101170664524274
sports/rugby/n00470966_26356.jpg,-1.184991769639132,0.1306026879128679
sports/rugby/n00470966_27438.jpg,-1.2261626794398934,0.2012182153055267
sports/rugby/n00470966_27487.jpg,-1.2655857930773025,0.1102686402087599
sports/rugby/n00470966_4644.jpg,-1.9589780597476127,0.1143414928785991
sports/skateboarding/000000027482.jpg,-1.542399968462277,0.2694950580495986
sports/skateboarding/000000034412.jpg,-0.7375394021421019,0.2090274820807608
sports/skateboarding/000000088335.jpg,-1.2067684807602403,0.116800778735899
sports/skateboarding/000000109766.jpg,-0.9124607751134074,0.2347119282789863
sports/skateboarding/000000121951.jpg,-1.0348610334501365,0.1985496616338448
sports/skateboarding/000000127514.jpg,-1.2271744845411516,0.2709140229484891
sports/skateboarding/000000127550.jpg,-0.9077491161106052,0.1598738865676639
sports/skateboarding/000000140416.jpg,-1.0422107456887304,0.1150958894139542
sports/skateboarding/000000143234.jpg,-1.2131989241636585,0.3858712493237884
sports/skateboarding/000000143666.jpg,-1.2147828318009342,0.2821239334710015
sports/skateboarding/000000149726.jpg,-1.5640355535392136,0.0716593134006172
sports/skateboarding/000000156500.jpg,-1.4765168952185037,0.2715172333034077
sports/skateboarding/000000160337.jpg,-1.3704256432983637,0.3315564798118728
sports/skateboarding/000000172408.jpg,-0.937813493234665,0.1197672160732846
sports/skateboarding/000000209778.jpg,-1.5423203552031672,0.1665312778299275
sports/skateboarding/000000209971.jpg,-0.9589533683351316,0.3631903485254691
sports/skateboarding/000000215151.jpg,-1.7798964318935278,0.1026682732754737
sports/skateboarding/000000241882.jpg,-0.8881905388874086,0.2713890513247267
sports/skateboarding/000000247397.jpg,-1.1658494101998962,0.1329892323019683
sports/skateboarding/000000254638.jpg,-0.6896291731674724,0.1908315153800986
sports/skateboarding/000000262119.jpg,-1.0135307457958749,0.200154570430865
sports/skateboarding/000000273814.jpg,-0.7917711385796811,0.2743882379058466
sports/skateboarding/000000304694.jpg,-1.0273298555082175,0.0786043546941829
sports/skateboarding/000000362005.jpg,-1.3024625989378644,0.2854533047982383
sports/skateboarding/000000369295.jpg,-1.1251901697355804,0.0278117263639497
sports/skateboarding/000000374270.jpg,-1.83113633744768,0.1334218871703571
sports/skateboarding/000000376185.jpg,-0.9245092201391432,0.1401434386509013
sports/skateboarding/000000379272.jpg,-1.0899633865920824,0.2537002601043894
sports/skateboarding/000000381509.jpg,-1.242624987633846,0.1891378460819859
sports/skateboarding/000000382041.jpg,-1.783547481051155,0.1302374892383577
sports/skateboarding/000000392148.jpg,-1.2157303367827288,0.2458697040664254
sports/skateboarding/000000407067.jpg,-1.075793789280842,0.1790977620567204
sports/skateboarding/000000446108.jpg,-0.7564590570821461,0.2074390877489917
sports/skateboarding/000000479957.jpg,-1.6410800069392124,0.1406016287186305
sports/skateboarding/000000493845.jpg,-1.0648869325229762,0.1685806415115686
sports/skateboarding/000000495523.jpg,-1.4774863438434334,0.3520924908024783
sports/skateboarding/000000506710.jpg,-1.144874687692405,0.1707106718889908
sports/skateboarding/000000514083.jpg,-0.7902437978057626,0.2378483043313885
sports/skateboarding/000000518761.jpg,-0.6897864724606722,0.2270915825231545
sports/skateboarding/000000528276.jpg,-0.8956886049323922,0.2862038079429384
sports/skateboarding/000000540027.jpg,-1.082837015661395,0.1734619502818736
sports/skateboarding/000000553609.jpg,-1.3571397447615503,0.2042119004424991
sports/skateboarding/000000576322.jpg,-1.1286542702879665,0.1726180450283532
sports/skateboarding/000000581667.jpg,-1.475390549742258,0.0820737703854587
sports/skateboarding/060871e66b31ee84.jpg,-1.7721633604407652,0.2896162528216704
sports/skateboarding/0af7495ce8c2f098.jpg,-1.2273586245632986,0.3394757774847998
sports/skateboarding/1a763572bc101798.jpg,-1.82012135522362,0.2994859596016314
sports/skateboarding/1c5af1d984d53333.jpg,-1.5329850491683767,0.0960516270292851
sports/skateboarding/21127e0539efd8b3.jpg,-1.831025212382104,0.2429196310935441
sports/skateboarding/256f1eeaf5cb433c.jpg,-1.9404776323057675,0.3052881067709881
sports/skateboarding/2f823f61672c9629.jpg,-1.6837639941935123,0.2510411820110984
sports/skateboarding/2fdb25f2d29f9efa.jpg,-1.6472438963422082,0.1644698440278551
sports/skateboarding/3542231e42dc54cf.jpg,-1.5976474872566024,0.2446019960281822
sports/skateboarding/426f6b665d06fbaf.jpg,-1.8721970789744435,0.3166412748786791
sports/skateboarding/436dc60472022f84.jpg,-1.9513980540485083,0.210582614767095
sports/skateboarding/44a9991210c2e2e0.jpg,-1.7972238832586496,0.2702878413909362
sports/skateboarding/4fa04a0d40bc46df.jpg,-1.7459643592914926,0.137998805069023
sports/skateboarding/50879bd476ef5eb4.jpg,-1.716080556780578,0.1548520923520923
sports/skateboarding/52a99c70ee4a0746.jpg,-2.007240578108557,0.2004764601595587
sports/skateboarding/5fdee4a3f5e3bb28.jpg,-1.754601559629351,0.0886227711867951
sports/skateboarding/65fcca1ed7a8a54f.jpg,-1.5607944005917624,0.212713402179386
sports/skateboarding/67fc00cbfdf7252d.jpg,-1.7913793022875082,0.1687913942206285
sports/skateboarding/6c27f89d9081572e.jpg,-2.003004850590427,0.0824130824130824
sports/skateboarding/6f8f4097a2f50e91.jpg,-1.7525192823390454,0.1456879419512871
sports/skateboarding/70878bd6dcf73fc4.jpg,-1.8011461731595466,0.3680887898355339
sports/skateboarding/7c718f850fba4d2f.jpg,-1.9874670730322,0.2038751057859338
sports/skateboarding/92c4c71c141773b1.jpg,-1.7515997923937912,0.2051616857420756
sports/skateboarding/93c9ebd009f6412e.jpg,-1.7790384354695252,0.169802302269076
sports/skateboarding/94c53be316c9a02e.jpg,-1.6338095597643478,0.2512926902808591
sports/skateboarding/963f9636a96553de.jpg,-1.6776965118174385,0.2887046148006482
sports/skateboarding/a0c5e577c169edb2.jpg,-1.870278460031095,0.3082107654040575
sports/skateboarding/a12da810b2390985.jpg,-1.8454077070684964,0.2378129117259552
sports/skateboarding/a90def9b4dddf21b.jpg,-1.825294445692581,0.3058314935154231
sports/skateboarding/a95dc5629f599ea4.jpg,-1.81802938432424,0.3179001973712235
sports/skateboarding/af3a6f8922f38a81.jpg,-1.8055856671397024,0.2200997100269624
sports/skateboarding/c39d4dd92ff65266.jpg,-1.7206459618175196,0.249179657279041
sports/skateboarding/ca2ccf69c8636379.jpg,-1.6595219436514352,0.278407563949085
sports/skateboarding/cc16b9ccba01f7ff.jpg,-1.7692288754145284,0.2418617537054993
sports/skateboarding/cc905bfd9f19bedb.jpg,-1.6675905563684084,0.2571199835128686
sports/skateboarding/d7e97fa9559f44c9.jpg,-1.43404522931262,0.2248067721751932
sports/skateboarding/ddba33eeca39c042.jpg,-1.7435514160830965,0.2480477541833839
sports/skateboarding/e0805595ca05c4ac.jpg,-1.773483021169853,0.1484398907413494
sports/skateboarding/e6293178deb32c89.jpg,-2.200465213570295,0.1584896869343942
sports/skateboarding/ed2fcee42f94162d.jpg,-1.7741116944256252,0.2925022635766437
sports/skateboarding/f4333d13560136a2.jpg,-1.9258167878478252,0.2496183635052492
sports/skiing/000000002890.jpg,-0.8583595412329207,0.1382133859779262
sports/skiing/000000027798.jpg,-1.174793571798817,0.4248898927159796
sports/skiing/000000046038.jpg,-0.9718647776600108,0.3078350522049359
sports/skiing/000000048656.jpg,-0.8964936219597572,0.1668382870268986
sports/skiing/000000050159.jpg,-1.2334965386346286,0.2352875484099982
sports/skiing/000000053875.jpg,-1.0027014737705429,0.3282288882380209
sports/skiing/000000070652.jpg,-0.69563324709752,0.3474075772149446
sports/skiing/000000085706.jpg,-0.708278380866694,0.2777695266667657
sports/skiing/000000096702.jpg,-0.897120187690097,0.2380154015947222
sports/skiing/000000101979.jpg,-1.1133285157712998,0.3798432788969066
sports/skiing/000000115319.jpg,-1.0109464598289786,0.3016456021043177
sports/skiing/000000117849.jpg,-1.1947111389716982,0.3251314343860373
sports/skiing/000000132710.jpg,-1.2096124081272208,0.4168349991900982
sports/skiing/000000160624.jpg,-0.950239390112335,0.3149493843889105
sports/skiing/000000166376.jpg,-1.3916190953209413,0.1917028888476883
sports/skiing/000000195394.jpg,-1.0183404653374446,0.331853943158291
sports/skiing/000000196212.jpg,-1.2878356794587411,0.3928149670872787
sports/skiing/000000201628.jpg,-0.8535210871957365,0.3114262189090466
sports/skiing/000000227683.jpg,-1.0660954686701016,0.3846624098226891
sports/skiing/000000240817.jpg,-1.149767505972944,0.129770006824176
sports/skiing/000000251103.jpg,-1.1769114018448286,0.1916912243429394
sports/skiing/000000261256.jpg,-1.4036388108116011,0.3961977538395058
sports/skiing/000000262688.jpg,-1.2205313990989564,0.379753041788583
sports/skiing/000000265796.jpg,-1.0962288671187264,0.3261860503350454
sports/skiing/000000267556.jpg,-1.2613220784458894,0.3630125286852679
sports/skiing/000000277575.jpg,-1.2493822432729884,0.3481187658276913
sports/skiing/000000279749.jpg,-1.2955535364363144,0.1233215361048016
sports/skiing/000000283750.jpg,-1.2295110461142047,0.3535182476757413
sports/skiing/000000291373.jpg,-1.0691264262750515,0.3282748913969448
sports/skiing/000000292618.jpg,-1.2191581964457257,0.3794269184026292
sports/skiing/000000295476.jpg,-0.8831975888337289,0.2310358189568132
sports/skiing/000000296403.jpg,-1.4999652286359872,0.274425817886419
sports/skiing/000000304924.jpg,-1.1272882911560538,0.4047176761729646
sports/skiing/000000318570.jpg,-1.0466193798926708,0.3814770247933884
sports/skiing/000000369333.jpg,-0.8300736792583963,0.293871481297575
sports/skiing/000000369952.jpg,-1.0459130313387492,0.3662538220842108
sports/skiing/000000377119.jpg,-0.6293028819306842,0.3050130376196422
sports/skiing/000000388893.jpg,-1.1780093742815088,0.3289978145702159
sports/skiing/000000389738.jpg,-0.7747797488196876,0.3300620245927148
sports/skiing/000000400290.jpg,-0.7390555940545238,0.1364498459280349
sports/skiing/000000413852.jpg,-0.779899432575539,0.3435860665461083
sports/skiing/000000418091.jpg,-1.3965622512055955,0.291104078490239
sports/skiing/000000418143.jpg,-1.2138335354919387,0.3717109884053898
sports/skiing/000000421908.jpg,-1.118594128096058,0.3578998974006479
sports/skiing/000000434333.jpg,-0.8456590000507735,0.2570154429774041
sports/skiing/000000436203.jpg,-0.776481865833133,0.2606027569232803
sports/skiing/000000437701.jpg,-1.0490314934100349,0.3755786727679001
sports/skiing/000000455302.jpg,-0.7712187528087563,0.2742825184254477
sports/skiing/000000455959.jpg,-1.1910796400514438,0.3513387927861612
sports/skiing/000000457530.jpg,-1.2472863113830612,0.3715064483219477
sports/skiing/000000472191.jpg,-0.8554726151188818,0.3533565069136867
sports/skiing/000000475685.jpg,-1.425443868446351,0.3813423978384642
sports/skiing/000000477172.jpg,-1.3836523207358131,0.3795658661561418
sports/skiing/000000485201.jpg,-1.0448724173592985,0.2840371096552054
sports/skiing/000000492261.jpg,-1.0068930005154215,0.2740788394232528
sports/skiing/000000497199.jpg,-1.0347583740535111,0.3496533529664396
sports/skiing/000000505128.jpg,-1.015375182622145,0.3529869561541789
sports/skiing/000000508119.jpg,-0.8115548571418538,0.2638615026928397
sports/skiing/000000512537.jpg,-1.2560627522686507,0.2518120665380403
sports/skiing/000000571245.jpg,-0.9173551485735084,0.2773178129354865
sports/skiing/000000573841.jpg,-1.1470489284029597,0.2115191395201617
sports/skiing/000000576001.jpg,-0.9847210302679744,0.136143102180838
sports/skiing/000000576237.jpg,-0.7850357793787089,0.3305967632273503
sports/skiing/000000577073.jpg,-1.0631809047925542,0.3236183449287054
sports/skiing/16a6efc582ed6144.jpg,-1.5127510512053972,0.1640425188420328
sports/skiing/313e3ff66d04b28a.jpg,-1.6634174344007877,0.1685179156213494
sports/skiing/5fe2bb05a90424f4.jpg,-1.5906044468829672,0.2462904980258057
sports/skiing/7f3847662c324790.jpg,-1.6563064904707068,0.2705059432379422
sports/skiing/c6337c21f8473269.jpg,-1.6536484002515082,0.1980584895292752
sports/skiing/c792c04f4ba33ad1.jpg,-1.7502268721637484,0.0958230958230958
sports/skiing/d0307baccf40093d.jpg,-1.5013702460101692,0.2724172626655427
sports/skiing/dda166bd5f1b2fd4.jpg,-1.4362129139625617,0.1324173995062002
sports/skiing/e43d458f128020a7.jpg,-1.470071143039512,0.2179688521042719
sports/skiing/eb43627156cae2d8.jpg,-1.8391140220352291,0.201250940294765
sports/skiing/ed85448ac53d7e98.jpg,-1.8226034954785817,0.2947272336769758
sports/skiing/n00440941_10100.jpg,-0.740052872345694,0.2858427439607265
sports/skiing/n00440941_10387.jpg,-1.3865369185111975,0.2576945786953004
sports/skiing/n00440941_10444.jpg,-0.8445528533465113,0.2317626723253559
sports/skiing/n00440941_10802.jpg,-1.436614852289552,0.2868913329828003
sports/skiing/n00440941_11436.jpg,-1.0307681072708297,0.2483957101509613
sports/skiing/n00440941_11528.jpg,-1.220051102330859,0.3693845210865438
sports/skiing/n00440941_11599.jpg,-0.92864460021163,0.1992461122895905
sports/skiing/n00440941_12149.jpg,-0.6390584886581723,0.250875963559916
sports/skiing/n00440941_3268.jpg,-1.0178842763578186,0.2373439402421789
sports/skiing/n00440941_3878.jpg,-0.922386647030394,0.3724426359217813
sports/skiing/n00440941_4072.jpg,-0.8631335493935745,0.2758795330114127
sports/skiing/n00440941_4098.jpg,-0.5793434898256336,0.3305781577900346
sports/skiing/n00440941_4533.jpg,-1.2222600483473414,0.268000135475786
sports/skiing/n00440941_4542.jpg,-0.8373658712591281,0.2276480029560177
sports/skiing/n00440941_6794.jpg,-1.380078619184577,0.1155676034520911
sports/skiing/n00440941_6936.jpg,-1.249909408188426,0.2982552621541791
sports/skiing/n00440941_7716.jpg,-0.9661192910277006,0.1160850420209068
sports/skiing/n00440941_7814.jpg,-0.6177815032857037,0.259947288782172
sports/skiing/n00440941_8075.jpg,-1.01265331636845,0.2818352965688645
sports/skiing/n00440941_8171.jpg,-1.3991443588816053,0.2126649340263895
sports/skiing/n00440941_8621.jpg,-0.905697217315306,0.1447310564491396
sports/skiing/n00440941_9647.jpg,-1.276100140786179,0.4099861058010612
sports/skiing/n00440941_9822.jpg,-1.0591422165782445,0.3749798423031547
sports/skiing/n00440941_9933.jpg,-1.1734125749087203,0.2527389247026614
sports/skiing/n00440941_9976.jpg,-0.916496624793,0.2067235720196751
sports/snowboarding/000000006920.jpg,-0.990047422555772,0.2475240694640232
sports/snowboarding/000000034428.jpg,-1.3760733132628549,0.3247187211628294
sports/snowboarding/000000035663.jpg,-0.8337711262538569,0.3571563533301843
sports/snowboarding/000000038350.jpg,-1.2098590236752993,0.3383517711885166
sports/snowboarding/000000039191.jpg,-1.3148405446198017,0.3968704580617938
sports/snowboarding/000000039958.jpg,-1.244708593928899,0.3346866833133333
sports/snowboarding/000000082039.jpg,-1.1138641300125691,0.2059360895795081
sports/snowboarding/000000093075.jpg,-1.339418741199178,0.2498668592871003
sports/snowboarding/000000109872.jpg,-1.1806089980904844,0.4150489601514659
sports/snowboarding/000000124224.jpg,-0.7152400875503061,0.2595707217438769
sports/snowboarding/000000126319.jpg,-0.8247850127040607,0.32521981715714
sports/snowboarding/000000134098.jpg,-1.3846531740729058,0.2816777922233998
sports/snowboarding/000000150943.jpg,-1.154490642365526,0.3922894814824463
sports/snowboarding/000000173375.jpg,-0.5453937170251205,0.3229188608376862
sports/snowboarding/000000182167.jpg,-1.0045657849185785,0.1946023876600784
sports/snowboarding/000000200959.jpg,-1.11404076275769,0.3405347854536582
sports/snowboarding/000000208342.jpg,-0.9959820381788894,0.3481948132662863
sports/snowboarding/000000210810.jpg,-0.9371110984728768,0.1312066713273857
sports/snowboarding/000000215334.jpg,-1.452121007460441,0.2547663976235405
sports/snowboarding/000000220382.jpg,-0.9079204871382908,0.2219362699743497
sports/snowboarding/000000226617.jpg,-1.108462119780412,0.4127667889788739
sports/snowboarding/000000227855.jpg,-1.1612950822386208,0.251948051948052
sports/snowboarding/000000228166.jpg,-0.9572688599675948,0.3225164621725331
sports/snowboarding/000000234673.jpg,-1.6222670842305231,0.3678152231424592
sports/snowboarding/000000240379.jpg,-1.1041528421261813,0.2565944007110208
sports/snowboarding/000000241823.jpg,-0.9600323689887386,0.3808419119423905
sports/snowboarding/000000263275.jpg,-0.9190605585705508,0.1075391941783937
sports/snowboarding/000000283107.jpg,-1.0986235129788045,0.3504295704295705
sports/snowboarding/000000292009.jpg,-1.090558665866198,0.4477845938928284
sports/snowboarding/000000302582.jpg,-1.249324640067307,0.399627255527631
sports/snowboarding/000000319095.jpg,-0.9964609979052962,0.2856660728876438
sports/snowboarding/000000330719.jpg,-1.1438546285152529,0.4128149875779546
sports/snowboarding/000000342220.jpg,-0.8788064002909546,0.3099276934886233
sports/snowboarding/000000354741.jpg,-0.8097984226256022,0.3762923028878552
sports/snowboarding/000000365557.jpg,-1.1388044667638977,0.3776719072574241
sports/snowboarding/000000366379.jpg,-0.9471589356002568,0.3674657244552027
sports/snowboarding/000000385881.jpg,-1.1302334325390442,0.2608389682709665
sports/snowboarding/000000393333.jpg,-0.87305232814991,0.3469788094173003
sports/snowboarding/000000400686.jpg,-0.8617836799368971,0.2717108977978543
sports/snowboarding/000000404471.jpg,-1.5748909599074967,0.2527707930367505
sports/snowboarding/000000408049.jpg,-0.8757325027319173,0.306092424319653
sports/snowboarding/000000420552.jpg,-0.9457443355699368,0.3085144414818346
sports/snowboarding/000000421535.jpg,-1.2416929378178472,0.3152649767588571
sports/snowboarding/000000422560.jpg,-0.9443655964939772,0.2308368154884867
sports/snowboarding/000000437440.jpg,-1.1523767828016231,0.4336146870839809
sports/snowboarding/000000446358.jpg,-1.497327066005503,-0.1203632598259008
sports/snowboarding/000000455108.jpg,-0.6994909153863025,0.3312206142026466
sports/snowboarding/000000465765.jpg,-1.362791828464356,0.3375511851588266
sports/snowboarding/000000479149.jpg,-1.3442259448632012,0.3664465101386679
sports/snowboarding/000000486070.jpg,-0.6104167821577275,0.430493098910829
sports/snowboarding/000000490523.jpg,-1.2767878074574652,0.3448615975660956
sports/snowboarding/000000491168.jpg,-1.0873813259473537,0.3612442797995205
sports/snowboarding/000000493004.jpg,-0.8265474644809805,0.3294593402959574
sports/snowboarding/000000495336.jpg,-1.204930501995544,0.3382457049123716
sports/snowboarding/000000510061.jpg,-0.8357589686659338,0.3167562885705005
sports/snowboarding/000000522054.jpg,-1.0340504115641251,0.4024666390305969
sports/snowboarding/000000531696.jpg,-1.197021535932864,-0.0176457029682684
sports/snowboarding/000000541474.jpg,-0.8591741466154474,0.3939184120939357
sports/snowboarding/000000557732.jpg,-0.7842346181506187,0.269009184212597
sports/snowboarding/000000564289.jpg,-0.6909589909967073,0.278438141232754
sports/soccer/000000003375.jpg,-0.9945684290991986,0.3084408736169968
sports/soccer/000000003488.jpg,-0.8517316353472824,0.4097646936871564
sports/soccer/000000010837.jpg,-1.2237028791365747,0.3037432006171935
sports/soccer/000000016465.jpg,-1.0632450065969594,0.2237200274861062
sports/soccer/000000024239.jpg,-1.13296866312582,0.1961214245876823
sports/soccer/000000025358.jpg,-1.046858735509479,0.1847021058793028
sports/soccer/000000027486.jpg,-1.2745619186194037,0.1185370963976838
sports/soccer/000000041231.jpg,-0.7419422605870438,0.289578788533894
sports/soccer/000000047953.jpg,-1.4566484551323,0.1856589639410868
sports/soccer/000000047981.jpg,-1.081631442047237,0.2435073197691605
sports/soccer/000000056452.jpg,-1.4610368282869124,0.1794855928327369
sports/soccer/000000056848.jpg,-1.1267640868064597,0.1663799022999459
sports/soccer/000000060904.jpg,-1.2111428126277255,0.2218775253548699
sports/soccer/000000063791.jpg,-0.9374372666412584,0.2885897426217998
sports/soccer/000000067084.jpg,-1.0094042505594194,0.2410576905787552
sports/soccer/000000068408.jpg,-1.285726912896224,0.3057147119788971
sports/soccer/000000070812.jpg,-1.1758578287345929,0.1693950450335519
sports/soccer/000000089027.jpg,-0.9006669025833955,0.2200566043924633
sports/soccer/000000095321.jpg,-0.6056734363254883,0.2894627875107216
sports/soccer/000000096250.jpg,-1.2947866856913732,0.2036055722480196
sports/soccer/000000105200.jpg,-0.6353737177437001,0.3200855020673913
sports/soccer/000000111224.jpg,-1.0792988669783037,0.3263663779895818
sports/soccer/000000115854.jpg,-1.464709972628705,0.0345533555058483
sports/soccer/000000123366.jpg,-1.3281199213408683,0.2568391971409329
sports/soccer/000000129722.jpg,-1.1758817229099914,0.1442300482714577
sports/soccer/000000135483.jpg,-1.0921972098821668,0.2415547728091002
sports/soccer/000000144694.jpg,-1.4113250863059656,0.2214415505754089
sports/soccer/000000152844.jpg,-0.996363282074408,0.3699801628785754
sports/soccer/000000154496.jpg,-0.8279513218068066,0.2470731812958768
sports/soccer/000000155262.jpg,-1.4373858581968737,0.2037679008246707
sports/soccer/000000160694.jpg,-1.3391145431240847,0.3012970772453889
sports/soccer/000000162578.jpg,-0.832544447882194,0.3033566018119709
sports/soccer/000000165319.jpg,-1.462854917677784,0.3268341586253597
sports/soccer/000000192200.jpg,-0.9662209009420092,0.313135883724119
sports/soccer/000000193824.jpg,-1.2487281114684652,0.1603525459275702
sports/soccer/000000198323.jpg,-1.1831954981285024,0.18817981948623
sports/soccer/000000199331.jpg,-1.483248767253307,0.2246020840328547
sports/soccer/000000200611.jpg,-1.1642389226442942,0.2462218235864
sports/soccer/000000200745.jpg,-0.9872699773931896,0.1766664625371261
sports/soccer/000000202328.jpg,-0.9387543334355474,0.3153521438622137
sports/soccer/000000204137.jpg,-0.8894699627533665,0.3114089755771359
sports/soccer/000000226498.jpg,-0.6854780565138073,0.3120822242748534
sports/soccer/000000230863.jpg,-1.1719237094055523,-0.0339720534127082
sports/soccer/000000242716.jpg,-0.5466913237413373,0.3373593439527505
sports/soccer/000000250639.jpg,-1.1705258746893996,0.1593163462155877
sports/soccer/000000257387.jpg,-0.7817386739985367,0.2691114232143656
sports/soccer/000000275933.jpg,-1.2444269675223514,0.2430316873125071
sports/soccer/000000295241.jpg,-1.1613903673763917,0.2433319633552971
sports/soccer/000000300848.jpg,-1.2019849876494004,0.1626362972730446
sports/soccer/000000313278.jpg,-1.4575554008415763,0.0381657097371309
sports/soccer/000000319031.jpg,-0.8803325916039759,0.2155645899144098
sports/soccer/000000335709.jpg,-1.2064534556404756,0.3924707699514468
sports/soccer/000000343264.jpg,-1.4157823814630115,0.1850240971809599
sports/soccer/000000350444.jpg,-1.001566600062037,0.3215298021570362
sports/soccer/000000355902.jpg,-1.0952038706161735,0.1490456067470052
sports/soccer/000000356908.jpg,-0.9568717730562774,0.2200580250353049
sports/soccer/000000359414.jpg,-1.4553118233349671,0.237816374584032
sports/soccer/000000371874.jpg,-0.8309289914385842,0.2868430504010535
sports/soccer/000000378626.jpg,-0.8015039332994289,0.3198829859158628
sports/soccer/000000380325.jpg,-0.925100791978688,0.2368842004814148
sports/soccer/000000381430.jpg,-0.8771160205141847,0.203807567738368
sports/soccer/000000382462.jpg,-1.3020697406414463,0.1909691469614064
sports/soccer/000000385795.jpg,-1.3015011927961917,0.2505617785211104
sports/soccer/000000388564.jpg,-1.1106501420504225,0.2403339420819202
sports/soccer/000000389048.jpg,-0.9970846045640812,0.2282413903102574
sports/soccer/000000398609.jpg,-1.2332312864945072,0.2006860185327394
sports/soccer/000000406908.jpg,-0.69921970760732,0.303552964121918
sports/soccer/000000411009.jpg,-0.8496786994987117,0.2997313359155464
sports/soccer/000000414314.jpg,-0.919928444569426,0.1910918346762231
sports/soccer/000000417616.jpg,-1.244935025177578,0.1470539002343488
sports/soccer/000000419037.jpg,-1.4142929511144218,0.2247944447332291
sports/soccer/000000420002.jpg,-1.2641562630704466,0.2401344333730042
sports/soccer/000000422341.jpg,-1.1035894974116758,0.1822403858890017
sports/soccer/000000423855.jpg,-0.9964735548366462,0.2389235664148835
sports/soccer/000000426635.jpg,-1.0371933383958798,0.3382337285755565
sports/soccer/000000444274.jpg,-0.9268548204534044,0.3744755138514063
sports/soccer/000000444927.jpg,-1.2597758399977783,0.2616951459926666
sports/soccer/000000447464.jpg,-1.2334904993478972,0.266824408468244
sports/soccer/000000464789.jpg,-1.1321890763182485,0.2000546367094751
sports/soccer/000000476233.jpg,-0.94486026869498,0.3301904663280486
sports/soccer/000000489186.jpg,-0.6922556230579062,0.3145415746620792
sports/soccer/000000489799.jpg,-1.34388669561732,0.2586716060119833
sports/soccer/000000499523.jpg,-1.4811176585556751,0.1960458491589799
sports/soccer/000000505020.jpg,-1.423865933052869,0.1682787588369272
sports/soccer/000000508343.jpg,-0.5523999523600679,0.3236245370359921
sports/soccer/000000515075.jpg,-1.0940016113865585,0.2899130442900017
sports/soccer/000000524966.jpg,-1.052212452738546,0.2827796831702528
sports/soccer/000000526968.jpg,-0.8950359186303781,0.2645295289923389
sports/soccer/000000533396.jpg,-0.9460318968199466,0.2390453863233233
sports/soccer/000000538615.jpg,-1.2333479067669908,0.2218222235052975
sports/soccer/000000555537.jpg,-0.9459564273577898,0.2606591505123421
sports/soccer/000000555696.jpg,-1.2086041342498244,0.2126486744423937
sports/soccer/000000557586.jpg,-1.389118680706355,0.2117470583551447
sports/soccer/000000560787.jpg,-0.9989033429749626,0.2185823260965038
sports/soccer/000000562614.jpg,-0.866490203758318,0.2913531920389657
sports/soccer/000000563628.jpg,-1.0117045226749766,0.2571657010496859
sports/soccer/000000574282.jpg,-1.2162405530308826,0.1780113671430094
sports/soccer/000000576630.jpg,-0.8165112526074152,0.3612689729911045
sports/surfing/000000002191.jpg,-1.3711357797561652,0.1712999980686405
sports/surfing/000000010624.jpg,-1.096415860823133,0.3822559513380213
sports/surfing/000000014835.jpg,-0.9815290887914956,0.2744579080733857
sports/surfing/000000017460.jpg,-1.015399764094343,0.238169897795903
sports/surfing/000000018444.jpg,-1.1024080540744867,0.2680348085391004
sports/surfing/000000019955.jpg,-1.0138531661011312,0.2825180381795399
sports/surfing/000000034267.jpg,-0.9810967949124504,0.3872327761519765
sports/surfing/000000039098.jpg,-1.1047211175923588,0.3634665133659097
sports/surfing/000000039860.jpg,-0.9095951335709184,0.3044194406775325
sports/surfing/000000044353.jpg,-1.1728086346660016,0.2253286311554674
sports/surfing/000000047526.jpg,-0.9291272960413072,0.2839234422692687
sports/surfing/000000050756.jpg,-1.1204697798479826,0.3612924412891322
sports/surfing/000000052614.jpg,-1.1204987631517072,0.3761148603943364
sports/surfing/000000061566.jpg,-1.310562505232952,0.223331652378551
sports/surfing/000000062198.jpg,-1.0051954141266477,0.2860477096628363
sports/surfing/000000063299.jpg,-1.1042069167574458,0.2649207380309298
sports/surfing/000000066347.jpg,-0.7541320175653742,0.3268880083099296
sports/surfing/000000076934.jpg,-0.9106043106741556,0.2401765963465703
sports/surfing/000000078684.jpg,-1.0820595832952735,0.3124294670846394
sports/surfing/000000080941.jpg,-1.5216465534434869,0.4034563298800343
sports/surfing/000000085455.jpg,-1.5392097726108809,0.2980148508849415
sports/surfing/000000092067.jpg,-0.8984752827385333,0.2991565250160715
sports/surfing/000000095201.jpg,-1.0260794919583551,0.3766195974227531
sports/surfing/000000102190.jpg,-1.1216493434272286,0.288972866362974
sports/surfing/000000110480.jpg,-1.110531998162385,0.3324471802591258
sports/surfing/000000110877.jpg,-1.3850620167470284,0.2711493143147819
sports/surfing/000000111598.jpg,-1.3705979660632497,0.2913021208985334
sports/surfing/000000118239.jpg,-1.0753068171882842,0.3400980310602328
sports/surfing/000000119373.jpg,-1.547356139228608,0.3257850668426096
sports/surfing/000000121827.jpg,-0.7824880992921937,0.3049947964880606
sports/surfing/000000122896.jpg,-1.0516868668973205,0.2424730416424276
sports/surfing/000000126755.jpg,-1.1337012651746292,0.2654403382237524
sports/surfing/000000134265.jpg,-1.0572392147419716,0.3166737371438032
sports/surfing/000000141893.jpg,-1.2859909904059408,0.2720332345155117
sports/surfing/000000155998.jpg,-1.5531106019810637,0.2356094347718358
sports/surfing/000000158183.jpg,-0.7793141668349373,0.3160417832021808
sports/surfing/000000162215.jpg,-0.8504429873782025,0.3749272494470958
sports/surfing/000000170208.jpg,-1.2200576421202975,0.2950142945658909
sports/surfing/000000175470.jpg,-1.216271450546938,0.2921610378923689
sports/surfing/000000182837.jpg,-1.2030715649226695,0.3254193680591527
sports/surfing/000000184030.jpg,-1.03384382475527,0.3946315116623266
sports/surfing/000000206893.jpg,-0.638922261116517,0.3473660879870453
sports/surfing/000000212095.jpg,-0.6937173750067592,0.2607137678908014
sports/surfing/000000213570.jpg,-1.097019507658406,0.3401923297013519
sports/surfing/000000223192.jpg,-1.138437042678017,0.3015157805500474
sports/surfing/000000232592.jpg,-1.3819618351662348,0.1599772038303986
sports/surfing/000000240275.jpg,-0.6617864443688326,0.3683026781283516
sports/surfing/000000243914.jpg,-1.032645567129476,0.3507096233307383
sports/surfing/000000246339.jpg,-0.8127241905571033,0.2952073428936945
sports/surfing/000000246456.jpg,-1.1795292969248234,0.3208470154289056
sports/surfing/000000264279.jpg,-1.2042267154323645,0.2998571717005541
sports/surfing/000000272599.jpg,-1.367152146674929,0.3327718486134328
sports/surfing/000000279661.jpg,-1.0072011138865409,0.2539170098861573
sports/surfing/000000288662.jpg,-1.3267308782559235,0.1688444440447606
sports/surfing/000000299869.jpg,-0.971285590810592,0.3469922523042185
sports/surfing/000000315466.jpg,-1.115399172191088,0.2603028039921243
sports/surfing/000000318965.jpg,-1.0558572520317977,0.3638993078380573
sports/surfing/000000325242.jpg,-0.9752632392270564,0.370060143280927
sports/surfing/000000326420.jpg,-1.0943656607920194,0.2691600742644826
sports/surfing/000000348631.jpg,-0.8325921622290956,0.3509737757747005
sports/surfing/000000358674.jpg,-0.9899724778968344,0.4036898395721925
sports/surfing/000000361592.jpg,-0.96182192697338,0.311700790111039
sports/surfing/000000372443.jpg,-1.4086461712573914,0.2601826781169744
sports/surfing/000000374388.jpg,-1.5862699846611397,0.2859843912166887
sports/surfing/000000390689.jpg,-0.7863056724558276,0.2861490417334416
sports/surfing/000000391284.jpg,-1.0327809213393342,0.3096815171037111
sports/surfing/000000410255.jpg,-1.0116087972694665,0.2759111597343487
sports/surfing/000000430610.jpg,-1.383187174766423,0.3532695111137828
sports/surfing/000000437540.jpg,-1.1442058497142589,0.244693233334692
sports/surfing/000000440314.jpg,-0.9065931140400184,0.2855510825807855
sports/surfing/000000461443.jpg,-1.3261015300628278,0.3618392237077977
sports/surfing/000000462613.jpg,-1.0894674615562492,0.1805036328542069
sports/surfing/000000467580.jpg,-0.6778266257598808,0.299710136690443
sports/surfing/000000470549.jpg,-1.341489039221308,0.2507964538414728
sports/surfing/000000473035.jpg,-1.2508762326085208,0.3400752995243153
sports/surfing/000000479880.jpg,-1.0785564783283668,0.3019460507441276
sports/surfing/000000485310.jpg,-1.2945752710857017,0.3241909090909091
sports/surfing/000000492339.jpg,-0.9216912745465488,0.2891805688248696
sports/surfing/000000494707.jpg,-1.2418831605416445,0.3705081629973301
sports/surfing/000000513852.jpg,-1.0486676403504989,0.3199577613516368
sports/surfing/000000525226.jpg,-1.001609104916344,0.1818984927361643
sports/surfing/000000535308.jpg,-0.8899779562596576,0.3221141519424781
sports/surfing/000000536641.jpg,-1.1091457459751366,0.3486162142941804
sports/surfing/000000547979.jpg,-1.1479516094760756,0.2089494132082512
sports/surfing/000000556512.jpg,-1.367795230531661,0.191912324654828
sports/surfing/000000568000.jpg,-1.0154899931877317,0.2662596674126745
sports/surfing/000000578736.jpg,-0.9264111243393084,0.3628638084675106
sports/surfing/000000581557.jpg,-1.697446257266873,0.2114189402717792
sports/swimming/01d292e88feaf818.jpg,-1.7778130296087444,0.2739338111739784
sports/swimming/052d46f94d922f49.jpg,-1.7446360558660776,0.2213663667979191
sports/swimming/058158a56c4e1048.jpg,-1.8427865902153429,0.2974248927038627
sports/swimming/07f458dc46c67eb6.jpg,-1.7065012809297258,0.2605431608741978
sports/swimming/09559c676569a5dc.jpg,-1.8843950561103755,0.1751384039576167
sports/swimming/0a7bf24fd9ac2bcf.jpg,-1.879916220735704,0.1171492418579178
sports/swimming/0e4f3a769aa251f7.jpg,-1.8267040980133855,0.2764522644028344
sports/swimming/1204e923383e80a4.jpg,-1.9465098652582573,0.2274951801868604
sports/swimming/15a31fcb17bda9ed.jpg,-1.3069664364296414,0.2812146551262867
sports/swimming/16375f4a54946a90.jpg,-1.874160632747544,0.2494381418837245
sports/swimming/171cccd184d0af1e.jpg,-1.8890427723996852,0.2846252897244398
sports/swimming/1b9dbd5b723f8ec4.jpg,-1.796391520213242,0.3249729720773599
sports/swimming/1ced3ecaa077f2e4.jpg,-1.793495143724593,0.3085173652530874
sports/swimming/1ee7cc0aa473bb16.jpg,-1.4623468660025738,0.1943203416187396
sports/swimming/1f3c5e626f8a84a0.jpg,-1.684709204136107,0.1266433493521388
sports/swimming/24073df6a9c58c6b.jpg,-1.8606966707076604,0.2981803550375775
sports/swimming/26929709ce293207.jpg,-1.679500380707975,0.280590613291264
sports/swimming/284d481b2a298621.jpg,-1.9863236728855316,0.2973832583420544
sports/swimming/2ffae0c29cda821f.jpg,-1.7922484588781056,0.2093071354705273
sports/swimming/3120e46a6a14d2ee.jpg,-1.5696416530911086,0.2984347312463083
sports/swimming/39b4860ffee0982c.jpg,-1.7522623668120612,0.3675675529629819
sports/swimming/3aa1ad70721a340a.jpg,-1.7832367069152075,0.1053180157375697
sports/swimming/3b08c6349cae9d39.jpg,-1.6525772626720503,0.2372434017595308
sports/swimming/3c0aea50f0d2ae05.jpg,-1.7730180078417268,0.2637782554333319
sports/swimming/3d27c190d43ac211.jpg,-1.8328160002448493,0.2437224337192206
sports/swimming/409f7b5ca2a458c6.jpg,-1.7622385136491474,0.3137020905395664
sports/swimming/42c36ba3ef87c91f.jpg,-1.6871357503254232,0.3094064349006921
sports/swimming/430bde7175269de1.jpg,-1.4363335256932874,0.1209856083430699
sports/swimming/44892588d22ff775.jpg,-1.866724589626304,0.2054823787042999
sports/swimming/488cc63f98ddd990.jpg,-1.9245709444755632,0.2205861136724312
sports/swimming/4ae1a6c17081602f.jpg,-1.802701322532569,0.3145801936192495
sports/swimming/4d0ed8adcbb0fd26.jpg,-1.8061893570123475,0.3555778357976574
sports/swimming/4de9eacd8a1f22d6.jpg,-1.7543732889825905,0.3052151521732386
sports/swimming/528f777d7d6da589.jpg,-1.5505147059915374,0.2064371033035134
sports/swimming/550b3a9e874134de.jpg,-1.7517088019709306,0.2027250512181275
sports/swimming/57974157103b6acf.jpg,-1.6235075021677905,0.1599873161450838
sports/swimming/582216386398392a.jpg,-1.788755528948414,0.2831297124361541
sports/swimming/59f63a830a92100f.jpg,-1.8320008217624797,0.3681632160561482
sports/swimming/5e2b2c8db34f0e8e.jpg,-1.8340256455033104,0.3794532266400527
sports/swimming/626a3711b885a310.jpg,-1.6716482093460738,0.3860818713450293
sports/swimming/66a52f1afa8ef6ed.jpg,-1.966142601836992,0.3571025852146403
sports/swimming/6a9bb06320a811de.jpg,-1.8464361935712377,0.2181182813281071
sports/swimming/6b8e4184771dd22a.jpg,-1.424492550140921,0.2671915883419778
sports/swimming/70b5c729686aa098.jpg,-1.5595038779680743,0.3015432117524783
sports/swimming/74f60e61ddeb2346.jpg,-1.7271398579800656,0.2817595196604496
sports/swimming/772e8c69855b54ba.jpg,-1.939260302075561,0.2707303540094691
sports/swimming/807f839db4fcc4d1.jpg,-1.797870179342514,0.2915493451414284
sports/swimming/80f83da8bdc0ae70.jpg,-1.76141096694985,0.2871300491661043
sports/swimming/8304f94f52e87b32.jpg,-1.581933801040872,0.2578673412829889
sports/swimming/88bcf1c971644e86.jpg,-1.469174734569559,0.0693171620482419
sports/swimming/8da44c7b01f0e936.jpg,-1.9517364562924184,0.2097060730889727
sports/swimming/8ec8d873e23d2435.jpg,-1.7308733320334275,0.3186481040483605
sports/swimming/97fd040545ec747a.jpg,-1.9746127006185985,0.3265261890427453
sports/swimming/9ac4285e20a4e1f3.jpg,-1.9962198980798669,0.2712399121143615
sports/swimming/9b2823448b008dec.jpg,-1.682922996716791,0.3663953648779142
sports/swimming/9e9a9795ec31cae4.jpg,-1.8446041071557628,0.229323842227068
sports/swimming/9f2542f6a8f35b2c.jpg,-1.900150619004637,0.2711550526466964
sports/swimming/a4aee15c257b1c08.jpg,-1.942276651823932,0.3042715403565094
sports/swimming/abc73b796c792656.jpg,-1.6600877002795122,0.3541714206343694
sports/swimming/b1638dbd347d7993.jpg,-1.7519492401487935,0.3277029973544204
sports/swimming/b58a33b4dadb7b64.jpg,-1.491792086511616,0.244271898506014
sports/swimming/b5ac64610c016023.jpg,-1.6634334174159413,0.3965502226189568
sports/swimming/b664690ed17187ae.jpg,-1.8572121009891915,0.2591623268894665
sports/swimming/b81c309ace9a87e9.jpg,-1.805963973013845,0.2724712435524359
sports/swimming/b8aa260916f87c2b.jpg,-1.852953755015582,0.1584076000530082
sports/swimming/baf1c66adb265e27.jpg,-1.6368768182672364,0.1763091722921862
sports/swimming/bd24922f1aff6df7.jpg,-1.9258255148642784,0.0644960060859642
sports/swimming/bf9ba042731cdcc2.jpg,-1.506099127386462,0.2921027215769793
sports/swimming/c1850b014f3d5c3b.jpg,-1.548187475033718,0.2847068566644762
sports/swimming/c995d61ef36e818c.jpg,-1.704296327139616,0.2793998579545454
sports/swimming/ccbe4762c01bbd9e.jpg,-1.8237039254247915,0.2140971978803686
sports/swimming/d94bacfa62a8971f.jpg,-1.8944128085972087,0.3751185841865943
sports/swimming/df438d38ff6da2cc.jpg,-1.494785494426915,0.3108788101440563
sports/swimming/e5b6070d981b49ac.jpg,-2.107008454644763,0.3083026450828367
sports/swimming/ed5f342e81b7c851.jpg,-1.81402828547163,0.2444892962931816
sports/swimming/ed77196681372fcd.jpg,-1.8121046501959608,0.1652711868617854
sports/swimming/ee41bf599204012c.jpg,-1.7769670108260034,0.3485349772066882
sports/swimming/f09ed5b3f7ebb290.jpg,-2.026760460555049,0.3251383567475521
sports/swimming/f3d6f9c54b2fbd9c.jpg,-1.7892815928960275,0.1736222898825347
sports/swimming/f8de6c925b0dc353.jpg,-1.7716246563436622,0.2144288056905257
sports/tennis/000000043605.jpg,-0.8450787400746805,0.3113085872286006
sports/tennis/000000052813.jpg,-0.8532034270990574,0.1916701017852046
sports/tennis/000000053360.jpg,-0.7371289291563344,0.1522828194590588
sports/tennis/000000073647.jpg,-1.6498745036020417,0.2981912522975325
sports/tennis/000000086514.jpg,-0.7949824286218644,0.3324994763020591
sports/tennis/000000115635.jpg,-1.637163513002181,0.2953972788944408
sports/tennis/000000117417.jpg,-1.5938744430685774,0.0016646690637901
sports/tennis/000000126995.jpg,-0.7365884951803507,0.3105539558885487
sports/tennis/000000157938.jpg,-1.1784015554681893,0.2850787226203111
sports/tennis/000000159370.jpg,-1.6580453623494456,0.2858188812029417
sports/tennis/000000171585.jpg,-0.7911939657708029,0.098392005438017
sports/tennis/000000184218.jpg,-1.375879073830086,0.2391099080951781
sports/tennis/000000213146.jpg,-1.2178201226687828,0.2953110416840113
sports/tennis/000000213669.jpg,-0.5303160816090213,0.2550762019320197
sports/tennis/000000236385.jpg,-1.208252490325938,0.2370387310998081
sports/tennis/000000236475.jpg,-1.3271381735841388,0.1947549990417172
sports/tennis/000000307652.jpg,-1.066187695804133,0.120297894529075
sports/tennis/000000322730.jpg,-0.9225016022364468,0.1345230147249731
sports/tennis/000000360069.jpg,-0.9894848242900957,0.3558787266141322
sports/tennis/000000371648.jpg,-1.8366780691213171,0.2443277671024024
sports/tennis/000000408526.jpg,-0.6408801507588828,0.2640584719113856
sports/tennis/000000411669.jpg,-1.471613696069211,0.3368171806680232
sports/tennis/000000419872.jpg,-1.3738825313563825,0.3287141370968752
sports/tennis/000000435009.jpg,-0.6264332048252067,0.2784745861999389
sports/tennis/000000446850.jpg,-0.9172350032353376,0.3324268720899655
sports/tennis/000000450647.jpg,-1.6673221606307678,0.2965189799990718
sports/tennis/000000461945.jpg,-1.4612713378807296,0.3584416752154917
sports/tennis/000000483677.jpg,-1.7267576773181796,0.29735809132807
sports/tennis/000000494309.jpg,-1.444740066262446,0.311747006561469
sports/tennis/000000499952.jpg,-0.8603462757361879,0.2095110948720471
sports/tennis/000000558570.jpg,-1.129064646238298,0.2883652649627544
sports/tennis/000000580986.jpg,-1.4120007575493223,0.2955845932895318
sports/track and field/04f59783cb351805.jpg,-1.5235521080846308,0.0489369501466275
sports/track and field/05e8af4cb7f026ab.jpg,-1.9883151550639824,0.1815910307789658
sports/track and field/05f4784eeafcaf3d.jpg,-1.7895521104630032,0.1859302006045617
sports/track and field/09f10f0327e0d2e4.jpg,-1.795488967319797,0.2888007401866215
sports/track and field/1523025502938b93.jpg,-1.652840792818326,0.1934695833456837
sports/track and field/18a997d97b0f209d.jpg,-1.4274338035373515,0.035152916733654
sports/track and field/1d92602d14e3200f.jpg,-1.803196237616938,0.1857598515073286
sports/track and field/1e75ec771a788a0d.jpg,-1.3433653551047453,0.2914216610823885
sports/track and field/1f3fa6f3ae30a4b3.jpg,-2.1153376226317,0.1738002424937746
sports/track and field/22714bd0a845f74c.jpg,-2.0835703297504677,0.2785873805199059
sports/track and field/22b37bd34c07ef1a.jpg,-1.9926898793879688,0.2128958807700269
sports/track and field/2772b500dcbde21d.jpg,-2.074644838523984,0.2143588788527796
sports/track and field/27c7038cc98f8ac4.jpg,-2.0639346406587644,0.1554866251419869
sports/track and field/2e45b2652f7e1f7f.jpg,-1.9116621880638915,0.0455066443451864
sports/track and field/336bacff8461dbaa.jpg,-1.8690969573624463,0.1748007536932205
sports/track and field/3393435e5f644a55.jpg,-1.918128676526624,0.3392058508575047
sports/track and field/3595f889f4ca2d60.jpg,-1.6780547974778046,0.0928684403106631
sports/track and field/37f5e796cffd2c9a.jpg,-1.873415972143166,0.0305102811209308
sports/track and field/3a5f6fa58fce0f61.jpg,-1.8549680451009587,0.2178168996720665
sports/track and field/3a78bd605848b134.jpg,-1.727320931641836,0.1305735943933149
sports/track and field/3bda7bfbe820a82f.jpg,-1.6353496783138892,0.1088383838383838
sports/track and field/4575138b6f7a9772.jpg,-1.5869425761683498,-0.0055180728478356
sports/track and field/472eb5d111f05707.jpg,-1.7445137551792118,0.1863894469080211
sports/track and field/4965f1230e388431.jpg,-1.6974919730764284,0.137380086370779
sports/track and field/4a9065d33b7ebf81.jpg,-2.1733971597868043,0.1310388682431854
sports/track and field/515b9693872ca759.jpg,-1.8744243929362336,0.179262799244551
sports/track and field/5318d42b4fb3be9d.jpg,-1.9430275254579317,0.2732119635890768
sports/track and field/534a4481bb6f7669.jpg,-1.8124459203791543,0.3349434312186706
sports/track and field/585dd7f1faa235ef.jpg,-1.818306374401412,0.2513226782334821
sports/track and field/5a5e7d6ce6eb8735.jpg,-1.8033872712890155,0.21519494279211
sports/track and field/5a99ce107ac77dcd.jpg,-1.5595894965984711,0.2152711740839356
sports/track and field/69147beaa4b5a032.jpg,-2.045757401532568,0.1109383197182043
sports/track and field/7374801616e3a84f.jpg,-1.9619635114764888,0.1913482596830748
sports/track and field/7886910e6c81bc85.jpg,-1.8015534518034184,0.2501655100806356
sports/track and field/7adb92d70c84acae.jpg,-2.136489698343724,0.0506523857317636
sports/track and field/7eb8f02a79e40800.jpg,-1.768033324986137,0.096099402327776
sports/track and field/7f6a04e04c276070.jpg,-2.08561789031848,0.2574093251473234
sports/track and field/812654f21f11fb3c.jpg,-1.6538857856203175,0.2512721954285577
sports/track and field/81594f9739f7344d.jpg,-2.0513024976539374,0.1871678373532148
sports/track and field/81b2bd15ab040353.jpg,-1.869695230814885,0.072561825148032
sports/track and field/82e1c2342dbc7cc0.jpg,-1.865029889010364,0.2940101787811562
sports/track and field/83b7de7cc77bedd8.jpg,-1.709381406253397,0.1551307984716562
sports/track and field/8550e7dcea88bd9d.jpg,-1.7098065933489963,0.0744354613883468
sports/track and field/86c72b6b4dbb5c3b.jpg,-1.9716521777085585,0.2177316432223814
sports/track and field/89d6f3f45da4daae.jpg,-1.601076294951019,0.2074780058651025
sports/track and field/8cdbf37561a44803.jpg,-1.9062696290581949,0.1661177358027181
sports/track and field/8cf8644a06d41d6a.jpg,-1.9264486139461396,0.1740329440714459
sports/track and field/923787f39ad66d73.jpg,-2.045020945437613,0.0182927743541301
sports/track and field/98d96739d99514f7.jpg,-1.945399834547451,0.2406700698815482
sports/track and field/9c2452fbe657faf8.jpg,-1.548915495434225,0.1986928936028114
sports/track and field/a2ebd8e99fce35cd.jpg,-1.8087206586258888,0.2269513964121114
sports/track and field/a3ede9354b3f5cd5.jpg,-1.735493886297408,0.347361171523851
sports/track and field/a9d68cbf0e4a54f6.jpg,-1.9728547879649805,0.2251870852062606
sports/track and field/aa7e150c301a4f89.jpg,-1.6690373974729005,0.2200422495625447
sports/track and field/af37e50ad04c4749.jpg,-1.7705707859667132,0.1829113011724005
sports/track and field/b3b390c585802f7c.jpg,-1.560220966033654,0.2736831100557074
sports/track and field/b3f716ade97c3333.jpg,-1.9770042268875017,0.0726884582328315
sports/track and field/b82ef298c6c4dfec.jpg,-1.9547656295689653,0.2237418669499402
sports/track and field/b88c3f8a5433bd1d.jpg,-1.9793734372840464,0.1324189711892694
sports/track and field/bdbf922bf296ca72.jpg,-1.7180525380355298,0.2178038986842288
sports/track and field/cdf060cec6f45e89.jpg,-1.1927843710630464,0.2344569375939908
sports/track and field/cfbebf549dd75a16.jpg,-1.6884867454242358,0.1310295468049478
sports/track and field/d1e99a455eecd1f7.jpg,-1.4006457294647006,0.1348390387667195
sports/track and field/dab8b622490cfc61.jpg,-1.8209596481332413,0.1549793097302746
sports/track and field/daed65c08618e0d7.jpg,-1.6269446079992949,0.2601341977860197
sports/track and field/db190b9e53838d3e.jpg,-1.9756977669665432,0.1668700867488221
sports/track and field/dc9f56429f7a6c4a.jpg,-1.5096397570071467,0.2096243590705908
sports/track and field/e061fc5f81bad945.jpg,-1.773716877979292,0.2545578722779765
sports/track and field/e142ebef56b628b4.jpg,-1.9580834123723825,0.1109168396896514
sports/track and field/e2b2df4f57103176.jpg,-1.6187507745644467,0.1831174564316602
sports/track and field/e6e51c195b296dff.jpg,-1.7759549315942742,0.3098901279242465
sports/track and field/e72a78a65ebb88fd.jpg,-1.9735276534894255,0.069529465509365
sports/track and field/efa0278fc1ebbd89.jpg,-1.967044744649368,0.2207524157988554
sports/track and field/fbf65d6448e45ad8.jpg,-1.945798279746844,0.2972986788298206
sports/track and field/fe29c78b3285e4c7.jpg,-2.061928631833193,0.0935007730554041
sports/track and field/n00439826_6113.jpg,-1.250604976702141,0.2533782520933014
sports/track and field/n00439826_6185.jpg,-1.2564829533625457,0.2204428616220117
sports/track and field/n00439826_6314.jpg,-1.773350700326534,0.087599882859892
sports/track and field/n00439826_6315.jpg,-1.257783695504677,-0.0156799446590188
sports/track and field/n00439826_6356.jpg,-1.2845637091678102,0.1356885344023608
sports/track and field/n00439826_6427.jpg,-1.4300759760564723,0.2572755711441843
sports/track and field/n00439826_6437.jpg,-1.2798071683542651,0.230105696427664
sports/track and field/n00439826_6534.jpg,-1.345099076284385,0.1442974221965485
sports/track and field/n00439826_6636.jpg,-1.230067975690138,0.2412285346181677
sports/track and field/n00439826_6640.jpg,-1.4680421810716608,0.237018721299894
sports/track and field/n00439826_6690.jpg,-1.055681703749222,0.1280297942487331
sports/track and field/n00439826_6705.jpg,-1.314158817908667,0.239783660499773
sports/track and field/n00439826_6709.jpg,-1.243308710202655,-0.1035545658440245
sports/track and field/n00439826_6734.jpg,-1.3810750751308647,0.1679430313175574
sports/track and field/n00439826_6812.jpg,-1.3795777144471373,0.2795964945126463
sports/track and field/n00439826_7127.jpg,-1.5286558436905051,0.29422203754442
sports/track and field/n00439826_7591.jpg,-1.1644635474229,0.0706127128359729
sports/track and field/n00439826_7703.jpg,-1.609840122233806,0.1869985899742305
sports/track and field/n00439826_7884.jpg,-1.4157132154853338,0.1597538184557881
sports/track and field/n00439826_7981.jpg,-1.5670029993083887,0.1610225161253995
sports/track and field/n00439826_8141.jpg,-1.5408453437040015,0.1176917093832875
sports/track and field/n00439826_8523.jpg,-1.3898381148733168,0.1096713085185707
sports/track and field/n00439826_8642.jpg,-1.4480833077905928,0.2293637931935804
sports/track and field/n00439826_8688.jpg,-1.390011870197123,-0.0076662268468257
sports/volleyball/000000124167.jpg,-1.019200349396661,0.338098344832517
sports/volleyball/000000179960.jpg,-1.2015474775291288,0.2263735612603137
sports/volleyball/000000394560.jpg,-1.7993988452182932,0.1264227783772495
sports/volleyball/00a011632563dae2.jpg,-1.819861420213319,0.1199842972169322
sports/volleyball/044a150b3427b632.jpg,-1.9195980083778383,0.1525254028602741
sports/volleyball/086ae640b9f067db.jpg,-2.0720864790822016,0.0285671902813778
sports/volleyball/10802a3111e8ddd6.jpg,-1.830439764606126,0.3759393074005163
sports/volleyball/19ad73a14d324952.jpg,-1.9826763847117248,0.1383091616554651
sports/volleyball/1a2ecf83645336ce.jpg,-1.6394497473747351,0.0660578740374205
sports/volleyball/1b33ecfef06460c5.jpg,-1.9334575096321407,0.2056714363683823
sports/volleyball/1c1a752a8b9553f7.jpg,-1.7729083989626826,0.2734495109053741
sports/volleyball/1cc53c8e090ba2f1.jpg,-1.9667841563637267,0.0461087611127043
sports/volleyball/1e60aa45c07c9b91.jpg,-1.9612412056379864,0.0961078142921258
sports/volleyball/1f5f5a2e5bbc00f0.jpg,-1.5860663828300232,0.2037699217550137
sports/volleyball/2291c493fc0e8026.jpg,-1.650814567496136,0.1094405594405594
sports/volleyball/26ed450961730c81.jpg,-1.701489386392159,0.1654443983211106
sports/volleyball/2a28eabff35bd2f7.jpg,-1.949835304151588,0.0581438592441554
sports/volleyball/31fafa54a0b78ea5.jpg,-1.7142005278365935,0.0523656735421441
sports/volleyball/37b8d81b66a9892a.jpg,-1.5987582009703398,0.16733708769107
sports/volleyball/3dad27f92386e120.jpg,-1.9609423425948065,0.0865879574970484
sports/volleyball/3f99b162e7bdf531.jpg,-1.767884936097404,0.265286542725567
sports/volleyball/4a9eb09ba6b1ce83.jpg,-1.656467829079914,0.1684927579217954
sports/volleyball/4b9c9aaaa30703cf.jpg,-1.6640249706568695,0.1763637902251763
sports/volleyball/4d2ee21bd1a76b75.jpg,-1.7474080237396208,0.1873791421948377
sports/volleyball/4e44723b000d7060.jpg,-1.262913482333064,0.1439324058191982
sports/volleyball/520ac5f11ebb926f.jpg,-1.916448863054026,0.0703808708975714
sports/volleyball/55ef7b5629ffa944.jpg,-1.7084706497936546,0.2011350279601553
sports/volleyball/59e2c1ce2fe69212.jpg,-1.6495067053465364,0.2175168079508915
sports/volleyball/5e3a978ab9c582de.jpg,-1.7694159930636166,0.3200930969693648
sports/volleyball/5e5cddc86093e1b0.jpg,-1.6009342185860158,0.0900572555080285
sports/volleyball/6f1c4ea262598dcf.jpg,-1.8457540582508,0.2481157620599851
sports/volleyball/71cd2134079e8318.jpg,-1.7251267795887393,0.1845884200148492
sports/volleyball/73615c36a8c71ff6.jpg,-1.5326564294763367,0.1733434670327874
sports/volleyball/774a20234749713f.jpg,-1.578239768672546,0.1904988965711176
sports/volleyball/93be4359f8558611.jpg,-1.812730482481735,0.3181275035643968
sports/volleyball/9bb7ade68141ee60.jpg,-1.963655644647568,-0.0557251547099262
sports/volleyball/a3aa26623d4c238c.jpg,-1.5805072272412377,0.1787031364861553
sports/volleyball/a53d2e1a88a91017.jpg,-2.1182528065523782,0.1530781630300183
sports/volleyball/c0e4b9fbfa6574e2.jpg,-1.6741499063823218,0.1745132437951165
sports/volleyball/c5f449be9bb8a291.jpg,-1.9455412939330317,0.0825314243988942
sports/volleyball/c7e5f40a0f905e5b.jpg,-1.7873460138803343,0.269246630705531
sports/volleyball/ca24144abcf2bb19.jpg,-1.9118636048233555,0.2614343183029872
sports/volleyball/cc89a78d3c9dbb26.jpg,-1.8396365801562928,0.169339370459803
sports/volleyball/cf92e6a36023169e.jpg,-1.7447802392754006,0.050604296237484
sports/volleyball/e12fe897897a2ede.jpg,-1.7018238040971374,0.1536771220981747
sports/volleyball/e470100eed3c6c1e.jpg,-1.8869660003635171,0.1656777187960312
sports/volleyball/ec0acdf8577f88f9.jpg,-1.959530353439678,0.2583481581362672
sports/volleyball/f820c39c5300de83.jpg,-2.046487486627969,0.2131103917757739
vehicle/SUV/000000046737.jpg,-1.077674501119299,0.1734501466766989
vehicle/SUV/000000240967.jpg,-0.8546756255418201,0.2020907224192645
vehicle/SUV/000000248324.jpg,-1.3410523026117214,0.287161243542101
vehicle/SUV/000000267136.jpg,-0.7147392217761259,0.1597160524341066
vehicle/SUV/000000436651.jpg,-0.7226366966857121,0.128792561751258
vehicle/SUV/000000444735.jpg,-0.9666074010496712,0.3194574152075124
vehicle/SUV/000000516372.jpg,-0.8061701513004591,0.2200151518748826
vehicle/SUV/000000526071.jpg,-1.4438163955304302,0.3621392879242546
vehicle/SUV/n03594945_10633.jpg,-1.1103452602080022,0.332310105744277
vehicle/SUV/n03594945_10851.jpg,-0.93166019331713,0.2062265482780399
vehicle/SUV/n03594945_11021.jpg,-1.7983814075007625,0.2045628017168743
vehicle/SUV/n03594945_11542.jpg,-0.8483145518403878,0.0435106707191512
vehicle/SUV/n03594945_11641.jpg,-1.2156622109103714,0.2845483993100836
vehicle/SUV/n03594945_11684.jpg,-1.4274740726878987,0.0722282168869706
vehicle/SUV/n03594945_11773.jpg,-1.318194910611091,0.107014814025365
vehicle/SUV/n03594945_11997.jpg,-1.4813840996899508,0.1739043383879364
vehicle/SUV/n03594945_12279.jpg,-1.3300835064761538,0.1545780384490062
vehicle/SUV/n03594945_12454.jpg,-0.9724940228784272,0.2674886963162331
vehicle/SUV/n03594945_12636.jpg,-0.7758596894384475,0.2397332720165555
vehicle/SUV/n03594945_12658.jpg,-1.0057007152203183,0.1236008775890736
vehicle/SUV/n03594945_128.jpg,-1.2285758457653453,0.1099282882722373
vehicle/SUV/n03594945_12838.jpg,-0.9812690551673507,0.1795964749536178
vehicle/SUV/n03594945_13500.jpg,-0.9874800709635544,0.1855773738875537
vehicle/SUV/n03594945_13696.jpg,-1.4994152327897377,0.2835696932030058
vehicle/SUV/n03594945_13697.jpg,-1.2534159521560682,0.0967513399182701
vehicle/SUV/n03594945_13806.jpg,-1.2102113966227837,0.2372388481084133
vehicle/SUV/n03594945_13957.jpg,-1.2153509587297306,0.2153395890534954
vehicle/SUV/n03594945_13972.jpg,-0.9107016814655434,0.2136442963668094
vehicle/SUV/n03594945_14499.jpg,-1.1868255722012833,0.1227722572101533
vehicle/SUV/n03594945_14542.jpg,-0.8544473514741939,0.2407663313205396
vehicle/SUV/n03594945_14740.jpg,-1.2411175596064845,0.2316220202693058
vehicle/SUV/n03594945_15506.jpg,-0.950401791289953,0.0200412350010885
vehicle/SUV/n03594945_15533.jpg,-1.392426501371996,0.2042641181003276
vehicle/SUV/n03594945_15593.jpg,-1.1197796330477812,0.2169591484464901
vehicle/SUV/n03594945_15617.jpg,-1.083488166310688,0.2184671896831783
vehicle/SUV/n03594945_16102.jpg,-1.1328513708731285,0.1462150531814122
vehicle/SUV/n03594945_16473.jpg,-0.8339470253040311,0.2913156580012748
vehicle/SUV/n03594945_17812.jpg,-1.2194440281344203,0.1840246301205849
vehicle/SUV/n03594945_18118.jpg,-0.9007748214953094,0.1650609184629803
vehicle/SUV/n03594945_18298.jpg,-0.8560229224266547,0.2667410714285714
vehicle/SUV/n03594945_183.jpg,-1.0732863757524096,0.1556628460773539
vehicle/SUV/n03594945_19367.jpg,-1.7853801271361376,0.1209854334854334
vehicle/SUV/n03594945_20468.jpg,-1.2665618501156668,0.1575681828326563
vehicle/SUV/n03594945_2076.jpg,-0.7502208521972791,0.1827706923638342
vehicle/SUV/n03594945_21268.jpg,-1.040506763291701,0.2763153202945319
vehicle/SUV/n03594945_21402.jpg,-0.889933307982346,0.2708645696276123
vehicle/SUV/n03594945_2259.jpg,-1.2330244895660865,0.1154989651123059
vehicle/SUV/n03594945_22594.jpg,-0.99669655843051,0.1452650072699577
vehicle/SUV/n03594945_2531.jpg,-0.9693698596878207,0.2130927831092575
vehicle/SUV/n03594945_25756.jpg,-1.1160334920644843,0.2156606836712884
vehicle/SUV/n03594945_25839.jpg,-1.2209518177797385,0.2207509422408969
vehicle/SUV/n03594945_25858.jpg,-1.0179286201470108,0.0658485727296695
vehicle/SUV/n03594945_26966.jpg,-0.9145219512974,0.2405890697942957
vehicle/SUV/n03594945_2916.jpg,-0.6968208471877879,0.1549651385480878
vehicle/SUV/n03594945_2943.jpg,-1.2454940030993569,0.0436859710565157
vehicle/SUV/n03594945_29753.jpg,-0.8248590466422651,0.2618667096433384
vehicle/SUV/n03594945_30146.jpg,-1.2756585468481465,0.183586556695378
vehicle/SUV/n03594945_3053.jpg,-0.821323161779648,0.2793602052136628
vehicle/SUV/n03594945_3068.jpg,-1.097968442076822,0.3078553549555306
vehicle/SUV/n03594945_3082.jpg,-0.8468188342206077,0.252818479421599
vehicle/SUV/n03594945_3171.jpg,-0.8786960367961992,0.1930152303309089
vehicle/SUV/n03594945_31961.jpg,-0.90153139125932,0.1523736123809843
vehicle/SUV/n03594945_3233.jpg,-0.865676574932637,0.168248076159318
vehicle/SUV/n03594945_32575.jpg,-0.9926287302032092,0.201052041564265
vehicle/SUV/n03594945_3375.jpg,-1.061805790022447,0.2330870958394402
vehicle/SUV/n03594945_3598.jpg,-1.3031260881524676,0.0560142711518858
vehicle/SUV/n03594945_38.jpg,-1.0569241710816497,0.1566961526164339
vehicle/SUV/n03594945_435.jpg,-1.402562184187235,0.1669470142977292
vehicle/SUV/n03594945_4404.jpg,-1.2176084014234836,0.325455933833811
vehicle/SUV/n03594945_4747.jpg,-0.9520889925307418,0.2297672827147422
vehicle/SUV/n03594945_4768.jpg,-1.0903913878326534,0.2017236586043925
vehicle/SUV/n03594945_4791.jpg,-0.4141979552302616,0.3630557511519598
vehicle/SUV/n03594945_5123.jpg,-0.9003271434891396,0.223467801325587
vehicle/SUV/n03594945_58.jpg,-1.0082772054929543,0.1167321894777476
vehicle/SUV/n03594945_5816.jpg,-0.8331214739553049,0.2129145467655646
vehicle/SUV/n03594945_5856.jpg,-0.6599797960258654,0.2775252734973689
vehicle/SUV/n03594945_6393.jpg,-0.5728883976239588,0.3011900027212023
vehicle/SUV/n03594945_6534.jpg,-1.0212677190030388,0.2301159036494232
vehicle/SUV/n03594945_6543.jpg,-1.1556366739269104,0.2252958384579572
vehicle/SUV/n03594945_6810.jpg,-0.7472574013810463,0.2310389932568052
vehicle/SUV/n03594945_6945.jpg,-1.3271452982295664,0.056433218251045
vehicle/SUV/n03594945_7419.jpg,-1.120282922408431,0.2304116338207247
vehicle/SUV/n03594945_7558.jpg,-1.081537275332869,0.1290996493247636
vehicle/SUV/n03594945_7733.jpg,-0.9420453981142662,0.2780899326065728
vehicle/SUV/n03594945_7820.jpg,-1.469998351134727,0.4114205720732956
vehicle/SUV/n03594945_7904.jpg,-0.6023652982744684,0.2266273360785556
vehicle/SUV/n03594945_8323.jpg,-1.4351796042140257,0.3089610533415206
vehicle/SUV/n03594945_8348.jpg,-1.185877711266707,0.1988132304278333
vehicle/SUV/n03594945_8657.jpg,-0.97936438521728,0.2749802981149042
vehicle/SUV/n03594945_8913.jpg,-0.9208099274820284,0.1981988749596779
vehicle/SUV/n03594945_8931.jpg,-0.9180979498557243,0.1411614292443307
vehicle/SUV/n03594945_9005.jpg,-1.0962696101595364,-0.0103279649090142
vehicle/SUV/n03594945_9076.jpg,-0.8532630355495218,0.272440685929058
vehicle/SUV/n03594945_9105.jpg,-0.8570650857554668,0.3111382321497838
vehicle/SUV/n03594945_9110.jpg,-0.8475000102277596,0.2207857745806877
vehicle/SUV/n03594945_9271.jpg,-1.044137463237175,0.2683998329101328
vehicle/SUV/n03594945_9390.jpg,-1.1290213363551742,0.1229869843370836
vehicle/SUV/n03594945_9793.jpg,-1.0464117795530414,0.0800459044613398
vehicle/airplane/000000002258.jpg,-1.1617526488672412,0.3127114482156498
vehicle/airplane/000000003035.jpg,-1.2437814089995307,0.3118023139375453
vehicle/airplane/000000025559.jpg,-1.2720637931350516,0.2923524711157478
vehicle/airplane/000000032093.jpg,-1.2769052716926603,0.2705602090217475
vehicle/airplane/000000035485.jpg,-1.122858239695496,0.4392657539865662
vehicle/airplane/000000040890.jpg,-1.3123927167662353,0.2513528448842132
vehicle/airplane/000000041276.jpg,-1.1539365616874604,0.4231926532903304
vehicle/airplane/000000066255.jpg,-1.4322512267535723,0.42768033871823
vehicle/airplane/000000076372.jpg,-1.274110068508896,0.302247100422699
vehicle/airplane/000000078354.jpg,-1.7997215084511438,0.1997709740041943
vehicle/airplane/000000091482.jpg,-1.3235268753779743,0.3398126835930372
vehicle/airplane/000000101270.jpg,-0.80860991737888,0.4380663537256172
vehicle/airplane/000000101626.jpg,-1.1488919493916314,0.1936803068404074
vehicle/airplane/000000106658.jpg,-1.0646472966225236,0.4279463067804588
vehicle/airplane/000000111969.jpg,-1.1815863841281746,0.2588332045920677
vehicle/airplane/000000116255.jpg,-1.3274389077199908,0.428883811690413
vehicle/airplane/000000125394.jpg,-1.105000072294878,0.3944538153621509
vehicle/airplane/000000134334.jpg,-0.8450115816996524,0.2516647774503135
vehicle/airplane/000000135244.jpg,-0.8098646142860062,0.2287594899746934
vehicle/airplane/000000140565.jpg,-1.3902435091272698,0.3067494224210642
vehicle/airplane/000000146659.jpg,-1.2095350007560728,0.4272990522990523
vehicle/airplane/000000150181.jpg,-1.3419885005817696,0.3316845601297597
vehicle/airplane/000000162650.jpg,-1.4189140742709578,0.3085689078410469
vehicle/airplane/000000164487.jpg,-1.0345756715752452,0.3115003954479546
vehicle/airplane/000000166086.jpg,-0.896622976416077,0.408442850253195
vehicle/airplane/000000180098.jpg,-0.9235907053634616,0.3299268912905276
vehicle/airplane/000000190199.jpg,-0.9736097551576376,0.4091012826963074
vehicle/airplane/000000200391.jpg,-1.2123647964779605,0.3444306554856543
vehicle/airplane/000000205918.jpg,-1.338296838738557,0.2823518799705338
vehicle/airplane/000000228965.jpg,-1.1815008899104702,0.3533719681433496
vehicle/airplane/000000233298.jpg,-1.298453024336486,0.4067615624734229
vehicle/airplane/000000237735.jpg,-1.3358618474488622,0.3932419155267756
vehicle/airplane/000000247209.jpg,-1.2184019670396304,0.2318680101871331
vehicle/airplane/000000252844.jpg,-1.3415607078389278,0.3219333339093818
vehicle/airplane/000000268547.jpg,-1.4635966650462549,0.3338088408145935
vehicle/airplane/000000311641.jpg,-1.0701909809951278,0.2259732149052806
vehicle/airplane/000000314916.jpg,-1.168193737753543,0.333379819103944
vehicle/airplane/000000323258.jpg,-1.0427882495501997,0.272632364672657
vehicle/airplane/000000325646.jpg,-1.3001272207242025,0.2502334551051384
vehicle/airplane/000000337013.jpg,-1.1466919769103183,0.3863049961464999
vehicle/airplane/000000349475.jpg,-1.4852574892497812,0.3753432793531091
vehicle/airplane/000000349868.jpg,-0.8628770811617181,0.2900905168266562
vehicle/airplane/000000352151.jpg,-1.454365661685877,0.358193273619813
vehicle/airplane/000000388025.jpg,-1.3907789369413142,0.2849424735698383
vehicle/airplane/000000392115.jpg,-1.2791267617083135,0.4249332683127149
vehicle/airplane/000000396770.jpg,-1.1866537392792231,0.2797189221623816
vehicle/airplane/000000397353.jpg,-1.0211567469102032,0.3321404462692225
vehicle/airplane/000000403249.jpg,-0.9538340374125002,0.3069624868673135
vehicle/airplane/000000406981.jpg,-1.211057152042849,0.2339508270569732
vehicle/airplane/000000408965.jpg,-1.3158008909725472,0.3955106109057685
vehicle/airplane/000000422807.jpg,-1.1579704608413826,0.4372965693454416
vehicle/airplane/000000422953.jpg,-1.269688526322829,0.3195280906898116
vehicle/airplane/000000423231.jpg,-1.031327670324502,0.4432128890067279
vehicle/airplane/000000424445.jpg,-1.1918595922342414,0.2786570304638185
vehicle/airplane/000000448205.jpg,-1.3499275416603411,0.4004569955472228
vehicle/airplane/000000482765.jpg,-1.4771957620259084,0.3669252438905928
vehicle/airplane/000000486233.jpg,-1.4365220025438723,0.3549283914644497
vehicle/airplane/000000505093.jpg,-1.3228335690057629,0.1717237674337155
vehicle/airplane/000000510521.jpg,-0.9990319779899894,0.322867198100407
vehicle/airplane/000000514299.jpg,-0.8678898714481396,0.2559369389970482
vehicle/airplane/000000521402.jpg,-1.4232726521509198,0.4295884543973756
vehicle/airplane/000000532521.jpg,-1.044718528468043,0.2064854187307311
vehicle/airplane/000000535593.jpg,-1.270333290171289,0.3032185418677399
vehicle/airplane/000000549708.jpg,-1.368909542515214,0.3150092464655123
vehicle/airplane/000000554597.jpg,-1.1270084158665796,0.4394110417735564
vehicle/airplane/000000555658.jpg,-1.1192013811889407,0.3885562516238922
vehicle/airplane/000000561014.jpg,-1.3222009399022916,0.3735830918970881
vehicle/airplane/000000563295.jpg,-1.0872666004812743,0.4364074548974393
vehicle/airplane/000000563458.jpg,-0.9818710946111896,0.4125419792855156
vehicle/airplane/n02691156_10151.jpg,-0.8662303398015806,0.2372882061183049
vehicle/airplane/n02691156_10504.jpg,-1.21385026014424,0.3773871040215681
vehicle/airplane/n02691156_10578.jpg,-1.1599462618737124,0.2583396995161701
vehicle/airplane/n02691156_10622.jpg,-1.184332538061598,0.1212274080154824
vehicle/airplane/n02691156_11495.jpg,-1.0697852979658986,0.2362871924072847
vehicle/airplane/n02691156_11729.jpg,-1.2882311596766534,0.354731140900491
vehicle/airplane/n02691156_1191.jpg,-0.9060820912551292,0.3781307734796106
vehicle/airplane/n02691156_12389.jpg,-0.922330719782247,0.3735359965884341
vehicle/airplane/n02691156_12560.jpg,-1.167969180523263,0.2928434619739473
vehicle/airplane/n02691156_1919.jpg,-1.3620263191903217,0.3792876471878886
vehicle/airplane/n02691156_20276.jpg,-1.05387753590543,0.3359073141290676
vehicle/airplane/n02691156_20718.jpg,-0.930141539883764,0.3136272955437637
vehicle/airplane/n02691156_2492.jpg,-1.3424107075195344,0.3686659442921792
vehicle/airplane/n02691156_29988.jpg,-1.1665598256732796,0.4041332795296015
vehicle/airplane/n02691156_3472.jpg,-1.658086294192554,0.3446677395837631
vehicle/airplane/n02691156_3785.jpg,-0.9994224320663524,0.295783021177317
vehicle/airplane/n02691156_4134.jpg,-1.420020148756691,0.3378633425252023
vehicle/airplane/n02691156_47926.jpg,-0.578410854723142,0.4319069497197086
vehicle/airplane/n02691156_5136.jpg,-0.711923458718136,0.2943549676924061
vehicle/airplane/n02691156_5740.jpg,-1.299684909807406,0.3555919126871288
vehicle/airplane/n02691156_5942.jpg,-1.2807436223337938,0.1754734185804864
vehicle/airplane/n02691156_6438.jpg,-1.3194790543420123,0.157710014852872
vehicle/airplane/n02691156_6582.jpg,-0.8021418420622005,0.2449906793254433
vehicle/airplane/n02691156_6799.jpg,-1.0525118767407349,0.1396130294122664
vehicle/airplane/n02691156_6870.jpg,-1.261289988768293,0.3034003019476696
vehicle/airplane/n02691156_7027.jpg,-0.9188929591529348,0.4030136428425983
vehicle/airplane/n02691156_7079.jpg,-1.3710328080496788,0.3309042000366816
vehicle/airplane/n02691156_7124.jpg,-1.2135803009062196,0.1897978969348944
vehicle/airplane/n02691156_8876.jpg,-0.9341562157369708,0.2826430937361548
vehicle/bicycle/000000001625.jpg,-1.1385263941262522,0.2127814687959945
vehicle/bicycle/000000002139.jpg,-1.0857737308961597,0.1349284743123424
vehicle/bicycle/000000012876.jpg,-1.0778296269014982,0.126783201599418
vehicle/bicycle/000000029711.jpg,-0.9342250933663528,0.2791708966756979
vehicle/bicycle/000000052282.jpg,-1.074577120375584,0.2882395609040077
vehicle/bicycle/000000187509.jpg,-1.296994886087519,-0.1089370866020612
vehicle/bicycle/000000212824.jpg,-0.9758202330311124,0.2240638292572902
vehicle/bicycle/000000249815.jpg,-0.8654471037882219,0.1960443637408718
vehicle/bicycle/000000260513.jpg,-1.417032996857602,0.3524830951677212
vehicle/bicycle/000000292819.jpg,-0.5880008690834488,0.1261174932577999
vehicle/bicycle/000000294090.jpg,-1.0333951997456736,0.2854420081768862
vehicle/bicycle/000000314693.jpg,-0.7948864820347592,0.2633920364719291
vehicle/bicycle/000000318464.jpg,-0.7638897020459563,0.1794211562294962
vehicle/bicycle/000000347976.jpg,-1.163336298187868,0.0630017749033528
vehicle/bicycle/000000356496.jpg,-1.171648388080202,0.0330209662360009
vehicle/bicycle/000000358989.jpg,-1.0791126791362236,0.158969696969697
vehicle/bicycle/000000378848.jpg,-0.985125741933516,-0.0849163104683609
vehicle/bicycle/000000384964.jpg,-1.0948018652151672,0.1897693158254576
vehicle/bicycle/000000398304.jpg,-1.3199488056077708,0.2480760825949052
vehicle/bicycle/000000431484.jpg,-1.2578907797867032,0.2545786703459554
vehicle/bicycle/000000451559.jpg,-0.7808239510704773,0.2191092975422034
vehicle/bicycle/000000520679.jpg,-1.1431917389048285,0.1524065956749274
vehicle/bicycle/000000536589.jpg,-1.1902615562596497,0.1547267307403909
vehicle/bicycle/000000547662.jpg,-1.1830369525233984,0.1079388225863531
vehicle/bicycle/n02834778_10155.jpg,-0.9718323244364868,0.3136147588720435
vehicle/bicycle/n02834778_10227.jpg,-0.982838341803024,0.1720963735717834
vehicle/bicycle/n02834778_10231.jpg,-0.6991680361657836,0.1716372939771009
vehicle/bicycle/n02834778_10294.jpg,-0.9448156151421092,0.1721815859746894
vehicle/bicycle/n02834778_10391.jpg,-1.161724827884809,0.1339890673927274
vehicle/bicycle/n02834778_10484.jpg,-1.4698068154358686,0.1290189762282476
vehicle/bicycle/n02834778_10669.jpg,-0.7447299010075065,0.1958229920446255
vehicle/bicycle/n02834778_10735.jpg,-1.421087123101173,0.1705524694655129
vehicle/bicycle/n02834778_11107.jpg,-0.906374860538182,0.207893094030433
vehicle/bicycle/n02834778_11401.jpg,-1.0193110664825007,0.1053312988394137
vehicle/bicycle/n02834778_11645.jpg,-0.8109963988285415,0.2398358554849542
vehicle/bicycle/n02834778_1175.jpg,-1.2482795689482815,0.000490261213007
vehicle/bicycle/n02834778_11849.jpg,-0.8697677501434612,0.1979052542078925
vehicle/bicycle/n02834778_11865.jpg,-1.138241317221677,0.2451453116775697
vehicle/bicycle/n02834778_1213.jpg,-1.065187824759476,0.1570724162876363
vehicle/bicycle/n02834778_12224.jpg,-0.9258540220210298,-0.0404257252167827
vehicle/bicycle/n02834778_12279.jpg,-0.8538898904624344,0.2350821952916194
vehicle/bicycle/n02834778_1372.jpg,-0.8593512975099132,0.1536370690978807
vehicle/bicycle/n02834778_1398.jpg,-0.7324449722471803,0.2019042380033759
vehicle/bicycle/n02834778_1446.jpg,-1.0283963558171516,0.2467695706409438
vehicle/bicycle/n02834778_1607.jpg,-1.024003017219267,0.2549985956371126
vehicle/bicycle/n02834778_1659.jpg,-0.8809123536401636,0.1905625879701287
vehicle/bicycle/n02834778_17153.jpg,-0.8155801145014554,0.277879790014107
vehicle/bicycle/n02834778_1895.jpg,-0.8285685521886821,0.0462788608040004
vehicle/bicycle/n02834778_1985.jpg,-0.9029315298243618,0.040865553417693
vehicle/bicycle/n02834778_1999.jpg,-0.9472766871394214,0.1804283845650751
vehicle/bicycle/n02834778_2018.jpg,-1.3997931127163097,0.1708863613814502
vehicle/bicycle/n02834778_2336.jpg,-0.7641944480907079,0.3266701933286062
vehicle/bicycle/n02834778_2356.jpg,-1.2751737863501822,0.2100846798656743
vehicle/bicycle/n02834778_2873.jpg,-0.934236164080976,0.2136631274516853
vehicle/bicycle/n02834778_3171.jpg,-0.6975968101970991,0.1668945514812512
vehicle/bicycle/n02834778_3504.jpg,-0.9774961661924088,0.1449535006916036
vehicle/bicycle/n02834778_3926.jpg,-1.2790378375694442,0.1891424537732318
vehicle/bicycle/n02834778_3958.jpg,-1.4901268334485105,0.3753771876885939
vehicle/bicycle/n02834778_42241.jpg,-0.6459635543227121,0.1939524011421325
vehicle/bicycle/n02834778_4304.jpg,-0.5445327335812937,0.1980224703960112
vehicle/bicycle/n02834778_4359.jpg,-1.178836441437447,0.3107874953785482
vehicle/bicycle/n02834778_4434.jpg,-0.883030287708534,0.1582324349551696
vehicle/bicycle/n02834778_4490.jpg,-1.0164201059442937,0.2060434150686858
vehicle/bicycle/n02834778_4730.jpg,-0.7670398045123753,0.2427015750580964
vehicle/bicycle/n02834778_5315.jpg,-0.9336049413905836,0.2181083077984765
vehicle/bicycle/n02834778_5671.jpg,-0.8265813755523012,0.2719585488089771
vehicle/bicycle/n02834778_5747.jpg,-1.0771308894004394,0.2293143405292065
vehicle/bicycle/n02834778_629.jpg,-0.8617181008891246,0.3082626254746852
vehicle/bicycle/n02834778_642.jpg,-0.764386300744573,0.1817142720118937
vehicle/bicycle/n02834778_6485.jpg,-1.2687097861996046,0.2031125411581505
vehicle/bicycle/n02834778_6500.jpg,-0.8161465115637195,0.1352814322153842
vehicle/bicycle/n02834778_662.jpg,-0.9125134014121464,0.1249695694512067
vehicle/bicycle/n02834778_6712.jpg,-0.8950211635745885,0.1292451253279457
vehicle/bicycle/n02834778_6714.jpg,-1.4667793913304283,0.1943593071806665
vehicle/bicycle/n02834778_6750.jpg,-1.082752524311975,0.1653762861205863
vehicle/bicycle/n02834778_6811.jpg,-0.818948651911439,0.2188643258492303
vehicle/bicycle/n02834778_6942.jpg,-0.8402442098180474,0.1927712709921299
vehicle/bicycle/n02834778_7050.jpg,-1.2121609642636246,0.1095544347889189
vehicle/bicycle/n02834778_7138.jpg,-1.6774085797281393,0.1781123586636935
vehicle/bicycle/n02834778_729.jpg,-0.5590873492271913,0.2229368260102741
vehicle/bicycle/n02834778_7410.jpg,-0.6884441559565497,0.3242883508109441
vehicle/bicycle/n02834778_7536.jpg,-0.7218165700843306,0.3021233133582822
vehicle/bicycle/n02834778_8125.jpg,-0.8353499460319808,0.1490449494521086
vehicle/bicycle/n02834778_8791.jpg,-1.5786449810837464,0.2539601851979062
vehicle/bicycle/n02834778_8932.jpg,-0.9053258047199764,0.1523638596325509
vehicle/bicycle/n02834778_8951.jpg,-1.153854282929437,0.1395959862160943
vehicle/bicycle/n02834778_8979.jpg,-1.05640213733885,-0.0096652555771073
vehicle/bicycle/n02834778_9101.jpg,-1.6419362171669438,0.129420785085548
vehicle/bicycle/n02834778_9585.jpg,-1.0620096151723046,0.1225956407276522
vehicle/bicycle/n02834778_9626.jpg,-1.0009633822594592,0.1137313318166879
vehicle/bicycle/n02834778_9944.jpg,-0.9877024551482446,0.0680831497269853
vehicle/bus/000000019413.jpg,-0.9402640309779547,0.0942348578349717
vehicle/bus/000000038357.jpg,-1.1207665139561964,0.1370423151270582
vehicle/bus/000000051167.jpg,-1.157282649686057,0.1317637917637917
vehicle/bus/000000058930.jpg,-1.2164438217579614,0.2856313284451551
vehicle/bus/000000065962.jpg,-1.108183891848512,0.1180255930159985
vehicle/bus/000000111547.jpg,-0.9809062431030636,0.122063143308641
vehicle/bus/000000131449.jpg,-0.9291605110247512,0.2679924809981747
vehicle/bus/000000195510.jpg,-1.17882645160377,0.0367059233045193
vehicle/bus/000000208927.jpg,-1.449800967407769,0.0153962184834987
vehicle/bus/000000212507.jpg,-0.7740048558806131,0.3168874270305509
vehicle/bus/000000242270.jpg,-1.165637651091898,0.2190664262037419
vehicle/bus/000000244005.jpg,-0.7366432215658987,0.3116549883519792
vehicle/bus/000000244213.jpg,-1.4751216929450697,0.3104881594738845
vehicle/bus/000000247576.jpg,-1.0001745092146626,0.1186851067937068
vehicle/bus/000000248488.jpg,-1.0894777350944589,0.1861233996870437
vehicle/bus/000000263104.jpg,-1.1354548265133653,0.1564496074460905
vehicle/bus/000000269926.jpg,-0.9668983186756072,0.1022207513386454
vehicle/bus/000000282631.jpg,-0.8119189877482937,0.287328128056162
vehicle/bus/000000289883.jpg,-1.0814023228535692,0.2007225126439712
vehicle/bus/000000302964.jpg,-1.1403367632042962,0.2400804762201066
vehicle/bus/000000331198.jpg,-1.0202669175473056,0.0757394142038644
vehicle/bus/000000364919.jpg,-1.1851846162754829,0.2357107608348573
vehicle/bus/000000392869.jpg,-1.174783231388343,0.2474364012853496
vehicle/bus/000000393064.jpg,-0.9580479762675724,0.2396945426473555
vehicle/bus/000000406329.jpg,-1.1322362707909066,0.0446708158925494
vehicle/bus/000000409138.jpg,-0.9143457009430284,0.2523225009694058
vehicle/bus/000000431376.jpg,-1.1674445118002323,0.2614986868263946
vehicle/bus/000000431675.jpg,-0.9510434428767984,0.15094154476526
vehicle/bus/000000491793.jpg,-1.016599818020035,0.1909809432366612
vehicle/bus/000000512459.jpg,-1.5051934917611915,0.1278783119222903
vehicle/bus/000000517723.jpg,-0.7965434790274809,0.2960460360107471
vehicle/bus/000000524140.jpg,-0.9467102960919648,0.1092501212542966
vehicle/bus/000000531146.jpg,-0.9950954117917729,0.2817410173283478
vehicle/bus/000000531796.jpg,-1.1885247544626858,0.1624369455322754
vehicle/bus/000000534036.jpg,-1.143945202627324,0.2255489569057407
vehicle/bus/n02924116_10499.jpg,-1.2295301683964526,0.0588970792112876
vehicle/bus/n02924116_28382.jpg,-0.8820229011241345,0.2867796097413401
vehicle/bus/n02924116_30299.jpg,-1.0786140793604715,0.1939908016854396
vehicle/bus/n02924116_33540.jpg,-0.9690936114614928,0.1442134326510621
vehicle/bus/n02924116_37011.jpg,-0.9712069410833298,0.1883508058206854
vehicle/bus/n02924116_37624.jpg,-0.939211252824637,0.1045723606766892
vehicle/bus/n02924116_38371.jpg,-1.1274758377532443,0.2105681245321641
vehicle/bus/n02924116_40071.jpg,-1.3018294856855233,0.1145327574952833
vehicle/bus/n02924116_43906.jpg,-1.046555081122846,0.2453930839650208
vehicle/bus/n02924116_4611.jpg,-1.138539283331928,0.2422967044179165
vehicle/bus/n02924116_46565.jpg,-0.9759644216093364,0.066439825430875
vehicle/bus/n02924116_5109.jpg,-0.9496154230128316,0.2023365099613552
vehicle/bus/n02924116_53321.jpg,-0.8959788778633303,0.2518353525312183
vehicle/bus/n02924116_53731.jpg,-1.2313508905892443,0.137540821751348
vehicle/bus/n02924116_54466.jpg,-1.1060546827446207,0.0952212259656495
vehicle/bus/n02924116_5979.jpg,-1.233766008973998,0.0264661895096677
vehicle/bus/n02924116_6042.jpg,-1.091469396176813,0.1123248520653309
vehicle/bus/n02924116_61494.jpg,-1.0550288846019675,0.1722488038277511
vehicle/bus/n02924116_64676.jpg,-1.0396208926128725,0.1022416318859006
vehicle/bus/n02924116_69671.jpg,-0.883609924474421,0.118105082603593
vehicle/bus/n02924116_71067.jpg,-0.767251713601933,0.2011661807580174
vehicle/bus/n02924116_73346.jpg,-1.111874803152284,0.2664815455642677
vehicle/bus/n02924116_73467.jpg,-1.3022034236508695,0.1356403938429616
vehicle/bus/n02924116_73811.jpg,-0.7704838875444792,0.1261292340527313
vehicle/bus/n02924116_7459.jpg,-1.348405754603699,0.1912682212936396
vehicle/bus/n02924116_76766.jpg,-0.9664067541599248,0.1509539049479668
vehicle/bus/n02924116_82453.jpg,-0.7596551658786955,0.2004495670277283
vehicle/bus/n02924116_85474.jpg,-1.0881316305845663,0.1441266013825884
vehicle/bus/n02924116_86325.jpg,-1.0325486270151765,0.1568945297646922
vehicle/bus/n02924116_907.jpg,-1.0750196375875196,0.1407327736128724
vehicle/bus/n02924116_9480.jpg,-1.2009909379482535,0.1438668533797593
vehicle/bus/n02924116_9562.jpg,-1.0705318569704765,0.1135964834541555
vehicle/cable car/n02934451_10254.jpg,-0.8085630425383562,0.2341125049960676
vehicle/cable car/n02934451_10331.jpg,-1.243297178602057,0.3940847975935695
vehicle/cable car/n02934451_10876.jpg,-0.7268162932558402,0.2236200163472891
vehicle/cable car/n02934451_11983.jpg,-0.806621205231301,0.2467659721878556
vehicle/cable car/n02934451_1201.jpg,-0.8439205091528484,0.3761475491333311
vehicle/cable car/n02934451_1210.jpg,-0.826259495286763,0.2071798958608175
vehicle/cable car/n02934451_12189.jpg,-0.5904467668417845,0.310720782732681
vehicle/cable car/n02934451_12253.jpg,-1.0423043816681643,0.4271282650753704
vehicle/cable car/n02934451_12306.jpg,-1.0503261077043933,0.309751325333169
vehicle/cable car/n02934451_1381.jpg,-1.0193087486039332,0.3520654019412521
vehicle/cable car/n02934451_15507.jpg,-0.6769241139986396,0.3578612456608633
vehicle/cable car/n02934451_16027.jpg,-1.175981748107638,0.3134371983631741
vehicle/cable car/n02934451_175.jpg,-0.9690543701701206,0.2705256723154493
vehicle/cable car/n02934451_17629.jpg,-0.8081271980654171,0.26059033356246
vehicle/cable car/n02934451_18059.jpg,-0.9248202472371536,0.2670869276708693
vehicle/cable car/n02934451_20433.jpg,-1.2954031005544304,0.4141560391560391
vehicle/cable car/n02934451_20914.jpg,-0.7068737937187718,0.3155525188809311
vehicle/cable car/n02934451_21203.jpg,-0.8752671664154575,0.3570863350485992
vehicle/cable car/n02934451_21207.jpg,-0.8236000810725465,0.3837449707035438
vehicle/cable car/n02934451_22981.jpg,-0.8822973204765514,0.1408821925919507
vehicle/cable car/n02934451_2999.jpg,-0.7022489780254172,0.2742069225765768
vehicle/cable car/n02934451_3778.jpg,-0.7331676602309032,0.2398333233586689
vehicle/cable car/n02934451_4571.jpg,-1.0500010326957394,0.1679126628766916
vehicle/cable car/n02934451_5019.jpg,-0.7895142892872901,0.1260780162765274
vehicle/cable car/n02934451_5338.jpg,-0.650877968501141,0.2796155601930351
vehicle/cable car/n02934451_5488.jpg,-0.8284144072164333,0.277939260298687
vehicle/cable car/n02934451_7353.jpg,-0.8988285016607283,0.2869569979113047
vehicle/cable car/n02934451_7904.jpg,-0.780390679440041,0.2020529284420423
vehicle/cable car/n02934451_8034.jpg,-1.7509349484473338,0.1467434452340112
vehicle/cable car/n02934451_8467.jpg,-1.12958161173956,0.1127652991215365
vehicle/cable car/n02934451_8832.jpg,-0.6092844195084749,0.1707224920965379
vehicle/cable car/n04231693_10396.jpg,-1.093158394556879,0.3165704908475528
vehicle/cable car/n04231693_1225.jpg,-0.7933390725284388,0.230588277068113
vehicle/cable car/n04231693_12798.jpg,-0.6287365201387634,0.217349202506578
vehicle/cable car/n04231693_16094.jpg,-0.9598662458041122,0.2081605542460989
vehicle/cable car/n04231693_16811.jpg,-1.0926348757944178,0.3867926564709184
vehicle/cable car/n04231693_17301.jpg,-1.117655088293461,0.3236833615031613
vehicle/cable car/n04231693_18095.jpg,-0.8541333104142445,0.1005701540150686
vehicle/cable car/n04231693_18458.jpg,-0.6855816776330323,0.3357979833239454
vehicle/cable car/n04231693_18494.jpg,-0.7720345247546042,0.320708124388338
vehicle/cable car/n04231693_18551.jpg,-1.1037487232039815,0.3283297548545408
vehicle/cable car/n04231693_19460.jpg,-1.2925297166857097,0.1987806786008084
vehicle/cable car/n04231693_19772.jpg,-0.926351672436532,0.2272851976555679
vehicle/cable car/n04231693_20199.jpg,-0.7587743040509961,0.3204446408435681
vehicle/cable car/n04231693_22023.jpg,-0.997251928286542,0.2771024623259431
vehicle/cable car/n04231693_22406.jpg,-0.9458858169045036,0.1978483322880116
vehicle/cable car/n04231693_22416.jpg,-0.8576794513421107,0.3419577327002023
vehicle/cable car/n04231693_22459.jpg,-0.7131990922256127,0.2323864802821895
vehicle/cable car/n04231693_22574.jpg,-0.9023409294703304,0.2380939533336031
vehicle/cable car/n04231693_22980.jpg,-0.7719737205827744,0.2646463590757069
vehicle/cable car/n04231693_24259.jpg,-1.0970427494273702,0.2532178022064929
vehicle/cable car/n04231693_24339.jpg,-1.294147955208904,0.2343547988576748
vehicle/cable car/n04231693_24470.jpg,-0.9454272377532972,0.3515426339770016
vehicle/cable car/n04231693_24662.jpg,-1.250293191031833,0.4195804195804197
vehicle/cable car/n04231693_3038.jpg,-0.7991339015453414,0.2321735736070658
vehicle/cable car/n04231693_3977.jpg,-1.0830748901912814,0.2725949618311828
vehicle/cable car/n04231693_5428.jpg,-1.038910059834741,0.1615353716142351
vehicle/cable car/n04231693_6347.jpg,-0.9107282980415852,0.2028709344723009
vehicle/cable car/n04231693_7368.jpg,-1.081415076810681,0.3178291769897101
vehicle/cable car/n04231693_7616.jpg,-0.9046396021772274,0.2618571421816859
vehicle/cable car/n04231693_8412.jpg,-0.968159005559811,0.1362027572209984
vehicle/cable car/n04231693_8757.jpg,-1.0118546041621408,0.2698473075042112
vehicle/camper/000000153987.jpg,-0.7142266379536167,0.1669724000199448
vehicle/camper/n02946348_11195.jpg,-0.6534744176281734,0.2813553484166792
vehicle/camper/n02946348_1134.jpg,-1.538868218197364,0.0816882429375812
vehicle/camper/n02946348_11568.jpg,-1.1742494552630722,0.2068662342338971
vehicle/camper/n02946348_11646.jpg,-0.9584392319776052,0.198797184061752
vehicle/camper/n02946348_1191.jpg,-0.894004213697119,0.1314056798349992
vehicle/camper/n02946348_11948.jpg,-0.7642909159698653,0.1287582082287352
vehicle/camper/n02946348_13175.jpg,-0.7082752704884747,0.2603579416378488
vehicle/camper/n02946348_13257.jpg,-0.829616541757147,0.2817563098717757
vehicle/camper/n02946348_13332.jpg,-1.118155466673343,0.1365952724687021
vehicle/camper/n02946348_14246.jpg,-0.8150308874789208,0.2215774862988092
vehicle/camper/n02946348_1541.jpg,-1.1200654816408813,0.140906985069598
vehicle/camper/n02946348_15558.jpg,-1.0976241614027114,0.2424124908006821
vehicle/camper/n02946348_15930.jpg,-1.344615500345612,0.2774232864926871
vehicle/camper/n02946348_16122.jpg,-1.0791342344487744,0.2532241671372106
vehicle/camper/n02946348_16293.jpg,-0.771561266090535,0.1797305165100224
vehicle/camper/n02946348_16367.jpg,-1.288182602461181,0.1411203199071237
vehicle/camper/n02946348_16835.jpg,-0.919132101477904,0.23675604970569
vehicle/camper/n02946348_16904.jpg,-1.029878319535561,0.2512107040408927
vehicle/camper/n02946348_17198.jpg,-1.014177069631535,0.2465993560440434
vehicle/camper/n02946348_17390.jpg,-0.8607811378093153,0.2637014517112396
vehicle/camper/n02946348_17589.jpg,-0.9373548237198434,0.1872752420470263
vehicle/camper/n02946348_18684.jpg,-0.9217409454655692,0.1536977271502941
vehicle/camper/n02946348_18783.jpg,-1.3396216251665627,0.0851826868481969
vehicle/camper/n02946348_19028.jpg,-1.3149409766985456,0.1002724414134284
vehicle/camper/n02946348_20314.jpg,-1.0404316409012555,0.2481515421035136
vehicle/camper/n02946348_20324.jpg,-0.9243064251854688,0.1680509976616142
vehicle/camper/n02946348_21746.jpg,-0.8875960389699653,0.1787887191381368
vehicle/camper/n02946348_22022.jpg,-0.8147479220683365,0.1836915606249836
vehicle/camper/n02946348_22457.jpg,-0.8928474464641638,0.2104297909436321
vehicle/camper/n02946348_23420.jpg,-1.0852935456625836,0.2227122853594826
vehicle/camper/n02946348_23781.jpg,-0.9898157754439484,0.348805303531014
vehicle/camper/n02946348_23994.jpg,-1.211428271739196,0.1306564665033342
vehicle/camper/n02946348_24721.jpg,-1.0724027630843171,0.2360395870740339
vehicle/camper/n02946348_24802.jpg,-0.8070861868767514,0.0622964751481263
vehicle/camper/n02946348_25549.jpg,-0.8725146072891796,0.2457014330020999
vehicle/camper/n02946348_26905.jpg,-1.8066794075196144,0.192652838807666
vehicle/camper/n02946348_29473.jpg,-0.7532351019167012,0.3493105617107746
vehicle/camper/n02946348_30616.jpg,-1.1619435157627764,0.1872461396870846
vehicle/camper/n02946348_3065.jpg,-0.8641578762632085,0.1430241783939533
vehicle/camper/n02946348_30706.jpg,-1.093906100837451,0.0678086037901234
vehicle/camper/n02946348_30836.jpg,-1.0429678092208323,0.2331836069483643
vehicle/camper/n02946348_3118.jpg,-0.6104004404228656,0.2560211610747598
vehicle/camper/n02946348_31182.jpg,-0.9079157660007846,0.2521205157999643
vehicle/camper/n02946348_31339.jpg,-1.0862908573077223,0.132827116184949
vehicle/camper/n02946348_32456.jpg,-1.1288359836571735,0.1129372464805535
vehicle/camper/n02946348_33646.jpg,-1.056639030427975,0.1708875417891811
vehicle/camper/n02946348_33700.jpg,-0.8465690774004371,0.3028071770778078
vehicle/camper/n02946348_34662.jpg,-0.928080131994551,0.3089874727042869
vehicle/camper/n02946348_34746.jpg,-1.2808138994045664,0.0970909477879787
vehicle/camper/n02946348_35242.jpg,-0.7913923142240542,0.2270060527770845
vehicle/camper/n02946348_35937.jpg,-1.5657386116304268,0.2296295655633492
vehicle/camper/n02946348_39389.jpg,-1.1336658343775716,0.1529295563193868
vehicle/camper/n02946348_413.jpg,-1.035489963866827,0.2191442898738272
vehicle/camper/n02946348_4343.jpg,-1.2919101290523711,0.2509593538587814
vehicle/camper/n02946348_4367.jpg,-0.6353047515489555,0.1583896604787969
vehicle/camper/n02946348_4508.jpg,-1.6630217693592004,0.2479874337325741
vehicle/camper/n02946348_4726.jpg,-1.6683047282147974,0.0843573334070521
vehicle/camper/n02946348_5029.jpg,-0.9804488466105388,0.186899295990205
vehicle/camper/n02946348_5142.jpg,-1.108305326752455,0.1940607765252545
vehicle/camper/n02946348_5270.jpg,-0.9243649561481854,0.2138933845418487
vehicle/camper/n02946348_587.jpg,-0.9581939293344474,0.2284977319220848
vehicle/camper/n02946348_601.jpg,-0.8243780136607626,0.2349379462906033
vehicle/camper/n02946348_6044.jpg,-0.9386332900706812,0.1454649253590503
vehicle/camper/n02946348_6244.jpg,-0.8687437511331851,0.2273558095838641
vehicle/camper/n02946348_6967.jpg,-0.9448657585234838,0.0045321400786336
vehicle/camper/n02946348_7257.jpg,-1.1807566556129387,0.2249379543777636
vehicle/camper/n02946348_806.jpg,-0.9344686745675452,0.3078795768367575
vehicle/camper/n02946348_8286.jpg,-0.893203425327375,0.1088217979984862
vehicle/camper/n02946348_919.jpg,-1.0980000637722769,0.236572768465414
vehicle/car/000000016977.jpg,-1.074811598018836,0.0990433177933177
vehicle/car/000000085482.jpg,-0.8160946502633692,0.3061281360334176
vehicle/car/000000086210.jpg,-1.1206860770206764,0.2994751419259077
vehicle/car/000000102741.jpg,-1.3765193499105035,0.1606283041769974
vehicle/car/000000178550.jpg,-1.3295235009872604,0.1377118256768367
vehicle/car/000000281721.jpg,-1.10902137507515,0.2260086920177086
vehicle/car/000000360374.jpg,-1.2524678360621757,0.0054076529492613
vehicle/car/000000369820.jpg,-1.221452761199476,0.2283510456868606
vehicle/car/000000409126.jpg,-1.2932132446192488,0.1472500224061183
vehicle/car/000000449872.jpg,-0.9283248934404124,0.2817423698205782
vehicle/car/000000492156.jpg,-1.06317553375795,0.3232884806488868
vehicle/car/n04166281_1059.jpg,-1.652652437126762,0.2113016294050776
vehicle/car/n04166281_11360.jpg,-1.136524041692312,0.259046803801928
vehicle/car/n04166281_1174.jpg,-1.6581900494182038,0.2379590909090909
vehicle/car/n04166281_1290.jpg,-1.3188553612653149,0.1705209456438846
vehicle/car/n04166281_1303.jpg,-1.3052367823833757,0.2437938828355988
vehicle/car/n04166281_14544.jpg,-0.8828799699364448,0.2820196599266367
vehicle/car/n04166281_1911.jpg,-0.9891645082629316,0.165888676278809
vehicle/car/n04166281_2061.jpg,-0.9342886098674996,0.323499413649169
vehicle/car/n04166281_21224.jpg,-1.2041433724914423,0.2114287598509579
vehicle/car/n04166281_21492.jpg,-0.5524511497158908,0.2452453698313345
vehicle/car/n04166281_21769.jpg,-1.5889150482867962,0.0948342794044065
vehicle/car/n04166281_2258.jpg,-1.1909934676881395,0.2115648830325774
vehicle/car/n04166281_2502.jpg,-0.959582946716191,0.2564010434611409
vehicle/car/n04166281_2596.jpg,-1.1832551713031878,0.1848999461726379
vehicle/car/n04166281_263.jpg,-0.7385443931017079,0.1907921561386908
vehicle/car/n04166281_2715.jpg,-1.015407725804358,0.1306779604685282
vehicle/car/n04166281_2937.jpg,-1.3492830026309337,0.2431963300477342
vehicle/car/n04166281_298.jpg,-1.5618817620044037,0.2724090716241755
vehicle/car/n04166281_3306.jpg,-1.3484106235971256,0.0675957544993077
vehicle/car/n04166281_3840.jpg,-1.024915194134212,0.1719838713855239
vehicle/car/n04166281_388.jpg,-1.1815157111909749,0.2644352426961122
vehicle/car/n04166281_3917.jpg,-1.6014147804914085,0.2333122597754267
vehicle/car/n04166281_3944.jpg,-1.895574709500742,0.188657967799072
vehicle/car/n04166281_4467.jpg,-1.2614642688556938,0.3296847692687982
vehicle/car/n04166281_4636.jpg,-0.9741496208920706,0.255376109947236
vehicle/car/n04166281_4690.jpg,-0.8337044031099949,0.2473807041064601
vehicle/car/n04166281_4756.jpg,-0.8088953015217495,0.1590503148794242
vehicle/car/n04166281_4869.jpg,-0.9990219941726272,0.1022872080548406
vehicle/car/n04166281_4915.jpg,-0.8542077204949357,0.2576346212709849
vehicle/car/n04166281_4975.jpg,-0.6269964737059148,0.1921242143941719
vehicle/car/n04166281_5182.jpg,-1.0588117951448663,0.262850632936149
vehicle/car/n04166281_5438.jpg,-0.9555912101009916,0.1718042493904562
vehicle/car/n04166281_5551.jpg,-0.9663037388438542,0.1658057851239669
vehicle/car/n04166281_5691.jpg,-1.0552854088296983,0.1012373398413666
vehicle/car/n04166281_5699.jpg,-1.172737139998387,0.0784368670481584
vehicle/car/n04166281_5751.jpg,-1.5301765380510504,0.2729428759311363
vehicle/car/n04166281_5752.jpg,-0.8891710509993085,0.2905581009029284
vehicle/car/n04166281_5973.jpg,-1.2833828835737475,0.1908484480952643
vehicle/car/n04166281_623.jpg,-0.9306970160731082,0.2161096471183111
vehicle/car/n04166281_6355.jpg,-0.9110123445716324,0.2752516953962896
vehicle/car/n04166281_6464.jpg,-1.2256175513939982,0.1920042888871869
vehicle/car/n04166281_6507.jpg,-1.3835210621897205,0.2449613810332681
vehicle/car/n04166281_6586.jpg,-1.3425758096753075,0.271286231884058
vehicle/car/n04166281_6626.jpg,-0.8641052000884782,0.1536836493943671
vehicle/car/n04166281_6665.jpg,-0.8917719594383754,0.3282070718514276
vehicle/car/n04166281_6690.jpg,-1.1081890503008494,0.0680245707479624
vehicle/car/n04166281_6786.jpg,-0.9106090145760194,0.1649071408911302
vehicle/car/n04166281_69.jpg,-0.9843636431965104,0.1723305337512191
vehicle/car/n04166281_7105.jpg,-0.7781651449563893,0.2514608217578514
vehicle/car/n04166281_73.jpg,-0.954247648259215,0.3333952921616919
vehicle/car/n04166281_8236.jpg,-1.1623747063065133,0.1729235111238506
vehicle/car/n04166281_927.jpg,-0.8076597042207222,0.2289245598352054
vehicle/car/n04166281_9737.jpg,-1.6973835412674116,0.0804834131118757
vehicle/fishing boat/000000175136.jpg,-0.952293818135588,0.1583843010696718
vehicle/fishing boat/000000377572.jpg,-1.0978182471954538,0.1344839955148465
vehicle/fishing boat/n03351262_1099.jpg,-1.6660987874587403,0.1617237747771467
vehicle/fishing boat/n03351262_1111.jpg,-1.1635224959038228,0.1928415492008733
vehicle/fishing boat/n03351262_1287.jpg,-1.2280528545372245,0.2254597254597254
vehicle/fishing boat/n03351262_13855.jpg,-1.0441864721866103,0.2599314542018212
vehicle/fishing boat/n03351262_1451.jpg,-1.493748162259619,0.1051788825921099
vehicle/fishing boat/n03351262_1454.jpg,-1.0373036450141937,0.205563233952933
vehicle/fishing boat/n03351262_15090.jpg,-0.920400222847626,0.038129330884446
vehicle/fishing boat/n03351262_17471.jpg,-1.0423114964618616,0.3154408288040299
vehicle/fishing boat/n03351262_1791.jpg,-1.1978362627192,0.3402364237325175
vehicle/fishing boat/n03351262_1903.jpg,-1.7219250396393084,0.2116346955796497
vehicle/fishing boat/n03351262_2266.jpg,-1.4027007529177595,0.1807846722582184
vehicle/fishing boat/n03351262_2268.jpg,-0.9659356337866284,0.2005788595662573
vehicle/fishing boat/n03351262_24380.jpg,-1.6427562137548275,0.3557790795881326
vehicle/fishing boat/n03351262_341.jpg,-1.070878031221676,0.1316407945750939
vehicle/fishing boat/n03351262_343.jpg,-1.2817631255007045,0.2132944020063364
vehicle/fishing boat/n03351262_4056.jpg,-1.0338982903404963,0.2546198751280614
vehicle/fishing boat/n03351262_4099.jpg,-0.8895353056702258,0.2546540083986402
vehicle/fishing boat/n03351262_4636.jpg,-0.9130925255166772,0.3441686406433505
vehicle/fishing boat/n03351262_4914.jpg,-0.9457653529893733,0.3098581604794929
vehicle/fishing boat/n03351262_5021.jpg,-1.1992514949836766,0.2647257564770255
vehicle/fishing boat/n03351262_5274.jpg,-0.8639930176458636,0.3425426531216382
vehicle/fishing boat/n03351262_5778.jpg,-0.9425231046518028,0.3335478199400041
vehicle/fishing boat/n03351262_6605.jpg,-1.0891224205545933,0.1479720896217673
vehicle/fishing boat/n03351262_6706.jpg,-1.018894516025051,0.2434344013895336
vehicle/fishing boat/n03351262_7325.jpg,-0.8987458812052105,0.3193840245841565
vehicle/fishing boat/n03351262_7679.jpg,-1.2435340013334568,0.3742812537528521
vehicle/fishing boat/n03351262_797.jpg,-0.8747118181922031,0.3362349933623499
vehicle/fishing boat/n03351262_8162.jpg,-1.179825521691702,0.2691089231916017
vehicle/fishing boat/n03351262_868.jpg,-1.131090284464205,0.1943417159763313
vehicle/fishing boat/n03351262_897.jpg,-1.8541559416626696,0.2186871051495491
vehicle/fishing boat/n03351262_964.jpg,-0.8745090421050323,0.2585694993589025
vehicle/forklift/n03384352_10087.jpg,-0.8912565646372635,0.3135684039939359
vehicle/forklift/n03384352_10431.jpg,-1.2477481707257496,0.2262851683680589
vehicle/forklift/n03384352_10506.jpg,-1.114291391646872,0.0977668965883634
vehicle/forklift/n03384352_10775.jpg,-1.0832501217342008,0.1836236738730836
vehicle/forklift/n03384352_11309.jpg,-1.5445147815611662,0.2454390924543909
vehicle/forklift/n03384352_11538.jpg,-1.0400726803957177,0.1333119177642145
vehicle/forklift/n03384352_12110.jpg,-1.262509521977721,0.1980373449638816
vehicle/forklift/n03384352_12186.jpg,-1.0263838702004984,0.175187035082697
vehicle/forklift/n03384352_12226.jpg,-0.9542273631753988,0.1944941968012147
vehicle/forklift/n03384352_12708.jpg,-1.336485407914928,0.1289018232893693
vehicle/forklift/n03384352_149.jpg,-0.6001445053921053,0.3470846888070639
vehicle/forklift/n03384352_14928.jpg,-1.7513234324236189,0.2099973551970378
vehicle/forklift/n03384352_15031.jpg,-1.2848899570161063,0.0860155661561636
vehicle/forklift/n03384352_1547.jpg,-1.1529800467916682,0.2160060571996599
vehicle/forklift/n03384352_1664.jpg,-0.8403971622000953,0.0699000905315378
vehicle/forklift/n03384352_1735.jpg,-1.0379402816678625,0.220046295563957
vehicle/forklift/n03384352_1736.jpg,-1.3018679513213147,0.2328504025397716
vehicle/forklift/n03384352_202.jpg,-1.2706934279692097,0.0888091411895771
vehicle/forklift/n03384352_2419.jpg,-1.149699056384388,0.2541214349807343
vehicle/forklift/n03384352_2459.jpg,-0.9834536608942096,0.1406268230732639
vehicle/forklift/n03384352_2487.jpg,-1.1865568140905776,0.187097696379498
vehicle/forklift/n03384352_2517.jpg,-1.5373578938192072,0.2366988342798582
vehicle/forklift/n03384352_2786.jpg,-0.9255918433450112,0.1994188583174779
vehicle/forklift/n03384352_29.jpg,-1.187184883850313,0.0808281236310036
vehicle/forklift/n03384352_2940.jpg,-1.0320977601856056,0.205901124482871
vehicle/forklift/n03384352_2997.jpg,-1.040790357904386,0.3317000407968993
vehicle/forklift/n03384352_304.jpg,-1.150695614143289,0.0645483316913258
vehicle/forklift/n03384352_3142.jpg,-1.5230435548040604,0.0574697539138128
vehicle/forklift/n03384352_3206.jpg,-1.5676806107790613,0.158698399326032
vehicle/forklift/n03384352_3472.jpg,-1.1533465061367285,-0.0583561016172552
vehicle/forklift/n03384352_3478.jpg,-1.2729969117658857,0.0658820716893362
vehicle/forklift/n03384352_3531.jpg,-2.0201629354781,0.1264969074878273
vehicle/forklift/n03384352_3643.jpg,-1.1800466162076249,0.2491476039923129
vehicle/forklift/n03384352_365.jpg,-0.6337198712257283,0.2136149320032732
vehicle/forklift/n03384352_3683.jpg,-1.2064576648905587,0.2456055102137094
vehicle/forklift/n03384352_377.jpg,-1.2755847838209653,0.142600105322697
vehicle/forklift/n03384352_4114.jpg,-0.9901081661040316,0.2307166467646194
vehicle/forklift/n03384352_4118.jpg,-1.0353778223480523,0.1595459359340543
vehicle/forklift/n03384352_4289.jpg,-1.6696373530874205,0.1529017857142857
vehicle/forklift/n03384352_4313.jpg,-1.3517392315719938,0.1977552413378083
vehicle/forklift/n03384352_4345.jpg,-1.6797014647295974,-0.0121855278194106
vehicle/forklift/n03384352_4362.jpg,-0.8512661286253751,0.1661029754894335
vehicle/forklift/n03384352_4420.jpg,-0.8405052633612058,0.1181710018293744
vehicle/forklift/n03384352_4459.jpg,-1.0521665001488272,0.2422663252240717
vehicle/forklift/n03384352_4667.jpg,-0.928267154295444,0.2259777213716392
vehicle/forklift/n03384352_4683.jpg,-1.5909857272464656,0.1453725838399017
vehicle/forklift/n03384352_4830.jpg,-1.1371526053118932,0.1852204112023565
vehicle/forklift/n03384352_4866.jpg,-1.2284999244656585,0.1159816542219662
vehicle/forklift/n03384352_4888.jpg,-0.9660197046815344,0.2519597686264352
vehicle/forklift/n03384352_5269.jpg,-1.025753004624825,0.1278824901882586
vehicle/forklift/n03384352_5294.jpg,-1.233734947834376,0.088071313394492
vehicle/forklift/n03384352_6010.jpg,-1.7965886670239573,0.1736344880008687
vehicle/forklift/n03384352_6124.jpg,-1.1547517043672777,0.3029390207559783
vehicle/forklift/n03384352_62.jpg,-0.5759146529371538,0.2047079656597204
vehicle/forklift/n03384352_6321.jpg,-0.8691825171185878,0.1871807967313586
vehicle/forklift/n03384352_6451.jpg,-1.5497945729409024,0.3051779549449685
vehicle/forklift/n03384352_6532.jpg,-1.874631745657925,0.1264322673762138
vehicle/forklift/n03384352_6548.jpg,-1.552211657971686,0.2688479419466933
vehicle/forklift/n03384352_6549.jpg,-1.7624113622460724,0.1753052275593259
vehicle/forklift/n03384352_7010.jpg,-1.0740139203291688,0.2020073098567036
vehicle/forklift/n03384352_7040.jpg,-1.0100077120553124,0.2555227646970766
vehicle/forklift/n03384352_736.jpg,-1.390056332584979,0.2774459855125668
vehicle/forklift/n03384352_7515.jpg,-1.0474503917160545,0.2052765621787636
vehicle/forklift/n03384352_7864.jpg,-1.1019670423743504,0.1157134366570658
vehicle/forklift/n03384352_7952.jpg,-0.983992429663582,0.263616914557124
vehicle/forklift/n03384352_8021.jpg,-1.1664279009915548,0.2796538574635818
vehicle/forklift/n03384352_8326.jpg,-1.2710981557137309,0.1931168772729318
vehicle/forklift/n03384352_887.jpg,-0.6753865918031068,0.2191617953036758
vehicle/forklift/n03384352_9491.jpg,-0.8598117373208255,0.0238006724323176
vehicle/forklift/n03384352_9687.jpg,-1.8956541398318767,0.1092875735081461
vehicle/forklift/n03384352_9766.jpg,-0.800359879195441,0.1828795249226104
vehicle/forklift/n03384352_9868.jpg,-0.9557995840039516,0.0595689470568228
vehicle/freighter/000000416279.jpg,-1.0794794519588908,0.3902175196228892
vehicle/freighter/n02878222_10543.jpg,-0.9959064535214758,0.2712304762368346
vehicle/freighter/n02878222_10852.jpg,-0.9623821850034132,0.3920994169633589
vehicle/freighter/n02878222_1152.jpg,-0.9082261830928072,0.3450922599858771
vehicle/freighter/n02878222_11521.jpg,-1.0810650948430776,0.2947227940012215
vehicle/freighter/n02878222_1224.jpg,-1.0528822718658524,0.3524091611074125
vehicle/freighter/n02878222_12402.jpg,-1.058472305574003,0.3189061520644553
vehicle/freighter/n02878222_13661.jpg,-0.9719041345029048,0.2490900277618649
vehicle/freighter/n02878222_13850.jpg,-1.039652998358645,0.2458274448685607
vehicle/freighter/n02878222_13912.jpg,-1.04708995765096,0.3239739749667745
vehicle/freighter/n02878222_14198.jpg,-1.0292346424153915,0.227490909090909
vehicle/freighter/n02878222_14542.jpg,-1.2681590160765606,0.329568166676761
vehicle/freighter/n02878222_14772.jpg,-1.089544669252836,0.3720693695201554
vehicle/freighter/n02878222_1516.jpg,-0.8997024889292974,0.1564279350815354
vehicle/freighter/n02878222_15173.jpg,-0.9107249659539848,0.377257490469811
vehicle/freighter/n02878222_16027.jpg,-1.0765135260124183,0.3219542419746426
vehicle/freighter/n02878222_16300.jpg,-0.9643601115570716,0.4255469614896161
vehicle/freighter/n02878222_16377.jpg,-0.9836853908056444,0.1738336319222305
vehicle/freighter/n02878222_16581.jpg,-0.8041988039868926,0.3893674903649966
vehicle/freighter/n02878222_1696.jpg,-1.1139662624461426,0.2122289674974923
vehicle/freighter/n02878222_17573.jpg,-1.139241957783297,0.3500319110994312
vehicle/freighter/n02878222_17636.jpg,-0.989934149066972,0.2170619235836627
vehicle/freighter/n02878222_17891.jpg,-1.0148416347245774,0.232725187196445
vehicle/freighter/n02878222_17948.jpg,-0.9882759696291832,0.3295217207667657
vehicle/freighter/n02878222_18067.jpg,-0.9882211620807524,0.3425936675062209
vehicle/freighter/n02878222_18070.jpg,-0.799227004191449,0.3016462240874192
vehicle/freighter/n02878222_18358.jpg,-1.0328839292000418,0.3588399898244721
vehicle/freighter/n02878222_18521.jpg,-1.0080993640869589,0.1788895103044736
vehicle/freighter/n02878222_18806.jpg,-1.044036794394516,0.3608792001649143
vehicle/freighter/n02878222_18843.jpg,-1.045138555278159,0.3555552211403892
vehicle/freighter/n02878222_1910.jpg,-0.9623982342767916,0.1992654911619189
vehicle/freighter/n02878222_19277.jpg,-0.7909337256292759,0.3273311966737406
vehicle/freighter/n02878222_19400.jpg,-0.9909013558954836,0.2944607207815546
vehicle/freighter/n02878222_204.jpg,-0.9936578778603914,0.3724150297624848
vehicle/freighter/n02878222_2092.jpg,-0.8680854770883527,0.2784809512489751
vehicle/freighter/n02878222_21406.jpg,-1.1120014800782223,0.3565432158847577
vehicle/freighter/n02878222_21494.jpg,-0.9143678428974042,0.3083365719011887
vehicle/freighter/n02878222_2180.jpg,-1.0525743446153035,0.3184434711686696
vehicle/freighter/n02878222_22680.jpg,-0.9405605665209876,0.2545376922778375
vehicle/freighter/n02878222_23049.jpg,-1.072416011948254,0.2216257902160346
vehicle/freighter/n02878222_23074.jpg,-0.9675835197488254,0.3772443045170318
vehicle/freighter/n02878222_23308.jpg,-1.0210330382181383,0.2733728049383214
vehicle/freighter/n02878222_23354.jpg,-0.8480028966715816,0.4096809273699067
vehicle/freighter/n02878222_24359.jpg,-1.0901873249420415,0.3664465819432438
vehicle/freighter/n02878222_24389.jpg,-1.0004363908502607,0.346394683597293
vehicle/freighter/n02878222_26417.jpg,-0.9398381105272018,0.3651814680826233
vehicle/freighter/n02878222_26509.jpg,-0.8636046698334848,0.3087187315090343
vehicle/freighter/n02878222_26794.jpg,-0.8787842546549559,0.3797365822265126
vehicle/freighter/n02878222_30785.jpg,-1.0419789653543725,0.2621894399139541
vehicle/freighter/n02878222_30846.jpg,-1.2851924671951995,0.3769804724942207
vehicle/freighter/n02878222_30942.jpg,-1.097742961902799,0.2616949904088066
vehicle/freighter/n02878222_32269.jpg,-1.139089362637767,0.3345360114890519
vehicle/freighter/n02878222_34897.jpg,-0.9502367565200605,0.3911047067256002
vehicle/freighter/n02878222_35223.jpg,-0.9591543174300008,0.3286423193844654
vehicle/freighter/n02878222_35299.jpg,-0.9668272720102348,0.3624232810067738
vehicle/freighter/n02878222_3584.jpg,-0.898705371343242,0.3315967453996155
vehicle/freighter/n02878222_3677.jpg,-0.920014355584982,0.3987904660263251
vehicle/freighter/n02878222_3678.jpg,-1.0386202093588015,0.3353257411186447
vehicle/freighter/n02878222_37557.jpg,-0.8573677722493105,0.3798287345385348
vehicle/freighter/n02878222_37920.jpg,-1.01747143118419,0.1487578267016764
vehicle/freighter/n02878222_37931.jpg,-0.8401131852185426,0.3312557797195538
vehicle/freighter/n02878222_38486.jpg,-0.9197514921150344,0.3387687673096545
vehicle/freighter/n02878222_3982.jpg,-1.0775283053116618,0.3549454090529987
vehicle/freighter/n02878222_4032.jpg,-0.8716409782868905,0.3020550099755673
vehicle/freighter/n02878222_42342.jpg,-1.0206934947589257,0.265584030746022
vehicle/freighter/n02878222_4389.jpg,-1.0069360650761,0.3422242731887402
vehicle/freighter/n02878222_46730.jpg,-1.047594749531091,0.3184934430708285
vehicle/freighter/n02878222_46859.jpg,-1.035924207086408,0.2748125538506664
vehicle/freighter/n02878222_4686.jpg,-0.9295993076931728,0.2757238825328956
vehicle/freighter/n02878222_47064.jpg,-1.0390382805551426,0.3518143165555797
vehicle/freighter/n02878222_4730.jpg,-1.0000725640747008,0.3583197705959853
vehicle/freighter/n02878222_47630.jpg,-1.0263373140546983,0.3046375524907265
vehicle/freighter/n02878222_48037.jpg,-0.8875373586603779,0.3708919808884297
vehicle/freighter/n02878222_49287.jpg,-0.9464140397037012,0.3626501744635507
vehicle/freighter/n02878222_49624.jpg,-0.9524494649269396,0.2036589380614212
vehicle/freighter/n02878222_49784.jpg,-0.8377195903838044,0.4260794517442009
vehicle/freighter/n02878222_49964.jpg,-1.2183192911987992,0.2999412084921067
vehicle/freighter/n02878222_50742.jpg,-1.0245893605565863,0.3147644969536226
vehicle/freighter/n02878222_50828.jpg,-1.0779994868540117,0.3025839478725517
vehicle/freighter/n02878222_51202.jpg,-1.017267333314378,0.3544125760554515
vehicle/freighter/n02878222_51618.jpg,-1.033805546933788,0.307736181424483
vehicle/freighter/n02878222_5314.jpg,-0.961517835739332,0.3459646154351612
vehicle/freighter/n02878222_5468.jpg,-1.1476745426768369,0.2347082247172561
vehicle/freighter/n02878222_5540.jpg,-0.9333097558297386,0.3160158920027341
vehicle/freighter/n02878222_6102.jpg,-0.9215972550744138,0.3626889476064652
vehicle/freighter/n02878222_6258.jpg,-1.2341629149262858,0.3703126119557108
vehicle/freighter/n02878222_637.jpg,-0.9328292326424016,0.3181882085298366
vehicle/freighter/n02878222_6578.jpg,-0.8122592890951625,0.2653978286786542
vehicle/freighter/n02878222_6589.jpg,-0.986061000856302,0.3985655472411383
vehicle/freighter/n02878222_6607.jpg,-0.9694906212939698,0.2745598662028841
vehicle/freighter/n02878222_7125.jpg,-1.0373542881231377,0.294512079493306
vehicle/freighter/n02878222_7156.jpg,-1.054505638362888,0.2829707110586976
vehicle/freighter/n02878222_7418.jpg,-1.140731217564273,0.2727416510103139
vehicle/freighter/n02878222_744.jpg,-0.9592415568288556,0.225861443911197
vehicle/freighter/n02878222_7770.jpg,-0.8735518429774702,0.3304555498515725
vehicle/freighter/n02878222_8171.jpg,-1.0138272116101057,0.3666571030412329
vehicle/freighter/n02878222_8228.jpg,-0.9002922378361389,0.3082829165157057
vehicle/freighter/n02878222_903.jpg,-1.117712574286068,0.2361690134853448
vehicle/freighter/n02878222_9098.jpg,-1.0465805616764725,0.2506141265169499
vehicle/helicopter/n03512147_11785.jpg,-1.050163076806521,0.2813330135773317
vehicle/helicopter/n03512147_1201.jpg,-1.1729051647503574,0.332618000858399
vehicle/helicopter/n03512147_1210.jpg,-1.314461751960708,0.37715191321477
vehicle/helicopter/n03512147_1223.jpg,-1.177095214585354,0.2354840626795301
vehicle/helicopter/n03512147_1252.jpg,-1.226591918017979,0.381119941758175
vehicle/helicopter/n03512147_1318.jpg,-1.2855386210161406,0.4116698592341352
vehicle/helicopter/n03512147_1375.jpg,-1.5496890111227748,0.3318162787030542
vehicle/helicopter/n03512147_1408.jpg,-1.221264928224255,0.3159206658555232
vehicle/helicopter/n03512147_1417.jpg,-1.483347457309527,0.2741804025866783
vehicle/helicopter/n03512147_1448.jpg,-1.3767286124981724,0.158079391931036
vehicle/helicopter/n03512147_1461.jpg,-1.251429333358406,0.3402777135350657
vehicle/helicopter/n03512147_1585.jpg,-1.3523250761970251,0.3158356224440167
vehicle/helicopter/n03512147_1617.jpg,-1.2091895495201177,0.3970468398578833
vehicle/helicopter/n03512147_1768.jpg,-1.3965955314652445,0.3332704179064706
vehicle/helicopter/n03512147_1851.jpg,-1.1112000080610542,0.1798336304218657
vehicle/helicopter/n03512147_1888.jpg,-1.4218916922904798,0.3328411467946352
vehicle/helicopter/n03512147_2013.jpg,-0.7993068046764752,0.27101209700537
vehicle/helicopter/n03512147_2036.jpg,-1.209992676000109,0.403624987072086
vehicle/helicopter/n03512147_2076.jpg,-1.291499735923418,0.3594762703859642
vehicle/helicopter/n03512147_211.jpg,-1.4282943999561974,0.429563924977641
vehicle/helicopter/n03512147_2131.jpg,-1.4117671339688065,0.3252071163627479
vehicle/helicopter/n03512147_2169.jpg,-0.8287672804118223,0.2451098351584195
vehicle/helicopter/n03512147_2234.jpg,-1.158488614996306,0.1669784676290253
vehicle/helicopter/n03512147_224.jpg,-1.2097006234345906,0.2285150409664494
vehicle/helicopter/n03512147_231.jpg,-1.5450074573637778,0.3664438162870764
vehicle/helicopter/n03512147_23450.jpg,-0.5364667346046118,0.2898792567076296
vehicle/helicopter/n03512147_2566.jpg,-1.0355883517213156,0.1430250373514269
vehicle/helicopter/n03512147_2669.jpg,-0.9160857391745176,0.2797778340802204
vehicle/helicopter/n03512147_2680.jpg,-1.0895155641709982,0.3120666649882934
vehicle/helicopter/n03512147_2731.jpg,-1.1959319057519275,0.3439710854379633
vehicle/helicopter/n03512147_2754.jpg,-0.8901496715886412,0.4512153512303639
vehicle/helicopter/n03512147_2782.jpg,-0.8441459969649394,0.152579274971282
vehicle/helicopter/n03512147_28892.jpg,-1.0407716097788782,0.3065975286849073
vehicle/helicopter/n03512147_2987.jpg,-1.0457338118623083,0.2900343407766824
vehicle/helicopter/n03512147_3019.jpg,-1.150376993062558,0.3538854106616973
vehicle/helicopter/n03512147_304.jpg,-1.5014415775178045,0.346791738350765
vehicle/helicopter/n03512147_308.jpg,-1.1201325047044424,0.4365007533303705
vehicle/helicopter/n03512147_311.jpg,-0.8063220153358439,0.3793604191206202
vehicle/helicopter/n03512147_3122.jpg,-0.9419016879586956,0.3574458908129282
vehicle/helicopter/n03512147_315.jpg,-0.949422652976429,0.1527113237639553
vehicle/helicopter/n03512147_32807.jpg,-0.7738645014853718,0.3210901790248857
vehicle/helicopter/n03512147_3355.jpg,-0.999625593173562,0.2236590377665982
vehicle/helicopter/n03512147_3381.jpg,-1.288999535081508,0.289527966279035
vehicle/helicopter/n03512147_3442.jpg,-0.8064948096607542,0.26409130652303
vehicle/helicopter/n03512147_3643.jpg,-1.144291021823527,0.3595641205121475
vehicle/helicopter/n03512147_3705.jpg,-1.2624878716001593,0.3095520533242953
vehicle/helicopter/n03512147_3709.jpg,-1.1405617681503737,0.431278455849347
vehicle/helicopter/n03512147_376.jpg,-0.6648387958437215,0.3427275054098703
vehicle/helicopter/n03512147_3794.jpg,-1.3979585725170498,0.3562480560050848
vehicle/helicopter/n03512147_3800.jpg,-0.5144079611028135,0.3705588543749387
vehicle/helicopter/n03512147_3839.jpg,-1.3925195071845065,0.2448082453093414
vehicle/helicopter/n03512147_38622.jpg,-1.303581391195607,0.3864269036284373
vehicle/helicopter/n03512147_3959.jpg,-1.5175321602913447,0.3739341913480078
vehicle/helicopter/n03512147_39770.jpg,-1.337946954210424,0.3560107655502392
vehicle/helicopter/n03512147_4028.jpg,-1.0201620765996138,0.370672345859482
vehicle/helicopter/n03512147_40762.jpg,-1.2527261107989582,0.3776976329643909
vehicle/helicopter/n03512147_426.jpg,-1.1652746057798655,0.3544374906738525
vehicle/helicopter/n03512147_4278.jpg,-1.1167459461981053,0.4205132004643008
vehicle/helicopter/n03512147_438.jpg,-1.3470047999170125,0.2745553850320484
vehicle/helicopter/n03512147_4460.jpg,-0.9058094483674504,0.3610821875139056
vehicle/helicopter/n03512147_447.jpg,-1.1322611629084005,0.3550760706235913
vehicle/helicopter/n03512147_448.jpg,-1.072217376575012,0.3010261067443291
vehicle/helicopter/n03512147_4575.jpg,-1.1845810842047717,0.1744754032675589
vehicle/helicopter/n03512147_4628.jpg,-1.212670632655145,0.3278177371232374
vehicle/helicopter/n03512147_463.jpg,-1.4987864562699145,0.3585500139793965
vehicle/helicopter/n03512147_4639.jpg,-1.134167758326692,0.2348541729642233
vehicle/helicopter/n03512147_4982.jpg,-1.4064764621589363,0.3691485267963931
vehicle/helicopter/n03512147_5093.jpg,-0.7079029180791023,0.3213468874397598
vehicle/helicopter/n03512147_5293.jpg,-1.2316359347459311,0.3819844736819431
vehicle/helicopter/n03512147_5385.jpg,-0.9801499106835284,0.3101807637625483
vehicle/helicopter/n03512147_5436.jpg,-1.1860461896561216,0.2711338124628238
vehicle/helicopter/n03512147_5457.jpg,-1.251355411176987,0.3208446404341927
vehicle/helicopter/n03512147_5486.jpg,-1.2685499433200995,0.1780886807306886
vehicle/helicopter/n03512147_5493.jpg,-1.354252515662516,0.4431600752700074
vehicle/helicopter/n03512147_553.jpg,-1.0806309774079068,0.3782433123046891
vehicle/helicopter/n03512147_57.jpg,-1.1083013419135097,0.3659957502896463
vehicle/helicopter/n03512147_5820.jpg,-1.2205868291677904,0.3899098271100128
vehicle/helicopter/n03512147_5835.jpg,-0.8201457553878755,0.2410715121558495
vehicle/helicopter/n03512147_5976.jpg,-1.0834948735792194,0.2578132625373338
vehicle/helicopter/n03512147_6004.jpg,-1.1436863612259152,0.3628365907907814
vehicle/helicopter/n03512147_607.jpg,-1.2079514725736535,0.3633429507555382
vehicle/helicopter/n03512147_6092.jpg,-1.3541426656706272,0.223489487774061
vehicle/helicopter/n03512147_6184.jpg,-0.9159544959524984,0.3184608724226602
vehicle/helicopter/n03512147_6213.jpg,-1.235292536844553,0.352297722273727
vehicle/helicopter/n03512147_6294.jpg,-1.4111252519168245,0.2908849810888598
vehicle/helicopter/n03512147_6299.jpg,-0.9349391150585584,0.1741482483279915
vehicle/helicopter/n03512147_6317.jpg,-1.1531684629747685,0.353204500489618
vehicle/helicopter/n03512147_6403.jpg,-1.1544373404344876,0.1606284719160567
vehicle/helicopter/n03512147_6451.jpg,-1.296648595247682,0.2711772665764546
vehicle/helicopter/n03512147_6768.jpg,-1.3266754538683756,0.3361627531484983
vehicle/helicopter/n03512147_6874.jpg,-1.0530187605813923,0.348185687193571
vehicle/helicopter/n03512147_7211.jpg,-1.0109937096403678,0.3713642043088107
vehicle/helicopter/n03512147_7299.jpg,-1.1475926830945429,0.1566109807170141
vehicle/helicopter/n03512147_7399.jpg,-0.7667269267630404,0.2424068193796524
vehicle/helicopter/n03512147_7811.jpg,-1.129664225376684,0.3641128818764229
vehicle/helicopter/n03512147_853.jpg,-1.5866011542438212,0.3101650187554572
vehicle/helicopter/n03512147_862.jpg,-0.9422592443856908,0.4129931450721263
vehicle/helicopter/n03512147_962.jpg,-1.1728893507234135,0.3668766308867244
vehicle/hot-air balloon/n03541923_1034.jpg,-1.135038245373073,0.258604083423133
vehicle/hot-air balloon/n03541923_10735.jpg,-1.2797936942454986,0.2760942760942761
vehicle/hot-air balloon/n03541923_1119.jpg,-1.0352252499384622,0.3782269257460097
vehicle/hot-air balloon/n03541923_1152.jpg,-1.6522385981303866,0.3133812638910135
vehicle/hot-air balloon/n03541923_120.jpg,-1.0974829091383729,0.3493797444917608
vehicle/hot-air balloon/n03541923_1232.jpg,-1.0788193737639191,0.3357910623149504
vehicle/hot-air balloon/n03541923_1299.jpg,-1.2807336764515924,0.2239262152414333
vehicle/hot-air balloon/n03541923_1341.jpg,-0.7114749847180791,0.3362708719851576
vehicle/hot-air balloon/n03541923_1346.jpg,-1.1165094952840944,0.1766987678301876
vehicle/hot-air balloon/n03541923_1364.jpg,-1.1931629972387623,0.2395416181966685
vehicle/hot-air balloon/n03541923_1367.jpg,-0.7827080769331143,0.2840572442166067
vehicle/hot-air balloon/n03541923_1390.jpg,-0.6419622699284748,0.3776303157473395
vehicle/hot-air balloon/n03541923_1509.jpg,-1.4613024210996473,0.3846604644348399
vehicle/hot-air balloon/n03541923_1553.jpg,-0.8424856362968068,0.4360745019126828
vehicle/hot-air balloon/n03541923_1599.jpg,-0.7784269194431896,0.3471110505580345
vehicle/hot-air balloon/n03541923_1646.jpg,-1.2566769356747576,0.285542831717484
vehicle/hot-air balloon/n03541923_1742.jpg,-1.0059709875064062,0.3183923245236923
vehicle/hot-air balloon/n03541923_1761.jpg,-1.2800342186733042,0.2445755464048147
vehicle/hot-air balloon/n03541923_1765.jpg,-1.234897753638549,0.3325536192656207
vehicle/hot-air balloon/n03541923_1834.jpg,-1.181623148603801,0.2771418074516413
vehicle/hot-air balloon/n03541923_1885.jpg,-1.2636899128755674,0.38733391169353
vehicle/hot-air balloon/n03541923_1890.jpg,-1.0869865879928713,0.3225137485022581
vehicle/hot-air balloon/n03541923_1892.jpg,-1.0359105492484637,0.3219391975883472
vehicle/hot-air balloon/n03541923_1916.jpg,-1.2059049601218474,0.3707264375329085
vehicle/hot-air balloon/n03541923_1963.jpg,-1.1922659267585178,0.2391785279820963
vehicle/hot-air balloon/n03541923_2049.jpg,-1.1512810704654448,0.3895856565996038
vehicle/hot-air balloon/n03541923_2052.jpg,-1.0802428401301818,0.2317459256722327
vehicle/hot-air balloon/n03541923_2180.jpg,-1.0403980541868916,0.3100845463261569
vehicle/hot-air balloon/n03541923_227.jpg,-0.9784355786223996,0.385165809429193
vehicle/hot-air balloon/n03541923_2351.jpg,-0.9259493300613482,0.329458980762343
vehicle/hot-air balloon/n03541923_2423.jpg,-1.2699287182483334,0.2747450618456888
vehicle/hot-air balloon/n03541923_2426.jpg,-0.8118937449294716,0.3187112299465241
vehicle/hot-air balloon/n03541923_2456.jpg,-0.9715254421315604,0.3465976900391569
vehicle/hot-air balloon/n03541923_2537.jpg,-0.9584012221541548,0.3207179302118105
vehicle/hot-air balloon/n03541923_2560.jpg,-1.632246199733284,0.3396283974351594
vehicle/hot-air balloon/n03541923_2611.jpg,-1.7132756594113974,0.2936346601555846
vehicle/hot-air balloon/n03541923_2652.jpg,-1.18746414493189,0.3083384373086009
vehicle/hot-air balloon/n03541923_2653.jpg,-1.072324083241002,0.3310626956045281
vehicle/hot-air balloon/n03541923_2669.jpg,-1.1856752489622286,0.2807750499897359
vehicle/hot-air balloon/n03541923_2670.jpg,-0.7328880932912375,0.412824822949103
vehicle/hot-air balloon/n03541923_272.jpg,-0.8803786270589035,0.4391723303080742
vehicle/hot-air balloon/n03541923_274.jpg,-0.6686414166210949,0.2988957282934826
vehicle/hot-air balloon/n03541923_2802.jpg,-1.3040616335691513,0.3742779682090158
vehicle/hot-air balloon/n03541923_2848.jpg,-1.229006098633589,0.4234949755408464
vehicle/hot-air balloon/n03541923_2907.jpg,-0.953149860564114,0.4499918255868749
vehicle/hot-air balloon/n03541923_2920.jpg,-0.8125618426159029,0.1888128045706604
vehicle/hot-air balloon/n03541923_295.jpg,-0.7763280447183752,0.3587425605731532
vehicle/hot-air balloon/n03541923_3041.jpg,-1.4330456601785264,0.2915205264730318
vehicle/hot-air balloon/n03541923_3169.jpg,-0.8624731256487238,0.3032824220137481
vehicle/hot-air balloon/n03541923_3225.jpg,-1.3776697869477177,0.2394308210894681
vehicle/hot-air balloon/n03541923_3231.jpg,-1.060982652092999,0.3550109057513489
vehicle/hot-air balloon/n03541923_3253.jpg,-0.932917802601486,0.4145245764148502
vehicle/hot-air balloon/n03541923_3287.jpg,-1.648617233767586,0.3621663728081012
vehicle/hot-air balloon/n03541923_3397.jpg,-1.2508872817704224,0.4212911725955204
vehicle/hot-air balloon/n03541923_354.jpg,-1.14257128378551,0.3065749975791614
vehicle/hot-air balloon/n03541923_3554.jpg,-0.9712519030859148,0.3019124498862283
vehicle/hot-air balloon/n03541923_3649.jpg,-0.7798946586314423,0.2524879432862257
vehicle/hot-air balloon/n03541923_3651.jpg,-0.92480151297097,0.3786991098788851
vehicle/hot-air balloon/n03541923_3654.jpg,-1.4768575011123766,0.2424890372818176
vehicle/hot-air balloon/n03541923_3691.jpg,-1.3341171946367876,0.41173720571854
vehicle/hot-air balloon/n03541923_373.jpg,-1.1435032623761403,0.4411357240433861
vehicle/hot-air balloon/n03541923_3778.jpg,-1.240137637165838,0.4159837211122416
vehicle/hot-air balloon/n03541923_3836.jpg,-1.0881733364225763,0.3218370723025098
vehicle/hot-air balloon/n03541923_3877.jpg,-0.7717914179439421,0.3502198002335489
vehicle/hot-air balloon/n03541923_3913.jpg,-1.1011292913624895,0.3472531692483557
vehicle/hot-air balloon/n03541923_3937.jpg,-1.2749355992746922,0.2589385922719256
vehicle/hot-air balloon/n03541923_3962.jpg,-0.6788650184738949,0.3573282659588014
vehicle/hot-air balloon/n03541923_397.jpg,-1.6043220614674345,0.3271866840731071
vehicle/hot-air balloon/n03541923_4063.jpg,-0.8018523912702303,0.1535718004790169
vehicle/hot-air balloon/n03541923_4128.jpg,-1.1061232841702486,0.3811232123035344
vehicle/hot-air balloon/n03541923_4142.jpg,-1.3779674220784537,0.3523956946935941
vehicle/hot-air balloon/n03541923_4292.jpg,-0.9839989633395124,0.3944307273152977
vehicle/hot-air balloon/n03541923_4376.jpg,-1.2748623391231697,0.3796806484192224
vehicle/hot-air balloon/n03541923_4445.jpg,-1.37737429226612,0.3551050362352078
vehicle/hot-air balloon/n03541923_477.jpg,-1.1589480658630391,0.294893984299721
vehicle/hot-air balloon/n03541923_504.jpg,-0.7717294357995638,0.1980641902253333
vehicle/hot-air balloon/n03541923_5133.jpg,-1.168308287861323,0.3981307709631409
vehicle/hot-air balloon/n03541923_565.jpg,-0.8793399763245939,0.4092903171637876
vehicle/hot-air balloon/n03541923_579.jpg,-1.7183631973433915,0.1637401349026461
vehicle/hot-air balloon/n03541923_5803.jpg,-1.2647210805800806,0.1465065751858204
vehicle/hot-air balloon/n03541923_5874.jpg,-0.893400888555111,0.2451383591478446
vehicle/hot-air balloon/n03541923_611.jpg,-1.1189764638169764,0.4335642810772089
vehicle/hot-air balloon/n03541923_628.jpg,-0.7919361376220726,0.263592454948328
vehicle/hot-air balloon/n03541923_643.jpg,-1.2928875093116792,0.243297671491504
vehicle/hot-air balloon/n03541923_647.jpg,-0.7548264768174795,0.373621205131124
vehicle/hot-air balloon/n03541923_738.jpg,-0.8000269260956858,0.2333508528025499
vehicle/hot-air balloon/n03541923_739.jpg,-1.0649983233619569,0.3898798936829272
vehicle/hot-air balloon/n03541923_748.jpg,-0.7524700578793178,0.3901330058271708
vehicle/hot-air balloon/n03541923_755.jpg,-0.9713491623252694,0.3263662583810914
vehicle/hot-air balloon/n03541923_761.jpg,-1.2742261236183847,0.3641611755787509
vehicle/hot-air balloon/n03541923_855.jpg,-0.8811520845054066,0.2374549572737568
vehicle/hot-air balloon/n03541923_889.jpg,-0.9575077842369012,0.3612128500883763
vehicle/hot-air balloon/n03541923_95.jpg,-1.5717845048845571,0.1803626698576704
vehicle/hot-air balloon/n03541923_980.jpg,-1.060296417890933,0.345668594480005
vehicle/limousine/n03670208_10000.jpg,-1.2378860289425206,0.1415720452249404
vehicle/limousine/n03670208_10304.jpg,-1.5585484370722194,0.1820686500849414
vehicle/limousine/n03670208_10575.jpg,-1.1301100013865406,0.2411255820346729
vehicle/limousine/n03670208_10624.jpg,-0.9585248381077148,0.2108694289475333
vehicle/limousine/n03670208_1071.jpg,-1.8346952562493744,0.1859976662777129
vehicle/limousine/n03670208_1086.jpg,-1.3292570185307908,0.298079398589156
vehicle/limousine/n03670208_1113.jpg,-0.6552998070709419,0.0853947261000898
vehicle/limousine/n03670208_11267.jpg,-1.4803118632094363,0.1627268110254397
vehicle/limousine/n03670208_11611.jpg,-1.2292232887505117,0.2222403406259909
vehicle/limousine/n03670208_11796.jpg,-1.217675722904187,0.2748348640231687
vehicle/limousine/n03670208_12165.jpg,-0.834625122788752,0.1216339652488965
vehicle/limousine/n03670208_12364.jpg,-1.0667382005816757,0.2324085173909668
vehicle/limousine/n03670208_12615.jpg,-1.2813428157804274,0.1469969738934194
vehicle/limousine/n03670208_12822.jpg,-1.4001449317318606,0.2578797089435388
vehicle/limousine/n03670208_12941.jpg,-0.9075030631966652,0.2153462446226209
vehicle/limousine/n03670208_12964.jpg,-0.8241738164344414,0.248612817609018
vehicle/limousine/n03670208_13015.jpg,-1.2416349709794825,0.0929153174879548
vehicle/limousine/n03670208_1333.jpg,-1.8417448111472323,0.1441451461025721
vehicle/limousine/n03670208_13424.jpg,-1.3562036242206474,0.1809092906653882
vehicle/limousine/n03670208_13691.jpg,-1.2025862167332928,0.2175195794442656
vehicle/limousine/n03670208_13877.jpg,-1.2797991968588032,0.267529597870711
vehicle/limousine/n03670208_13910.jpg,-1.2820168693046774,0.0610978739002932
vehicle/limousine/n03670208_14758.jpg,-1.5448507359957768,0.2259562210079733
vehicle/limousine/n03670208_14846.jpg,-1.625266613592744,0.1404290678350204
vehicle/limousine/n03670208_15043.jpg,-0.9899902763309752,0.2729006782633683
vehicle/limousine/n03670208_15057.jpg,-1.223650699746483,0.2595280478342233
vehicle/limousine/n03670208_15077.jpg,-1.42535138621352,0.2477341146546034
vehicle/limousine/n03670208_1659.jpg,-1.5248974103372612,0.3648393025637355
vehicle/limousine/n03670208_16904.jpg,-1.7605135468776965,0.1908205430932704
vehicle/limousine/n03670208_1789.jpg,-1.098482985725939,0.1659808722745785
vehicle/limousine/n03670208_1953.jpg,-0.9369819645209853,0.156536689167289
vehicle/limousine/n03670208_20803.jpg,-1.8692797309973688,0.0871675116327522
vehicle/limousine/n03670208_2187.jpg,-1.210268057498566,0.2017556583718894
vehicle/limousine/n03670208_2214.jpg,-1.694728630829607,0.2025610885664798
vehicle/limousine/n03670208_25045.jpg,-1.898301452837752,0.2422453111602671
vehicle/limousine/n03670208_25070.jpg,-1.7351843292399955,0.130345148633371
vehicle/limousine/n03670208_25365.jpg,-1.7888517533116153,0.2503336373426494
vehicle/limousine/n03670208_2699.jpg,-1.0113853182223789,0.1930332242921724
vehicle/limousine/n03670208_28315.jpg,-0.8244367221407406,0.1897212121212121
vehicle/limousine/n03670208_285.jpg,-1.0576173204347834,0.2766549532647799
vehicle/limousine/n03670208_31575.jpg,-1.1857831085300332,0.1620110923559199
vehicle/limousine/n03670208_3198.jpg,-1.5571655705592786,0.2419435050726079
vehicle/limousine/n03670208_3267.jpg,-1.1805098932257374,0.1627814426908004
vehicle/limousine/n03670208_3334.jpg,-1.4955428138841804,0.1508049383250145
vehicle/limousine/n03670208_33811.jpg,-0.7729568832112413,0.2376481789306924
vehicle/limousine/n03670208_3432.jpg,-1.4900210979871815,0.0628666527980029
vehicle/limousine/n03670208_35150.jpg,-0.7377775410749389,0.3122993367647809
vehicle/limousine/n03670208_36069.jpg,-1.1385271929198368,0.2859470958271305
vehicle/limousine/n03670208_36693.jpg,-0.9383415862299556,0.2415534819130199
vehicle/limousine/n03670208_3695.jpg,-1.4778374702443513,0.2040925382860867
vehicle/limousine/n03670208_37080.jpg,-1.252879398492962,0.2860545595435173
vehicle/limousine/n03670208_37379.jpg,-0.9720934826695796,0.3220054109703833
vehicle/limousine/n03670208_3837.jpg,-0.7129697425949649,0.26529196555197
vehicle/limousine/n03670208_3857.jpg,-0.8570076399445324,0.1952226037713115
vehicle/limousine/n03670208_3865.jpg,-1.505753944110819,0.344179023752648
vehicle/limousine/n03670208_3971.jpg,-0.9786173521092164,0.1753340025626585
vehicle/limousine/n03670208_40294.jpg,-0.9344911149837968,0.2240468394705762
vehicle/limousine/n03670208_40668.jpg,-1.091641313280192,0.153982999629579
vehicle/limousine/n03670208_41966.jpg,-1.0601759641072055,0.2790745987614757
vehicle/limousine/n03670208_42256.jpg,-0.894216934412185,0.0839564223691513
vehicle/limousine/n03670208_4237.jpg,-1.5561729426670252,0.2579932911553649
vehicle/limousine/n03670208_43162.jpg,-1.1896574796545978,0.2467368178943131
vehicle/limousine/n03670208_4680.jpg,-1.7521384057929568,0.2206837775217669
vehicle/limousine/n03670208_4777.jpg,-1.0063741220381626,0.2284533315577318
vehicle/limousine/n03670208_48077.jpg,-0.9893821349413968,0.2592184453674663
vehicle/limousine/n03670208_4834.jpg,-1.67009880586871,0.1277405027405027
vehicle/limousine/n03670208_49557.jpg,-1.0211769451986512,0.1881151832460733
vehicle/limousine/n03670208_5002.jpg,-1.061428746718186,0.1200345534482536
vehicle/limousine/n03670208_51133.jpg,-1.141507634877266,0.0289209739275731
vehicle/limousine/n03670208_52450.jpg,-0.8663437137064598,0.2407670792282519
vehicle/limousine/n03670208_5255.jpg,-1.108333241173711,0.152011277984341
vehicle/limousine/n03670208_5369.jpg,-1.156062314075728,0.053840646087753
vehicle/limousine/n03670208_54805.jpg,-1.5680337922075085,0.1897383592017738
vehicle/limousine/n03670208_54844.jpg,-1.035319160789264,0.1630448020878643
vehicle/limousine/n03670208_5603.jpg,-0.8151916601036963,0.1880125754676555
vehicle/limousine/n03670208_5631.jpg,-1.1443592062131116,0.1604490791354805
vehicle/limousine/n03670208_5727.jpg,-0.912314730209658,0.1905145806599341
vehicle/limousine/n03670208_5802.jpg,-0.9995730777779072,0.2313507463371223
vehicle/limousine/n03670208_5831.jpg,-0.9334098791466692,0.2074973574394966
vehicle/limousine/n03670208_6098.jpg,-1.1095682804434692,0.1373399742139811
vehicle/limousine/n03670208_6108.jpg,-0.7597215844995564,0.3137758674552133
vehicle/limousine/n03670208_6139.jpg,-1.2206572497342274,0.1567596234586998
vehicle/limousine/n03670208_6382.jpg,-0.7854046605534576,0.3876362850929511
vehicle/limousine/n03670208_6553.jpg,-1.572535946087491,0.0655587000885603
vehicle/limousine/n03670208_6791.jpg,-1.1550363015062814,0.2547202878414845
vehicle/limousine/n03670208_7028.jpg,-0.816721892305965,0.2629488957736497
vehicle/limousine/n03670208_7337.jpg,-0.9241074987468324,0.2217007619508498
vehicle/limousine/n03670208_737.jpg,-1.0410020518054108,0.1912712683845358
vehicle/limousine/n03670208_7734.jpg,-1.3356948812425848,0.1251789082567937
vehicle/limousine/n03670208_7885.jpg,-1.8214210505101256,0.1399204436572689
vehicle/limousine/n03670208_8336.jpg,-1.2569717271788388,0.120047123502847
vehicle/limousine/n03670208_8659.jpg,-1.2172045139250005,0.2580253349055887
vehicle/limousine/n03670208_9432.jpg,-1.273731553789977,0.3279059480852054
vehicle/limousine/n03670208_9655.jpg,-1.2747123591203042,0.2280550468502746
vehicle/limousine/n03670208_9768.jpg,-1.3620748484678085,0.347394706689343
vehicle/limousine/n03670208_9812.jpg,-1.1348828089163756,0.1790928852755858
vehicle/motorcycle/000000002823.jpg,-1.0429404784178575,0.1535621310926103
vehicle/motorcycle/000000044240.jpg,-0.8647191238431194,0.0239889969244875
vehicle/motorcycle/000000055469.jpg,-1.1440359248601033,0.2685465193268635
vehicle/motorcycle/000000058713.jpg,-0.991869439300342,0.2356762291391717
vehicle/motorcycle/000000078307.jpg,-1.2924564813137172,0.038652423806573
vehicle/motorcycle/000000092529.jpg,-1.2400686630010802,0.1208863999036521
vehicle/motorcycle/000000108470.jpg,-0.9207678269798356,0.3150490403163825
vehicle/motorcycle/000000110159.jpg,-0.6867198567915344,0.2259256209042671
vehicle/motorcycle/000000110961.jpg,-0.7996132012571795,0.2879738915417805
vehicle/motorcycle/000000113455.jpg,-0.9853752575551828,0.0636450417167722
vehicle/motorcycle/000000117380.jpg,-1.1373752467192644,0.2086233497038005
vehicle/motorcycle/000000118644.jpg,-0.8511665698626061,0.2494497914134611
vehicle/motorcycle/000000120021.jpg,-1.1330824137874025,0.124204908622669
vehicle/motorcycle/000000150487.jpg,-0.8199441554219544,0.1929359359953265
vehicle/motorcycle/000000164657.jpg,-1.097175601880253,0.1119584636315351
vehicle/motorcycle/000000198495.jpg,-1.1251809519927212,0.13223311723291
vehicle/motorcycle/000000203304.jpg,-1.0029445626748672,0.2601877350843682
vehicle/motorcycle/000000225731.jpg,-1.1145729950385506,0.1913584904521459
vehicle/motorcycle/000000259316.jpg,-1.1096845068902683,0.2150776053215077
vehicle/motorcycle/000000342004.jpg,-0.9541940974064156,0.1071064935064935
vehicle/motorcycle/000000351711.jpg,-1.1280419988012793,0.0604565139765059
vehicle/motorcycle/000000369805.jpg,-1.1763582761650742,0.0352678256576627
vehicle/motorcycle/000000390817.jpg,-0.9555425040874465,0.1742342920076396
vehicle/motorcycle/000000395591.jpg,-0.8254120995548474,0.3382046339640454
vehicle/motorcycle/000000402794.jpg,-1.0627215517380115,0.2106107559125049
vehicle/motorcycle/000000405620.jpg,-0.8088517096951939,0.2135991228434703
vehicle/motorcycle/000000425131.jpg,-0.8191257689058049,0.2180255839684968
vehicle/motorcycle/000000436856.jpg,-1.1324923979822523,0.1623401795909161
vehicle/motorcycle/000000445218.jpg,-1.4899271540490169,0.0965401112982068
vehicle/motorcycle/000000470292.jpg,-1.140594019849115,0.227650091759154
vehicle/motorcycle/000000470300.jpg,-1.0881834145677045,0.3056072647116211
vehicle/motorcycle/000000496939.jpg,-0.8829498400053012,0.1513540882232748
vehicle/motorcycle/000000512394.jpg,-0.8946748251680234,0.1301193303938209
vehicle/motorcycle/000000518010.jpg,-0.5443589857095247,0.2844111854145725
vehicle/motorcycle/000000566278.jpg,-1.2072759551983792,0.2384805751875195
vehicle/motorcycle/n03790512_10156.jpg,-0.7713949063620156,0.0736574787422245
vehicle/motorcycle/n03790512_10899.jpg,-0.8767676979716841,0.193303688202982
vehicle/motorcycle/n03790512_10993.jpg,-1.2274028500995806,0.0613682005094456
vehicle/motorcycle/n03790512_11024.jpg,-0.7901904460722721,0.1658229628067215
vehicle/motorcycle/n03790512_11044.jpg,-0.8657303633054699,0.0826211759503052
vehicle/motorcycle/n03790512_11298.jpg,-0.8338388138365869,0.1739266281908792
vehicle/motorcycle/n03790512_11613.jpg,-1.0954258046822378,0.1980867208951302
vehicle/motorcycle/n03790512_1183.jpg,-1.0146388666008728,0.1349300992058458
vehicle/motorcycle/n03790512_11888.jpg,-0.9080517266640102,0.0805969919191063
vehicle/motorcycle/n03790512_12001.jpg,-0.7775309402732411,0.0771700578682098
vehicle/motorcycle/n03790512_12076.jpg,-0.9811127179670496,0.2907794769792619
vehicle/motorcycle/n03790512_12141.jpg,-1.1538640045991837,0.231167154343397
vehicle/motorcycle/n03790512_12399.jpg,-0.9445580947609844,0.2001435427453733
vehicle/motorcycle/n03790512_12426.jpg,-0.8617044355519915,0.231712174751044
vehicle/motorcycle/n03790512_12908.jpg,-0.9628604084457236,0.3125376240719395
vehicle/motorcycle/n03790512_13361.jpg,-1.0699478220036056,0.1321357861738986
vehicle/motorcycle/n03790512_13612.jpg,-1.0653068972284043,0.1519883555859044
vehicle/motorcycle/n03790512_13819.jpg,-0.91634957554535,0.0563956496718877
vehicle/motorcycle/n03790512_13869.jpg,-0.8369833687407543,0.249189401202824
vehicle/motorcycle/n03790512_13948.jpg,-1.0981285933471003,0.0687073761923178
vehicle/motorcycle/n03790512_14024.jpg,-1.2223915976282995,0.0415807560137457
vehicle/motorcycle/n03790512_14100.jpg,-1.0245378678475472,-0.0122517139091724
vehicle/motorcycle/n03790512_14144.jpg,-0.7806610587166376,0.066142480667041
vehicle/motorcycle/n03790512_14255.jpg,-1.0065379498564724,0.0943733241069111
vehicle/motorcycle/n03790512_14584.jpg,-1.0835770671073794,0.0492121771604808
vehicle/motorcycle/n03790512_14881.jpg,-1.2596231577071353,0.047342587498865
vehicle/motorcycle/n03790512_1490.jpg,-1.0285139862602637,0.0981654019786764
vehicle/motorcycle/n03790512_15268.jpg,-0.93041456189433,0.2341053170825417
vehicle/motorcycle/n03790512_1549.jpg,-1.1751937488914102,0.0039550230094642
vehicle/motorcycle/n03790512_1748.jpg,-0.8742005603260264,0.2868491607525065
vehicle/motorcycle/n03790512_1777.jpg,-0.9493330223441776,0.2006593572525103
vehicle/motorcycle/n03790512_2492.jpg,-0.976015419227603,0.2812232643619886
vehicle/motorcycle/n03790512_28698.jpg,-0.7821586587717307,0.3579256230707817
vehicle/motorcycle/n03790512_31607.jpg,-0.8514233052880541,0.1465444659933901
vehicle/motorcycle/n03790512_3214.jpg,-0.6884489981708997,0.2251020482616327
vehicle/motorcycle/n03790512_3266.jpg,-0.93031479093439,0.3049683159319318
vehicle/motorcycle/n03790512_370.jpg,-1.113569069308853,0.112623768105208
vehicle/motorcycle/n03790512_3785.jpg,-0.856082868290656,0.1935650493201812
vehicle/motorcycle/n03790512_38630.jpg,-0.8688067021552911,0.1122101409286907
vehicle/motorcycle/n03790512_3940.jpg,-0.972540701303588,0.1419571391686032
vehicle/motorcycle/n03790512_40609.jpg,-1.1060370684981162,0.0425187888423182
vehicle/motorcycle/n03790512_4298.jpg,-0.7061707585662571,0.2010898909337735
vehicle/motorcycle/n03790512_4315.jpg,-0.8865867335177025,0.1909884073033597
vehicle/motorcycle/n03790512_4715.jpg,-1.1496815501549094,0.0581570073209511
vehicle/motorcycle/n03790512_5014.jpg,-1.0359902771165523,0.0711642339960924
vehicle/motorcycle/n03790512_5423.jpg,-0.9304566940640352,0.3263304099038969
vehicle/motorcycle/n03790512_559.jpg,-0.7691811282835332,0.1663086821903908
vehicle/motorcycle/n03790512_5732.jpg,-0.9887091823184344,0.2024551841144322
vehicle/motorcycle/n03790512_5804.jpg,-0.660042618772508,0.2433636363636363
vehicle/motorcycle/n03790512_5927.jpg,-1.284620590744228,0.0986111608403849
vehicle/motorcycle/n03790512_6401.jpg,-0.7252994875061031,0.1770163285502226
vehicle/motorcycle/n03790512_6472.jpg,-0.7958608371279872,0.1059540044008383
vehicle/motorcycle/n03790512_6921.jpg,-0.9310068766573052,0.0863112619001269
vehicle/motorcycle/n03790512_7560.jpg,-1.0665790844456098,0.099925316777857
vehicle/motorcycle/n03790512_8493.jpg,-0.957186821202768,0.1440625643136448
vehicle/motorcycle/n03790512_8713.jpg,-0.8510571006419081,0.1333168832363753
vehicle/motorcycle/n03790512_932.jpg,-0.7181376189606979,0.2267509276437848
vehicle/motorcycle/n03790512_9380.jpg,-1.080529932497067,-0.0177912879136317
vehicle/motorcycle/n03790512_948.jpg,-0.7117088788384233,0.1914773939523245
vehicle/pleasure boat/000000003832.jpg,-0.8384982155936891,0.3057328172402971
vehicle/pleasure boat/000000263176.jpg,-1.1240972652603607,0.1618553306745188
vehicle/pleasure boat/000000358088.jpg,-1.2065028017325916,0.1708755024325221
vehicle/pleasure boat/000000529774.jpg,-1.3983871994517745,0.0547383650831926
vehicle/pleasure boat/000000544396.jpg,-1.1072154165135917,0.2715620676999519
vehicle/pleasure boat/000000544638.jpg,-1.720621156186379,0.1268099056679576
vehicle/pleasure boat/n02932891_10246.jpg,-1.0283069377282985,0.1299280224360007
vehicle/pleasure boat/n02932891_10282.jpg,-1.0206437212586856,0.1247038661222844
vehicle/pleasure boat/n02932891_110.jpg,-0.8099670490522379,0.3002803147867584
vehicle/pleasure boat/n02932891_12235.jpg,-1.2553207036880696,0.3073798239675017
vehicle/pleasure boat/n02932891_13200.jpg,-0.836187125848113,0.2864673136607714
vehicle/pleasure boat/n02932891_13317.jpg,-1.3618084995457662,0.2580767706131078
vehicle/pleasure boat/n02932891_14021.jpg,-0.9453023722361376,0.1578584046745481
vehicle/pleasure boat/n02932891_15330.jpg,-0.8532986065462852,0.315647474059462
vehicle/pleasure boat/n02932891_15504.jpg,-1.0326869438405728,0.126907020036791
vehicle/pleasure boat/n02932891_17305.jpg,-1.2971223464719714,0.2587958597747666
vehicle/pleasure boat/n02932891_17508.jpg,-0.9819638904555186,0.2810998865323382
vehicle/pleasure boat/n02932891_1765.jpg,-1.1047319039146128,0.2400843990427913
vehicle/pleasure boat/n02932891_17656.jpg,-1.163999140461955,0.2769744160177975
vehicle/pleasure boat/n02932891_17874.jpg,-1.2163838697037743,0.2257538227534021
vehicle/pleasure boat/n02932891_2007.jpg,-0.954587980756582,0.2388229865088629
vehicle/pleasure boat/n02932891_20139.jpg,-1.2228870345556062,0.2951760343064691
vehicle/pleasure boat/n02932891_20386.jpg,-1.4105545110079938,0.2913977377825917
vehicle/pleasure boat/n02932891_20843.jpg,-1.2884322708417837,0.1914427088386532
vehicle/pleasure boat/n02932891_20917.jpg,-1.1202799023651744,0.1986693974018765
vehicle/pleasure boat/n02932891_20947.jpg,-1.0133012737320644,0.1573620457604307
vehicle/pleasure boat/n02932891_22489.jpg,-0.9822010058599788,0.2933533210542912
vehicle/pleasure boat/n02932891_23097.jpg,-0.8576408711322311,0.3551438319343085
vehicle/pleasure boat/n02932891_24092.jpg,-1.1292726827524138,0.172089902717209
vehicle/pleasure boat/n02932891_26954.jpg,-1.2407829597628453,0.2791920044504978
vehicle/pleasure boat/n02932891_27456.jpg,-1.0790712810999354,0.2650396764634354
vehicle/pleasure boat/n02932891_27995.jpg,-0.9183976588732228,0.311767442891011
vehicle/pleasure boat/n02932891_28174.jpg,-0.909517062978834,0.3535254663359398
vehicle/pleasure boat/n02932891_2913.jpg,-0.9720217419168996,0.3049910476749244
vehicle/pleasure boat/n02932891_29563.jpg,-0.9642619423629524,0.1754661374009231
vehicle/pleasure boat/n02932891_30845.jpg,-1.3262951537139582,0.1467677968898472
vehicle/pleasure boat/n02932891_30898.jpg,-0.9712844329723684,0.2728448339203229
vehicle/pleasure boat/n02932891_3159.jpg,-1.1048409456340131,0.3194556639532716
vehicle/pleasure boat/n02932891_32504.jpg,-1.2949705767307989,0.243300458508493
vehicle/pleasure boat/n02932891_32573.jpg,-0.7739919523729638,0.3420898933468765
vehicle/pleasure boat/n02932891_3352.jpg,-1.090226415113971,0.174235968547856
vehicle/pleasure boat/n02932891_34440.jpg,-1.5727773241865044,0.1976632037256468
vehicle/pleasure boat/n02932891_34888.jpg,-1.066881361560786,0.1822480922723596
vehicle/pleasure boat/n02932891_36476.jpg,-1.0912695141803328,0.2035407901207583
vehicle/pleasure boat/n02932891_36723.jpg,-0.9888063047489332,0.1188008624886972
vehicle/pleasure boat/n02932891_37035.jpg,-1.1377146468656671,0.3466830679945434
vehicle/pleasure boat/n02932891_37141.jpg,-1.2270422473279066,0.2415207542549283
vehicle/pleasure boat/n02932891_37190.jpg,-0.7905466469127733,0.2375034027873849
vehicle/pleasure boat/n02932891_3734.jpg,-0.8852221278710043,0.3137000991441231
vehicle/pleasure boat/n02932891_3743.jpg,-0.906301139315361,0.1873514259056427
vehicle/pleasure boat/n02932891_37818.jpg,-1.071680198980494,0.0638118855725799
vehicle/pleasure boat/n02932891_38305.jpg,-1.0834723909122652,0.3163218327302192
vehicle/pleasure boat/n02932891_39466.jpg,-0.9953826412198596,0.2451292659703527
vehicle/pleasure boat/n02932891_40314.jpg,-1.0324211359029478,0.3727335756455238
vehicle/pleasure boat/n02932891_4721.jpg,-1.398109396467829,0.2542058638515639
vehicle/pleasure boat/n02932891_5651.jpg,-1.0402599333398976,0.2696604707474272
vehicle/pleasure boat/n02932891_5942.jpg,-1.1553173149952003,0.270439162241619
vehicle/pleasure boat/n02932891_6193.jpg,-1.1147403537702656,0.4148711241703104
vehicle/pleasure boat/n02932891_6352.jpg,-1.058418381923904,0.1922767872246845
vehicle/pleasure boat/n02932891_643.jpg,-1.4589213534885936,0.2852157235375769
vehicle/pleasure boat/n02932891_7006.jpg,-1.141508370207497,0.1664130071643342
vehicle/pleasure boat/n02932891_7848.jpg,-1.117874139873206,0.3589408479548907
vehicle/pleasure boat/n02932891_8061.jpg,-1.2376003712324577,0.1971314628835235
vehicle/pleasure boat/n02932891_8633.jpg,-0.7798822004920568,0.2074069836184373
vehicle/pleasure boat/n02932891_9150.jpg,-1.5976812759948138,0.1896669483578945
vehicle/pleasure boat/n02932891_9585.jpg,-0.8398624570010071,0.2705132540053822
vehicle/pleasure boat/n02932891_9865.jpg,-1.1661547023100642,0.2886955854568472
vehicle/pleasure boat/n02932891_9877.jpg,-0.9526596539742884,0.4231966497993369
vehicle/scooter/000000067823.jpg,-1.028024630970851,0.0700180826038949
vehicle/scooter/000000101749.jpg,-0.9313097969724624,0.1185407359068319
vehicle/scooter/000000246444.jpg,-1.2399701305450233,0.1401636909433843
vehicle/scooter/000000567057.jpg,-1.0218706878266897,0.0848218025447471
vehicle/scooter/n03791053_10016.jpg,-1.2090400815139803,0.1847424054673125
vehicle/scooter/n03791053_10146.jpg,-0.6763486605679029,0.208873672388399
vehicle/scooter/n03791053_10185.jpg,-0.9894825012035618,0.1486425452903096
vehicle/scooter/n03791053_10202.jpg,-1.2226630234859717,0.1332825992749257
vehicle/scooter/n03791053_10242.jpg,-1.3703082899201526,-0.0218387223337718
vehicle/scooter/n03791053_10279.jpg,-1.0581569712220682,0.1388612425295868
vehicle/scooter/n03791053_10430.jpg,-1.4686097914005365,0.0762871268253625
vehicle/scooter/n03791053_10559.jpg,-1.4623382404072969,0.0952947443181818
vehicle/scooter/n03791053_10886.jpg,-1.428131547962491,0.2287706181009876
vehicle/scooter/n03791053_11283.jpg,-1.3711419541340517,0.2417556144488478
vehicle/scooter/n03791053_11306.jpg,-0.8421198103163714,0.2897531374982761
vehicle/scooter/n03791053_11625.jpg,-1.1089221783779633,0.0894890111735328
vehicle/scooter/n03791053_1165.jpg,-1.3906073981600482,0.1959841795077634
vehicle/scooter/n03791053_11732.jpg,-0.6580523897657286,0.3152356540562506
vehicle/scooter/n03791053_12064.jpg,-1.5501822579665436,0.1132427712346327
vehicle/scooter/n03791053_12105.jpg,-1.3118657489975571,0.1692425379315721
vehicle/scooter/n03791053_12223.jpg,-0.8640382289989422,0.1884209063108146
vehicle/scooter/n03791053_12289.jpg,-1.0104321430830423,0.1794538777787432
vehicle/scooter/n03791053_12341.jpg,-0.993055948300112,0.2574185194663326
vehicle/scooter/n03791053_12453.jpg,-1.1969722021427385,0.0967324664167447
vehicle/scooter/n03791053_13346.jpg,-0.8653772201581797,0.3424021841821595
vehicle/scooter/n03791053_13776.jpg,-1.0387008067326056,0.2151190470990596
vehicle/scooter/n03791053_14626.jpg,-0.9020285241453871,0.1606495904239859
vehicle/scooter/n03791053_15334.jpg,-1.1183458825995205,0.1878779000079908
vehicle/scooter/n03791053_15494.jpg,-0.9911975797088048,0.2157511895237694
vehicle/scooter/n03791053_15694.jpg,-0.9725001363735232,0.2541131584226104
vehicle/scooter/n03791053_16241.jpg,-1.454222600536903,0.0449442191119434
vehicle/scooter/n03791053_16372.jpg,-0.7657150357155178,0.2130299431368315
vehicle/scooter/n03791053_16385.jpg,-1.1285261774388384,0.2939854533307014
vehicle/scooter/n03791053_16405.jpg,-0.980990096697424,0.2007184681572816
vehicle/scooter/n03791053_16934.jpg,-1.0839882385060495,0.1935364550004253
vehicle/scooter/n03791053_1838.jpg,-0.9280050329037692,0.2112739308313086
vehicle/scooter/n03791053_1871.jpg,-1.0563720337042664,0.0312036671212333
vehicle/scooter/n03791053_19618.jpg,-0.9741686200726142,0.1090090623120235
vehicle/scooter/n03791053_19693.jpg,-1.2406288453097771,0.0839099156891495
vehicle/scooter/n03791053_2009.jpg,-1.194542717666122,0.2956290098675571
vehicle/scooter/n03791053_20338.jpg,-1.8192391015674376,0.2140566541956172
vehicle/scooter/n03791053_2123.jpg,-0.8449887789930093,0.1793786975275178
vehicle/scooter/n03791053_22113.jpg,-1.1046700098114717,0.1160669539941866
vehicle/scooter/n03791053_22481.jpg,-0.8870793560776009,0.2806695503616735
vehicle/scooter/n03791053_22762.jpg,-0.6032552655502209,0.2420299211481839
vehicle/scooter/n03791053_22823.jpg,-0.8774424396206345,0.2427013620429258
vehicle/scooter/n03791053_22912.jpg,-1.267985089198973,0.1988951372545907
vehicle/scooter/n03791053_23754.jpg,-0.9757514604808808,0.1896065529743521
vehicle/scooter/n03791053_2534.jpg,-1.2403808189473613,0.1101497151811616
vehicle/scooter/n03791053_2585.jpg,-0.8918766361960384,0.2642459430369266
vehicle/scooter/n03791053_2629.jpg,-1.5196026476921585,0.0576792067216713
vehicle/scooter/n03791053_2632.jpg,-1.3103195059726402,0.164233143770327
vehicle/scooter/n03791053_27019.jpg,-0.813721101192747,0.2179364253908408
vehicle/scooter/n03791053_27357.jpg,-1.051621182536322,0.2026534827474346
vehicle/scooter/n03791053_28017.jpg,-1.082857855507937,0.2147972738824073
vehicle/scooter/n03791053_3033.jpg,-1.1294287099562634,0.2015149504866899
vehicle/scooter/n03791053_3528.jpg,-1.6628559936118728,0.1548191485354861
vehicle/scooter/n03791053_3744.jpg,-1.1557661681845857,0.1457174377391263
vehicle/scooter/n03791053_3847.jpg,-0.9695979720179017,0.3770234301780694
vehicle/scooter/n03791053_3966.jpg,-0.8139751712482708,0.255399710089604
vehicle/scooter/n03791053_4466.jpg,-1.2617398808013671,0.096096038137331
vehicle/scooter/n03791053_4739.jpg,-1.0148794600042474,0.2005196842672942
vehicle/scooter/n03791053_498.jpg,-0.7395778170758646,0.143859945872801
vehicle/scooter/n03791053_517.jpg,-1.2272995827641966,0.2394678492239468
vehicle/scooter/n03791053_5242.jpg,-0.7705564617275922,0.253924380991185
vehicle/scooter/n03791053_540.jpg,-1.674458780990806,0.0318557953822116
vehicle/scooter/n03791053_547.jpg,-0.9796950120444128,0.2925325467408903
vehicle/scooter/n03791053_5528.jpg,-1.4461288729777468,0.1120456593571643
vehicle/scooter/n03791053_5670.jpg,-1.0327627973348972,0.1453541783862756
vehicle/scooter/n03791053_5673.jpg,-1.1239565329159582,0.1746694680742031
vehicle/scooter/n03791053_5855.jpg,-1.5567883171510817,0.2136973992911695
vehicle/scooter/n03791053_6163.jpg,-1.356142441190017,0.1987191059531485
vehicle/scooter/n03791053_623.jpg,-0.9084814572087134,0.2618529570713597
vehicle/scooter/n03791053_6359.jpg,-1.687570136937497,0.1328420737150042
vehicle/scooter/n03791053_6407.jpg,-0.96910557761762,0.1388469116023295
vehicle/scooter/n03791053_6488.jpg,-1.1519608797375842,0.1970728548711161
vehicle/scooter/n03791053_6538.jpg,-1.4006991406426632,0.0461430697837317
vehicle/scooter/n03791053_7039.jpg,-1.5721479084075896,0.1235465852135612
vehicle/scooter/n03791053_7220.jpg,-0.952956550678846,0.1199540969298281
vehicle/scooter/n03791053_7319.jpg,-1.2589501348186354,0.1988771587233782
vehicle/scooter/n03791053_7694.jpg,-1.0625941916352706,0.2985429943904222
vehicle/scooter/n03791053_7703.jpg,-1.2105197272114805,0.2845512832830524
vehicle/scooter/n03791053_7764.jpg,-0.8074872113200392,-0.0156553948904163
vehicle/scooter/n03791053_7806.jpg,-1.3554723538880262,0.1294472623227987
vehicle/scooter/n03791053_7898.jpg,-1.5128928659894625,0.1796090885738972
vehicle/scooter/n03791053_7997.jpg,-1.3062032552754983,0.1976623524127641
vehicle/scooter/n03791053_8023.jpg,-0.9372496003358148,0.1480388400944043
vehicle/scooter/n03791053_8058.jpg,-0.8789534013814408,0.2322955040602099
vehicle/scooter/n03791053_8113.jpg,-0.9472201246964156,0.2165551170323444
vehicle/scooter/n03791053_845.jpg,-2.210144511067694,0.155630719428939
vehicle/scooter/n03791053_8496.jpg,-0.99312530272781,0.1736293731899736
vehicle/scooter/n03791053_8778.jpg,-0.7039003664717757,0.2104725124943208
vehicle/scooter/n03791053_8851.jpg,-1.4612098198604035,0.3093661111282255
vehicle/scooter/n03791053_9122.jpg,-0.8885310503343966,0.149919557299954
vehicle/scooter/n03791053_9223.jpg,-0.7547495278405679,0.1036027010239044
vehicle/scooter/n03791053_924.jpg,-0.8773267219658903,0.2115227680757304
vehicle/scooter/n03791053_9326.jpg,-0.8783279757026957,0.2904182102507923
vehicle/scooter/n03791053_9553.jpg,-0.984249404028286,0.2011125845771882
vehicle/scooter/n03791053_9730.jpg,-1.0438813113145122,0.3292233009708738
vehicle/scooter/n03791053_9992.jpg,-1.132730691425969,0.2300771048377067
vehicle/snowmobile/n04252077_1066.jpg,-0.8415224754252753,0.2304778554778555
vehicle/snowmobile/n04252077_1557.jpg,-1.6857330247898503,0.2586231710242265
vehicle/snowmobile/n04252077_3530.jpg,-0.8624768695072794,0.2040915904365448
vehicle/snowmobile/n04252077_3698.jpg,-1.0636464595580053,0.1976477004506115
vehicle/snowmobile/n04252077_3731.jpg,-0.8889238323369516,0.1580964779055471
vehicle/snowmobile/n04252077_41.jpg,-1.4651478986259634,0.3036663288238663
vehicle/snowmobile/n04252077_4506.jpg,-1.2522661916689029,0.261671605377031
vehicle/snowmobile/n04252077_4752.jpg,-0.7729547519455856,0.2904019284695233
vehicle/snowmobile/n04252077_57.jpg,-0.9296283933480992,0.1913979556565107
vehicle/snowmobile/n04252077_59.jpg,-1.3862864475826475,0.3245362330373401
vehicle/snowmobile/n04252077_5929.jpg,-0.9016609613311432,0.2341898543445504
vehicle/snowmobile/n04252077_6553.jpg,-0.8650480094669736,0.2855685811890192
vehicle/snowmobile/n04252077_6724.jpg,-1.1168077847000062,0.2255592841163311
vehicle/snowmobile/n04252077_6769.jpg,-0.9948577172929196,0.1752520350875564
vehicle/snowmobile/n04252077_7273.jpg,-1.0851200815092887,0.3437619464010301
vehicle/snowmobile/n04252077_7317.jpg,-1.5850854508873728,0.2965743612063182
vehicle/snowmobile/n04252077_7372.jpg,-0.8983175417833205,0.2085528499371252
vehicle/snowmobile/n04252077_7421.jpg,-1.1531983314344234,0.40439600658791
vehicle/snowmobile/n04252077_762.jpg,-1.1461553791491834,0.2387129210658622
vehicle/snowmobile/n04252077_8571.jpg,-1.1345759391987245,0.125583315771138
vehicle/subway train/000000486451.jpg,-1.4290222285903624,0.1170415871171246
vehicle/subway train/000000553079.jpg,-1.332214944630937,0.1702198581762341
vehicle/subway train/n04349306_10198.jpg,-1.237281983651245,0.1486136391553417
vehicle/subway train/n04349306_10700.jpg,-1.526349657785269,0.0414526223947436
vehicle/subway train/n04349306_10747.jpg,-1.2787420452621765,0.2198569856985698
vehicle/subway train/n04349306_11159.jpg,-1.515371003087834,0.1007350219448997
vehicle/subway train/n04349306_1205.jpg,-1.3564562146511874,0.3317647453795666
vehicle/subway train/n04349306_12061.jpg,-1.0271280915322163,0.3121681655650666
vehicle/subway train/n04349306_12217.jpg,-1.35261182559284,0.2299023671364096
vehicle/subway train/n04349306_12251.jpg,-1.1430710768980945,0.2984182296470909
vehicle/subway train/n04349306_12351.jpg,-1.1730819463975244,0.267982395819007
vehicle/subway train/n04349306_12365.jpg,-1.5421276509183488,0.2452631228951831
vehicle/subway train/n04349306_12612.jpg,-1.2827611378051471,0.1893580148986067
vehicle/subway train/n04349306_1353.jpg,-1.3426738042667572,0.1599062840706116
vehicle/subway train/n04349306_14046.jpg,-1.619795698812729,0.0970807636346053
vehicle/subway train/n04349306_14092.jpg,-1.0934519002299008,0.0966888277362426
vehicle/subway train/n04349306_14345.jpg,-1.0863124981223526,0.2199681633229843
vehicle/subway train/n04349306_14590.jpg,-1.1854716931895193,0.1457584440392463
vehicle/subway train/n04349306_1467.jpg,-1.1292628573485182,0.2091773497921307
vehicle/subway train/n04349306_1533.jpg,-1.0996331467443237,0.1655125164690382
vehicle/subway train/n04349306_1863.jpg,-1.1816360043031693,0.2153756850604526
vehicle/subway train/n04349306_195.jpg,-1.70198444565162,0.1400420891524775
vehicle/subway train/n04349306_2021.jpg,-1.323579282045114,0.1805578094403513
vehicle/subway train/n04349306_207.jpg,-1.1453526114086223,0.1170478016147836
vehicle/subway train/n04349306_2105.jpg,-1.0081904709572287,0.1144506053191827
vehicle/subway train/n04349306_2279.jpg,-1.2016018771694672,0.0475502828875262
vehicle/subway train/n04349306_2300.jpg,-1.2461621090254285,0.1456958782892183
vehicle/subway train/n04349306_2544.jpg,-0.942239716037902,0.260664445938831
vehicle/subway train/n04349306_2632.jpg,-1.3260843322857845,0.0580440621875042
vehicle/subway train/n04349306_2756.jpg,-1.5709252303286252,0.0843898929952342
vehicle/subway train/n04349306_2758.jpg,-1.3459072578586235,0.2202448682354011
vehicle/subway train/n04349306_2769.jpg,-1.2039928400875055,0.1985009936784077
vehicle/subway train/n04349306_2897.jpg,-1.1508945877388532,0.1748514150015088
vehicle/subway train/n04349306_2904.jpg,-1.019272293352511,0.1090317016977076
vehicle/subway train/n04349306_2956.jpg,-1.292728239220238,0.1370226767623317
vehicle/subway train/n04349306_2963.jpg,-1.1743925103339106,0.2778606509809114
vehicle/subway train/n04349306_2969.jpg,-1.420985409349513,0.2858457997698504
vehicle/subway train/n04349306_3.jpg,-1.073753999641863,0.3098363059343237
vehicle/subway train/n04349306_3271.jpg,-1.372172367905081,0.2352366262999557
vehicle/subway train/n04349306_3389.jpg,-1.1044738791612274,0.1468298505335542
vehicle/subway train/n04349306_3409.jpg,-1.6224293401255223,0.1051561690506923
vehicle/subway train/n04349306_3428.jpg,-1.5230250377029009,0.1498771498771498
vehicle/subway train/n04349306_3751.jpg,-0.9375748418146228,0.2469350245400012
vehicle/subway train/n04349306_4174.jpg,-1.2829514212749298,0.1533595252636664
vehicle/subway train/n04349306_4471.jpg,-1.216635645267816,0.0638631674084684
vehicle/subway train/n04349306_4500.jpg,-1.09990870602056,0.1862196607825694
vehicle/subway train/n04349306_4552.jpg,-1.3528305413184354,0.133886786095947
vehicle/subway train/n04349306_4561.jpg,-1.2486172298054692,0.1056188001993639
vehicle/subway train/n04349306_4586.jpg,-1.552523144316827,0.247074504001456
vehicle/subway train/n04349306_4622.jpg,-1.792513615538143,0.3327816764578143
vehicle/subway train/n04349306_4626.jpg,-1.4281194803551929,0.1327834327834328
vehicle/subway train/n04349306_4699.jpg,-1.462169288803862,0.182045512835459
vehicle/subway train/n04349306_4774.jpg,-1.164740842216709,0.2935970459404105
vehicle/subway train/n04349306_4811.jpg,-1.2916579977379352,0.2255284004879369
vehicle/subway train/n04349306_4822.jpg,-1.9690722768167308,0.281043104310431
vehicle/subway train/n04349306_4823.jpg,-1.2099307485683215,0.2340039562376367
vehicle/subway train/n04349306_4862.jpg,-1.574371277185744,0.0934201820134286
vehicle/subway train/n04349306_4886.jpg,-1.1592808820872569,0.2988648810116499
vehicle/subway train/n04349306_4982.jpg,-1.4924404423291462,0.0557847829674863
vehicle/subway train/n04349306_5052.jpg,-1.430506779311729,0.1478741094448427
vehicle/subway train/n04349306_5083.jpg,-1.014612380367673,0.0932428550911963
vehicle/subway train/n04349306_5124.jpg,-1.208286728434494,0.2136822860707725
vehicle/subway train/n04349306_5170.jpg,-1.515255196711723,0.135380806029474
vehicle/subway train/n04349306_5257.jpg,-1.6199143846894215,0.2617351543228446
vehicle/subway train/n04349306_5350.jpg,-1.7911143859305796,0.2234087033322214
vehicle/subway train/n04349306_54.jpg,-1.2886821767301797,0.3276906224514909
vehicle/subway train/n04349306_5412.jpg,-1.0282360561701822,0.2106941745153734
vehicle/subway train/n04349306_5669.jpg,-1.3427469681339028,0.23792621436773
vehicle/subway train/n04349306_5697.jpg,-1.3801399858719796,0.2353652128218603
vehicle/subway train/n04349306_5722.jpg,-1.1903098572560022,0.2196273737325153
vehicle/subway train/n04349306_6213.jpg,-1.4164110099420706,0.2898445970365016
vehicle/subway train/n04349306_6258.jpg,-1.2647774062851789,0.2015814187791231
vehicle/subway train/n04349306_6301.jpg,-1.134572231349063,0.3271511232267755
vehicle/subway train/n04349306_6718.jpg,-1.1928047161294677,0.2566336665643825
vehicle/subway train/n04349306_760.jpg,-1.175899568833798,0.2316088236795969
vehicle/subway train/n04349306_7659.jpg,-0.9918556224642904,0.2431631833186512
vehicle/subway train/n04349306_7700.jpg,-1.0941106278735226,0.2377572692697865
vehicle/subway train/n04349306_7930.jpg,-1.3411740836883277,0.1054268924991358
vehicle/subway train/n04349306_7960.jpg,-1.0919161144412828,0.1508028429658818
vehicle/subway train/n04349306_8007.jpg,-0.96915208554161,0.1021985925978893
vehicle/subway train/n04349306_8038.jpg,-1.3176917590555808,0.0773338958025733
vehicle/subway train/n04349306_811.jpg,-1.209023243479775,0.1245421875268669
vehicle/subway train/n04349306_8198.jpg,-1.4504088505944632,0.2128257289547612
vehicle/subway train/n04349306_8199.jpg,-0.8690791560313398,0.1348485653945225
vehicle/subway train/n04349306_8288.jpg,-1.0927389877742484,0.1689408649602824
vehicle/subway train/n04349306_8344.jpg,-0.8083872287637239,0.2888570000344744
vehicle/subway train/n04349306_8470.jpg,-1.2629321504823416,0.2420683865216986
vehicle/subway train/n04349306_8545.jpg,-1.6697840866381015,0.1687856224923237
vehicle/subway train/n04349306_861.jpg,-1.4305858767070865,0.1052079903158929
vehicle/subway train/n04349306_8827.jpg,-1.086217743859322,0.1972410764924349
vehicle/subway train/n04349306_8879.jpg,-0.7252196580048755,0.170236092265943
vehicle/subway train/n04349306_9108.jpg,-1.2829741999753654,0.2649446559659366
vehicle/subway train/n04349306_9186.jpg,-1.5186913798836252,0.1887920667020511
vehicle/subway train/n04349306_9235.jpg,-1.2573573459736789,0.2581375376657416
vehicle/subway train/n04349306_9782.jpg,-1.189660243055407,0.1851460948783468
vehicle/subway train/n04349306_9923.jpg,-1.007445374643356,0.1281790080089926
vehicle/subway train/n04349306_9944.jpg,-1.2449314205087811,0.1521789001348908
vehicle/subway train/n04349306_9988.jpg,-1.1236850705224637,0.1211911730379042
vehicle/subway train/n04349306_9994.jpg,-1.275205836843377,0.1857763549050994
vehicle/tow truck/n04461696_1039.jpg,-0.8144761968976505,0.1423319615912208
vehicle/tow truck/n04461696_10492.jpg,-1.2731360535347296,0.1023453538366192
vehicle/tow truck/n04461696_10555.jpg,-1.1495922574216384,0.2794038508897544
vehicle/tow truck/n04461696_1069.jpg,-0.9553694177015788,0.2055855466781832
vehicle/tow truck/n04461696_1080.jpg,-0.6527855082731073,0.2433147632311977
vehicle/tow truck/n04461696_11028.jpg,-0.85685813346327,0.1882050359993433
vehicle/tow truck/n04461696_11897.jpg,-0.8686777378841158,0.1133665655994655
vehicle/tow truck/n04461696_12158.jpg,-0.8456924716840294,0.2117863466637308
vehicle/tow truck/n04461696_12319.jpg,-1.4096531696015178,0.1109943076974692
vehicle/tow truck/n04461696_1344.jpg,-1.110591209369281,0.2465752535707564
vehicle/tow truck/n04461696_14074.jpg,-0.955985006011647,0.2527968559399667
vehicle/tow truck/n04461696_1440.jpg,-1.5928869904731324,0.2131280667531731
vehicle/tow truck/n04461696_14803.jpg,-0.860626563833548,0.1577097494217814
vehicle/tow truck/n04461696_1481.jpg,-0.8856078731604573,0.2748087929188207
vehicle/tow truck/n04461696_14893.jpg,-0.8029124760849938,0.2712844180948769
vehicle/tow truck/n04461696_15509.jpg,-0.9930481849052328,0.2495297805642633
vehicle/tow truck/n04461696_16043.jpg,-0.7906728099392817,0.1509410751629967
vehicle/tow truck/n04461696_1691.jpg,-0.928952163023314,0.2576091826502528
vehicle/tow truck/n04461696_16929.jpg,-0.843154314777351,0.2072053743799292
vehicle/tow truck/n04461696_1697.jpg,-0.8774322146039001,0.1991513855920635
vehicle/tow truck/n04461696_1704.jpg,-1.0421029593186593,0.1070280301232117
vehicle/tow truck/n04461696_17595.jpg,-0.8086813893320456,0.1917231088156977
vehicle/tow truck/n04461696_1821.jpg,-0.957149163870997,0.3382840898089228
vehicle/tow truck/n04461696_18465.jpg,-1.03915355314354,0.1957820111479914
vehicle/tow truck/n04461696_1888.jpg,-0.8193185566503626,0.4131307961911852
vehicle/tow truck/n04461696_18993.jpg,-1.1744380513433783,0.1117733237176434
vehicle/tow truck/n04461696_19012.jpg,-0.9421269721357212,0.0718720986686882
vehicle/tow truck/n04461696_1918.jpg,-0.9011299798865652,0.1738297122004323
vehicle/tow truck/n04461696_19513.jpg,-1.1291896804229518,0.0965401316711023
vehicle/tow truck/n04461696_2018.jpg,-0.7218271959595541,0.1876873755966955
vehicle/tow truck/n04461696_21110.jpg,-0.7836682180676544,0.1474067161348082
vehicle/tow truck/n04461696_21863.jpg,-1.245462369892588,0.1146152678706936
vehicle/tow truck/n04461696_2281.jpg,-0.7913870822897628,0.3511088477839472
vehicle/tow truck/n04461696_22985.jpg,-1.0764911723128858,0.1080582467946858
vehicle/tow truck/n04461696_2315.jpg,-0.7910927551835587,0.2905844155844155
vehicle/tow truck/n04461696_23190.jpg,-0.8132308909831101,0.2097325106368552
vehicle/tow truck/n04461696_2376.jpg,-0.9989089836951256,0.1625448645459462
vehicle/tow truck/n04461696_2550.jpg,-1.235793773028628,0.2604689067201605
vehicle/tow truck/n04461696_2559.jpg,-1.3684931709528934,0.1395833219740134
vehicle/tow truck/n04461696_25721.jpg,-1.0318947717738494,0.156374475003387
vehicle/tow truck/n04461696_2743.jpg,-0.9267629632511704,0.1933048761728965
vehicle/tow truck/n04461696_2750.jpg,-1.0522692180305169,0.0778511600290068
vehicle/tow truck/n04461696_3013.jpg,-1.456499286607193,0.306771950061944
vehicle/tow truck/n04461696_3046.jpg,-1.0283641534136527,0.2074109885759314
vehicle/tow truck/n04461696_3102.jpg,-0.8770544797765772,0.2811093560242256
vehicle/tow truck/n04461696_3232.jpg,-0.6238497352127759,0.1578341062617792
vehicle/tow truck/n04461696_3334.jpg,-0.808285582088042,0.2256291946308725
vehicle/tow truck/n04461696_3490.jpg,-1.318808303302363,0.2575131388764879
vehicle/tow truck/n04461696_3523.jpg,-0.8948844201544272,0.0440083383242568
vehicle/tow truck/n04461696_3715.jpg,-1.0200699143066672,0.1112365022429924
vehicle/tow truck/n04461696_3745.jpg,-1.1648601435193602,0.2571388816574952
vehicle/tow truck/n04461696_3759.jpg,-0.6360963589444539,0.2764219390095858
vehicle/tow truck/n04461696_3989.jpg,-1.4273114723736515,0.1760055667168927
vehicle/tow truck/n04461696_4037.jpg,-0.9460687975911122,0.1150965276823134
vehicle/tow truck/n04461696_4084.jpg,-0.7939375823733132,0.2157712973027142
vehicle/tow truck/n04461696_4207.jpg,-0.972714056167968,0.0898236384171951
vehicle/tow truck/n04461696_4324.jpg,-0.8498468490201594,0.2568639414276998
vehicle/tow truck/n04461696_4331.jpg,-0.85356847873919,0.168530757498729
vehicle/tow truck/n04461696_4603.jpg,-1.407529127630016,0.1950738263921075
vehicle/tow truck/n04461696_4760.jpg,-1.4358404361601502,0.2603544222962186
vehicle/tow truck/n04461696_4761.jpg,-1.088663200890461,0.1570347256819711
vehicle/tow truck/n04461696_4840.jpg,-0.865063958005701,0.2218663738542953
vehicle/tow truck/n04461696_4867.jpg,-1.34559264736243,0.0154740891818607
vehicle/tow truck/n04461696_4934.jpg,-0.9181023255394714,0.1064956934406548
vehicle/tow truck/n04461696_5154.jpg,-0.854014182712625,0.1673161871122278
vehicle/tow truck/n04461696_5194.jpg,-1.083129619370803,0.1009569891424167
vehicle/tow truck/n04461696_5312.jpg,-0.8844703321315274,0.1474726193170935
vehicle/tow truck/n04461696_5363.jpg,-0.8337548788772422,0.2115273521046016
vehicle/tow truck/n04461696_544.jpg,-0.9014024582191882,0.0724992057368492
vehicle/tow truck/n04461696_5500.jpg,-0.787793126808083,0.1847481031943786
vehicle/tow truck/n04461696_5739.jpg,-0.676697348012721,0.2542329298203972
vehicle/tow truck/n04461696_6027.jpg,-1.127272201105313,0.1779581920426991
vehicle/tow truck/n04461696_6157.jpg,-0.9332567021702745,0.2406328181769413
vehicle/tow truck/n04461696_6299.jpg,-1.253852662256778,0.2298649785648463
vehicle/tow truck/n04461696_6319.jpg,-1.4249896518121492,0.2483550730333701
vehicle/tow truck/n04461696_6327.jpg,-0.8050954099319999,0.2506363109761449
vehicle/tow truck/n04461696_6334.jpg,-1.005328438502835,0.1858501716665728
vehicle/tow truck/n04461696_6636.jpg,-0.7598153478357086,0.2394549129664896
vehicle/tow truck/n04461696_6719.jpg,-0.9409558566932892,0.0730562727044255
vehicle/tow truck/n04461696_6768.jpg,-0.8289207659097326,0.1809950898305566
vehicle/tow truck/n04461696_6773.jpg,-1.5106445543020004,0.1576946136126975
vehicle/tow truck/n04461696_6948.jpg,-0.9834679990409804,0.1309032419786096
vehicle/tow truck/n04461696_6970.jpg,-0.9266208927010452,0.204729315101861
vehicle/tow truck/n04461696_6974.jpg,-0.6860703228779732,0.2306270249666476
vehicle/tow truck/n04461696_738.jpg,-0.8130102595202041,0.1711576405453956
vehicle/tow truck/n04461696_7504.jpg,-0.5737571021553632,0.1695255985631189
vehicle/tow truck/n04461696_7740.jpg,-0.8958508107170142,0.1061161300437006
vehicle/tow truck/n04461696_7754.jpg,-0.9962658590805772,0.103829423798836
vehicle/tow truck/n04461696_8035.jpg,-0.9836576599732736,0.1866085153540914
vehicle/tow truck/n04461696_8486.jpg,-0.898210020339952,0.260247950409918
vehicle/tow truck/n04461696_8599.jpg,-0.898499363456006,0.089558629776021
vehicle/tow truck/n04461696_9129.jpg,-1.3070406813711897,0.191163708839152
vehicle/tow truck/n04461696_9793.jpg,-1.133441500180423,0.1631539461402238
vehicle/tractor/n04465501_1012.jpg,-0.6363740740763628,0.1807618437900128
vehicle/tractor/n04465501_1033.jpg,-0.8166203399898975,0.1213710683857797
vehicle/tractor/n04465501_1053.jpg,-0.8332044807591305,0.2440772420371196
vehicle/tractor/n04465501_10791.jpg,-0.5499112962214966,0.2707691923126595
vehicle/tractor/n04465501_1111.jpg,-0.8464690370879643,0.2625911690532995
vehicle/tractor/n04465501_11146.jpg,-0.5960355808016322,0.2758454185353717
vehicle/tractor/n04465501_11845.jpg,-0.7766042732135775,0.2999397579020689
vehicle/tractor/n04465501_1216.jpg,-0.7852804110236921,0.2348939950930446
vehicle/tractor/n04465501_122.jpg,-1.2814733314125373,0.2927060476393699
vehicle/tractor/n04465501_1225.jpg,-1.1502031526703118,0.2288983699814024
vehicle/tractor/n04465501_1257.jpg,-0.94265440254487,0.03795890044598
vehicle/tractor/n04465501_1262.jpg,-1.095869125926104,0.1451762523191094
vehicle/tractor/n04465501_1273.jpg,-1.793219178075512,0.038787578980505
vehicle/tractor/n04465501_12990.jpg,-1.047210522994578,0.2461268222633461
vehicle/tractor/n04465501_1306.jpg,-1.1215271157513556,0.1378991308276033
vehicle/tractor/n04465501_13078.jpg,-0.8039952141635647,0.1623416576860114
vehicle/tractor/n04465501_13294.jpg,-1.1246938368511137,0.28112876385285
vehicle/tractor/n04465501_1356.jpg,-0.958397191242355,0.1477406841909792
vehicle/tractor/n04465501_14464.jpg,-0.969719489061316,0.0701770382919092
vehicle/tractor/n04465501_1486.jpg,-0.8031350993140828,0.2271083722810583
vehicle/tractor/n04465501_1535.jpg,-1.6439478479937657,0.1599146984577635
vehicle/tractor/n04465501_1621.jpg,-0.948001631325523,0.1795872562319441
vehicle/tractor/n04465501_1672.jpg,-1.117026471403081,0.1117165403745934
vehicle/tractor/n04465501_1705.jpg,-0.9879036945051016,0.2484673368012721
vehicle/tractor/n04465501_1750.jpg,-1.1526850005361808,0.103742448096248
vehicle/tractor/n04465501_1769.jpg,-0.7403300551531058,0.2114894931498843
vehicle/tractor/n04465501_1782.jpg,-0.7831831717668651,0.1854351587784792
vehicle/tractor/n04465501_1793.jpg,-1.073072276303385,0.1015696412649099
vehicle/tractor/n04465501_1801.jpg,-0.6749784998255662,0.1966214426557579
vehicle/tractor/n04465501_1825.jpg,-0.5181756871648362,0.3562189737771965
vehicle/tractor/n04465501_1949.jpg,-1.1194615524293945,0.195668791914417
vehicle/tractor/n04465501_2088.jpg,-1.7600483830993712,0.2828806196681844
vehicle/tractor/n04465501_2149.jpg,-1.2517302502559478,0.1587667920225824
vehicle/tractor/n04465501_2168.jpg,-0.6626882271367041,0.162190053180042
vehicle/tractor/n04465501_228.jpg,-0.7871382853216853,0.1069699223483764
vehicle/tractor/n04465501_2331.jpg,-0.9590049755356278,0.1800688139949426
vehicle/tractor/n04465501_2353.jpg,-1.7757619166246177,0.1940878454112055
vehicle/tractor/n04465501_2409.jpg,-1.895367292571251,0.312437259555406
vehicle/tractor/n04465501_2475.jpg,-1.4929855226763646,0.1085697741748697
vehicle/tractor/n04465501_2499.jpg,-0.7777107713212779,0.1345519773134945
vehicle/tractor/n04465501_2523.jpg,-0.760185703208729,0.14037675248363
vehicle/tractor/n04465501_2636.jpg,-0.914119621151309,0.2443846814256048
vehicle/tractor/n04465501_2689.jpg,-0.928993275239712,0.1912866143070443
vehicle/tractor/n04465501_2737.jpg,-1.2920345763582892,0.2422964673084462
vehicle/tractor/n04465501_276.jpg,-1.000342819257153,0.2619140390401387
vehicle/tractor/n04465501_2796.jpg,-0.9157854360420994,0.1797708470673439
vehicle/tractor/n04465501_2922.jpg,-0.8289363074704427,0.0901958425353831
vehicle/tractor/n04465501_2972.jpg,-1.1493218654131652,0.3129108342306312
vehicle/tractor/n04465501_2988.jpg,-1.0060130816090458,0.1142133999777144
vehicle/tractor/n04465501_3039.jpg,-1.8928984502626665,0.2003325660705625
vehicle/tractor/n04465501_3069.jpg,-0.8206048397391276,0.1464407452758381
vehicle/tractor/n04465501_3133.jpg,-0.9416156701872502,0.221455644989566
vehicle/tractor/n04465501_3147.jpg,-0.9726639973781832,0.1623118649247459
vehicle/tractor/n04465501_3214.jpg,-1.51433898714847,0.0775591097370037
vehicle/tractor/n04465501_3275.jpg,-1.2845285016562542,0.0779007177033492
vehicle/tractor/n04465501_3300.jpg,-0.7927792695104098,0.2915534141693895
vehicle/tractor/n04465501_3339.jpg,-0.8028420982614486,0.0884761847195357
vehicle/tractor/n04465501_3381.jpg,-1.60985739670103,0.1649765565369098
vehicle/tractor/n04465501_3459.jpg,-1.3357240449505412,0.2327525075924667
vehicle/tractor/n04465501_3501.jpg,-0.8249878045854356,0.3511158983196897
vehicle/tractor/n04465501_3598.jpg,-0.8425574162073178,0.2037331852668017
vehicle/tractor/n04465501_3853.jpg,-0.4850042458090636,0.2869756615097148
vehicle/tractor/n04465501_4020.jpg,-1.0311370365318469,0.1796320287002665
vehicle/tractor/n04465501_4403.jpg,-0.9946583908576722,0.1222144196505278
vehicle/tractor/n04465501_4427.jpg,-0.7396186907537712,0.2001143510577473
vehicle/tractor/n04465501_4463.jpg,-0.7888827945430817,0.1819284956347246
vehicle/tractor/n04465501_473.jpg,-0.9646957750244712,0.1224092614514154
vehicle/tractor/n04465501_477.jpg,-0.8598157275265876,0.3858493069057158
vehicle/tractor/n04465501_4828.jpg,-0.755271583391673,0.1532512843627015
vehicle/tractor/n04465501_4835.jpg,-0.692164628965582,0.1950732153752288
vehicle/tractor/n04465501_488.jpg,-1.1725157579419452,0.2147239835447696
vehicle/tractor/n04465501_4896.jpg,-1.6444399625423516,0.0585657803562451
vehicle/tractor/n04465501_5218.jpg,-0.8554330997338343,0.1642133113880814
vehicle/tractor/n04465501_5296.jpg,-1.2204756187679768,0.2520318391286133
vehicle/tractor/n04465501_5323.jpg,-1.0391000511289077,0.0972298796184952
vehicle/tractor/n04465501_5347.jpg,-0.8230054325136046,0.2325339025615268
vehicle/tractor/n04465501_5474.jpg,-0.982926832633292,0.1601564174906312
vehicle/tractor/n04465501_602.jpg,-1.2516508363177248,0.3060607249473034
vehicle/tractor/n04465501_6022.jpg,-0.8894585872812997,0.1364931592015016
vehicle/tractor/n04465501_6532.jpg,-0.7639183050203177,0.2582688794745229
vehicle/tractor/n04465501_660.jpg,-0.8516664040689058,0.0825023035086717
vehicle/tractor/n04465501_7045.jpg,-0.7662710759356643,0.1878342245989304
vehicle/tractor/n04465501_7315.jpg,-1.07076412399575,0.2226689208677787
vehicle/tractor/n04465501_7485.jpg,-0.8059595697828205,0.2318981804565028
vehicle/tractor/n04465501_7646.jpg,-0.7824231479077116,0.2238885679720112
vehicle/tractor/n04465501_7737.jpg,-0.7355094744747029,0.1741051221234451
vehicle/tractor/n04465501_786.jpg,-0.5919901485005523,0.1705131131588116
vehicle/tractor/n04465501_7866.jpg,-0.728977583489251,0.2335242920047714
vehicle/tractor/n04465501_802.jpg,-1.6659680604600422,0.1975918818024081
vehicle/tractor/n04465501_8390.jpg,-0.9834686836314857,0.2966018754995808
vehicle/tractor/n04465501_904.jpg,-0.916242802740484,0.1240526335834253
vehicle/tractor/n04465501_9255.jpg,-0.7168385188434137,0.2189593484312394
vehicle/tractor/n04465501_927.jpg,-1.5800871482622934,0.150789992809867
vehicle/tractor/n04465501_9550.jpg,-0.9418092263324538,0.2885737111089224
vehicle/tractor/n04465501_9719.jpg,-1.0523855993154565,0.1309459702028361
vehicle/tractor/n04465501_983.jpg,-0.8000671580236937,0.3161340119153862
vehicle/train/000000001712.jpg,-0.6523519913872005,0.1903988729513769
vehicle/train/000000006068.jpg,-0.8018987250053017,0.2668598751633473
vehicle/train/000000006180.jpg,-0.8303691442011407,0.1956952208738173
vehicle/train/000000007211.jpg,-0.915019313346573,0.0948318755092769
vehicle/train/000000023957.jpg,-1.0038906372906782,0.2796539189574015
vehicle/train/000000026007.jpg,-0.8445815572243177,0.1070251093187635
vehicle/train/000000032059.jpg,-0.621502190682516,0.2848827343163396
vehicle/train/000000039971.jpg,-1.0710290740749673,0.226981559365901
vehicle/train/000000055642.jpg,-0.9371339505654624,0.3023117803130097
vehicle/train/000000065859.jpg,-1.2506746754530755,0.161305433663031
vehicle/train/000000068063.jpg,-1.0843243737558317,0.2265750423862323
vehicle/train/000000068167.jpg,-1.3037782030494196,0.3024194196607989
vehicle/train/000000068597.jpg,-1.1694971987307416,0.134095653435836
vehicle/train/000000074533.jpg,-1.0022080229737746,0.2572394492924295
vehicle/train/000000075061.jpg,-0.9125810661525636,0.1493522845827051
vehicle/train/000000076213.jpg,-0.6953252457558462,0.2118857972730008
vehicle/train/000000080096.jpg,-0.7560980361771633,0.2961337402912273
vehicle/train/000000080203.jpg,-1.0269100598895116,0.2423826212807014
vehicle/train/000000088398.jpg,-0.7780392139159137,0.265553430928548
vehicle/train/000000095191.jpg,-1.091966337268593,0.1841396136409154
vehicle/train/000000097744.jpg,-1.020845294037256,0.2768028194469545
vehicle/train/000000101145.jpg,-0.9311410226901116,0.0590349104866532
vehicle/train/000000105952.jpg,-1.124843532502306,0.062465391227709
vehicle/train/000000112820.jpg,-1.0554313032205618,0.2166379878744995
vehicle/train/000000122207.jpg,-0.8142502954488731,0.1558232182590969
vehicle/train/000000126131.jpg,-0.5950194661216155,0.2226239820484256
vehicle/train/000000126457.jpg,-0.6137922320412773,0.1194679910847156
vehicle/train/000000155736.jpg,-0.949253704843793,0.1066464845630143
vehicle/train/000000156461.jpg,-1.22034744498129,0.1926483541843404
vehicle/train/000000158536.jpg,-0.9111213974325472,0.0823811913312823
vehicle/train/000000170348.jpg,-1.0389901532517916,0.2798098407664975
vehicle/train/000000172211.jpg,-0.8736308311032316,0.2404618152246235
vehicle/train/000000175061.jpg,-0.9580165065426448,0.2166202600683181
vehicle/train/000000175197.jpg,-0.9608992570162944,0.1422082929279947
vehicle/train/000000176946.jpg,-1.0745322879557788,0.1702163649298766
vehicle/train/000000185082.jpg,-0.8660483715241797,0.2340301578220866
vehicle/train/000000190546.jpg,-0.9433894380249752,0.2158981290804462
vehicle/train/000000190868.jpg,-1.1522096205814314,0.2876155825023298
vehicle/train/000000206587.jpg,-0.7382347803350282,0.3175244086958803
vehicle/train/000000216301.jpg,-1.133838332198424,0.2022240738732672
vehicle/train/000000221183.jpg,-1.0298432690572723,0.2606577096373014
vehicle/train/000000231060.jpg,-0.6100789824993574,0.2661752661752662
vehicle/train/000000244451.jpg,-0.7905128431931707,0.289720635900602
vehicle/train/000000246095.jpg,-1.0205350584032449,0.1957623533271743
vehicle/train/000000248979.jpg,-1.1232668802212358,0.1450490573243399
vehicle/train/000000267568.jpg,-1.176986213571799,0.2693004906528879
vehicle/train/000000267628.jpg,-0.9297928994634094,0.2005781061319184
vehicle/train/000000271190.jpg,-1.0251232433842672,0.2337848051516159
vehicle/train/000000277614.jpg,-0.8754639652523598,0.2114297816046604
vehicle/train/000000280211.jpg,-0.6018880770644013,0.2018216809725528
vehicle/train/000000281080.jpg,-1.1833993340856703,0.1351865039039237
vehicle/train/000000284342.jpg,-0.9487019054016717,0.1732412745284232
vehicle/train/000000284670.jpg,-0.8104515593584558,0.2864129865403596
vehicle/train/000000285042.jpg,-0.9555180499891563,0.170101770289917
vehicle/train/000000289040.jpg,-0.9178714367828223,0.1826555101511319
vehicle/train/000000289630.jpg,-1.3651238936650811,0.1194197456411109
vehicle/train/000000297738.jpg,-1.0152524295562813,0.1817825604025867
vehicle/train/000000309802.jpg,-1.0250046494198026,0.2265463646865264
vehicle/train/000000321213.jpg,-1.0012948289196313,0.1958919866026199
vehicle/train/000000343087.jpg,-0.8938796718799933,0.274974812059211
vehicle/train/000000344969.jpg,-1.315447509273691,0.2056102172534847
vehicle/train/000000346107.jpg,-0.6208524247796251,0.3643849988269625
vehicle/train/000000348107.jpg,-0.9836813959401416,0.1868313374218886
vehicle/train/000000359857.jpg,-0.808485621695747,0.2147067949115731
vehicle/train/000000368845.jpg,-1.2570697036547658,0.1965271203269679
vehicle/train/000000376746.jpg,-1.0926629369315748,0.2696150749102194
vehicle/train/000000378035.jpg,-0.9485201873322384,0.2572648954339436
vehicle/train/000000381406.jpg,-0.8278492573123488,0.2257402090654132
vehicle/train/000000390546.jpg,-1.4943448935060897,0.2191643474672225
vehicle/train/000000409841.jpg,-0.5200825530919764,0.3211344922232388
vehicle/train/000000419679.jpg,-1.2102148738900178,0.226043714458004
vehicle/train/000000422869.jpg,-0.8468810380576932,0.1208794458367524
vehicle/train/000000423423.jpg,-0.7236269910218349,0.3403746722407674
vehicle/train/000000444363.jpg,-1.087297053625054,0.1852511208234306
vehicle/train/000000446094.jpg,-0.8249242083457197,0.3429295478765443
vehicle/train/000000447152.jpg,-1.1481514649370137,0.1534922901991236
vehicle/train/000000463620.jpg,-1.0960964251256091,0.2112143102855176
vehicle/train/000000467990.jpg,-1.0096521236412268,0.2187263611148825
vehicle/train/000000470114.jpg,-0.7013402781796598,0.2730103466875889
vehicle/train/000000481928.jpg,-1.0561970171558173,0.1614895987495219
vehicle/train/000000483803.jpg,-1.013588782056234,0.2757478562915613
vehicle/train/000000490261.jpg,-0.9509225732545764,0.2257001313153859
vehicle/train/000000492102.jpg,-0.9454313787980932,0.1547420081154966
vehicle/train/000000500987.jpg,-1.3957813609167342,0.1665834916142167
vehicle/train/000000502895.jpg,-1.1909355811272475,0.1443059090755201
vehicle/train/000000516740.jpg,-1.0530326989459415,0.2957517193081609
vehicle/train/000000521874.jpg,-0.8718319132211692,0.1607058693060522
vehicle/train/000000523673.jpg,-0.8804278654001273,0.1387565494517366
vehicle/train/000000541280.jpg,-1.3289358301001806,0.1142903560570142
vehicle/train/000000547768.jpg,-0.7690718341312172,0.202551341076438
vehicle/train/000000553056.jpg,-1.016314128490598,0.1965572322869854
vehicle/train/000000555267.jpg,-1.2012437530879023,0.1796230705321614
vehicle/train/000000556653.jpg,-1.055634093714077,0.0565478549349517
vehicle/train/000000558303.jpg,-0.74526250632519,0.3815595030910153
vehicle/train/000000563195.jpg,-0.5787172879875296,0.3240426248489397
vehicle/train/000000576758.jpg,-0.9437594192925176,0.2123518676495057
vehicle/train/000000578740.jpg,-0.7943764722015357,0.1851202527881425
vehicle/train/000000579699.jpg,-0.8966401051420406,0.2579151896783285
vehicle/tram/000000117515.jpg,-0.8844205288766858,0.2188727692900244
vehicle/tram/000000323249.jpg,-1.4827767940410794,0.2499610822679888
vehicle/tram/n04335435_10037.jpg,-1.2810710545366322,0.1355832533790804
vehicle/tram/n04335435_10056.jpg,-1.0689989003310163,0.203352400089094
vehicle/tram/n04335435_10207.jpg,-1.4225541209736008,-0.0110616718178265
vehicle/tram/n04335435_10234.jpg,-1.034547661447481,0.1440541947108551
vehicle/tram/n04335435_10416.jpg,-1.0512411229093674,0.2051114214838131
vehicle/tram/n04335435_10437.jpg,-1.091311885357661,0.145996718950064
vehicle/tram/n04335435_10496.jpg,-1.0161609185475675,0.1383243269092821
vehicle/tram/n04335435_10497.jpg,-0.8098283183494158,0.2486866663631811
vehicle/tram/n04335435_10562.jpg,-1.0161904204709975,0.1492905299133672
vehicle/tram/n04335435_10652.jpg,-1.1297516819644244,0.2270222338005871
vehicle/tram/n04335435_10726.jpg,-1.0011515001473963,0.1597448531776033
vehicle/tram/n04335435_10781.jpg,-0.99759365362791,0.1542847976901792
vehicle/tram/n04335435_11388.jpg,-1.021505505652681,0.2059085065624666
vehicle/tram/n04335435_11527.jpg,-0.6759594509735177,0.2168857391401505
vehicle/tram/n04335435_12024.jpg,-0.89105911701316,0.1831487310720538
vehicle/tram/n04335435_12205.jpg,-0.9611911253488846,0.0982291442061557
vehicle/tram/n04335435_13188.jpg,-0.908020032427696,0.2289574174501812
vehicle/tram/n04335435_13196.jpg,-1.125433988846482,0.0773031818610756
vehicle/tram/n04335435_13233.jpg,-1.3300140233457691,0.0388141766640461
vehicle/tram/n04335435_13394.jpg,-1.1534155674747386,0.090419366143395
vehicle/tram/n04335435_13810.jpg,-0.8014497710995222,0.255203608865965
vehicle/tram/n04335435_13812.jpg,-0.9155114103363704,0.1699861779546704
vehicle/tram/n04335435_14096.jpg,-1.044500552450769,0.16123390538937
vehicle/tram/n04335435_14917.jpg,-1.1402206979850644,0.3028106379350866
vehicle/tram/n04335435_15397.jpg,-0.869284973670449,0.0851192151501749
vehicle/tram/n04335435_15442.jpg,-0.9079997713048422,0.287641120149328
vehicle/tram/n04335435_1624.jpg,-0.9459784098979604,0.3001289490651192
vehicle/tram/n04335435_16692.jpg,-1.0511798293673258,0.1753539400009104
vehicle/tram/n04335435_17377.jpg,-0.9835041630975132,0.1031551712506795
vehicle/tram/n04335435_1755.jpg,-0.9316484137894264,0.2474411357627694
vehicle/tram/n04335435_1795.jpg,-0.9866190959011608,0.1724875465637262
vehicle/tram/n04335435_181.jpg,-0.6226268862431859,0.1594410004012742
vehicle/tram/n04335435_1862.jpg,-0.9787285184544228,0.2316560586045394
vehicle/tram/n04335435_1901.jpg,-0.8830086177127883,0.1544008601512679
vehicle/tram/n04335435_19668.jpg,-1.143845328908103,0.0798864488849485
vehicle/tram/n04335435_20093.jpg,-0.9825392970254804,0.1821111432224962
vehicle/tram/n04335435_20426.jpg,-0.8220903170045312,0.1348076843284511
vehicle/tram/n04335435_20534.jpg,-1.1927178480072829,0.143065018955586
vehicle/tram/n04335435_20710.jpg,-0.8341415491073959,0.1182362896217353
vehicle/tram/n04335435_20787.jpg,-0.9811593465330286,0.0093631248173048
vehicle/tram/n04335435_20838.jpg,-0.9602811932644444,0.2535960394838855
vehicle/tram/n04335435_2090.jpg,-1.058899245508649,0.2439795237035389
vehicle/tram/n04335435_21107.jpg,-1.1253659889404617,0.2027244926327495
vehicle/tram/n04335435_21307.jpg,-1.1002083696056422,0.2144737382354686
vehicle/tram/n04335435_21915.jpg,-1.0214789108194964,0.1312545981344063
vehicle/tram/n04335435_21947.jpg,-1.0338787919658687,0.2125319519713519
vehicle/tram/n04335435_22165.jpg,-1.136930483182691,0.2069737231933271
vehicle/tram/n04335435_23288.jpg,-1.156913593165524,0.2106631096813425
vehicle/tram/n04335435_23559.jpg,-1.0943488927186744,0.1105184641160405
vehicle/tram/n04335435_23800.jpg,-1.0336277002588563,0.2035291943828529
vehicle/tram/n04335435_2388.jpg,-1.0601348662474823,0.2280508513470099
vehicle/tram/n04335435_24042.jpg,-1.1496959289182984,0.1737146473563766
vehicle/tram/n04335435_24191.jpg,-1.288235927927095,0.2321014205670949
vehicle/tram/n04335435_25058.jpg,-0.8068484907871492,0.2022349025202092
vehicle/tram/n04335435_25115.jpg,-0.9940533643588728,0.2035720552596759
vehicle/tram/n04335435_25589.jpg,-0.921079487140202,0.290384605704909
vehicle/tram/n04335435_25628.jpg,-1.1842621018077255,0.189383874808054
vehicle/tram/n04335435_25682.jpg,-0.7890096752827688,0.1249378916126195
vehicle/tram/n04335435_25710.jpg,-1.2287081390126773,0.1345583458805637
vehicle/tram/n04335435_25760.jpg,-0.9593229715041022,0.1543317409575805
vehicle/tram/n04335435_2583.jpg,-1.2334737739028667,0.2122113661719463
vehicle/tram/n04335435_25993.jpg,-0.8958928643664781,0.2447622250334951
vehicle/tram/n04335435_26094.jpg,-1.199446715020566,0.14340959708443
vehicle/tram/n04335435_2612.jpg,-1.1023561685349852,0.1602539129637692
vehicle/tram/n04335435_2819.jpg,-1.152541101728538,0.2278148259691089
vehicle/tram/n04335435_2897.jpg,-1.2474601768229026,0.0416203703703703
vehicle/tram/n04335435_2973.jpg,-0.887776122909334,0.2191189398925716
vehicle/tram/n04335435_3001.jpg,-0.9834692452802328,0.0168226442564181
vehicle/tram/n04335435_3353.jpg,-1.0323305918721586,0.0776532422529139
vehicle/tram/n04335435_3576.jpg,-1.177411111399617,0.0109259534791449
vehicle/tram/n04335435_3759.jpg,-0.8919689783253271,0.0907647907647907
vehicle/tram/n04335435_395.jpg,-0.9956945434555744,0.2456458668295443
vehicle/tram/n04335435_4069.jpg,-0.859995267224555,0.190312773203544
vehicle/tram/n04335435_4236.jpg,-1.048995579707158,0.1653061044382275
vehicle/tram/n04335435_4237.jpg,-1.0116555980653157,0.2375472555286941
vehicle/tram/n04335435_427.jpg,-1.3746818071158562,0.2281904231348888
vehicle/tram/n04335435_4534.jpg,-1.3669006774408017,0.2364685457516339
vehicle/tram/n04335435_4637.jpg,-0.6196750629889873,0.2325364712869816
vehicle/tram/n04335435_4730.jpg,-1.1190260527600076,0.1300995173660794
vehicle/tram/n04335435_4800.jpg,-0.8128173818734403,0.1563908415085081
vehicle/tram/n04335435_4974.jpg,-1.0593229661318309,0.1341158253594145
vehicle/tram/n04335435_5265.jpg,-1.1743895583837505,0.2102598794911338
vehicle/tram/n04335435_54242.jpg,-0.9479448976076488,0.2248953661435805
vehicle/tram/n04335435_5498.jpg,-0.9779827614145176,0.1051299994616999
vehicle/tram/n04335435_55574.jpg,-1.0058896087111937,0.2219981242166945
vehicle/tram/n04335435_5804.jpg,-1.0508045256707643,0.0443178127491216
vehicle/tram/n04335435_5881.jpg,-1.271612463952804,0.2564108021590696
vehicle/tram/n04335435_7177.jpg,-1.107284749776369,0.1265309470000729
vehicle/tram/n04335435_7223.jpg,-1.0472810748482866,0.1899738121960344
vehicle/tram/n04335435_801.jpg,-1.0316389100898034,0.1334491706051339
vehicle/tram/n04335435_8423.jpg,-1.0764899892436706,0.1394832353957829
vehicle/tram/n04335435_8881.jpg,-0.8952073118624042,0.2168027994597836
vehicle/tram/n04335435_8885.jpg,-0.928118380290202,0.0813415507097089
vehicle/tram/n04335435_9181.jpg,-1.26625052235744,0.2070943827091005
vehicle/tram/n04335435_9357.jpg,-0.9995857070558072,0.1083155567244284
vehicle/tram/n04335435_9552.jpg,-0.965090492032466,0.2019696740024162
vehicle/truck/000000020039.jpg,-1.011980543466456,0.2144141374492532
vehicle/truck/000000050786.jpg,-0.8880156526341156,0.1716621880556307
vehicle/truck/000000099540.jpg,-1.0853303749438914,0.0917124440351824
vehicle/truck/000000099553.jpg,-0.7611334527198502,0.0490281601428854
vehicle/truck/000000112562.jpg,-1.0220784506030802,0.2206095089766581
vehicle/truck/000000191473.jpg,-1.0486601867087602,0.2781119603572498
vehicle/truck/000000194331.jpg,-1.4348349552643669,0.2372107194716572
vehicle/truck/000000197384.jpg,-1.3056287845662566,0.1412571449497831
vehicle/truck/000000211116.jpg,-0.7924344170639968,0.1668980256259175
vehicle/truck/000000236000.jpg,-1.0706670571528425,0.1450179850585667
vehicle/truck/000000294545.jpg,-0.9330176990030514,0.3541827302429263
vehicle/truck/000000303016.jpg,-1.0620463086880352,0.1644023618277568
vehicle/truck/000000328185.jpg,-1.0252660358304024,0.1619657702308433
vehicle/truck/000000358266.jpg,-1.0340299197975813,0.3091114796672709
vehicle/truck/000000395425.jpg,-1.1453970970711185,0.1783771230482966
vehicle/truck/000000457766.jpg,-1.1157694763839257,0.077988409782929
vehicle/truck/000000474653.jpg,-1.3071284137019985,0.4195290302013889
vehicle/truck/000000567065.jpg,-1.0303572736886009,0.2349260815266138
vehicle/truck/000000569829.jpg,-0.8284434520775926,0.3077914739244556
vehicle/truck/n04467665_10036.jpg,-1.1170865482815011,0.2497030428064911
vehicle/truck/n04467665_1015.jpg,-1.0514093286562929,0.0608910739915106
vehicle/truck/n04467665_10529.jpg,-1.1232123416717277,0.275365038021345
vehicle/truck/n04467665_10671.jpg,-1.3386144237126247,0.1049985462298895
vehicle/truck/n04467665_1174.jpg,-1.2482657755819524,0.2922420087713994
vehicle/truck/n04467665_1188.jpg,-1.2911719591970332,0.3753854416934018
vehicle/truck/n04467665_12032.jpg,-1.815768303277104,0.2310349369282864
vehicle/truck/n04467665_1225.jpg,-1.5847852058158374,0.1678261075089223
vehicle/truck/n04467665_13331.jpg,-1.0790639192695042,0.237999516488633
vehicle/truck/n04467665_13614.jpg,-1.270140707670609,0.2811623002890953
vehicle/truck/n04467665_14142.jpg,-0.6311343668060698,0.1085382540884513
vehicle/truck/n04467665_1430.jpg,-1.128169176163732,0.2885840798726461
vehicle/truck/n04467665_1584.jpg,-0.9362786465057124,0.1061808620361476
vehicle/truck/n04467665_16276.jpg,-1.424883648908365,0.241525366019748
vehicle/truck/n04467665_18765.jpg,-0.9457782489348232,0.2237123691256489
vehicle/truck/n04467665_1891.jpg,-1.1403371322376463,0.1083261607257689
vehicle/truck/n04467665_19138.jpg,-0.895473879300632,0.1974410911121057
vehicle/truck/n04467665_2.jpg,-0.955072224639107,0.3358870344835478
vehicle/truck/n04467665_2044.jpg,-1.1349738730659522,0.2006605940185276
vehicle/truck/n04467665_21087.jpg,-1.1504190843899549,0.2157130885853387
vehicle/truck/n04467665_21912.jpg,-1.878893627619024,0.2880110385202034
vehicle/truck/n04467665_22879.jpg,-1.1032359013247903,0.388270708288797
vehicle/truck/n04467665_23247.jpg,-0.9533321094716533,0.1494110554065154
vehicle/truck/n04467665_23566.jpg,-0.8150276050596353,0.2524154733137318
vehicle/truck/n04467665_23689.jpg,-1.162461561626457,0.3768253446372795
vehicle/truck/n04467665_2376.jpg,-0.864327036654274,0.2981972428419936
vehicle/truck/n04467665_25059.jpg,-1.6234848716538193,0.1875526636082764
vehicle/truck/n04467665_25374.jpg,-1.001964994581918,0.1203496739030588
vehicle/truck/n04467665_28176.jpg,-0.8845679372855277,0.3037484046152659
vehicle/truck/n04467665_28301.jpg,-1.3684725479804931,0.2733808301421674
vehicle/truck/n04467665_28313.jpg,-1.2998580107460445,0.2177465835698934
vehicle/truck/n04467665_28965.jpg,-0.8059490749199812,0.2083422139789676
vehicle/truck/n04467665_30226.jpg,-1.0091124613901343,0.3825716829736532
vehicle/truck/n04467665_30494.jpg,-1.425763192199812,0.2466409376786735
vehicle/truck/n04467665_31059.jpg,-1.031536164072757,0.1285661492978566
vehicle/truck/n04467665_3211.jpg,-1.271188999076176,0.310149361611541
vehicle/truck/n04467665_3303.jpg,-1.1434699352386188,0.3104295678998136
vehicle/truck/n04467665_34070.jpg,-1.0916681543698683,0.306131446270715
vehicle/truck/n04467665_3411.jpg,-1.252561426215697,0.281835658404696
vehicle/truck/n04467665_34297.jpg,-1.1701389074765798,0.0878596896618668
vehicle/truck/n04467665_34667.jpg,-1.1191233400323233,0.1560379918588873
vehicle/truck/n04467665_3561.jpg,-1.0207224264352954,0.1231282937079863
vehicle/truck/n04467665_38369.jpg,-1.3911529288211024,0.2189217488424041
vehicle/truck/n04467665_39726.jpg,-0.9387543852045744,0.2751035372394596
vehicle/truck/n04467665_41352.jpg,-1.1925450646464968,0.1401721702513259
vehicle/truck/n04467665_4166.jpg,-1.1841814482674529,0.2720004614674665
vehicle/truck/n04467665_41825.jpg,-1.1374852363888042,0.213715011927456
vehicle/truck/n04467665_42414.jpg,-1.2700545918987534,0.2591298625258278
vehicle/truck/n04467665_42547.jpg,-1.11898515606435,0.1958837422277919
vehicle/truck/n04467665_43419.jpg,-1.7548897580043843,-0.0041306502947979
vehicle/truck/n04467665_43858.jpg,-0.92091784354655,0.317166774851752
vehicle/truck/n04467665_44969.jpg,-1.0563184947400552,0.2478456190480981
vehicle/truck/n04467665_45314.jpg,-1.2010157683809026,0.0816718851749761
vehicle/truck/n04467665_47146.jpg,-1.4075993339685815,0.1683581537892905
vehicle/truck/n04467665_4791.jpg,-1.0882540416016449,0.1964212610054256
vehicle/truck/n04467665_4799.jpg,-0.9790187105642064,0.2560374130261206
vehicle/truck/n04467665_48953.jpg,-0.9370641569016436,0.2877588154724413
vehicle/truck/n04467665_4940.jpg,-0.8883277019590837,0.2307490624429389
vehicle/truck/n04467665_49656.jpg,-1.0608815499687512,0.2302598143442411
vehicle/truck/n04467665_49822.jpg,-2.090496366951017,0.2913564615514476
vehicle/truck/n04467665_4989.jpg,-1.1407145827770448,0.3522490717236249
vehicle/truck/n04467665_50806.jpg,-1.1720557202606994,0.2180030970174375
vehicle/truck/n04467665_51267.jpg,-1.4811576105033628,0.2585790401605252
vehicle/truck/n04467665_51690.jpg,-0.7671848965828805,0.2763928704973202
vehicle/truck/n04467665_52409.jpg,-1.1195333990527123,0.205579867259568
vehicle/truck/n04467665_5266.jpg,-1.015375125451624,0.2668447464817778
vehicle/truck/n04467665_53339.jpg,-0.9674974698951536,0.2053385063503107
vehicle/truck/n04467665_5510.jpg,-1.040484753275677,0.2510796023422567
vehicle/truck/n04467665_5674.jpg,-1.8404138800108936,0.3398341815964439
vehicle/truck/n04467665_57466.jpg,-1.0007883647809233,0.2230560197404381
vehicle/truck/n04467665_57649.jpg,-0.97859493094467,0.2624375060569956
vehicle/truck/n04467665_59974.jpg,-1.1281807009610187,0.189663820274814
vehicle/truck/n04467665_6365.jpg,-1.2001531676052863,0.3025101107789696
vehicle/truck/n04467665_67892.jpg,-1.196944802962102,0.1851482503784168
vehicle/truck/n04467665_69878.jpg,-1.212182194572501,0.1906610343646534
vehicle/truck/n04467665_70784.jpg,-1.1988481089019194,0.0591538035565628
vehicle/truck/n04467665_70894.jpg,-0.8196240664110783,0.3075094447017595
vehicle/truck/n04467665_7213.jpg,-0.9236291924978534,0.1494958106211303
vehicle/truck/n04467665_7224.jpg,-1.4361651638068544,0.3225761056081639
vehicle/truck/n04467665_7290.jpg,-2.1951050240411285,0.3102495008162944
vehicle/truck/n04467665_857.jpg,-1.1332799872706856,0.1499403698604194
vehicle/yacht/n04610013_10214.jpg,-1.0230039621692597,0.3666683967854393
vehicle/yacht/n04610013_10495.jpg,-1.116764417777622,0.2881768804520765
vehicle/yacht/n04610013_10508.jpg,-0.9328108465404727,0.3557156574999864
vehicle/yacht/n04610013_10548.jpg,-1.2363910627567891,0.3315094010128645
vehicle/yacht/n04610013_10628.jpg,-1.1762976259984708,0.3711957419040357
vehicle/yacht/n04610013_11379.jpg,-0.9699587635987396,0.2603596355808745
vehicle/yacht/n04610013_11493.jpg,-1.100854587647878,0.3641203986170429
vehicle/yacht/n04610013_11968.jpg,-0.8539415541858482,0.3479956515830955
vehicle/yacht/n04610013_12107.jpg,-1.1538483417330103,0.3915325476729805
vehicle/yacht/n04610013_13034.jpg,-1.056941003026374,0.2784799384119247
vehicle/yacht/n04610013_1345.jpg,-1.1928257769885346,0.3190436298157937
vehicle/yacht/n04610013_13558.jpg,-0.9896872014954622,0.2992109077245155
vehicle/yacht/n04610013_13729.jpg,-1.083261767768696,0.4073521043185587
vehicle/yacht/n04610013_14566.jpg,-1.1554843837262192,0.3351003834874803
vehicle/yacht/n04610013_14771.jpg,-1.1428840198142538,0.3403537866224433
vehicle/yacht/n04610013_1483.jpg,-1.0657113655815882,0.355635946989728
vehicle/yacht/n04610013_14887.jpg,-1.2254227508254387,0.3325890425879534
vehicle/yacht/n04610013_15057.jpg,-1.1154513332462148,0.3461010133921794
vehicle/yacht/n04610013_15085.jpg,-1.0190405226541943,0.3805791004441718
vehicle/yacht/n04610013_1587.jpg,-1.1073656329736186,0.3263081947292474
vehicle/yacht/n04610013_16108.jpg,-1.100486258939067,0.2466099824381255
vehicle/yacht/n04610013_1648.jpg,-1.1121318399702207,0.3531133885334873
vehicle/yacht/n04610013_16750.jpg,-1.041251975123627,0.3768487810108839
vehicle/yacht/n04610013_17134.jpg,-1.2696909569666903,0.3570401345779315
vehicle/yacht/n04610013_17257.jpg,-1.2385971814211711,0.3406243135972865
vehicle/yacht/n04610013_1740.jpg,-1.314476975047326,0.2355533707389012
vehicle/yacht/n04610013_17480.jpg,-0.9017836667011744,0.3529777970903074
vehicle/yacht/n04610013_17486.jpg,-1.1638349300718756,0.3797633807148555
vehicle/yacht/n04610013_17599.jpg,-1.0358773314225451,0.347164303586322
vehicle/yacht/n04610013_17722.jpg,-1.3263533263097738,0.3685955183934787
vehicle/yacht/n04610013_18232.jpg,-1.0723573299072628,0.1185212653678295
vehicle/yacht/n04610013_1854.jpg,-0.954478410360994,0.1514381425436063
vehicle/yacht/n04610013_1891.jpg,-1.6070333389103737,0.2127126656181809
vehicle/yacht/n04610013_19726.jpg,-0.9905913415402996,0.2602253129969317
vehicle/yacht/n04610013_19830.jpg,-1.4762417243202326,0.3410889076523751
vehicle/yacht/n04610013_19835.jpg,-1.1557266235585133,0.3124297113479355
vehicle/yacht/n04610013_19863.jpg,-1.1624145875179068,0.358816600259995
vehicle/yacht/n04610013_2018.jpg,-1.0439523406818794,0.3717949772891844
vehicle/yacht/n04610013_2048.jpg,-1.0246312758148723,0.3809834628450005
vehicle/yacht/n04610013_21208.jpg,-1.2039695019506795,0.2374682805010673
vehicle/yacht/n04610013_21393.jpg,-1.1169018686240304,0.1896979917216005
vehicle/yacht/n04610013_2229.jpg,-1.1002175031668937,0.3260127557488639
vehicle/yacht/n04610013_22656.jpg,-0.8848026825534299,0.3590090499795352
vehicle/yacht/n04610013_2271.jpg,-1.0044265172682554,0.3797865604668875
vehicle/yacht/n04610013_2305.jpg,-1.13754989708894,0.3020024248329467
vehicle/yacht/n04610013_2308.jpg,-1.1421662099227277,0.4451977106501702
vehicle/yacht/n04610013_24400.jpg,-0.9438578752787948,0.3963364245707465
vehicle/yacht/n04610013_24511.jpg,-1.1808403408110528,0.2279025191675794
vehicle/yacht/n04610013_24979.jpg,-1.27846537711582,0.3071328347933932
vehicle/yacht/n04610013_2504.jpg,-1.2109523668950086,0.3044268570489186
vehicle/yacht/n04610013_253.jpg,-1.0162605889864398,0.2388044213850665
vehicle/yacht/n04610013_25552.jpg,-0.96276727794044,0.3837531633248978
vehicle/yacht/n04610013_25569.jpg,-0.92499832411881,0.3172856867124384
vehicle/yacht/n04610013_2593.jpg,-1.1363256845577283,0.3505857177625627
vehicle/yacht/n04610013_2600.jpg,-1.2490530321945388,0.2303777603407689
vehicle/yacht/n04610013_2835.jpg,-0.906194503719414,0.4020020226354812
vehicle/yacht/n04610013_2951.jpg,-1.1155822662040704,0.3160559178660744
vehicle/yacht/n04610013_2959.jpg,-1.3174272444575013,0.2763776242653284
vehicle/yacht/n04610013_3141.jpg,-0.8670291119791439,0.3358519565072122
vehicle/yacht/n04610013_3149.jpg,-1.2198900884614003,0.3371361839741286
vehicle/yacht/n04610013_3486.jpg,-0.8702215104236337,0.1200714389727863
vehicle/yacht/n04610013_3520.jpg,-1.1479166395974847,0.3274319220044694
vehicle/yacht/n04610013_3527.jpg,-1.2887753935569968,0.3258618512438439
vehicle/yacht/n04610013_379.jpg,-1.2379188393464642,0.3359501544735222
vehicle/yacht/n04610013_3892.jpg,-1.24155899016788,0.2898373349456808
vehicle/yacht/n04610013_4073.jpg,-1.210297787341136,0.3342471187987225
vehicle/yacht/n04610013_4673.jpg,-0.9779662156174588,0.3263133851073549
vehicle/yacht/n04610013_4698.jpg,-1.0367767739201452,0.3793650090776248
vehicle/yacht/n04610013_4797.jpg,-1.2882716991603045,0.3201979915177885
vehicle/yacht/n04610013_4829.jpg,-1.037596602114474,0.3331393318589221
vehicle/yacht/n04610013_4943.jpg,-1.237487704459134,0.1957461365536864
vehicle/yacht/n04610013_5514.jpg,-1.2409611972480192,0.2087384012266641
vehicle/yacht/n04610013_5561.jpg,-1.3452402273099906,0.3875248042914149
vehicle/yacht/n04610013_5576.jpg,-1.3338751241147075,0.2274037350047522
vehicle/yacht/n04610013_582.jpg,-1.220419769333376,0.3603878945559501
vehicle/yacht/n04610013_5869.jpg,-1.1299755093523087,0.3951356886840759
vehicle/yacht/n04610013_591.jpg,-1.1153741633947258,0.319025846263918
vehicle/yacht/n04610013_5951.jpg,-1.5669894463694785,0.3162448945218745
vehicle/yacht/n04610013_6077.jpg,-1.0015785812733786,0.330551027919449
vehicle/yacht/n04610013_6191.jpg,-1.198212772420194,0.2979214280298518
vehicle/yacht/n04610013_6307.jpg,-0.9332497355664776,0.3263453430245639
vehicle/yacht/n04610013_6804.jpg,-1.1474674538083771,0.1185854595992844
vehicle/yacht/n04610013_7160.jpg,-1.081570067106696,0.2536174123809446
vehicle/yacht/n04610013_7277.jpg,-1.179266171394405,0.3218923446231966
vehicle/yacht/n04610013_751.jpg,-1.1842055384918169,0.2971984986635125
vehicle/yacht/n04610013_7516.jpg,-1.1169130157534743,0.3531036818423727
vehicle/yacht/n04610013_7641.jpg,-1.7937744683308268,0.2269592476489028
vehicle/yacht/n04610013_9276.jpg,-1.1479034058882995,0.3226569601665748
vehicle/yacht/n04610013_9444.jpg,-0.9877666994167348,0.3481077476361731
vehicle/yacht/n04610013_9569.jpg,-1.333802128592105,0.3014522896715145
vehicle/yacht/n04610013_9664.jpg,-1.187318708207042,0.3779039405916876
vehicle/yacht/n04610013_991.jpg,-1.2215983011971696,0.3322345773326166
