image_name,category,subcategory,crr
animal/bear/000000003481.jpg,animal,bear,0.520408163265306
animal/bear/000000005745.jpg,animal,bear,0.740740740740741
animal/bear/000000011552.jpg,animal,bear,0.673076923076923
animal/bear/000000027439.jpg,animal,bear,0.780701754385965
animal/bear/000000055601.jpg,animal,bear,0.696078431372549
animal/bear/000000067118.jpg,animal,bear,0.693069306930693
animal/bear/000000074032.jpg,animal,bear,0.722772277227723
animal/bear/000000083773.jpg,animal,bear,0.8125
animal/bear/000000115681.jpg,animal,bear,0.76
animal/bear/000000123891.jpg,animal,bear,0.654205607476635
animal/bear/000000133428.jpg,animal,bear,0.673913043478261
animal/bear/000000138239.jpg,animal,bear,0.706422018348624
animal/bear/000000139892.jpg,animal,bear,0.794642857142857
animal/bear/000000150812.jpg,animal,bear,0.617647058823529
animal/bear/000000162767.jpg,animal,bear,0.865979381443299
animal/bear/000000175210.jpg,animal,bear,0.778947368421053
animal/bear/000000180046.jpg,animal,bear,0.783505154639175
animal/bear/000000182927.jpg,animal,bear,0.738636363636364
animal/bear/000000204640.jpg,animal,bear,0.836734693877551
animal/bear/000000208371.jpg,animal,bear,0.685185185185185
animal/bear/000000213437.jpg,animal,bear,0.728260869565217
animal/bear/000000216455.jpg,animal,bear,0.588785046728972
animal/bear/000000220306.jpg,animal,bear,0.781818181818182
animal/bear/000000223950.jpg,animal,bear,0.666666666666667
animal/bear/000000224193.jpg,animal,bear,0.786407766990291
animal/bear/000000233948.jpg,animal,bear,0.783505154639175
animal/bear/000000242290.jpg,animal,bear,0.736263736263736
animal/bear/000000267898.jpg,animal,bear,0.701754385964912
animal/bear/000000272804.jpg,animal,bear,0.586206896551724
animal/bear/000000285089.jpg,animal,bear,0.872727272727273
animal/bear/000000289354.jpg,animal,bear,0.724489795918367
animal/bear/000000296283.jpg,animal,bear,0.699115044247788
animal/bear/000000303250.jpg,animal,bear,0.884210526315789
animal/bear/000000313412.jpg,animal,bear,0.48
animal/bear/000000321092.jpg,animal,bear,0.774509803921569
animal/bear/000000327159.jpg,animal,bear,0.878787878787879
animal/bear/000000338488.jpg,animal,bear,0.683673469387755
animal/bear/000000344075.jpg,animal,bear,0.784090909090909
animal/bear/000000352129.jpg,animal,bear,0.875
animal/bear/000000354326.jpg,animal,bear,0.741573033707865
animal/bear/000000355276.jpg,animal,bear,0.716216216216216
animal/bear/000000357386.jpg,animal,bear,0.741935483870968
animal/bear/000000368309.jpg,animal,bear,0.712765957446808
animal/bear/000000396194.jpg,animal,bear,0.729508196721312
animal/bear/000000417577.jpg,animal,bear,0.81651376146789
animal/bear/000000419604.jpg,animal,bear,0.78448275862069
animal/bear/000000420544.jpg,animal,bear,0.584269662921348
animal/bear/000000421986.jpg,animal,bear,0.779069767441861
animal/bear/000000444087.jpg,animal,bear,0.865546218487395
animal/bear/000000446764.jpg,animal,bear,0.669642857142857
animal/bear/000000452263.jpg,animal,bear,0.636363636363636
animal/bear/000000454832.jpg,animal,bear,0.704081632653061
animal/bear/000000454979.jpg,animal,bear,0.75
animal/bear/000000466024.jpg,animal,bear,0.846153846153846
animal/bear/000000473030.jpg,animal,bear,0.723214285714286
animal/bear/000000474246.jpg,animal,bear,0.660714285714286
animal/bear/000000474543.jpg,animal,bear,0.517241379310345
animal/bear/000000486686.jpg,animal,bear,0.686868686868687
animal/bear/000000497042.jpg,animal,bear,0.728070175438597
animal/bear/000000504550.jpg,animal,bear,0.73
animal/bear/000000519089.jpg,animal,bear,0.711340206185567
animal/bear/000000528882.jpg,animal,bear,0.74
animal/bear/000000538957.jpg,animal,bear,0.701923076923077
animal/bear/000000544279.jpg,animal,bear,0.767441860465116
animal/bear/000000553162.jpg,animal,bear,0.6375
animal/bear/000000565077.jpg,animal,bear,0.773584905660377
animal/bear/000000571074.jpg,animal,bear,0.699029126213592
animal/bear/000000574152.jpg,animal,bear,0.7
animal/bear/n02132136_11173.jpg,animal,bear,0.650943396226415
animal/bear/n02132136_1152.jpg,animal,bear,0.73469387755102
animal/bear/n02132136_1156.jpg,animal,bear,0.757281553398058
animal/bear/n02132136_19256.jpg,animal,bear,0.787037037037037
animal/bear/n02132136_19488.jpg,animal,bear,0.706521739130435
animal/bear/n02132136_1954.jpg,animal,bear,0.670103092783505
animal/bear/n02132136_2279.jpg,animal,bear,0.717171717171717
animal/bear/n02132136_2313.jpg,animal,bear,0.779069767441861
animal/bear/n02132136_3066.jpg,animal,bear,0.731481481481482
animal/bear/n02132136_3328.jpg,animal,bear,0.785714285714286
animal/bear/n02132136_4277.jpg,animal,bear,0.769230769230769
animal/bear/n02132136_4426.jpg,animal,bear,0.633333333333333
animal/bear/n02132136_4685.jpg,animal,bear,0.701149425287356
animal/bear/n02132136_4740.jpg,animal,bear,0.720720720720721
animal/bear/n02132136_538.jpg,animal,bear,0.644230769230769
animal/bear/n02132136_686.jpg,animal,bear,0.704081632653061
animal/bear/n02132136_6967.jpg,animal,bear,0.752293577981651
animal/bear/n02132136_7468.jpg,animal,bear,0.704347826086957
animal/bear/n02132136_965.jpg,animal,bear,0.87
animal/bear/n02132580_13942.jpg,animal,bear,0.700934579439252
animal/bear/n02132580_19931.jpg,animal,bear,0.813953488372093
animal/bear/n02132580_21450.jpg,animal,bear,0.745454545454545
animal/bear/n02132580_22386.jpg,animal,bear,0.75609756097561
animal/bear/n02132580_23122.jpg,animal,bear,0.742574257425743
animal/bear/n02132580_23336.jpg,animal,bear,0.657142857142857
animal/bear/n02132580_23449.jpg,animal,bear,0.725490196078431
animal/bear/n02132580_24520.jpg,animal,bear,0.850574712643678
animal/bear/n02132580_5128.jpg,animal,bear,0.644444444444444
animal/bear/n02133161_1066.jpg,animal,bear,0.574074074074074
animal/bear/n02133161_10846.jpg,animal,bear,0.765217391304348
animal/bear/n02133161_1148.jpg,animal,bear,0.694444444444444
animal/bear/n02133161_1201.jpg,animal,bear,0.72
animal/cat/000000036559.jpg,animal,cat,0.787234042553192
animal/cat/000000043655.jpg,animal,cat,0.913793103448276
animal/cat/000000044545.jpg,animal,cat,0.775280898876405
animal/cat/000000067164.jpg,animal,cat,0.78125
animal/cat/000000073260.jpg,animal,cat,0.84375
animal/cat/000000073467.jpg,animal,cat,0.871794871794872
animal/cat/000000074883.jpg,animal,cat,0.846153846153846
animal/cat/000000077417.jpg,animal,cat,0.8
animal/cat/000000094444.jpg,animal,cat,0.733333333333333
animal/cat/000000096517.jpg,animal,cat,0.826923076923077
animal/cat/000000098871.jpg,animal,cat,0.791666666666667
animal/cat/000000111400.jpg,animal,cat,0.869158878504673
animal/cat/000000115642.jpg,animal,cat,0.864077669902913
animal/cat/000000117407.jpg,animal,cat,0.685714285714286
animal/cat/000000124462.jpg,animal,cat,0.923076923076923
animal/cat/000000127056.jpg,animal,cat,0.77319587628866
animal/cat/000000132752.jpg,animal,cat,0.880434782608696
animal/cat/000000140360.jpg,animal,cat,0.821052631578947
animal/cat/000000141376.jpg,animal,cat,0.895833333333333
animal/cat/000000142484.jpg,animal,cat,0.871794871794872
animal/cat/000000145476.jpg,animal,cat,0.917431192660551
animal/cat/000000150691.jpg,animal,cat,0.919642857142857
animal/cat/000000163715.jpg,animal,cat,0.75
animal/cat/000000207093.jpg,animal,cat,0.895652173913044
animal/cat/000000220292.jpg,animal,cat,0.824074074074074
animal/cat/000000223757.jpg,animal,cat,0.805555555555556
animal/cat/000000223942.jpg,animal,cat,0.909090909090909
animal/cat/000000224833.jpg,animal,cat,0.710526315789474
animal/cat/000000233169.jpg,animal,cat,0.92
animal/cat/000000233613.jpg,animal,cat,0.922222222222222
animal/cat/000000234475.jpg,animal,cat,0.864406779661017
animal/cat/000000250924.jpg,animal,cat,0.747474747474748
animal/cat/000000255420.jpg,animal,cat,0.930232558139535
animal/cat/000000262118.jpg,animal,cat,0.870967741935484
animal/cat/000000266627.jpg,animal,cat,0.881818181818182
animal/cat/000000268781.jpg,animal,cat,0.872727272727273
animal/cat/000000288560.jpg,animal,cat,0.851851851851852
animal/cat/000000288639.jpg,animal,cat,0.86734693877551
animal/cat/000000291603.jpg,animal,cat,0.770642201834862
animal/cat/000000292993.jpg,animal,cat,0.853932584269663
animal/cat/000000296244.jpg,animal,cat,0.821052631578947
animal/cat/000000301697.jpg,animal,cat,0.823529411764706
animal/cat/000000306173.jpg,animal,cat,0.849056603773585
animal/cat/000000311290.jpg,animal,cat,0.893203883495146
animal/cat/000000318722.jpg,animal,cat,0.882978723404255
animal/cat/000000318837.jpg,animal,cat,0.792452830188679
animal/cat/000000325298.jpg,animal,cat,0.887640449438202
animal/cat/000000329641.jpg,animal,cat,0.857142857142857
animal/cat/000000338091.jpg,animal,cat,0.742268041237113
animal/cat/000000349777.jpg,animal,cat,0.860215053763441
animal/cat/000000352117.jpg,animal,cat,0.968421052631579
animal/cat/000000353149.jpg,animal,cat,0.736263736263736
animal/cat/000000359710.jpg,animal,cat,0.738317757009346
animal/cat/000000367468.jpg,animal,cat,0.793103448275862
animal/cat/000000369132.jpg,animal,cat,0.797979797979798
animal/cat/000000379620.jpg,animal,cat,0.884955752212389
animal/cat/000000381605.jpg,animal,cat,0.7625
animal/cat/000000382710.jpg,animal,cat,0.692307692307692
animal/cat/000000386291.jpg,animal,cat,0.878048780487805
animal/cat/000000386414.jpg,animal,cat,0.818181818181818
animal/cat/000000389541.jpg,animal,cat,0.914893617021277
animal/cat/000000393046.jpg,animal,cat,0.91
animal/cat/000000395555.jpg,animal,cat,0.877777777777778
animal/cat/000000395987.jpg,animal,cat,0.912280701754386
animal/cat/000000404172.jpg,animal,cat,0.912087912087912
animal/cat/000000411065.jpg,animal,cat,0.769230769230769
animal/cat/000000414487.jpg,animal,cat,0.872549019607843
animal/cat/000000416006.jpg,animal,cat,0.84
animal/cat/000000419008.jpg,animal,cat,0.888888888888889
animal/cat/000000428266.jpg,animal,cat,0.927083333333333
animal/cat/000000433123.jpg,animal,cat,0.867256637168142
animal/cat/000000437126.jpg,animal,cat,0.819148936170213
animal/cat/000000439085.jpg,animal,cat,0.896907216494845
animal/cat/000000440067.jpg,animal,cat,0.872340425531915
animal/cat/000000445267.jpg,animal,cat,0.876190476190476
animal/cat/000000452696.jpg,animal,cat,0.923913043478261
animal/cat/000000467172.jpg,animal,cat,0.872340425531915
animal/cat/000000474764.jpg,animal,cat,0.826923076923077
animal/cat/000000477673.jpg,animal,cat,0.868131868131868
animal/cat/000000485139.jpg,animal,cat,0.822222222222222
animal/cat/000000502275.jpg,animal,cat,0.828828828828829
animal/cat/000000503294.jpg,animal,cat,0.778761061946903
animal/cat/000000503938.jpg,animal,cat,0.697916666666667
animal/cat/000000511148.jpg,animal,cat,0.854545454545454
animal/cat/000000511239.jpg,animal,cat,0.883116883116883
animal/cat/000000518324.jpg,animal,cat,0.827272727272727
animal/cat/000000530489.jpg,animal,cat,0.771929824561403
animal/cat/000000531594.jpg,animal,cat,0.714285714285714
animal/cat/000000532491.jpg,animal,cat,0.847826086956522
animal/cat/000000535080.jpg,animal,cat,0.893203883495146
animal/cat/000000535679.jpg,animal,cat,0.851063829787234
animal/cat/000000537022.jpg,animal,cat,0.935897435897436
animal/cat/000000543264.jpg,animal,cat,0.97752808988764
animal/cat/000000559776.jpg,animal,cat,0.885714285714286
animal/cat/000000567754.jpg,animal,cat,0.882978723404255
animal/cat/000000571671.jpg,animal,cat,0.911504424778761
animal/cat/000000576072.jpg,animal,cat,0.838383838383838
animal/cat/000000580427.jpg,animal,cat,0.896103896103896
animal/cat/n02123045_13139.jpg,animal,cat,0.735294117647059
animal/cat/n02123597_11551.jpg,animal,cat,0.854368932038835
animal/chicken/n01514668_10672.jpg,animal,chicken,0.881188118811881
animal/chicken/n01514668_10820.jpg,animal,chicken,0.771739130434783
animal/chicken/n01514668_11498.jpg,animal,chicken,0.811320754716981
animal/chicken/n01514668_12187.jpg,animal,chicken,0.747474747474748
animal/chicken/n01514668_13509.jpg,animal,chicken,0.752066115702479
animal/chicken/n01514668_14530.jpg,animal,chicken,0.867924528301887
animal/chicken/n01514668_14572.jpg,animal,chicken,0.771739130434783
animal/chicken/n01514668_15917.jpg,animal,chicken,0.688172043010753
animal/chicken/n01514668_17062.jpg,animal,chicken,0.655913978494624
animal/chicken/n01514668_17461.jpg,animal,chicken,0.771739130434783
animal/chicken/n01514668_18223.jpg,animal,chicken,0.835051546391753
animal/chicken/n01514668_18613.jpg,animal,chicken,0.752380952380952
animal/chicken/n01514668_18729.jpg,animal,chicken,0.855769230769231
animal/chicken/n01514668_18848.jpg,animal,chicken,0.735294117647059
animal/chicken/n01514668_20239.jpg,animal,chicken,0.660377358490566
animal/chicken/n01514668_20315.jpg,animal,chicken,0.689655172413793
animal/chicken/n01514668_20424.jpg,animal,chicken,0.784090909090909
animal/chicken/n01514668_20610.jpg,animal,chicken,0.706422018348624
animal/chicken/n01514668_20967.jpg,animal,chicken,0.778947368421053
animal/chicken/n01514668_21350.jpg,animal,chicken,0.78021978021978
animal/chicken/n01514668_22000.jpg,animal,chicken,0.754716981132076
animal/chicken/n01514668_23654.jpg,animal,chicken,0.792792792792793
animal/chicken/n01514668_3493.jpg,animal,chicken,0.790697674418605
animal/chicken/n01514668_3668.jpg,animal,chicken,0.769230769230769
animal/chicken/n01514668_4216.jpg,animal,chicken,0.785714285714286
animal/chicken/n01514668_4832.jpg,animal,chicken,0.643564356435644
animal/chicken/n01514668_690.jpg,animal,chicken,0.851851851851852
animal/chicken/n01514668_7269.jpg,animal,chicken,0.698924731182796
animal/chicken/n01514668_7597.jpg,animal,chicken,0.826923076923077
animal/chicken/n01514668_8514.jpg,animal,chicken,0.783333333333333
animal/chicken/n01514668_9003.jpg,animal,chicken,0.666666666666667
animal/chicken/n01514668_9306.jpg,animal,chicken,0.791304347826087
animal/chicken/n01514859_10423.jpg,animal,chicken,0.537634408602151
animal/chicken/n01514859_10488.jpg,animal,chicken,0.797752808988764
animal/chicken/n01514859_10948.jpg,animal,chicken,0.769911504424779
animal/chicken/n01514859_11835.jpg,animal,chicken,0.758241758241758
animal/chicken/n01514859_12292.jpg,animal,chicken,0.657407407407407
animal/chicken/n01514859_12538.jpg,animal,chicken,0.860759493670886
animal/chicken/n01514859_129.jpg,animal,chicken,0.697247706422018
animal/chicken/n01514859_1469.jpg,animal,chicken,0.64
animal/chicken/n01514859_2765.jpg,animal,chicken,0.712765957446808
animal/chicken/n01514859_3543.jpg,animal,chicken,0.772277227722772
animal/chicken/n01514859_3773.jpg,animal,chicken,0.795698924731183
animal/chicken/n01514859_4042.jpg,animal,chicken,0.79
animal/chicken/n01514859_4045.jpg,animal,chicken,0.612612612612613
animal/chicken/n01514859_4051.jpg,animal,chicken,0.681818181818182
animal/chicken/n01514859_4326.jpg,animal,chicken,0.720430107526882
animal/chicken/n01514859_4612.jpg,animal,chicken,0.762376237623762
animal/chicken/n01514859_4910.jpg,animal,chicken,0.757009345794392
animal/chicken/n01514859_4999.jpg,animal,chicken,0.754901960784314
animal/chicken/n01514859_5565.jpg,animal,chicken,0.747126436781609
animal/chicken/n01514859_6450.jpg,animal,chicken,0.759259259259259
animal/chicken/n01514859_6640.jpg,animal,chicken,0.757281553398058
animal/chicken/n01514859_6849.jpg,animal,chicken,0.881188118811881
animal/chicken/n01514859_7029.jpg,animal,chicken,0.727272727272727
animal/chicken/n01514859_7634.jpg,animal,chicken,0.8
animal/chicken/n01514859_945.jpg,animal,chicken,0.804123711340206
animal/chicken/n01791625_10861.jpg,animal,chicken,0.761363636363636
animal/chicken/n01791625_12250.jpg,animal,chicken,0.681818181818182
animal/chicken/n01791625_12394.jpg,animal,chicken,0.757894736842105
animal/chicken/n01791625_12948.jpg,animal,chicken,0.810810810810811
animal/chicken/n01791625_15716.jpg,animal,chicken,0.611764705882353
animal/chicken/n01791625_16028.jpg,animal,chicken,0.641975308641975
animal/chicken/n01791625_16100.jpg,animal,chicken,0.783333333333333
animal/chicken/n01791625_16214.jpg,animal,chicken,0.747747747747748
animal/chicken/n01791625_17466.jpg,animal,chicken,0.787037037037037
animal/chicken/n01791625_3148.jpg,animal,chicken,0.591836734693878
animal/chicken/n01791625_526.jpg,animal,chicken,0.732673267326733
animal/chicken/n01791625_644.jpg,animal,chicken,0.702970297029703
animal/chicken/n01791625_8908.jpg,animal,chicken,0.807692307692308
animal/chicken/n01791625_9841.jpg,animal,chicken,0.801801801801802
animal/chicken/n01792640_10135.jpg,animal,chicken,0.683673469387755
animal/chicken/n01792640_11755.jpg,animal,chicken,0.681818181818182
animal/chicken/n01792640_13474.jpg,animal,chicken,0.712765957446808
animal/chicken/n01792640_14323.jpg,animal,chicken,0.826923076923077
animal/chicken/n01792640_19952.jpg,animal,chicken,0.737864077669903
animal/chicken/n01792640_22171.jpg,animal,chicken,0.694444444444444
animal/chicken/n01792640_2815.jpg,animal,chicken,0.689320388349515
animal/chicken/n01792640_4344.jpg,animal,chicken,0.685185185185185
animal/chicken/n01792640_5386.jpg,animal,chicken,0.706521739130435
animal/chicken/n01792640_6568.jpg,animal,chicken,0.78494623655914
animal/chicken/n01792640_6987.jpg,animal,chicken,0.654205607476635
animal/chicken/n01792640_712.jpg,animal,chicken,0.737864077669903
animal/chicken/n01792640_8097.jpg,animal,chicken,0.596153846153846
animal/chicken/n01792955_11320.jpg,animal,chicken,0.725274725274725
animal/chicken/n01792955_16450.jpg,animal,chicken,0.811881188118812
animal/chicken/n01792955_2693.jpg,animal,chicken,0.551724137931034
animal/chicken/n01792955_454.jpg,animal,chicken,0.787878787878788
animal/chicken/n01792955_93.jpg,animal,chicken,0.669724770642202
animal/chicken/n01793435_1195.jpg,animal,chicken,0.826530612244898
animal/chicken/n01793435_2190.jpg,animal,chicken,0.652631578947368
animal/chicken/n01793435_2306.jpg,animal,chicken,0.857142857142857
animal/chicken/n01793435_2761.jpg,animal,chicken,0.796116504854369
animal/chicken/n01793435_425.jpg,animal,chicken,0.710280373831776
animal/chicken/n01793435_5738.jpg,animal,chicken,0.659574468085106
animal/chicken/n01793435_7070.jpg,animal,chicken,0.711711711711712
animal/chicken/n01793435_7545.jpg,animal,chicken,0.839080459770115
animal/chicken/n01793435_9649.jpg,animal,chicken,0.695121951219512
animal/chicken/n01793435_9890.jpg,animal,chicken,0.663157894736842
animal/chicken/n01793435_9973.jpg,animal,chicken,0.719626168224299
animal/cow/000000003480.jpg,animal,cow,0.693693693693694
animal/cow/000000018534.jpg,animal,cow,0.655172413793103
animal/cow/000000019974.jpg,animal,cow,0.737864077669903
animal/cow/000000022983.jpg,animal,cow,0.63
animal/cow/000000029341.jpg,animal,cow,0.747126436781609
animal/cow/000000051094.jpg,animal,cow,0.559633027522936
animal/cow/000000055722.jpg,animal,cow,0.621052631578947
animal/cow/000000060687.jpg,animal,cow,0.715789473684211
animal/cow/000000067082.jpg,animal,cow,0.413461538461538
animal/cow/000000068030.jpg,animal,cow,0.666666666666667
animal/cow/000000070603.jpg,animal,cow,0.666666666666667
animal/cow/000000072905.jpg,animal,cow,0.688888888888889
animal/cow/000000080363.jpg,animal,cow,0.778846153846154
animal/cow/000000082935.jpg,animal,cow,0.796116504854369
animal/cow/000000088176.jpg,animal,cow,0.804878048780488
animal/cow/000000088382.jpg,animal,cow,0.704761904761905
animal/cow/000000089668.jpg,animal,cow,0.585585585585586
animal/cow/000000089895.jpg,animal,cow,0.657894736842105
animal/cow/000000092679.jpg,animal,cow,0.756756756756757
animal/cow/000000094716.jpg,animal,cow,0.688888888888889
animal/cow/000000104095.jpg,animal,cow,0.659574468085106
animal/cow/000000106589.jpg,animal,cow,0.737864077669903
animal/cow/000000112295.jpg,animal,cow,0.657657657657658
animal/cow/000000113852.jpg,animal,cow,0.607843137254902
animal/cow/000000114246.jpg,animal,cow,0.744186046511628
animal/cow/000000123229.jpg,animal,cow,0.637362637362637
animal/cow/000000130221.jpg,animal,cow,0.818181818181818
animal/cow/000000131390.jpg,animal,cow,0.666666666666667
animal/cow/000000133137.jpg,animal,cow,0.747126436781609
animal/cow/000000139105.jpg,animal,cow,0.520408163265306
animal/cow/000000139455.jpg,animal,cow,0.5
animal/cow/000000149832.jpg,animal,cow,0.536363636363636
animal/cow/000000153428.jpg,animal,cow,0.775280898876405
animal/cow/000000153973.jpg,animal,cow,0.768595041322314
animal/cow/000000159196.jpg,animal,cow,0.520833333333333
animal/cow/000000166021.jpg,animal,cow,0.851851851851852
animal/cow/000000166223.jpg,animal,cow,0.594059405940594
animal/cow/000000189459.jpg,animal,cow,0.672566371681416
animal/cow/000000195204.jpg,animal,cow,0.803571428571429
animal/cow/000000213961.jpg,animal,cow,0.590909090909091
animal/cow/000000221895.jpg,animal,cow,0.818181818181818
animal/cow/000000222893.jpg,animal,cow,0.509090909090909
animal/cow/000000223123.jpg,animal,cow,0.738317757009346
animal/cow/000000223511.jpg,animal,cow,0.789473684210526
animal/cow/000000231668.jpg,animal,cow,0.585365853658537
animal/cow/000000233383.jpg,animal,cow,0.734513274336283
animal/cow/000000239762.jpg,animal,cow,0.829059829059829
animal/cow/000000253030.jpg,animal,cow,0.76271186440678
animal/cow/000000256284.jpg,animal,cow,0.833333333333333
animal/cow/000000264615.jpg,animal,cow,0.708333333333333
animal/cow/000000267797.jpg,animal,cow,0.615384615384615
animal/cow/000000270431.jpg,animal,cow,0.569620253164557
animal/cow/000000278437.jpg,animal,cow,0.705263157894737
animal/cow/000000282572.jpg,animal,cow,0.725274725274725
animal/cow/000000284536.jpg,animal,cow,0.554621848739496
animal/cow/000000288076.jpg,animal,cow,0.705882352941177
animal/cow/000000288117.jpg,animal,cow,0.802325581395349
animal/cow/000000305888.jpg,animal,cow,0.833333333333333
animal/cow/000000318708.jpg,animal,cow,0.752688172043011
animal/cow/000000319469.jpg,animal,cow,0.645833333333333
animal/cow/000000333550.jpg,animal,cow,0.697247706422018
animal/cow/000000335624.jpg,animal,cow,0.536842105263158
animal/cow/000000345835.jpg,animal,cow,0.602272727272727
animal/cow/000000346511.jpg,animal,cow,0.571428571428571
animal/cow/000000347445.jpg,animal,cow,0.813725490196078
animal/cow/000000349408.jpg,animal,cow,0.576470588235294
animal/cow/000000352276.jpg,animal,cow,0.631578947368421
animal/cow/000000352307.jpg,animal,cow,0.747474747474748
animal/cow/000000363067.jpg,animal,cow,0.392156862745098
animal/cow/000000373153.jpg,animal,cow,0.911111111111111
animal/cow/000000397309.jpg,animal,cow,0.566037735849057
animal/cow/000000411415.jpg,animal,cow,0.648148148148148
animal/cow/000000412922.jpg,animal,cow,0.655555555555556
animal/cow/000000414679.jpg,animal,cow,0.8
animal/cow/000000416684.jpg,animal,cow,0.57843137254902
animal/cow/000000416948.jpg,animal,cow,0.757009345794392
animal/cow/000000419780.jpg,animal,cow,0.663551401869159
animal/cow/000000421502.jpg,animal,cow,0.779069767441861
animal/cow/000000444166.jpg,animal,cow,0.785714285714286
animal/cow/000000447684.jpg,animal,cow,0.905263157894737
animal/cow/000000449985.jpg,animal,cow,0.707865168539326
animal/cow/000000455443.jpg,animal,cow,0.688679245283019
animal/cow/000000466635.jpg,animal,cow,0.811881188118812
animal/cow/000000470525.jpg,animal,cow,0.880952380952381
animal/cow/000000484384.jpg,animal,cow,0.660550458715596
animal/cow/000000486005.jpg,animal,cow,0.663265306122449
animal/cow/000000487340.jpg,animal,cow,0.589473684210526
animal/cow/000000488043.jpg,animal,cow,0.697247706422018
animal/cow/000000489261.jpg,animal,cow,0.734939759036145
animal/cow/000000493612.jpg,animal,cow,0.571428571428571
animal/cow/000000507547.jpg,animal,cow,0.703703703703704
animal/cow/000000518555.jpg,animal,cow,0.821052631578947
animal/cow/000000526456.jpg,animal,cow,0.657142857142857
animal/cow/000000528189.jpg,animal,cow,0.752380952380952
animal/cow/000000532145.jpg,animal,cow,0.813725490196078
animal/cow/000000533051.jpg,animal,cow,0.743589743589744
animal/cow/000000534311.jpg,animal,cow,0.584269662921348
animal/cow/000000541510.jpg,animal,cow,0.770833333333333
animal/cow/000000551533.jpg,animal,cow,0.644444444444444
animal/cow/000000576206.jpg,animal,cow,0.555555555555556
animal/deer/n02430045_12102.jpg,animal,deer,0.758928571428571
animal/deer/n02430045_12809.jpg,animal,deer,0.578947368421053
animal/deer/n02430045_13141.jpg,animal,deer,0.694736842105263
animal/deer/n02430045_2153.jpg,animal,deer,0.5125
animal/deer/n02430045_2199.jpg,animal,deer,0.75
animal/deer/n02430045_2537.jpg,animal,deer,0.655913978494624
animal/deer/n02430045_2970.jpg,animal,deer,0.745614035087719
animal/deer/n02430045_3429.jpg,animal,deer,0.613636363636364
animal/deer/n02430045_3448.jpg,animal,deer,0.739583333333333
animal/deer/n02430045_3541.jpg,animal,deer,0.774193548387097
animal/deer/n02430045_3544.jpg,animal,deer,0.83495145631068
animal/deer/n02430045_3668.jpg,animal,deer,0.573033707865168
animal/deer/n02430045_3946.jpg,animal,deer,0.656565656565657
animal/deer/n02430045_3966.jpg,animal,deer,0.568181818181818
animal/deer/n02430045_4014.jpg,animal,deer,0.635416666666667
animal/deer/n02430045_4065.jpg,animal,deer,0.674698795180723
animal/deer/n02430045_4172.jpg,animal,deer,0.609195402298851
animal/deer/n02430045_4240.jpg,animal,deer,0.742857142857143
animal/deer/n02430045_4491.jpg,animal,deer,0.627659574468085
animal/deer/n02430045_4675.jpg,animal,deer,0.840909090909091
animal/deer/n02430045_4757.jpg,animal,deer,0.761061946902655
animal/deer/n02430045_4873.jpg,animal,deer,0.717647058823529
animal/deer/n02430045_4987.jpg,animal,deer,0.611650485436893
animal/deer/n02430045_5322.jpg,animal,deer,0.544303797468354
animal/deer/n02430045_5497.jpg,animal,deer,0.729166666666667
animal/deer/n02430045_5590.jpg,animal,deer,0.754545454545455
animal/deer/n02430045_5788.jpg,animal,deer,0.63
animal/deer/n02430045_5793.jpg,animal,deer,0.666666666666667
animal/deer/n02430045_5804.jpg,animal,deer,0.846153846153846
animal/deer/n02430045_5913.jpg,animal,deer,0.752688172043011
animal/deer/n02430045_5923.jpg,animal,deer,0.663551401869159
animal/deer/n02430045_5975.jpg,animal,deer,0.648351648351648
animal/deer/n02430045_6047.jpg,animal,deer,0.728395061728395
animal/deer/n02430045_6255.jpg,animal,deer,0.747368421052632
animal/deer/n02430045_6289.jpg,animal,deer,0.675213675213675
animal/deer/n02430045_6571.jpg,animal,deer,0.777777777777778
animal/deer/n02430045_972.jpg,animal,deer,0.786516853932584
animal/deer/n02431337_2676.jpg,animal,deer,0.722222222222222
animal/deer/n02431337_6373.jpg,animal,deer,0.718181818181818
animal/deer/n02431441_110.jpg,animal,deer,0.758241758241758
animal/deer/n02431441_12219.jpg,animal,deer,0.631067961165049
animal/deer/n02431441_12391.jpg,animal,deer,0.407766990291262
animal/deer/n02431441_1782.jpg,animal,deer,0.700934579439252
animal/deer/n02431441_4277.jpg,animal,deer,0.77319587628866
animal/deer/n02431441_4390.jpg,animal,deer,0.696969696969697
animal/deer/n02431441_574.jpg,animal,deer,0.625
animal/deer/n02431441_6672.jpg,animal,deer,0.578947368421053
animal/deer/n02431441_6696.jpg,animal,deer,0.666666666666667
animal/deer/n02431441_6984.jpg,animal,deer,0.615384615384615
animal/deer/n02431441_8356.jpg,animal,deer,0.716981132075472
animal/deer/n02431628_2953.jpg,animal,deer,0.693693693693694
animal/deer/n02431628_3572.jpg,animal,deer,0.57
animal/deer/n02431628_4958.jpg,animal,deer,0.633928571428571
animal/deer/n02431628_6620.jpg,animal,deer,0.65979381443299
animal/deer/n02431628_6756.jpg,animal,deer,0.769230769230769
animal/deer/n02431785_13508.jpg,animal,deer,0.653061224489796
animal/deer/n02431785_21925.jpg,animal,deer,0.676190476190476
animal/deer/n02431785_24562.jpg,animal,deer,0.709302325581395
animal/deer/n02431785_25175.jpg,animal,deer,0.513274336283186
animal/deer/n02431785_3713.jpg,animal,deer,0.772277227722772
animal/deer/n02431785_3863.jpg,animal,deer,0.494252873563218
animal/deer/n02431785_6514.jpg,animal,deer,0.775862068965517
animal/deer/n02432983_11100.jpg,animal,deer,0.642201834862385
animal/deer/n02432983_12479.jpg,animal,deer,0.683168316831683
animal/deer/n02432983_13135.jpg,animal,deer,0.564102564102564
animal/deer/n02432983_15990.jpg,animal,deer,0.61
animal/deer/n02432983_20323.jpg,animal,deer,0.706521739130435
animal/deer/n02432983_20980.jpg,animal,deer,0.823008849557522
animal/deer/n02432983_23360.jpg,animal,deer,0.811965811965812
animal/deer/n02432983_23378.jpg,animal,deer,0.530612244897959
animal/deer/n02432983_25277.jpg,animal,deer,0.615384615384615
animal/deer/n02432983_25342.jpg,animal,deer,0.720430107526882
animal/deer/n02432983_26897.jpg,animal,deer,0.491071428571429
animal/deer/n02432983_27024.jpg,animal,deer,0.778846153846154
animal/deer/n02432983_2922.jpg,animal,deer,0.714285714285714
animal/deer/n02432983_5356.jpg,animal,deer,0.62962962962963
animal/deer/n02432983_7830.jpg,animal,deer,0.816326530612245
animal/deer/n02433729_2259.jpg,animal,deer,0.659340659340659
animal/deer/n02433729_3376.jpg,animal,deer,0.621359223300971
animal/deer/n02433729_8491.jpg,animal,deer,0.804123711340206
animal/deer/n02433729_8495.jpg,animal,deer,0.762376237623762
animal/deer/n02433729_8548.jpg,animal,deer,0.653846153846154
animal/deer/n02433729_8950.jpg,animal,deer,0.652631578947368
animal/deer/n02433925_23052.jpg,animal,deer,0.529411764705882
animal/deer/n02434954_1542.jpg,animal,deer,0.575757575757576
animal/deer/n02434954_1883.jpg,animal,deer,0.633333333333333
animal/deer/n02434954_2920.jpg,animal,deer,0.521739130434783
animal/deer/n02434954_3310.jpg,animal,deer,0.711111111111111
animal/deer/n02434954_3412.jpg,animal,deer,0.537634408602151
animal/deer/n02434954_3668.jpg,animal,deer,0.69811320754717
animal/deer/n02434954_4276.jpg,animal,deer,0.779816513761468
animal/deer/n02434954_4936.jpg,animal,deer,0.5125
animal/deer/n02434954_5115.jpg,animal,deer,0.49
animal/deer/n02434954_5509.jpg,animal,deer,0.633333333333333
animal/deer/n02434954_5901.jpg,animal,deer,0.727272727272727
animal/deer/n02434954_612.jpg,animal,deer,0.622448979591837
animal/deer/n02434954_6144.jpg,animal,deer,0.546296296296296
animal/deer/n02434954_6168.jpg,animal,deer,0.635416666666667
animal/deer/n02434954_7106.jpg,animal,deer,0.718446601941748
animal/dog/000000017004.jpg,animal,dog,0.716814159292035
animal/dog/000000019528.jpg,animal,dog,0.903614457831325
animal/dog/000000020221.jpg,animal,dog,0.843373493975904
animal/dog/000000021048.jpg,animal,dog,0.747368421052632
animal/dog/000000021566.jpg,animal,dog,0.895348837209302
animal/dog/000000034321.jpg,animal,dog,0.74468085106383
animal/dog/000000046345.jpg,animal,dog,0.853211009174312
animal/dog/000000093816.jpg,animal,dog,0.86
animal/dog/000000098709.jpg,animal,dog,0.754237288135593
animal/dog/000000103331.jpg,animal,dog,0.81
animal/dog/000000107716.jpg,animal,dog,0.815217391304348
animal/dog/000000120874.jpg,animal,dog,0.876543209876543
animal/dog/000000131714.jpg,animal,dog,0.828828828828829
animal/dog/000000136132.jpg,animal,dog,0.790123456790123
animal/dog/000000157119.jpg,animal,dog,0.744444444444444
animal/dog/000000162735.jpg,animal,dog,0.825757575757576
animal/dog/000000189600.jpg,animal,dog,0.865853658536585
animal/dog/000000195815.jpg,animal,dog,0.935483870967742
animal/dog/000000200376.jpg,animal,dog,0.918367346938776
animal/dog/000000205854.jpg,animal,dog,0.824175824175824
animal/dog/000000207509.jpg,animal,dog,0.948453608247423
animal/dog/000000208913.jpg,animal,dog,0.845360824742268
animal/dog/000000210958.jpg,animal,dog,0.831578947368421
animal/dog/000000215223.jpg,animal,dog,0.825581395348837
animal/dog/000000224468.jpg,animal,dog,0.877777777777778
animal/dog/000000229603.jpg,animal,dog,0.902912621359223
animal/dog/000000235843.jpg,animal,dog,0.858585858585859
animal/dog/000000264193.jpg,animal,dog,0.739130434782609
animal/dog/000000266676.jpg,animal,dog,0.752577319587629
animal/dog/000000275885.jpg,animal,dog,0.868686868686869
animal/dog/000000278184.jpg,animal,dog,0.840425531914894
animal/dog/000000286480.jpg,animal,dog,0.640776699029126
animal/dog/000000287328.jpg,animal,dog,0.835616438356164
animal/dog/000000296760.jpg,animal,dog,0.851063829787234
animal/dog/000000304741.jpg,animal,dog,0.811320754716981
animal/dog/000000307048.jpg,animal,dog,0.753086419753086
animal/dog/000000308040.jpg,animal,dog,0.753246753246753
animal/dog/000000310757.jpg,animal,dog,0.885416666666667
animal/dog/000000330028.jpg,animal,dog,0.833333333333333
animal/dog/000000333407.jpg,animal,dog,0.895833333333333
animal/dog/000000335451.jpg,animal,dog,0.761467889908257
animal/dog/000000343707.jpg,animal,dog,0.92
animal/dog/000000363031.jpg,animal,dog,0.850467289719626
animal/dog/000000370423.jpg,animal,dog,0.828571428571429
animal/dog/000000372460.jpg,animal,dog,0.826530612244898
animal/dog/000000383662.jpg,animal,dog,0.94
animal/dog/000000387876.jpg,animal,dog,0.821052631578947
animal/dog/000000396217.jpg,animal,dog,0.868686868686869
animal/dog/000000396400.jpg,animal,dog,0.803921568627451
animal/dog/000000397034.jpg,animal,dog,0.835164835164835
animal/dog/000000398632.jpg,animal,dog,0.827586206896552
animal/dog/000000404602.jpg,animal,dog,0.92156862745098
animal/dog/000000408623.jpg,animal,dog,0.791666666666667
animal/dog/000000417926.jpg,animal,dog,0.923076923076923
animal/dog/000000428214.jpg,animal,dog,0.83495145631068
animal/dog/000000429638.jpg,animal,dog,0.876288659793814
animal/dog/000000432752.jpg,animal,dog,0.614678899082569
animal/dog/000000441674.jpg,animal,dog,0.898876404494382
animal/dog/000000462330.jpg,animal,dog,0.900990099009901
animal/dog/000000464871.jpg,animal,dog,0.795698924731183
animal/dog/000000466643.jpg,animal,dog,0.65979381443299
animal/dog/000000467232.jpg,animal,dog,0.690721649484536
animal/dog/000000469281.jpg,animal,dog,0.768421052631579
animal/dog/000000472924.jpg,animal,dog,0.805309734513274
animal/dog/000000482310.jpg,animal,dog,0.88785046728972
animal/dog/000000482392.jpg,animal,dog,0.877358490566038
animal/dog/000000489328.jpg,animal,dog,0.775700934579439
animal/dog/000000504341.jpg,animal,dog,0.844660194174757
animal/dog/000000506783.jpg,animal,dog,0.803571428571429
animal/dog/000000510368.jpg,animal,dog,0.866071428571429
animal/dog/000000522195.jpg,animal,dog,0.858585858585859
animal/dog/000000527845.jpg,animal,dog,0.908256880733945
animal/dog/000000529256.jpg,animal,dog,0.872549019607843
animal/dog/000000550063.jpg,animal,dog,0.919191919191919
animal/dog/000000555493.jpg,animal,dog,0.87
animal/dog/000000572254.jpg,animal,dog,0.793814432989691
animal/dog/000000575005.jpg,animal,dog,0.803571428571429
animal/dog/000000576136.jpg,animal,dog,0.821782178217822
animal/dog/n02087551_12257.jpg,animal,dog,0.964285714285714
animal/dog/n02088364_6866.jpg,animal,dog,0.761467889908257
animal/dog/n02088632_982.jpg,animal,dog,0.703296703296703
animal/dog/n02088839_5834.jpg,animal,dog,0.8
animal/dog/n02089078_3449.jpg,animal,dog,0.701030927835051
animal/dog/n02089555_6001.jpg,animal,dog,0.684210526315789
animal/dog/n02089973_1846.jpg,animal,dog,0.605042016806723
animal/dog/n02090379_4673.jpg,animal,dog,0.80188679245283
animal/dog/n02090475_12741.jpg,animal,dog,0.790909090909091
animal/dog/n02090721_1131.jpg,animal,dog,0.707070707070707
animal/dog/n02090721_333.jpg,animal,dog,0.723809523809524
animal/dog/n02090827_12582.jpg,animal,dog,0.863157894736842
animal/dog/n02090827_160.jpg,animal,dog,0.785714285714286
animal/dog/n02090827_3313.jpg,animal,dog,0.775510204081633
animal/dog/n02090827_5607.jpg,animal,dog,0.854368932038835
animal/dog/n02091032_1121.jpg,animal,dog,0.833333333333333
animal/dog/n02091244_1470.jpg,animal,dog,0.893617021276596
animal/dog/n02091467_4631.jpg,animal,dog,0.841584158415842
animal/dog/n02091831_1565.jpg,animal,dog,0.952380952380952
animal/dog/n02092002_14320.jpg,animal,dog,0.771929824561403
animal/dog/n02092002_4921.jpg,animal,dog,0.756521739130435
animal/dog/n02092339_4906.jpg,animal,dog,0.858585858585859
animal/duck/n01846331_1006.jpg,animal,duck,0.601941747572815
animal/duck/n01846331_10215.jpg,animal,duck,0.75
animal/duck/n01846331_10856.jpg,animal,duck,0.5
animal/duck/n01846331_10874.jpg,animal,duck,0.602272727272727
animal/duck/n01846331_1102.jpg,animal,duck,0.742857142857143
animal/duck/n01846331_11431.jpg,animal,duck,0.75
animal/duck/n01846331_1153.jpg,animal,duck,0.783505154639175
animal/duck/n01846331_11534.jpg,animal,duck,0.722222222222222
animal/duck/n01846331_11880.jpg,animal,duck,0.547169811320755
animal/duck/n01846331_12534.jpg,animal,duck,0.572649572649573
animal/duck/n01846331_12659.jpg,animal,duck,0.780952380952381
animal/duck/n01846331_12725.jpg,animal,duck,0.798165137614679
animal/duck/n01846331_12734.jpg,animal,duck,0.625
animal/duck/n01846331_13074.jpg,animal,duck,0.705882352941177
animal/duck/n01846331_13275.jpg,animal,duck,0.851485148514851
animal/duck/n01846331_13327.jpg,animal,duck,0.752941176470588
animal/duck/n01846331_13568.jpg,animal,duck,0.535714285714286
animal/duck/n01846331_13905.jpg,animal,duck,0.726190476190476
animal/duck/n01846331_14161.jpg,animal,duck,0.69
animal/duck/n01846331_14212.jpg,animal,duck,0.597938144329897
animal/duck/n01846331_14229.jpg,animal,duck,0.675925925925926
animal/duck/n01846331_14231.jpg,animal,duck,0.728070175438597
animal/duck/n01846331_14442.jpg,animal,duck,0.697674418604651
animal/duck/n01846331_14535.jpg,animal,duck,0.866666666666667
animal/duck/n01846331_14741.jpg,animal,duck,0.657894736842105
animal/duck/n01846331_1493.jpg,animal,duck,0.651376146788991
animal/duck/n01846331_15233.jpg,animal,duck,0.630434782608696
animal/duck/n01846331_15402.jpg,animal,duck,0.849462365591398
animal/duck/n01846331_15480.jpg,animal,duck,0.677083333333333
animal/duck/n01846331_15481.jpg,animal,duck,0.795918367346939
animal/duck/n01846331_15598.jpg,animal,duck,0.646464646464647
animal/duck/n01846331_1577.jpg,animal,duck,0.76
animal/duck/n01846331_1582.jpg,animal,duck,0.692307692307692
animal/duck/n01846331_16461.jpg,animal,duck,0.778761061946903
animal/duck/n01846331_1753.jpg,animal,duck,0.693069306930693
animal/duck/n01846331_17740.jpg,animal,duck,0.65
animal/duck/n01846331_1824.jpg,animal,duck,0.689320388349515
animal/duck/n01846331_1947.jpg,animal,duck,0.635514018691589
animal/duck/n01846331_2058.jpg,animal,duck,0.722772277227723
animal/duck/n01846331_2354.jpg,animal,duck,0.828571428571429
animal/duck/n01846331_2425.jpg,animal,duck,0.693069306930693
animal/duck/n01846331_2474.jpg,animal,duck,0.787878787878788
animal/duck/n01846331_2743.jpg,animal,duck,0.818181818181818
animal/duck/n01846331_2820.jpg,animal,duck,0.642105263157895
animal/duck/n01846331_2857.jpg,animal,duck,0.728155339805825
animal/duck/n01846331_2869.jpg,animal,duck,0.752293577981651
animal/duck/n01846331_2900.jpg,animal,duck,0.802197802197802
animal/duck/n01846331_2909.jpg,animal,duck,0.605769230769231
animal/duck/n01846331_3060.jpg,animal,duck,0.67741935483871
animal/duck/n01846331_3187.jpg,animal,duck,0.595505617977528
animal/duck/n01846331_3202.jpg,animal,duck,0.700934579439252
animal/duck/n01846331_3358.jpg,animal,duck,0.772727272727273
animal/duck/n01846331_3449.jpg,animal,duck,0.67032967032967
animal/duck/n01846331_3530.jpg,animal,duck,0.71551724137931
animal/duck/n01846331_3656.jpg,animal,duck,0.851485148514851
animal/duck/n01846331_3988.jpg,animal,duck,0.78021978021978
animal/duck/n01846331_4035.jpg,animal,duck,0.776699029126214
animal/duck/n01846331_4191.jpg,animal,duck,0.582417582417582
animal/duck/n01846331_4246.jpg,animal,duck,0.772277227722772
animal/duck/n01846331_432.jpg,animal,duck,0.778947368421053
animal/duck/n01846331_4392.jpg,animal,duck,0.782178217821782
animal/duck/n01846331_471.jpg,animal,duck,0.658333333333333
animal/duck/n01846331_4793.jpg,animal,duck,0.62
animal/duck/n01846331_4915.jpg,animal,duck,0.676767676767677
animal/duck/n01846331_5267.jpg,animal,duck,0.6875
animal/duck/n01846331_5309.jpg,animal,duck,0.650602409638554
animal/duck/n01846331_5391.jpg,animal,duck,0.708333333333333
animal/duck/n01846331_5551.jpg,animal,duck,0.828571428571429
animal/duck/n01846331_5668.jpg,animal,duck,0.682926829268293
animal/duck/n01846331_5760.jpg,animal,duck,0.622448979591837
animal/duck/n01846331_5951.jpg,animal,duck,0.747572815533981
animal/duck/n01846331_5989.jpg,animal,duck,0.505376344086022
animal/duck/n01846331_6092.jpg,animal,duck,0.666666666666667
animal/duck/n01846331_613.jpg,animal,duck,0.778947368421053
animal/duck/n01846331_6225.jpg,animal,duck,0.61
animal/duck/n01846331_6493.jpg,animal,duck,0.683673469387755
animal/duck/n01846331_6499.jpg,animal,duck,0.726190476190476
animal/duck/n01846331_6505.jpg,animal,duck,0.563218390804598
animal/duck/n01846331_6555.jpg,animal,duck,0.623853211009174
animal/duck/n01846331_6727.jpg,animal,duck,0.732673267326733
animal/duck/n01846331_6789.jpg,animal,duck,0.625
animal/duck/n01846331_693.jpg,animal,duck,0.773584905660377
animal/duck/n01846331_708.jpg,animal,duck,0.730434782608696
animal/duck/n01846331_7096.jpg,animal,duck,0.76
animal/duck/n01846331_7365.jpg,animal,duck,0.724489795918367
animal/duck/n01846331_7467.jpg,animal,duck,0.696078431372549
animal/duck/n01846331_7521.jpg,animal,duck,0.669902912621359
animal/duck/n01846331_7718.jpg,animal,duck,0.740384615384615
animal/duck/n01846331_8240.jpg,animal,duck,0.807692307692308
animal/duck/n01846331_8429.jpg,animal,duck,0.680851063829787
animal/duck/n01846331_8471.jpg,animal,duck,0.645833333333333
animal/duck/n01846331_8530.jpg,animal,duck,0.648936170212766
animal/duck/n01846331_8672.jpg,animal,duck,0.897196261682243
animal/duck/n01846331_8880.jpg,animal,duck,0.863157894736842
animal/duck/n01846331_897.jpg,animal,duck,0.838383838383838
animal/duck/n01846331_9058.jpg,animal,duck,0.586206896551724
animal/duck/n01846331_943.jpg,animal,duck,0.707547169811321
animal/duck/n01846331_973.jpg,animal,duck,0.685393258426966
animal/duck/n01846331_9747.jpg,animal,duck,0.8
animal/duck/n01846331_9788.jpg,animal,duck,0.729166666666667
animal/elephant/000000010449.jpg,animal,elephant,0.592592592592593
animal/elephant/000000018792.jpg,animal,elephant,0.689320388349515
animal/elephant/000000021338.jpg,animal,elephant,0.673684210526316
animal/elephant/000000040433.jpg,animal,elephant,0.752380952380952
animal/elephant/000000045617.jpg,animal,elephant,0.612612612612613
animal/elephant/000000047406.jpg,animal,elephant,0.625
animal/elephant/000000049369.jpg,animal,elephant,0.781512605042017
animal/elephant/000000062170.jpg,animal,elephant,0.666666666666667
animal/elephant/000000065465.jpg,animal,elephant,0.814814814814815
animal/elephant/000000067786.jpg,animal,elephant,0.752808988764045
animal/elephant/000000072216.jpg,animal,elephant,0.879120879120879
animal/elephant/000000096244.jpg,animal,elephant,0.653846153846154
animal/elephant/000000097610.jpg,animal,elephant,0.805825242718447
animal/elephant/000000113495.jpg,animal,elephant,0.647727272727273
animal/elephant/000000126595.jpg,animal,elephant,0.686274509803922
animal/elephant/000000127647.jpg,animal,elephant,0.891089108910891
animal/elephant/000000128324.jpg,animal,elephant,0.542857142857143
animal/elephant/000000131059.jpg,animal,elephant,0.54639175257732
animal/elephant/000000134242.jpg,animal,elephant,0.584158415841584
animal/elephant/000000136542.jpg,animal,elephant,0.63
animal/elephant/000000137589.jpg,animal,elephant,0.739495798319328
animal/elephant/000000148004.jpg,animal,elephant,0.63302752293578
animal/elephant/000000154023.jpg,animal,elephant,0.638297872340426
animal/elephant/000000167045.jpg,animal,elephant,0.563636363636364
animal/elephant/000000177284.jpg,animal,elephant,0.728971962616822
animal/elephant/000000181224.jpg,animal,elephant,0.71
animal/elephant/000000194381.jpg,animal,elephant,0.71304347826087
animal/elephant/000000199815.jpg,animal,elephant,0.747126436781609
animal/elephant/000000216817.jpg,animal,elephant,0.645833333333333
animal/elephant/000000218405.jpg,animal,elephant,0.656862745098039
animal/elephant/000000221089.jpg,animal,elephant,0.813725490196078
animal/elephant/000000224874.jpg,animal,elephant,0.74468085106383
animal/elephant/000000225121.jpg,animal,elephant,0.705263157894737
animal/elephant/000000227270.jpg,animal,elephant,0.754545454545455
animal/elephant/000000227358.jpg,animal,elephant,0.636363636363636
animal/elephant/000000230515.jpg,animal,elephant,0.720430107526882
animal/elephant/000000232085.jpg,animal,elephant,0.704347826086957
animal/elephant/000000245713.jpg,animal,elephant,0.626086956521739
animal/elephant/000000255598.jpg,animal,elephant,0.65
animal/elephant/000000256028.jpg,animal,elephant,0.733333333333333
animal/elephant/000000256061.jpg,animal,elephant,0.723404255319149
animal/elephant/000000260817.jpg,animal,elephant,0.828282828282828
animal/elephant/000000273106.jpg,animal,elephant,0.662921348314607
animal/elephant/000000273618.jpg,animal,elephant,0.814432989690722
animal/elephant/000000285678.jpg,animal,elephant,0.786516853932584
animal/elephant/000000289864.jpg,animal,elephant,0.691588785046729
animal/elephant/000000291894.jpg,animal,elephant,0.766355140186916
animal/elephant/000000293543.jpg,animal,elephant,0.732558139534884
animal/elephant/000000293751.jpg,animal,elephant,0.514285714285714
animal/elephant/000000294925.jpg,animal,elephant,0.621052631578947
animal/elephant/000000304833.jpg,animal,elephant,0.653061224489796
animal/elephant/000000309694.jpg,animal,elephant,0.685185185185185
animal/elephant/000000310683.jpg,animal,elephant,0.672897196261682
animal/elephant/000000312204.jpg,animal,elephant,0.763440860215054
animal/elephant/000000314602.jpg,animal,elephant,0.75
animal/elephant/000000315243.jpg,animal,elephant,0.828282828282828
animal/elephant/000000321306.jpg,animal,elephant,0.710280373831776
animal/elephant/000000326264.jpg,animal,elephant,0.785714285714286
animal/elephant/000000327575.jpg,animal,elephant,0.768421052631579
animal/elephant/000000331059.jpg,animal,elephant,0.72289156626506
animal/elephant/000000356535.jpg,animal,elephant,0.78125
animal/elephant/000000366295.jpg,animal,elephant,0.720430107526882
animal/elephant/000000369000.jpg,animal,elephant,0.68
animal/elephant/000000379645.jpg,animal,elephant,0.774509803921569
animal/elephant/000000382374.jpg,animal,elephant,0.826530612244898
animal/elephant/000000382951.jpg,animal,elephant,0.81
animal/elephant/000000389041.jpg,animal,elephant,0.613636363636364
animal/elephant/000000393228.jpg,animal,elephant,0.717391304347826
animal/elephant/000000402082.jpg,animal,elephant,0.774509803921569
animal/elephant/000000411043.jpg,animal,elephant,0.692307692307692
animal/elephant/000000411225.jpg,animal,elephant,0.722222222222222
animal/elephant/000000425055.jpg,animal,elephant,0.729166666666667
animal/elephant/000000427888.jpg,animal,elephant,0.696969696969697
animal/elephant/000000430523.jpg,animal,elephant,0.785714285714286
animal/elephant/000000435612.jpg,animal,elephant,0.67948717948718
animal/elephant/000000445814.jpg,animal,elephant,0.714285714285714
animal/elephant/000000449718.jpg,animal,elephant,0.794871794871795
animal/elephant/000000451356.jpg,animal,elephant,0.6125
animal/elephant/000000458153.jpg,animal,elephant,0.673076923076923
animal/elephant/000000463338.jpg,animal,elephant,0.733333333333333
animal/elephant/000000465324.jpg,animal,elephant,0.470588235294118
animal/elephant/000000480893.jpg,animal,elephant,0.729166666666667
animal/elephant/000000484287.jpg,animal,elephant,0.690140845070423
animal/elephant/000000488368.jpg,animal,elephant,0.789473684210526
animal/elephant/000000503089.jpg,animal,elephant,0.707547169811321
animal/elephant/000000505592.jpg,animal,elephant,0.853211009174312
animal/elephant/000000521245.jpg,animal,elephant,0.578512396694215
animal/elephant/000000527728.jpg,animal,elephant,0.8
animal/elephant/000000530407.jpg,animal,elephant,0.747126436781609
animal/elephant/000000530999.jpg,animal,elephant,0.619565217391304
animal/elephant/000000532247.jpg,animal,elephant,0.788990825688073
animal/elephant/000000533979.jpg,animal,elephant,0.738636363636364
animal/elephant/000000537720.jpg,animal,elephant,0.782178217821782
animal/elephant/000000547131.jpg,animal,elephant,0.941747572815534
animal/elephant/000000549182.jpg,animal,elephant,0.703703703703704
animal/elephant/000000552681.jpg,animal,elephant,0.724137931034483
animal/elephant/000000554978.jpg,animal,elephant,0.585106382978723
animal/elephant/000000559218.jpg,animal,elephant,0.67816091954023
animal/elephant/000000574747.jpg,animal,elephant,0.646464646464647
animal/elephant/000000581726.jpg,animal,elephant,0.711340206185567
animal/fox/n02118333_10217.jpg,animal,fox,0.595505617977528
animal/fox/n02118333_10398.jpg,animal,fox,0.807228915662651
animal/fox/n02118333_10468.jpg,animal,fox,0.893617021276596
animal/fox/n02118333_10534.jpg,animal,fox,0.756521739130435
animal/fox/n02118333_10668.jpg,animal,fox,0.666666666666667
animal/fox/n02118333_10715.jpg,animal,fox,0.711538461538462
animal/fox/n02118333_10716.jpg,animal,fox,0.683673469387755
animal/fox/n02118333_10800.jpg,animal,fox,0.845238095238095
animal/fox/n02118333_10807.jpg,animal,fox,0.8
animal/fox/n02118333_10891.jpg,animal,fox,0.710843373493976
animal/fox/n02118333_11056.jpg,animal,fox,0.731707317073171
animal/fox/n02118333_11129.jpg,animal,fox,0.808695652173913
animal/fox/n02118333_11249.jpg,animal,fox,0.807692307692308
animal/fox/n02118333_11319.jpg,animal,fox,0.734042553191489
animal/fox/n02118333_11420.jpg,animal,fox,0.827956989247312
animal/fox/n02118333_11444.jpg,animal,fox,0.847619047619048
animal/fox/n02118333_11585.jpg,animal,fox,0.71264367816092
animal/fox/n02118333_11749.jpg,animal,fox,0.762376237623762
animal/fox/n02118333_11813.jpg,animal,fox,0.72972972972973
animal/fox/n02118333_11887.jpg,animal,fox,0.719626168224299
animal/fox/n02118333_11971.jpg,animal,fox,0.769230769230769
animal/fox/n02118333_12311.jpg,animal,fox,0.725
animal/fox/n02118333_12388.jpg,animal,fox,0.735632183908046
animal/fox/n02118333_12538.jpg,animal,fox,0.786407766990291
animal/fox/n02118333_12539.jpg,animal,fox,0.712765957446808
animal/fox/n02118333_12879.jpg,animal,fox,0.806122448979592
animal/fox/n02118333_12890.jpg,animal,fox,0.775510204081633
animal/fox/n02118333_13253.jpg,animal,fox,0.772277227722772
animal/fox/n02118333_1341.jpg,animal,fox,0.714285714285714
animal/fox/n02118333_13528.jpg,animal,fox,0.75
animal/fox/n02118333_13624.jpg,animal,fox,0.703703703703704
animal/fox/n02118333_13672.jpg,animal,fox,0.792452830188679
animal/fox/n02118333_13714.jpg,animal,fox,0.774509803921569
animal/fox/n02118333_1372.jpg,animal,fox,0.735294117647059
animal/fox/n02118333_13723.jpg,animal,fox,0.701030927835051
animal/fox/n02118333_14064.jpg,animal,fox,0.722772277227723
animal/fox/n02118333_14220.jpg,animal,fox,0.808510638297872
animal/fox/n02118333_14289.jpg,animal,fox,0.843137254901961
animal/fox/n02118333_14500.jpg,animal,fox,0.762376237623762
animal/fox/n02118333_14515.jpg,animal,fox,0.835443037974684
animal/fox/n02118333_14906.jpg,animal,fox,0.860215053763441
animal/fox/n02118333_14936.jpg,animal,fox,0.857142857142857
animal/fox/n02118333_1649.jpg,animal,fox,0.806122448979592
animal/fox/n02118333_1731.jpg,animal,fox,0.708333333333333
animal/fox/n02118333_2023.jpg,animal,fox,0.8125
animal/fox/n02118333_2287.jpg,animal,fox,0.666666666666667
animal/fox/n02118333_2295.jpg,animal,fox,0.79
animal/fox/n02118333_2857.jpg,animal,fox,0.75
animal/fox/n02118333_329.jpg,animal,fox,0.851063829787234
animal/fox/n02118333_344.jpg,animal,fox,0.615384615384615
animal/fox/n02118333_3903.jpg,animal,fox,0.709677419354839
animal/fox/n02118333_4155.jpg,animal,fox,0.651162790697674
animal/fox/n02118333_474.jpg,animal,fox,0.734513274336283
animal/fox/n02118333_5140.jpg,animal,fox,0.739130434782609
animal/fox/n02118333_5349.jpg,animal,fox,0.699029126213592
animal/fox/n02118333_543.jpg,animal,fox,0.666666666666667
animal/fox/n02118333_5460.jpg,animal,fox,0.876404494382023
animal/fox/n02118333_5774.jpg,animal,fox,0.732673267326733
animal/fox/n02118333_6193.jpg,animal,fox,0.864406779661017
animal/fox/n02118333_6480.jpg,animal,fox,0.741071428571429
animal/fox/n02118333_6598.jpg,animal,fox,0.74
animal/fox/n02118333_6622.jpg,animal,fox,0.708333333333333
animal/fox/n02118333_6662.jpg,animal,fox,0.778947368421053
animal/fox/n02118333_6735.jpg,animal,fox,0.806451612903226
animal/fox/n02118333_6740.jpg,animal,fox,0.809090909090909
animal/fox/n02118333_6775.jpg,animal,fox,0.821428571428571
animal/fox/n02118333_6797.jpg,animal,fox,0.67741935483871
animal/fox/n02118333_6830.jpg,animal,fox,0.829268292682927
animal/fox/n02118333_6867.jpg,animal,fox,0.926605504587156
animal/fox/n02118333_6923.jpg,animal,fox,0.646551724137931
animal/fox/n02118333_7368.jpg,animal,fox,0.761904761904762
animal/fox/n02118333_7524.jpg,animal,fox,0.769230769230769
animal/fox/n02118333_7588.jpg,animal,fox,0.945652173913043
animal/fox/n02118333_7631.jpg,animal,fox,0.755102040816326
animal/fox/n02118333_7642.jpg,animal,fox,0.774193548387097
animal/fox/n02118333_7668.jpg,animal,fox,0.776595744680851
animal/fox/n02118333_7755.jpg,animal,fox,0.804878048780488
animal/fox/n02118333_8150.jpg,animal,fox,0.837837837837838
animal/fox/n02118333_8191.jpg,animal,fox,0.678571428571429
animal/fox/n02118333_8406.jpg,animal,fox,0.731958762886598
animal/fox/n02118333_842.jpg,animal,fox,0.786407766990291
animal/fox/n02118333_8657.jpg,animal,fox,0.712962962962963
animal/fox/n02118333_8816.jpg,animal,fox,0.788888888888889
animal/fox/n02118333_8823.jpg,animal,fox,0.728155339805825
animal/fox/n02118333_8882.jpg,animal,fox,0.8
animal/fox/n02118333_8900.jpg,animal,fox,0.735294117647059
animal/fox/n02118333_8914.jpg,animal,fox,0.797752808988764
animal/fox/n02118333_8931.jpg,animal,fox,0.649122807017544
animal/fox/n02118333_9020.jpg,animal,fox,0.8
animal/fox/n02118333_9049.jpg,animal,fox,0.807339449541284
animal/fox/n02118333_9239.jpg,animal,fox,0.857142857142857
animal/fox/n02118333_9285.jpg,animal,fox,0.742268041237113
animal/fox/n02118333_9315.jpg,animal,fox,0.794642857142857
animal/fox/n02118333_9347.jpg,animal,fox,0.772727272727273
animal/fox/n02118333_9459.jpg,animal,fox,0.83495145631068
animal/fox/n02118333_9677.jpg,animal,fox,0.71304347826087
animal/fox/n02118333_9751.jpg,animal,fox,0.716981132075472
animal/fox/n02118333_9970.jpg,animal,fox,0.794642857142857
animal/fox/n02118333_9986.jpg,animal,fox,0.728260869565217
animal/giraffe/000000002066.jpg,animal,giraffe,0.792079207920792
animal/giraffe/000000016573.jpg,animal,giraffe,0.768518518518518
animal/giraffe/000000019447.jpg,animal,giraffe,0.692307692307692
animal/giraffe/000000026323.jpg,animal,giraffe,0.720430107526882
animal/giraffe/000000027440.jpg,animal,giraffe,0.739583333333333
animal/giraffe/000000028069.jpg,animal,giraffe,0.778947368421053
animal/giraffe/000000042931.jpg,animal,giraffe,0.794117647058823
animal/giraffe/000000045599.jpg,animal,giraffe,0.814159292035398
animal/giraffe/000000049443.jpg,animal,giraffe,0.864077669902913
animal/giraffe/000000058281.jpg,animal,giraffe,0.701030927835051
animal/giraffe/000000063370.jpg,animal,giraffe,0.757894736842105
animal/giraffe/000000072187.jpg,animal,giraffe,0.660550458715596
animal/giraffe/000000074069.jpg,animal,giraffe,0.696078431372549
animal/giraffe/000000081390.jpg,animal,giraffe,0.743119266055046
animal/giraffe/000000083548.jpg,animal,giraffe,0.673267326732673
animal/giraffe/000000098808.jpg,animal,giraffe,0.571428571428571
animal/giraffe/000000103232.jpg,animal,giraffe,0.78021978021978
animal/giraffe/000000104028.jpg,animal,giraffe,0.7125
animal/giraffe/000000118683.jpg,animal,giraffe,0.566265060240964
animal/giraffe/000000126964.jpg,animal,giraffe,0.818181818181818
animal/giraffe/000000127204.jpg,animal,giraffe,0.648148148148148
animal/giraffe/000000134685.jpg,animal,giraffe,0.581196581196581
animal/giraffe/000000139889.jpg,animal,giraffe,0.651162790697674
animal/giraffe/000000145825.jpg,animal,giraffe,0.670454545454545
animal/giraffe/000000150996.jpg,animal,giraffe,0.666666666666667
animal/giraffe/000000151178.jpg,animal,giraffe,0.763157894736842
animal/giraffe/000000169401.jpg,animal,giraffe,0.666666666666667
animal/giraffe/000000188727.jpg,animal,giraffe,0.851851851851852
animal/giraffe/000000189853.jpg,animal,giraffe,0.795698924731183
animal/giraffe/000000190551.jpg,animal,giraffe,0.681818181818182
animal/giraffe/000000192804.jpg,animal,giraffe,0.735294117647059
animal/giraffe/000000200263.jpg,animal,giraffe,0.736263736263736
animal/giraffe/000000200351.jpg,animal,giraffe,0.766990291262136
animal/giraffe/000000201420.jpg,animal,giraffe,0.841584158415842
animal/giraffe/000000201698.jpg,animal,giraffe,0.527472527472527
animal/giraffe/000000206385.jpg,animal,giraffe,0.700934579439252
animal/giraffe/000000207549.jpg,animal,giraffe,0.77319587628866
animal/giraffe/000000207913.jpg,animal,giraffe,0.777777777777778
animal/giraffe/000000208071.jpg,animal,giraffe,0.776595744680851
animal/giraffe/000000208671.jpg,animal,giraffe,0.673469387755102
animal/giraffe/000000213911.jpg,animal,giraffe,0.71875
animal/giraffe/000000214845.jpg,animal,giraffe,0.649484536082474
animal/giraffe/000000219653.jpg,animal,giraffe,0.785046728971963
animal/giraffe/000000222599.jpg,animal,giraffe,0.585858585858586
animal/giraffe/000000223577.jpg,animal,giraffe,0.686868686868687
animal/giraffe/000000224109.jpg,animal,giraffe,0.719101123595506
animal/giraffe/000000225358.jpg,animal,giraffe,0.672566371681416
animal/giraffe/000000226961.jpg,animal,giraffe,0.698795180722892
animal/giraffe/000000235646.jpg,animal,giraffe,0.801980198019802
animal/giraffe/000000238511.jpg,animal,giraffe,0.758928571428571
animal/giraffe/000000239581.jpg,animal,giraffe,0.625
animal/giraffe/000000241238.jpg,animal,giraffe,0.663366336633663
animal/giraffe/000000252810.jpg,animal,giraffe,0.682692307692308
animal/giraffe/000000257958.jpg,animal,giraffe,0.723404255319149
animal/giraffe/000000258402.jpg,animal,giraffe,0.725490196078431
animal/giraffe/000000267571.jpg,animal,giraffe,0.767676767676768
animal/giraffe/000000271577.jpg,animal,giraffe,0.702127659574468
animal/giraffe/000000279920.jpg,animal,giraffe,0.719626168224299
animal/giraffe/000000284274.jpg,animal,giraffe,0.767123287671233
animal/giraffe/000000294008.jpg,animal,giraffe,0.621359223300971
animal/giraffe/000000305476.jpg,animal,giraffe,0.677083333333333
animal/giraffe/000000327500.jpg,animal,giraffe,0.76
animal/giraffe/000000334080.jpg,animal,giraffe,0.688311688311688
animal/giraffe/000000335566.jpg,animal,giraffe,0.759615384615385
animal/giraffe/000000344174.jpg,animal,giraffe,0.688888888888889
animal/giraffe/000000361132.jpg,animal,giraffe,0.807692307692308
animal/giraffe/000000372868.jpg,animal,giraffe,0.774509803921569
animal/giraffe/000000380872.jpg,animal,giraffe,0.75
animal/giraffe/000000388011.jpg,animal,giraffe,0.656862745098039
animal/giraffe/000000403197.jpg,animal,giraffe,0.673684210526316
animal/giraffe/000000407676.jpg,animal,giraffe,0.649484536082474
animal/giraffe/000000422253.jpg,animal,giraffe,0.83
animal/giraffe/000000424978.jpg,animal,giraffe,0.684210526315789
animal/giraffe/000000429407.jpg,animal,giraffe,0.893203883495146
animal/giraffe/000000434804.jpg,animal,giraffe,0.811764705882353
animal/giraffe/000000441891.jpg,animal,giraffe,0.709090909090909
animal/giraffe/000000449011.jpg,animal,giraffe,0.854368932038835
animal/giraffe/000000452908.jpg,animal,giraffe,0.628318584070796
animal/giraffe/000000459451.jpg,animal,giraffe,0.870967741935484
animal/giraffe/000000461245.jpg,animal,giraffe,0.686868686868687
animal/giraffe/000000463417.jpg,animal,giraffe,0.764150943396226
animal/giraffe/000000473448.jpg,animal,giraffe,0.64
animal/giraffe/000000477143.jpg,animal,giraffe,0.597701149425287
animal/giraffe/000000484180.jpg,animal,giraffe,0.612244897959184
animal/giraffe/000000493209.jpg,animal,giraffe,0.692307692307692
animal/giraffe/000000498610.jpg,animal,giraffe,0.62037037037037
animal/giraffe/000000499789.jpg,animal,giraffe,0.716981132075472
animal/giraffe/000000500422.jpg,animal,giraffe,0.673469387755102
animal/giraffe/000000502752.jpg,animal,giraffe,0.811111111111111
animal/giraffe/000000509154.jpg,animal,giraffe,0.72
animal/giraffe/000000535651.jpg,animal,giraffe,0.80952380952381
animal/giraffe/000000546133.jpg,animal,giraffe,0.826086956521739
animal/giraffe/000000547555.jpg,animal,giraffe,0.731958762886598
animal/giraffe/000000557901.jpg,animal,giraffe,0.834862385321101
animal/giraffe/000000560020.jpg,animal,giraffe,0.696078431372549
animal/giraffe/000000564432.jpg,animal,giraffe,0.814432989690722
animal/giraffe/000000564580.jpg,animal,giraffe,0.535714285714286
animal/giraffe/000000567375.jpg,animal,giraffe,0.662921348314607
animal/giraffe/000000575325.jpg,animal,giraffe,0.64
animal/hamster/n02342885_10013.jpg,animal,hamster,0.86
animal/hamster/n02342885_10176.jpg,animal,hamster,0.747663551401869
animal/hamster/n02342885_10581.jpg,animal,hamster,0.865979381443299
animal/hamster/n02342885_10583.jpg,animal,hamster,0.888888888888889
animal/hamster/n02342885_10663.jpg,animal,hamster,0.8
animal/hamster/n02342885_10821.jpg,animal,hamster,0.846153846153846
animal/hamster/n02342885_11035.jpg,animal,hamster,0.728070175438597
animal/hamster/n02342885_11093.jpg,animal,hamster,0.726315789473684
animal/hamster/n02342885_11189.jpg,animal,hamster,0.74
animal/hamster/n02342885_11196.jpg,animal,hamster,0.888888888888889
animal/hamster/n02342885_11264.jpg,animal,hamster,0.78021978021978
animal/hamster/n02342885_11309.jpg,animal,hamster,0.672566371681416
animal/hamster/n02342885_11450.jpg,animal,hamster,0.928571428571429
animal/hamster/n02342885_11596.jpg,animal,hamster,0.909090909090909
animal/hamster/n02342885_11723.jpg,animal,hamster,0.839622641509434
animal/hamster/n02342885_12012.jpg,animal,hamster,0.717948717948718
animal/hamster/n02342885_12224.jpg,animal,hamster,0.818181818181818
animal/hamster/n02342885_12243.jpg,animal,hamster,0.844444444444444
animal/hamster/n02342885_12487.jpg,animal,hamster,0.774509803921569
animal/hamster/n02342885_12511.jpg,animal,hamster,0.707070707070707
animal/hamster/n02342885_12555.jpg,animal,hamster,0.841121495327103
animal/hamster/n02342885_12660.jpg,animal,hamster,0.735849056603774
animal/hamster/n02342885_12751.jpg,animal,hamster,0.769230769230769
animal/hamster/n02342885_12762.jpg,animal,hamster,0.771186440677966
animal/hamster/n02342885_12774.jpg,animal,hamster,0.861702127659574
animal/hamster/n02342885_12792.jpg,animal,hamster,0.815217391304348
animal/hamster/n02342885_12804.jpg,animal,hamster,0.819047619047619
animal/hamster/n02342885_13001.jpg,animal,hamster,0.877358490566038
animal/hamster/n02342885_13016.jpg,animal,hamster,0.811320754716981
animal/hamster/n02342885_13036.jpg,animal,hamster,0.684684684684685
animal/hamster/n02342885_13099.jpg,animal,hamster,0.824175824175824
animal/hamster/n02342885_1313.jpg,animal,hamster,0.645833333333333
animal/hamster/n02342885_13161.jpg,animal,hamster,0.638888888888889
animal/hamster/n02342885_13255.jpg,animal,hamster,0.84
animal/hamster/n02342885_13371.jpg,animal,hamster,0.806451612903226
animal/hamster/n02342885_13398.jpg,animal,hamster,0.938775510204082
animal/hamster/n02342885_13402.jpg,animal,hamster,0.813186813186813
animal/hamster/n02342885_13440.jpg,animal,hamster,0.741573033707865
animal/hamster/n02342885_13477.jpg,animal,hamster,0.735849056603774
animal/hamster/n02342885_13478.jpg,animal,hamster,0.878260869565217
animal/hamster/n02342885_13577.jpg,animal,hamster,0.761363636363636
animal/hamster/n02342885_13859.jpg,animal,hamster,0.768518518518518
animal/hamster/n02342885_13864.jpg,animal,hamster,0.840336134453782
animal/hamster/n02342885_13870.jpg,animal,hamster,0.69047619047619
animal/hamster/n02342885_13894.jpg,animal,hamster,0.873684210526316
animal/hamster/n02342885_14070.jpg,animal,hamster,0.822429906542056
animal/hamster/n02342885_1690.jpg,animal,hamster,0.848837209302326
animal/hamster/n02342885_177.jpg,animal,hamster,0.849462365591398
animal/hamster/n02342885_18.jpg,animal,hamster,0.81
animal/hamster/n02342885_184.jpg,animal,hamster,0.822222222222222
animal/hamster/n02342885_1956.jpg,animal,hamster,0.7
animal/hamster/n02342885_1960.jpg,animal,hamster,0.847058823529412
animal/hamster/n02342885_1971.jpg,animal,hamster,0.805825242718447
animal/hamster/n02342885_209.jpg,animal,hamster,0.719626168224299
animal/hamster/n02342885_2180.jpg,animal,hamster,0.87962962962963
animal/hamster/n02342885_2213.jpg,animal,hamster,0.787610619469027
animal/hamster/n02342885_228.jpg,animal,hamster,0.811111111111111
animal/hamster/n02342885_240.jpg,animal,hamster,0.78
animal/hamster/n02342885_250.jpg,animal,hamster,0.817307692307692
animal/hamster/n02342885_2760.jpg,animal,hamster,0.787878787878788
animal/hamster/n02342885_3147.jpg,animal,hamster,0.808695652173913
animal/hamster/n02342885_3750.jpg,animal,hamster,0.836734693877551
animal/hamster/n02342885_3804.jpg,animal,hamster,0.797752808988764
animal/hamster/n02342885_3819.jpg,animal,hamster,0.831325301204819
animal/hamster/n02342885_3984.jpg,animal,hamster,0.809090909090909
animal/hamster/n02342885_4272.jpg,animal,hamster,0.911111111111111
animal/hamster/n02342885_4273.jpg,animal,hamster,0.623655913978495
animal/hamster/n02342885_4368.jpg,animal,hamster,0.804123711340206
animal/hamster/n02342885_4519.jpg,animal,hamster,0.846938775510204
animal/hamster/n02342885_4543.jpg,animal,hamster,0.797979797979798
animal/hamster/n02342885_4843.jpg,animal,hamster,0.846846846846847
animal/hamster/n02342885_4950.jpg,animal,hamster,0.782608695652174
animal/hamster/n02342885_5028.jpg,animal,hamster,0.780487804878049
animal/hamster/n02342885_5046.jpg,animal,hamster,0.831683168316832
animal/hamster/n02342885_5465.jpg,animal,hamster,0.822916666666667
animal/hamster/n02342885_554.jpg,animal,hamster,0.642105263157895
animal/hamster/n02342885_5768.jpg,animal,hamster,0.901960784313726
animal/hamster/n02342885_595.jpg,animal,hamster,0.733333333333333
animal/hamster/n02342885_6207.jpg,animal,hamster,0.767676767676768
animal/hamster/n02342885_6277.jpg,animal,hamster,0.726315789473684
animal/hamster/n02342885_6396.jpg,animal,hamster,0.83695652173913
animal/hamster/n02342885_6624.jpg,animal,hamster,0.872340425531915
animal/hamster/n02342885_6644.jpg,animal,hamster,0.752577319587629
animal/hamster/n02342885_6824.jpg,animal,hamster,0.9
animal/hamster/n02342885_7041.jpg,animal,hamster,0.833333333333333
animal/hamster/n02342885_727.jpg,animal,hamster,0.752380952380952
animal/hamster/n02342885_7463.jpg,animal,hamster,0.851485148514851
animal/hamster/n02342885_7645.jpg,animal,hamster,0.808080808080808
animal/hamster/n02342885_7756.jpg,animal,hamster,0.769230769230769
animal/hamster/n02342885_78.jpg,animal,hamster,0.808510638297872
animal/hamster/n02342885_7912.jpg,animal,hamster,0.797979797979798
animal/hamster/n02342885_7944.jpg,animal,hamster,0.663636363636364
animal/hamster/n02342885_888.jpg,animal,hamster,0.678260869565217
animal/hamster/n02342885_9292.jpg,animal,hamster,0.839285714285714
animal/hamster/n02342885_938.jpg,animal,hamster,0.813186813186813
animal/hamster/n02342885_9690.jpg,animal,hamster,0.656565656565657
animal/hamster/n02342885_9777.jpg,animal,hamster,0.817307692307692
animal/horse/000000006352.jpg,animal,horse,0.68
animal/horse/000000029170.jpg,animal,horse,0.547169811320755
animal/horse/000000031376.jpg,animal,horse,0.723404255319149
animal/horse/000000038919.jpg,animal,horse,0.6
animal/horse/000000055076.jpg,animal,horse,0.642857142857143
animal/horse/000000056362.jpg,animal,horse,0.651162790697674
animal/horse/000000060262.jpg,animal,horse,0.822916666666667
animal/horse/000000062664.jpg,animal,horse,0.875
animal/horse/000000064442.jpg,animal,horse,0.835051546391753
animal/horse/000000066338.jpg,animal,horse,0.595505617977528
animal/horse/000000069424.jpg,animal,horse,0.594059405940594
animal/horse/000000073669.jpg,animal,horse,0.902912621359223
animal/horse/000000075611.jpg,animal,horse,0.702970297029703
animal/horse/000000092711.jpg,animal,horse,0.775510204081633
animal/horse/000000119108.jpg,animal,horse,0.81
animal/horse/000000120734.jpg,animal,horse,0.601851851851852
animal/horse/000000133571.jpg,animal,horse,0.633333333333333
animal/horse/000000142318.jpg,animal,horse,0.69047619047619
animal/horse/000000147301.jpg,animal,horse,0.577777777777778
animal/horse/000000149199.jpg,animal,horse,0.65979381443299
animal/horse/000000151110.jpg,animal,horse,0.673076923076923
animal/horse/000000177749.jpg,animal,horse,0.524271844660194
animal/horse/000000195300.jpg,animal,horse,0.705882352941177
animal/horse/000000196344.jpg,animal,horse,0.445652173913043
animal/horse/000000196839.jpg,animal,horse,0.570175438596491
animal/horse/000000201134.jpg,animal,horse,0.80952380952381
animal/horse/000000201909.jpg,animal,horse,0.515463917525773
animal/horse/000000206247.jpg,animal,horse,0.740740740740741
animal/horse/000000213945.jpg,animal,horse,0.552941176470588
animal/horse/000000214489.jpg,animal,horse,0.544444444444444
animal/horse/000000222344.jpg,animal,horse,0.644230769230769
animal/horse/000000230104.jpg,animal,horse,0.763636363636364
animal/horse/000000233104.jpg,animal,horse,0.540816326530612
animal/horse/000000243214.jpg,animal,horse,0.783132530120482
animal/horse/000000244575.jpg,animal,horse,0.558823529411765
animal/horse/000000245550.jpg,animal,horse,0.676470588235294
animal/horse/000000248297.jpg,animal,horse,0.514563106796116
animal/horse/000000248774.jpg,animal,horse,0.722222222222222
animal/horse/000000252570.jpg,animal,horse,0.590361445783133
animal/horse/000000263196.jpg,animal,horse,0.761363636363636
animal/horse/000000266680.jpg,animal,horse,0.71875
animal/horse/000000268481.jpg,animal,horse,0.810526315789474
animal/horse/000000280422.jpg,animal,horse,0.597938144329897
animal/horse/000000296876.jpg,animal,horse,0.524271844660194
animal/horse/000000303034.jpg,animal,horse,0.672566371681416
animal/horse/000000312660.jpg,animal,horse,0.747474747474748
animal/horse/000000316000.jpg,animal,horse,0.528735632183908
animal/horse/000000323585.jpg,animal,horse,0.743119266055046
animal/horse/000000326913.jpg,animal,horse,0.73469387755102
animal/horse/000000332556.jpg,animal,horse,0.711711711711712
animal/horse/000000337446.jpg,animal,horse,0.723809523809524
animal/horse/000000338474.jpg,animal,horse,0.51063829787234
animal/horse/000000350051.jpg,animal,horse,0.854368932038835
animal/horse/000000353301.jpg,animal,horse,0.739583333333333
animal/horse/000000354075.jpg,animal,horse,0.510869565217391
animal/horse/000000375841.jpg,animal,horse,0.645833333333333
animal/horse/000000380011.jpg,animal,horse,0.581818181818182
animal/horse/000000395140.jpg,animal,horse,0.633663366336634
animal/horse/000000402245.jpg,animal,horse,0.666666666666667
animal/horse/000000402362.jpg,animal,horse,0.731481481481482
animal/horse/000000406750.jpg,animal,horse,0.666666666666667
animal/horse/000000414853.jpg,animal,horse,0.701298701298701
animal/horse/000000415747.jpg,animal,horse,0.872881355932203
animal/horse/000000416811.jpg,animal,horse,0.481481481481481
animal/horse/000000422185.jpg,animal,horse,0.762886597938144
animal/horse/000000426420.jpg,animal,horse,0.785714285714286
animal/horse/000000427763.jpg,animal,horse,0.405940594059406
animal/horse/000000439124.jpg,animal,horse,0.881818181818182
animal/horse/000000439874.jpg,animal,horse,0.638888888888889
animal/horse/000000456773.jpg,animal,horse,0.741935483870968
animal/horse/000000458705.jpg,animal,horse,0.882882882882883
animal/horse/000000468193.jpg,animal,horse,0.574468085106383
animal/horse/000000468992.jpg,animal,horse,0.625
animal/horse/000000502485.jpg,animal,horse,0.612244897959184
animal/horse/000000505658.jpg,animal,horse,0.683673469387755
animal/horse/000000513918.jpg,animal,horse,0.702702702702703
animal/horse/000000519842.jpg,animal,horse,0.525252525252525
animal/horse/000000522175.jpg,animal,horse,0.575471698113208
animal/horse/000000524508.jpg,animal,horse,0.66304347826087
animal/horse/000000533171.jpg,animal,horse,0.617021276595745
animal/horse/000000543026.jpg,animal,horse,0.688172043010753
animal/horse/000000544516.jpg,animal,horse,0.604395604395604
animal/horse/000000551597.jpg,animal,horse,0.612068965517241
animal/horse/000000555782.jpg,animal,horse,0.629213483146067
animal/horse/000000568270.jpg,animal,horse,0.451612903225806
animal/horse/000000576513.jpg,animal,horse,0.702127659574468
animal/horse/n02374451_17392.jpg,animal,horse,0.566371681415929
animal/horse/n02374451_4963.jpg,animal,horse,0.662921348314607
animal/horse/n02379743_11969.jpg,animal,horse,0.607142857142857
animal/horse/n02381004_7100.jpg,animal,horse,0.710526315789474
animal/horse/n02381004_8273.jpg,animal,horse,0.530973451327434
animal/horse/n02381004_9323.jpg,animal,horse,0.738317757009346
animal/horse/n02386310_9220.jpg,animal,horse,0.714285714285714
animal/horse/n02387722_10980.jpg,animal,horse,0.645833333333333
animal/horse/n02389026_1198.jpg,animal,horse,0.693877551020408
animal/horse/n02389128_1421.jpg,animal,horse,0.699029126213592
animal/horse/n02389128_6719.jpg,animal,horse,0.728155339805825
animal/horse/n02389261_12063.jpg,animal,horse,0.66304347826087
animal/horse/n02389261_7723.jpg,animal,horse,0.727272727272727
animal/lion/n02129165_10052.jpg,animal,lion,0.73394495412844
animal/lion/n02129165_1047.jpg,animal,lion,0.728971962616822
animal/lion/n02129165_10594.jpg,animal,lion,0.839285714285714
animal/lion/n02129165_10783.jpg,animal,lion,0.820754716981132
animal/lion/n02129165_10931.jpg,animal,lion,0.83695652173913
animal/lion/n02129165_10937.jpg,animal,lion,0.804123711340206
animal/lion/n02129165_10944.jpg,animal,lion,0.835051546391753
animal/lion/n02129165_11414.jpg,animal,lion,0.711340206185567
animal/lion/n02129165_11498.jpg,animal,lion,0.786407766990291
animal/lion/n02129165_11516.jpg,animal,lion,0.941747572815534
animal/lion/n02129165_11555.jpg,animal,lion,0.677083333333333
animal/lion/n02129165_11840.jpg,animal,lion,0.651162790697674
animal/lion/n02129165_11878.jpg,animal,lion,0.818181818181818
animal/lion/n02129165_1189.jpg,animal,lion,0.626262626262626
animal/lion/n02129165_12069.jpg,animal,lion,0.773584905660377
animal/lion/n02129165_12209.jpg,animal,lion,0.827956989247312
animal/lion/n02129165_1244.jpg,animal,lion,0.721518987341772
animal/lion/n02129165_1262.jpg,animal,lion,0.720430107526882
animal/lion/n02129165_13011.jpg,animal,lion,0.771428571428571
animal/lion/n02129165_13068.jpg,animal,lion,0.813725490196078
animal/lion/n02129165_13095.jpg,animal,lion,0.772277227722772
animal/lion/n02129165_13292.jpg,animal,lion,0.902912621359223
animal/lion/n02129165_14236.jpg,animal,lion,0.796296296296296
animal/lion/n02129165_1455.jpg,animal,lion,0.848837209302326
animal/lion/n02129165_1456.jpg,animal,lion,0.558823529411765
animal/lion/n02129165_148.jpg,animal,lion,0.9
animal/lion/n02129165_15462.jpg,animal,lion,0.766233766233766
animal/lion/n02129165_15707.jpg,animal,lion,0.867924528301887
animal/lion/n02129165_16300.jpg,animal,lion,0.788617886178862
animal/lion/n02129165_16401.jpg,animal,lion,0.635514018691589
animal/lion/n02129165_16644.jpg,animal,lion,0.688524590163934
animal/lion/n02129165_16656.jpg,animal,lion,0.658823529411765
animal/lion/n02129165_16675.jpg,animal,lion,0.642105263157895
animal/lion/n02129165_1678.jpg,animal,lion,0.888888888888889
animal/lion/n02129165_17282.jpg,animal,lion,0.835164835164835
animal/lion/n02129165_17467.jpg,animal,lion,0.788461538461538
animal/lion/n02129165_17964.jpg,animal,lion,0.686868686868687
animal/lion/n02129165_17974.jpg,animal,lion,0.653846153846154
animal/lion/n02129165_18187.jpg,animal,lion,0.747747747747748
animal/lion/n02129165_1824.jpg,animal,lion,0.683673469387755
animal/lion/n02129165_18327.jpg,animal,lion,0.881720430107527
animal/lion/n02129165_1837.jpg,animal,lion,0.712765957446808
animal/lion/n02129165_18704.jpg,animal,lion,0.785714285714286
animal/lion/n02129165_18718.jpg,animal,lion,0.824175824175824
animal/lion/n02129165_18801.jpg,animal,lion,0.819047619047619
animal/lion/n02129165_1927.jpg,animal,lion,0.819047619047619
animal/lion/n02129165_19931.jpg,animal,lion,0.694736842105263
animal/lion/n02129165_19995.jpg,animal,lion,0.769230769230769
animal/lion/n02129165_20179.jpg,animal,lion,0.757281553398058
animal/lion/n02129165_20206.jpg,animal,lion,0.715686274509804
animal/lion/n02129165_20804.jpg,animal,lion,0.831775700934579
animal/lion/n02129165_20942.jpg,animal,lion,0.731182795698925
animal/lion/n02129165_22072.jpg,animal,lion,0.818965517241379
animal/lion/n02129165_22110.jpg,animal,lion,0.699115044247788
animal/lion/n02129165_22388.jpg,animal,lion,0.85981308411215
animal/lion/n02129165_22697.jpg,animal,lion,0.788461538461538
animal/lion/n02129165_22929.jpg,animal,lion,0.707964601769911
animal/lion/n02129165_23275.jpg,animal,lion,0.885964912280702
animal/lion/n02129165_23406.jpg,animal,lion,0.85981308411215
animal/lion/n02129165_23945.jpg,animal,lion,0.79646017699115
animal/lion/n02129165_24549.jpg,animal,lion,0.759615384615385
animal/lion/n02129165_25317.jpg,animal,lion,0.778761061946903
animal/lion/n02129165_2648.jpg,animal,lion,0.851485148514851
animal/lion/n02129165_288.jpg,animal,lion,0.718181818181818
animal/lion/n02129165_304.jpg,animal,lion,0.724489795918367
animal/lion/n02129165_3678.jpg,animal,lion,0.883495145631068
animal/lion/n02129165_4058.jpg,animal,lion,0.774193548387097
animal/lion/n02129165_4316.jpg,animal,lion,0.831683168316832
animal/lion/n02129165_4340.jpg,animal,lion,0.808988764044944
animal/lion/n02129165_4534.jpg,animal,lion,0.846938775510204
animal/lion/n02129165_4588.jpg,animal,lion,0.755102040816326
animal/lion/n02129165_4783.jpg,animal,lion,0.761904761904762
animal/lion/n02129165_4868.jpg,animal,lion,0.70873786407767
animal/lion/n02129165_5082.jpg,animal,lion,0.765765765765766
animal/lion/n02129165_5387.jpg,animal,lion,0.703296703296703
animal/lion/n02129165_5504.jpg,animal,lion,0.75
animal/lion/n02129165_6087.jpg,animal,lion,0.836734693877551
animal/lion/n02129165_6139.jpg,animal,lion,0.797619047619048
animal/lion/n02129165_6283.jpg,animal,lion,0.813084112149533
animal/lion/n02129165_647.jpg,animal,lion,0.698275862068966
animal/lion/n02129165_6863.jpg,animal,lion,0.798245614035088
animal/lion/n02129165_6920.jpg,animal,lion,0.764705882352941
animal/lion/n02129165_6929.jpg,animal,lion,0.787234042553192
animal/lion/n02129165_709.jpg,animal,lion,0.63302752293578
animal/lion/n02129165_7380.jpg,animal,lion,0.815533980582524
animal/lion/n02129165_743.jpg,animal,lion,0.588888888888889
animal/lion/n02129165_748.jpg,animal,lion,0.702380952380952
animal/lion/n02129165_7729.jpg,animal,lion,0.669642857142857
animal/lion/n02129165_7860.jpg,animal,lion,0.728070175438597
animal/lion/n02129165_8391.jpg,animal,lion,0.802197802197802
animal/lion/n02129165_8849.jpg,animal,lion,0.752577319587629
animal/lion/n02129165_8981.jpg,animal,lion,0.771428571428571
animal/lion/n02129165_9095.jpg,animal,lion,0.867924528301887
animal/lion/n02129165_911.jpg,animal,lion,0.68695652173913
animal/lion/n02129165_9130.jpg,animal,lion,0.786407766990291
animal/lion/n02129165_9455.jpg,animal,lion,0.686868686868687
animal/lion/n02129165_9834.jpg,animal,lion,0.752577319587629
animal/lion/n02129165_992.jpg,animal,lion,0.733333333333333
animal/lion/n02129530_1197.jpg,animal,lion,0.777777777777778
animal/lion/n02129530_2199.jpg,animal,lion,0.774193548387097
animal/marten/n02450034_10176.jpg,animal,marten,0.760683760683761
animal/marten/n02450034_10320.jpg,animal,marten,0.754545454545455
animal/marten/n02450034_10349.jpg,animal,marten,0.515789473684211
animal/marten/n02450034_10449.jpg,animal,marten,0.754901960784314
animal/marten/n02450034_10783.jpg,animal,marten,0.852631578947368
animal/marten/n02450034_11046.jpg,animal,marten,0.619469026548673
animal/marten/n02450034_11087.jpg,animal,marten,0.719626168224299
animal/marten/n02450034_11093.jpg,animal,marten,0.734513274336283
animal/marten/n02450034_11358.jpg,animal,marten,0.82
animal/marten/n02450034_11460.jpg,animal,marten,0.734042553191489
animal/marten/n02450034_11655.jpg,animal,marten,0.578947368421053
animal/marten/n02450034_11752.jpg,animal,marten,0.673913043478261
animal/marten/n02450034_11910.jpg,animal,marten,0.621621621621622
animal/marten/n02450034_12504.jpg,animal,marten,0.65625
animal/marten/n02450034_12728.jpg,animal,marten,0.669565217391304
animal/marten/n02450034_12771.jpg,animal,marten,0.708333333333333
animal/marten/n02450034_13271.jpg,animal,marten,0.546511627906977
animal/marten/n02450034_13343.jpg,animal,marten,0.555555555555556
animal/marten/n02450034_13657.jpg,animal,marten,0.647058823529412
animal/marten/n02450034_13701.jpg,animal,marten,0.652631578947368
animal/marten/n02450034_14037.jpg,animal,marten,0.651376146788991
animal/marten/n02450034_14176.jpg,animal,marten,0.635416666666667
animal/marten/n02450034_14229.jpg,animal,marten,0.683673469387755
animal/marten/n02450034_14659.jpg,animal,marten,0.722772277227723
animal/marten/n02450034_1513.jpg,animal,marten,0.75
animal/marten/n02450034_1885.jpg,animal,marten,0.721153846153846
animal/marten/n02450034_2163.jpg,animal,marten,0.806818181818182
animal/marten/n02450034_2371.jpg,animal,marten,0.739130434782609
animal/marten/n02450034_2862.jpg,animal,marten,0.737373737373737
animal/marten/n02450034_2991.jpg,animal,marten,0.747474747474748
animal/marten/n02450034_3475.jpg,animal,marten,0.804347826086957
animal/marten/n02450034_3551.jpg,animal,marten,0.595505617977528
animal/marten/n02450034_4223.jpg,animal,marten,0.676767676767677
animal/marten/n02450034_4331.jpg,animal,marten,0.595959595959596
animal/marten/n02450034_4350.jpg,animal,marten,0.675675675675676
animal/marten/n02450034_4525.jpg,animal,marten,0.797872340425532
animal/marten/n02450034_4660.jpg,animal,marten,0.831578947368421
animal/marten/n02450034_511.jpg,animal,marten,0.741935483870968
animal/marten/n02450034_5369.jpg,animal,marten,0.707070707070707
animal/marten/n02450034_5650.jpg,animal,marten,0.852173913043478
animal/marten/n02450034_5808.jpg,animal,marten,0.827272727272727
animal/marten/n02450034_5810.jpg,animal,marten,0.775510204081633
animal/marten/n02450034_5948.jpg,animal,marten,0.74468085106383
animal/marten/n02450034_5956.jpg,animal,marten,0.451923076923077
animal/marten/n02450034_6040.jpg,animal,marten,0.59375
animal/marten/n02450034_6129.jpg,animal,marten,0.788461538461538
animal/marten/n02450034_6320.jpg,animal,marten,0.722222222222222
animal/marten/n02450034_6635.jpg,animal,marten,0.810526315789474
animal/marten/n02450034_7153.jpg,animal,marten,0.73469387755102
animal/marten/n02450034_7460.jpg,animal,marten,0.644230769230769
animal/marten/n02450034_7834.jpg,animal,marten,0.694915254237288
animal/marten/n02450034_7926.jpg,animal,marten,0.611650485436893
animal/marten/n02450034_8355.jpg,animal,marten,0.59504132231405
animal/marten/n02450034_8756.jpg,animal,marten,0.770114942528736
animal/marten/n02450034_8962.jpg,animal,marten,0.654545454545455
animal/marten/n02450034_9019.jpg,animal,marten,0.759036144578313
animal/marten/n02450034_9072.jpg,animal,marten,0.758241758241758
animal/marten/n02450034_9515.jpg,animal,marten,0.75531914893617
animal/marten/n02450034_979.jpg,animal,marten,0.739130434782609
animal/marten/n02450034_9798.jpg,animal,marten,0.783505154639175
animal/marten/n02450034_994.jpg,animal,marten,0.743801652892562
animal/mouse/n02332755_10100.jpg,animal,mouse,0.695238095238095
animal/mouse/n02332755_10401.jpg,animal,mouse,0.789473684210526
animal/mouse/n02332755_109.jpg,animal,mouse,0.809090909090909
animal/mouse/n02332755_1242.jpg,animal,mouse,0.91
animal/mouse/n02332755_1244.jpg,animal,mouse,0.647619047619048
animal/mouse/n02332755_1717.jpg,animal,mouse,0.839622641509434
animal/mouse/n02332755_2063.jpg,animal,mouse,0.731182795698925
animal/mouse/n02332755_2108.jpg,animal,mouse,0.88695652173913
animal/mouse/n02332755_2263.jpg,animal,mouse,0.73394495412844
animal/mouse/n02332755_2360.jpg,animal,mouse,0.69
animal/mouse/n02332755_2388.jpg,animal,mouse,0.733333333333333
animal/mouse/n02332755_2475.jpg,animal,mouse,0.691489361702128
animal/mouse/n02332755_2528.jpg,animal,mouse,0.75
animal/mouse/n02332755_2583.jpg,animal,mouse,0.648936170212766
animal/mouse/n02332755_2700.jpg,animal,mouse,0.83739837398374
animal/mouse/n02332755_2718.jpg,animal,mouse,0.810526315789474
animal/mouse/n02332755_3073.jpg,animal,mouse,0.938775510204082
animal/mouse/n02332755_3305.jpg,animal,mouse,0.772727272727273
animal/mouse/n02332755_342.jpg,animal,mouse,0.758928571428571
animal/mouse/n02332755_345.jpg,animal,mouse,0.769911504424779
animal/mouse/n02332755_4207.jpg,animal,mouse,0.696078431372549
animal/mouse/n02332755_4209.jpg,animal,mouse,0.548387096774194
animal/mouse/n02332755_4260.jpg,animal,mouse,0.73469387755102
animal/mouse/n02332755_4283.jpg,animal,mouse,0.754385964912281
animal/mouse/n02332755_4664.jpg,animal,mouse,0.741935483870968
animal/mouse/n02332755_4983.jpg,animal,mouse,0.716981132075472
animal/mouse/n02332755_528.jpg,animal,mouse,0.804123711340206
animal/mouse/n02332755_5387.jpg,animal,mouse,0.6875
animal/mouse/n02332755_5511.jpg,animal,mouse,0.666666666666667
animal/mouse/n02332755_5601.jpg,animal,mouse,0.691588785046729
animal/mouse/n02332755_6074.jpg,animal,mouse,0.797619047619048
animal/mouse/n02332755_6363.jpg,animal,mouse,0.690721649484536
animal/mouse/n02332755_687.jpg,animal,mouse,0.669902912621359
animal/mouse/n02332755_6877.jpg,animal,mouse,0.686274509803922
animal/mouse/n02332755_698.jpg,animal,mouse,0.714285714285714
animal/mouse/n02332755_7430.jpg,animal,mouse,0.678899082568807
animal/mouse/n02332755_7861.jpg,animal,mouse,0.727272727272727
animal/mouse/n02332755_7916.jpg,animal,mouse,0.581818181818182
animal/mouse/n02332755_8491.jpg,animal,mouse,0.882352941176471
animal/mouse/n02332755_8679.jpg,animal,mouse,0.735849056603774
animal/mouse/n02332755_8762.jpg,animal,mouse,0.787234042553192
animal/mouse/n02332755_8922.jpg,animal,mouse,0.89
animal/mouse/n02332755_9380.jpg,animal,mouse,0.771929824561403
animal/mouse/n02332755_948.jpg,animal,mouse,0.743119266055046
animal/mouse/n02332755_9535.jpg,animal,mouse,0.858695652173913
animal/mouse/n02332755_9587.jpg,animal,mouse,0.7
animal/mouse/n02332755_9646.jpg,animal,mouse,0.69811320754717
animal/mouse/n02332755_9999.jpg,animal,mouse,0.927272727272727
animal/pigeon/n01811909_10220.jpg,animal,pigeon,0.730769230769231
animal/pigeon/n01811909_10281.jpg,animal,pigeon,0.776785714285714
animal/pigeon/n01811909_10317.jpg,animal,pigeon,0.724137931034483
animal/pigeon/n01811909_10326.jpg,animal,pigeon,0.707865168539326
animal/pigeon/n01811909_10382.jpg,animal,pigeon,0.7
animal/pigeon/n01811909_10611.jpg,animal,pigeon,0.716981132075472
animal/pigeon/n01811909_10668.jpg,animal,pigeon,0.660194174757282
animal/pigeon/n01811909_10676.jpg,animal,pigeon,0.797619047619048
animal/pigeon/n01811909_10850.jpg,animal,pigeon,0.795454545454545
animal/pigeon/n01811909_10858.jpg,animal,pigeon,0.656565656565657
animal/pigeon/n01811909_10933.jpg,animal,pigeon,0.5
animal/pigeon/n01811909_10996.jpg,animal,pigeon,0.782608695652174
animal/pigeon/n01811909_11339.jpg,animal,pigeon,0.713178294573643
animal/pigeon/n01811909_11388.jpg,animal,pigeon,0.679611650485437
animal/pigeon/n01811909_11493.jpg,animal,pigeon,0.659340659340659
animal/pigeon/n01811909_11728.jpg,animal,pigeon,0.816326530612245
animal/pigeon/n01811909_12017.jpg,animal,pigeon,0.709677419354839
animal/pigeon/n01811909_1216.jpg,animal,pigeon,0.716981132075472
animal/pigeon/n01811909_12189.jpg,animal,pigeon,0.816326530612245
animal/pigeon/n01811909_12270.jpg,animal,pigeon,0.570093457943925
animal/pigeon/n01811909_12341.jpg,animal,pigeon,0.745098039215686
animal/pigeon/n01811909_12450.jpg,animal,pigeon,0.688172043010753
animal/pigeon/n01811909_12660.jpg,animal,pigeon,0.66304347826087
animal/pigeon/n01811909_12704.jpg,animal,pigeon,0.704081632653061
animal/pigeon/n01811909_12751.jpg,animal,pigeon,0.570093457943925
animal/pigeon/n01811909_12826.jpg,animal,pigeon,0.611650485436893
animal/pigeon/n01811909_1285.jpg,animal,pigeon,0.8
animal/pigeon/n01811909_13059.jpg,animal,pigeon,0.8
animal/pigeon/n01811909_13116.jpg,animal,pigeon,0.623853211009174
animal/pigeon/n01811909_13339.jpg,animal,pigeon,0.574074074074074
animal/pigeon/n01811909_13398.jpg,animal,pigeon,0.651785714285714
animal/pigeon/n01811909_13494.jpg,animal,pigeon,0.763440860215054
animal/pigeon/n01811909_13582.jpg,animal,pigeon,0.755555555555556
animal/pigeon/n01811909_13587.jpg,animal,pigeon,0.883495145631068
animal/pigeon/n01811909_13605.jpg,animal,pigeon,0.666666666666667
animal/pigeon/n01811909_13626.jpg,animal,pigeon,0.634146341463415
animal/pigeon/n01811909_15169.jpg,animal,pigeon,0.67
animal/pigeon/n01811909_152.jpg,animal,pigeon,0.728971962616822
animal/pigeon/n01811909_1526.jpg,animal,pigeon,0.82
animal/pigeon/n01811909_1560.jpg,animal,pigeon,0.776595744680851
animal/pigeon/n01811909_15850.jpg,animal,pigeon,0.742268041237113
animal/pigeon/n01811909_15857.jpg,animal,pigeon,0.743119266055046
animal/pigeon/n01811909_17.jpg,animal,pigeon,0.669565217391304
animal/pigeon/n01811909_2049.jpg,animal,pigeon,0.636363636363636
animal/pigeon/n01811909_2255.jpg,animal,pigeon,0.657894736842105
animal/pigeon/n01811909_2360.jpg,animal,pigeon,0.726415094339623
animal/pigeon/n01811909_2537.jpg,animal,pigeon,0.760416666666667
animal/pigeon/n01811909_2685.jpg,animal,pigeon,0.635294117647059
animal/pigeon/n01811909_3004.jpg,animal,pigeon,0.745283018867924
animal/pigeon/n01811909_3010.jpg,animal,pigeon,0.769230769230769
animal/pigeon/n01811909_3085.jpg,animal,pigeon,0.657894736842105
animal/pigeon/n01811909_310.jpg,animal,pigeon,0.574257425742574
animal/pigeon/n01811909_3153.jpg,animal,pigeon,0.781609195402299
animal/pigeon/n01811909_3663.jpg,animal,pigeon,0.673469387755102
animal/pigeon/n01811909_3743.jpg,animal,pigeon,0.686046511627907
animal/pigeon/n01811909_3873.jpg,animal,pigeon,0.752475247524752
animal/pigeon/n01811909_3965.jpg,animal,pigeon,0.860215053763441
animal/pigeon/n01811909_4089.jpg,animal,pigeon,0.8
animal/pigeon/n01811909_4138.jpg,animal,pigeon,0.778846153846154
animal/pigeon/n01811909_4142.jpg,animal,pigeon,0.618556701030928
animal/pigeon/n01811909_4167.jpg,animal,pigeon,0.717647058823529
animal/pigeon/n01811909_4219.jpg,animal,pigeon,0.470588235294118
animal/pigeon/n01811909_4244.jpg,animal,pigeon,0.75
animal/pigeon/n01811909_4382.jpg,animal,pigeon,0.858695652173913
animal/pigeon/n01811909_4464.jpg,animal,pigeon,0.693181818181818
animal/pigeon/n01811909_471.jpg,animal,pigeon,0.663265306122449
animal/pigeon/n01811909_4724.jpg,animal,pigeon,0.643564356435644
animal/pigeon/n01811909_4836.jpg,animal,pigeon,0.807228915662651
animal/pigeon/n01811909_4860.jpg,animal,pigeon,0.77
animal/pigeon/n01811909_4925.jpg,animal,pigeon,0.685714285714286
animal/pigeon/n01811909_5541.jpg,animal,pigeon,0.707865168539326
animal/pigeon/n01811909_6259.jpg,animal,pigeon,0.641025641025641
animal/pigeon/n01811909_6448.jpg,animal,pigeon,0.777777777777778
animal/pigeon/n01811909_6571.jpg,animal,pigeon,0.73
animal/pigeon/n01811909_6839.jpg,animal,pigeon,0.737373737373737
animal/pigeon/n01811909_6990.jpg,animal,pigeon,0.693877551020408
animal/pigeon/n01811909_7116.jpg,animal,pigeon,0.703703703703704
animal/pigeon/n01811909_7231.jpg,animal,pigeon,0.745098039215686
animal/pigeon/n01811909_7505.jpg,animal,pigeon,0.615384615384615
animal/pigeon/n01811909_7682.jpg,animal,pigeon,0.601851851851852
animal/pigeon/n01811909_7693.jpg,animal,pigeon,0.663157894736842
animal/pigeon/n01811909_7814.jpg,animal,pigeon,0.752688172043011
animal/pigeon/n01811909_7837.jpg,animal,pigeon,0.704545454545455
animal/pigeon/n01811909_7972.jpg,animal,pigeon,0.752577319587629
animal/pigeon/n01811909_8202.jpg,animal,pigeon,0.678571428571429
animal/pigeon/n01811909_8210.jpg,animal,pigeon,0.625
animal/pigeon/n01811909_8563.jpg,animal,pigeon,0.65979381443299
animal/pigeon/n01811909_8654.jpg,animal,pigeon,0.815217391304348
animal/pigeon/n01811909_8696.jpg,animal,pigeon,0.648936170212766
animal/pigeon/n01811909_8739.jpg,animal,pigeon,0.660714285714286
animal/pigeon/n01811909_8742.jpg,animal,pigeon,0.609195402298851
animal/pigeon/n01811909_8880.jpg,animal,pigeon,0.782608695652174
animal/pigeon/n01811909_897.jpg,animal,pigeon,0.711111111111111
animal/pigeon/n01811909_902.jpg,animal,pigeon,0.756302521008403
animal/pigeon/n01811909_9035.jpg,animal,pigeon,0.779816513761468
animal/pigeon/n01811909_9110.jpg,animal,pigeon,0.731958762886598
animal/pigeon/n01811909_9327.jpg,animal,pigeon,0.65625
animal/pigeon/n01811909_9824.jpg,animal,pigeon,0.71
animal/pigeon/n01811909_9916.jpg,animal,pigeon,0.683168316831683
animal/rabbit/n02324045_1010.jpg,animal,rabbit,0.775700934579439
animal/rabbit/n02324045_10179.jpg,animal,rabbit,0.680412371134021
animal/rabbit/n02324045_10339.jpg,animal,rabbit,0.662921348314607
animal/rabbit/n02324045_11540.jpg,animal,rabbit,0.764705882352941
animal/rabbit/n02324045_1241.jpg,animal,rabbit,0.711111111111111
animal/rabbit/n02324045_1280.jpg,animal,rabbit,0.755102040816326
animal/rabbit/n02324045_12982.jpg,animal,rabbit,0.585106382978723
animal/rabbit/n02324045_13216.jpg,animal,rabbit,0.629213483146067
animal/rabbit/n02324045_13218.jpg,animal,rabbit,0.752475247524752
animal/rabbit/n02324045_13467.jpg,animal,rabbit,0.717171717171717
animal/rabbit/n02324045_13525.jpg,animal,rabbit,0.766990291262136
animal/rabbit/n02324045_14257.jpg,animal,rabbit,0.693877551020408
animal/rabbit/n02324045_14394.jpg,animal,rabbit,0.595505617977528
animal/rabbit/n02324045_14622.jpg,animal,rabbit,0.708333333333333
animal/rabbit/n02324045_15031.jpg,animal,rabbit,0.791208791208791
animal/rabbit/n02324045_15673.jpg,animal,rabbit,0.880733944954128
animal/rabbit/n02324045_15734.jpg,animal,rabbit,0.693069306930693
animal/rabbit/n02324045_16354.jpg,animal,rabbit,0.63265306122449
animal/rabbit/n02324045_17314.jpg,animal,rabbit,0.854166666666667
animal/rabbit/n02324045_17457.jpg,animal,rabbit,0.826086956521739
animal/rabbit/n02324045_17462.jpg,animal,rabbit,0.759615384615385
animal/rabbit/n02324045_1807.jpg,animal,rabbit,0.765765765765766
animal/rabbit/n02324045_18464.jpg,animal,rabbit,0.752688172043011
animal/rabbit/n02324045_1847.jpg,animal,rabbit,0.663265306122449
animal/rabbit/n02324045_19278.jpg,animal,rabbit,0.7
animal/rabbit/n02324045_19329.jpg,animal,rabbit,0.763636363636364
animal/rabbit/n02324045_19580.jpg,animal,rabbit,0.684210526315789
animal/rabbit/n02324045_1967.jpg,animal,rabbit,0.754545454545455
animal/rabbit/n02324045_19984.jpg,animal,rabbit,0.615384615384615
animal/rabbit/n02324045_20332.jpg,animal,rabbit,0.757009345794392
animal/rabbit/n02324045_21625.jpg,animal,rabbit,0.711538461538462
animal/rabbit/n02324045_21877.jpg,animal,rabbit,0.578947368421053
animal/rabbit/n02324045_22432.jpg,animal,rabbit,0.834862385321101
animal/rabbit/n02324045_22597.jpg,animal,rabbit,0.669724770642202
animal/rabbit/n02324045_22652.jpg,animal,rabbit,0.78125
animal/rabbit/n02324045_22804.jpg,animal,rabbit,0.714285714285714
animal/rabbit/n02324045_22810.jpg,animal,rabbit,0.570093457943925
animal/rabbit/n02324045_23562.jpg,animal,rabbit,0.75
animal/rabbit/n02324045_24139.jpg,animal,rabbit,0.768518518518518
animal/rabbit/n02324045_24416.jpg,animal,rabbit,0.759615384615385
animal/rabbit/n02324045_24525.jpg,animal,rabbit,0.679245283018868
animal/rabbit/n02324045_25240.jpg,animal,rabbit,0.838383838383838
animal/rabbit/n02324045_25319.jpg,animal,rabbit,0.804123711340206
animal/rabbit/n02324045_25672.jpg,animal,rabbit,0.637931034482759
animal/rabbit/n02324045_26514.jpg,animal,rabbit,0.772277227722772
animal/rabbit/n02324045_26613.jpg,animal,rabbit,0.685185185185185
animal/rabbit/n02324045_2666.jpg,animal,rabbit,0.811320754716981
animal/rabbit/n02324045_27845.jpg,animal,rabbit,0.653061224489796
animal/rabbit/n02324045_28411.jpg,animal,rabbit,0.788888888888889
animal/rabbit/n02324045_28693.jpg,animal,rabbit,0.913461538461538
animal/rabbit/n02324045_29023.jpg,animal,rabbit,0.62
animal/rabbit/n02324045_29163.jpg,animal,rabbit,0.766666666666667
animal/rabbit/n02324045_29383.jpg,animal,rabbit,0.854166666666667
animal/rabbit/n02324045_30124.jpg,animal,rabbit,0.766990291262136
animal/rabbit/n02324045_30202.jpg,animal,rabbit,0.790909090909091
animal/rabbit/n02324045_30218.jpg,animal,rabbit,0.645161290322581
animal/rabbit/n02324045_30280.jpg,animal,rabbit,0.703389830508475
animal/rabbit/n02324045_30413.jpg,animal,rabbit,0.762376237623762
animal/rabbit/n02324045_30639.jpg,animal,rabbit,0.757009345794392
animal/rabbit/n02324045_30879.jpg,animal,rabbit,0.589473684210526
animal/rabbit/n02324045_31051.jpg,animal,rabbit,0.655913978494624
animal/rabbit/n02324045_31803.jpg,animal,rabbit,0.803921568627451
animal/rabbit/n02324045_32254.jpg,animal,rabbit,0.715789473684211
animal/rabbit/n02324045_32717.jpg,animal,rabbit,0.73469387755102
animal/rabbit/n02324045_32742.jpg,animal,rabbit,0.78021978021978
animal/rabbit/n02324045_32992.jpg,animal,rabbit,0.795698924731183
animal/rabbit/n02324045_33254.jpg,animal,rabbit,0.782608695652174
animal/rabbit/n02324045_35005.jpg,animal,rabbit,0.743589743589744
animal/rabbit/n02324045_35291.jpg,animal,rabbit,0.758241758241758
animal/rabbit/n02324045_35990.jpg,animal,rabbit,0.844660194174757
animal/rabbit/n02324045_3812.jpg,animal,rabbit,0.699029126213592
animal/rabbit/n02324045_4563.jpg,animal,rabbit,0.706521739130435
animal/rabbit/n02324045_4613.jpg,animal,rabbit,0.803921568627451
animal/rabbit/n02324045_4705.jpg,animal,rabbit,0.755102040816326
animal/rabbit/n02324045_4715.jpg,animal,rabbit,0.663366336633663
animal/rabbit/n02324045_4916.jpg,animal,rabbit,0.740384615384615
animal/rabbit/n02324045_4989.jpg,animal,rabbit,0.778761061946903
animal/rabbit/n02324045_5559.jpg,animal,rabbit,0.77319587628866
animal/rabbit/n02324045_5931.jpg,animal,rabbit,0.825581395348837
animal/rabbit/n02324045_610.jpg,animal,rabbit,0.650943396226415
animal/rabbit/n02324045_6778.jpg,animal,rabbit,0.765957446808511
animal/rabbit/n02324045_6962.jpg,animal,rabbit,0.704081632653061
animal/rabbit/n02324045_6970.jpg,animal,rabbit,0.7
animal/rabbit/n02324045_6994.jpg,animal,rabbit,0.701923076923077
animal/rabbit/n02324045_7200.jpg,animal,rabbit,0.67
animal/rabbit/n02324045_7370.jpg,animal,rabbit,0.747474747474748
animal/rabbit/n02324045_7660.jpg,animal,rabbit,0.653465346534653
animal/rabbit/n02324045_7703.jpg,animal,rabbit,0.56701030927835
animal/rabbit/n02324045_7870.jpg,animal,rabbit,0.69
animal/rabbit/n02324045_7955.jpg,animal,rabbit,0.644230769230769
animal/rabbit/n02324045_802.jpg,animal,rabbit,0.638095238095238
animal/rabbit/n02324045_8025.jpg,animal,rabbit,0.639175257731959
animal/rabbit/n02324045_8142.jpg,animal,rabbit,0.6328125
animal/rabbit/n02324045_817.jpg,animal,rabbit,0.700934579439252
animal/rabbit/n02324045_8324.jpg,animal,rabbit,0.777777777777778
animal/rabbit/n02324045_8806.jpg,animal,rabbit,0.769230769230769
animal/rabbit/n02324045_9249.jpg,animal,rabbit,0.769911504424779
animal/rabbit/n02324045_9270.jpg,animal,rabbit,0.701754385964912
animal/rabbit/n02324045_9710.jpg,animal,rabbit,0.757894736842105
animal/sheep/000000000772.jpg,animal,sheep,0.742574257425743
animal/sheep/000000003932.jpg,animal,sheep,0.695652173913043
animal/sheep/000000005099.jpg,animal,sheep,0.612612612612613
animal/sheep/000000011373.jpg,animal,sheep,0.870588235294118
animal/sheep/000000021772.jpg,animal,sheep,0.7
animal/sheep/000000024189.jpg,animal,sheep,0.555555555555556
animal/sheep/000000029094.jpg,animal,sheep,0.571428571428571
animal/sheep/000000029712.jpg,animal,sheep,0.719298245614035
animal/sheep/000000035156.jpg,animal,sheep,0.706422018348624
animal/sheep/000000037457.jpg,animal,sheep,0.73469387755102
animal/sheep/000000037823.jpg,animal,sheep,0.855670103092783
animal/sheep/000000043758.jpg,animal,sheep,0.590361445783133
animal/sheep/000000051831.jpg,animal,sheep,0.847826086956522
animal/sheep/000000064283.jpg,animal,sheep,0.705357142857143
animal/sheep/000000064588.jpg,animal,sheep,0.730769230769231
animal/sheep/000000066441.jpg,animal,sheep,0.745283018867924
animal/sheep/000000069777.jpg,animal,sheep,0.663366336633663
animal/sheep/000000078770.jpg,animal,sheep,0.660377358490566
animal/sheep/000000079545.jpg,animal,sheep,0.333333333333333
animal/sheep/000000084356.jpg,animal,sheep,0.755102040816326
animal/sheep/000000092631.jpg,animal,sheep,0.669811320754717
animal/sheep/000000115069.jpg,animal,sheep,0.635416666666667
animal/sheep/000000117965.jpg,animal,sheep,0.906779661016949
animal/sheep/000000133837.jpg,animal,sheep,0.707070707070707
animal/sheep/000000134306.jpg,animal,sheep,0.814814814814815
animal/sheep/000000134946.jpg,animal,sheep,0.535353535353535
animal/sheep/000000146099.jpg,animal,sheep,0.798165137614679
animal/sheep/000000151067.jpg,animal,sheep,0.632183908045977
animal/sheep/000000155877.jpg,animal,sheep,0.731182795698925
animal/sheep/000000156195.jpg,animal,sheep,0.567567567567568
animal/sheep/000000157901.jpg,animal,sheep,0.504587155963303
animal/sheep/000000167811.jpg,animal,sheep,0.703296703296703
animal/sheep/000000170346.jpg,animal,sheep,0.663265306122449
animal/sheep/000000176475.jpg,animal,sheep,0.808080808080808
animal/sheep/000000178244.jpg,animal,sheep,0.509615384615385
animal/sheep/000000178859.jpg,animal,sheep,0.46
animal/sheep/000000179550.jpg,animal,sheep,0.767676767676768
animal/sheep/000000185530.jpg,animal,sheep,0.442105263157895
animal/sheep/000000191533.jpg,animal,sheep,0.572727272727273
animal/sheep/000000215289.jpg,animal,sheep,0.715789473684211
animal/sheep/000000219099.jpg,animal,sheep,0.709090909090909
animal/sheep/000000222447.jpg,animal,sheep,0.754385964912281
animal/sheep/000000253615.jpg,animal,sheep,0.697674418604651
animal/sheep/000000272008.jpg,animal,sheep,0.87378640776699
animal/sheep/000000280599.jpg,animal,sheep,0.702127659574468
animal/sheep/000000283246.jpg,animal,sheep,0.448275862068966
animal/sheep/000000289030.jpg,animal,sheep,0.780952380952381
animal/sheep/000000290570.jpg,animal,sheep,0.57
animal/sheep/000000296984.jpg,animal,sheep,0.711340206185567
animal/sheep/000000301380.jpg,animal,sheep,0.459770114942529
animal/sheep/000000306363.jpg,animal,sheep,0.72
animal/sheep/000000319211.jpg,animal,sheep,0.712
animal/sheep/000000319866.jpg,animal,sheep,0.635514018691589
animal/sheep/000000321705.jpg,animal,sheep,0.65
animal/sheep/000000321964.jpg,animal,sheep,0.702127659574468
animal/sheep/000000325963.jpg,animal,sheep,0.555555555555556
animal/sheep/000000336577.jpg,animal,sheep,0.771739130434783
animal/sheep/000000351313.jpg,animal,sheep,0.690909090909091
animal/sheep/000000353562.jpg,animal,sheep,0.51063829787234
animal/sheep/000000358890.jpg,animal,sheep,0.715686274509804
animal/sheep/000000364027.jpg,animal,sheep,0.737864077669903
animal/sheep/000000378613.jpg,animal,sheep,0.726315789473684
animal/sheep/000000381641.jpg,animal,sheep,0.567307692307692
animal/sheep/000000382500.jpg,animal,sheep,0.686274509803922
animal/sheep/000000383368.jpg,animal,sheep,0.814432989690722
animal/sheep/000000391018.jpg,animal,sheep,0.548076923076923
animal/sheep/000000393386.jpg,animal,sheep,0.595744680851064
animal/sheep/000000397760.jpg,animal,sheep,0.731182795698925
animal/sheep/000000414032.jpg,animal,sheep,0.735042735042735
animal/sheep/000000417887.jpg,animal,sheep,0.754901960784314
animal/sheep/000000424171.jpg,animal,sheep,0.552083333333333
animal/sheep/000000424289.jpg,animal,sheep,0.703703703703704
animal/sheep/000000438200.jpg,animal,sheep,0.91578947368421
animal/sheep/000000446345.jpg,animal,sheep,0.548387096774194
animal/sheep/000000452454.jpg,animal,sheep,0.696629213483146
animal/sheep/000000455960.jpg,animal,sheep,0.673267326732673
animal/sheep/000000456436.jpg,animal,sheep,0.778761061946903
animal/sheep/000000459975.jpg,animal,sheep,0.723404255319149
animal/sheep/000000468416.jpg,animal,sheep,0.774193548387097
animal/sheep/000000468933.jpg,animal,sheep,0.678571428571429
animal/sheep/000000472874.jpg,animal,sheep,0.672566371681416
animal/sheep/000000477047.jpg,animal,sheep,0.532608695652174
animal/sheep/000000478148.jpg,animal,sheep,0.769230769230769
animal/sheep/000000481856.jpg,animal,sheep,0.651685393258427
animal/sheep/000000485390.jpg,animal,sheep,0.75531914893617
animal/sheep/000000498270.jpg,animal,sheep,0.775700934579439
animal/sheep/000000503575.jpg,animal,sheep,0.539325842696629
animal/sheep/000000505976.jpg,animal,sheep,0.582417582417582
animal/sheep/000000515695.jpg,animal,sheep,0.654545454545455
animal/sheep/000000518575.jpg,animal,sheep,0.621052631578947
animal/sheep/000000529433.jpg,animal,sheep,0.735294117647059
animal/sheep/000000530717.jpg,animal,sheep,0.666666666666667
animal/sheep/000000543797.jpg,animal,sheep,0.705263157894737
animal/sheep/000000545959.jpg,animal,sheep,0.674418604651163
animal/sheep/000000557907.jpg,animal,sheep,0.709302325581395
animal/sheep/000000558822.jpg,animal,sheep,0.737864077669903
animal/sheep/000000562110.jpg,animal,sheep,0.686868686868687
animal/sheep/000000564898.jpg,animal,sheep,0.705882352941177
animal/sheep/000000579679.jpg,animal,sheep,0.715596330275229
animal/sheep/000000579885.jpg,animal,sheep,0.786407766990291
animal/squirrel/n02355227_10002.jpg,animal,squirrel,0.73469387755102
animal/squirrel/n02355227_11538.jpg,animal,squirrel,0.747572815533981
animal/squirrel/n02355227_11977.jpg,animal,squirrel,0.828571428571429
animal/squirrel/n02355227_12066.jpg,animal,squirrel,0.692307692307692
animal/squirrel/n02355227_12085.jpg,animal,squirrel,0.704081632653061
animal/squirrel/n02355227_12118.jpg,animal,squirrel,0.67
animal/squirrel/n02355227_12171.jpg,animal,squirrel,0.795454545454545
animal/squirrel/n02355227_12255.jpg,animal,squirrel,0.811320754716981
animal/squirrel/n02355227_12332.jpg,animal,squirrel,0.733333333333333
animal/squirrel/n02355227_12339.jpg,animal,squirrel,0.660550458715596
animal/squirrel/n02355227_12357.jpg,animal,squirrel,0.705263157894737
animal/squirrel/n02355227_12389.jpg,animal,squirrel,0.770642201834862
animal/squirrel/n02355227_12454.jpg,animal,squirrel,0.758620689655172
animal/squirrel/n02355227_12532.jpg,animal,squirrel,0.635514018691589
animal/squirrel/n02355227_12551.jpg,animal,squirrel,0.792452830188679
animal/squirrel/n02355227_12577.jpg,animal,squirrel,0.663551401869159
animal/squirrel/n02355227_12650.jpg,animal,squirrel,0.694444444444444
animal/squirrel/n02355227_12746.jpg,animal,squirrel,0.556701030927835
animal/squirrel/n02355227_12764.jpg,animal,squirrel,0.758241758241758
animal/squirrel/n02355227_12909.jpg,animal,squirrel,0.663265306122449
animal/squirrel/n02355227_12971.jpg,animal,squirrel,0.764705882352941
animal/squirrel/n02355227_13042.jpg,animal,squirrel,0.764705882352941
animal/squirrel/n02355227_13168.jpg,animal,squirrel,0.72
animal/squirrel/n02355227_132.jpg,animal,squirrel,0.808510638297872
animal/squirrel/n02355227_13267.jpg,animal,squirrel,0.830357142857143
animal/squirrel/n02355227_13315.jpg,animal,squirrel,0.690909090909091
animal/squirrel/n02355227_13382.jpg,animal,squirrel,0.602150537634409
animal/squirrel/n02355227_13400.jpg,animal,squirrel,0.666666666666667
animal/squirrel/n02355227_13412.jpg,animal,squirrel,0.833333333333333
animal/squirrel/n02355227_13453.jpg,animal,squirrel,0.622222222222222
animal/squirrel/n02355227_13484.jpg,animal,squirrel,0.663461538461538
animal/squirrel/n02355227_13515.jpg,animal,squirrel,0.754098360655738
animal/squirrel/n02355227_13518.jpg,animal,squirrel,0.933333333333333
animal/squirrel/n02355227_13530.jpg,animal,squirrel,0.678899082568807
animal/squirrel/n02355227_13655.jpg,animal,squirrel,0.802083333333333
animal/squirrel/n02355227_13730.jpg,animal,squirrel,0.879032258064516
animal/squirrel/n02355227_13741.jpg,animal,squirrel,0.696629213483146
animal/squirrel/n02355227_13768.jpg,animal,squirrel,0.712765957446808
animal/squirrel/n02355227_13784.jpg,animal,squirrel,0.851485148514851
animal/squirrel/n02355227_13907.jpg,animal,squirrel,0.736842105263158
animal/squirrel/n02355227_13927.jpg,animal,squirrel,0.731958762886598
animal/squirrel/n02355227_13981.jpg,animal,squirrel,0.681818181818182
animal/squirrel/n02355227_14054.jpg,animal,squirrel,0.726415094339623
animal/squirrel/n02355227_14128.jpg,animal,squirrel,0.724770642201835
animal/squirrel/n02355227_14140.jpg,animal,squirrel,0.6875
animal/squirrel/n02355227_14164.jpg,animal,squirrel,0.724489795918367
animal/squirrel/n02355227_14189.jpg,animal,squirrel,0.67
animal/squirrel/n02355227_14224.jpg,animal,squirrel,0.601941747572815
animal/squirrel/n02355227_14266.jpg,animal,squirrel,0.732673267326733
animal/squirrel/n02355227_14378.jpg,animal,squirrel,0.828282828282828
animal/squirrel/n02355227_14387.jpg,animal,squirrel,0.682692307692308
animal/squirrel/n02355227_14441.jpg,animal,squirrel,0.717171717171717
animal/squirrel/n02355227_14582.jpg,animal,squirrel,0.873563218390805
animal/squirrel/n02355227_14589.jpg,animal,squirrel,0.709302325581395
animal/squirrel/n02355227_14684.jpg,animal,squirrel,0.628865979381443
animal/squirrel/n02355227_14685.jpg,animal,squirrel,0.584905660377358
animal/squirrel/n02355227_14716.jpg,animal,squirrel,0.731958762886598
animal/squirrel/n02355227_14797.jpg,animal,squirrel,0.747368421052632
animal/squirrel/n02355227_14799.jpg,animal,squirrel,0.811881188118812
animal/squirrel/n02355227_14808.jpg,animal,squirrel,0.686274509803922
animal/squirrel/n02355227_14860.jpg,animal,squirrel,0.736842105263158
animal/squirrel/n02355227_14956.jpg,animal,squirrel,0.791208791208791
animal/squirrel/n02355227_15095.jpg,animal,squirrel,0.552083333333333
animal/squirrel/n02355227_15129.jpg,animal,squirrel,0.782608695652174
animal/squirrel/n02355227_15177.jpg,animal,squirrel,0.617977528089888
animal/squirrel/n02355227_15240.jpg,animal,squirrel,0.653333333333333
animal/squirrel/n02355227_15347.jpg,animal,squirrel,0.710843373493976
animal/squirrel/n02355227_15402.jpg,animal,squirrel,0.696078431372549
animal/squirrel/n02355227_15406.jpg,animal,squirrel,0.825688073394495
animal/squirrel/n02355227_15478.jpg,animal,squirrel,0.742857142857143
animal/squirrel/n02355227_15505.jpg,animal,squirrel,0.721311475409836
animal/squirrel/n02355227_15548.jpg,animal,squirrel,0.785046728971963
animal/squirrel/n02355227_15619.jpg,animal,squirrel,0.681318681318681
animal/squirrel/n02355227_15629.jpg,animal,squirrel,0.87
animal/squirrel/n02355227_15721.jpg,animal,squirrel,0.6875
animal/squirrel/n02355227_15817.jpg,animal,squirrel,0.747663551401869
animal/squirrel/n02355227_15897.jpg,animal,squirrel,0.761904761904762
animal/squirrel/n02355227_15913.jpg,animal,squirrel,0.741071428571429
animal/squirrel/n02355227_2155.jpg,animal,squirrel,0.740384615384615
animal/squirrel/n02355227_2164.jpg,animal,squirrel,0.837837837837838
animal/squirrel/n02355227_2615.jpg,animal,squirrel,0.678899082568807
animal/squirrel/n02355227_3079.jpg,animal,squirrel,0.8
animal/squirrel/n02355227_4066.jpg,animal,squirrel,0.686868686868687
animal/squirrel/n02355227_4765.jpg,animal,squirrel,0.631578947368421
animal/squirrel/n02355227_5466.jpg,animal,squirrel,0.877551020408163
animal/squirrel/n02355227_5804.jpg,animal,squirrel,0.777777777777778
animal/squirrel/n02355227_5820.jpg,animal,squirrel,0.756521739130435
animal/squirrel/n02355227_5898.jpg,animal,squirrel,0.693069306930693
animal/squirrel/n02355227_6323.jpg,animal,squirrel,0.827160493827161
animal/squirrel/n02355227_6434.jpg,animal,squirrel,0.806122448979592
animal/squirrel/n02355227_6696.jpg,animal,squirrel,0.675675675675676
animal/squirrel/n02355227_7587.jpg,animal,squirrel,0.556818181818182
animal/squirrel/n02355227_7784.jpg,animal,squirrel,0.540229885057471
animal/squirrel/n02355227_7881.jpg,animal,squirrel,0.826530612244898
animal/squirrel/n02355227_8112.jpg,animal,squirrel,0.727272727272727
animal/squirrel/n02355227_8561.jpg,animal,squirrel,0.8125
animal/squirrel/n02355227_8586.jpg,animal,squirrel,0.717647058823529
animal/squirrel/n02355227_8789.jpg,animal,squirrel,0.772727272727273
animal/squirrel/n02355227_9552.jpg,animal,squirrel,0.8
animal/squirrel/n02355227_9703.jpg,animal,squirrel,0.679245283018868
animal/wild boar/n02396427_10212.jpg,animal,wild boar,0.642857142857143
animal/wild boar/n02396427_10266.jpg,animal,wild boar,0.571428571428571
animal/wild boar/n02396427_10306.jpg,animal,wild boar,0.702970297029703
animal/wild boar/n02396427_10399.jpg,animal,wild boar,0.72
animal/wild boar/n02396427_104.jpg,animal,wild boar,0.71
animal/wild boar/n02396427_10405.jpg,animal,wild boar,0.797752808988764
animal/wild boar/n02396427_10462.jpg,animal,wild boar,0.728971962616822
animal/wild boar/n02396427_10489.jpg,animal,wild boar,0.803571428571429
animal/wild boar/n02396427_10706.jpg,animal,wild boar,0.627906976744186
animal/wild boar/n02396427_10722.jpg,animal,wild boar,0.877777777777778
animal/wild boar/n02396427_11973.jpg,animal,wild boar,0.655172413793103
animal/wild boar/n02396427_12172.jpg,animal,wild boar,0.625
animal/wild boar/n02396427_12304.jpg,animal,wild boar,0.75
animal/wild boar/n02396427_1298.jpg,animal,wild boar,0.68141592920354
animal/wild boar/n02396427_1337.jpg,animal,wild boar,0.761363636363636
animal/wild boar/n02396427_13910.jpg,animal,wild boar,0.663865546218487
animal/wild boar/n02396427_14005.jpg,animal,wild boar,0.835164835164835
animal/wild boar/n02396427_14262.jpg,animal,wild boar,0.760416666666667
animal/wild boar/n02396427_14405.jpg,animal,wild boar,0.635294117647059
animal/wild boar/n02396427_14454.jpg,animal,wild boar,0.77319587628866
animal/wild boar/n02396427_1453.jpg,animal,wild boar,0.554347826086957
animal/wild boar/n02396427_14870.jpg,animal,wild boar,0.606060606060606
animal/wild boar/n02396427_1496.jpg,animal,wild boar,0.730769230769231
animal/wild boar/n02396427_15258.jpg,animal,wild boar,0.673913043478261
animal/wild boar/n02396427_15409.jpg,animal,wild boar,0.695652173913043
animal/wild boar/n02396427_16212.jpg,animal,wild boar,0.740740740740741
animal/wild boar/n02396427_167.jpg,animal,wild boar,0.760869565217391
animal/wild boar/n02396427_16759.jpg,animal,wild boar,0.747252747252747
animal/wild boar/n02396427_16805.jpg,animal,wild boar,0.727272727272727
animal/wild boar/n02396427_16986.jpg,animal,wild boar,0.684210526315789
animal/wild boar/n02396427_17678.jpg,animal,wild boar,0.71551724137931
animal/wild boar/n02396427_17712.jpg,animal,wild boar,0.797752808988764
animal/wild boar/n02396427_18146.jpg,animal,wild boar,0.731958762886598
animal/wild boar/n02396427_18185.jpg,animal,wild boar,0.904109589041096
animal/wild boar/n02396427_18261.jpg,animal,wild boar,0.612244897959184
animal/wild boar/n02396427_18469.jpg,animal,wild boar,0.693693693693694
animal/wild boar/n02396427_19126.jpg,animal,wild boar,0.71875
animal/wild boar/n02396427_1945.jpg,animal,wild boar,0.742268041237113
animal/wild boar/n02396427_19458.jpg,animal,wild boar,0.727272727272727
animal/wild boar/n02396427_19677.jpg,animal,wild boar,0.705882352941177
animal/wild boar/n02396427_19733.jpg,animal,wild boar,0.640776699029126
animal/wild boar/n02396427_1979.jpg,animal,wild boar,0.731182795698925
animal/wild boar/n02396427_20572.jpg,animal,wild boar,0.553571428571429
animal/wild boar/n02396427_20960.jpg,animal,wild boar,0.73469387755102
animal/wild boar/n02396427_21276.jpg,animal,wild boar,0.554347826086957
animal/wild boar/n02396427_21669.jpg,animal,wild boar,0.734177215189873
animal/wild boar/n02396427_21929.jpg,animal,wild boar,0.802197802197802
animal/wild boar/n02396427_2194.jpg,animal,wild boar,0.617977528089888
animal/wild boar/n02396427_22054.jpg,animal,wild boar,0.695652173913043
animal/wild boar/n02396427_22128.jpg,animal,wild boar,0.774774774774775
animal/wild boar/n02396427_22180.jpg,animal,wild boar,0.607476635514019
animal/wild boar/n02396427_22482.jpg,animal,wild boar,0.740384615384615
animal/wild boar/n02396427_22536.jpg,animal,wild boar,0.759615384615385
animal/wild boar/n02396427_22716.jpg,animal,wild boar,0.696078431372549
animal/wild boar/n02396427_22756.jpg,animal,wild boar,0.63953488372093
animal/wild boar/n02396427_2310.jpg,animal,wild boar,0.82
animal/wild boar/n02396427_23155.jpg,animal,wild boar,0.817391304347826
animal/wild boar/n02396427_23723.jpg,animal,wild boar,0.875
animal/wild boar/n02396427_23881.jpg,animal,wild boar,0.64
animal/wild boar/n02396427_23932.jpg,animal,wild boar,0.516129032258065
animal/wild boar/n02396427_2484.jpg,animal,wild boar,0.67816091954023
animal/wild boar/n02396427_2572.jpg,animal,wild boar,0.758620689655172
animal/wild boar/n02396427_259.jpg,animal,wild boar,0.6
animal/wild boar/n02396427_2723.jpg,animal,wild boar,0.786516853932584
animal/wild boar/n02396427_2752.jpg,animal,wild boar,0.704081632653061
animal/wild boar/n02396427_2960.jpg,animal,wild boar,0.811475409836066
animal/wild boar/n02396427_2997.jpg,animal,wild boar,0.718181818181818
animal/wild boar/n02396427_3079.jpg,animal,wild boar,0.798165137614679
animal/wild boar/n02396427_3096.jpg,animal,wild boar,0.689320388349515
animal/wild boar/n02396427_3134.jpg,animal,wild boar,0.803921568627451
animal/wild boar/n02396427_3531.jpg,animal,wild boar,0.715596330275229
animal/wild boar/n02396427_3601.jpg,animal,wild boar,0.728260869565217
animal/wild boar/n02396427_3696.jpg,animal,wild boar,0.705882352941177
animal/wild boar/n02396427_4.jpg,animal,wild boar,0.765957446808511
animal/wild boar/n02396427_4088.jpg,animal,wild boar,0.709302325581395
animal/wild boar/n02396427_4200.jpg,animal,wild boar,0.8
animal/wild boar/n02396427_4362.jpg,animal,wild boar,0.707865168539326
animal/wild boar/n02396427_4425.jpg,animal,wild boar,0.6875
animal/wild boar/n02396427_4851.jpg,animal,wild boar,0.728971962616822
animal/wild boar/n02396427_5137.jpg,animal,wild boar,0.691358024691358
animal/wild boar/n02396427_5189.jpg,animal,wild boar,0.7
animal/wild boar/n02396427_5989.jpg,animal,wild boar,0.848101265822785
animal/wild boar/n02396427_6351.jpg,animal,wild boar,0.755813953488372
animal/wild boar/n02396427_7072.jpg,animal,wild boar,0.670454545454545
animal/wild boar/n02396427_7162.jpg,animal,wild boar,0.683544303797468
animal/wild boar/n02396427_7183.jpg,animal,wild boar,0.71875
animal/wild boar/n02396427_7403.jpg,animal,wild boar,0.688172043010753
animal/wild boar/n02396427_744.jpg,animal,wild boar,0.814814814814815
animal/wild boar/n02396427_768.jpg,animal,wild boar,0.693877551020408
animal/wild boar/n02396427_7714.jpg,animal,wild boar,0.706521739130435
animal/wild boar/n02396427_79.jpg,animal,wild boar,0.723809523809524
animal/wild boar/n02396427_8473.jpg,animal,wild boar,0.591836734693878
animal/wild boar/n02396427_8595.jpg,animal,wild boar,0.756756756756757
animal/wild boar/n02396427_871.jpg,animal,wild boar,0.730769230769231
animal/wild boar/n02396427_912.jpg,animal,wild boar,0.686274509803922
animal/wild boar/n02396427_941.jpg,animal,wild boar,0.462962962962963
animal/wild boar/n02396427_9595.jpg,animal,wild boar,0.648148148148148
animal/wild boar/n02396427_9609.jpg,animal,wild boar,0.679611650485437
animal/wild boar/n02396427_9648.jpg,animal,wild boar,0.729166666666667
animal/wild boar/n02396427_971.jpg,animal,wild boar,0.660550458715596
animal/zebra/000000007566.jpg,animal,zebra,0.71264367816092
animal/zebra/000000009709.jpg,animal,zebra,0.722222222222222
animal/zebra/000000014862.jpg,animal,zebra,0.663934426229508
animal/zebra/000000039520.jpg,animal,zebra,0.602150537634409
animal/zebra/000000041908.jpg,animal,zebra,0.755102040816326
animal/zebra/000000055806.jpg,animal,zebra,0.655172413793103
animal/zebra/000000060316.jpg,animal,zebra,0.591397849462366
animal/zebra/000000073387.jpg,animal,zebra,0.721739130434783
animal/zebra/000000082898.jpg,animal,zebra,0.635514018691589
animal/zebra/000000083142.jpg,animal,zebra,0.811475409836066
animal/zebra/000000090245.jpg,animal,zebra,0.707070707070707
animal/zebra/000000091487.jpg,animal,zebra,0.715789473684211
animal/zebra/000000093014.jpg,animal,zebra,0.737373737373737
animal/zebra/000000095814.jpg,animal,zebra,0.584269662921348
animal/zebra/000000096445.jpg,animal,zebra,0.707070707070707
animal/zebra/000000100661.jpg,animal,zebra,0.641509433962264
animal/zebra/000000102610.jpg,animal,zebra,0.637362637362637
animal/zebra/000000111553.jpg,animal,zebra,0.63855421686747
animal/zebra/000000115379.jpg,animal,zebra,0.698795180722892
animal/zebra/000000117036.jpg,animal,zebra,0.731481481481482
animal/zebra/000000133200.jpg,animal,zebra,0.645669291338583
animal/zebra/000000136077.jpg,animal,zebra,0.764705882352941
animal/zebra/000000144157.jpg,animal,zebra,0.636363636363636
animal/zebra/000000154770.jpg,animal,zebra,0.554455445544555
animal/zebra/000000157886.jpg,animal,zebra,0.796116504854369
animal/zebra/000000165043.jpg,animal,zebra,0.65979381443299
animal/zebra/000000181662.jpg,animal,zebra,0.752475247524752
animal/zebra/000000181920.jpg,animal,zebra,0.603448275862069
animal/zebra/000000182773.jpg,animal,zebra,0.709090909090909
animal/zebra/000000195137.jpg,animal,zebra,0.712765957446808
animal/zebra/000000195649.jpg,animal,zebra,0.777777777777778
animal/zebra/000000199003.jpg,animal,zebra,0.65979381443299
animal/zebra/000000203459.jpg,animal,zebra,0.747663551401869
animal/zebra/000000205234.jpg,animal,zebra,0.58252427184466
animal/zebra/000000207097.jpg,animal,zebra,0.798165137614679
animal/zebra/000000208724.jpg,animal,zebra,0.741573033707865
animal/zebra/000000213023.jpg,animal,zebra,0.620689655172414
animal/zebra/000000214150.jpg,animal,zebra,0.776785714285714
animal/zebra/000000228893.jpg,animal,zebra,0.673913043478261
animal/zebra/000000230318.jpg,animal,zebra,0.707070707070707
animal/zebra/000000247723.jpg,animal,zebra,0.561224489795918
animal/zebra/000000250367.jpg,animal,zebra,0.769230769230769
animal/zebra/000000256859.jpg,animal,zebra,0.70873786407767
animal/zebra/000000257214.jpg,animal,zebra,0.787610619469027
animal/zebra/000000258331.jpg,animal,zebra,0.635416666666667
animal/zebra/000000266069.jpg,animal,zebra,0.755555555555556
animal/zebra/000000269634.jpg,animal,zebra,0.68
animal/zebra/000000284805.jpg,animal,zebra,0.676767676767677
animal/zebra/000000288700.jpg,animal,zebra,0.602409638554217
animal/zebra/000000291348.jpg,animal,zebra,0.782608695652174
animal/zebra/000000310716.jpg,animal,zebra,0.663551401869159
animal/zebra/000000312205.jpg,animal,zebra,0.537190082644628
animal/zebra/000000316022.jpg,animal,zebra,0.662790697674419
animal/zebra/000000317019.jpg,animal,zebra,0.632075471698113
animal/zebra/000000328121.jpg,animal,zebra,0.727272727272727
animal/zebra/000000331126.jpg,animal,zebra,0.623529411764706
animal/zebra/000000332385.jpg,animal,zebra,0.7
animal/zebra/000000339985.jpg,animal,zebra,0.663157894736842
animal/zebra/000000351154.jpg,animal,zebra,0.673469387755102
animal/zebra/000000359722.jpg,animal,zebra,0.772277227722772
animal/zebra/000000373021.jpg,animal,zebra,0.693181818181818
animal/zebra/000000376875.jpg,animal,zebra,0.688679245283019
animal/zebra/000000381282.jpg,animal,zebra,0.759259259259259
animal/zebra/000000383857.jpg,animal,zebra,0.594339622641509
animal/zebra/000000393979.jpg,animal,zebra,0.75
animal/zebra/000000405778.jpg,animal,zebra,0.679611650485437
animal/zebra/000000407751.jpg,animal,zebra,0.607476635514019
animal/zebra/000000407768.jpg,animal,zebra,0.58695652173913
animal/zebra/000000413242.jpg,animal,zebra,0.666666666666667
animal/zebra/000000415821.jpg,animal,zebra,0.681818181818182
animal/zebra/000000424152.jpg,animal,zebra,0.608247422680412
animal/zebra/000000425254.jpg,animal,zebra,0.734042553191489
animal/zebra/000000427438.jpg,animal,zebra,0.63953488372093
animal/zebra/000000430551.jpg,animal,zebra,0.682692307692308
animal/zebra/000000445427.jpg,animal,zebra,0.620689655172414
animal/zebra/000000451263.jpg,animal,zebra,0.842696629213483
animal/zebra/000000455557.jpg,animal,zebra,0.673267326732673
animal/zebra/000000457981.jpg,animal,zebra,0.726315789473684
animal/zebra/000000467502.jpg,animal,zebra,0.730337078651685
animal/zebra/000000471534.jpg,animal,zebra,0.654545454545455
animal/zebra/000000474800.jpg,animal,zebra,0.714285714285714
animal/zebra/000000481760.jpg,animal,zebra,0.681818181818182
animal/zebra/000000484074.jpg,animal,zebra,0.654761904761905
animal/zebra/000000484214.jpg,animal,zebra,0.686046511627907
animal/zebra/000000501038.jpg,animal,zebra,0.663461538461538
animal/zebra/000000519877.jpg,animal,zebra,0.772277227722772
animal/zebra/000000526941.jpg,animal,zebra,0.642857142857143
animal/zebra/000000532631.jpg,animal,zebra,0.596491228070175
animal/zebra/000000537122.jpg,animal,zebra,0.638297872340426
animal/zebra/000000544071.jpg,animal,zebra,0.676190476190476
animal/zebra/000000546164.jpg,animal,zebra,0.727272727272727
animal/zebra/000000546693.jpg,animal,zebra,0.70873786407767
animal/zebra/000000548722.jpg,animal,zebra,0.761904761904762
animal/zebra/000000551602.jpg,animal,zebra,0.639344262295082
animal/zebra/000000556011.jpg,animal,zebra,0.708333333333333
animal/zebra/000000563155.jpg,animal,zebra,0.817204301075269
animal/zebra/000000564654.jpg,animal,zebra,0.725490196078431
animal/zebra/000000566598.jpg,animal,zebra,0.747368421052632
animal/zebra/000000569599.jpg,animal,zebra,0.820754716981132
animal/zebra/000000577065.jpg,animal,zebra,0.657407407407407
food/apple/000000007944.jpg,food,apple,0.833333333333333
food/apple/000000010478.jpg,food,apple,0.782178217821782
food/apple/000000028864.jpg,food,apple,0.741176470588235
food/apple/000000052818.jpg,food,apple,0.821052631578947
food/apple/000000056714.jpg,food,apple,0.752475247524752
food/apple/000000087383.jpg,food,apple,0.677777777777778
food/apple/000000092031.jpg,food,apple,0.805555555555556
food/apple/000000094514.jpg,food,apple,0.888888888888889
food/apple/000000125499.jpg,food,apple,0.8
food/apple/000000143980.jpg,food,apple,0.861702127659574
food/apple/000000169529.jpg,food,apple,0.828282828282828
food/apple/000000253890.jpg,food,apple,0.843137254901961
food/apple/000000265708.jpg,food,apple,0.770642201834862
food/apple/000000282583.jpg,food,apple,0.894230769230769
food/apple/000000286751.jpg,food,apple,0.535087719298246
food/apple/000000322175.jpg,food,apple,0.704347826086957
food/apple/000000324645.jpg,food,apple,0.757575757575758
food/apple/000000329014.jpg,food,apple,0.85
food/apple/000000331230.jpg,food,apple,0.819148936170213
food/apple/000000357925.jpg,food,apple,0.762886597938144
food/apple/000000385381.jpg,food,apple,0.838383838383838
food/apple/000000406743.jpg,food,apple,0.846153846153846
food/apple/000000432636.jpg,food,apple,0.802083333333333
food/apple/000000491558.jpg,food,apple,0.762886597938144
food/apple/000000510596.jpg,food,apple,0.875
food/apple/000000540164.jpg,food,apple,0.709090909090909
food/apple/000000555062.jpg,food,apple,0.841584158415842
food/apple/000000572183.jpg,food,apple,0.86734693877551
food/apple/000000572430.jpg,food,apple,0.875
food/apple/000000577451.jpg,food,apple,0.75
food/apple/000000578203.jpg,food,apple,0.77319587628866
food/bagel/n07693725_10185.jpg,food,bagel,0.853211009174312
food/bagel/n07693725_10301.jpg,food,bagel,0.811881188118812
food/bagel/n07693725_10483.jpg,food,bagel,0.85
food/bagel/n07693725_11023.jpg,food,bagel,0.796296296296296
food/bagel/n07693725_11051.jpg,food,bagel,0.78125
food/bagel/n07693725_11229.jpg,food,bagel,0.735294117647059
food/bagel/n07693725_11246.jpg,food,bagel,0.882978723404255
food/bagel/n07693725_11570.jpg,food,bagel,0.841121495327103
food/bagel/n07693725_1163.jpg,food,bagel,0.84
food/bagel/n07693725_11793.jpg,food,bagel,0.823529411764706
food/bagel/n07693725_11883.jpg,food,bagel,0.869565217391304
food/bagel/n07693725_1211.jpg,food,bagel,0.79746835443038
food/bagel/n07693725_12175.jpg,food,bagel,0.747474747474748
food/bagel/n07693725_12319.jpg,food,bagel,0.878787878787879
food/bagel/n07693725_12326.jpg,food,bagel,0.837209302325581
food/bagel/n07693725_12334.jpg,food,bagel,0.767241379310345
food/bagel/n07693725_12485.jpg,food,bagel,0.845454545454545
food/bagel/n07693725_12652.jpg,food,bagel,0.734513274336283
food/bagel/n07693725_1286.jpg,food,bagel,0.876404494382023
food/bagel/n07693725_12947.jpg,food,bagel,0.796116504854369
food/bagel/n07693725_13.jpg,food,bagel,0.847619047619048
food/bagel/n07693725_1321.jpg,food,bagel,0.771739130434783
food/bagel/n07693725_13350.jpg,food,bagel,0.780952380952381
food/bagel/n07693725_13352.jpg,food,bagel,0.726415094339623
food/bagel/n07693725_13403.jpg,food,bagel,0.752380952380952
food/bagel/n07693725_1357.jpg,food,bagel,0.83495145631068
food/bagel/n07693725_13643.jpg,food,bagel,0.824742268041237
food/bagel/n07693725_13736.jpg,food,bagel,0.766666666666667
food/bagel/n07693725_1396.jpg,food,bagel,0.858490566037736
food/bagel/n07693725_14119.jpg,food,bagel,0.75
food/bagel/n07693725_14254.jpg,food,bagel,0.783018867924528
food/bagel/n07693725_14311.jpg,food,bagel,0.852941176470588
food/bagel/n07693725_14441.jpg,food,bagel,0.765957446808511
food/bagel/n07693725_1602.jpg,food,bagel,0.783018867924528
food/bagel/n07693725_1611.jpg,food,bagel,0.850574712643678
food/bagel/n07693725_2455.jpg,food,bagel,0.822222222222222
food/bagel/n07693725_2526.jpg,food,bagel,0.785714285714286
food/bagel/n07693725_2676.jpg,food,bagel,0.835051546391753
food/bagel/n07693725_2776.jpg,food,bagel,0.842105263157895
food/bagel/n07693725_3014.jpg,food,bagel,0.844660194174757
food/bagel/n07693725_3156.jpg,food,bagel,0.804347826086957
food/bagel/n07693725_3177.jpg,food,bagel,0.943820224719101
food/bagel/n07693725_3203.jpg,food,bagel,0.685714285714286
food/bagel/n07693725_3258.jpg,food,bagel,0.793478260869565
food/bagel/n07693725_3451.jpg,food,bagel,0.791304347826087
food/bagel/n07693725_3477.jpg,food,bagel,0.785046728971963
food/bagel/n07693725_3523.jpg,food,bagel,0.851485148514851
food/bagel/n07693725_3536.jpg,food,bagel,0.588888888888889
food/bagel/n07693725_3602.jpg,food,bagel,0.898989898989899
food/bagel/n07693725_3605.jpg,food,bagel,0.810344827586207
food/bagel/n07693725_3611.jpg,food,bagel,0.848484848484849
food/bagel/n07693725_3612.jpg,food,bagel,0.771428571428571
food/bagel/n07693725_4972.jpg,food,bagel,0.847619047619048
food/bagel/n07693725_498.jpg,food,bagel,0.820754716981132
food/bagel/n07693725_500.jpg,food,bagel,0.831460674157303
food/bagel/n07693725_5096.jpg,food,bagel,0.755813953488372
food/bagel/n07693725_5217.jpg,food,bagel,0.855932203389831
food/bagel/n07693725_529.jpg,food,bagel,0.764705882352941
food/bagel/n07693725_5683.jpg,food,bagel,0.858585858585859
food/bagel/n07693725_6372.jpg,food,bagel,0.912087912087912
food/bagel/n07693725_6512.jpg,food,bagel,0.766666666666667
food/bagel/n07693725_7311.jpg,food,bagel,0.810526315789474
food/bagel/n07693725_7439.jpg,food,bagel,0.904761904761905
food/bagel/n07693725_758.jpg,food,bagel,0.772277227722772
food/bagel/n07693725_8046.jpg,food,bagel,0.814814814814815
food/bagel/n07693725_8131.jpg,food,bagel,0.898876404494382
food/bagel/n07693725_8314.jpg,food,bagel,0.823529411764706
food/bagel/n07693725_8337.jpg,food,bagel,0.875
food/bagel/n07693725_8396.jpg,food,bagel,0.836363636363636
food/bagel/n07693725_8448.jpg,food,bagel,0.670454545454545
food/bagel/n07693725_855.jpg,food,bagel,0.887755102040816
food/bagel/n07693725_8602.jpg,food,bagel,0.808333333333333
food/bagel/n07693725_8694.jpg,food,bagel,0.739130434782609
food/bagel/n07693725_8807.jpg,food,bagel,0.794871794871795
food/bagel/n07693725_8841.jpg,food,bagel,0.762376237623762
food/bagel/n07693725_8899.jpg,food,bagel,0.804347826086957
food/bagel/n07693725_905.jpg,food,bagel,0.742268041237113
food/bagel/n07693725_9127.jpg,food,bagel,0.745098039215686
food/bagel/n07693725_962.jpg,food,bagel,0.884955752212389
food/bagel/n07693725_9698.jpg,food,bagel,0.790697674418605
food/banana/000000000715.jpg,food,banana,0.771929824561403
food/banana/000000004749.jpg,food,banana,0.861702127659574
food/banana/000000009768.jpg,food,banana,0.69
food/banana/000000016161.jpg,food,banana,0.848484848484849
food/banana/000000026812.jpg,food,banana,0.833333333333333
food/banana/000000144951.jpg,food,banana,0.826086956521739
food/banana/000000183898.jpg,food,banana,0.897727272727273
food/banana/000000193015.jpg,food,banana,0.844660194174757
food/banana/000000202888.jpg,food,banana,0.783505154639175
food/banana/000000207573.jpg,food,banana,0.776595744680851
food/banana/000000216820.jpg,food,banana,0.803921568627451
food/banana/000000237762.jpg,food,banana,0.755555555555556
food/banana/000000261503.jpg,food,banana,0.765957446808511
food/banana/000000283144.jpg,food,banana,0.829787234042553
food/banana/000000283545.jpg,food,banana,0.857142857142857
food/banana/000000347568.jpg,food,banana,0.861386138613861
food/banana/000000347773.jpg,food,banana,0.883495145631068
food/banana/000000349402.jpg,food,banana,0.935185185185185
food/banana/000000351686.jpg,food,banana,0.831683168316832
food/banana/000000395169.jpg,food,banana,0.831683168316832
food/banana/000000412874.jpg,food,banana,0.828282828282828
food/banana/000000425201.jpg,food,banana,0.858585858585859
food/banana/000000450961.jpg,food,banana,0.852631578947368
food/banana/000000463555.jpg,food,banana,0.936842105263158
food/banana/000000466736.jpg,food,banana,0.932692307692308
food/banana/000000468615.jpg,food,banana,0.885416666666667
food/banana/000000504554.jpg,food,banana,0.94949494949495
food/banana/000000511644.jpg,food,banana,0.935897435897436
food/banana/000000521064.jpg,food,banana,0.816326530612245
food/banana/000000540464.jpg,food,banana,0.847826086956522
food/banana/000000543696.jpg,food,banana,0.836734693877551
food/banana/000000559021.jpg,food,banana,0.853932584269663
food/banana/n07753592_10437.jpg,food,banana,0.861111111111111
food/banana/n07753592_10692.jpg,food,banana,0.842105263157895
food/banana/n07753592_10906.jpg,food,banana,0.697916666666667
food/banana/n07753592_11382.jpg,food,banana,0.967741935483871
food/banana/n07753592_11566.jpg,food,banana,0.824175824175824
food/banana/n07753592_11789.jpg,food,banana,0.785714285714286
food/banana/n07753592_1185.jpg,food,banana,0.736363636363636
food/banana/n07753592_11999.jpg,food,banana,0.802083333333333
food/banana/n07753592_1234.jpg,food,banana,0.84
food/banana/n07753592_14958.jpg,food,banana,0.864864864864865
food/banana/n07753592_16211.jpg,food,banana,0.755555555555556
food/banana/n07753592_16831.jpg,food,banana,0.797872340425532
food/banana/n07753592_1750.jpg,food,banana,0.813186813186813
food/banana/n07753592_1773.jpg,food,banana,0.91304347826087
food/banana/n07753592_1816.jpg,food,banana,0.847058823529412
food/banana/n07753592_18348.jpg,food,banana,0.89622641509434
food/banana/n07753592_1909.jpg,food,banana,0.926315789473684
food/banana/n07753592_1917.jpg,food,banana,0.918367346938776
food/banana/n07753592_1991.jpg,food,banana,0.767676767676768
food/banana/n07753592_2002.jpg,food,banana,0.834862385321101
food/banana/n07753592_20027.jpg,food,banana,0.905405405405405
food/banana/n07753592_2012.jpg,food,banana,0.820754716981132
food/banana/n07753592_2021.jpg,food,banana,0.663366336633663
food/banana/n07753592_2231.jpg,food,banana,0.760416666666667
food/banana/n07753592_2805.jpg,food,banana,0.815217391304348
food/banana/n07753592_2829.jpg,food,banana,0.807339449541284
food/banana/n07753592_3491.jpg,food,banana,0.844827586206897
food/banana/n07753592_3592.jpg,food,banana,0.820224719101124
food/banana/n07753592_3754.jpg,food,banana,0.814814814814815
food/banana/n07753592_3854.jpg,food,banana,0.833333333333333
food/banana/n07753592_4091.jpg,food,banana,0.876190476190476
food/banana/n07753592_5409.jpg,food,banana,0.814814814814815
food/banana/n07753592_5569.jpg,food,banana,0.816091954022989
food/banana/n07753592_5802.jpg,food,banana,0.905263157894737
food/banana/n07753592_5844.jpg,food,banana,0.777777777777778
food/banana/n07753592_5942.jpg,food,banana,0.817307692307692
food/banana/n07753592_6132.jpg,food,banana,0.868686868686869
food/banana/n07753592_6197.jpg,food,banana,0.850877192982456
food/banana/n07753592_6754.jpg,food,banana,0.734939759036145
food/banana/n07753592_708.jpg,food,banana,0.814814814814815
food/banana/n07753592_7261.jpg,food,banana,0.871287128712871
food/banana/n07753592_7598.jpg,food,banana,0.846153846153846
food/banana/n07753592_7792.jpg,food,banana,0.87603305785124
food/banana/n07753592_8041.jpg,food,banana,0.818181818181818
food/banana/n07753592_8141.jpg,food,banana,0.731958762886598
food/banana/n07753592_8271.jpg,food,banana,0.84375
food/banana/n07753592_8534.jpg,food,banana,0.817073170731707
food/banana/n07753592_8891.jpg,food,banana,0.83695652173913
food/banana/n07753592_9134.jpg,food,banana,0.875
food/banana/n07753592_9781.jpg,food,banana,0.904255319148936
food/barbecue/000000043494.jpg,food,barbecue,0.913978494623656
food/barbecue/000000185225.jpg,food,barbecue,0.83695652173913
food/barbecue/000000302055.jpg,food,barbecue,0.79047619047619
food/barbecue/000000395714.jpg,food,barbecue,0.918181818181818
food/barbecue/000000432372.jpg,food,barbecue,0.838709677419355
food/barbecue/000000492292.jpg,food,barbecue,0.913978494623656
food/barbecue/000000579405.jpg,food,barbecue,0.831683168316832
food/barbecue/n07654148_10592.jpg,food,barbecue,0.848837209302326
food/barbecue/n07654148_11041.jpg,food,barbecue,0.916666666666667
food/barbecue/n07654148_11187.jpg,food,barbecue,0.90625
food/barbecue/n07654148_11189.jpg,food,barbecue,0.848837209302326
food/barbecue/n07654148_11193.jpg,food,barbecue,0.837837837837838
food/barbecue/n07654148_11447.jpg,food,barbecue,0.860215053763441
food/barbecue/n07654148_12782.jpg,food,barbecue,0.544444444444444
food/barbecue/n07654148_13056.jpg,food,barbecue,0.858974358974359
food/barbecue/n07654148_13111.jpg,food,barbecue,0.740740740740741
food/barbecue/n07654148_13583.jpg,food,barbecue,0.92156862745098
food/barbecue/n07654148_13790.jpg,food,barbecue,0.742574257425743
food/barbecue/n07654148_13921.jpg,food,barbecue,0.94
food/barbecue/n07654148_14261.jpg,food,barbecue,0.865384615384615
food/barbecue/n07654148_14341.jpg,food,barbecue,0.866666666666667
food/barbecue/n07654148_14359.jpg,food,barbecue,0.828282828282828
food/barbecue/n07654148_14827.jpg,food,barbecue,0.825242718446602
food/barbecue/n07654148_14835.jpg,food,barbecue,0.734939759036145
food/barbecue/n07654148_15593.jpg,food,barbecue,0.888888888888889
food/barbecue/n07654148_16788.jpg,food,barbecue,0.57843137254902
food/barbecue/n07654148_16882.jpg,food,barbecue,0.79
food/barbecue/n07654148_17137.jpg,food,barbecue,0.769230769230769
food/barbecue/n07654148_17445.jpg,food,barbecue,0.794871794871795
food/barbecue/n07654148_17522.jpg,food,barbecue,0.8
food/barbecue/n07654148_18173.jpg,food,barbecue,0.872727272727273
food/barbecue/n07654148_18188.jpg,food,barbecue,0.868686868686869
food/barbecue/n07654148_18263.jpg,food,barbecue,0.817204301075269
food/barbecue/n07654148_18307.jpg,food,barbecue,0.891304347826087
food/barbecue/n07654148_18423.jpg,food,barbecue,0.717647058823529
food/barbecue/n07654148_18446.jpg,food,barbecue,0.91588785046729
food/barbecue/n07654148_18537.jpg,food,barbecue,0.861386138613861
food/barbecue/n07654148_19332.jpg,food,barbecue,0.932038834951456
food/barbecue/n07654148_19681.jpg,food,barbecue,0.87378640776699
food/barbecue/n07654148_20099.jpg,food,barbecue,0.933962264150943
food/barbecue/n07654148_21097.jpg,food,barbecue,0.838383838383838
food/barbecue/n07654148_21186.jpg,food,barbecue,0.73394495412844
food/barbecue/n07654148_21465.jpg,food,barbecue,0.675925925925926
food/barbecue/n07654148_22848.jpg,food,barbecue,0.886363636363636
food/barbecue/n07654148_22977.jpg,food,barbecue,0.7375
food/bell pepper/n07720875_10151.jpg,food,bell pepper,0.880952380952381
food/bell pepper/n07720875_10155.jpg,food,bell pepper,0.824074074074074
food/bell pepper/n07720875_10162.jpg,food,bell pepper,0.69047619047619
food/bell pepper/n07720875_10894.jpg,food,bell pepper,0.826530612244898
food/bell pepper/n07720875_12386.jpg,food,bell pepper,0.900990099009901
food/bell pepper/n07720875_1314.jpg,food,bell pepper,0.854838709677419
food/bell pepper/n07720875_1529.jpg,food,bell pepper,0.855421686746988
food/bell pepper/n07720875_1586.jpg,food,bell pepper,0.851851851851852
food/bell pepper/n07720875_1697.jpg,food,bell pepper,0.957894736842105
food/bell pepper/n07720875_1782.jpg,food,bell pepper,0.910714285714286
food/bell pepper/n07720875_2188.jpg,food,bell pepper,0.803921568627451
food/bell pepper/n07720875_2238.jpg,food,bell pepper,0.870967741935484
food/bell pepper/n07720875_2394.jpg,food,bell pepper,0.847826086956522
food/bell pepper/n07720875_2664.jpg,food,bell pepper,0.932038834951456
food/bell pepper/n07720875_2930.jpg,food,bell pepper,0.787234042553192
food/bell pepper/n07720875_2949.jpg,food,bell pepper,0.806818181818182
food/bell pepper/n07720875_3102.jpg,food,bell pepper,0.740740740740741
food/bell pepper/n07720875_3162.jpg,food,bell pepper,0.869565217391304
food/bell pepper/n07720875_3180.jpg,food,bell pepper,0.862745098039216
food/bell pepper/n07720875_3204.jpg,food,bell pepper,0.803571428571429
food/bell pepper/n07720875_3234.jpg,food,bell pepper,0.916666666666667
food/bell pepper/n07720875_3236.jpg,food,bell pepper,0.849462365591398
food/bell pepper/n07720875_3313.jpg,food,bell pepper,0.814432989690722
food/bell pepper/n07720875_3425.jpg,food,bell pepper,0.810526315789474
food/bell pepper/n07720875_3464.jpg,food,bell pepper,0.893617021276596
food/bell pepper/n07720875_3556.jpg,food,bell pepper,0.885964912280702
food/bell pepper/n07720875_3592.jpg,food,bell pepper,0.773109243697479
food/bell pepper/n07720875_3911.jpg,food,bell pepper,0.81981981981982
food/bell pepper/n07720875_4129.jpg,food,bell pepper,0.747663551401869
food/bell pepper/n07720875_4162.jpg,food,bell pepper,0.921348314606742
food/bell pepper/n07720875_4206.jpg,food,bell pepper,0.876190476190476
food/bell pepper/n07720875_4744.jpg,food,bell pepper,0.84375
food/bell pepper/n07720875_4943.jpg,food,bell pepper,0.819047619047619
food/bell pepper/n07720875_5177.jpg,food,bell pepper,0.936363636363636
food/bell pepper/n07720875_5389.jpg,food,bell pepper,0.846153846153846
food/bell pepper/n07720875_5440.jpg,food,bell pepper,0.901960784313726
food/bell pepper/n07720875_5449.jpg,food,bell pepper,0.818181818181818
food/bell pepper/n07720875_5671.jpg,food,bell pepper,0.857142857142857
food/bell pepper/n07720875_5729.jpg,food,bell pepper,0.865979381443299
food/bell pepper/n07720875_5791.jpg,food,bell pepper,0.793814432989691
food/bell pepper/n07720875_6236.jpg,food,bell pepper,0.806451612903226
food/bell pepper/n07720875_7455.jpg,food,bell pepper,0.709677419354839
food/bell pepper/n07720875_7650.jpg,food,bell pepper,0.887931034482759
food/bell pepper/n07720875_7739.jpg,food,bell pepper,0.643478260869565
food/bell pepper/n07720875_8101.jpg,food,bell pepper,0.766666666666667
food/bell pepper/n07720875_8234.jpg,food,bell pepper,0.783505154639175
food/bell pepper/n07720875_8255.jpg,food,bell pepper,0.903508771929825
food/bell pepper/n07720875_8307.jpg,food,bell pepper,0.915094339622642
food/bell pepper/n07720875_8359.jpg,food,bell pepper,0.833333333333333
food/bell pepper/n07720875_8705.jpg,food,bell pepper,0.831460674157303
food/bell pepper/n07720875_8835.jpg,food,bell pepper,0.908045977011494
food/bell pepper/n07720875_9092.jpg,food,bell pepper,0.826086956521739
food/bell pepper/n07720875_9367.jpg,food,bell pepper,0.744897959183674
food/bell pepper/n07720875_9394.jpg,food,bell pepper,0.868686868686869
food/bell pepper/n07720875_993.jpg,food,bell pepper,0.703703703703704
food/bread/n07679356_23272.jpg,food,bread,0.79
food/bread/n07679356_23728.jpg,food,bread,0.83495145631068
food/bread/n07679356_23730.jpg,food,bread,0.928571428571429
food/bread/n07679356_23890.jpg,food,bread,0.91
food/bread/n07679356_23943.jpg,food,bread,0.791666666666667
food/bread/n07679356_23986.jpg,food,bread,0.72
food/bread/n07679356_23999.jpg,food,bread,0.788990825688073
food/bread/n07679356_24131.jpg,food,bread,0.87378640776699
food/bread/n07679356_24275.jpg,food,bread,0.760869565217391
food/bread/n07679356_24774.jpg,food,bread,0.806122448979592
food/bread/n07679356_26076.jpg,food,bread,0.769230769230769
food/bread/n07679356_26284.jpg,food,bread,0.827956989247312
food/bread/n07679356_26410.jpg,food,bread,0.75
food/bread/n07679356_26486.jpg,food,bread,0.813725490196078
food/bread/n07679356_26730.jpg,food,bread,0.892857142857143
food/bread/n07679356_26882.jpg,food,bread,0.909090909090909
food/bread/n07679356_27111.jpg,food,bread,0.803921568627451
food/bread/n07679356_27158.jpg,food,bread,0.808988764044944
food/bread/n07679356_28420.jpg,food,bread,0.881818181818182
food/bread/n07679356_28936.jpg,food,bread,0.607142857142857
food/bread/n07679356_29289.jpg,food,bread,0.769230769230769
food/bread/n07679356_29539.jpg,food,bread,0.768421052631579
food/bread/n07679356_29552.jpg,food,bread,0.846846846846847
food/bread/n07679356_29890.jpg,food,bread,0.896907216494845
food/bread/n07679356_30345.jpg,food,bread,0.845238095238095
food/bread/n07679356_30519.jpg,food,bread,0.842592592592593
food/bread/n07679356_30714.jpg,food,bread,0.935483870967742
food/bread/n07679356_31327.jpg,food,bread,0.895833333333333
food/bread/n07679356_31549.jpg,food,bread,0.866666666666667
food/bread/n07679356_31660.jpg,food,bread,0.861386138613861
food/bread/n07679356_31946.jpg,food,bread,0.817307692307692
food/bread/n07679356_31997.jpg,food,bread,0.857142857142857
food/bread/n07679356_38784.jpg,food,bread,0.863636363636364
food/bread/n07679356_46911.jpg,food,bread,0.902173913043478
food/bread/n07679356_55203.jpg,food,bread,0.821428571428571
food/bread/n07680932_10382.jpg,food,bread,0.775862068965517
food/bread/n07680932_1060.jpg,food,bread,0.829545454545455
food/bread/n07680932_11247.jpg,food,bread,0.890243902439024
food/bread/n07680932_1211.jpg,food,bread,0.894736842105263
food/bread/n07680932_14041.jpg,food,bread,0.891089108910891
food/bread/n07680932_14847.jpg,food,bread,0.720930232558139
food/bread/n07680932_16996.jpg,food,bread,0.827868852459016
food/bread/n07680932_18337.jpg,food,bread,0.909090909090909
food/bread/n07680932_19004.jpg,food,bread,0.66
food/bread/n07680932_20154.jpg,food,bread,0.83695652173913
food/bread/n07680932_21484.jpg,food,bread,0.907407407407407
food/bread/n07680932_2352.jpg,food,bread,0.752293577981651
food/bread/n07680932_24328.jpg,food,bread,0.811111111111111
food/bread/n07680932_26289.jpg,food,bread,0.929411764705882
food/bread/n07680932_26553.jpg,food,bread,0.83
food/bread/n07680932_2751.jpg,food,bread,0.779069767441861
food/bread/n07680932_27862.jpg,food,bread,0.920792079207921
food/bread/n07680932_27982.jpg,food,bread,0.822429906542056
food/bread/n07680932_28998.jpg,food,bread,0.829787234042553
food/bread/n07680932_29285.jpg,food,bread,0.768421052631579
food/bread/n07680932_3052.jpg,food,bread,0.904347826086957
food/bread/n07680932_30974.jpg,food,bread,0.824074074074074
food/bread/n07680932_32177.jpg,food,bread,0.804123711340206
food/bread/n07680932_32427.jpg,food,bread,0.77319587628866
food/bread/n07680932_32793.jpg,food,bread,0.817204301075269
food/bread/n07680932_33577.jpg,food,bread,0.680412371134021
food/bread/n07680932_3803.jpg,food,bread,0.9
food/bread/n07680932_39981.jpg,food,bread,0.802197802197802
food/bread/n07680932_42044.jpg,food,bread,0.867924528301887
food/bread/n07680932_43728.jpg,food,bread,0.857142857142857
food/bread/n07680932_48396.jpg,food,bread,0.830188679245283
food/bread/n07680932_48861.jpg,food,bread,0.822916666666667
food/bread/n07680932_48969.jpg,food,bread,0.847619047619048
food/bread/n07680932_5148.jpg,food,bread,0.855555555555556
food/bread/n07680932_5209.jpg,food,bread,0.75
food/bread/n07680932_55396.jpg,food,bread,0.863157894736842
food/bread/n07680932_5574.jpg,food,bread,0.824742268041237
food/bread/n07680932_5633.jpg,food,bread,0.879120879120879
food/bread/n07680932_56466.jpg,food,bread,0.89
food/bread/n07680932_57798.jpg,food,bread,0.855555555555556
food/bread/n07680932_6287.jpg,food,bread,0.83495145631068
food/bread/n07680932_65206.jpg,food,bread,0.862385321100917
food/bread/n07680932_68607.jpg,food,bread,0.829787234042553
food/bread/n07680932_7947.jpg,food,bread,0.778846153846154
food/bread/n07680932_803.jpg,food,bread,0.797872340425532
food/bread/n07680932_8144.jpg,food,bread,0.797979797979798
food/bread/n07680932_866.jpg,food,bread,0.819047619047619
food/bread/n07680932_9358.jpg,food,bread,0.903614457831325
food/bread/n07680932_9973.jpg,food,bread,0.6875
food/breakfast/000000076384.jpg,food,breakfast,0.637254901960784
food/breakfast/000000238881.jpg,food,breakfast,0.552941176470588
food/breakfast/000000491888.jpg,food,breakfast,0.423076923076923
food/breakfast/000000498583.jpg,food,breakfast,0.768421052631579
food/breakfast/n07574602_22465.jpg,food,breakfast,0.798245614035088
food/breakfast/n07574602_22582.jpg,food,breakfast,0.70873786407767
food/breakfast/n07574602_22734.jpg,food,breakfast,0.815217391304348
food/breakfast/n07574602_22776.jpg,food,breakfast,0.784090909090909
food/breakfast/n07574602_22829.jpg,food,breakfast,0.736842105263158
food/breakfast/n07574602_22837.jpg,food,breakfast,0.695652173913043
food/breakfast/n07574602_22882.jpg,food,breakfast,0.62962962962963
food/breakfast/n07574602_22940.jpg,food,breakfast,0.87962962962963
food/breakfast/n07574602_23014.jpg,food,breakfast,0.570093457943925
food/breakfast/n07574602_23198.jpg,food,breakfast,0.775510204081633
food/breakfast/n07574602_23518.jpg,food,breakfast,0.824175824175824
food/breakfast/n07574602_23818.jpg,food,breakfast,0.594059405940594
food/breakfast/n07574602_23918.jpg,food,breakfast,0.755102040816326
food/breakfast/n07574602_24053.jpg,food,breakfast,0.825242718446602
food/breakfast/n07574602_24289.jpg,food,breakfast,0.761904761904762
food/breakfast/n07574602_24364.jpg,food,breakfast,0.647058823529412
food/breakfast/n07574602_24451.jpg,food,breakfast,0.855769230769231
food/breakfast/n07574602_24483.jpg,food,breakfast,0.672413793103448
food/breakfast/n07574602_24537.jpg,food,breakfast,0.727272727272727
food/breakfast/n07574602_24543.jpg,food,breakfast,0.721649484536082
food/breakfast/n07574602_24636.jpg,food,breakfast,0.788461538461538
food/breakfast/n07574602_24646.jpg,food,breakfast,0.892857142857143
food/breakfast/n07574602_24859.jpg,food,breakfast,0.809090909090909
food/breakfast/n07574602_24875.jpg,food,breakfast,0.758928571428571
food/breakfast/n07574602_24937.jpg,food,breakfast,0.67741935483871
food/breakfast/n07574602_25107.jpg,food,breakfast,0.826086956521739
food/breakfast/n07574602_25208.jpg,food,breakfast,0.852173913043478
food/breakfast/n07574602_25237.jpg,food,breakfast,0.914893617021277
food/breakfast/n07574602_25330.jpg,food,breakfast,0.731958762886598
food/breakfast/n07574602_25400.jpg,food,breakfast,0.89010989010989
food/breakfast/n07574602_25417.jpg,food,breakfast,0.814432989690722
food/breakfast/n07574602_25450.jpg,food,breakfast,0.714285714285714
food/breakfast/n07574602_25517.jpg,food,breakfast,0.737373737373737
food/breakfast/n07574602_25609.jpg,food,breakfast,0.819277108433735
food/breakfast/n07574602_26210.jpg,food,breakfast,0.768421052631579
food/breakfast/n07574602_26295.jpg,food,breakfast,0.827586206896552
food/breakfast/n07574602_26378.jpg,food,breakfast,0.857142857142857
food/breakfast/n07574602_26402.jpg,food,breakfast,0.873417721518987
food/breakfast/n07574602_26505.jpg,food,breakfast,0.863247863247863
food/breakfast/n07574602_26535.jpg,food,breakfast,0.771929824561403
food/breakfast/n07574602_26538.jpg,food,breakfast,0.878504672897196
food/breakfast/n07574602_26579.jpg,food,breakfast,0.658536585365854
food/breakfast/n07574602_26595.jpg,food,breakfast,0.857142857142857
food/breakfast/n07574602_26659.jpg,food,breakfast,0.912087912087912
food/breakfast/n07574602_26811.jpg,food,breakfast,0.73
food/breakfast/n07574602_26819.jpg,food,breakfast,0.77319587628866
food/breakfast/n07574602_26851.jpg,food,breakfast,0.796116504854369
food/breakfast/n07574602_26891.jpg,food,breakfast,0.825242718446602
food/breakfast/n07574602_26959.jpg,food,breakfast,0.551724137931034
food/breakfast/n07574602_26972.jpg,food,breakfast,0.852631578947368
food/breakfast/n07574602_26982.jpg,food,breakfast,0.774193548387097
food/breakfast/n07574602_27043.jpg,food,breakfast,0.912280701754386
food/breakfast/n07574602_27054.jpg,food,breakfast,0.72972972972973
food/breakfast/n07574602_27068.jpg,food,breakfast,0.794392523364486
food/breakfast/n07574602_27079.jpg,food,breakfast,0.734177215189873
food/breakfast/n07574602_27102.jpg,food,breakfast,0.866071428571429
food/breakfast/n07574602_27151.jpg,food,breakfast,0.869565217391304
food/breakfast/n07574602_27219.jpg,food,breakfast,0.584269662921348
food/breakfast/n07574602_27252.jpg,food,breakfast,0.726415094339623
food/breakfast/n07574602_27286.jpg,food,breakfast,0.580645161290323
food/breakfast/n07574602_27308.jpg,food,breakfast,0.656862745098039
food/breakfast/n07574602_27391.jpg,food,breakfast,0.918367346938776
food/breakfast/n07574602_27438.jpg,food,breakfast,0.914285714285714
food/breakfast/n07574602_27481.jpg,food,breakfast,0.808695652173913
food/breakfast/n07574602_27493.jpg,food,breakfast,0.843137254901961
food/breakfast/n07574602_28533.jpg,food,breakfast,0.658536585365854
food/breakfast/n07574602_28789.jpg,food,breakfast,0.813084112149533
food/breakfast/n07574602_29393.jpg,food,breakfast,0.726495726495726
food/breakfast/n07574602_29681.jpg,food,breakfast,0.780487804878049
food/breakfast/n07574602_29739.jpg,food,breakfast,0.826086956521739
food/breakfast/n07574602_31019.jpg,food,breakfast,0.87
food/broccoli/000000002068.jpg,food,broccoli,0.827272727272727
food/broccoli/000000004256.jpg,food,broccoli,0.715789473684211
food/broccoli/000000004936.jpg,food,broccoli,0.656565656565657
food/broccoli/000000008789.jpg,food,broccoli,0.801724137931034
food/broccoli/000000010407.jpg,food,broccoli,0.862745098039216
food/broccoli/000000010900.jpg,food,broccoli,0.782608695652174
food/broccoli/000000012231.jpg,food,broccoli,0.83495145631068
food/broccoli/000000013428.jpg,food,broccoli,0.888888888888889
food/broccoli/000000016848.jpg,food,broccoli,0.810344827586207
food/broccoli/000000032893.jpg,food,broccoli,0.783505154639175
food/broccoli/000000048719.jpg,food,broccoli,0.819148936170213
food/broccoli/000000050910.jpg,food,broccoli,0.882978723404255
food/broccoli/000000051716.jpg,food,broccoli,0.700934579439252
food/broccoli/000000076138.jpg,food,broccoli,0.880434782608696
food/broccoli/000000081964.jpg,food,broccoli,0.734042553191489
food/broccoli/000000089320.jpg,food,broccoli,0.673684210526316
food/broccoli/000000118543.jpg,food,broccoli,0.918181818181818
food/broccoli/000000125617.jpg,food,broccoli,0.825242718446602
food/broccoli/000000132041.jpg,food,broccoli,0.906779661016949
food/broccoli/000000139075.jpg,food,broccoli,0.789473684210526
food/broccoli/000000142378.jpg,food,broccoli,0.817307692307692
food/broccoli/000000144847.jpg,food,broccoli,0.747663551401869
food/broccoli/000000155892.jpg,food,broccoli,0.786407766990291
food/broccoli/000000163559.jpg,food,broccoli,0.851851851851852
food/broccoli/000000167092.jpg,food,broccoli,0.694736842105263
food/broccoli/000000173882.jpg,food,broccoli,0.894736842105263
food/broccoli/000000197597.jpg,food,broccoli,0.561797752808989
food/broccoli/000000197689.jpg,food,broccoli,0.757894736842105
food/broccoli/000000203076.jpg,food,broccoli,0.769230769230769
food/broccoli/000000214030.jpg,food,broccoli,0.766355140186916
food/broccoli/000000215062.jpg,food,broccoli,0.787037037037037
food/broccoli/000000220889.jpg,food,broccoli,0.834862385321101
food/broccoli/000000234238.jpg,food,broccoli,0.722222222222222
food/broccoli/000000235575.jpg,food,broccoli,0.638095238095238
food/broccoli/000000242187.jpg,food,broccoli,0.8
food/broccoli/000000242368.jpg,food,broccoli,0.768518518518518
food/broccoli/000000249663.jpg,food,broccoli,0.711864406779661
food/broccoli/000000249969.jpg,food,broccoli,0.613636363636364
food/broccoli/000000251702.jpg,food,broccoli,0.767857142857143
food/broccoli/000000253863.jpg,food,broccoli,0.793103448275862
food/broccoli/000000257137.jpg,food,broccoli,0.833333333333333
food/broccoli/000000275175.jpg,food,broccoli,0.830357142857143
food/broccoli/000000275663.jpg,food,broccoli,0.777777777777778
food/broccoli/000000282328.jpg,food,broccoli,0.764705882352941
food/broccoli/000000282930.jpg,food,broccoli,0.728971962616822
food/broccoli/000000283638.jpg,food,broccoli,0.66
food/broccoli/000000293810.jpg,food,broccoli,0.732142857142857
food/broccoli/000000300264.jpg,food,broccoli,0.651376146788991
food/broccoli/000000305738.jpg,food,broccoli,0.714285714285714
food/broccoli/000000306902.jpg,food,broccoli,0.807692307692308
food/broccoli/000000309983.jpg,food,broccoli,0.791666666666667
food/broccoli/000000310061.jpg,food,broccoli,0.726315789473684
food/broccoli/000000327918.jpg,food,broccoli,0.754901960784314
food/broccoli/000000336174.jpg,food,broccoli,0.659090909090909
food/broccoli/000000352418.jpg,food,broccoli,0.694117647058824
food/broccoli/000000359592.jpg,food,broccoli,0.712962962962963
food/broccoli/000000364973.jpg,food,broccoli,0.868131868131868
food/broccoli/000000367007.jpg,food,broccoli,0.775510204081633
food/broccoli/000000370399.jpg,food,broccoli,0.594059405940594
food/broccoli/000000383695.jpg,food,broccoli,0.625
food/broccoli/000000387513.jpg,food,broccoli,0.741573033707865
food/broccoli/000000395337.jpg,food,broccoli,0.770833333333333
food/broccoli/000000402775.jpg,food,broccoli,0.868421052631579
food/broccoli/000000404361.jpg,food,broccoli,0.807692307692308
food/broccoli/000000421703.jpg,food,broccoli,0.835051546391753
food/broccoli/000000426428.jpg,food,broccoli,0.636363636363636
food/broccoli/000000434389.jpg,food,broccoli,0.762886597938144
food/broccoli/000000442508.jpg,food,broccoli,0.712765957446808
food/broccoli/000000456563.jpg,food,broccoli,0.701754385964912
food/broccoli/000000459310.jpg,food,broccoli,0.744186046511628
food/broccoli/000000479214.jpg,food,broccoli,0.795454545454545
food/broccoli/000000489218.jpg,food,broccoli,0.734042553191489
food/broccoli/000000491330.jpg,food,broccoli,0.742268041237113
food/broccoli/000000511036.jpg,food,broccoli,0.788235294117647
food/broccoli/000000526588.jpg,food,broccoli,0.773584905660377
food/broccoli/000000527365.jpg,food,broccoli,0.612612612612613
food/broccoli/000000530741.jpg,food,broccoli,0.681818181818182
food/broccoli/000000532638.jpg,food,broccoli,0.829545454545455
food/broccoli/000000538844.jpg,food,broccoli,0.844827586206897
food/broccoli/000000541450.jpg,food,broccoli,0.824074074074074
food/broccoli/000000541816.jpg,food,broccoli,0.76530612244898
food/broccoli/000000552503.jpg,food,broccoli,0.802197802197802
food/broccoli/000000555922.jpg,food,broccoli,0.75
food/broccoli/000000558809.jpg,food,broccoli,0.907407407407407
food/broccoli/000000559838.jpg,food,broccoli,0.819047619047619
food/broccoli/000000577948.jpg,food,broccoli,0.609756097560976
food/burrito/n07880968_1068.jpg,food,burrito,0.712765957446808
food/burrito/n07880968_108.jpg,food,burrito,0.770114942528736
food/burrito/n07880968_1135.jpg,food,burrito,0.776699029126214
food/burrito/n07880968_1207.jpg,food,burrito,0.682692307692308
food/burrito/n07880968_1519.jpg,food,burrito,0.826923076923077
food/burrito/n07880968_155.jpg,food,burrito,0.954022988505747
food/burrito/n07880968_1614.jpg,food,burrito,0.722772277227723
food/burrito/n07880968_177.jpg,food,burrito,0.878787878787879
food/burrito/n07880968_1873.jpg,food,burrito,0.721153846153846
food/burrito/n07880968_190.jpg,food,burrito,0.764705882352941
food/burrito/n07880968_1915.jpg,food,burrito,0.796116504854369
food/burrito/n07880968_2001.jpg,food,burrito,0.798165137614679
food/burrito/n07880968_2003.jpg,food,burrito,0.863636363636364
food/burrito/n07880968_2005.jpg,food,burrito,0.894117647058824
food/burrito/n07880968_2090.jpg,food,burrito,0.831460674157303
food/burrito/n07880968_2104.jpg,food,burrito,0.67
food/burrito/n07880968_2299.jpg,food,burrito,0.846846846846847
food/burrito/n07880968_2355.jpg,food,burrito,0.79
food/burrito/n07880968_2379.jpg,food,burrito,0.752941176470588
food/burrito/n07880968_241.jpg,food,burrito,0.792079207920792
food/burrito/n07880968_2771.jpg,food,burrito,0.887323943661972
food/burrito/n07880968_2787.jpg,food,burrito,0.698924731182796
food/burrito/n07880968_2835.jpg,food,burrito,0.821052631578947
food/burrito/n07880968_2876.jpg,food,burrito,0.777777777777778
food/burrito/n07880968_2905.jpg,food,burrito,0.844444444444444
food/burrito/n07880968_2921.jpg,food,burrito,0.808080808080808
food/burrito/n07880968_2967.jpg,food,burrito,0.673469387755102
food/burrito/n07880968_3005.jpg,food,burrito,0.656565656565657
food/burrito/n07880968_3091.jpg,food,burrito,0.786407766990291
food/burrito/n07880968_3235.jpg,food,burrito,0.892156862745098
food/burrito/n07880968_3281.jpg,food,burrito,0.657894736842105
food/burrito/n07880968_335.jpg,food,burrito,0.878787878787879
food/burrito/n07880968_3496.jpg,food,burrito,0.73394495412844
food/burrito/n07880968_3617.jpg,food,burrito,0.66
food/burrito/n07880968_3686.jpg,food,burrito,0.852631578947368
food/burrito/n07880968_3916.jpg,food,burrito,0.75
food/burrito/n07880968_403.jpg,food,burrito,0.732673267326733
food/burrito/n07880968_4256.jpg,food,burrito,0.910891089108911
food/burrito/n07880968_4275.jpg,food,burrito,0.737373737373737
food/burrito/n07880968_4309.jpg,food,burrito,0.795454545454545
food/burrito/n07880968_4332.jpg,food,burrito,0.88
food/burrito/n07880968_4363.jpg,food,burrito,0.740740740740741
food/burrito/n07880968_4442.jpg,food,burrito,0.771929824561403
food/burrito/n07880968_4566.jpg,food,burrito,0.807017543859649
food/burrito/n07880968_4577.jpg,food,burrito,0.739130434782609
food/burrito/n07880968_4603.jpg,food,burrito,0.723809523809524
food/burrito/n07880968_4615.jpg,food,burrito,0.670731707317073
food/burrito/n07880968_4626.jpg,food,burrito,0.810810810810811
food/burrito/n07880968_4731.jpg,food,burrito,0.755102040816326
food/burrito/n07880968_516.jpg,food,burrito,0.787878787878788
food/burrito/n07880968_5168.jpg,food,burrito,0.762886597938144
food/burrito/n07880968_5202.jpg,food,burrito,0.875
food/burrito/n07880968_5320.jpg,food,burrito,0.858695652173913
food/burrito/n07880968_5357.jpg,food,burrito,0.729166666666667
food/burrito/n07880968_5396.jpg,food,burrito,0.759493670886076
food/burrito/n07880968_5513.jpg,food,burrito,0.747474747474748
food/burrito/n07880968_553.jpg,food,burrito,0.825581395348837
food/burrito/n07880968_5547.jpg,food,burrito,0.794392523364486
food/burrito/n07880968_5554.jpg,food,burrito,0.705882352941177
food/burrito/n07880968_5785.jpg,food,burrito,0.845528455284553
food/burrito/n07880968_5835.jpg,food,burrito,0.827586206896552
food/burrito/n07880968_5851.jpg,food,burrito,0.827956989247312
food/burrito/n07880968_5936.jpg,food,burrito,0.835164835164835
food/burrito/n07880968_5952.jpg,food,burrito,0.887640449438202
food/burrito/n07880968_5955.jpg,food,burrito,0.83695652173913
food/burrito/n07880968_5959.jpg,food,burrito,0.857142857142857
food/burrito/n07880968_6021.jpg,food,burrito,0.796747967479675
food/burrito/n07880968_6026.jpg,food,burrito,0.917647058823529
food/burrito/n07880968_6047.jpg,food,burrito,0.837837837837838
food/burrito/n07880968_6178.jpg,food,burrito,0.881818181818182
food/burrito/n07880968_6256.jpg,food,burrito,0.617021276595745
food/burrito/n07880968_6269.jpg,food,burrito,0.662921348314607
food/burrito/n07880968_6446.jpg,food,burrito,0.875
food/burrito/n07880968_6571.jpg,food,burrito,0.714285714285714
food/burrito/n07880968_6786.jpg,food,burrito,0.766355140186916
food/burrito/n07880968_6843.jpg,food,burrito,0.770642201834862
food/burrito/n07880968_7029.jpg,food,burrito,0.847619047619048
food/burrito/n07880968_7279.jpg,food,burrito,0.71551724137931
food/burrito/n07880968_7455.jpg,food,burrito,0.879310344827586
food/burrito/n07880968_7480.jpg,food,burrito,0.80952380952381
food/burrito/n07880968_75.jpg,food,burrito,0.701149425287356
food/butternut squash/n07717556_1126.jpg,food,butternut squash,0.774193548387097
food/butternut squash/n07717556_1161.jpg,food,butternut squash,0.819148936170213
food/butternut squash/n07717556_1221.jpg,food,butternut squash,0.770114942528736
food/butternut squash/n07717556_129.jpg,food,butternut squash,0.93859649122807
food/butternut squash/n07717556_130.jpg,food,butternut squash,0.822429906542056
food/butternut squash/n07717556_1502.jpg,food,butternut squash,0.843137254901961
food/butternut squash/n07717556_156.jpg,food,butternut squash,0.857142857142857
food/butternut squash/n07717556_1608.jpg,food,butternut squash,0.777777777777778
food/butternut squash/n07717556_1645.jpg,food,butternut squash,0.775510204081633
food/butternut squash/n07717556_1745.jpg,food,butternut squash,0.78494623655914
food/butternut squash/n07717556_1761.jpg,food,butternut squash,0.877551020408163
food/butternut squash/n07717556_1787.jpg,food,butternut squash,0.778761061946903
food/butternut squash/n07717556_1818.jpg,food,butternut squash,0.82258064516129
food/butternut squash/n07717556_1822.jpg,food,butternut squash,0.814432989690722
food/butternut squash/n07717556_1981.jpg,food,butternut squash,0.787037037037037
food/butternut squash/n07717556_2038.jpg,food,butternut squash,0.802083333333333
food/butternut squash/n07717556_2401.jpg,food,butternut squash,0.803738317757009
food/butternut squash/n07717556_2408.jpg,food,butternut squash,0.811764705882353
food/butternut squash/n07717556_2584.jpg,food,butternut squash,0.881720430107527
food/butternut squash/n07717556_2632.jpg,food,butternut squash,0.942857142857143
food/butternut squash/n07717556_2721.jpg,food,butternut squash,0.866666666666667
food/butternut squash/n07717556_2777.jpg,food,butternut squash,0.908256880733945
food/butternut squash/n07717556_3057.jpg,food,butternut squash,0.92156862745098
food/butternut squash/n07717556_3102.jpg,food,butternut squash,0.76530612244898
food/butternut squash/n07717556_3128.jpg,food,butternut squash,0.885416666666667
food/butternut squash/n07717556_3231.jpg,food,butternut squash,0.835294117647059
food/butternut squash/n07717556_3374.jpg,food,butternut squash,0.8125
food/butternut squash/n07717556_3396.jpg,food,butternut squash,0.923076923076923
food/butternut squash/n07717556_3438.jpg,food,butternut squash,0.858695652173913
food/butternut squash/n07717556_3502.jpg,food,butternut squash,0.927083333333333
food/butternut squash/n07717556_3538.jpg,food,butternut squash,0.833333333333333
food/butternut squash/n07717556_361.jpg,food,butternut squash,0.883928571428571
food/butternut squash/n07717556_3650.jpg,food,butternut squash,0.848484848484849
food/butternut squash/n07717556_3656.jpg,food,butternut squash,0.725490196078431
food/butternut squash/n07717556_3902.jpg,food,butternut squash,0.8625
food/butternut squash/n07717556_3949.jpg,food,butternut squash,0.948453608247423
food/butternut squash/n07717556_4146.jpg,food,butternut squash,0.910891089108911
food/butternut squash/n07717556_4167.jpg,food,butternut squash,0.726027397260274
food/butternut squash/n07717556_4175.jpg,food,butternut squash,0.826530612244898
food/butternut squash/n07717556_4185.jpg,food,butternut squash,0.916666666666667
food/butternut squash/n07717556_4197.jpg,food,butternut squash,0.715909090909091
food/butternut squash/n07717556_4254.jpg,food,butternut squash,0.694736842105263
food/butternut squash/n07717556_427.jpg,food,butternut squash,0.892156862745098
food/butternut squash/n07717556_4272.jpg,food,butternut squash,0.868686868686869
food/butternut squash/n07717556_431.jpg,food,butternut squash,0.872340425531915
food/butternut squash/n07717556_4346.jpg,food,butternut squash,0.849056603773585
food/butternut squash/n07717556_442.jpg,food,butternut squash,0.795698924731183
food/butternut squash/n07717556_443.jpg,food,butternut squash,0.919191919191919
food/butternut squash/n07717556_4501.jpg,food,butternut squash,0.878504672897196
food/butternut squash/n07717556_4558.jpg,food,butternut squash,0.870967741935484
food/butternut squash/n07717556_4579.jpg,food,butternut squash,0.891304347826087
food/butternut squash/n07717556_4615.jpg,food,butternut squash,0.904761904761905
food/butternut squash/n07717556_4620.jpg,food,butternut squash,0.873417721518987
food/butternut squash/n07717556_4814.jpg,food,butternut squash,0.877551020408163
food/butternut squash/n07717556_4838.jpg,food,butternut squash,0.883720930232558
food/butternut squash/n07717556_4888.jpg,food,butternut squash,0.858823529411765
food/butternut squash/n07717556_5341.jpg,food,butternut squash,0.851063829787234
food/butternut squash/n07717556_5351.jpg,food,butternut squash,0.796116504854369
food/butternut squash/n07717556_5459.jpg,food,butternut squash,0.714285714285714
food/butternut squash/n07717556_5489.jpg,food,butternut squash,0.80952380952381
food/butternut squash/n07717556_5513.jpg,food,butternut squash,0.663716814159292
food/butternut squash/n07717556_5541.jpg,food,butternut squash,0.844660194174757
food/butternut squash/n07717556_5574.jpg,food,butternut squash,0.774509803921569
food/butternut squash/n07717556_5591.jpg,food,butternut squash,0.818965517241379
food/butternut squash/n07717556_5720.jpg,food,butternut squash,0.814432989690722
food/butternut squash/n07717556_5738.jpg,food,butternut squash,0.71304347826087
food/butternut squash/n07717556_580.jpg,food,butternut squash,0.804123711340206
food/butternut squash/n07717556_5805.jpg,food,butternut squash,0.822916666666667
food/butternut squash/n07717556_5832.jpg,food,butternut squash,0.814814814814815
food/butternut squash/n07717556_60.jpg,food,butternut squash,0.916666666666667
food/butternut squash/n07717556_6558.jpg,food,butternut squash,0.847826086956522
food/butternut squash/n07717556_6559.jpg,food,butternut squash,0.88
food/butternut squash/n07717556_6673.jpg,food,butternut squash,0.840909090909091
food/butternut squash/n07717556_692.jpg,food,butternut squash,0.826923076923077
food/butternut squash/n07717556_6983.jpg,food,butternut squash,0.86734693877551
food/butternut squash/n07717556_7064.jpg,food,butternut squash,0.821782178217822
food/butternut squash/n07717556_7101.jpg,food,butternut squash,0.77319587628866
food/butternut squash/n07717556_7129.jpg,food,butternut squash,0.830769230769231
food/butternut squash/n07717556_744.jpg,food,butternut squash,0.882978723404255
food/butternut squash/n07717556_757.jpg,food,butternut squash,0.817204301075269
food/butternut squash/n07717556_762.jpg,food,butternut squash,0.754716981132076
food/butternut squash/n07717556_81.jpg,food,butternut squash,0.826923076923077
food/butternut squash/n07717556_834.jpg,food,butternut squash,0.880434782608696
food/butternut squash/n07717556_886.jpg,food,butternut squash,0.858585858585859
food/butternut squash/n07717556_898.jpg,food,butternut squash,0.869047619047619
food/butternut squash/n07717556_941.jpg,food,butternut squash,0.912087912087912
food/butternut squash/n07717556_957.jpg,food,butternut squash,0.79646017699115
food/cake/000000001522.jpg,food,cake,0.8125
food/cake/000000031812.jpg,food,cake,0.885416666666667
food/cake/000000036544.jpg,food,cake,0.922077922077922
food/cake/000000038701.jpg,food,cake,0.963414634146341
food/cake/000000039516.jpg,food,cake,0.806451612903226
food/cake/000000045558.jpg,food,cake,0.847826086956522
food/cake/000000054082.jpg,food,cake,0.735294117647059
food/cake/000000077467.jpg,food,cake,0.797752808988764
food/cake/000000079423.jpg,food,cake,0.846846846846847
food/cake/000000121677.jpg,food,cake,0.722772277227723
food/cake/000000125755.jpg,food,cake,0.788461538461538
food/cake/000000125979.jpg,food,cake,0.752475247524752
food/cake/000000129843.jpg,food,cake,0.857142857142857
food/cake/000000132161.jpg,food,cake,0.895833333333333
food/cake/000000134238.jpg,food,cake,0.863157894736842
food/cake/000000147762.jpg,food,cake,0.727272727272727
food/cake/000000169660.jpg,food,cake,0.880434782608696
food/cake/000000178022.jpg,food,cake,0.794117647058823
food/cake/000000199131.jpg,food,cake,0.813953488372093
food/cake/000000208825.jpg,food,cake,0.774193548387097
food/cake/000000216726.jpg,food,cake,0.857142857142857
food/cake/000000225360.jpg,food,cake,0.876404494382023
food/cake/000000235652.jpg,food,cake,0.852941176470588
food/cake/000000244635.jpg,food,cake,0.731481481481482
food/cake/000000271214.jpg,food,cake,0.80672268907563
food/cake/000000273658.jpg,food,cake,0.857142857142857
food/cake/000000277375.jpg,food,cake,0.882978723404255
food/cake/000000306047.jpg,food,cake,0.943820224719101
food/cake/000000310749.jpg,food,cake,0.836538461538462
food/cake/000000318044.jpg,food,cake,0.838709677419355
food/cake/000000321173.jpg,food,cake,0.786407766990291
food/cake/000000324616.jpg,food,cake,0.839622641509434
food/cake/000000340642.jpg,food,cake,0.783505154639175
food/cake/000000362824.jpg,food,cake,0.777777777777778
food/cake/000000385931.jpg,food,cake,0.934579439252336
food/cake/000000389608.jpg,food,cake,0.705263157894737
food/cake/000000390463.jpg,food,cake,0.91304347826087
food/cake/000000390954.jpg,food,cake,0.901960784313726
food/cake/000000390991.jpg,food,cake,0.793388429752066
food/cake/000000399382.jpg,food,cake,0.848214285714286
food/cake/000000418611.jpg,food,cake,0.839622641509434
food/cake/000000424572.jpg,food,cake,0.782178217821782
food/cake/000000441182.jpg,food,cake,0.814814814814815
food/cake/000000471842.jpg,food,cake,0.89
food/cake/000000487289.jpg,food,cake,0.83495145631068
food/cake/000000511343.jpg,food,cake,0.882978723404255
food/cake/000000525443.jpg,food,cake,0.871287128712871
food/cake/000000535369.jpg,food,cake,0.84375
food/cake/000000564951.jpg,food,cake,0.881818181818182
food/cake/n07594066_11707.jpg,food,cake,0.768518518518518
food/cake/n07594066_15.jpg,food,cake,0.903846153846154
food/cake/n07594066_2393.jpg,food,cake,0.731958762886598
food/cake/n07594066_2861.jpg,food,cake,0.860215053763441
food/cake/n07594066_3110.jpg,food,cake,0.959183673469388
food/cake/n07594066_4094.jpg,food,cake,0.89622641509434
food/cake/n07594066_4626.jpg,food,cake,0.682926829268293
food/cake/n07594066_4726.jpg,food,cake,0.861702127659574
food/cake/n07594066_9762.jpg,food,cake,0.783018867924528
food/cake/n07594066_9764.jpg,food,cake,0.883720930232558
food/cake/n07801508_10895.jpg,food,cake,0.80188679245283
food/cake/n07801508_11409.jpg,food,cake,0.808080808080808
food/cake/n07801508_12087.jpg,food,cake,0.947916666666667
food/cake/n07801508_12118.jpg,food,cake,0.8125
food/cake/n07801508_12576.jpg,food,cake,0.86734693877551
food/cake/n07801508_12917.jpg,food,cake,0.851063829787234
food/cake/n07801508_13723.jpg,food,cake,0.878260869565217
food/cake/n07801508_15309.jpg,food,cake,0.771428571428571
food/cake/n07801508_15792.jpg,food,cake,0.576086956521739
food/cake/n07801508_1708.jpg,food,cake,0.870967741935484
food/cake/n07801508_1807.jpg,food,cake,0.681159420289855
food/cake/n07801508_1874.jpg,food,cake,0.735632183908046
food/cake/n07801508_2105.jpg,food,cake,0.784090909090909
food/cake/n07801508_3335.jpg,food,cake,0.905660377358491
food/cake/n07801508_371.jpg,food,cake,0.82
food/cake/n07801508_4116.jpg,food,cake,0.744186046511628
food/cake/n07801508_4232.jpg,food,cake,0.811320754716981
food/cake/n07801508_4242.jpg,food,cake,0.833333333333333
food/cake/n07801508_4379.jpg,food,cake,0.78
food/cake/n07801508_6862.jpg,food,cake,0.831683168316832
food/cake/n07801508_7358.jpg,food,cake,0.821052631578947
food/cake/n07801508_7575.jpg,food,cake,0.853658536585366
food/cake/n07801508_7989.jpg,food,cake,0.872549019607843
food/cake/n07801508_8696.jpg,food,cake,0.892857142857143
food/cake/n07801508_890.jpg,food,cake,0.806451612903226
food/cake/n07801508_897.jpg,food,cake,0.936842105263158
food/cake/n07801508_9312.jpg,food,cake,0.844444444444444
food/cake/n07801508_9626.jpg,food,cake,0.847457627118644
food/champagne/n07893642_10890.jpg,food,champagne,0.772277227722772
food/champagne/n07893642_11246.jpg,food,champagne,0.908163265306122
food/champagne/n07893642_1155.jpg,food,champagne,0.884615384615385
food/champagne/n07893642_11849.jpg,food,champagne,0.806122448979592
food/champagne/n07893642_12150.jpg,food,champagne,0.776595744680851
food/champagne/n07893642_12155.jpg,food,champagne,0.696078431372549
food/champagne/n07893642_15353.jpg,food,champagne,0.865979381443299
food/champagne/n07893642_15617.jpg,food,champagne,0.833333333333333
food/champagne/n07893642_16335.jpg,food,champagne,0.893617021276596
food/champagne/n07893642_16592.jpg,food,champagne,0.756756756756757
food/champagne/n07893642_16798.jpg,food,champagne,0.853932584269663
food/champagne/n07893642_16937.jpg,food,champagne,0.855555555555556
food/champagne/n07893642_17899.jpg,food,champagne,0.839622641509434
food/champagne/n07893642_17982.jpg,food,champagne,0.913461538461538
food/champagne/n07893642_18209.jpg,food,champagne,0.802083333333333
food/champagne/n07893642_18392.jpg,food,champagne,0.768518518518518
food/champagne/n07893642_21663.jpg,food,champagne,0.875
food/champagne/n07893642_22875.jpg,food,champagne,0.925
food/champagne/n07893642_22957.jpg,food,champagne,0.8125
food/champagne/n07893642_24480.jpg,food,champagne,0.771929824561403
food/champagne/n07893642_24926.jpg,food,champagne,0.894736842105263
food/champagne/n07893642_25055.jpg,food,champagne,0.77319587628866
food/champagne/n07893642_25256.jpg,food,champagne,0.797752808988764
food/champagne/n07893642_25414.jpg,food,champagne,0.860869565217391
food/champagne/n07893642_25693.jpg,food,champagne,0.851063829787234
food/champagne/n07893642_26236.jpg,food,champagne,0.764705882352941
food/champagne/n07893642_27263.jpg,food,champagne,0.82
food/champagne/n07893642_27662.jpg,food,champagne,0.675675675675676
food/champagne/n07893642_27690.jpg,food,champagne,0.8
food/champagne/n07893642_27773.jpg,food,champagne,0.831683168316832
food/champagne/n07893642_28192.jpg,food,champagne,0.815217391304348
food/champagne/n07893642_28634.jpg,food,champagne,0.91588785046729
food/champagne/n07893642_28638.jpg,food,champagne,0.841584158415842
food/champagne/n07893642_32906.jpg,food,champagne,0.792079207920792
food/champagne/n07893642_3353.jpg,food,champagne,0.807228915662651
food/champagne/n07893642_3609.jpg,food,champagne,0.81
food/champagne/n07893642_3799.jpg,food,champagne,0.708333333333333
food/champagne/n07893642_5591.jpg,food,champagne,0.771739130434783
food/champagne/n07893642_6278.jpg,food,champagne,0.77319587628866
food/champagne/n07893642_7275.jpg,food,champagne,0.797101449275362
food/champagne/n07893642_7459.jpg,food,champagne,0.875
food/champagne/n07893642_8452.jpg,food,champagne,0.833333333333333
food/champagne/n07893642_8763.jpg,food,champagne,0.818181818181818
food/cheese/n07850329_10070.jpg,food,cheese,0.8
food/cheese/n07850329_10790.jpg,food,cheese,0.831578947368421
food/cheese/n07850329_13013.jpg,food,cheese,0.948453608247423
food/cheese/n07850329_13492.jpg,food,cheese,0.844660194174757
food/cheese/n07850329_14077.jpg,food,cheese,0.893203883495146
food/cheese/n07850329_16941.jpg,food,cheese,0.87
food/cheese/n07850329_17467.jpg,food,cheese,0.862745098039216
food/cheese/n07850329_18623.jpg,food,cheese,0.932203389830508
food/cheese/n07850329_18900.jpg,food,cheese,0.85
food/cheese/n07850329_19678.jpg,food,cheese,0.643410852713178
food/cheese/n07850329_20654.jpg,food,cheese,0.851063829787234
food/cheese/n07850329_21202.jpg,food,cheese,0.925925925925926
food/cheese/n07850329_21273.jpg,food,cheese,0.915966386554622
food/cheese/n07850329_21483.jpg,food,cheese,0.828571428571429
food/cheese/n07850329_21744.jpg,food,cheese,0.851485148514851
food/cheese/n07850329_21747.jpg,food,cheese,0.810810810810811
food/cheese/n07850329_22018.jpg,food,cheese,0.885416666666667
food/cheese/n07850329_22044.jpg,food,cheese,0.84070796460177
food/cheese/n07850329_22149.jpg,food,cheese,0.830357142857143
food/cheese/n07850329_22394.jpg,food,cheese,0.878787878787879
food/cheese/n07850329_22578.jpg,food,cheese,0.892156862745098
food/cheese/n07850329_22927.jpg,food,cheese,0.865384615384615
food/cheese/n07850329_24.jpg,food,cheese,0.851063829787234
food/cheese/n07850329_2424.jpg,food,cheese,0.893617021276596
food/cheese/n07850329_28366.jpg,food,cheese,0.89247311827957
food/cheese/n07850329_2840.jpg,food,cheese,0.815789473684211
food/cheese/n07850329_28834.jpg,food,cheese,0.923809523809524
food/cheese/n07850329_29719.jpg,food,cheese,0.9
food/cheese/n07850329_30046.jpg,food,cheese,0.910891089108911
food/cheese/n07850329_30850.jpg,food,cheese,0.857142857142857
food/cheese/n07850329_32381.jpg,food,cheese,0.903846153846154
food/cheese/n07850329_33683.jpg,food,cheese,0.836363636363636
food/cheese/n07850329_5631.jpg,food,cheese,0.838095238095238
food/cheese/n07850329_5861.jpg,food,cheese,0.93
food/cheese/n07850329_8115.jpg,food,cheese,0.626262626262626
food/cheese/n07850329_9140.jpg,food,cheese,0.711111111111111
food/cheese/n07850329_9212.jpg,food,cheese,0.847058823529412
food/cheese/n07850329_9287.jpg,food,cheese,0.725274725274725
food/cheese/n07850329_9941.jpg,food,cheese,0.930693069306931
food/cocktail/n07911677_10420.jpg,food,cocktail,0.669724770642202
food/cocktail/n07911677_1166.jpg,food,cocktail,0.782051282051282
food/cocktail/n07911677_12001.jpg,food,cocktail,0.801801801801802
food/cocktail/n07911677_1207.jpg,food,cocktail,0.819047619047619
food/cocktail/n07911677_12613.jpg,food,cocktail,0.733333333333333
food/cocktail/n07911677_13003.jpg,food,cocktail,0.794392523364486
food/cocktail/n07911677_1312.jpg,food,cocktail,0.848484848484849
food/cocktail/n07911677_1327.jpg,food,cocktail,0.755102040816326
food/cocktail/n07911677_1332.jpg,food,cocktail,0.831775700934579
food/cocktail/n07911677_135.jpg,food,cocktail,0.899082568807339
food/cocktail/n07911677_1377.jpg,food,cocktail,0.810526315789474
food/cocktail/n07911677_1384.jpg,food,cocktail,0.838383838383838
food/cocktail/n07911677_14638.jpg,food,cocktail,0.849056603773585
food/cocktail/n07911677_15320.jpg,food,cocktail,0.824074074074074
food/cocktail/n07911677_1541.jpg,food,cocktail,0.73
food/cocktail/n07911677_1788.jpg,food,cocktail,0.852631578947368
food/cocktail/n07911677_18968.jpg,food,cocktail,0.883720930232558
food/cocktail/n07911677_193.jpg,food,cocktail,0.736363636363636
food/cocktail/n07911677_1988.jpg,food,cocktail,0.855670103092783
food/cocktail/n07911677_1996.jpg,food,cocktail,0.80952380952381
food/cocktail/n07911677_20226.jpg,food,cocktail,0.886792452830189
food/cocktail/n07911677_2270.jpg,food,cocktail,0.813186813186813
food/cocktail/n07911677_232.jpg,food,cocktail,0.83
food/cocktail/n07911677_2324.jpg,food,cocktail,0.776785714285714
food/cocktail/n07911677_2833.jpg,food,cocktail,0.816326530612245
food/cocktail/n07911677_2899.jpg,food,cocktail,0.804123711340206
food/cocktail/n07911677_291.jpg,food,cocktail,0.804123711340206
food/cocktail/n07911677_339.jpg,food,cocktail,0.842105263157895
food/cocktail/n07911677_340.jpg,food,cocktail,0.75609756097561
food/cocktail/n07911677_3501.jpg,food,cocktail,0.822033898305085
food/cocktail/n07911677_352.jpg,food,cocktail,0.828947368421053
food/cocktail/n07911677_3536.jpg,food,cocktail,0.935483870967742
food/cocktail/n07911677_3628.jpg,food,cocktail,0.845360824742268
food/cocktail/n07911677_374.jpg,food,cocktail,0.855555555555556
food/cocktail/n07911677_3769.jpg,food,cocktail,0.84070796460177
food/cocktail/n07911677_3818.jpg,food,cocktail,0.807339449541284
food/cocktail/n07911677_3876.jpg,food,cocktail,0.731481481481482
food/cocktail/n07911677_4002.jpg,food,cocktail,0.900990099009901
food/cocktail/n07911677_4325.jpg,food,cocktail,0.772277227722772
food/cocktail/n07911677_4338.jpg,food,cocktail,0.785714285714286
food/cocktail/n07911677_440.jpg,food,cocktail,0.697674418604651
food/cocktail/n07911677_4422.jpg,food,cocktail,0.861386138613861
food/cocktail/n07911677_4761.jpg,food,cocktail,0.763440860215054
food/cocktail/n07911677_4769.jpg,food,cocktail,0.855670103092783
food/cocktail/n07911677_4843.jpg,food,cocktail,0.75
food/cocktail/n07911677_512.jpg,food,cocktail,0.86
food/cocktail/n07911677_539.jpg,food,cocktail,0.887755102040816
food/cocktail/n07911677_5425.jpg,food,cocktail,0.726315789473684
food/cocktail/n07911677_5488.jpg,food,cocktail,0.808080808080808
food/cocktail/n07911677_556.jpg,food,cocktail,0.807692307692308
food/cocktail/n07911677_565.jpg,food,cocktail,0.75
food/cocktail/n07911677_573.jpg,food,cocktail,0.865168539325843
food/cocktail/n07911677_6036.jpg,food,cocktail,0.742574257425743
food/cocktail/n07911677_641.jpg,food,cocktail,0.888888888888889
food/cocktail/n07911677_655.jpg,food,cocktail,0.839622641509434
food/cocktail/n07911677_667.jpg,food,cocktail,0.80952380952381
food/cocktail/n07911677_683.jpg,food,cocktail,0.728155339805825
food/cocktail/n07911677_742.jpg,food,cocktail,0.684210526315789
food/cocktail/n07911677_7695.jpg,food,cocktail,0.798076923076923
food/cocktail/n07911677_771.jpg,food,cocktail,0.906542056074766
food/cocktail/n07911677_777.jpg,food,cocktail,0.815217391304348
food/cocktail/n07911677_782.jpg,food,cocktail,0.82
food/cocktail/n07911677_964.jpg,food,cocktail,0.913461538461538
food/cocktail/n07911677_977.jpg,food,cocktail,0.725490196078431
food/coffee/n07929519_31135.jpg,food,coffee,0.850467289719626
food/coffee/n07929519_31174.jpg,food,coffee,0.77319587628866
food/coffee/n07929519_31336.jpg,food,coffee,0.881818181818182
food/coffee/n07929519_31339.jpg,food,coffee,0.711111111111111
food/coffee/n07929519_31431.jpg,food,coffee,0.77319587628866
food/coffee/n07929519_31462.jpg,food,coffee,0.876404494382023
food/coffee/n07929519_31477.jpg,food,coffee,0.88
food/coffee/n07929519_31504.jpg,food,coffee,0.791666666666667
food/coffee/n07929519_31690.jpg,food,coffee,0.839622641509434
food/coffee/n07929519_31724.jpg,food,coffee,0.836538461538462
food/coffee/n07929519_31858.jpg,food,coffee,0.870967741935484
food/coffee/n07929519_32188.jpg,food,coffee,0.673684210526316
food/coffee/n07929519_32403.jpg,food,coffee,0.834862385321101
food/coffee/n07929519_32411.jpg,food,coffee,0.885714285714286
food/coffee/n07929519_32468.jpg,food,coffee,0.659090909090909
food/coffee/n07929519_32498.jpg,food,coffee,0.747126436781609
food/coffee/n07929519_32511.jpg,food,coffee,0.719512195121951
food/coffee/n07929519_32758.jpg,food,coffee,0.884955752212389
food/coffee/n07929519_32767.jpg,food,coffee,0.754901960784314
food/coffee/n07929519_33050.jpg,food,coffee,0.962264150943396
food/coffee/n07929519_33136.jpg,food,coffee,0.663265306122449
food/coffee/n07929519_33208.jpg,food,coffee,0.728155339805825
food/coffee/n07929519_33253.jpg,food,coffee,0.816326530612245
food/coffee/n07929519_33340.jpg,food,coffee,0.890909090909091
food/coffee/n07929519_33562.jpg,food,coffee,0.7
food/coffee/n07929519_33773.jpg,food,coffee,0.89010989010989
food/coffee/n07929519_33781.jpg,food,coffee,0.850467289719626
food/coffee/n07929519_33842.jpg,food,coffee,0.846153846153846
food/coffee/n07929519_33855.jpg,food,coffee,0.871287128712871
food/coffee/n07929519_33894.jpg,food,coffee,0.902654867256637
food/coffee/n07929519_33953.jpg,food,coffee,0.752212389380531
food/coffee/n07929519_34091.jpg,food,coffee,0.882978723404255
food/coffee/n07929519_34165.jpg,food,coffee,0.792079207920792
food/coffee/n07929519_34214.jpg,food,coffee,0.798076923076923
food/coffee/n07929519_34264.jpg,food,coffee,0.898148148148148
food/coffee/n07929519_34325.jpg,food,coffee,0.905405405405405
food/coffee/n07929519_34352.jpg,food,coffee,0.847826086956522
food/coffee/n07929519_34383.jpg,food,coffee,0.793814432989691
food/coffee/n07929519_34515.jpg,food,coffee,0.858695652173913
food/coffee/n07929519_34585.jpg,food,coffee,0.840909090909091
food/coffee/n07929519_34679.jpg,food,coffee,0.764150943396226
food/coffee/n07929519_34761.jpg,food,coffee,0.795918367346939
food/coffee/n07929519_34765.jpg,food,coffee,0.848484848484849
food/coffee/n07929519_34792.jpg,food,coffee,0.879120879120879
food/coffee/n07929519_34846.jpg,food,coffee,0.833333333333333
food/coffee/n07929519_35111.jpg,food,coffee,0.872727272727273
food/coffee/n07929519_35218.jpg,food,coffee,0.747747747747748
food/coffee/n07929519_35662.jpg,food,coffee,0.67
food/coffee/n07929519_35665.jpg,food,coffee,0.797619047619048
food/coffee/n07929519_35912.jpg,food,coffee,0.78125
food/coffee/n07929519_36240.jpg,food,coffee,0.8125
food/coffee/n07929519_36740.jpg,food,coffee,0.886792452830189
food/coffee/n07929519_36895.jpg,food,coffee,0.75
food/coffee/n07929519_38128.jpg,food,coffee,0.853932584269663
food/coffee/n07929519_38689.jpg,food,coffee,0.797619047619048
food/coffee/n07929519_38696.jpg,food,coffee,0.785714285714286
food/coffee/n07929519_38859.jpg,food,coffee,0.779220779220779
food/coffee/n07929519_38881.jpg,food,coffee,0.780952380952381
food/coffee/n07929519_38887.jpg,food,coffee,0.885057471264368
food/coffee/n07929519_38930.jpg,food,coffee,0.807017543859649
food/coffee/n07929519_39003.jpg,food,coffee,0.836734693877551
food/donut/000000000438.jpg,food,donut,0.917525773195876
food/donut/000000039726.jpg,food,donut,0.872340425531915
food/donut/000000096046.jpg,food,donut,0.818181818181818
food/donut/000000097778.jpg,food,donut,0.662921348314607
food/donut/000000099997.jpg,food,donut,0.827160493827161
food/donut/000000136929.jpg,food,donut,0.87719298245614
food/donut/000000145935.jpg,food,donut,0.823529411764706
food/donut/000000146601.jpg,food,donut,0.912621359223301
food/donut/000000166124.jpg,food,donut,0.920454545454545
food/donut/000000166766.jpg,food,donut,0.908333333333333
food/donut/000000168741.jpg,food,donut,0.761363636363636
food/donut/000000173150.jpg,food,donut,0.93
food/donut/000000177148.jpg,food,donut,0.897959183673469
food/donut/000000177355.jpg,food,donut,0.880434782608696
food/donut/000000184470.jpg,food,donut,0.927083333333333
food/donut/000000192457.jpg,food,donut,0.851063829787234
food/donut/000000224306.jpg,food,donut,0.919191919191919
food/donut/000000228133.jpg,food,donut,0.887640449438202
food/donut/000000230091.jpg,food,donut,0.914285714285714
food/donut/000000244846.jpg,food,donut,0.950980392156863
food/donut/000000245540.jpg,food,donut,0.833333333333333
food/donut/000000259150.jpg,food,donut,0.878787878787879
food/donut/000000263699.jpg,food,donut,0.886792452830189
food/donut/000000294264.jpg,food,donut,0.943181818181818
food/donut/000000332724.jpg,food,donut,0.975
food/donut/000000341209.jpg,food,donut,0.923913043478261
food/donut/000000343201.jpg,food,donut,0.873873873873874
food/donut/000000343254.jpg,food,donut,0.747572815533981
food/donut/000000364364.jpg,food,donut,0.826666666666667
food/donut/000000367571.jpg,food,donut,0.857142857142857
food/donut/000000375205.jpg,food,donut,0.830357142857143
food/donut/000000394550.jpg,food,donut,0.834862385321101
food/donut/000000399516.jpg,food,donut,0.839506172839506
food/donut/000000399981.jpg,food,donut,0.84
food/donut/000000402658.jpg,food,donut,0.727272727272727
food/donut/000000411182.jpg,food,donut,0.837837837837838
food/donut/000000439537.jpg,food,donut,0.845528455284553
food/donut/000000443093.jpg,food,donut,0.865853658536585
food/donut/000000445557.jpg,food,donut,0.88135593220339
food/donut/000000446303.jpg,food,donut,0.758241758241758
food/donut/000000450856.jpg,food,donut,0.896907216494845
food/donut/000000458388.jpg,food,donut,0.905660377358491
food/donut/000000463970.jpg,food,donut,0.761363636363636
food/donut/000000497484.jpg,food,donut,0.89
food/donut/000000498649.jpg,food,donut,0.849462365591398
food/donut/000000503227.jpg,food,donut,0.869565217391304
food/donut/000000515355.jpg,food,donut,0.85
food/donut/000000533750.jpg,food,donut,0.865384615384615
food/donut/000000549117.jpg,food,donut,0.857142857142857
food/donut/000000554340.jpg,food,donut,0.837209302325581
food/donut/000000557137.jpg,food,donut,0.865168539325843
food/donut/000000566432.jpg,food,donut,0.82
food/donut/000000567982.jpg,food,donut,0.82
food/donut/000000571990.jpg,food,donut,0.863157894736842
food/gravy/n07838073_10358.jpg,food,gravy,0.552631578947368
food/gravy/n07838073_10386.jpg,food,gravy,0.567307692307692
food/gravy/n07838073_10391.jpg,food,gravy,0.869158878504673
food/gravy/n07838073_10593.jpg,food,gravy,0.724137931034483
food/gravy/n07838073_10733.jpg,food,gravy,0.70873786407767
food/gravy/n07838073_10775.jpg,food,gravy,0.776595744680851
food/gravy/n07838073_10846.jpg,food,gravy,0.688888888888889
food/gravy/n07838073_11107.jpg,food,gravy,0.504950495049505
food/gravy/n07838073_11152.jpg,food,gravy,0.662790697674419
food/gravy/n07838073_11273.jpg,food,gravy,0.808080808080808
food/gravy/n07838073_11347.jpg,food,gravy,0.610526315789474
food/gravy/n07838073_11360.jpg,food,gravy,0.69
food/gravy/n07838073_11455.jpg,food,gravy,0.795918367346939
food/gravy/n07838073_11563.jpg,food,gravy,0.714285714285714
food/gravy/n07838073_11807.jpg,food,gravy,0.769230769230769
food/gravy/n07838073_12046.jpg,food,gravy,0.861386138613861
food/gravy/n07838073_12426.jpg,food,gravy,0.752577319587629
food/gravy/n07838073_12587.jpg,food,gravy,0.823529411764706
food/gravy/n07838073_13124.jpg,food,gravy,0.881720430107527
food/gravy/n07838073_13455.jpg,food,gravy,0.720930232558139
food/gravy/n07838073_13511.jpg,food,gravy,0.787878787878788
food/gravy/n07838073_13543.jpg,food,gravy,0.869565217391304
food/gravy/n07838073_14012.jpg,food,gravy,0.785714285714286
food/gravy/n07838073_14364.jpg,food,gravy,0.822429906542056
food/gravy/n07838073_14985.jpg,food,gravy,0.759259259259259
food/gravy/n07838073_15091.jpg,food,gravy,0.897959183673469
food/gravy/n07838073_15093.jpg,food,gravy,0.716814159292035
food/gravy/n07838073_15366.jpg,food,gravy,0.824074074074074
food/gravy/n07838073_15408.jpg,food,gravy,0.869565217391304
food/gravy/n07838073_15549.jpg,food,gravy,0.478632478632479
food/gravy/n07838073_15555.jpg,food,gravy,0.644230769230769
food/gravy/n07838073_15649.jpg,food,gravy,0.808988764044944
food/gravy/n07838073_16035.jpg,food,gravy,0.776595744680851
food/gravy/n07838073_16757.jpg,food,gravy,0.894117647058824
food/gravy/n07838073_17336.jpg,food,gravy,0.752577319587629
food/gravy/n07838073_18102.jpg,food,gravy,0.818181818181818
food/gravy/n07838073_18115.jpg,food,gravy,0.721739130434783
food/gravy/n07838073_19022.jpg,food,gravy,0.653846153846154
food/gravy/n07838073_19128.jpg,food,gravy,0.865979381443299
food/gravy/n07838073_19280.jpg,food,gravy,0.839285714285714
food/gravy/n07838073_20268.jpg,food,gravy,0.73109243697479
food/gravy/n07838073_20318.jpg,food,gravy,0.807017543859649
food/gravy/n07838073_20510.jpg,food,gravy,0.709677419354839
food/gravy/n07838073_20575.jpg,food,gravy,0.778947368421053
food/gravy/n07838073_21589.jpg,food,gravy,0.765217391304348
food/gravy/n07838073_21591.jpg,food,gravy,0.784313725490196
food/gravy/n07838073_21675.jpg,food,gravy,0.796610169491525
food/gravy/n07838073_21902.jpg,food,gravy,0.769230769230769
food/gravy/n07838073_22187.jpg,food,gravy,0.778947368421053
food/gravy/n07838073_22476.jpg,food,gravy,0.710526315789474
food/gravy/n07838073_22701.jpg,food,gravy,0.806451612903226
food/gravy/n07838073_5365.jpg,food,gravy,0.862745098039216
food/gravy/n07838073_5867.jpg,food,gravy,0.768421052631579
food/gravy/n07838073_5903.jpg,food,gravy,0.644859813084112
food/gravy/n07838073_5938.jpg,food,gravy,0.705882352941177
food/gravy/n07838073_6036.jpg,food,gravy,0.754237288135593
food/gravy/n07838073_6708.jpg,food,gravy,0.736263736263736
food/gravy/n07838073_6853.jpg,food,gravy,0.628571428571429
food/gravy/n07838073_6880.jpg,food,gravy,0.798076923076923
food/gravy/n07838073_7085.jpg,food,gravy,0.821052631578947
food/gravy/n07838073_7168.jpg,food,gravy,0.802325581395349
food/gravy/n07838073_7256.jpg,food,gravy,0.846153846153846
food/gravy/n07838073_7422.jpg,food,gravy,0.896825396825397
food/gravy/n07838073_7592.jpg,food,gravy,0.862745098039216
food/gravy/n07838073_7693.jpg,food,gravy,0.884615384615385
food/gravy/n07838073_7705.jpg,food,gravy,0.916666666666667
food/gravy/n07838073_7879.jpg,food,gravy,0.793103448275862
food/gravy/n07838073_7984.jpg,food,gravy,0.843373493975904
food/gravy/n07838073_8064.jpg,food,gravy,0.724137931034483
food/gravy/n07838073_8585.jpg,food,gravy,0.70873786407767
food/gravy/n07838073_8665.jpg,food,gravy,0.710280373831776
food/gravy/n07838073_8810.jpg,food,gravy,0.877358490566038
food/gravy/n07838073_9924.jpg,food,gravy,0.784090909090909
food/hotdog/000000010858.jpg,food,hotdog,0.797619047619048
food/hotdog/000000018781.jpg,food,hotdog,0.772727272727273
food/hotdog/000000027534.jpg,food,hotdog,0.88785046728972
food/hotdog/000000032964.jpg,food,hotdog,0.84375
food/hotdog/000000034523.jpg,food,hotdog,0.819148936170213
food/hotdog/000000051001.jpg,food,hotdog,0.79047619047619
food/hotdog/000000063290.jpg,food,hotdog,0.796116504854369
food/hotdog/000000071933.jpg,food,hotdog,0.901098901098901
food/hotdog/000000080690.jpg,food,hotdog,0.862068965517241
food/hotdog/000000082449.jpg,food,hotdog,0.79
food/hotdog/000000082464.jpg,food,hotdog,0.88659793814433
food/hotdog/000000083730.jpg,food,hotdog,0.921739130434783
food/hotdog/000000084235.jpg,food,hotdog,0.877777777777778
food/hotdog/000000096884.jpg,food,hotdog,0.786516853932584
food/hotdog/000000112486.jpg,food,hotdog,0.736263736263736
food/hotdog/000000125458.jpg,food,hotdog,0.825242718446602
food/hotdog/000000142127.jpg,food,hotdog,0.886792452830189
food/hotdog/000000146929.jpg,food,hotdog,0.88695652173913
food/hotdog/000000148343.jpg,food,hotdog,0.769230769230769
food/hotdog/000000154912.jpg,food,hotdog,0.709302325581395
food/hotdog/000000182496.jpg,food,hotdog,0.922222222222222
food/hotdog/000000183893.jpg,food,hotdog,0.712962962962963
food/hotdog/000000185248.jpg,food,hotdog,0.876190476190476
food/hotdog/000000185614.jpg,food,hotdog,0.561224489795918
food/hotdog/000000187959.jpg,food,hotdog,0.846153846153846
food/hotdog/000000200272.jpg,food,hotdog,0.849056603773585
food/hotdog/000000215565.jpg,food,hotdog,0.909090909090909
food/hotdog/000000250498.jpg,food,hotdog,0.909090909090909
food/hotdog/000000252198.jpg,food,hotdog,0.495575221238938
food/hotdog/000000256662.jpg,food,hotdog,0.846153846153846
food/hotdog/000000262552.jpg,food,hotdog,0.747572815533981
food/hotdog/000000276740.jpg,food,hotdog,0.835051546391753
food/hotdog/000000280721.jpg,food,hotdog,0.779527559055118
food/hotdog/000000308806.jpg,food,hotdog,0.854166666666667
food/hotdog/000000323460.jpg,food,hotdog,0.8
food/hotdog/000000336320.jpg,food,hotdog,0.788461538461538
food/hotdog/000000339295.jpg,food,hotdog,0.943181818181818
food/hotdog/000000350475.jpg,food,hotdog,0.886792452830189
food/hotdog/000000384740.jpg,food,hotdog,0.861386138613861
food/hotdog/000000388983.jpg,food,hotdog,0.823529411764706
food/hotdog/000000421639.jpg,food,hotdog,0.733333333333333
food/hotdog/000000429293.jpg,food,hotdog,0.752577319587629
food/hotdog/000000437923.jpg,food,hotdog,0.878504672897196
food/hotdog/000000439602.jpg,food,hotdog,0.782608695652174
food/hotdog/000000445960.jpg,food,hotdog,0.847619047619048
food/hotdog/000000455255.jpg,food,hotdog,0.782178217821782
food/hotdog/000000465200.jpg,food,hotdog,0.80952380952381
food/hotdog/000000522817.jpg,food,hotdog,0.842696629213483
food/hotdog/000000523211.jpg,food,hotdog,0.820224719101124
food/hotdog/000000536403.jpg,food,hotdog,0.808510638297872
food/hotdog/000000540626.jpg,food,hotdog,0.783505154639175
food/hotdog/000000541635.jpg,food,hotdog,0.875
food/hotdog/000000545930.jpg,food,hotdog,0.810526315789474
food/hotdog/000000557186.jpg,food,hotdog,0.894736842105263
food/hotdog/000000559695.jpg,food,hotdog,0.927083333333333
food/hotdog/000000561613.jpg,food,hotdog,0.744897959183674
food/hotdog/000000565220.jpg,food,hotdog,0.862385321100917
food/hotdog/000000580685.jpg,food,hotdog,0.741935483870968
food/hotdog/n07697537_10780.jpg,food,hotdog,0.919642857142857
food/hotdog/n07697537_11470.jpg,food,hotdog,0.834862385321101
food/hotdog/n07697537_15088.jpg,food,hotdog,0.86
food/hotdog/n07697537_15718.jpg,food,hotdog,0.736263736263736
food/hotdog/n07697537_18186.jpg,food,hotdog,0.926315789473684
food/hotdog/n07697537_19908.jpg,food,hotdog,0.891891891891892
food/hotdog/n07697537_20135.jpg,food,hotdog,0.882978723404255
food/hotdog/n07697537_21728.jpg,food,hotdog,0.705128205128205
food/hotdog/n07697537_21976.jpg,food,hotdog,0.821782178217822
food/hotdog/n07697537_22000.jpg,food,hotdog,0.943181818181818
food/hotdog/n07697537_25380.jpg,food,hotdog,0.857142857142857
food/hotdog/n07697537_26124.jpg,food,hotdog,0.709302325581395
food/hotdog/n07697537_27890.jpg,food,hotdog,0.858585858585859
food/hotdog/n07697537_29834.jpg,food,hotdog,0.905263157894737
food/hotdog/n07697537_33979.jpg,food,hotdog,0.789915966386555
food/hotdog/n07697537_3947.jpg,food,hotdog,0.806818181818182
food/hotdog/n07697537_4696.jpg,food,hotdog,0.857142857142857
food/hotdog/n07697537_4956.jpg,food,hotdog,0.91
food/hotdog/n07697537_5690.jpg,food,hotdog,0.792079207920792
food/hotdog/n07697537_5782.jpg,food,hotdog,0.767676767676768
food/hotdog/n07697537_7872.jpg,food,hotdog,0.833333333333333
food/hotdog/n07697537_8410.jpg,food,hotdog,0.81
food/hotdog/n07697537_8708.jpg,food,hotdog,0.775510204081633
food/hotdog/n07697537_8906.jpg,food,hotdog,0.878787878787879
food/juice/n07923748_10258.jpg,food,juice,0.774193548387097
food/juice/n07923748_11512.jpg,food,juice,0.78125
food/juice/n07923748_1195.jpg,food,juice,0.842696629213483
food/juice/n07923748_1310.jpg,food,juice,0.696969696969697
food/juice/n07923748_13164.jpg,food,juice,0.860215053763441
food/juice/n07923748_13369.jpg,food,juice,0.804347826086957
food/juice/n07923748_1476.jpg,food,juice,0.669642857142857
food/juice/n07923748_14810.jpg,food,juice,0.868131868131868
food/juice/n07923748_15127.jpg,food,juice,0.797979797979798
food/juice/n07923748_1538.jpg,food,juice,0.905263157894737
food/juice/n07923748_15637.jpg,food,juice,0.775700934579439
food/juice/n07923748_16185.jpg,food,juice,0.673267326732673
food/juice/n07923748_1712.jpg,food,juice,0.849056603773585
food/juice/n07923748_17150.jpg,food,juice,0.875
food/juice/n07923748_17463.jpg,food,juice,0.824561403508772
food/juice/n07923748_17594.jpg,food,juice,0.89622641509434
food/juice/n07923748_18139.jpg,food,juice,0.781818181818182
food/juice/n07923748_18146.jpg,food,juice,0.783018867924528
food/juice/n07923748_1856.jpg,food,juice,0.649484536082474
food/juice/n07923748_18786.jpg,food,juice,0.806122448979592
food/juice/n07923748_19364.jpg,food,juice,0.778947368421053
food/juice/n07923748_19625.jpg,food,juice,0.736842105263158
food/juice/n07923748_1966.jpg,food,juice,0.788461538461538
food/juice/n07923748_20605.jpg,food,juice,0.866666666666667
food/juice/n07923748_2109.jpg,food,juice,0.872549019607843
food/juice/n07923748_23325.jpg,food,juice,0.772727272727273
food/juice/n07923748_25449.jpg,food,juice,0.711111111111111
food/juice/n07923748_2669.jpg,food,juice,0.908163265306122
food/juice/n07923748_4049.jpg,food,juice,0.742268041237113
food/juice/n07923748_4376.jpg,food,juice,0.851063829787234
food/juice/n07923748_467.jpg,food,juice,0.847457627118644
food/juice/n07923748_4867.jpg,food,juice,0.691489361702128
food/juice/n07923748_5085.jpg,food,juice,0.811111111111111
food/juice/n07923748_5150.jpg,food,juice,0.803738317757009
food/juice/n07923748_5733.jpg,food,juice,0.786516853932584
food/juice/n07923748_712.jpg,food,juice,0.806818181818182
food/juice/n07923748_7187.jpg,food,juice,0.790123456790123
food/juice/n07923748_8732.jpg,food,juice,0.814814814814815
food/juice/n07923748_8898.jpg,food,juice,0.709302325581395
food/mashed potato/n07711569_11.jpg,food,mashed potato,0.824742268041237
food/mashed potato/n07711569_1189.jpg,food,mashed potato,0.6
food/mashed potato/n07711569_1286.jpg,food,mashed potato,0.427184466019417
food/mashed potato/n07711569_1295.jpg,food,mashed potato,0.837209302325581
food/mashed potato/n07711569_1302.jpg,food,mashed potato,0.739130434782609
food/mashed potato/n07711569_1385.jpg,food,mashed potato,0.730769230769231
food/mashed potato/n07711569_1453.jpg,food,mashed potato,0.657142857142857
food/mashed potato/n07711569_1464.jpg,food,mashed potato,0.769230769230769
food/mashed potato/n07711569_1475.jpg,food,mashed potato,0.728260869565217
food/mashed potato/n07711569_1507.jpg,food,mashed potato,0.6625
food/mashed potato/n07711569_153.jpg,food,mashed potato,0.709090909090909
food/mashed potato/n07711569_1564.jpg,food,mashed potato,0.703296703296703
food/mashed potato/n07711569_1651.jpg,food,mashed potato,0.769230769230769
food/mashed potato/n07711569_1696.jpg,food,mashed potato,0.823529411764706
food/mashed potato/n07711569_1768.jpg,food,mashed potato,0.835294117647059
food/mashed potato/n07711569_1815.jpg,food,mashed potato,0.705882352941177
food/mashed potato/n07711569_1823.jpg,food,mashed potato,0.888888888888889
food/mashed potato/n07711569_1927.jpg,food,mashed potato,0.857142857142857
food/mashed potato/n07711569_2066.jpg,food,mashed potato,0.801980198019802
food/mashed potato/n07711569_2126.jpg,food,mashed potato,0.770114942528736
food/mashed potato/n07711569_2131.jpg,food,mashed potato,0.5
food/mashed potato/n07711569_2182.jpg,food,mashed potato,0.683673469387755
food/mashed potato/n07711569_2201.jpg,food,mashed potato,0.776595744680851
food/mashed potato/n07711569_2228.jpg,food,mashed potato,0.8
food/mashed potato/n07711569_2294.jpg,food,mashed potato,0.881818181818182
food/mashed potato/n07711569_2344.jpg,food,mashed potato,0.869565217391304
food/mashed potato/n07711569_2355.jpg,food,mashed potato,0.694736842105263
food/mashed potato/n07711569_2495.jpg,food,mashed potato,0.774193548387097
food/mashed potato/n07711569_2660.jpg,food,mashed potato,0.792452830188679
food/mashed potato/n07711569_2761.jpg,food,mashed potato,0.641304347826087
food/mashed potato/n07711569_2912.jpg,food,mashed potato,0.792079207920792
food/mashed potato/n07711569_3026.jpg,food,mashed potato,0.685185185185185
food/mashed potato/n07711569_3103.jpg,food,mashed potato,0.73469387755102
food/mashed potato/n07711569_3118.jpg,food,mashed potato,0.8
food/mashed potato/n07711569_3147.jpg,food,mashed potato,0.778947368421053
food/mashed potato/n07711569_3154.jpg,food,mashed potato,0.771739130434783
food/mashed potato/n07711569_3180.jpg,food,mashed potato,0.626168224299065
food/mashed potato/n07711569_3317.jpg,food,mashed potato,0.86046511627907
food/mashed potato/n07711569_3474.jpg,food,mashed potato,0.533333333333333
food/mashed potato/n07711569_3479.jpg,food,mashed potato,0.83495145631068
food/mashed potato/n07711569_3492.jpg,food,mashed potato,0.743362831858407
food/mashed potato/n07711569_3528.jpg,food,mashed potato,0.685393258426966
food/mashed potato/n07711569_3584.jpg,food,mashed potato,0.663461538461538
food/mashed potato/n07711569_3733.jpg,food,mashed potato,0.637254901960784
food/mashed potato/n07711569_3848.jpg,food,mashed potato,0.786407766990291
food/mashed potato/n07711569_398.jpg,food,mashed potato,0.735632183908046
food/mashed potato/n07711569_4029.jpg,food,mashed potato,0.7265625
food/mashed potato/n07711569_4097.jpg,food,mashed potato,0.888888888888889
food/mashed potato/n07711569_4129.jpg,food,mashed potato,0.818181818181818
food/mashed potato/n07711569_417.jpg,food,mashed potato,0.581632653061224
food/mashed potato/n07711569_4194.jpg,food,mashed potato,0.669491525423729
food/mashed potato/n07711569_4200.jpg,food,mashed potato,0.758241758241758
food/mashed potato/n07711569_4270.jpg,food,mashed potato,0.755102040816326
food/mashed potato/n07711569_4345.jpg,food,mashed potato,0.666666666666667
food/mashed potato/n07711569_4347.jpg,food,mashed potato,0.843137254901961
food/mashed potato/n07711569_435.jpg,food,mashed potato,0.764150943396226
food/mashed potato/n07711569_4588.jpg,food,mashed potato,0.828571428571429
food/mashed potato/n07711569_4658.jpg,food,mashed potato,0.802816901408451
food/mashed potato/n07711569_4665.jpg,food,mashed potato,0.869158878504673
food/mashed potato/n07711569_4810.jpg,food,mashed potato,0.542056074766355
food/mashed potato/n07711569_4905.jpg,food,mashed potato,0.83495145631068
food/mashed potato/n07711569_5007.jpg,food,mashed potato,0.842592592592593
food/mashed potato/n07711569_5276.jpg,food,mashed potato,0.621052631578947
food/mashed potato/n07711569_533.jpg,food,mashed potato,0.782608695652174
food/mashed potato/n07711569_5361.jpg,food,mashed potato,0.747572815533981
food/mashed potato/n07711569_5370.jpg,food,mashed potato,0.67
food/mashed potato/n07711569_5408.jpg,food,mashed potato,0.797979797979798
food/mashed potato/n07711569_5492.jpg,food,mashed potato,0.666666666666667
food/mashed potato/n07711569_5526.jpg,food,mashed potato,0.662790697674419
food/mashed potato/n07711569_5653.jpg,food,mashed potato,0.931034482758621
food/mashed potato/n07711569_5820.jpg,food,mashed potato,0.849557522123894
food/mashed potato/n07711569_5853.jpg,food,mashed potato,0.588785046728972
food/mashed potato/n07711569_592.jpg,food,mashed potato,0.75
food/mashed potato/n07711569_5920.jpg,food,mashed potato,0.770491803278688
food/mashed potato/n07711569_5955.jpg,food,mashed potato,0.572916666666667
food/mashed potato/n07711569_5967.jpg,food,mashed potato,0.848484848484849
food/mashed potato/n07711569_6001.jpg,food,mashed potato,0.788235294117647
food/mashed potato/n07711569_6019.jpg,food,mashed potato,0.700854700854701
food/mashed potato/n07711569_6094.jpg,food,mashed potato,0.739583333333333
food/mashed potato/n07711569_6272.jpg,food,mashed potato,0.715789473684211
food/mashed potato/n07711569_7257.jpg,food,mashed potato,0.698924731182796
food/mashed potato/n07711569_773.jpg,food,mashed potato,0.734939759036145
food/mashed potato/n07711569_815.jpg,food,mashed potato,0.673076923076923
food/mashed potato/n07711569_865.jpg,food,mashed potato,0.864077669902913
food/mashed potato/n07711569_963.jpg,food,mashed potato,0.703703703703704
food/muffin/n07690273_20083.jpg,food,muffin,0.868421052631579
food/muffin/n07690273_20233.jpg,food,muffin,0.835164835164835
food/muffin/n07690273_20283.jpg,food,muffin,0.835051546391753
food/muffin/n07690273_20318.jpg,food,muffin,0.824175824175824
food/muffin/n07690273_20374.jpg,food,muffin,0.67741935483871
food/muffin/n07690273_20605.jpg,food,muffin,0.817391304347826
food/muffin/n07690273_20791.jpg,food,muffin,0.706521739130435
food/muffin/n07690273_20834.jpg,food,muffin,0.875
food/muffin/n07690273_20901.jpg,food,muffin,0.825688073394495
food/muffin/n07690273_20912.jpg,food,muffin,0.73
food/muffin/n07690273_20919.jpg,food,muffin,0.828282828282828
food/muffin/n07690273_20948.jpg,food,muffin,0.894736842105263
food/muffin/n07690273_21073.jpg,food,muffin,0.790909090909091
food/muffin/n07690273_21128.jpg,food,muffin,0.836538461538462
food/muffin/n07690273_21275.jpg,food,muffin,0.875
food/muffin/n07690273_21366.jpg,food,muffin,0.877551020408163
food/muffin/n07690273_21379.jpg,food,muffin,0.917431192660551
food/muffin/n07690273_21386.jpg,food,muffin,0.893617021276596
food/muffin/n07690273_21583.jpg,food,muffin,0.766990291262136
food/muffin/n07690273_21643.jpg,food,muffin,0.823529411764706
food/muffin/n07690273_21696.jpg,food,muffin,0.84
food/muffin/n07690273_21839.jpg,food,muffin,0.840909090909091
food/muffin/n07690273_22075.jpg,food,muffin,0.817073170731707
food/muffin/n07690273_22081.jpg,food,muffin,0.839506172839506
food/muffin/n07690273_22090.jpg,food,muffin,0.818965517241379
food/muffin/n07690273_22127.jpg,food,muffin,0.769230769230769
food/muffin/n07690273_22163.jpg,food,muffin,0.756302521008403
food/muffin/n07690273_22164.jpg,food,muffin,0.842696629213483
food/muffin/n07690273_22169.jpg,food,muffin,0.91304347826087
food/muffin/n07690273_22243.jpg,food,muffin,0.74
food/muffin/n07690273_22317.jpg,food,muffin,0.778846153846154
food/muffin/n07690273_22336.jpg,food,muffin,0.857142857142857
food/muffin/n07690273_23060.jpg,food,muffin,0.909090909090909
food/muffin/n07690273_23101.jpg,food,muffin,0.764044943820225
food/muffin/n07690273_23470.jpg,food,muffin,0.806818181818182
food/muffin/n07690273_23539.jpg,food,muffin,0.747126436781609
food/muffin/n07690273_23601.jpg,food,muffin,0.754716981132076
food/muffin/n07690273_23751.jpg,food,muffin,0.769230769230769
food/muffin/n07690273_23872.jpg,food,muffin,0.826923076923077
food/muffin/n07690273_24801.jpg,food,muffin,0.793814432989691
food/muffin/n07690273_26229.jpg,food,muffin,0.848484848484849
food/muffin/n07690273_26458.jpg,food,muffin,0.844036697247706
food/muffin/n07690273_26876.jpg,food,muffin,0.715789473684211
food/muffin/n07690273_26972.jpg,food,muffin,0.837209302325581
food/muffin/n07690273_27061.jpg,food,muffin,0.836538461538462
food/muffin/n07690273_27063.jpg,food,muffin,0.772727272727273
food/muffin/n07690273_27225.jpg,food,muffin,0.724489795918367
food/muffin/n07690273_27401.jpg,food,muffin,0.776699029126214
food/muffin/n07690273_27492.jpg,food,muffin,0.85
food/muffin/n07690273_27508.jpg,food,muffin,0.847826086956522
food/muffin/n07690273_27648.jpg,food,muffin,0.861788617886179
food/orange/000000010196.jpg,food,orange,0.737864077669903
food/orange/000000012902.jpg,food,orange,0.83695652173913
food/orange/000000038134.jpg,food,orange,0.793478260869565
food/orange/000000047907.jpg,food,orange,0.9
food/orange/000000078477.jpg,food,orange,0.819047619047619
food/orange/000000106379.jpg,food,orange,0.806451612903226
food/orange/000000127028.jpg,food,orange,0.789473684210526
food/orange/000000141166.jpg,food,orange,0.745283018867924
food/orange/000000144430.jpg,food,orange,0.835051546391753
food/orange/000000154167.jpg,food,orange,0.804597701149425
food/orange/000000156128.jpg,food,orange,0.84070796460177
food/orange/000000161705.jpg,food,orange,0.846846846846847
food/orange/000000176271.jpg,food,orange,0.863157894736842
food/orange/000000192692.jpg,food,orange,0.846938775510204
food/orange/000000219523.jpg,food,orange,0.946808510638298
food/orange/000000230152.jpg,food,orange,0.745454545454545
food/orange/000000233366.jpg,food,orange,0.547368421052632
food/orange/000000254197.jpg,food,orange,0.8
food/orange/000000254882.jpg,food,orange,0.885714285714286
food/orange/000000255194.jpg,food,orange,0.896907216494845
food/orange/000000293254.jpg,food,orange,0.892857142857143
food/orange/000000379401.jpg,food,orange,0.683168316831683
food/orange/000000386834.jpg,food,orange,0.884210526315789
food/orange/000000388616.jpg,food,orange,0.851063829787234
food/orange/000000389152.jpg,food,orange,0.841121495327103
food/orange/000000428502.jpg,food,orange,0.781818181818182
food/orange/000000443320.jpg,food,orange,0.84375
food/orange/000000449467.jpg,food,orange,0.868421052631579
food/orange/000000457050.jpg,food,orange,0.616822429906542
food/orange/000000468623.jpg,food,orange,0.886792452830189
food/orange/000000518954.jpg,food,orange,0.918367346938776
food/orange/000000521352.jpg,food,orange,0.893203883495146
food/orange/000000546088.jpg,food,orange,0.701030927835051
food/orange/000000554486.jpg,food,orange,0.862385321100917
food/orange/000000564573.jpg,food,orange,0.864583333333333
food/pasta/n07863374_15483.jpg,food,pasta,0.80188679245283
food/pasta/n07863374_15504.jpg,food,pasta,0.744897959183674
food/pasta/n07863374_15512.jpg,food,pasta,0.866666666666667
food/pasta/n07863374_15528.jpg,food,pasta,0.636363636363636
food/pasta/n07863374_15554.jpg,food,pasta,0.77
food/pasta/n07863374_15612.jpg,food,pasta,0.771084337349398
food/pasta/n07863374_15623.jpg,food,pasta,0.516129032258065
food/pasta/n07863374_15634.jpg,food,pasta,0.688679245283019
food/pasta/n07863374_15708.jpg,food,pasta,0.813559322033898
food/pasta/n07863374_15763.jpg,food,pasta,0.723404255319149
food/pasta/n07863374_15968.jpg,food,pasta,0.903846153846154
food/pasta/n07863374_16043.jpg,food,pasta,0.884210526315789
food/pasta/n07863374_16116.jpg,food,pasta,0.803921568627451
food/pasta/n07863374_16147.jpg,food,pasta,0.896551724137931
food/pasta/n07863374_16163.jpg,food,pasta,0.739583333333333
food/pasta/n07863374_16261.jpg,food,pasta,0.842105263157895
food/pasta/n07863374_16340.jpg,food,pasta,0.764705882352941
food/pasta/n07863374_16510.jpg,food,pasta,0.84
food/pasta/n07863374_16548.jpg,food,pasta,0.89
food/pasta/n07863374_16616.jpg,food,pasta,0.828571428571429
food/pasta/n07863374_16698.jpg,food,pasta,0.927083333333333
food/pasta/n07863374_16722.jpg,food,pasta,0.811965811965812
food/pasta/n07863374_16753.jpg,food,pasta,0.716981132075472
food/pasta/n07863374_16763.jpg,food,pasta,0.726315789473684
food/pasta/n07863374_16766.jpg,food,pasta,0.747474747474748
food/pasta/n07863374_16769.jpg,food,pasta,0.955752212389381
food/pasta/n07863374_16789.jpg,food,pasta,0.833333333333333
food/pasta/n07863374_16980.jpg,food,pasta,0.794117647058823
food/pasta/n07863374_16986.jpg,food,pasta,0.71
food/pasta/n07863374_17183.jpg,food,pasta,0.802325581395349
food/pasta/n07863374_17226.jpg,food,pasta,0.925233644859813
food/pasta/n07863374_17242.jpg,food,pasta,0.801980198019802
food/pasta/n07863374_17253.jpg,food,pasta,0.823529411764706
food/pasta/n07863374_17319.jpg,food,pasta,0.8125
food/pasta/n07863374_17383.jpg,food,pasta,0.733333333333333
food/pasta/n07863374_17596.jpg,food,pasta,0.898989898989899
food/pasta/n07863374_17605.jpg,food,pasta,0.839080459770115
food/pasta/n07863374_17629.jpg,food,pasta,0.845360824742268
food/pasta/n07863374_17641.jpg,food,pasta,0.747663551401869
food/pasta/n07863374_17652.jpg,food,pasta,0.74468085106383
food/pasta/n07863374_17659.jpg,food,pasta,0.84
food/pasta/n07863374_17687.jpg,food,pasta,0.677777777777778
food/pasta/n07863374_17828.jpg,food,pasta,0.803738317757009
food/pasta/n07863374_17831.jpg,food,pasta,0.663551401869159
food/pasta/n07863374_17947.jpg,food,pasta,0.873684210526316
food/pasta/n07863374_17966.jpg,food,pasta,0.784090909090909
food/pasta/n07863374_17993.jpg,food,pasta,0.732758620689655
food/pasta/n07863374_18015.jpg,food,pasta,0.694915254237288
food/pasta/n07863374_18025.jpg,food,pasta,0.789473684210526
food/pasta/n07863374_18032.jpg,food,pasta,0.789915966386555
food/pasta/n07863374_18075.jpg,food,pasta,0.9
food/pasta/n07863374_18119.jpg,food,pasta,0.878504672897196
food/pasta/n07863374_18176.jpg,food,pasta,0.75
food/pasta/n07863374_18210.jpg,food,pasta,0.8
food/pasta/n07863374_18230.jpg,food,pasta,0.736363636363636
food/pasta/n07863374_18237.jpg,food,pasta,0.740384615384615
food/pasta/n07863374_18243.jpg,food,pasta,0.676470588235294
food/pasta/n07863374_18251.jpg,food,pasta,0.905263157894737
food/pasta/n07863374_18258.jpg,food,pasta,0.681318681318681
food/pasta/n07863374_18268.jpg,food,pasta,0.846153846153846
food/pasta/n07863374_18299.jpg,food,pasta,0.88
food/pasta/n07863374_18302.jpg,food,pasta,0.860215053763441
food/pasta/n07863374_18310.jpg,food,pasta,0.80952380952381
food/pasta/n07863374_18322.jpg,food,pasta,0.646551724137931
food/pasta/n07863374_18341.jpg,food,pasta,0.892156862745098
food/pasta/n07863374_18346.jpg,food,pasta,0.712765957446808
food/pasta/n07863374_18377.jpg,food,pasta,0.663716814159292
food/pasta/n07863374_18390.jpg,food,pasta,0.788235294117647
food/pasta/n07863374_18396.jpg,food,pasta,0.75
food/pasta/n07863374_18430.jpg,food,pasta,0.734042553191489
food/pasta/n07863374_18632.jpg,food,pasta,0.811320754716981
food/pasta/n07863374_18636.jpg,food,pasta,0.818181818181818
food/pasta/n07863374_18711.jpg,food,pasta,0.769230769230769
food/pasta/n07863374_18813.jpg,food,pasta,0.824074074074074
food/pasta/n07863374_18875.jpg,food,pasta,0.82051282051282
food/pasta/n07863374_18919.jpg,food,pasta,0.9
food/pasta/n07863374_19201.jpg,food,pasta,0.806451612903226
food/pasta/n07863374_19246.jpg,food,pasta,0.791208791208791
food/pasta/n07863374_19267.jpg,food,pasta,0.860869565217391
food/pasta/n07863374_19495.jpg,food,pasta,0.818181818181818
food/pasta/n07863374_20803.jpg,food,pasta,0.801980198019802
food/pasta/n07863374_21251.jpg,food,pasta,0.691489361702128
food/pizza/000000019959.jpg,food,pizza,0.842696629213483
food/pizza/000000025951.jpg,food,pizza,0.88
food/pizza/000000029356.jpg,food,pizza,0.738636363636364
food/pizza/000000036166.jpg,food,pizza,0.821782178217822
food/pizza/000000036324.jpg,food,pizza,0.891304347826087
food/pizza/000000039758.jpg,food,pizza,0.822916666666667
food/pizza/000000050422.jpg,food,pizza,0.837837837837838
food/pizza/000000051525.jpg,food,pizza,0.794117647058823
food/pizza/000000056266.jpg,food,pizza,0.731958762886598
food/pizza/000000061502.jpg,food,pizza,0.86734693877551
food/pizza/000000080948.jpg,food,pizza,0.810526315789474
food/pizza/000000083619.jpg,food,pizza,0.636363636363636
food/pizza/000000086725.jpg,food,pizza,0.849462365591398
food/pizza/000000088173.jpg,food,pizza,0.793478260869565
food/pizza/000000091979.jpg,food,pizza,0.886363636363636
food/pizza/000000095292.jpg,food,pizza,0.836363636363636
food/pizza/000000102978.jpg,food,pizza,0.876288659793814
food/pizza/000000113962.jpg,food,pizza,0.818181818181818
food/pizza/000000115241.jpg,food,pizza,0.769230769230769
food/pizza/000000117105.jpg,food,pizza,0.851485148514851
food/pizza/000000135694.jpg,food,pizza,0.9375
food/pizza/000000150080.jpg,food,pizza,0.763157894736842
food/pizza/000000167647.jpg,food,pizza,0.786407766990291
food/pizza/000000168366.jpg,food,pizza,0.820754716981132
food/pizza/000000174091.jpg,food,pizza,0.876288659793814
food/pizza/000000179896.jpg,food,pizza,0.816326530612245
food/pizza/000000182366.jpg,food,pizza,0.842105263157895
food/pizza/000000197551.jpg,food,pizza,0.808510638297872
food/pizza/000000207151.jpg,food,pizza,0.852631578947368
food/pizza/000000209918.jpg,food,pizza,0.805309734513274
food/pizza/000000214927.jpg,food,pizza,0.854368932038835
food/pizza/000000220399.jpg,food,pizza,0.88659793814433
food/pizza/000000220743.jpg,food,pizza,0.76
food/pizza/000000220948.jpg,food,pizza,0.710280373831776
food/pizza/000000232718.jpg,food,pizza,0.759615384615385
food/pizza/000000240608.jpg,food,pizza,0.86734693877551
food/pizza/000000240960.jpg,food,pizza,0.906542056074766
food/pizza/000000243127.jpg,food,pizza,0.860215053763441
food/pizza/000000253395.jpg,food,pizza,0.848837209302326
food/pizza/000000255448.jpg,food,pizza,0.858585858585859
food/pizza/000000259491.jpg,food,pizza,0.663551401869159
food/pizza/000000264017.jpg,food,pizza,0.858585858585859
food/pizza/000000265915.jpg,food,pizza,0.842105263157895
food/pizza/000000267146.jpg,food,pizza,0.855555555555556
food/pizza/000000271283.jpg,food,pizza,0.764044943820225
food/pizza/000000275611.jpg,food,pizza,0.866071428571429
food/pizza/000000278449.jpg,food,pizza,0.825688073394495
food/pizza/000000282143.jpg,food,pizza,0.794871794871795
food/pizza/000000289507.jpg,food,pizza,0.775700934579439
food/pizza/000000313148.jpg,food,pizza,0.848484848484849
food/pizza/000000314755.jpg,food,pizza,0.814814814814815
food/pizza/000000321324.jpg,food,pizza,0.813953488372093
food/pizza/000000325517.jpg,food,pizza,0.836734693877551
food/pizza/000000330513.jpg,food,pizza,0.766990291262136
food/pizza/000000338289.jpg,food,pizza,0.814432989690722
food/pizza/000000340420.jpg,food,pizza,0.891891891891892
food/pizza/000000358297.jpg,food,pizza,0.790697674418605
food/pizza/000000359081.jpg,food,pizza,0.7
food/pizza/000000361909.jpg,food,pizza,0.81651376146789
food/pizza/000000362737.jpg,food,pizza,0.804123711340206
food/pizza/000000363880.jpg,food,pizza,0.83695652173913
food/pizza/000000369584.jpg,food,pizza,0.936842105263158
food/pizza/000000378950.jpg,food,pizza,0.87962962962963
food/pizza/000000385873.jpg,food,pizza,0.931372549019608
food/pizza/000000405314.jpg,food,pizza,0.866666666666667
food/pizza/000000419334.jpg,food,pizza,0.767441860465116
food/pizza/000000433792.jpg,food,pizza,0.782178217821782
food/pizza/000000437810.jpg,food,pizza,0.8
food/pizza/000000437948.jpg,food,pizza,0.793478260869565
food/pizza/000000453895.jpg,food,pizza,0.811881188118812
food/pizza/000000472164.jpg,food,pizza,0.815789473684211
food/pizza/000000484446.jpg,food,pizza,0.83695652173913
food/pizza/000000489374.jpg,food,pizza,0.914893617021277
food/pizza/000000493911.jpg,food,pizza,0.798319327731092
food/pizza/000000505062.jpg,food,pizza,0.810810810810811
food/pizza/000000514544.jpg,food,pizza,0.883495145631068
food/pizza/000000519626.jpg,food,pizza,0.899082568807339
food/pizza/000000522703.jpg,food,pizza,0.736263736263736
food/pizza/000000536996.jpg,food,pizza,0.846938775510204
food/pizza/000000538368.jpg,food,pizza,0.829787234042553
food/pizza/000000542713.jpg,food,pizza,0.81981981981982
food/pizza/000000569223.jpg,food,pizza,0.855670103092783
food/pizza/000000571287.jpg,food,pizza,0.91578947368421
food/pizza/000000577221.jpg,food,pizza,0.816326530612245
food/salad/n07806221_21269.jpg,food,salad,0.78494623655914
food/salad/n07806221_21271.jpg,food,salad,0.71875
food/salad/n07806221_21590.jpg,food,salad,0.722222222222222
food/salad/n07806221_21594.jpg,food,salad,0.631578947368421
food/salad/n07806221_21827.jpg,food,salad,0.691489361702128
food/salad/n07806221_21906.jpg,food,salad,0.776595744680851
food/salad/n07806221_21960.jpg,food,salad,0.815533980582524
food/salad/n07806221_22135.jpg,food,salad,0.729411764705882
food/salad/n07806221_22340.jpg,food,salad,0.895833333333333
food/salad/n07806221_22396.jpg,food,salad,0.585858585858586
food/salad/n07806221_22415.jpg,food,salad,0.74390243902439
food/salad/n07806221_22446.jpg,food,salad,0.731958762886598
food/salad/n07806221_22557.jpg,food,salad,0.75
food/salad/n07806221_22661.jpg,food,salad,0.738317757009346
food/salad/n07806221_22671.jpg,food,salad,0.558139534883721
food/salad/n07806221_22726.jpg,food,salad,0.584070796460177
food/salad/n07806221_22775.jpg,food,salad,0.795454545454545
food/salad/n07806221_22898.jpg,food,salad,0.724489795918367
food/salad/n07806221_22956.jpg,food,salad,0.663793103448276
food/salad/n07806221_22971.jpg,food,salad,0.816091954022989
food/salad/n07806221_23095.jpg,food,salad,0.663461538461538
food/salad/n07806221_23145.jpg,food,salad,0.754545454545455
food/salad/n07806221_23188.jpg,food,salad,0.795180722891566
food/salad/n07806221_23271.jpg,food,salad,0.7
food/salad/n07806221_23282.jpg,food,salad,0.711538461538462
food/salad/n07806221_23330.jpg,food,salad,0.787234042553192
food/salad/n07806221_23337.jpg,food,salad,0.747663551401869
food/salad/n07806221_23341.jpg,food,salad,0.824175824175824
food/salad/n07806221_23464.jpg,food,salad,0.660194174757282
food/salad/n07806221_23535.jpg,food,salad,0.876288659793814
food/salad/n07806221_23555.jpg,food,salad,0.855670103092783
food/salad/n07806221_23608.jpg,food,salad,0.836734693877551
food/salad/n07806221_23687.jpg,food,salad,0.560747663551402
food/salad/n07806221_23732.jpg,food,salad,0.666666666666667
food/salad/n07806221_23757.jpg,food,salad,0.666666666666667
food/salad/n07806221_23800.jpg,food,salad,0.78125
food/salad/n07806221_23808.jpg,food,salad,0.58695652173913
food/salad/n07806221_23904.jpg,food,salad,0.715789473684211
food/salad/n07806221_23908.jpg,food,salad,0.679245283018868
food/salad/n07806221_23914.jpg,food,salad,0.6
food/salad/n07806221_23919.jpg,food,salad,0.65
food/salad/n07806221_23982.jpg,food,salad,0.711538461538462
food/salad/n07806221_23994.jpg,food,salad,0.565656565656566
food/salad/n07806221_24014.jpg,food,salad,0.721649484536082
food/salad/n07806221_24051.jpg,food,salad,0.771739130434783
food/salad/n07806221_24082.jpg,food,salad,0.788888888888889
food/salad/n07806221_24095.jpg,food,salad,0.554455445544555
food/salad/n07806221_24121.jpg,food,salad,0.65
food/salad/n07806221_24147.jpg,food,salad,0.720930232558139
food/salad/n07806221_24174.jpg,food,salad,0.731481481481482
food/salad/n07806221_24198.jpg,food,salad,0.678571428571429
food/salad/n07806221_24282.jpg,food,salad,0.742857142857143
food/salad/n07806221_24286.jpg,food,salad,0.849462365591398
food/salad/n07806221_24332.jpg,food,salad,0.83
food/salad/n07806221_24336.jpg,food,salad,0.651685393258427
food/salad/n07806221_24385.jpg,food,salad,0.775700934579439
food/salad/n07806221_24428.jpg,food,salad,0.764705882352941
food/salad/n07806221_24479.jpg,food,salad,0.6
food/salad/n07806221_24516.jpg,food,salad,0.72289156626506
food/salad/n07806221_24521.jpg,food,salad,0.702702702702703
food/salad/n07806221_24525.jpg,food,salad,0.692307692307692
food/salad/n07806221_24585.jpg,food,salad,0.692307692307692
food/salad/n07806221_24612.jpg,food,salad,0.517647058823529
food/salad/n07806221_24625.jpg,food,salad,0.745098039215686
food/salad/n07806221_24627.jpg,food,salad,0.68
food/salad/n07806221_24656.jpg,food,salad,0.760869565217391
food/salad/n07806221_24658.jpg,food,salad,0.676767676767677
food/salad/n07806221_24706.jpg,food,salad,0.691588785046729
food/salad/n07806221_24716.jpg,food,salad,0.688679245283019
food/salad/n07806221_24749.jpg,food,salad,0.731958762886598
food/salad/n07806221_24916.jpg,food,salad,0.764705882352941
food/salad/n07806221_24954.jpg,food,salad,0.718446601941748
food/salad/n07806221_25004.jpg,food,salad,0.735849056603774
food/salad/n07806221_25141.jpg,food,salad,0.601851851851852
food/salad/n07806221_25185.jpg,food,salad,0.794642857142857
food/salad/n07806221_25357.jpg,food,salad,0.679245283018868
food/salad/n07806221_25360.jpg,food,salad,0.811764705882353
food/salad/n07806221_25416.jpg,food,salad,0.760416666666667
food/salad/n07806221_25666.jpg,food,salad,0.699029126213592
food/salad/n07806221_25861.jpg,food,salad,0.650485436893204
food/salad/n07806221_28549.jpg,food,salad,0.75
food/salad/n07806221_29779.jpg,food,salad,0.785714285714286
food/salad/n07806221_30990.jpg,food,salad,0.831683168316832
food/salad/n07806221_32825.jpg,food,salad,0.622641509433962
food/salad/n07806221_33514.jpg,food,salad,0.705357142857143
food/salad/n07806221_33538.jpg,food,salad,0.820224719101124
food/salad/n07806221_33544.jpg,food,salad,0.743801652892562
food/sandwich/000000019579.jpg,food,sandwich,0.769230769230769
food/sandwich/000000028320.jpg,food,sandwich,0.786324786324786
food/sandwich/000000033633.jpg,food,sandwich,0.914285714285714
food/sandwich/000000043944.jpg,food,sandwich,0.842592592592593
food/sandwich/000000049248.jpg,food,sandwich,0.786666666666667
food/sandwich/000000051174.jpg,food,sandwich,0.894117647058824
food/sandwich/000000055458.jpg,food,sandwich,0.728971962616822
food/sandwich/000000063485.jpg,food,sandwich,0.860215053763441
food/sandwich/000000076307.jpg,food,sandwich,0.715789473684211
food/sandwich/000000090830.jpg,food,sandwich,0.73469387755102
food/sandwich/000000110697.jpg,food,sandwich,0.902173913043478
food/sandwich/000000114060.jpg,food,sandwich,0.884615384615385
food/sandwich/000000116572.jpg,food,sandwich,0.594202898550725
food/sandwich/000000119195.jpg,food,sandwich,0.838709677419355
food/sandwich/000000122097.jpg,food,sandwich,0.75
food/sandwich/000000122352.jpg,food,sandwich,0.813953488372093
food/sandwich/000000163589.jpg,food,sandwich,0.726190476190476
food/sandwich/000000167180.jpg,food,sandwich,0.663157894736842
food/sandwich/000000168522.jpg,food,sandwich,0.64
food/sandwich/000000191994.jpg,food,sandwich,0.84375
food/sandwich/000000203601.jpg,food,sandwich,0.866071428571429
food/sandwich/000000220471.jpg,food,sandwich,0.844444444444444
food/sandwich/000000220864.jpg,food,sandwich,0.784313725490196
food/sandwich/000000263515.jpg,food,sandwich,0.824561403508772
food/sandwich/000000265329.jpg,food,sandwich,0.74
food/sandwich/000000274203.jpg,food,sandwich,0.75
food/sandwich/000000305082.jpg,food,sandwich,0.760416666666667
food/sandwich/000000310459.jpg,food,sandwich,0.707070707070707
food/sandwich/000000323370.jpg,food,sandwich,0.773584905660377
food/sandwich/000000323734.jpg,food,sandwich,0.793478260869565
food/sandwich/000000333323.jpg,food,sandwich,0.88
food/sandwich/000000365880.jpg,food,sandwich,0.885714285714286
food/sandwich/000000369331.jpg,food,sandwich,0.67
food/sandwich/000000374451.jpg,food,sandwich,0.65625
food/sandwich/000000379285.jpg,food,sandwich,0.767676767676768
food/sandwich/000000398924.jpg,food,sandwich,0.885714285714286
food/sandwich/000000399001.jpg,food,sandwich,0.747572815533981
food/sandwich/000000401027.jpg,food,sandwich,0.760869565217391
food/sandwich/000000402378.jpg,food,sandwich,0.810526315789474
food/sandwich/000000412666.jpg,food,sandwich,0.693069306930693
food/sandwich/000000435488.jpg,food,sandwich,0.8
food/sandwich/000000447170.jpg,food,sandwich,0.710843373493976
food/sandwich/000000448923.jpg,food,sandwich,0.933962264150943
food/sandwich/000000464682.jpg,food,sandwich,0.786516853932584
food/sandwich/000000478344.jpg,food,sandwich,0.761467889908257
food/sandwich/000000519475.jpg,food,sandwich,0.731182795698925
food/sandwich/000000528496.jpg,food,sandwich,0.769230769230769
food/sandwich/000000560748.jpg,food,sandwich,0.797979797979798
food/sandwich/000000561545.jpg,food,sandwich,0.806122448979592
food/sandwich/000000563985.jpg,food,sandwich,0.627272727272727
food/sandwich/000000573632.jpg,food,sandwich,0.885714285714286
food/sandwich/000000575179.jpg,food,sandwich,0.747368421052632
food/sandwich/000000578418.jpg,food,sandwich,0.685950413223141
food/sandwich/000000579303.jpg,food,sandwich,0.825242718446602
food/sandwich/000000581711.jpg,food,sandwich,0.709401709401709
food/sandwich/n07696625_1403.jpg,food,sandwich,0.564814814814815
food/sandwich/n07696625_1674.jpg,food,sandwich,0.747252747252747
food/sandwich/n07696625_306.jpg,food,sandwich,0.762376237623762
food/sandwich/n07696625_3225.jpg,food,sandwich,0.787610619469027
food/sandwich/n07696625_4335.jpg,food,sandwich,0.833333333333333
food/sandwich/n07696625_4888.jpg,food,sandwich,0.768421052631579
food/sandwich/n07696625_5467.jpg,food,sandwich,0.71875
food/sandwich/n07696625_5631.jpg,food,sandwich,0.857142857142857
food/sandwich/n07696625_5833.jpg,food,sandwich,0.712765957446808
food/sandwich/n07696625_7783.jpg,food,sandwich,0.7890625
food/sandwich/n07696839_10895.jpg,food,sandwich,0.785714285714286
food/sandwich/n07696839_11221.jpg,food,sandwich,0.74468085106383
food/sandwich/n07696839_11611.jpg,food,sandwich,0.797979797979798
food/sandwich/n07696839_12607.jpg,food,sandwich,0.830188679245283
food/sandwich/n07696839_13012.jpg,food,sandwich,0.78494623655914
food/sandwich/n07696839_13649.jpg,food,sandwich,0.826086956521739
food/sandwich/n07696839_14469.jpg,food,sandwich,0.844660194174757
food/sandwich/n07696839_14740.jpg,food,sandwich,0.716666666666667
food/sandwich/n07696839_15859.jpg,food,sandwich,0.850574712643678
food/sandwich/n07696839_16667.jpg,food,sandwich,0.847619047619048
food/sandwich/n07698672_1483.jpg,food,sandwich,0.640449438202247
food/sandwich/n07698672_2572.jpg,food,sandwich,0.652173913043478
food/sandwich/n07698672_4577.jpg,food,sandwich,0.787037037037037
food/sandwich/n07698672_5118.jpg,food,sandwich,0.745098039215686
food/sandwich/n07698672_5153.jpg,food,sandwich,0.723809523809524
food/sandwich/n07698672_546.jpg,food,sandwich,0.792792792792793
food/sandwich/n07698672_8438.jpg,food,sandwich,0.86
food/soup/000000389004.jpg,food,soup,0.775510204081633
food/soup/000000433259.jpg,food,soup,0.801801801801802
food/soup/n07583197_10902.jpg,food,soup,0.835164835164835
food/soup/n07583197_1118.jpg,food,soup,0.733333333333333
food/soup/n07583197_1126.jpg,food,soup,0.774509803921569
food/soup/n07583197_1185.jpg,food,soup,0.808080808080808
food/soup/n07583197_1197.jpg,food,soup,0.769230769230769
food/soup/n07583197_1236.jpg,food,soup,0.63953488372093
food/soup/n07583197_13.jpg,food,soup,0.816326530612245
food/soup/n07583197_1377.jpg,food,soup,0.738636363636364
food/soup/n07583197_1429.jpg,food,soup,0.775700934579439
food/soup/n07583197_14399.jpg,food,soup,0.715596330275229
food/soup/n07583197_1488.jpg,food,soup,0.796116504854369
food/soup/n07583197_1528.jpg,food,soup,0.813725490196078
food/soup/n07583197_15339.jpg,food,soup,0.880733944954128
food/soup/n07583197_16204.jpg,food,soup,0.725663716814159
food/soup/n07583197_1684.jpg,food,soup,0.761467889908257
food/soup/n07583197_1716.jpg,food,soup,0.780952380952381
food/soup/n07583197_17428.jpg,food,soup,0.719101123595506
food/soup/n07583197_1903.jpg,food,soup,0.781818181818182
food/soup/n07583197_22629.jpg,food,soup,0.86
food/soup/n07583197_230.jpg,food,soup,0.795918367346939
food/soup/n07583197_3005.jpg,food,soup,0.839285714285714
food/soup/n07583197_3093.jpg,food,soup,0.833333333333333
food/soup/n07583197_3147.jpg,food,soup,0.792792792792793
food/soup/n07583197_3235.jpg,food,soup,0.81
food/soup/n07583197_3243.jpg,food,soup,0.806122448979592
food/soup/n07583197_3502.jpg,food,soup,0.73394495412844
food/soup/n07583197_3629.jpg,food,soup,0.883495145631068
food/soup/n07583197_378.jpg,food,soup,0.777777777777778
food/soup/n07583197_3888.jpg,food,soup,0.833333333333333
food/soup/n07583197_3896.jpg,food,soup,0.867924528301887
food/soup/n07583197_3923.jpg,food,soup,0.686274509803922
food/soup/n07583197_3989.jpg,food,soup,0.861702127659574
food/soup/n07583197_400.jpg,food,soup,0.826923076923077
food/soup/n07583197_419.jpg,food,soup,0.797979797979798
food/soup/n07583197_4277.jpg,food,soup,0.714285714285714
food/soup/n07583197_4576.jpg,food,soup,0.71875
food/soup/n07583197_4835.jpg,food,soup,0.785046728971963
food/soup/n07583197_5088.jpg,food,soup,0.75
food/soup/n07583197_5525.jpg,food,soup,0.720720720720721
food/soup/n07583197_5587.jpg,food,soup,0.731958762886598
food/soup/n07583197_5599.jpg,food,soup,0.9
food/soup/n07583197_5817.jpg,food,soup,0.660194174757282
food/soup/n07583197_5892.jpg,food,soup,0.747252747252747
food/soup/n07583197_6131.jpg,food,soup,0.659340659340659
food/soup/n07583197_6143.jpg,food,soup,0.780952380952381
food/soup/n07583197_6247.jpg,food,soup,0.747474747474748
food/soup/n07583197_6261.jpg,food,soup,0.893203883495146
food/soup/n07583197_6291.jpg,food,soup,0.803738317757009
food/soup/n07583197_6383.jpg,food,soup,0.88034188034188
food/soup/n07583197_6416.jpg,food,soup,0.715686274509804
food/soup/n07583197_6427.jpg,food,soup,0.640449438202247
food/soup/n07583197_6435.jpg,food,soup,0.764150943396226
food/soup/n07583197_6450.jpg,food,soup,0.826530612244898
food/soup/n07583197_6451.jpg,food,soup,0.788888888888889
food/soup/n07583197_6491.jpg,food,soup,0.693877551020408
food/soup/n07583197_6520.jpg,food,soup,0.854545454545454
food/soup/n07583197_6579.jpg,food,soup,0.741176470588235
food/soup/n07583197_6672.jpg,food,soup,0.754901960784314
food/soup/n07583197_6753.jpg,food,soup,0.747572815533981
food/soup/n07583197_6784.jpg,food,soup,0.768292682926829
food/soup/n07583197_6797.jpg,food,soup,0.941747572815534
food/soup/n07583197_6815.jpg,food,soup,0.831578947368421
food/soup/n07583197_6829.jpg,food,soup,0.586206896551724
food/soup/n07583197_6842.jpg,food,soup,0.838383838383838
food/soup/n07583197_6849.jpg,food,soup,0.697674418604651
food/soup/n07583197_6873.jpg,food,soup,0.80952380952381
food/soup/n07583197_6874.jpg,food,soup,0.891304347826087
food/soup/n07583197_6907.jpg,food,soup,0.813084112149533
food/soup/n07583197_6991.jpg,food,soup,0.737373737373737
food/soup/n07583197_6997.jpg,food,soup,0.694736842105263
food/soup/n07583197_7009.jpg,food,soup,0.783783783783784
food/soup/n07583197_7214.jpg,food,soup,0.718446601941748
food/soup/n07583197_7218.jpg,food,soup,0.75531914893617
food/soup/n07583197_8138.jpg,food,soup,0.701754385964912
food/soup/n07583197_895.jpg,food,soup,0.765957446808511
food/soup/n07583197_9010.jpg,food,soup,0.756756756756757
food/soup/n07583197_926.jpg,food,soup,0.873563218390805
food/soup/n07583197_928.jpg,food,soup,0.872340425531915
food/soup/n07583197_942.jpg,food,soup,0.640776699029126
food/soup/n07583197_946.jpg,food,soup,0.741071428571429
food/soup/n07583197_973.jpg,food,soup,0.803738317757009
food/soup/n07583197_995.jpg,food,soup,0.669354838709677
food/tea/n07933274_29270.jpg,food,tea,0.768421052631579
food/tea/n07933274_29360.jpg,food,tea,0.858585858585859
food/tea/n07933274_29595.jpg,food,tea,0.824742268041237
food/tea/n07933274_29729.jpg,food,tea,0.695238095238095
food/tea/n07933274_29739.jpg,food,tea,0.851851851851852
food/tea/n07933274_29781.jpg,food,tea,0.771186440677966
food/tea/n07933274_29941.jpg,food,tea,0.60377358490566
food/tea/n07933274_29951.jpg,food,tea,0.673684210526316
food/tea/n07933274_30075.jpg,food,tea,0.676470588235294
food/tea/n07933274_30179.jpg,food,tea,0.778947368421053
food/tea/n07933274_30233.jpg,food,tea,0.888888888888889
food/tea/n07933274_30243.jpg,food,tea,0.821782178217822
food/tea/n07933274_30272.jpg,food,tea,0.763157894736842
food/tea/n07933274_30326.jpg,food,tea,0.738636363636364
food/tea/n07933274_30442.jpg,food,tea,0.791208791208791
food/tea/n07933274_30460.jpg,food,tea,0.724489795918367
food/tea/n07933274_30473.jpg,food,tea,0.818181818181818
food/tea/n07933274_30676.jpg,food,tea,0.831775700934579
food/tea/n07933274_30681.jpg,food,tea,0.957983193277311
food/tea/n07933274_30722.jpg,food,tea,0.746987951807229
food/tea/n07933274_30757.jpg,food,tea,0.80952380952381
food/tea/n07933274_30873.jpg,food,tea,0.7875
food/tea/n07933274_30896.jpg,food,tea,0.813186813186813
food/tea/n07933274_31151.jpg,food,tea,0.846153846153846
food/tea/n07933274_31468.jpg,food,tea,0.826923076923077
food/tea/n07933274_31611.jpg,food,tea,0.850467289719626
food/tea/n07933274_31630.jpg,food,tea,0.797752808988764
food/tea/n07933274_31747.jpg,food,tea,0.785714285714286
food/tea/n07933274_32193.jpg,food,tea,0.824742268041237
food/tea/n07933274_32238.jpg,food,tea,0.471153846153846
food/tea/n07933274_32302.jpg,food,tea,0.858267716535433
food/tea/n07933274_32452.jpg,food,tea,0.838383838383838
food/tea/n07933274_32615.jpg,food,tea,0.495049504950495
food/tea/n07933274_33069.jpg,food,tea,0.835164835164835
food/tea/n07933274_33310.jpg,food,tea,0.851063829787234
food/tea/n07933274_33517.jpg,food,tea,0.791208791208791
food/tea/n07933274_33706.jpg,food,tea,0.742268041237113
food/tea/n07933274_33840.jpg,food,tea,0.792079207920792
food/tea/n07933274_33948.jpg,food,tea,0.875
food/tea/n07933274_33960.jpg,food,tea,0.741071428571429
food/tea/n07933274_33970.jpg,food,tea,0.910891089108911
food/tea/n07933274_34262.jpg,food,tea,0.74390243902439
food/tea/n07933274_34279.jpg,food,tea,0.612244897959184
food/tea/n07933274_34426.jpg,food,tea,0.923076923076923
food/tea/n07933274_34457.jpg,food,tea,0.879120879120879
food/tea/n07933274_34671.jpg,food,tea,0.888888888888889
food/tea/n07933274_34941.jpg,food,tea,0.831578947368421
food/tea/n07933274_35003.jpg,food,tea,0.791208791208791
food/tea/n07933274_35061.jpg,food,tea,0.826086956521739
food/yogurt/n07849336_20003.jpg,food,yogurt,0.701149425287356
food/yogurt/n07849336_20036.jpg,food,yogurt,0.857142857142857
food/yogurt/n07849336_20238.jpg,food,yogurt,0.758620689655172
food/yogurt/n07849336_20273.jpg,food,yogurt,0.865384615384615
food/yogurt/n07849336_20401.jpg,food,yogurt,0.944444444444444
food/yogurt/n07849336_20481.jpg,food,yogurt,0.806451612903226
food/yogurt/n07849336_20531.jpg,food,yogurt,0.876190476190476
food/yogurt/n07849336_20724.jpg,food,yogurt,0.917431192660551
food/yogurt/n07849336_20753.jpg,food,yogurt,0.840425531914894
food/yogurt/n07849336_20809.jpg,food,yogurt,0.82051282051282
food/yogurt/n07849336_20841.jpg,food,yogurt,0.927835051546392
food/yogurt/n07849336_20909.jpg,food,yogurt,0.494949494949495
food/yogurt/n07849336_20970.jpg,food,yogurt,0.853932584269663
food/yogurt/n07849336_21235.jpg,food,yogurt,0.649484536082474
food/yogurt/n07849336_21355.jpg,food,yogurt,0.788461538461538
food/yogurt/n07849336_21675.jpg,food,yogurt,0.807339449541284
food/yogurt/n07849336_21762.jpg,food,yogurt,0.878260869565217
food/yogurt/n07849336_21854.jpg,food,yogurt,0.8125
food/yogurt/n07849336_22025.jpg,food,yogurt,0.792452830188679
food/yogurt/n07849336_22032.jpg,food,yogurt,0.78125
food/yogurt/n07849336_22033.jpg,food,yogurt,0.83495145631068
food/yogurt/n07849336_22239.jpg,food,yogurt,0.787234042553192
food/yogurt/n07849336_22303.jpg,food,yogurt,0.841584158415842
food/yogurt/n07849336_22329.jpg,food,yogurt,0.883333333333333
food/yogurt/n07849336_22388.jpg,food,yogurt,0.76530612244898
food/yogurt/n07849336_22458.jpg,food,yogurt,0.905263157894737
food/yogurt/n07849336_22471.jpg,food,yogurt,0.92156862745098
food/yogurt/n07849336_22546.jpg,food,yogurt,0.69
food/yogurt/n07849336_22919.jpg,food,yogurt,0.824742268041237
food/yogurt/n07849336_22947.jpg,food,yogurt,0.731182795698925
food/yogurt/n07849336_23055.jpg,food,yogurt,0.831775700934579
food/yogurt/n07849336_23123.jpg,food,yogurt,0.906542056074766
food/yogurt/n07849336_24170.jpg,food,yogurt,0.898989898989899
food/yogurt/n07849336_24671.jpg,food,yogurt,0.754385964912281
food/yogurt/n07849336_25045.jpg,food,yogurt,0.803738317757009
food/yogurt/n07849336_25086.jpg,food,yogurt,0.873684210526316
food/yogurt/n07849336_25149.jpg,food,yogurt,0.883928571428571
food/yogurt/n07849336_25344.jpg,food,yogurt,0.699186991869919
food/yogurt/n07849336_25516.jpg,food,yogurt,0.853658536585366
food/yogurt/n07849336_25557.jpg,food,yogurt,0.830188679245283
food/yogurt/n07849336_26037.jpg,food,yogurt,0.851485148514851
food/yogurt/n07849336_26173.jpg,food,yogurt,0.662650602409639
food/yogurt/n07849336_26281.jpg,food,yogurt,0.946808510638298
food/yogurt/n07849336_26407.jpg,food,yogurt,0.747747747747748
food/yogurt/n07849336_27107.jpg,food,yogurt,0.770114942528736
food/yogurt/n07849336_27565.jpg,food,yogurt,0.714285714285714
food/yogurt/n07849336_27581.jpg,food,yogurt,0.773584905660377
food/yogurt/n07849336_28290.jpg,food,yogurt,0.815126050420168
food/yogurt/n07849336_28787.jpg,food,yogurt,0.647058823529412
food/yogurt/n07849336_28836.jpg,food,yogurt,0.755813953488372
food/yogurt/n07849336_28899.jpg,food,yogurt,0.784313725490196
food/yogurt/n07849336_29367.jpg,food,yogurt,0.907216494845361
food/yogurt/n07849336_29721.jpg,food,yogurt,0.702127659574468
food/yogurt/n07849336_30056.jpg,food,yogurt,0.857142857142857
food/yogurt/n07849336_30264.jpg,food,yogurt,0.745283018867924
food/yogurt/n07849336_31247.jpg,food,yogurt,0.890909090909091
food/yogurt/n07849336_31583.jpg,food,yogurt,0.786516853932584
food/yogurt/n07849336_31809.jpg,food,yogurt,0.805309734513274
food/yogurt/n07849336_32035.jpg,food,yogurt,0.871559633027523
food/yogurt/n07849336_32099.jpg,food,yogurt,0.866666666666667
food/yogurt/n07849336_32431.jpg,food,yogurt,0.87962962962963
food/yogurt/n07849336_32731.jpg,food,yogurt,0.841584158415842
food/yogurt/n07849336_33495.jpg,food,yogurt,0.758241758241758
food/zucchini/n07716358_10021.jpg,food,zucchini,0.753086419753086
food/zucchini/n07716358_1006.jpg,food,zucchini,0.875
food/zucchini/n07716358_1018.jpg,food,zucchini,0.855769230769231
food/zucchini/n07716358_10251.jpg,food,zucchini,0.640449438202247
food/zucchini/n07716358_10974.jpg,food,zucchini,0.862745098039216
food/zucchini/n07716358_11383.jpg,food,zucchini,0.781609195402299
food/zucchini/n07716358_11412.jpg,food,zucchini,0.863157894736842
food/zucchini/n07716358_11437.jpg,food,zucchini,0.719101123595506
food/zucchini/n07716358_11450.jpg,food,zucchini,0.924731182795699
food/zucchini/n07716358_11514.jpg,food,zucchini,0.904255319148936
food/zucchini/n07716358_11986.jpg,food,zucchini,0.909090909090909
food/zucchini/n07716358_12371.jpg,food,zucchini,0.821052631578947
food/zucchini/n07716358_12557.jpg,food,zucchini,0.747663551401869
food/zucchini/n07716358_1258.jpg,food,zucchini,0.848484848484849
food/zucchini/n07716358_12705.jpg,food,zucchini,0.851063829787234
food/zucchini/n07716358_15290.jpg,food,zucchini,0.8125
food/zucchini/n07716358_1549.jpg,food,zucchini,0.871559633027523
food/zucchini/n07716358_15527.jpg,food,zucchini,0.842105263157895
food/zucchini/n07716358_15994.jpg,food,zucchini,0.934782608695652
food/zucchini/n07716358_16000.jpg,food,zucchini,0.827272727272727
food/zucchini/n07716358_16756.jpg,food,zucchini,0.731958762886598
food/zucchini/n07716358_16886.jpg,food,zucchini,0.857142857142857
food/zucchini/n07716358_16986.jpg,food,zucchini,0.833333333333333
food/zucchini/n07716358_1799.jpg,food,zucchini,0.803738317757009
food/zucchini/n07716358_18492.jpg,food,zucchini,0.936936936936937
food/zucchini/n07716358_19627.jpg,food,zucchini,0.707865168539326
food/zucchini/n07716358_21207.jpg,food,zucchini,0.909090909090909
food/zucchini/n07716358_21929.jpg,food,zucchini,0.881889763779528
food/zucchini/n07716358_22212.jpg,food,zucchini,0.881720430107527
food/zucchini/n07716358_22242.jpg,food,zucchini,0.893617021276596
food/zucchini/n07716358_23357.jpg,food,zucchini,0.833333333333333
food/zucchini/n07716358_24443.jpg,food,zucchini,0.9
food/zucchini/n07716358_2688.jpg,food,zucchini,0.912698412698413
food/zucchini/n07716358_31011.jpg,food,zucchini,0.845360824742268
food/zucchini/n07716358_3154.jpg,food,zucchini,0.881188118811881
food/zucchini/n07716358_3263.jpg,food,zucchini,0.826530612244898
food/zucchini/n07716358_3451.jpg,food,zucchini,0.823529411764706
food/zucchini/n07716358_3603.jpg,food,zucchini,0.925531914893617
food/zucchini/n07716358_4045.jpg,food,zucchini,0.840336134453782
food/zucchini/n07716358_4376.jpg,food,zucchini,0.822222222222222
food/zucchini/n07716358_5422.jpg,food,zucchini,0.872549019607843
food/zucchini/n07716358_5976.jpg,food,zucchini,0.875
food/zucchini/n07716358_6492.jpg,food,zucchini,0.747126436781609
food/zucchini/n07716358_680.jpg,food,zucchini,0.935483870967742
food/zucchini/n07716358_7251.jpg,food,zucchini,0.819148936170213
food/zucchini/n07716358_7311.jpg,food,zucchini,0.862068965517241
food/zucchini/n07716358_8726.jpg,food,zucchini,0.9
food/zucchini/n07716358_9362.jpg,food,zucchini,0.843478260869565
food/zucchini/n07716358_9686.jpg,food,zucchini,0.891566265060241
food/zucchini/n07716358_9840.jpg,food,zucchini,0.963302752293578
landscape/badlands/00da7332b7397d6f.jpg,landscape,badlands,0.439655172413793
landscape/badlands/059749eaad9544d9.jpg,landscape,badlands,0.359223300970874
landscape/badlands/0a41e7b2e1f24787.jpg,landscape,badlands,0.407407407407407
landscape/badlands/0bdbfdfbf9606d17.jpg,landscape,badlands,0.778947368421053
landscape/badlands/0c25ec21ea3806e6.jpg,landscape,badlands,0.766666666666667
landscape/badlands/0cc4df7bd821eaba.jpg,landscape,badlands,0.696428571428571
landscape/badlands/107a6a75b9ff7593.jpg,landscape,badlands,0.438775510204082
landscape/badlands/1b65eba9195d7b48.jpg,landscape,badlands,0.263157894736842
landscape/badlands/1da1b998c1df5ab0.jpg,landscape,badlands,0.476923076923077
landscape/badlands/1dec1025e732839a.jpg,landscape,badlands,0.574257425742574
landscape/badlands/268ae58502ee8494.jpg,landscape,badlands,0.662921348314607
landscape/badlands/28ebdb960cfc3dbd.jpg,landscape,badlands,0.703296703296703
landscape/badlands/2a29b88a3087549c.jpg,landscape,badlands,0.733333333333333
landscape/badlands/2b70d9312b233b85.jpg,landscape,badlands,0.390804597701149
landscape/badlands/2d3e71fb4b3ff54c.jpg,landscape,badlands,0.601941747572815
landscape/badlands/2da2f8e4173ec2d8.jpg,landscape,badlands,0.401869158878505
landscape/badlands/52bd0abf2480dfcd.jpg,landscape,badlands,0.306818181818182
landscape/badlands/542429bec668190a.jpg,landscape,badlands,0.436170212765957
landscape/badlands/7015248aec86e3ca.jpg,landscape,badlands,0.653465346534653
landscape/badlands/73b01924148f9a88.jpg,landscape,badlands,0.56989247311828
landscape/badlands/74829e0dff4fb883.jpg,landscape,badlands,0.459183673469388
landscape/badlands/75a33eb7832e35bf.jpg,landscape,badlands,0.486486486486487
landscape/badlands/781ab453ae76a695.jpg,landscape,badlands,0.725
landscape/badlands/7c2a6958d5f04db7.jpg,landscape,badlands,0.401869158878505
landscape/badlands/7d8fd8f343ad653c.jpg,landscape,badlands,0.443396226415094
landscape/badlands/7fdd6659bc009251.jpg,landscape,badlands,0.623853211009174
landscape/badlands/82b0bd6fbadf3ec9.jpg,landscape,badlands,0.4
landscape/badlands/83e633a2e8135127.jpg,landscape,badlands,0.52
landscape/badlands/8797c6121f65e4e3.jpg,landscape,badlands,0.875
landscape/badlands/98a873a3a095d8a4.jpg,landscape,badlands,0.307692307692308
landscape/badlands/9dab048bfbdd7bbb.jpg,landscape,badlands,0.494623655913978
landscape/badlands/a0c9618ba54fff18.jpg,landscape,badlands,0.783505154639175
landscape/badlands/a0de488cdeace1df.jpg,landscape,badlands,0.357894736842105
landscape/badlands/ab3255d92dfcb5ab.jpg,landscape,badlands,0.42
landscape/badlands/ac3390421ba8e3dc.jpg,landscape,badlands,0.702127659574468
landscape/badlands/acb9398303757285.jpg,landscape,badlands,0.672413793103448
landscape/badlands/b01e802e7b08c078.jpg,landscape,badlands,0.284313725490196
landscape/badlands/b11e37afd9ca3853.jpg,landscape,badlands,0.26
landscape/badlands/b2bee0c1ec3cc149.jpg,landscape,badlands,0.688679245283019
landscape/badlands/b58ab34a53532e2f.jpg,landscape,badlands,0.484536082474227
landscape/badlands/b72dffd33c2f2bbc.jpg,landscape,badlands,0.647058823529412
landscape/badlands/b7fe4bc808463620.jpg,landscape,badlands,0.394230769230769
landscape/badlands/ba265c6531f7a08d.jpg,landscape,badlands,0.420454545454545
landscape/badlands/bbf382bbbdf2b5dd.jpg,landscape,badlands,0.294117647058824
landscape/badlands/c288579b7d3380a8.jpg,landscape,badlands,0.695652173913043
landscape/badlands/c7664b0fa8cf14c0.jpg,landscape,badlands,0.598039215686274
landscape/badlands/c88aa10132f2e108.jpg,landscape,badlands,0.452631578947368
landscape/badlands/d5a7faf3171bfdaa.jpg,landscape,badlands,0.409090909090909
landscape/badlands/dbba62b95db78bc0.jpg,landscape,badlands,0.5125
landscape/badlands/f3de0d72febbe17f.jpg,landscape,badlands,0.8125
landscape/badlands/f794981f98222f1a.jpg,landscape,badlands,0.49
landscape/badlands/sun_aabtemlmesogqbbp.jpg,landscape,badlands,0.466019417475728
landscape/badlands/sun_aafufhgywldccful.jpg,landscape,badlands,0.490566037735849
landscape/badlands/sun_acbedfdkmesyeogi.jpg,landscape,badlands,0.638888888888889
landscape/badlands/sun_acqtguiyneoekymy.jpg,landscape,badlands,0.533333333333333
landscape/badlands/sun_acywrsqkjcxhexft.jpg,landscape,badlands,0.55
landscape/badlands/sun_afjyijsdqpcdnjoq.jpg,landscape,badlands,0.469387755102041
landscape/badlands/sun_afnvhdshiuypvkuh.jpg,landscape,badlands,0.40625
landscape/badlands/sun_afrzvqxvclehrgoh.jpg,landscape,badlands,0.481481481481481
landscape/badlands/sun_agudaktqbpkgxxhn.jpg,landscape,badlands,0.57
landscape/badlands/sun_aitbuzxgbexdoeda.jpg,landscape,badlands,0.357894736842105
landscape/badlands/sun_aiygmeizvjhdqbep.jpg,landscape,badlands,0.436893203883495
landscape/badlands/sun_ajpdesmpmbcnhujq.jpg,landscape,badlands,0.484848484848485
landscape/badlands/sun_ajtvysscoirnzowp.jpg,landscape,badlands,0.683333333333333
landscape/badlands/sun_akriyetrhoopjsdy.jpg,landscape,badlands,0.553571428571429
landscape/badlands/sun_akynhepkzcxxkgow.jpg,landscape,badlands,0.373913043478261
landscape/badlands/sun_akzatmmwjirnsqtm.jpg,landscape,badlands,0.432
landscape/badlands/sun_almgxeqkzurgtvxc.jpg,landscape,badlands,0.359550561797753
landscape/badlands/sun_alwuoiefepifbttr.jpg,landscape,badlands,0.427184466019417
landscape/badlands/sun_annigentdnxzfcct.jpg,landscape,badlands,0.277227722772277
landscape/badlands/sun_anowzijwkurybpjf.jpg,landscape,badlands,0.434782608695652
landscape/badlands/sun_antdfwhuefttipaf.jpg,landscape,badlands,0.778947368421053
landscape/badlands/sun_aoctxvsbexxwkqqe.jpg,landscape,badlands,0.614583333333333
landscape/badlands/sun_aosvqijvmwznjrsh.jpg,landscape,badlands,0.404040404040404
landscape/badlands/sun_apfnwcsymntkbqrf.jpg,landscape,badlands,0.480392156862745
landscape/badlands/sun_apuwqhnxyyoryrhd.jpg,landscape,badlands,0.488888888888889
landscape/badlands/sun_asvcfruitoxygxrv.jpg,landscape,badlands,0.369047619047619
landscape/badlands/sun_attunurkvvvrpksl.jpg,landscape,badlands,0.26
landscape/badlands/sun_auqxyqokuctxomkt.jpg,landscape,badlands,0.410526315789474
landscape/badlands/sun_awcogbgxpqgyyrdo.jpg,landscape,badlands,0.521276595744681
landscape/badlands/sun_axsymjusrygftnzi.jpg,landscape,badlands,0.548780487804878
landscape/badlands/sun_ayoerapgbyhrmmlq.jpg,landscape,badlands,0.382022471910112
landscape/badlands/sun_azmctncekrqydlxc.jpg,landscape,badlands,0.536363636363636
landscape/badlands/sun_bcyqhmsuncrhyodx.jpg,landscape,badlands,0.516666666666667
landscape/badlands/sun_belkzcvlquyyzxlu.jpg,landscape,badlands,0.395604395604396
landscape/badlands/sun_beyqkdhbapysbwbv.jpg,landscape,badlands,0.376344086021505
landscape/badlands/sun_bflturjnhzlhrmth.jpg,landscape,badlands,0.398305084745763
landscape/badlands/sun_bhribroenyyculkx.jpg,landscape,badlands,0.572916666666667
landscape/badlands/sun_biqmabkmyhrrasmc.jpg,landscape,badlands,0.357142857142857
landscape/badlands/sun_bjrxopjiakyihdqo.jpg,landscape,badlands,0.470588235294118
landscape/badlands/sun_bkndlzaanugxpvaq.jpg,landscape,badlands,0.528735632183908
landscape/badlands/sun_bljyguxxfiakvvcz.jpg,landscape,badlands,0.317647058823529
landscape/badlands/sun_bmoouvnnsnxypsla.jpg,landscape,badlands,0.207920792079208
landscape/badlands/sun_bzbwppkmmulpqnkr.jpg,landscape,badlands,0.380434782608696
landscape/badlands/sun_bzlmupmmiqdoxiio.jpg,landscape,badlands,0.290322580645161
landscape/barn/n02793495_10000.jpg,landscape,barn,0.691588785046729
landscape/barn/n02793495_10790.jpg,landscape,barn,0.48695652173913
landscape/barn/n02793495_10847.jpg,landscape,barn,0.714285714285714
landscape/barn/n02793495_11186.jpg,landscape,barn,0.466101694915254
landscape/barn/n02793495_11567.jpg,landscape,barn,0.698924731182796
landscape/barn/n02793495_12207.jpg,landscape,barn,0.77
landscape/barn/n02793495_12235.jpg,landscape,barn,0.578947368421053
landscape/barn/n02793495_12386.jpg,landscape,barn,0.672897196261682
landscape/barn/n02793495_12521.jpg,landscape,barn,0.683168316831683
landscape/barn/n02793495_13346.jpg,landscape,barn,0.612244897959184
landscape/barn/n02793495_13455.jpg,landscape,barn,0.607476635514019
landscape/barn/n02793495_13459.jpg,landscape,barn,0.694736842105263
landscape/barn/n02793495_1349.jpg,landscape,barn,0.617647058823529
landscape/barn/n02793495_13493.jpg,landscape,barn,0.719626168224299
landscape/barn/n02793495_14549.jpg,landscape,barn,0.63302752293578
landscape/barn/n02793495_14786.jpg,landscape,barn,0.647619047619048
landscape/barn/n02793495_15038.jpg,landscape,barn,0.651162790697674
landscape/barn/n02793495_15347.jpg,landscape,barn,0.391304347826087
landscape/barn/n02793495_16056.jpg,landscape,barn,0.72
landscape/barn/n02793495_16251.jpg,landscape,barn,0.80952380952381
landscape/barn/n02793495_1647.jpg,landscape,barn,0.618556701030928
landscape/barn/n02793495_16996.jpg,landscape,barn,0.785714285714286
landscape/barn/n02793495_18211.jpg,landscape,barn,0.525252525252525
landscape/barn/n02793495_183.jpg,landscape,barn,0.46875
landscape/barn/n02793495_18304.jpg,landscape,barn,0.693181818181818
landscape/barn/n02793495_18722.jpg,landscape,barn,0.572916666666667
landscape/barn/n02793495_18999.jpg,landscape,barn,0.735294117647059
landscape/barn/n02793495_1919.jpg,landscape,barn,0.686274509803922
landscape/barn/n02793495_19291.jpg,landscape,barn,0.537735849056604
landscape/barn/n02793495_19836.jpg,landscape,barn,0.75
landscape/barn/n02793495_20435.jpg,landscape,barn,0.703296703296703
landscape/barn/n02793495_20454.jpg,landscape,barn,0.75
landscape/barn/n02793495_2078.jpg,landscape,barn,0.36734693877551
landscape/barn/n02793495_22911.jpg,landscape,barn,0.598214285714286
landscape/barn/n02793495_22937.jpg,landscape,barn,0.623762376237624
landscape/barn/n02793495_2351.jpg,landscape,barn,0.65
landscape/barn/n02793495_2506.jpg,landscape,barn,0.541666666666667
landscape/barn/n02793495_2558.jpg,landscape,barn,0.480519480519481
landscape/barn/n02793495_2868.jpg,landscape,barn,0.61
landscape/barn/n02793495_297.jpg,landscape,barn,0.675
landscape/barn/n02793495_352.jpg,landscape,barn,0.648351648351648
landscape/barn/n02793495_3658.jpg,landscape,barn,0.764705882352941
landscape/barn/n02793495_3852.jpg,landscape,barn,0.548387096774194
landscape/barn/n02793495_386.jpg,landscape,barn,0.704761904761905
landscape/barn/n02793495_3970.jpg,landscape,barn,0.588235294117647
landscape/barn/n02793495_4056.jpg,landscape,barn,0.75
landscape/barn/n02793495_4091.jpg,landscape,barn,0.603603603603604
landscape/barn/n02793495_4187.jpg,landscape,barn,0.822222222222222
landscape/barn/n02793495_4333.jpg,landscape,barn,0.65
landscape/barn/n02793495_435.jpg,landscape,barn,0.654867256637168
landscape/barn/n02793495_4687.jpg,landscape,barn,0.739837398373984
landscape/barn/n02793495_4712.jpg,landscape,barn,0.55
landscape/barn/n02793495_4908.jpg,landscape,barn,0.473684210526316
landscape/barn/n02793495_5227.jpg,landscape,barn,0.693069306930693
landscape/barn/n02793495_5293.jpg,landscape,barn,0.556701030927835
landscape/barn/n02793495_5839.jpg,landscape,barn,0.554347826086957
landscape/barn/n02793495_5941.jpg,landscape,barn,0.707317073170732
landscape/barn/n02793495_6042.jpg,landscape,barn,0.724137931034483
landscape/barn/n02793495_6199.jpg,landscape,barn,0.537037037037037
landscape/barn/n02793495_6295.jpg,landscape,barn,0.428571428571429
landscape/barn/n02793495_6305.jpg,landscape,barn,0.46078431372549
landscape/barn/n02793495_6515.jpg,landscape,barn,0.634408602150538
landscape/barn/n02793495_666.jpg,landscape,barn,0.728155339805825
landscape/barn/n02793495_6761.jpg,landscape,barn,0.722222222222222
landscape/barn/n02793495_6766.jpg,landscape,barn,0.571428571428571
landscape/barn/n02793495_6822.jpg,landscape,barn,0.65625
landscape/barn/n02793495_6971.jpg,landscape,barn,0.6
landscape/barn/n02793495_7335.jpg,landscape,barn,0.733333333333333
landscape/barn/n02793495_7388.jpg,landscape,barn,0.694736842105263
landscape/barn/n02793495_742.jpg,landscape,barn,0.686868686868687
landscape/barn/n02793495_7457.jpg,landscape,barn,0.706666666666667
landscape/barn/n02793495_7506.jpg,landscape,barn,0.675
landscape/barn/n02793495_7531.jpg,landscape,barn,0.621359223300971
landscape/barn/n02793495_7616.jpg,landscape,barn,0.526315789473684
landscape/barn/n02793495_7832.jpg,landscape,barn,0.729166666666667
landscape/barn/n02793495_8006.jpg,landscape,barn,0.651785714285714
landscape/barn/n02793495_8093.jpg,landscape,barn,0.733333333333333
landscape/barn/n02793495_8339.jpg,landscape,barn,0.552083333333333
landscape/barn/n02793495_8390.jpg,landscape,barn,0.566037735849057
landscape/barn/n02793495_8429.jpg,landscape,barn,0.577777777777778
landscape/barn/n02793495_8638.jpg,landscape,barn,0.648351648351648
landscape/barn/n02793495_8814.jpg,landscape,barn,0.611111111111111
landscape/barn/n02793495_8877.jpg,landscape,barn,0.6
landscape/barn/n02793495_9481.jpg,landscape,barn,0.688679245283019
landscape/barn/n02793495_950.jpg,landscape,barn,0.533333333333333
landscape/barn/n02793495_9512.jpg,landscape,barn,0.452830188679245
landscape/creek/00a72fa141918070.jpg,landscape,creek,0.418604651162791
landscape/creek/01bd4bab4175a966.jpg,landscape,creek,0.536363636363636
landscape/creek/05afa89b37d9be10.jpg,landscape,creek,0.6
landscape/creek/0618cd4758301cb9.jpg,landscape,creek,0.389473684210526
landscape/creek/073d23092eef5bfb.jpg,landscape,creek,0.652542372881356
landscape/creek/087dbe6470966500.jpg,landscape,creek,0.553398058252427
landscape/creek/131887bc16929743.jpg,landscape,creek,0.450980392156863
landscape/creek/140890848a829520.jpg,landscape,creek,0.435294117647059
landscape/creek/1de1c35c00ce3111.jpg,landscape,creek,0.587155963302752
landscape/creek/1e2d358378956a37.jpg,landscape,creek,0.495145631067961
landscape/creek/201efab9064c75a7.jpg,landscape,creek,0.484848484848485
landscape/creek/2c06e792a2b5823c.jpg,landscape,creek,0.476635514018692
landscape/creek/2e8af3c96d099203.jpg,landscape,creek,0.43010752688172
landscape/creek/372644d098fe67ac.jpg,landscape,creek,0.40495867768595
landscape/creek/463f022d60c8c47e.jpg,landscape,creek,0.572815533980582
landscape/creek/4b9dd131b6d77acd.jpg,landscape,creek,0.479591836734694
landscape/creek/4ec1db0726dc0eb9.jpg,landscape,creek,0.422222222222222
landscape/creek/559d6b3d60bdf647.jpg,landscape,creek,0.576086956521739
landscape/creek/57325acb63287b6e.jpg,landscape,creek,0.696969696969697
landscape/creek/5ae9c86a0d3ec94d.jpg,landscape,creek,0.517241379310345
landscape/creek/5c5e8f097fa56b06.jpg,landscape,creek,0.367924528301887
landscape/creek/5cd6e415c8c6d151.jpg,landscape,creek,0.537735849056604
landscape/creek/5ce6490d4d1dbdf8.jpg,landscape,creek,0.484536082474227
landscape/creek/5d4485ce19cf9ff1.jpg,landscape,creek,0.524271844660194
landscape/creek/61a523fb9fa663e8.jpg,landscape,creek,0.333333333333333
landscape/creek/641cb302c6e9b8a1.jpg,landscape,creek,0.648936170212766
landscape/creek/6b8aaacf3a46ccc7.jpg,landscape,creek,0.535714285714286
landscape/creek/6c2d44f9a68bbe96.jpg,landscape,creek,0.660377358490566
landscape/creek/741cb9983009b9d4.jpg,landscape,creek,0.351851851851852
landscape/creek/7b96be62afaaac4d.jpg,landscape,creek,0.443181818181818
landscape/creek/7f03ee12590a2446.jpg,landscape,creek,0.455555555555556
landscape/creek/813c63e15bffdef1.jpg,landscape,creek,0.436170212765957
landscape/creek/8474877e90b4ab52.jpg,landscape,creek,0.678571428571429
landscape/creek/947574afed9997e3.jpg,landscape,creek,0.54
landscape/creek/956de88eec561f18.jpg,landscape,creek,0.531914893617021
landscape/creek/9abd18b0c7220a0d.jpg,landscape,creek,0.5
landscape/creek/9c5107164aa3514f.jpg,landscape,creek,0.522222222222222
landscape/creek/9e81775a5eb30dd0.jpg,landscape,creek,0.483870967741935
landscape/creek/a64321454ce3af8a.jpg,landscape,creek,0.460176991150442
landscape/creek/b23a9b62c338a34a.jpg,landscape,creek,0.510869565217391
landscape/creek/b473f6b302b8ece8.jpg,landscape,creek,0.360824742268041
landscape/creek/b52fbb2521836cc7.jpg,landscape,creek,0.446428571428571
landscape/creek/be3ff20a17c22e90.jpg,landscape,creek,0.395833333333333
landscape/creek/be93f13ea8c14ee4.jpg,landscape,creek,0.468085106382979
landscape/creek/c288b628fb00ac02.jpg,landscape,creek,0.571428571428571
landscape/creek/d1a8ea41abbabc91.jpg,landscape,creek,0.474747474747475
landscape/creek/d37ce84bd17e9211.jpg,landscape,creek,0.49438202247191
landscape/creek/d48a4be9c6c9d170.jpg,landscape,creek,0.485148514851485
landscape/creek/db65aaa975ba7c84.jpg,landscape,creek,0.47
landscape/creek/dd97cf9ce8a82992.jpg,landscape,creek,0.53
landscape/creek/df76ffc41182400a.jpg,landscape,creek,0.505050505050505
landscape/creek/e152d5868447723e.jpg,landscape,creek,0.366071428571429
landscape/creek/e9b2d88b44dc398f.jpg,landscape,creek,0.714285714285714
landscape/creek/ea8f9fc441045158.jpg,landscape,creek,0.333333333333333
landscape/creek/ed957e8fc936d13b.jpg,landscape,creek,0.388888888888889
landscape/creek/f1a0fbb794a4ce48.jpg,landscape,creek,0.594594594594595
landscape/creek/sun_aaacmydfmcozlpel.jpg,landscape,creek,0.509615384615385
landscape/creek/sun_aajttwmkstixpqmk.jpg,landscape,creek,0.333333333333333
landscape/creek/sun_aanfjwabnufovale.jpg,landscape,creek,0.581818181818182
landscape/creek/sun_actgnbsscuyuuawn.jpg,landscape,creek,0.423913043478261
landscape/creek/sun_adldsxrckcxskwaa.jpg,landscape,creek,0.472222222222222
landscape/creek/sun_aebcvprafheupjve.jpg,landscape,creek,0.581632653061224
landscape/creek/sun_aermylfjqkdyfriq.jpg,landscape,creek,0.407407407407407
landscape/creek/sun_afxtgecjnlpwldpz.jpg,landscape,creek,0.311320754716981
landscape/creek/sun_agolreejblugpbjs.jpg,landscape,creek,0.569444444444444
landscape/creek/sun_ahzprtdsycxhoqdq.jpg,landscape,creek,0.397849462365591
landscape/creek/sun_aioimawbzwwqcygr.jpg,landscape,creek,0.609090909090909
landscape/creek/sun_ajcopavjqtimjnsa.jpg,landscape,creek,0.369047619047619
landscape/creek/sun_ajtyybhnsrlhgzrj.jpg,landscape,creek,0.5
landscape/creek/sun_ajwkskkzoxfeqyqi.jpg,landscape,creek,0.417582417582418
landscape/creek/sun_amkixpdbwspaesca.jpg,landscape,creek,0.576086956521739
landscape/creek/sun_ammtyagxwuynloho.jpg,landscape,creek,0.376068376068376
landscape/creek/sun_amstctgduhgtglor.jpg,landscape,creek,0.46
landscape/creek/sun_aobzojzeyotxkmpe.jpg,landscape,creek,0.509259259259259
landscape/creek/sun_aprctqsrjhrpevzy.jpg,landscape,creek,0.632183908045977
landscape/creek/sun_aqjctcdzynstdphs.jpg,landscape,creek,0.505494505494505
landscape/creek/sun_aqtlcclamvffivey.jpg,landscape,creek,0.50561797752809
landscape/creek/sun_aqvjdljstjrakyei.jpg,landscape,creek,0.521739130434783
landscape/creek/sun_arkqnfqxddjeoygu.jpg,landscape,creek,0.684782608695652
landscape/creek/sun_aruzhowbjizakxna.jpg,landscape,creek,0.28
landscape/creek/sun_arwbkcpbnacrivin.jpg,landscape,creek,0.572916666666667
landscape/creek/sun_asmuwsqhwjdxgbnv.jpg,landscape,creek,0.5
landscape/creek/sun_aualbeefqekxpoue.jpg,landscape,creek,0.378947368421053
landscape/creek/sun_auldcjwiqhhhwcld.jpg,landscape,creek,0.280487804878049
landscape/creek/sun_avkfkuagzulwurbc.jpg,landscape,creek,0.485436893203884
landscape/creek/sun_axcrysjbknmdgxyo.jpg,landscape,creek,0.608695652173913
landscape/creek/sun_axfsimotavzqntkx.jpg,landscape,creek,0.361904761904762
landscape/creek/sun_azxubsqvphflkrru.jpg,landscape,creek,0.4875
landscape/desert/n09270735_10323.jpg,landscape,desert,0.721649484536082
landscape/desert/n09270735_10417.jpg,landscape,desert,0.669811320754717
landscape/desert/n09270735_10593.jpg,landscape,desert,0.815217391304348
landscape/desert/n09270735_10720.jpg,landscape,desert,0.518867924528302
landscape/desert/n09270735_11406.jpg,landscape,desert,0.434343434343434
landscape/desert/n09270735_11686.jpg,landscape,desert,0.888888888888889
landscape/desert/n09270735_12116.jpg,landscape,desert,0.689320388349515
landscape/desert/n09270735_12770.jpg,landscape,desert,0.648148148148148
landscape/desert/n09270735_13703.jpg,landscape,desert,0.588235294117647
landscape/desert/n09270735_13713.jpg,landscape,desert,0.757009345794392
landscape/desert/n09270735_14002.jpg,landscape,desert,0.815126050420168
landscape/desert/n09270735_14484.jpg,landscape,desert,0.616161616161616
landscape/desert/n09270735_159.jpg,landscape,desert,0.745098039215686
landscape/desert/n09270735_16660.jpg,landscape,desert,0.771739130434783
landscape/desert/n09270735_16991.jpg,landscape,desert,0.39622641509434
landscape/desert/n09270735_1884.jpg,landscape,desert,0.702970297029703
landscape/desert/n09270735_19117.jpg,landscape,desert,0.584158415841584
landscape/desert/n09270735_19211.jpg,landscape,desert,0.669811320754717
landscape/desert/n09270735_19361.jpg,landscape,desert,0.514851485148515
landscape/desert/n09270735_19405.jpg,landscape,desert,0.555555555555556
landscape/desert/n09270735_19890.jpg,landscape,desert,0.604395604395604
landscape/desert/n09270735_21232.jpg,landscape,desert,0.75
landscape/desert/n09270735_22315.jpg,landscape,desert,0.78125
landscape/desert/n09270735_22985.jpg,landscape,desert,0.552380952380952
landscape/desert/n09270735_23003.jpg,landscape,desert,0.622448979591837
landscape/desert/n09270735_24858.jpg,landscape,desert,0.658119658119658
landscape/desert/n09270735_25350.jpg,landscape,desert,0.67741935483871
landscape/desert/n09270735_25780.jpg,landscape,desert,0.684782608695652
landscape/desert/n09270735_27340.jpg,landscape,desert,0.490740740740741
landscape/desert/n09270735_2754.jpg,landscape,desert,0.530612244897959
landscape/desert/n09270735_28592.jpg,landscape,desert,0.791666666666667
landscape/desert/n09270735_30434.jpg,landscape,desert,0.543478260869565
landscape/desert/n09270735_30833.jpg,landscape,desert,0.459459459459459
landscape/desert/n09270735_31177.jpg,landscape,desert,0.41747572815534
landscape/desert/n09270735_31455.jpg,landscape,desert,0.368852459016393
landscape/desert/n09270735_3215.jpg,landscape,desert,0.791666666666667
landscape/desert/n09270735_3519.jpg,landscape,desert,0.701754385964912
landscape/desert/n09270735_4151.jpg,landscape,desert,0.592920353982301
landscape/desert/n09270735_4178.jpg,landscape,desert,0.587628865979381
landscape/desert/n09270735_41870.jpg,landscape,desert,0.6
landscape/desert/n09270735_44665.jpg,landscape,desert,0.537634408602151
landscape/desert/n09270735_4773.jpg,landscape,desert,0.638095238095238
landscape/desert/n09270735_51499.jpg,landscape,desert,0.59375
landscape/desert/n09270735_53301.jpg,landscape,desert,0.536363636363636
landscape/desert/n09270735_5926.jpg,landscape,desert,0.838383838383838
landscape/desert/n09270735_6787.jpg,landscape,desert,0.820224719101124
landscape/desert/n09270735_7535.jpg,landscape,desert,0.809917355371901
landscape/desert/n09270735_7649.jpg,landscape,desert,0.735632183908046
landscape/desert/n09270735_7828.jpg,landscape,desert,0.663461538461538
landscape/desert/n09270735_8128.jpg,landscape,desert,0.75531914893617
landscape/desert/n09270735_8900.jpg,landscape,desert,0.419047619047619
landscape/desert/n09270735_9296.jpg,landscape,desert,0.357142857142857
landscape/desert/n09270735_9546.jpg,landscape,desert,0.588888888888889
landscape/desert/n09270735_9551.jpg,landscape,desert,0.711111111111111
landscape/desert/n09270735_9869.jpg,landscape,desert,0.38
landscape/desert/sun_aafqfjpechscyidz.jpg,landscape,desert,0.536585365853659
landscape/desert/sun_aaqyzvrweabdxjzo.jpg,landscape,desert,0.8
landscape/desert/sun_acztaebqvjaggqyh.jpg,landscape,desert,0.632075471698113
landscape/desert/sun_adpbjcrpyetqykvt.jpg,landscape,desert,0.761467889908257
landscape/desert/sun_aeepoeftnvbdasao.jpg,landscape,desert,0.693181818181818
landscape/desert/sun_afdglfvfgxhjtaky.jpg,landscape,desert,0.796116504854369
landscape/desert/sun_aiatoxvclffgxjts.jpg,landscape,desert,0.383177570093458
landscape/desert/sun_aigxgjoofoaxhxor.jpg,landscape,desert,0.577319587628866
landscape/desert/sun_aitgdfoepkcgqpkg.jpg,landscape,desert,0.737864077669903
landscape/desert/sun_akdmpkixtkbhhkbr.jpg,landscape,desert,0.511627906976744
landscape/desert/sun_aqtstmhxxgspchdn.jpg,landscape,desert,0.495049504950495
landscape/desert/sun_argapbxamkdubgcw.jpg,landscape,desert,0.32967032967033
landscape/desert/sun_asxxlgfchcyhhjgr.jpg,landscape,desert,0.693548387096774
landscape/desert/sun_atfudzdjdouzqtgp.jpg,landscape,desert,0.705357142857143
landscape/desert/sun_atujmqovmioxulez.jpg,landscape,desert,0.663461538461538
landscape/desert/sun_atyasoydrjavyfux.jpg,landscape,desert,0.660869565217391
landscape/desert/sun_augiwpnmzxrwivst.jpg,landscape,desert,0.479166666666667
landscape/desert/sun_avawcmcabmaoywsj.jpg,landscape,desert,0.553398058252427
landscape/desert/sun_avmxdpydhkugmnzh.jpg,landscape,desert,0.786407766990291
landscape/desert/sun_awwfkbrvfgrhwznp.jpg,landscape,desert,0.75
landscape/desert/sun_axftaijddzvbjaik.jpg,landscape,desert,0.618181818181818
landscape/desert/sun_aypzejealkrzrqxx.jpg,landscape,desert,0.612903225806452
landscape/desert/sun_ayyysrlyzcgxgato.jpg,landscape,desert,0.311827956989247
landscape/desert/sun_azskkbpdayjlqhjm.jpg,landscape,desert,0.553191489361702
landscape/field/n09393605_10919.jpg,landscape,field,0.243697478991597
landscape/field/n09393605_13641.jpg,landscape,field,0.516949152542373
landscape/field/n09393605_15838.jpg,landscape,field,0.883495145631068
landscape/field/n09393605_18819.jpg,landscape,field,0.376344086021505
landscape/field/n09393605_19602.jpg,landscape,field,0.614457831325301
landscape/field/n09393605_21966.jpg,landscape,field,0.368932038834951
landscape/field/n09393605_22474.jpg,landscape,field,0.663366336633663
landscape/field/n09393605_23049.jpg,landscape,field,0.356521739130435
landscape/field/n09393605_23116.jpg,landscape,field,0.475247524752475
landscape/field/n09393605_23937.jpg,landscape,field,0.504424778761062
landscape/field/n09393605_25625.jpg,landscape,field,0.352941176470588
landscape/field/n09393605_26601.jpg,landscape,field,0.766355140186916
landscape/field/n09393605_28586.jpg,landscape,field,0.494505494505495
landscape/field/n09393605_29445.jpg,landscape,field,0.465116279069767
landscape/field/n09393605_32348.jpg,landscape,field,0.519607843137255
landscape/field/n09393605_32817.jpg,landscape,field,0.247787610619469
landscape/field/n09393605_3369.jpg,landscape,field,0.36046511627907
landscape/field/n09393605_34572.jpg,landscape,field,0.422018348623853
landscape/field/n09393605_35662.jpg,landscape,field,0.326530612244898
landscape/field/n09393605_36719.jpg,landscape,field,0.470588235294118
landscape/field/n09393605_36825.jpg,landscape,field,0.527777777777778
landscape/field/n09393605_38089.jpg,landscape,field,0.524752475247525
landscape/field/n09393605_40542.jpg,landscape,field,0.380952380952381
landscape/field/n09393605_41164.jpg,landscape,field,0.438775510204082
landscape/field/n09393605_41697.jpg,landscape,field,0.5
landscape/field/n09393605_42636.jpg,landscape,field,0.340909090909091
landscape/field/n09393605_43491.jpg,landscape,field,0.4
landscape/field/n09393605_44117.jpg,landscape,field,0.801801801801802
landscape/field/n09393605_45426.jpg,landscape,field,0.575471698113208
landscape/field/n09393605_45715.jpg,landscape,field,0.427083333333333
landscape/field/n09393605_53199.jpg,landscape,field,0.366666666666667
landscape/field/n09393605_54331.jpg,landscape,field,0.546296296296296
landscape/field/n09393605_55115.jpg,landscape,field,0.611111111111111
landscape/field/n09393605_55618.jpg,landscape,field,0.343434343434343
landscape/field/n09393605_55896.jpg,landscape,field,0.304761904761905
landscape/field/n09393605_56109.jpg,landscape,field,0.597938144329897
landscape/field/n09393605_57047.jpg,landscape,field,0.443396226415094
landscape/field/n09393605_57575.jpg,landscape,field,0.720720720720721
landscape/field/n09393605_58117.jpg,landscape,field,0.685714285714286
landscape/field/n09393605_58223.jpg,landscape,field,0.585585585585586
landscape/field/n09393605_59095.jpg,landscape,field,0.48695652173913
landscape/field/n09393605_59157.jpg,landscape,field,0.848484848484849
landscape/field/n09393605_59874.jpg,landscape,field,0.630434782608696
landscape/field/n09393605_60345.jpg,landscape,field,0.570093457943925
landscape/field/n09393605_60351.jpg,landscape,field,0.509615384615385
landscape/field/n09393605_60769.jpg,landscape,field,0.383838383838384
landscape/field/n09393605_61113.jpg,landscape,field,0.522222222222222
landscape/field/n09393605_61186.jpg,landscape,field,0.504587155963303
landscape/field/n09393605_61672.jpg,landscape,field,0.707547169811321
landscape/field/n09393605_62233.jpg,landscape,field,0.666666666666667
landscape/field/n09393605_63335.jpg,landscape,field,0.423076923076923
landscape/field/n09393605_63557.jpg,landscape,field,0.535353535353535
landscape/field/n09393605_64280.jpg,landscape,field,0.631578947368421
landscape/field/n09393605_64469.jpg,landscape,field,0.47
landscape/field/n09393605_64522.jpg,landscape,field,0.759615384615385
landscape/field/n09393605_64746.jpg,landscape,field,0.317073170731707
landscape/field/n09393605_64769.jpg,landscape,field,0.6
landscape/field/n09393605_65534.jpg,landscape,field,0.46078431372549
landscape/field/n09393605_65656.jpg,landscape,field,0.45360824742268
landscape/field/n09393605_66477.jpg,landscape,field,0.458333333333333
landscape/field/n09393605_67108.jpg,landscape,field,0.444444444444444
landscape/field/n09393605_67555.jpg,landscape,field,0.373626373626374
landscape/field/n09393605_67985.jpg,landscape,field,0.454545454545455
landscape/field/n09393605_8686.jpg,landscape,field,0.845588235294118
landscape/field/n09393605_8873.jpg,landscape,field,0.831775700934579
landscape/field/n09393605_8966.jpg,landscape,field,0.785714285714286
landscape/field/n12142085_35169.jpg,landscape,field,0.602040816326531
landscape/field/n12142085_610.jpg,landscape,field,0.623529411764706
landscape/field/n12142085_905.jpg,landscape,field,0.571428571428571
landscape/field/sun_aacbgqunsjqeatcv.jpg,landscape,field,0.417391304347826
landscape/field/sun_aafjjnugpsuiktvh.jpg,landscape,field,0.588785046728972
landscape/field/sun_aanjgkilxhsgjsyw.jpg,landscape,field,0.580952380952381
landscape/field/sun_aaylzyqlqrsmfwif.jpg,landscape,field,0.87037037037037
landscape/field/sun_aayounnakjpewywf.jpg,landscape,field,0.474576271186441
landscape/field/sun_abhdwxcqinxtyvao.jpg,landscape,field,0.561224489795918
landscape/field/sun_abowtotrrzpbhvqh.jpg,landscape,field,0.678571428571429
landscape/field/sun_abrwdgsipagiljbz.jpg,landscape,field,0.586538461538462
landscape/field/sun_acdirvgzjzazssye.jpg,landscape,field,0.423529411764706
landscape/field/sun_acfbqplfoqfohnbj.jpg,landscape,field,0.485436893203884
landscape/field/sun_acipoggjpwiqmypg.jpg,landscape,field,0.742857142857143
landscape/field/sun_afdaynbvsppiyvxm.jpg,landscape,field,0.583333333333333
landscape/field/sun_afhkdvryuyyjsafb.jpg,landscape,field,0.543478260869565
landscape/field/sun_agojeoiyczsgnqtp.jpg,landscape,field,0.762376237623762
landscape/field/sun_ahbpkeenybzvljnk.jpg,landscape,field,0.682242990654206
landscape/field/sun_ajljoxfiwrskkpcc.jpg,landscape,field,0.625
landscape/field/sun_akdbxepnruyrbtrp.jpg,landscape,field,0.427184466019417
landscape/field/sun_amfhfmwkktwcrstd.jpg,landscape,field,0.444444444444444
landscape/field/sun_amhftfdjiroweslq.jpg,landscape,field,0.813186813186813
landscape/field/sun_arxyfbqfjqesqjkp.jpg,landscape,field,0.660194174757282
landscape/field/sun_avewwfajjwjntohf.jpg,landscape,field,0.8125
landscape/field/sun_avswlmagvlcsnzrk.jpg,landscape,field,0.552941176470588
landscape/field/sun_aypbzbfuprtztaqy.jpg,landscape,field,0.444444444444444
landscape/field/sun_ayvaabyqvqxsunoq.jpg,landscape,field,0.632183908045977
landscape/field/sun_azlynmqjfwjytkdv.jpg,landscape,field,0.568627450980392
landscape/field/sun_bnwgrptznpkmyoll.jpg,landscape,field,0.673267326732673
landscape/field/sun_bxosoiicldmycyla.jpg,landscape,field,0.419354838709677
landscape/forest (broadleaf)/29f8063ae27714ec.jpg,landscape,forest (broadleaf),0.571428571428571
landscape/forest (broadleaf)/5a26c909a910c9d9.jpg,landscape,forest (broadleaf),0.752475247524752
landscape/forest (broadleaf)/5ec67c49751be989.jpg,landscape,forest (broadleaf),0.454545454545455
landscape/forest (broadleaf)/60fb1f545fdd1b2c.jpg,landscape,forest (broadleaf),0.431818181818182
landscape/forest (broadleaf)/96668f0aa9071377.jpg,landscape,forest (broadleaf),0.609090909090909
landscape/forest (broadleaf)/ac213e6c25e62cc0.jpg,landscape,forest (broadleaf),0.715789473684211
landscape/forest (broadleaf)/b6bead8e3f65991b.jpg,landscape,forest (broadleaf),0.339805825242718
landscape/forest (broadleaf)/cd55c673f7709018.jpg,landscape,forest (broadleaf),0.633663366336634
landscape/forest (broadleaf)/db786d24a006ba19.jpg,landscape,forest (broadleaf),0.589473684210526
landscape/forest (broadleaf)/dffd1edf2a50c720.jpg,landscape,forest (broadleaf),0.645833333333333
landscape/forest (broadleaf)/e72f9cfc62e3b4be.jpg,landscape,forest (broadleaf),0.54639175257732
landscape/forest (broadleaf)/e8c08ce6240fac27.jpg,landscape,forest (broadleaf),0.380434782608696
landscape/forest (broadleaf)/f2db336fa7759951.jpg,landscape,forest (broadleaf),0.541284403669725
landscape/forest (broadleaf)/f7dce233924abacf.jpg,landscape,forest (broadleaf),0.524390243902439
landscape/forest (broadleaf)/f964fbf0c85e0722.jpg,landscape,forest (broadleaf),0.32520325203252
landscape/forest (broadleaf)/sun_aarnmhmjnoywelfb.jpg,landscape,forest (broadleaf),0.24468085106383
landscape/forest (broadleaf)/sun_aaulapocjffusovo.jpg,landscape,forest (broadleaf),0.434782608695652
landscape/forest (broadleaf)/sun_abhebbmkwmrgstyo.jpg,landscape,forest (broadleaf),0.325581395348837
landscape/forest (broadleaf)/sun_abqwkcjnkkjpmaod.jpg,landscape,forest (broadleaf),0.383177570093458
landscape/forest (broadleaf)/sun_acpeqjxleuzrimeg.jpg,landscape,forest (broadleaf),0.5125
landscape/forest (broadleaf)/sun_actywkcnpzoailyv.jpg,landscape,forest (broadleaf),0.415730337078652
landscape/forest (broadleaf)/sun_acxtlssrlfsryvac.jpg,landscape,forest (broadleaf),0.3125
landscape/forest (broadleaf)/sun_adelbgkxaewbxymf.jpg,landscape,forest (broadleaf),0.421052631578947
landscape/forest (broadleaf)/sun_adkwweprgeumpslv.jpg,landscape,forest (broadleaf),0.422680412371134
landscape/forest (broadleaf)/sun_aecydirryxzrzpvg.jpg,landscape,forest (broadleaf),0.34020618556701
landscape/forest (broadleaf)/sun_aejcebvykjvhuget.jpg,landscape,forest (broadleaf),0.478260869565217
landscape/forest (broadleaf)/sun_aendsxsqysoknyst.jpg,landscape,forest (broadleaf),0.213592233009709
landscape/forest (broadleaf)/sun_afpnqehwapeidjtp.jpg,landscape,forest (broadleaf),0.361702127659574
landscape/forest (broadleaf)/sun_aftdtzzskxflvuig.jpg,landscape,forest (broadleaf),0.51063829787234
landscape/forest (broadleaf)/sun_afusmbapsnqjtnsa.jpg,landscape,forest (broadleaf),0.510869565217391
landscape/forest (broadleaf)/sun_afxbfgxrtlczpwyn.jpg,landscape,forest (broadleaf),0.466019417475728
landscape/forest (broadleaf)/sun_afxvgfeysuusnslo.jpg,landscape,forest (broadleaf),0.444444444444444
landscape/forest (broadleaf)/sun_afzhshjjojqermqf.jpg,landscape,forest (broadleaf),0.267857142857143
landscape/forest (broadleaf)/sun_agxabiochdwjboza.jpg,landscape,forest (broadleaf),0.287037037037037
landscape/forest (broadleaf)/sun_ahbooqazpiiakayv.jpg,landscape,forest (broadleaf),0.347826086956522
landscape/forest (broadleaf)/sun_ahksbkeqopdxmskp.jpg,landscape,forest (broadleaf),0.373626373626374
landscape/forest (broadleaf)/sun_ahvfcrleejszjfde.jpg,landscape,forest (broadleaf),0.282258064516129
landscape/forest (broadleaf)/sun_aidhlflrqqkdzeni.jpg,landscape,forest (broadleaf),0.561797752808989
landscape/forest (broadleaf)/sun_aihylawyjepniike.jpg,landscape,forest (broadleaf),0.321100917431193
landscape/forest (broadleaf)/sun_aiidyuygypngghyf.jpg,landscape,forest (broadleaf),0.321100917431193
landscape/forest (broadleaf)/sun_aiynsrgvdjyalznn.jpg,landscape,forest (broadleaf),0.304347826086957
landscape/forest (broadleaf)/sun_ajcjwmqklddutzvc.jpg,landscape,forest (broadleaf),0.509615384615385
landscape/forest (broadleaf)/sun_ajqdvsuevkfybgme.jpg,landscape,forest (broadleaf),0.458333333333333
landscape/forest (broadleaf)/sun_akxbwsrgnuadikod.jpg,landscape,forest (broadleaf),0.326086956521739
landscape/forest (broadleaf)/sun_aldigqqshvnhfkng.jpg,landscape,forest (broadleaf),0.32258064516129
landscape/forest (broadleaf)/sun_alettkltzysnuqsq.jpg,landscape,forest (broadleaf),0.376344086021505
landscape/forest (broadleaf)/sun_almbxcurjahdxery.jpg,landscape,forest (broadleaf),0.436781609195402
landscape/forest (broadleaf)/sun_alvtgvepnlzhngjv.jpg,landscape,forest (broadleaf),0.425742574257426
landscape/forest (broadleaf)/sun_ambyixvpmdimogbn.jpg,landscape,forest (broadleaf),0.6
landscape/forest (broadleaf)/sun_anfpmkqemzwfixbm.jpg,landscape,forest (broadleaf),0.388888888888889
landscape/forest (broadleaf)/sun_anmkwhkmnlrpufwm.jpg,landscape,forest (broadleaf),0.458333333333333
landscape/forest (broadleaf)/sun_anqplteihhyjtglu.jpg,landscape,forest (broadleaf),0.352941176470588
landscape/forest (broadleaf)/sun_antwgrnlkmlyvnjx.jpg,landscape,forest (broadleaf),0.315217391304348
landscape/forest (broadleaf)/sun_aoqjnzwgdikwayvw.jpg,landscape,forest (broadleaf),0.477477477477477
landscape/forest (broadleaf)/sun_apizqbiukazmkvkz.jpg,landscape,forest (broadleaf),0.75
landscape/forest (broadleaf)/sun_apzhvyvljzvahpvh.jpg,landscape,forest (broadleaf),0.258064516129032
landscape/forest (broadleaf)/sun_aqiiuxgbwrioenat.jpg,landscape,forest (broadleaf),0.438202247191011
landscape/forest (broadleaf)/sun_aqqgthzskkqzfwlt.jpg,landscape,forest (broadleaf),0.520833333333333
landscape/forest (broadleaf)/sun_aquooyehnlaehzjy.jpg,landscape,forest (broadleaf),0.353535353535354
landscape/forest (broadleaf)/sun_arfrufgmpfifbxbm.jpg,landscape,forest (broadleaf),0.616161616161616
landscape/forest (broadleaf)/sun_argpkktvhwziqaot.jpg,landscape,forest (broadleaf),0.488636363636364
landscape/forest (broadleaf)/sun_arpvswlyuitmpsfq.jpg,landscape,forest (broadleaf),0.27027027027027
landscape/forest (broadleaf)/sun_aruondwdoqjktugy.jpg,landscape,forest (broadleaf),0.365591397849462
landscape/forest (broadleaf)/sun_arwykvgzpgybhibg.jpg,landscape,forest (broadleaf),0.346938775510204
landscape/forest (broadleaf)/sun_asitqcjdhmptwyly.jpg,landscape,forest (broadleaf),0.462962962962963
landscape/forest (broadleaf)/sun_asjcajxcngqwqinm.jpg,landscape,forest (broadleaf),0.255813953488372
landscape/forest (broadleaf)/sun_asoseldnrrcrnbou.jpg,landscape,forest (broadleaf),0.440860215053763
landscape/forest (broadleaf)/sun_atlxncsxfmqwisuw.jpg,landscape,forest (broadleaf),0.597826086956522
landscape/forest (broadleaf)/sun_atohvclowaousrfh.jpg,landscape,forest (broadleaf),0.547368421052632
landscape/forest (broadleaf)/sun_atworchkazufbyad.jpg,landscape,forest (broadleaf),0.459183673469388
landscape/forest (broadleaf)/sun_augxrcssyuvvueda.jpg,landscape,forest (broadleaf),0.197674418604651
landscape/forest (broadleaf)/sun_aunmoitqcbqjykwe.jpg,landscape,forest (broadleaf),0.5
landscape/forest (broadleaf)/sun_auvwgyllqzsyfdyg.jpg,landscape,forest (broadleaf),0.4375
landscape/forest (broadleaf)/sun_avcgkqxmtdeapzum.jpg,landscape,forest (broadleaf),0.427083333333333
landscape/forest (broadleaf)/sun_avcyiiwxyeuumvvm.jpg,landscape,forest (broadleaf),0.36734693877551
landscape/forest (broadleaf)/sun_avjgnengissyhclc.jpg,landscape,forest (broadleaf),0.528846153846154
landscape/forest (broadleaf)/sun_avlcoxhzgadlubqf.jpg,landscape,forest (broadleaf),0.340909090909091
landscape/forest (broadleaf)/sun_avqahgdnxxemgnje.jpg,landscape,forest (broadleaf),0.258064516129032
landscape/forest (broadleaf)/sun_avtprdrihxhgackd.jpg,landscape,forest (broadleaf),0.644230769230769
landscape/forest (broadleaf)/sun_avyyymflzsdrwgbe.jpg,landscape,forest (broadleaf),0.407766990291262
landscape/forest (broadleaf)/sun_awcujmqkhwsgmrma.jpg,landscape,forest (broadleaf),0.505050505050505
landscape/forest (broadleaf)/sun_awesiopwrhjoojme.jpg,landscape,forest (broadleaf),0.529411764705882
landscape/forest (broadleaf)/sun_axcystsdjzbhixci.jpg,landscape,forest (broadleaf),0.658119658119658
landscape/forest (broadleaf)/sun_axhmqffemaohcdle.jpg,landscape,forest (broadleaf),0.392857142857143
landscape/forest (broadleaf)/sun_axhrgmuqrljrfnpd.jpg,landscape,forest (broadleaf),0.339622641509434
landscape/forest (broadleaf)/sun_axljvtbankrkckne.jpg,landscape,forest (broadleaf),0.390243902439024
landscape/forest (broadleaf)/sun_axsxcmrepgxeeyxh.jpg,landscape,forest (broadleaf),0.772727272727273
landscape/forest (broadleaf)/sun_ayesjxhptorufemh.jpg,landscape,forest (broadleaf),0.488372093023256
landscape/forest (broadleaf)/sun_ayjpisrqdpbcufcm.jpg,landscape,forest (broadleaf),0.531914893617021
landscape/forest (broadleaf)/sun_aylgxyyrsemqkiff.jpg,landscape,forest (broadleaf),0.376146788990826
landscape/forest (broadleaf)/sun_aynjmrsajissulqi.jpg,landscape,forest (broadleaf),0.404494382022472
landscape/forest (broadleaf)/sun_aypjyavrjaodmkuu.jpg,landscape,forest (broadleaf),0.25
landscape/forest (broadleaf)/sun_azbaifnovkzxbkxd.jpg,landscape,forest (broadleaf),0.258620689655172
landscape/forest (broadleaf)/sun_btuibprrdcrjqxvw.jpg,landscape,forest (broadleaf),0.365384615384615
landscape/forest (needleleaf)/0766fa7959728beb.jpg,landscape,forest (needleleaf),0.466666666666667
landscape/forest (needleleaf)/2c6c9bc173578788.jpg,landscape,forest (needleleaf),0.46875
landscape/forest (needleleaf)/56e041b89d9a9838.jpg,landscape,forest (needleleaf),0.654320987654321
landscape/forest (needleleaf)/8c620ba803c05daa.jpg,landscape,forest (needleleaf),0.443396226415094
landscape/forest (needleleaf)/da31e38ea9918d5f.jpg,landscape,forest (needleleaf),0.595959595959596
landscape/forest (needleleaf)/sun_aaifkdzmoajrzxqn.jpg,landscape,forest (needleleaf),0.646464646464647
landscape/forest (needleleaf)/sun_accvpoocavlmmbwm.jpg,landscape,forest (needleleaf),0.619047619047619
landscape/forest (needleleaf)/sun_acivpotgwohctvsc.jpg,landscape,forest (needleleaf),0.410714285714286
landscape/forest (needleleaf)/sun_adkeovalbkluzeri.jpg,landscape,forest (needleleaf),0.478260869565217
landscape/forest (needleleaf)/sun_adwsonzlpbbsppgb.jpg,landscape,forest (needleleaf),0.571428571428571
landscape/forest (needleleaf)/sun_afhrysfvakkzzgin.jpg,landscape,forest (needleleaf),0.4
landscape/forest (needleleaf)/sun_ahhlccroxiadjixl.jpg,landscape,forest (needleleaf),0.207547169811321
landscape/forest (needleleaf)/sun_ahzdudaulglyysji.jpg,landscape,forest (needleleaf),0.373737373737374
landscape/forest (needleleaf)/sun_ahzxnldgajgrwhyd.jpg,landscape,forest (needleleaf),0.491228070175439
landscape/forest (needleleaf)/sun_aimggcqrncrkotzv.jpg,landscape,forest (needleleaf),0.39
landscape/forest (needleleaf)/sun_ajgxbesgeiwalpxd.jpg,landscape,forest (needleleaf),0.626262626262626
landscape/forest (needleleaf)/sun_akckbypmzxubxzyf.jpg,landscape,forest (needleleaf),0.495652173913044
landscape/forest (needleleaf)/sun_akfadmdtlbduiiyc.jpg,landscape,forest (needleleaf),0.456310679611651
landscape/forest (needleleaf)/sun_akguloxechncfnam.jpg,landscape,forest (needleleaf),0.412371134020619
landscape/forest (needleleaf)/sun_akldfuxketeyqrcr.jpg,landscape,forest (needleleaf),0.320754716981132
landscape/forest (needleleaf)/sun_akuzxstcblvhmomk.jpg,landscape,forest (needleleaf),0.254716981132075
landscape/forest (needleleaf)/sun_alrobpkjksbjoxjk.jpg,landscape,forest (needleleaf),0.263157894736842
landscape/forest (needleleaf)/sun_alwbpqvgrcjjlckk.jpg,landscape,forest (needleleaf),0.277227722772277
landscape/forest (needleleaf)/sun_amfhxfakcdckrjul.jpg,landscape,forest (needleleaf),0.3125
landscape/forest (needleleaf)/sun_amyhfuvsbaizwnwy.jpg,landscape,forest (needleleaf),0.444444444444444
landscape/forest (needleleaf)/sun_anithpynqsbzxojv.jpg,landscape,forest (needleleaf),0.554545454545455
landscape/forest (needleleaf)/sun_anovysxiyidubdgs.jpg,landscape,forest (needleleaf),0.510416666666667
landscape/forest (needleleaf)/sun_aobhtfctsxabxsls.jpg,landscape,forest (needleleaf),0.572916666666667
landscape/forest (needleleaf)/sun_aondxtlsklthxtog.jpg,landscape,forest (needleleaf),0.638297872340426
landscape/forest (needleleaf)/sun_aoxgfainbiglwchn.jpg,landscape,forest (needleleaf),0.522935779816514
landscape/forest (needleleaf)/sun_apfxmcvujzcxypuq.jpg,landscape,forest (needleleaf),0.428571428571429
landscape/forest (needleleaf)/sun_apjyimjzdyqvfcwm.jpg,landscape,forest (needleleaf),0.6
landscape/forest (needleleaf)/sun_apkofvbpiueutjgo.jpg,landscape,forest (needleleaf),0.333333333333333
landscape/forest (needleleaf)/sun_aqbakybrzakmanoo.jpg,landscape,forest (needleleaf),0.436170212765957
landscape/forest (needleleaf)/sun_aqxqzdeqnlrkfuhn.jpg,landscape,forest (needleleaf),0.444444444444444
landscape/forest (needleleaf)/sun_aqydmedkuzlsybwd.jpg,landscape,forest (needleleaf),0.626262626262626
landscape/forest (needleleaf)/sun_arepffrwpettjdji.jpg,landscape,forest (needleleaf),0.48314606741573
landscape/forest (needleleaf)/sun_areqjhlzczhrspvo.jpg,landscape,forest (needleleaf),0.462365591397849
landscape/forest (needleleaf)/sun_arpgdgpfyuexqiuj.jpg,landscape,forest (needleleaf),0.344086021505376
landscape/forest (needleleaf)/sun_arvbnkbvvdcnqdgw.jpg,landscape,forest (needleleaf),0.67032967032967
landscape/forest (needleleaf)/sun_atjoaxvtrxzrxeaw.jpg,landscape,forest (needleleaf),0.32183908045977
landscape/forest (needleleaf)/sun_atmrwrneqsvfgvoh.jpg,landscape,forest (needleleaf),0.564356435643564
landscape/forest (needleleaf)/sun_atygdjduwnxhysqb.jpg,landscape,forest (needleleaf),0.505050505050505
landscape/forest (needleleaf)/sun_aucxqplfgkjwgjrf.jpg,landscape,forest (needleleaf),0.31858407079646
landscape/forest (needleleaf)/sun_avesoizwcqbojcvm.jpg,landscape,forest (needleleaf),0.356521739130435
landscape/forest (needleleaf)/sun_avmxtljknfnpjnbb.jpg,landscape,forest (needleleaf),0.527777777777778
landscape/forest (needleleaf)/sun_awchwppuydqjifvx.jpg,landscape,forest (needleleaf),0.298076923076923
landscape/forest (needleleaf)/sun_awhqearfoticgzwy.jpg,landscape,forest (needleleaf),0.575757575757576
landscape/forest (needleleaf)/sun_awvhreddaxrljuyh.jpg,landscape,forest (needleleaf),0.371428571428571
landscape/forest (needleleaf)/sun_axaiskupvdvcgywi.jpg,landscape,forest (needleleaf),0.529411764705882
landscape/forest (needleleaf)/sun_axgrfkivieqrzqfs.jpg,landscape,forest (needleleaf),0.55
landscape/forest (needleleaf)/sun_axznoffzbgavlaei.jpg,landscape,forest (needleleaf),0.551724137931034
landscape/forest (needleleaf)/sun_aygdpqwevwznkdqp.jpg,landscape,forest (needleleaf),0.430232558139535
landscape/forest (needleleaf)/sun_azrgkfnpesikiafn.jpg,landscape,forest (needleleaf),0.630434782608696
landscape/forest (needleleaf)/sun_bduvvcumwzpjyhkm.jpg,landscape,forest (needleleaf),0.340909090909091
landscape/geyser/n09288635_1006.jpg,landscape,geyser,0.695652173913043
landscape/geyser/n09288635_10064.jpg,landscape,geyser,0.618181818181818
landscape/geyser/n09288635_10214.jpg,landscape,geyser,0.709302325581395
landscape/geyser/n09288635_1022.jpg,landscape,geyser,0.676470588235294
landscape/geyser/n09288635_10290.jpg,landscape,geyser,0.517241379310345
landscape/geyser/n09288635_10303.jpg,landscape,geyser,0.609090909090909
landscape/geyser/n09288635_10308.jpg,landscape,geyser,0.473214285714286
landscape/geyser/n09288635_10924.jpg,landscape,geyser,0.628571428571429
landscape/geyser/n09288635_10938.jpg,landscape,geyser,0.576923076923077
landscape/geyser/n09288635_1109.jpg,landscape,geyser,0.547368421052632
landscape/geyser/n09288635_11125.jpg,landscape,geyser,0.598039215686274
landscape/geyser/n09288635_1116.jpg,landscape,geyser,0.622641509433962
landscape/geyser/n09288635_11230.jpg,landscape,geyser,0.691588785046729
landscape/geyser/n09288635_11393.jpg,landscape,geyser,0.736842105263158
landscape/geyser/n09288635_11510.jpg,landscape,geyser,0.351851851851852
landscape/geyser/n09288635_11539.jpg,landscape,geyser,0.472222222222222
landscape/geyser/n09288635_11612.jpg,landscape,geyser,0.752688172043011
landscape/geyser/n09288635_11614.jpg,landscape,geyser,0.673684210526316
landscape/geyser/n09288635_11789.jpg,landscape,geyser,0.675925925925926
landscape/geyser/n09288635_11832.jpg,landscape,geyser,0.644859813084112
landscape/geyser/n09288635_11889.jpg,landscape,geyser,0.597826086956522
landscape/geyser/n09288635_11978.jpg,landscape,geyser,0.411111111111111
landscape/geyser/n09288635_11983.jpg,landscape,geyser,0.590361445783133
landscape/geyser/n09288635_12003.jpg,landscape,geyser,0.493975903614458
landscape/geyser/n09288635_12089.jpg,landscape,geyser,0.760869565217391
landscape/geyser/n09288635_1217.jpg,landscape,geyser,0.590361445783133
landscape/geyser/n09288635_12206.jpg,landscape,geyser,0.567307692307692
landscape/geyser/n09288635_12221.jpg,landscape,geyser,0.588235294117647
landscape/geyser/n09288635_12911.jpg,landscape,geyser,0.766666666666667
landscape/geyser/n09288635_12929.jpg,landscape,geyser,0.570093457943925
landscape/geyser/n09288635_13197.jpg,landscape,geyser,0.651376146788991
landscape/geyser/n09288635_13212.jpg,landscape,geyser,0.631578947368421
landscape/geyser/n09288635_13284.jpg,landscape,geyser,0.858823529411765
landscape/geyser/n09288635_13412.jpg,landscape,geyser,0.38
landscape/geyser/n09288635_13440.jpg,landscape,geyser,0.443396226415094
landscape/geyser/n09288635_13486.jpg,landscape,geyser,0.672897196261682
landscape/geyser/n09288635_13593.jpg,landscape,geyser,0.640776699029126
landscape/geyser/n09288635_13817.jpg,landscape,geyser,0.85
landscape/geyser/n09288635_13999.jpg,landscape,geyser,0.714285714285714
landscape/geyser/n09288635_14256.jpg,landscape,geyser,0.647058823529412
landscape/geyser/n09288635_14334.jpg,landscape,geyser,0.5
landscape/geyser/n09288635_14347.jpg,landscape,geyser,0.588235294117647
landscape/geyser/n09288635_15094.jpg,landscape,geyser,0.6
landscape/geyser/n09288635_1515.jpg,landscape,geyser,0.549019607843137
landscape/geyser/n09288635_1526.jpg,landscape,geyser,0.622222222222222
landscape/geyser/n09288635_15732.jpg,landscape,geyser,0.611764705882353
landscape/geyser/n09288635_1591.jpg,landscape,geyser,0.547368421052632
landscape/geyser/n09288635_173.jpg,landscape,geyser,0.672566371681416
landscape/geyser/n09288635_1801.jpg,landscape,geyser,0.787878787878788
landscape/geyser/n09288635_1929.jpg,landscape,geyser,0.711111111111111
landscape/geyser/n09288635_1959.jpg,landscape,geyser,0.546296296296296
landscape/geyser/n09288635_1990.jpg,landscape,geyser,0.539325842696629
landscape/geyser/n09288635_2176.jpg,landscape,geyser,0.598039215686274
landscape/geyser/n09288635_2320.jpg,landscape,geyser,0.598214285714286
landscape/geyser/n09288635_23444.jpg,landscape,geyser,0.565656565656566
landscape/geyser/n09288635_23563.jpg,landscape,geyser,0.453703703703704
landscape/geyser/n09288635_2459.jpg,landscape,geyser,0.459770114942529
landscape/geyser/n09288635_24858.jpg,landscape,geyser,0.372881355932203
landscape/geyser/n09288635_25124.jpg,landscape,geyser,0.511111111111111
landscape/geyser/n09288635_2529.jpg,landscape,geyser,0.505376344086022
landscape/geyser/n09288635_2543.jpg,landscape,geyser,0.680851063829787
landscape/geyser/n09288635_25462.jpg,landscape,geyser,0.524752475247525
landscape/geyser/n09288635_2588.jpg,landscape,geyser,0.681318681318681
landscape/geyser/n09288635_2858.jpg,landscape,geyser,0.49
landscape/geyser/n09288635_3272.jpg,landscape,geyser,0.389473684210526
landscape/geyser/n09288635_333.jpg,landscape,geyser,0.627659574468085
landscape/geyser/n09288635_3532.jpg,landscape,geyser,0.650485436893204
landscape/geyser/n09288635_3554.jpg,landscape,geyser,0.593023255813954
landscape/geyser/n09288635_3564.jpg,landscape,geyser,0.423913043478261
landscape/geyser/n09288635_3580.jpg,landscape,geyser,0.5
landscape/geyser/n09288635_365.jpg,landscape,geyser,0.61
landscape/geyser/n09288635_3716.jpg,landscape,geyser,0.650406504065041
landscape/geyser/n09288635_3879.jpg,landscape,geyser,0.696969696969697
landscape/geyser/n09288635_3909.jpg,landscape,geyser,0.565656565656566
landscape/geyser/n09288635_399.jpg,landscape,geyser,0.52
landscape/geyser/n09288635_4043.jpg,landscape,geyser,0.550561797752809
landscape/geyser/n09288635_4054.jpg,landscape,geyser,0.653465346534653
landscape/geyser/n09288635_4056.jpg,landscape,geyser,0.594339622641509
landscape/geyser/n09288635_4220.jpg,landscape,geyser,0.648351648351648
landscape/geyser/n09288635_4541.jpg,landscape,geyser,0.558139534883721
landscape/geyser/n09288635_4733.jpg,landscape,geyser,0.6875
landscape/geyser/n09288635_488.jpg,landscape,geyser,0.533333333333333
landscape/geyser/n09288635_535.jpg,landscape,geyser,0.38
landscape/geyser/n09288635_59.jpg,landscape,geyser,0.652173913043478
landscape/geyser/n09288635_6850.jpg,landscape,geyser,0.67032967032967
landscape/geyser/n09288635_6860.jpg,landscape,geyser,0.645161290322581
landscape/geyser/n09288635_695.jpg,landscape,geyser,0.473118279569892
landscape/geyser/n09288635_798.jpg,landscape,geyser,0.554545454545455
landscape/geyser/n09288635_906.jpg,landscape,geyser,0.598214285714286
landscape/geyser/n09288635_9179.jpg,landscape,geyser,0.6
landscape/geyser/n09288635_9839.jpg,landscape,geyser,0.644859813084112
landscape/geyser/sun_asemkfzrcriwppec.jpg,landscape,geyser,0.801801801801802
landscape/geyser/sun_bangxwznfqpugceb.jpg,landscape,geyser,0.494505494505495
landscape/geyser/sun_bppwllojufniahga.jpg,landscape,geyser,0.6875
landscape/geyser/sun_bxnhrgjqjqemdrij.jpg,landscape,geyser,0.586538461538462
landscape/icescape/n09289331_10402.jpg,landscape,icescape,0.67032967032967
landscape/icescape/n09289331_10473.jpg,landscape,icescape,0.368932038834951
landscape/icescape/n09289331_10597.jpg,landscape,icescape,0.537634408602151
landscape/icescape/n09289331_10832.jpg,landscape,icescape,0.612903225806452
landscape/icescape/n09289331_1102.jpg,landscape,icescape,0.559139784946237
landscape/icescape/n09289331_1547.jpg,landscape,icescape,0.683168316831683
landscape/icescape/n09289331_1551.jpg,landscape,icescape,0.822429906542056
landscape/icescape/n09289331_1577.jpg,landscape,icescape,0.505263157894737
landscape/icescape/n09289331_1661.jpg,landscape,icescape,0.709677419354839
landscape/icescape/n09289331_1867.jpg,landscape,icescape,0.619565217391304
landscape/icescape/n09289331_2408.jpg,landscape,icescape,0.45360824742268
landscape/icescape/n09289331_3794.jpg,landscape,icescape,0.487179487179487
landscape/icescape/n09289331_3970.jpg,landscape,icescape,0.697674418604651
landscape/icescape/n09289331_4152.jpg,landscape,icescape,0.425287356321839
landscape/icescape/n09289331_4346.jpg,landscape,icescape,0.490196078431373
landscape/icescape/n09289331_4351.jpg,landscape,icescape,0.74
landscape/icescape/n09289331_4476.jpg,landscape,icescape,0.792792792792793
landscape/icescape/n09289331_4539.jpg,landscape,icescape,0.442622950819672
landscape/icescape/n09289331_4564.jpg,landscape,icescape,0.631578947368421
landscape/icescape/n09289331_477.jpg,landscape,icescape,0.626373626373626
landscape/icescape/n09289331_4894.jpg,landscape,icescape,0.77
landscape/icescape/n09289331_5012.jpg,landscape,icescape,0.355140186915888
landscape/icescape/n09289331_5123.jpg,landscape,icescape,0.445544554455446
landscape/icescape/n09289331_5211.jpg,landscape,icescape,0.71875
landscape/icescape/n09289331_5250.jpg,landscape,icescape,0.688888888888889
landscape/icescape/n09289331_5411.jpg,landscape,icescape,0.516483516483517
landscape/icescape/n09289331_5729.jpg,landscape,icescape,0.329411764705882
landscape/icescape/n09289331_5740.jpg,landscape,icescape,0.398058252427184
landscape/icescape/n09289331_580.jpg,landscape,icescape,0.681818181818182
landscape/icescape/n09289331_5869.jpg,landscape,icescape,0.628571428571429
landscape/icescape/n09289331_6016.jpg,landscape,icescape,0.415094339622642
landscape/icescape/n09289331_6168.jpg,landscape,icescape,0.307692307692308
landscape/icescape/n09289331_6307.jpg,landscape,icescape,0.727272727272727
landscape/icescape/n09289331_6459.jpg,landscape,icescape,0.494845360824742
landscape/icescape/n09289331_6504.jpg,landscape,icescape,0.704761904761905
landscape/icescape/n09289331_6524.jpg,landscape,icescape,0.43
landscape/icescape/n09289331_6768.jpg,landscape,icescape,0.523809523809524
landscape/icescape/n09289331_679.jpg,landscape,icescape,0.452991452991453
landscape/icescape/n09289331_6878.jpg,landscape,icescape,0.321100917431193
landscape/icescape/n09289331_6889.jpg,landscape,icescape,0.681034482758621
landscape/icescape/n09289331_6964.jpg,landscape,icescape,0.757009345794392
landscape/icescape/n09289331_7724.jpg,landscape,icescape,0.316326530612245
landscape/icescape/n09289331_7730.jpg,landscape,icescape,0.279279279279279
landscape/icescape/n09289331_7783.jpg,landscape,icescape,0.631578947368421
landscape/icescape/n09289331_7811.jpg,landscape,icescape,0.274725274725275
landscape/icescape/n09289331_8957.jpg,landscape,icescape,0.61
landscape/icescape/n09289331_9185.jpg,landscape,icescape,0.635416666666667
landscape/icescape/n09289331_9503.jpg,landscape,icescape,0.742857142857143
landscape/icescape/n09308572_109.jpg,landscape,icescape,0.716981132075472
landscape/icescape/n09308572_1178.jpg,landscape,icescape,0.604651162790698
landscape/icescape/n09308572_13445.jpg,landscape,icescape,0.626168224299065
landscape/icescape/n09308572_13624.jpg,landscape,icescape,0.771428571428571
landscape/icescape/n09308572_152.jpg,landscape,icescape,0.775700934579439
landscape/icescape/n09308572_1522.jpg,landscape,icescape,0.814432989690722
landscape/icescape/n09308572_1766.jpg,landscape,icescape,0.555555555555556
landscape/icescape/n09308572_1813.jpg,landscape,icescape,0.385416666666667
landscape/icescape/n09308572_1832.jpg,landscape,icescape,0.677777777777778
landscape/icescape/n09308572_1869.jpg,landscape,icescape,0.722772277227723
landscape/icescape/n09308572_1901.jpg,landscape,icescape,0.728260869565217
landscape/icescape/n09308572_2201.jpg,landscape,icescape,0.62962962962963
landscape/icescape/n09308572_2345.jpg,landscape,icescape,0.556962025316456
landscape/icescape/n09308572_2640.jpg,landscape,icescape,0.672897196261682
landscape/icescape/n09308572_2910.jpg,landscape,icescape,0.7
landscape/icescape/n09308572_2962.jpg,landscape,icescape,0.766355140186916
landscape/icescape/n09308572_3437.jpg,landscape,icescape,0.684210526315789
landscape/icescape/n09308572_3638.jpg,landscape,icescape,0.616279069767442
landscape/icescape/n09308572_3703.jpg,landscape,icescape,0.623655913978495
landscape/icescape/n09308572_3735.jpg,landscape,icescape,0.820224719101124
landscape/icescape/n09308572_4058.jpg,landscape,icescape,0.366666666666667
landscape/icescape/n09308572_4185.jpg,landscape,icescape,0.634615384615385
landscape/icescape/n09308572_4245.jpg,landscape,icescape,0.762376237623762
landscape/icescape/n09308572_4294.jpg,landscape,icescape,0.4375
landscape/icescape/n09308572_4442.jpg,landscape,icescape,0.730769230769231
landscape/icescape/n09308572_4562.jpg,landscape,icescape,0.817307692307692
landscape/icescape/n09308572_4667.jpg,landscape,icescape,0.783505154639175
landscape/icescape/n09308572_470.jpg,landscape,icescape,0.717171717171717
landscape/icescape/n09308572_4844.jpg,landscape,icescape,0.542857142857143
landscape/icescape/n09308572_4961.jpg,landscape,icescape,0.699029126213592
landscape/icescape/n09308572_5194.jpg,landscape,icescape,0.839622641509434
landscape/icescape/n09308572_596.jpg,landscape,icescape,0.715686274509804
landscape/icescape/n09308572_6088.jpg,landscape,icescape,0.707070707070707
landscape/icescape/n09308572_6103.jpg,landscape,icescape,0.776595744680851
landscape/icescape/n09308572_627.jpg,landscape,icescape,0.74390243902439
landscape/icescape/n09308572_6426.jpg,landscape,icescape,0.721649484536082
landscape/icescape/n09308572_798.jpg,landscape,icescape,0.74468085106383
landscape/icescape/n09308572_862.jpg,landscape,icescape,0.572916666666667
landscape/icescape/n09309168_2076.jpg,landscape,icescape,0.63953488372093
landscape/icescape/n09309168_432.jpg,landscape,icescape,0.509803921568627
landscape/icescape/n09309168_7549.jpg,landscape,icescape,0.655913978494624
landscape/jungle/034e667f31be499c.jpg,landscape,jungle,0.526881720430108
landscape/jungle/0625a4ba200992e6.jpg,landscape,jungle,0.436170212765957
landscape/jungle/14628317fdcc9e39.jpg,landscape,jungle,0.423913043478261
landscape/jungle/18bed2a09181a499.jpg,landscape,jungle,0.611111111111111
landscape/jungle/193117c359547690.jpg,landscape,jungle,0.448598130841121
landscape/jungle/1e2d2d7022a02134.jpg,landscape,jungle,0.480769230769231
landscape/jungle/1fb1096c3f9a0ee2.jpg,landscape,jungle,0.427272727272727
landscape/jungle/201c457d6e94dea8.jpg,landscape,jungle,0.77
landscape/jungle/24894a47677b09b4.jpg,landscape,jungle,0.752380952380952
landscape/jungle/271cb17332a4eba5.jpg,landscape,jungle,0.428571428571429
landscape/jungle/2a0f8b40b7b25bcc.jpg,landscape,jungle,0.843478260869565
landscape/jungle/2dd9378cf8e0c8ad.jpg,landscape,jungle,0.792079207920792
landscape/jungle/2fdbe9ca76fdfd99.jpg,landscape,jungle,0.763157894736842
landscape/jungle/36d087ad3a8b4a99.jpg,landscape,jungle,0.807692307692308
landscape/jungle/39428ef59a36414d.jpg,landscape,jungle,0.384615384615385
landscape/jungle/3f552ebe5afa4382.jpg,landscape,jungle,0.699029126213592
landscape/jungle/41fd777649da59e6.jpg,landscape,jungle,0.6
landscape/jungle/4c1d1d4f21cf31e2.jpg,landscape,jungle,0.669724770642202
landscape/jungle/4e9a1e1079484886.jpg,landscape,jungle,0.450980392156863
landscape/jungle/4f1e0fefedf1b32a.jpg,landscape,jungle,0.572649572649573
landscape/jungle/524acb2e86457ecf.jpg,landscape,jungle,0.36734693877551
landscape/jungle/53d7a077afe99d46.jpg,landscape,jungle,0.537735849056604
landscape/jungle/543d103c85efcb41.jpg,landscape,jungle,0.728155339805825
landscape/jungle/55700669b39ef49c.jpg,landscape,jungle,0.537735849056604
landscape/jungle/56892737ddff5688.jpg,landscape,jungle,0.568181818181818
landscape/jungle/56a3ce4a8899ace1.jpg,landscape,jungle,0.471698113207547
landscape/jungle/57c6558e4956829b.jpg,landscape,jungle,0.542056074766355
landscape/jungle/59da125bd7ac7467.jpg,landscape,jungle,0.74
landscape/jungle/5b9c255e8e71e864.jpg,landscape,jungle,0.868421052631579
landscape/jungle/5e3a2b6e7943040f.jpg,landscape,jungle,0.43298969072165
landscape/jungle/612f8c0c59f8ff5e.jpg,landscape,jungle,0.5
landscape/jungle/64290af3b5a7e7cb.jpg,landscape,jungle,0.806122448979592
landscape/jungle/68a485c6716902c2.jpg,landscape,jungle,0.6
landscape/jungle/6bfa7b57d0deb743.jpg,landscape,jungle,0.348314606741573
landscape/jungle/77855fd2864479e3.jpg,landscape,jungle,0.787878787878788
landscape/jungle/80a5f2bb0129aa36.jpg,landscape,jungle,0.481818181818182
landscape/jungle/827b86308b879908.jpg,landscape,jungle,0.530612244897959
landscape/jungle/954ef758d906cb65.jpg,landscape,jungle,0.322916666666667
landscape/jungle/9d2a5f2a67650af7.jpg,landscape,jungle,0.45045045045045
landscape/jungle/a017ac25346efdcd.jpg,landscape,jungle,0.4
landscape/jungle/a0b6a1c932eebe9e.jpg,landscape,jungle,0.601769911504425
landscape/jungle/a1fb2184d465f341.jpg,landscape,jungle,0.48695652173913
landscape/jungle/a252b3cce303c122.jpg,landscape,jungle,0.436363636363636
landscape/jungle/a5238772baf25f1c.jpg,landscape,jungle,0.578947368421053
landscape/jungle/ab535640d044766d.jpg,landscape,jungle,0.478260869565217
landscape/jungle/aca62414dbfc6952.jpg,landscape,jungle,0.663265306122449
landscape/jungle/b787fb20a8bfdabf.jpg,landscape,jungle,0.424528301886792
landscape/jungle/ba2a5a74957098da.jpg,landscape,jungle,0.733333333333333
landscape/jungle/c810fffff069e9ff.jpg,landscape,jungle,0.755555555555556
landscape/jungle/c94be4a43769a5bb.jpg,landscape,jungle,0.425287356321839
landscape/jungle/c9a18643266fb7a8.jpg,landscape,jungle,0.346666666666667
landscape/jungle/d4bfe00b896bae57.jpg,landscape,jungle,0.654205607476635
landscape/jungle/d6398d77469357ea.jpg,landscape,jungle,0.67032967032967
landscape/jungle/d6e62b9cdd80cc1b.jpg,landscape,jungle,0.390804597701149
landscape/jungle/e6d35f289201c1cf.jpg,landscape,jungle,0.571428571428571
landscape/jungle/eb54616eb4614fce.jpg,landscape,jungle,0.570093457943925
landscape/jungle/fbc5c2af6663843f.jpg,landscape,jungle,0.813084112149533
landscape/lake/0189d61b2c1df778.jpg,landscape,lake,0.393939393939394
landscape/lake/02f3a888909fa7d0.jpg,landscape,lake,0.616279069767442
landscape/lake/121629e6f8fed1aa.jpg,landscape,lake,0.327272727272727
landscape/lake/1531af1a07329fe2.jpg,landscape,lake,0.766666666666667
landscape/lake/1ba473b5ff6dd712.jpg,landscape,lake,0.585858585858586
landscape/lake/27f9c40c6ceb6958.jpg,landscape,lake,0.592105263157895
landscape/lake/28653ee89a48f848.jpg,landscape,lake,0.494845360824742
landscape/lake/3209b29eab56bf92.jpg,landscape,lake,0.5
landscape/lake/360be47ca8b33b92.jpg,landscape,lake,0.56989247311828
landscape/lake/41e092c947498605.jpg,landscape,lake,0.479591836734694
landscape/lake/51e49c24f17069d4.jpg,landscape,lake,0.483870967741935
landscape/lake/52eec65ddbd47cea.jpg,landscape,lake,0.361702127659574
landscape/lake/59346dfdc14f4b81.jpg,landscape,lake,0.525773195876289
landscape/lake/7ba05ca66de3b479.jpg,landscape,lake,0.642857142857143
landscape/lake/84de14e092404f46.jpg,landscape,lake,0.630952380952381
landscape/lake/8801b338195a6ebe.jpg,landscape,lake,0.682926829268293
landscape/lake/905e0d0c54017903.jpg,landscape,lake,0.617021276595745
landscape/lake/a2deabc292e18612.jpg,landscape,lake,0.673076923076923
landscape/lake/a8e4d1d960175da0.jpg,landscape,lake,0.424528301886792
landscape/lake/abfe2c7d1a3c1aa5.jpg,landscape,lake,0.329268292682927
landscape/lake/ae833035574352eb.jpg,landscape,lake,0.609195402298851
landscape/lake/b429762904ba65cd.jpg,landscape,lake,0.457943925233645
landscape/lake/b5f45353f2e7bd92.jpg,landscape,lake,0.588785046728972
landscape/lake/c5b9ff0502b34dc7.jpg,landscape,lake,0.625
landscape/lake/c6fac87e188e90d2.jpg,landscape,lake,0.715596330275229
landscape/lake/d10f3cdbf37ff710.jpg,landscape,lake,0.510204081632653
landscape/lake/db91a2ed543c33a7.jpg,landscape,lake,0.443298969072165
landscape/lake/e0071b5d319321d5.jpg,landscape,lake,0.558823529411765
landscape/lake/e276e5799110512a.jpg,landscape,lake,0.736
landscape/lake/ebf78708d9a7bfa8.jpg,landscape,lake,0.583333333333333
landscape/lake/ec1ae658ac977b8a.jpg,landscape,lake,0.268041237113402
landscape/lake/edcd80d166754c12.jpg,landscape,lake,0.63265306122449
landscape/lake/fbb05dd4886b9410.jpg,landscape,lake,0.630434782608696
landscape/lake/n03634034_1847.jpg,landscape,lake,0.616279069767442
landscape/lake/n03634034_2188.jpg,landscape,lake,0.694736842105263
landscape/lake/n03634034_2423.jpg,landscape,lake,0.717948717948718
landscape/lake/n03634034_2582.jpg,landscape,lake,0.519230769230769
landscape/lake/n03634034_2654.jpg,landscape,lake,0.786407766990291
landscape/lake/n03634034_2801.jpg,landscape,lake,0.574468085106383
landscape/lake/n03634034_390.jpg,landscape,lake,0.680851063829787
landscape/lake/n03634034_3909.jpg,landscape,lake,0.764044943820225
landscape/lake/n03634034_5584.jpg,landscape,lake,0.727272727272727
landscape/lake/n03634034_5626.jpg,landscape,lake,0.761467889908257
landscape/lake/n03634034_5967.jpg,landscape,lake,0.6
landscape/lake/n03634034_5998.jpg,landscape,lake,0.752808988764045
landscape/lake/n03634034_724.jpg,landscape,lake,0.455357142857143
landscape/lake/n03634034_7346.jpg,landscape,lake,0.21
landscape/lake/n03634034_7461.jpg,landscape,lake,0.537735849056604
landscape/lake/n03634034_7614.jpg,landscape,lake,0.463917525773196
landscape/lake/n03634034_7778.jpg,landscape,lake,0.533333333333333
landscape/lake/n03634034_7799.jpg,landscape,lake,0.676190476190476
landscape/lake/n03634034_7819.jpg,landscape,lake,0.61
landscape/lake/n03634034_7874.jpg,landscape,lake,0.478723404255319
landscape/lake/n03634034_7886.jpg,landscape,lake,0.644230769230769
landscape/lake/sun_aafblbfkfftldfxp.jpg,landscape,lake,0.327102803738318
landscape/lake/sun_aamfjaaldpjwzuma.jpg,landscape,lake,0.32183908045977
landscape/lake/sun_aaquttcuxwjcswwz.jpg,landscape,lake,0.456521739130435
landscape/lake/sun_acgqrysmhvkbzwyo.jpg,landscape,lake,0.144067796610169
landscape/lake/sun_aermzsgymwllgwbp.jpg,landscape,lake,0.315789473684211
landscape/lake/sun_aevfxnytbogyuawg.jpg,landscape,lake,0.447619047619048
landscape/lake/sun_agdbqrwoyiuhkrcq.jpg,landscape,lake,0.350515463917526
landscape/lake/sun_agqkmpgtfsykydsz.jpg,landscape,lake,0.40625
landscape/lake/sun_agqnaqaigkgpfvia.jpg,landscape,lake,0.373831775700935
landscape/lake/sun_agsbtxwcxjmbhtqn.jpg,landscape,lake,0.504950495049505
landscape/lake/sun_aimobdamklpnaqqd.jpg,landscape,lake,0.319327731092437
landscape/lake/sun_aliffdbpuityevxn.jpg,landscape,lake,0.495049504950495
landscape/lake/sun_alkjhlciyndwutgg.jpg,landscape,lake,0.417582417582418
landscape/lake/sun_amsxxjxupzbpyfqc.jpg,landscape,lake,0.463917525773196
landscape/lake/sun_amyfrjfsypqohzav.jpg,landscape,lake,0.440366972477064
landscape/lake/sun_aniklgtqehhkmkze.jpg,landscape,lake,0.543689320388349
landscape/lake/sun_annbelexqbhuwvxp.jpg,landscape,lake,0.384615384615385
landscape/lake/sun_anpyjbrcltsmcmnj.jpg,landscape,lake,0.742574257425743
landscape/lake/sun_anulfarlvylcbpok.jpg,landscape,lake,0.310344827586207
landscape/lake/sun_anwqlrkgypvtxleo.jpg,landscape,lake,0.302083333333333
landscape/lake/sun_anypncvcngxkbnfz.jpg,landscape,lake,0.431818181818182
landscape/lake/sun_aoikosjowjxkztio.jpg,landscape,lake,0.388888888888889
landscape/lake/sun_aoskolsljsnaxmsq.jpg,landscape,lake,0.438775510204082
landscape/lake/sun_aovleumwusplcnph.jpg,landscape,lake,0.441860465116279
landscape/lake/sun_aplvammjpaxzkfse.jpg,landscape,lake,0.373493975903614
landscape/lake/sun_aprsgtcazbqqcmis.jpg,landscape,lake,0.493150684931507
landscape/lake/sun_ardpcjdpfhimkpdv.jpg,landscape,lake,0.468468468468468
landscape/lake/sun_arkltvatcgcorxwq.jpg,landscape,lake,0.457446808510638
landscape/lake/sun_asjykgigfzcqfruu.jpg,landscape,lake,0.644230769230769
landscape/lake/sun_augbwsnxnnytbbef.jpg,landscape,lake,0.321100917431193
landscape/lake/sun_auhihtbsylsxsylt.jpg,landscape,lake,0.530434782608696
landscape/lake/sun_avbdzkswapneahnf.jpg,landscape,lake,0.212962962962963
landscape/lake/sun_avwymkuzpvjyhzsi.jpg,landscape,lake,0.433962264150943
landscape/lake/sun_avyvuodyzgegylua.jpg,landscape,lake,0.421052631578947
landscape/lake/sun_axbsstrjsiduwndr.jpg,landscape,lake,0.346938775510204
landscape/lake/sun_ayulsueazkzcibcx.jpg,landscape,lake,0.418604651162791
landscape/lake/sun_azgczltqhsuihlwx.jpg,landscape,lake,0.462264150943396
landscape/lake/sun_azoppdlasvcwmmcb.jpg,landscape,lake,0.398058252427184
landscape/lake/sun_azqgwqiysvufsbvt.jpg,landscape,lake,0.5
landscape/lake/sun_azqthtbatlkavgcu.jpg,landscape,lake,0.406593406593407
landscape/lake/sun_azzsqbbqkhgkidru.jpg,landscape,lake,0.495145631067961
landscape/mangrove/n12345899_10156.jpg,landscape,mangrove,0.742268041237113
landscape/mangrove/n12345899_10290.jpg,landscape,mangrove,0.644230769230769
landscape/mangrove/n12345899_10794.jpg,landscape,mangrove,0.622641509433962
landscape/mangrove/n12345899_11521.jpg,landscape,mangrove,0.472527472527473
landscape/mangrove/n12345899_12758.jpg,landscape,mangrove,0.705882352941177
landscape/mangrove/n12345899_12760.jpg,landscape,mangrove,0.826530612244898
landscape/mangrove/n12345899_14027.jpg,landscape,mangrove,0.538461538461538
landscape/mangrove/n12345899_15016.jpg,landscape,mangrove,0.694736842105263
landscape/mangrove/n12345899_15631.jpg,landscape,mangrove,0.597826086956522
landscape/mangrove/n12345899_16261.jpg,landscape,mangrove,0.831578947368421
landscape/mangrove/n12345899_16717.jpg,landscape,mangrove,0.67032967032967
landscape/mangrove/n12345899_17176.jpg,landscape,mangrove,0.78125
landscape/mangrove/n12345899_17348.jpg,landscape,mangrove,0.398058252427184
landscape/mangrove/n12345899_18668.jpg,landscape,mangrove,0.774509803921569
landscape/mangrove/n12345899_18938.jpg,landscape,mangrove,0.626262626262626
landscape/mangrove/n12345899_1922.jpg,landscape,mangrove,0.45
landscape/mangrove/n12345899_20133.jpg,landscape,mangrove,0.818181818181818
landscape/mangrove/n12345899_2031.jpg,landscape,mangrove,0.793814432989691
landscape/mangrove/n12345899_20312.jpg,landscape,mangrove,0.783505154639175
landscape/mangrove/n12345899_2515.jpg,landscape,mangrove,0.593406593406593
landscape/mangrove/n12345899_2525.jpg,landscape,mangrove,0.414141414141414
landscape/mangrove/n12345899_35032.jpg,landscape,mangrove,0.642105263157895
landscape/mangrove/n12345899_35112.jpg,landscape,mangrove,0.660550458715596
landscape/mangrove/n12345899_35261.jpg,landscape,mangrove,0.6
landscape/mangrove/n12345899_3577.jpg,landscape,mangrove,0.566666666666667
landscape/mangrove/n12345899_5004.jpg,landscape,mangrove,0.514851485148515
landscape/mangrove/n12345899_5116.jpg,landscape,mangrove,0.595505617977528
landscape/mangrove/n12345899_5852.jpg,landscape,mangrove,0.626373626373626
landscape/mangrove/n12345899_6053.jpg,landscape,mangrove,0.673684210526316
landscape/mangrove/n12345899_6119.jpg,landscape,mangrove,0.719626168224299
landscape/mangrove/n12345899_6334.jpg,landscape,mangrove,0.769230769230769
landscape/mangrove/n12345899_6522.jpg,landscape,mangrove,0.788617886178862
landscape/mangrove/n12345899_6568.jpg,landscape,mangrove,0.484848484848485
landscape/mangrove/n12345899_7285.jpg,landscape,mangrove,0.556603773584906
landscape/mangrove/n12345899_7590.jpg,landscape,mangrove,0.389380530973451
landscape/mangrove/n12345899_7715.jpg,landscape,mangrove,0.683168316831683
landscape/mangrove/n12345899_7731.jpg,landscape,mangrove,0.852631578947368
landscape/mangrove/n12345899_9324.jpg,landscape,mangrove,0.526315789473684
landscape/mangrove/n12345899_9393.jpg,landscape,mangrove,0.484536082474227
landscape/mangrove/n12345899_9738.jpg,landscape,mangrove,0.489583333333333
landscape/mangrove/n12345899_9894.jpg,landscape,mangrove,0.463636363636364
landscape/moor/sun_afhmafwoarfodhar.jpg,landscape,moor,0.372340425531915
landscape/moor/sun_awtxtsuiqihltaao.jpg,landscape,moor,0.643564356435644
landscape/moor/sun_bkehzrazsqlpoues.jpg,landscape,moor,0.464646464646465
landscape/moor/sun_bntcgmzpfvbsrugd.jpg,landscape,moor,0.415841584158416
landscape/mountain/n09303008_18869.jpg,landscape,mountain,0.439024390243902
landscape/mountain/n09303008_19041.jpg,landscape,mountain,0.473118279569892
landscape/mountain/n09303008_19525.jpg,landscape,mountain,0.551724137931034
landscape/mountain/n09303008_20171.jpg,landscape,mountain,0.329411764705882
landscape/mountain/n09303008_20522.jpg,landscape,mountain,0.468468468468468
landscape/mountain/n09303008_20746.jpg,landscape,mountain,0.431372549019608
landscape/mountain/n09303008_21092.jpg,landscape,mountain,0.438775510204082
landscape/mountain/n09303008_21194.jpg,landscape,mountain,0.376237623762376
landscape/mountain/n09303008_21456.jpg,landscape,mountain,0.466666666666667
landscape/mountain/n09303008_22139.jpg,landscape,mountain,0.855670103092783
landscape/mountain/n09303008_22269.jpg,landscape,mountain,0.396039603960396
landscape/mountain/n09303008_22625.jpg,landscape,mountain,0.238095238095238
landscape/mountain/n09303008_23881.jpg,landscape,mountain,0.34020618556701
landscape/mountain/n09303008_24120.jpg,landscape,mountain,0.340425531914894
landscape/mountain/n09303008_26126.jpg,landscape,mountain,0.469387755102041
landscape/mountain/n09303008_27637.jpg,landscape,mountain,0.51685393258427
landscape/mountain/n09303008_27938.jpg,landscape,mountain,0.271929824561404
landscape/mountain/n09303008_28029.jpg,landscape,mountain,0.283950617283951
landscape/mountain/n09303008_28116.jpg,landscape,mountain,0.401960784313726
landscape/mountain/n09303008_29206.jpg,landscape,mountain,0.417391304347826
landscape/mountain/n09303008_29827.jpg,landscape,mountain,0.31304347826087
landscape/mountain/n09303008_30166.jpg,landscape,mountain,0.48780487804878
landscape/mountain/n09303008_30342.jpg,landscape,mountain,0.48936170212766
landscape/mountain/n09303008_31240.jpg,landscape,mountain,0.333333333333333
landscape/mountain/n09303008_32547.jpg,landscape,mountain,0.336734693877551
landscape/mountain/n09303008_33870.jpg,landscape,mountain,0.443396226415094
landscape/mountain/n09303008_33912.jpg,landscape,mountain,0.448598130841121
landscape/mountain/n09303008_34084.jpg,landscape,mountain,0.378947368421053
landscape/mountain/n09303008_920.jpg,landscape,mountain,0.714285714285714
landscape/mountain/n09359803_14054.jpg,landscape,mountain,0.161764705882353
landscape/mountain/n09359803_16454.jpg,landscape,mountain,0.5
landscape/mountain/n09359803_18304.jpg,landscape,mountain,0.343137254901961
landscape/mountain/n09359803_19326.jpg,landscape,mountain,0.484536082474227
landscape/mountain/n09359803_19376.jpg,landscape,mountain,0.450549450549451
landscape/mountain/n09359803_20697.jpg,landscape,mountain,0.475
landscape/mountain/n09359803_20911.jpg,landscape,mountain,0.636363636363636
landscape/mountain/n09359803_22217.jpg,landscape,mountain,0.355140186915888
landscape/mountain/n09359803_22507.jpg,landscape,mountain,0.467391304347826
landscape/mountain/n09359803_22547.jpg,landscape,mountain,0.435897435897436
landscape/mountain/n09359803_22579.jpg,landscape,mountain,0.347826086956522
landscape/mountain/n09359803_22815.jpg,landscape,mountain,0.38
landscape/mountain/n09359803_22853.jpg,landscape,mountain,0.393617021276596
landscape/mountain/n09359803_23069.jpg,landscape,mountain,0.467289719626168
landscape/mountain/n09359803_23220.jpg,landscape,mountain,0.326086956521739
landscape/mountain/n09359803_23901.jpg,landscape,mountain,0.273684210526316
landscape/mountain/n09359803_25012.jpg,landscape,mountain,0.484536082474227
landscape/mountain/n09359803_25365.jpg,landscape,mountain,0.303030303030303
landscape/mountain/n09359803_25458.jpg,landscape,mountain,0.530612244897959
landscape/mountain/n09359803_26554.jpg,landscape,mountain,0.39622641509434
landscape/mountain/n09359803_26561.jpg,landscape,mountain,0.415254237288136
landscape/mountain/n09359803_26838.jpg,landscape,mountain,0.584905660377358
landscape/mountain/n09359803_27560.jpg,landscape,mountain,0.556701030927835
landscape/mountain/n09359803_27594.jpg,landscape,mountain,0.506024096385542
landscape/mountain/n09359803_28021.jpg,landscape,mountain,0.311320754716981
landscape/mountain/n09359803_28106.jpg,landscape,mountain,0.39047619047619
landscape/mountain/n09359803_28260.jpg,landscape,mountain,0.692307692307692
landscape/mountain/n09359803_28381.jpg,landscape,mountain,0.424528301886792
landscape/mountain/n09359803_28999.jpg,landscape,mountain,0.383177570093458
landscape/mountain/n09359803_29018.jpg,landscape,mountain,0.37
landscape/mountain/n09359803_29193.jpg,landscape,mountain,0.416666666666667
landscape/mountain/n09359803_29305.jpg,landscape,mountain,0.402061855670103
landscape/mountain/n09359803_29562.jpg,landscape,mountain,0.483516483516484
landscape/mountain/n09359803_29578.jpg,landscape,mountain,0.434782608695652
landscape/mountain/n09359803_29863.jpg,landscape,mountain,0.380952380952381
landscape/mountain/n09359803_30807.jpg,landscape,mountain,0.232323232323232
landscape/mountain/n09359803_31154.jpg,landscape,mountain,0.565217391304348
landscape/mountain/n09359803_31886.jpg,landscape,mountain,0.521739130434783
landscape/mountain/n09359803_32774.jpg,landscape,mountain,0.375
landscape/mountain/n09359803_33089.jpg,landscape,mountain,0.530434782608696
landscape/mountain/n09359803_33544.jpg,landscape,mountain,0.566265060240964
landscape/mountain/n09359803_36040.jpg,landscape,mountain,0.720430107526882
landscape/mountain/n09359803_38300.jpg,landscape,mountain,0.366666666666667
landscape/mountain/n09359803_40561.jpg,landscape,mountain,0.282828282828283
landscape/mountain/n09359803_40625.jpg,landscape,mountain,0.466666666666667
landscape/mountain/n09359803_40945.jpg,landscape,mountain,0.48314606741573
landscape/mountain/n09359803_41173.jpg,landscape,mountain,0.660550458715596
landscape/mountain/n09359803_41403.jpg,landscape,mountain,0.310679611650485
landscape/mountain/n09359803_41463.jpg,landscape,mountain,0.5
landscape/mountain/n09359803_41575.jpg,landscape,mountain,0.313953488372093
landscape/mountain/n09359803_42072.jpg,landscape,mountain,0.455445544554455
landscape/mountain/n09359803_42246.jpg,landscape,mountain,0.645833333333333
landscape/mountain/n09359803_42313.jpg,landscape,mountain,0.582608695652174
landscape/mountain/n09359803_42842.jpg,landscape,mountain,0.354838709677419
landscape/mountain/n09359803_43167.jpg,landscape,mountain,0.403508771929825
landscape/mountain/n09359803_43384.jpg,landscape,mountain,0.308510638297872
landscape/mountain/n09359803_43782.jpg,landscape,mountain,0.40625
landscape/mountain/n09359803_43846.jpg,landscape,mountain,0.452830188679245
landscape/mountain/n09359803_43991.jpg,landscape,mountain,0.518518518518518
landscape/mountain/n09359803_44106.jpg,landscape,mountain,0.350515463917526
landscape/mountain/n09359803_44389.jpg,landscape,mountain,0.247058823529412
landscape/mountain/n09359803_44619.jpg,landscape,mountain,0.632075471698113
landscape/mountain/n09359803_9166.jpg,landscape,mountain,0.397849462365591
landscape/pasture/n07801091_36388.jpg,landscape,pasture,0.422018348623853
landscape/pasture/n07801091_36428.jpg,landscape,pasture,0.391304347826087
landscape/pasture/n07801091_37014.jpg,landscape,pasture,0.320388349514563
landscape/pasture/n07801091_37685.jpg,landscape,pasture,0.313131313131313
landscape/pasture/n07801091_37705.jpg,landscape,pasture,0.38
landscape/pasture/n07801091_38101.jpg,landscape,pasture,0.38
landscape/pasture/n07801091_38331.jpg,landscape,pasture,0.597701149425287
landscape/pasture/n07801091_41884.jpg,landscape,pasture,0.488372093023256
landscape/pasture/n07801091_43670.jpg,landscape,pasture,0.637254901960784
landscape/pasture/n07801091_45230.jpg,landscape,pasture,0.555555555555556
landscape/pasture/n07801091_45891.jpg,landscape,pasture,0.324074074074074
landscape/pasture/n07801091_49081.jpg,landscape,pasture,0.504950495049505
landscape/pasture/n07801091_50222.jpg,landscape,pasture,0.427083333333333
landscape/pasture/n07801091_50536.jpg,landscape,pasture,0.80188679245283
landscape/pasture/n07801091_50877.jpg,landscape,pasture,0.470588235294118
landscape/pasture/n07801091_51542.jpg,landscape,pasture,0.584269662921348
landscape/pasture/n07801091_55107.jpg,landscape,pasture,0.725490196078431
landscape/pasture/n07801091_55837.jpg,landscape,pasture,0.333333333333333
landscape/pasture/n07801091_58513.jpg,landscape,pasture,0.37037037037037
landscape/pasture/n07801091_58521.jpg,landscape,pasture,0.612903225806452
landscape/pasture/n07801091_61600.jpg,landscape,pasture,0.67
landscape/pasture/n07801091_62259.jpg,landscape,pasture,0.428571428571429
landscape/pasture/n07801091_63223.jpg,landscape,pasture,0.516129032258065
landscape/pasture/n07801091_63322.jpg,landscape,pasture,0.330097087378641
landscape/pasture/n07801091_63360.jpg,landscape,pasture,0.375
landscape/pasture/n07801091_63866.jpg,landscape,pasture,0.587155963302752
landscape/pasture/n07801091_64844.jpg,landscape,pasture,0.659090909090909
landscape/pasture/n07801091_65173.jpg,landscape,pasture,0.31304347826087
landscape/pasture/n07801091_65686.jpg,landscape,pasture,0.431578947368421
landscape/pasture/n07801091_66147.jpg,landscape,pasture,0.456896551724138
landscape/pasture/n07801091_66989.jpg,landscape,pasture,0.266666666666667
landscape/pasture/sun_abnigvorwhcefgca.jpg,landscape,pasture,0.355555555555556
landscape/pasture/sun_achhwicfxehwlifa.jpg,landscape,pasture,0.586538461538462
landscape/pasture/sun_achtuarilwyqnvjx.jpg,landscape,pasture,0.423076923076923
landscape/pasture/sun_acrjprsyfggvkvim.jpg,landscape,pasture,0.306122448979592
landscape/pasture/sun_acttwlhpglvecxiy.jpg,landscape,pasture,0.378947368421053
landscape/pasture/sun_agojdaizrmfowfds.jpg,landscape,pasture,0.322916666666667
landscape/pasture/sun_agtzxvrrikttqpkw.jpg,landscape,pasture,0.391304347826087
landscape/pasture/sun_agyrrzpyfdihxnxw.jpg,landscape,pasture,0.368932038834951
landscape/pasture/sun_aixemvmqtgkfhgqj.jpg,landscape,pasture,0.478260869565217
landscape/pasture/sun_animnddtfoigbagw.jpg,landscape,pasture,0.504950495049505
landscape/pasture/sun_aobrdfggnifbqbhn.jpg,landscape,pasture,0.433962264150943
landscape/pasture/sun_aojptgnradlhzcmw.jpg,landscape,pasture,0.279569892473118
landscape/pasture/sun_apgmmjuifvxsrbuz.jpg,landscape,pasture,0.608695652173913
landscape/pasture/sun_aphjjmpfcgpkxrvq.jpg,landscape,pasture,0.333333333333333
landscape/pasture/sun_apsymvokvtzkmvvy.jpg,landscape,pasture,0.33
landscape/pasture/sun_aruigsdszusgsffm.jpg,landscape,pasture,0.295454545454545
landscape/pasture/sun_arusttoegilizoqz.jpg,landscape,pasture,0.575221238938053
landscape/pasture/sun_arygwafmipcfsweh.jpg,landscape,pasture,0.361702127659574
landscape/pasture/sun_atpbdrjmgotfoqbe.jpg,landscape,pasture,0.381443298969072
landscape/pasture/sun_atzflbqtkvlughxp.jpg,landscape,pasture,0.536082474226804
landscape/pasture/sun_auhghulmqnsysiyp.jpg,landscape,pasture,0.41
landscape/pasture/sun_avipgcjbbnedfqla.jpg,landscape,pasture,0.531914893617021
landscape/pasture/sun_awjqhmphorknpjcn.jpg,landscape,pasture,0.5
landscape/pasture/sun_ayaekrkszrutbauj.jpg,landscape,pasture,0.369747899159664
landscape/pasture/sun_bapxsulexojpepyd.jpg,landscape,pasture,0.459183673469388
landscape/pasture/sun_bdnhffttgbnjqrxj.jpg,landscape,pasture,0.422018348623853
landscape/pasture/sun_blfhgrehecmwbptm.jpg,landscape,pasture,0.401960784313726
landscape/pasture/sun_brstqndatwxkukya.jpg,landscape,pasture,0.466666666666667
landscape/pasture/sun_bujzmvmaktrcwuqg.jpg,landscape,pasture,0.35
landscape/pasture/sun_bzbsfohnoxeimmzi.jpg,landscape,pasture,0.420454545454545
landscape/plantation/00cffe5e669f340e.jpg,landscape,plantation,0.726315789473684
landscape/plantation/02208a6a6d4b110c.jpg,landscape,plantation,0.445652173913043
landscape/plantation/0a13e0401b30a8ab.jpg,landscape,plantation,0.451923076923077
landscape/plantation/11a5ab42ef7bc654.jpg,landscape,plantation,0.457943925233645
landscape/plantation/16557ffcb475ee5c.jpg,landscape,plantation,0.730337078651685
landscape/plantation/2534461df861856c.jpg,landscape,plantation,0.5
landscape/plantation/25bed79c007ca4ef.jpg,landscape,plantation,0.257425742574257
landscape/plantation/271e335e2a64b273.jpg,landscape,plantation,0.666666666666667
landscape/plantation/278e8a805970f410.jpg,landscape,plantation,0.549019607843137
landscape/plantation/28493888abaf73e4.jpg,landscape,plantation,0.573170731707317
landscape/plantation/2c0fb4cdbd9f1bf3.jpg,landscape,plantation,0.6375
landscape/plantation/2e815e4330cb123d.jpg,landscape,plantation,0.575471698113208
landscape/plantation/2ee8e79229b5176f.jpg,landscape,plantation,0.451923076923077
landscape/plantation/2fd3eb1cc3d5d7d7.jpg,landscape,plantation,0.410526315789474
landscape/plantation/2fef5d6ff379638a.jpg,landscape,plantation,0.378640776699029
landscape/plantation/350b2117fd67fe32.jpg,landscape,plantation,0.387755102040816
landscape/plantation/3f66f34fb35fdb59.jpg,landscape,plantation,0.525773195876289
landscape/plantation/42daecc83058cdc9.jpg,landscape,plantation,0.494949494949495
landscape/plantation/45219608ce9955ac.jpg,landscape,plantation,0.696078431372549
landscape/plantation/462b79af7fb7cbaf.jpg,landscape,plantation,0.572916666666667
landscape/plantation/4767621f956b3d0c.jpg,landscape,plantation,0.43010752688172
landscape/plantation/48f14f79a9686d8c.jpg,landscape,plantation,0.49438202247191
landscape/plantation/4bf766d6039e7e27.jpg,landscape,plantation,0.678571428571429
landscape/plantation/57a8f443ab6e40a0.jpg,landscape,plantation,0.714285714285714
landscape/plantation/58d2be049bbcc797.jpg,landscape,plantation,0.738095238095238
landscape/plantation/5a247b7851af5b38.jpg,landscape,plantation,0.472527472527473
landscape/plantation/607f72b560affe61.jpg,landscape,plantation,0.353982300884956
landscape/plantation/66c6c454c46872d0.jpg,landscape,plantation,0.735632183908046
landscape/plantation/68f57951104d266e.jpg,landscape,plantation,0.382352941176471
landscape/plantation/69ccdf051c08d9e7.jpg,landscape,plantation,0.514563106796116
landscape/plantation/6a71ffc629306ddb.jpg,landscape,plantation,0.27
landscape/plantation/6abbfbf3c57e559a.jpg,landscape,plantation,0.531645569620253
landscape/plantation/6b607baa16b43197.jpg,landscape,plantation,0.541176470588235
landscape/plantation/6d717c219226d63d.jpg,landscape,plantation,0.556701030927835
landscape/plantation/741923ea73a03dcd.jpg,landscape,plantation,0.371428571428571
landscape/plantation/7ad6e1f3e4ad0d02.jpg,landscape,plantation,0.46078431372549
landscape/plantation/7bc77f7a206c721c.jpg,landscape,plantation,0.447368421052632
landscape/plantation/8368df58858084dd.jpg,landscape,plantation,0.840425531914894
landscape/plantation/855fea0c367153b4.jpg,landscape,plantation,0.528301886792453
landscape/plantation/87cd2486757696e5.jpg,landscape,plantation,0.634615384615385
landscape/plantation/87e1dc82001b9446.jpg,landscape,plantation,0.59375
landscape/plantation/8e99579c6d59b4ea.jpg,landscape,plantation,0.691588785046729
landscape/plantation/92600fb00101ba52.jpg,landscape,plantation,0.434782608695652
landscape/plantation/95cddaef02ea78b0.jpg,landscape,plantation,0.396039603960396
landscape/plantation/a0d14ae5864c8735.jpg,landscape,plantation,0.63855421686747
landscape/plantation/a73d5ae43671e30c.jpg,landscape,plantation,0.747663551401869
landscape/plantation/ad4514d57db0f8cf.jpg,landscape,plantation,0.860215053763441
landscape/plantation/ae12eecf37416132.jpg,landscape,plantation,0.488888888888889
landscape/plantation/b05e042522cd4195.jpg,landscape,plantation,0.419753086419753
landscape/plantation/b48bc2725b5dabd4.jpg,landscape,plantation,0.464646464646465
landscape/plantation/b82c24637663e8fe.jpg,landscape,plantation,0.730769230769231
landscape/plantation/bab0c4f8e845c304.jpg,landscape,plantation,0.6875
landscape/plantation/bc743d915bf7db9e.jpg,landscape,plantation,0.717391304347826
landscape/plantation/bdeddf90d587c363.jpg,landscape,plantation,0.727272727272727
landscape/plantation/bfb6e29e81965ac3.jpg,landscape,plantation,0.793103448275862
landscape/plantation/c325b519607e21dc.jpg,landscape,plantation,0.594339622641509
landscape/plantation/c3ad6481a0d00e50.jpg,landscape,plantation,0.722772277227723
landscape/plantation/c7ce1605bc84863c.jpg,landscape,plantation,0.767441860465116
landscape/plantation/c7d70655b9d3206f.jpg,landscape,plantation,0.666666666666667
landscape/plantation/cbfe8950e026a1e4.jpg,landscape,plantation,0.425531914893617
landscape/plantation/cc785801d5deda60.jpg,landscape,plantation,0.376344086021505
landscape/plantation/cf4c8d5bbc810923.jpg,landscape,plantation,0.535714285714286
landscape/plantation/d204c81c3d1040ba.jpg,landscape,plantation,0.595744680851064
landscape/plantation/d459ce6c1872157e.jpg,landscape,plantation,0.767676767676768
landscape/plantation/d4844275f480e5ce.jpg,landscape,plantation,0.586206896551724
landscape/plantation/de5b0bc50fb02f86.jpg,landscape,plantation,0.476190476190476
landscape/plantation/de8c1602324aa20a.jpg,landscape,plantation,0.59375
landscape/plantation/ebc02c65e5ddfb0d.jpg,landscape,plantation,0.505376344086022
landscape/plantation/ec9a69a43724e57a.jpg,landscape,plantation,0.303921568627451
landscape/plantation/ed4ccd8a49df17f4.jpg,landscape,plantation,0.556521739130435
landscape/plantation/eeb542fae008dadf.jpg,landscape,plantation,0.690721649484536
landscape/plantation/eef37194bf91e872.jpg,landscape,plantation,0.582278481012658
landscape/plantation/f75ccf0bf9d264bf.jpg,landscape,plantation,0.419047619047619
landscape/plantation/f869549ef1bbc8a5.jpg,landscape,plantation,0.765765765765766
landscape/plantation/sun_adcctdabyxmhioeg.jpg,landscape,plantation,0.704545454545455
landscape/plantation/sun_afntjoiuzydrvnfm.jpg,landscape,plantation,0.629213483146067
landscape/plantation/sun_agfdrmftdzokxtnc.jpg,landscape,plantation,0.530120481927711
landscape/plantation/sun_ahtjqejfaqxbfvcn.jpg,landscape,plantation,0.404255319148936
landscape/plantation/sun_aicvecccjhfzcjnt.jpg,landscape,plantation,0.75
landscape/plantation/sun_aioxamlvtxhpnzzt.jpg,landscape,plantation,0.61
landscape/plantation/sun_ajruwqvmgkclbhgj.jpg,landscape,plantation,0.762886597938144
landscape/plantation/sun_akscftsonlgcygdr.jpg,landscape,plantation,0.604395604395604
landscape/plantation/sun_ampjnwubvqspkvul.jpg,landscape,plantation,0.434343434343434
landscape/plantation/sun_aokkqrsxsvimuubo.jpg,landscape,plantation,0.463157894736842
landscape/plantation/sun_aotjqpvjaukupppc.jpg,landscape,plantation,0.297872340425532
landscape/plantation/sun_apbpvrqbmgpebras.jpg,landscape,plantation,0.602150537634409
landscape/plantation/sun_apdbcyzwitltnzyz.jpg,landscape,plantation,0.611111111111111
landscape/plantation/sun_arhsuyqmegcknown.jpg,landscape,plantation,0.618556701030928
landscape/plantation/sun_auqcoxcgyzzillpg.jpg,landscape,plantation,0.315315315315315
landscape/plantation/sun_avqdgqfyskuhyqmr.jpg,landscape,plantation,0.59375
landscape/plantation/sun_avzsmdjhuczsjesf.jpg,landscape,plantation,0.378640776699029
landscape/plantation/sun_axgmqwzfyslqksrt.jpg,landscape,plantation,0.607142857142857
landscape/plantation/sun_axkbfhmkopqemnsq.jpg,landscape,plantation,0.58695652173913
landscape/plantation/sun_axvnhjliovthmykr.jpg,landscape,plantation,0.471264367816092
landscape/plantation/sun_azygdhuijrbfollv.jpg,landscape,plantation,0.444444444444444
landscape/plantation/sun_bczwjohiabrbsydx.jpg,landscape,plantation,0.376344086021505
landscape/river/n09415671_10421.jpg,landscape,river,0.421052631578947
landscape/river/n09415671_10704.jpg,landscape,river,0.425531914893617
landscape/river/n09415671_10796.jpg,landscape,river,0.422018348623853
landscape/river/n09415671_10825.jpg,landscape,river,0.472222222222222
landscape/river/n09415671_11403.jpg,landscape,river,0.45679012345679
landscape/river/n09415671_11456.jpg,landscape,river,0.339622641509434
landscape/river/n09415671_11747.jpg,landscape,river,0.401960784313726
landscape/river/n09415671_1182.jpg,landscape,river,0.388235294117647
landscape/river/n09415671_12093.jpg,landscape,river,0.697916666666667
landscape/river/n09415671_12526.jpg,landscape,river,0.523364485981308
landscape/river/n09415671_1275.jpg,landscape,river,0.509433962264151
landscape/river/n09415671_13467.jpg,landscape,river,0.405940594059406
landscape/river/n09415671_13740.jpg,landscape,river,0.311111111111111
landscape/river/n09415671_14366.jpg,landscape,river,0.596153846153846
landscape/river/n09415671_14500.jpg,landscape,river,0.435643564356436
landscape/river/n09415671_14641.jpg,landscape,river,0.4375
landscape/river/n09415671_14688.jpg,landscape,river,0.601769911504425
landscape/river/n09415671_15388.jpg,landscape,river,0.585365853658537
landscape/river/n09415671_15542.jpg,landscape,river,0.56
landscape/river/n09415671_15736.jpg,landscape,river,0.763440860215054
landscape/river/n09415671_15977.jpg,landscape,river,0.536082474226804
landscape/river/n09415671_16184.jpg,landscape,river,0.62
landscape/river/n09415671_16809.jpg,landscape,river,0.479591836734694
landscape/river/n09415671_17246.jpg,landscape,river,0.216494845360825
landscape/river/n09415671_17299.jpg,landscape,river,0.634615384615385
landscape/river/n09415671_17594.jpg,landscape,river,0.448275862068966
landscape/river/n09415671_17814.jpg,landscape,river,0.41304347826087
landscape/river/n09415671_18136.jpg,landscape,river,0.421487603305785
landscape/river/n09415671_18246.jpg,landscape,river,0.345794392523364
landscape/river/n09415671_18361.jpg,landscape,river,0.5
landscape/river/n09415671_1862.jpg,landscape,river,0.387931034482759
landscape/river/n09415671_18984.jpg,landscape,river,0.445454545454545
landscape/river/n09415671_19391.jpg,landscape,river,0.4375
landscape/river/n09415671_19975.jpg,landscape,river,0.657142857142857
landscape/river/n09415671_20286.jpg,landscape,river,0.430232558139535
landscape/river/n09415671_21046.jpg,landscape,river,0.326530612244898
landscape/river/n09415671_2133.jpg,landscape,river,0.577235772357724
landscape/river/n09415671_22671.jpg,landscape,river,0.576086956521739
landscape/river/n09415671_23071.jpg,landscape,river,0.5
landscape/river/n09415671_23261.jpg,landscape,river,0.45679012345679
landscape/river/n09415671_23270.jpg,landscape,river,0.457943925233645
landscape/river/n09415671_2335.jpg,landscape,river,0.366336633663366
landscape/river/n09415671_2370.jpg,landscape,river,0.543689320388349
landscape/river/n09415671_2555.jpg,landscape,river,0.483516483516484
landscape/river/n09415671_384.jpg,landscape,river,0.383561643835616
landscape/river/n09415671_4032.jpg,landscape,river,0.413461538461538
landscape/river/n09415671_4038.jpg,landscape,river,0.473118279569892
landscape/river/n09415671_4557.jpg,landscape,river,0.311827956989247
landscape/river/n09415671_4661.jpg,landscape,river,0.517241379310345
landscape/river/n09415671_5306.jpg,landscape,river,0.25531914893617
landscape/river/n09415671_5317.jpg,landscape,river,0.378048780487805
landscape/river/n09415671_5470.jpg,landscape,river,0.352272727272727
landscape/river/n09415671_6172.jpg,landscape,river,0.401960784313726
landscape/river/n09415671_6202.jpg,landscape,river,0.422413793103448
landscape/river/n09415671_6312.jpg,landscape,river,0.390909090909091
landscape/river/n09415671_6406.jpg,landscape,river,0.390804597701149
landscape/river/n09415671_6622.jpg,landscape,river,0.517241379310345
landscape/river/n09415671_6814.jpg,landscape,river,0.536842105263158
landscape/river/n09415671_7674.jpg,landscape,river,0.471698113207547
landscape/river/n09415671_7683.jpg,landscape,river,0.453488372093023
landscape/river/n09415671_8062.jpg,landscape,river,0.526785714285714
landscape/river/n09415671_8179.jpg,landscape,river,0.475247524752475
landscape/river/n09415671_820.jpg,landscape,river,0.5
landscape/river/n09415671_8323.jpg,landscape,river,0.39
landscape/river/n09415671_8779.jpg,landscape,river,0.326923076923077
landscape/river/n09415671_9090.jpg,landscape,river,0.438202247191011
landscape/river/n09415671_9241.jpg,landscape,river,0.56
landscape/river/n09415671_9361.jpg,landscape,river,0.402439024390244
landscape/river/n09415671_9545.jpg,landscape,river,0.51063829787234
landscape/river/sun_aaflmulbtigwigtw.jpg,landscape,river,0.296703296703297
landscape/river/sun_aawrgbknzaichelh.jpg,landscape,river,0.618556701030928
landscape/river/sun_aayvvermcwqagzgf.jpg,landscape,river,0.428571428571429
landscape/river/sun_abyidesehxlvmzuc.jpg,landscape,river,0.518867924528302
landscape/river/sun_advruofhmqeyqmbx.jpg,landscape,river,0.508620689655172
landscape/river/sun_adzymisuwgypbmao.jpg,landscape,river,0.48936170212766
landscape/river/sun_aeqhdtefbgszpzug.jpg,landscape,river,0.543859649122807
landscape/river/sun_aesztpkgrxeusozn.jpg,landscape,river,0.346153846153846
landscape/river/sun_affakcmrcswctmoq.jpg,landscape,river,0.522222222222222
landscape/river/sun_afsvmhjhzfuawyox.jpg,landscape,river,0.391752577319588
landscape/river/sun_agqwpjyxhwnrmbhy.jpg,landscape,river,0.301724137931034
landscape/river/sun_ahmusbehnhtnvrlo.jpg,landscape,river,0.377777777777778
landscape/river/sun_ahnszpffynlympqu.jpg,landscape,river,0.422222222222222
landscape/river/sun_ajnwquklxhjymhnh.jpg,landscape,river,0.275229357798165
landscape/river/sun_ammlmcnlqojiatxv.jpg,landscape,river,0.329268292682927
landscape/river/sun_amooihhbpiuhzlcl.jpg,landscape,river,0.470588235294118
landscape/river/sun_angkfadyjildbcqh.jpg,landscape,river,0.41
landscape/river/sun_arrowezqnjworpxx.jpg,landscape,river,0.396039603960396
landscape/river/sun_aspvmwpnzvvxbbft.jpg,landscape,river,0.373831775700935
landscape/river/sun_atyxcoqqxqgneguy.jpg,landscape,river,0.485981308411215
landscape/river/sun_avzchymwhvikuljn.jpg,landscape,river,0.256880733944954
landscape/river/sun_awpobpjinrtgghxi.jpg,landscape,river,0.397959183673469
landscape/river/sun_axdytypgqeudktof.jpg,landscape,river,0.415094339622642
landscape/river/sun_ayvmorfrgjhonmqd.jpg,landscape,river,0.418367346938776
landscape/river/sun_azrlsucrzwyfscww.jpg,landscape,river,0.382022471910112
landscape/savanna/0fbaf2e2db331109.jpg,landscape,savanna,0.41747572815534
landscape/savanna/103210451eebd2f5.jpg,landscape,savanna,0.910714285714286
landscape/savanna/1220fa5cbeeaea92.jpg,landscape,savanna,0.514018691588785
landscape/savanna/128effcd5bc60e5e.jpg,landscape,savanna,0.319148936170213
landscape/savanna/1a87d5dd9aef60ac.jpg,landscape,savanna,0.44
landscape/savanna/1be24711b35392cb.jpg,landscape,savanna,0.315789473684211
landscape/savanna/1ca15ca38b387c26.jpg,landscape,savanna,0.319148936170213
landscape/savanna/27ffe9cef7625e56.jpg,landscape,savanna,0.663265306122449
landscape/savanna/29c331379d184362.jpg,landscape,savanna,0.443396226415094
landscape/savanna/2b6eb863d44d4527.jpg,landscape,savanna,0.533980582524272
landscape/savanna/32228339a01b0f4c.jpg,landscape,savanna,0.448979591836735
landscape/savanna/3b2d53e675f239cd.jpg,landscape,savanna,0.404040404040404
landscape/savanna/3bc41b56e0708aec.jpg,landscape,savanna,0.572727272727273
landscape/savanna/48b4b23fb49e4cff.jpg,landscape,savanna,0.551724137931034
landscape/savanna/4d2286a9e457882b.jpg,landscape,savanna,0.384615384615385
landscape/savanna/4d38e47c9c74abb5.jpg,landscape,savanna,0.546511627906977
landscape/savanna/4f2ffae85d9ce07b.jpg,landscape,savanna,0.531914893617021
landscape/savanna/5540b1af6082d5e4.jpg,landscape,savanna,0.552631578947368
landscape/savanna/5ddb40615b3a538e.jpg,landscape,savanna,0.60377358490566
landscape/savanna/607fc30becccf762.jpg,landscape,savanna,0.28735632183908
landscape/savanna/69e8bba972867f96.jpg,landscape,savanna,0.422413793103448
landscape/savanna/7d4174788e63d65a.jpg,landscape,savanna,0.59375
landscape/savanna/82670f93cd2dc68e.jpg,landscape,savanna,0.386792452830189
landscape/savanna/94cb6dc3b5293417.jpg,landscape,savanna,0.415841584158416
landscape/savanna/94ea5b64098dc7b3.jpg,landscape,savanna,0.422018348623853
landscape/savanna/9953f505d2d420da.jpg,landscape,savanna,0.343434343434343
landscape/savanna/99bcf6128cb5d909.jpg,landscape,savanna,0.257425742574257
landscape/savanna/9edfd68054226fc1.jpg,landscape,savanna,0.372093023255814
landscape/savanna/a4ec78bc93d37104.jpg,landscape,savanna,0.64
landscape/savanna/a5d3b7d5ae1f1cac.jpg,landscape,savanna,0.555555555555556
landscape/savanna/a64f5a1102622573.jpg,landscape,savanna,0.541666666666667
landscape/savanna/af398033fcc3c41d.jpg,landscape,savanna,0.373737373737374
landscape/savanna/bde334346ad9a99a.jpg,landscape,savanna,0.531645569620253
landscape/savanna/c2cf779148d8142f.jpg,landscape,savanna,0.653465346534653
landscape/savanna/cc2e862c89a4f45f.jpg,landscape,savanna,0.303030303030303
landscape/savanna/d01f571534b26568.jpg,landscape,savanna,0.321739130434783
landscape/savanna/d24a3c9f1ee2c89f.jpg,landscape,savanna,0.283018867924528
landscape/savanna/def4db8f3fd6c7da.jpg,landscape,savanna,0.323232323232323
landscape/savanna/e02a4720aa913ac8.jpg,landscape,savanna,0.612903225806452
landscape/savanna/e2fc18d1ca1800c0.jpg,landscape,savanna,0.287128712871287
landscape/savanna/e8854814ca821f95.jpg,landscape,savanna,0.63
landscape/savanna/f0bb0e12e0b58962.jpg,landscape,savanna,0.64367816091954
landscape/savanna/f0dc35cfaad9d472.jpg,landscape,savanna,0.337209302325581
landscape/savanna/f289e75ca547ea1a.jpg,landscape,savanna,0.720338983050847
landscape/savanna/f2c8fdf66d47e4c7.jpg,landscape,savanna,0.505154639175258
landscape/savanna/f923fd734ad6a56a.jpg,landscape,savanna,0.591836734693878
landscape/savanna/sun_affghkaeecrxnupq.jpg,landscape,savanna,0.418367346938776
landscape/savanna/sun_aqbpztfbkpkfbxqx.jpg,landscape,savanna,0.479591836734694
landscape/savanna/sun_azmnsxrpcylcebsm.jpg,landscape,savanna,0.531914893617021
landscape/sea/n09376198_10146.jpg,landscape,sea,0.41747572815534
landscape/sea/n09376198_10640.jpg,landscape,sea,0.480769230769231
landscape/sea/n09376198_10845.jpg,landscape,sea,0.549019607843137
landscape/sea/n09376198_10901.jpg,landscape,sea,0.614678899082569
landscape/sea/n09376198_11171.jpg,landscape,sea,0.311111111111111
landscape/sea/n09376198_11360.jpg,landscape,sea,0.40625
landscape/sea/n09376198_12294.jpg,landscape,sea,0.559139784946237
landscape/sea/n09376198_12692.jpg,landscape,sea,0.547169811320755
landscape/sea/n09376198_13588.jpg,landscape,sea,0.575757575757576
landscape/sea/n09376198_13928.jpg,landscape,sea,0.435185185185185
landscape/sea/n09376198_1396.jpg,landscape,sea,0.689655172413793
landscape/sea/n09376198_14485.jpg,landscape,sea,0.545454545454545
landscape/sea/n09376198_14571.jpg,landscape,sea,0.556603773584906
landscape/sea/n09376198_15308.jpg,landscape,sea,0.510416666666667
landscape/sea/n09376198_15319.jpg,landscape,sea,0.558558558558559
landscape/sea/n09376198_15467.jpg,landscape,sea,0.693069306930693
landscape/sea/n09376198_15858.jpg,landscape,sea,0.692307692307692
landscape/sea/n09376198_16065.jpg,landscape,sea,0.414893617021277
landscape/sea/n09376198_16253.jpg,landscape,sea,0.386138613861386
landscape/sea/n09376198_16513.jpg,landscape,sea,0.58974358974359
landscape/sea/n09376198_16757.jpg,landscape,sea,0.339805825242718
landscape/sea/n09376198_17428.jpg,landscape,sea,0.417582417582418
landscape/sea/n09376198_178.jpg,landscape,sea,0.475609756097561
landscape/sea/n09376198_18482.jpg,landscape,sea,0.495652173913044
landscape/sea/n09376198_18827.jpg,landscape,sea,0.373493975903614
landscape/sea/n09376198_19021.jpg,landscape,sea,0.699029126213592
landscape/sea/n09376198_19190.jpg,landscape,sea,0.660550458715596
landscape/sea/n09376198_19264.jpg,landscape,sea,0.545454545454545
landscape/sea/n09376198_19423.jpg,landscape,sea,0.504761904761905
landscape/sea/n09376198_19547.jpg,landscape,sea,0.377777777777778
landscape/sea/n09376198_19552.jpg,landscape,sea,0.455445544554455
landscape/sea/n09376198_19558.jpg,landscape,sea,0.535714285714286
landscape/sea/n09376198_19782.jpg,landscape,sea,0.472727272727273
landscape/sea/n09376198_19981.jpg,landscape,sea,0.455445544554455
landscape/sea/n09376198_20029.jpg,landscape,sea,0.516483516483517
landscape/sea/n09376198_20394.jpg,landscape,sea,0.63
landscape/sea/n09376198_20395.jpg,landscape,sea,0.440366972477064
landscape/sea/n09376198_20425.jpg,landscape,sea,0.55
landscape/sea/n09376198_20436.jpg,landscape,sea,0.628865979381443
landscape/sea/n09376198_20956.jpg,landscape,sea,0.49438202247191
landscape/sea/n09376198_21118.jpg,landscape,sea,0.405940594059406
landscape/sea/n09376198_21174.jpg,landscape,sea,0.631578947368421
landscape/sea/n09376198_21192.jpg,landscape,sea,0.523809523809524
landscape/sea/n09376198_21260.jpg,landscape,sea,0.567307692307692
landscape/sea/n09376198_21281.jpg,landscape,sea,0.780487804878049
landscape/sea/n09376198_21338.jpg,landscape,sea,0.417582417582418
landscape/sea/n09376198_21383.jpg,landscape,sea,0.460869565217391
landscape/sea/n09376198_21539.jpg,landscape,sea,0.544554455445545
landscape/sea/n09376198_21567.jpg,landscape,sea,0.482758620689655
landscape/sea/n09376198_21630.jpg,landscape,sea,0.657657657657658
landscape/sea/n09376198_22026.jpg,landscape,sea,0.5
landscape/sea/n09376198_22167.jpg,landscape,sea,0.509259259259259
landscape/sea/n09376198_22369.jpg,landscape,sea,0.515463917525773
landscape/sea/n09376198_22377.jpg,landscape,sea,0.407407407407407
landscape/sea/n09376198_22448.jpg,landscape,sea,0.548076923076923
landscape/sea/n09376198_22644.jpg,landscape,sea,0.34
landscape/sea/n09376198_22707.jpg,landscape,sea,0.571428571428571
landscape/sea/n09376198_22948.jpg,landscape,sea,0.620689655172414
landscape/sea/n09376198_26839.jpg,landscape,sea,0.479166666666667
landscape/sea/n09376198_2958.jpg,landscape,sea,0.544444444444444
landscape/sea/n09376198_3096.jpg,landscape,sea,0.341176470588235
landscape/sea/n09376198_3149.jpg,landscape,sea,0.473214285714286
landscape/sea/n09376198_32430.jpg,landscape,sea,0.623762376237624
landscape/sea/n09376198_34266.jpg,landscape,sea,0.41
landscape/sea/n09376198_34637.jpg,landscape,sea,0.716049382716049
landscape/sea/n09376198_35698.jpg,landscape,sea,0.274509803921569
landscape/sea/n09376198_39046.jpg,landscape,sea,0.55045871559633
landscape/sea/n09376198_39749.jpg,landscape,sea,0.593023255813954
landscape/sea/n09376198_4578.jpg,landscape,sea,0.647727272727273
landscape/sea/n09376198_5120.jpg,landscape,sea,0.397849462365591
landscape/sea/n09376198_5439.jpg,landscape,sea,0.574468085106383
landscape/sea/n09376198_5884.jpg,landscape,sea,0.56701030927835
landscape/sea/n09376198_6163.jpg,landscape,sea,0.70873786407767
landscape/sea/n09376198_6338.jpg,landscape,sea,0.455357142857143
landscape/sea/n09376198_7248.jpg,landscape,sea,0.583333333333333
landscape/sea/n09376198_7849.jpg,landscape,sea,0.252631578947368
landscape/sea/n09376198_8264.jpg,landscape,sea,0.678571428571429
landscape/sea/n09376198_9191.jpg,landscape,sea,0.555555555555556
landscape/sea/n09376198_9273.jpg,landscape,sea,0.768421052631579
landscape/sea/n09376198_9918.jpg,landscape,sea,0.801980198019802
landscape/shore/n09217230_10187.jpg,landscape,shore,0.805309734513274
landscape/shore/n09217230_1085.jpg,landscape,shore,0.58252427184466
landscape/shore/n09217230_11848.jpg,landscape,shore,0.358333333333333
landscape/shore/n09217230_1761.jpg,landscape,shore,0.555555555555556
landscape/shore/n09217230_2326.jpg,landscape,shore,0.525641025641026
landscape/shore/n09217230_2449.jpg,landscape,shore,0.651785714285714
landscape/shore/n09217230_2843.jpg,landscape,shore,0.688679245283019
landscape/shore/n09217230_3790.jpg,landscape,shore,0.825581395348837
landscape/shore/n09217230_3880.jpg,landscape,shore,0.696629213483146
landscape/shore/n09217230_3956.jpg,landscape,shore,0.666666666666667
landscape/shore/n09217230_4020.jpg,landscape,shore,0.413793103448276
landscape/shore/n09217230_4030.jpg,landscape,shore,0.490909090909091
landscape/shore/n09217230_4382.jpg,landscape,shore,0.843478260869565
landscape/shore/n09217230_469.jpg,landscape,shore,0.529411764705882
landscape/shore/n09217230_4829.jpg,landscape,shore,0.822222222222222
landscape/shore/n09217230_5502.jpg,landscape,shore,0.448275862068966
landscape/shore/n09217230_6082.jpg,landscape,shore,0.616279069767442
landscape/shore/n09217230_6184.jpg,landscape,shore,0.697916666666667
landscape/shore/n09217230_6883.jpg,landscape,shore,0.613861386138614
landscape/shore/n09217230_702.jpg,landscape,shore,0.631578947368421
landscape/shore/n09217230_7993.jpg,landscape,shore,0.694444444444444
landscape/shore/n09217230_815.jpg,landscape,shore,0.559139784946237
landscape/shore/n09217230_8235.jpg,landscape,shore,0.674157303370786
landscape/shore/n09217230_8385.jpg,landscape,shore,0.519230769230769
landscape/shore/n09217230_9181.jpg,landscape,shore,0.524752475247525
landscape/shore/n09217230_9267.jpg,landscape,shore,0.683544303797468
landscape/shore/n09217230_9549.jpg,landscape,shore,0.75531914893617
landscape/shore/n09421951_10070.jpg,landscape,shore,0.704545454545455
landscape/shore/n09421951_10110.jpg,landscape,shore,0.383177570093458
landscape/shore/n09421951_10569.jpg,landscape,shore,0.5
landscape/shore/n09421951_10886.jpg,landscape,shore,0.558823529411765
landscape/shore/n09421951_10974.jpg,landscape,shore,0.571428571428571
landscape/shore/n09421951_11041.jpg,landscape,shore,0.487394957983193
landscape/shore/n09421951_11091.jpg,landscape,shore,0.412371134020619
landscape/shore/n09421951_11154.jpg,landscape,shore,0.590909090909091
landscape/shore/n09421951_11329.jpg,landscape,shore,0.651162790697674
landscape/shore/n09421951_11637.jpg,landscape,shore,0.479591836734694
landscape/shore/n09421951_11867.jpg,landscape,shore,0.578947368421053
landscape/shore/n09421951_12169.jpg,landscape,shore,0.675675675675676
landscape/shore/n09421951_12490.jpg,landscape,shore,0.397849462365591
landscape/shore/n09421951_12946.jpg,landscape,shore,0.612244897959184
landscape/shore/n09421951_13036.jpg,landscape,shore,0.4375
landscape/shore/n09421951_13122.jpg,landscape,shore,0.680851063829787
landscape/shore/n09421951_14335.jpg,landscape,shore,0.363636363636364
landscape/shore/n09421951_1478.jpg,landscape,shore,0.222222222222222
landscape/shore/n09421951_1517.jpg,landscape,shore,0.528089887640449
landscape/shore/n09421951_16577.jpg,landscape,shore,0.787037037037037
landscape/shore/n09421951_16876.jpg,landscape,shore,0.488888888888889
landscape/shore/n09421951_16936.jpg,landscape,shore,0.455445544554455
landscape/shore/n09421951_18936.jpg,landscape,shore,0.737373737373737
landscape/shore/n09421951_19955.jpg,landscape,shore,0.505747126436782
landscape/shore/n09421951_22443.jpg,landscape,shore,0.439252336448598
landscape/shore/n09421951_24316.jpg,landscape,shore,0.426086956521739
landscape/shore/n09421951_25160.jpg,landscape,shore,0.587155963302752
landscape/shore/n09421951_32540.jpg,landscape,shore,0.701754385964912
landscape/shore/n09421951_34496.jpg,landscape,shore,0.744897959183674
landscape/shore/n09421951_5438.jpg,landscape,shore,0.456310679611651
landscape/shore/n09421951_6821.jpg,landscape,shore,0.547169811320755
landscape/shore/n09421951_8175.jpg,landscape,shore,0.715789473684211
landscape/shore/n09421951_9201.jpg,landscape,shore,0.425925925925926
landscape/shore/n09421951_9815.jpg,landscape,shore,0.442105263157895
landscape/shore/n09421951_9868.jpg,landscape,shore,0.571428571428571
landscape/shore/n09428293_11949.jpg,landscape,shore,0.526881720430108
landscape/shore/n09428293_16245.jpg,landscape,shore,0.353658536585366
landscape/shore/n09428293_16948.jpg,landscape,shore,0.552380952380952
landscape/shore/n09428293_17140.jpg,landscape,shore,0.418367346938776
landscape/shore/n09428293_18874.jpg,landscape,shore,0.448979591836735
landscape/shore/n09428293_22476.jpg,landscape,shore,0.54639175257732
landscape/shore/n09428293_22601.jpg,landscape,shore,0.494505494505495
landscape/shore/n09428293_23069.jpg,landscape,shore,0.610526315789474
landscape/shore/n09428293_2560.jpg,landscape,shore,0.654320987654321
landscape/shore/n09428293_2791.jpg,landscape,shore,0.574712643678161
landscape/shore/n09428293_28986.jpg,landscape,shore,0.344086021505376
landscape/shore/n09428293_29070.jpg,landscape,shore,0.552
landscape/shore/n09428293_31902.jpg,landscape,shore,0.415841584158416
landscape/shore/n09428293_3297.jpg,landscape,shore,0.365591397849462
landscape/shore/n09428293_3364.jpg,landscape,shore,0.722222222222222
landscape/shore/n09428293_36393.jpg,landscape,shore,0.826923076923077
landscape/shore/n09428293_36611.jpg,landscape,shore,0.516666666666667
landscape/shore/n09428293_39006.jpg,landscape,shore,0.520833333333333
landscape/shore/n09428293_39677.jpg,landscape,shore,0.557692307692308
landscape/shore/n09428293_39748.jpg,landscape,shore,0.54954954954955
landscape/shore/n09428293_42334.jpg,landscape,shore,0.55045871559633
landscape/shore/n09428293_42620.jpg,landscape,shore,0.333333333333333
landscape/shore/n09428293_45308.jpg,landscape,shore,0.54
landscape/shore/n09428293_46696.jpg,landscape,shore,0.529411764705882
landscape/shore/n09428293_47263.jpg,landscape,shore,0.589285714285714
landscape/shore/n09428293_48339.jpg,landscape,shore,0.495049504950495
landscape/shore/n09428293_48813.jpg,landscape,shore,0.485148514851485
landscape/shore/n09428293_5897.jpg,landscape,shore,0.533333333333333
landscape/shore/n09428293_5995.jpg,landscape,shore,0.68
landscape/shore/n09428293_6924.jpg,landscape,shore,0.588235294117647
landscape/shore/n09428293_8630.jpg,landscape,shore,0.727272727272727
landscape/snowscape/05fc797747b43738.jpg,landscape,snowscape,0.646341463414634
landscape/snowscape/0ce0499b7f00cb0e.jpg,landscape,snowscape,0.488095238095238
landscape/snowscape/19f5c3b3a490beff.jpg,landscape,snowscape,0.594339622641509
landscape/snowscape/2f6ce20f6f244efe.jpg,landscape,snowscape,0.628865979381443
landscape/snowscape/3586e65570d0d5d0.jpg,landscape,snowscape,0.574074074074074
landscape/snowscape/4bec8df46cf13743.jpg,landscape,snowscape,0.561904761904762
landscape/snowscape/4d8d416b795f90cc.jpg,landscape,snowscape,0.647619047619048
landscape/snowscape/4fc1bb40ea85f55f.jpg,landscape,snowscape,0.558441558441558
landscape/snowscape/55d0a0c0726ac856.jpg,landscape,snowscape,0.450549450549451
landscape/snowscape/64153332024189ae.jpg,landscape,snowscape,0.617021276595745
landscape/snowscape/71cc96ab89df1c70.jpg,landscape,snowscape,0.659340659340659
landscape/snowscape/71ce7459bc05596d.jpg,landscape,snowscape,0.69620253164557
landscape/snowscape/781c958107e86dcb.jpg,landscape,snowscape,0.558823529411765
landscape/snowscape/7aeecee8b9b7264c.jpg,landscape,snowscape,0.69
landscape/snowscape/806fa9b58d39f10e.jpg,landscape,snowscape,0.655913978494624
landscape/snowscape/8880c064ecd79e96.jpg,landscape,snowscape,0.617647058823529
landscape/snowscape/89053529c35762a7.jpg,landscape,snowscape,0.722222222222222
landscape/snowscape/8bd2659c2ac5b9d5.jpg,landscape,snowscape,0.626262626262626
landscape/snowscape/8f8a5518eb347887.jpg,landscape,snowscape,0.669421487603306
landscape/snowscape/935128a44d4c1dd7.jpg,landscape,snowscape,0.298969072164948
landscape/snowscape/9e5cecaecfb75373.jpg,landscape,snowscape,0.527472527472527
landscape/snowscape/a6fe554f214c9f6d.jpg,landscape,snowscape,0.579545454545455
landscape/snowscape/a8d0951911af67f8.jpg,landscape,snowscape,0.580357142857143
landscape/snowscape/ac879fc4fd66b750.jpg,landscape,snowscape,0.672897196261682
landscape/snowscape/afac9fee5ef5f397.jpg,landscape,snowscape,0.75
landscape/snowscape/b824501af079ad43.jpg,landscape,snowscape,0.556603773584906
landscape/snowscape/bde032dcf7d9ef26.jpg,landscape,snowscape,0.626262626262626
landscape/snowscape/c1a866badf03b36b.jpg,landscape,snowscape,0.721649484536082
landscape/snowscape/cbc706734e8e11cf.jpg,landscape,snowscape,0.597938144329897
landscape/snowscape/df1a1069546aaebe.jpg,landscape,snowscape,0.771428571428571
landscape/snowscape/ee54fa153e633643.jpg,landscape,snowscape,0.612903225806452
landscape/snowscape/sun_abaavqlfhfgrtrmp.jpg,landscape,snowscape,0.5
landscape/snowscape/sun_abdqfmnccfyuqsjh.jpg,landscape,snowscape,0.471698113207547
landscape/snowscape/sun_acecbesdnsqijtva.jpg,landscape,snowscape,0.422222222222222
landscape/snowscape/sun_acpxaistqyimycdc.jpg,landscape,snowscape,0.274725274725275
landscape/snowscape/sun_adykjroazbibmkha.jpg,landscape,snowscape,0.280487804878049
landscape/snowscape/sun_adzygjwtekacvdto.jpg,landscape,snowscape,0.333333333333333
landscape/snowscape/sun_afopyurpnywisbmw.jpg,landscape,snowscape,0.244897959183673
landscape/snowscape/sun_agadveshuygeffkr.jpg,landscape,snowscape,0.404040404040404
landscape/snowscape/sun_ahxzmmzdtjzohvyj.jpg,landscape,snowscape,0.761061946902655
landscape/snowscape/sun_alynwiithdespexf.jpg,landscape,snowscape,0.382022471910112
landscape/snowscape/sun_aoyxvextaeonmyll.jpg,landscape,snowscape,0.343137254901961
landscape/snowscape/sun_apegpjzinrnvstub.jpg,landscape,snowscape,0.326086956521739
landscape/snowscape/sun_aqwjbpirzjyacvtj.jpg,landscape,snowscape,0.423076923076923
landscape/snowscape/sun_areyvdkepydnktvx.jpg,landscape,snowscape,0.53125
landscape/snowscape/sun_aukiwgmfpeqonurb.jpg,landscape,snowscape,0.25
landscape/snowscape/sun_auyawxqigfkfzqic.jpg,landscape,snowscape,0.576576576576577
landscape/snowscape/sun_ayrqfcydyciyvrla.jpg,landscape,snowscape,0.62037037037037
landscape/tundra/350146445a1383f8.jpg,landscape,tundra,0.531914893617021
landscape/tundra/39d1ce9574b2df8f.jpg,landscape,tundra,0.410526315789474
landscape/tundra/84a6fdae233656a5.jpg,landscape,tundra,0.396551724137931
landscape/tundra/89752c9eaf281151.jpg,landscape,tundra,0.436363636363636
landscape/tundra/bb4f781adbf5b2d0.jpg,landscape,tundra,0.321428571428571
landscape/tundra/c7b48e1905d50d55.jpg,landscape,tundra,0.377049180327869
landscape/tundra/db62ab391029b2af.jpg,landscape,tundra,0.513513513513513
landscape/tundra/db80f3b3f678bc15.jpg,landscape,tundra,0.51
landscape/tundra/de4baf73e70f9556.jpg,landscape,tundra,0.431818181818182
landscape/tundra/sun_acjgmeycvyfhcccn.jpg,landscape,tundra,0.380434782608696
landscape/tundra/sun_andjgmkvgepklowz.jpg,landscape,tundra,0.319587628865979
landscape/tundra/sun_anxrlsxtawqfsams.jpg,landscape,tundra,0.505494505494505
landscape/tundra/sun_avauwsvpzzujahyj.jpg,landscape,tundra,0.847826086956522
landscape/tundra/sun_aysvauwwrhbjujnn.jpg,landscape,tundra,0.305263157894737
landscape/valley/n09468604_10320.jpg,landscape,valley,0.433962264150943
landscape/valley/n09468604_10646.jpg,landscape,valley,0.306122448979592
landscape/valley/n09468604_11173.jpg,landscape,valley,0.279569892473118
landscape/valley/n09468604_11652.jpg,landscape,valley,0.492307692307692
landscape/valley/n09468604_12333.jpg,landscape,valley,0.464646464646465
landscape/valley/n09468604_13099.jpg,landscape,valley,0.414141414141414
landscape/valley/n09468604_14047.jpg,landscape,valley,0.455555555555556
landscape/valley/n09468604_15022.jpg,landscape,valley,0.28099173553719
landscape/valley/n09468604_15189.jpg,landscape,valley,0.596153846153846
landscape/valley/n09468604_15562.jpg,landscape,valley,0.752688172043011
landscape/valley/n09468604_15592.jpg,landscape,valley,0.52
landscape/valley/n09468604_15728.jpg,landscape,valley,0.544444444444444
landscape/valley/n09468604_15732.jpg,landscape,valley,0.384615384615385
landscape/valley/n09468604_1698.jpg,landscape,valley,0.436170212765957
landscape/valley/n09468604_17442.jpg,landscape,valley,0.32967032967033
landscape/valley/n09468604_18394.jpg,landscape,valley,0.36697247706422
landscape/valley/n09468604_18462.jpg,landscape,valley,0.409090909090909
landscape/valley/n09468604_18467.jpg,landscape,valley,0.43956043956044
landscape/valley/n09468604_18802.jpg,landscape,valley,0.358490566037736
landscape/valley/n09468604_18945.jpg,landscape,valley,0.48
landscape/valley/n09468604_21841.jpg,landscape,valley,0.561224489795918
landscape/valley/n09468604_22268.jpg,landscape,valley,0.263157894736842
landscape/valley/n09468604_22272.jpg,landscape,valley,0.2
landscape/valley/n09468604_22643.jpg,landscape,valley,0.461538461538462
landscape/valley/n09468604_22958.jpg,landscape,valley,0.516483516483517
landscape/valley/n09468604_23170.jpg,landscape,valley,0.604166666666667
landscape/valley/n09468604_23201.jpg,landscape,valley,0.4625
landscape/valley/n09468604_23209.jpg,landscape,valley,0.478723404255319
landscape/valley/n09468604_23607.jpg,landscape,valley,0.523364485981308
landscape/valley/n09468604_25264.jpg,landscape,valley,0.48936170212766
landscape/valley/n09468604_25273.jpg,landscape,valley,0.3125
landscape/valley/n09468604_25432.jpg,landscape,valley,0.533333333333333
landscape/valley/n09468604_25771.jpg,landscape,valley,0.427184466019417
landscape/valley/n09468604_26256.jpg,landscape,valley,0.555555555555556
landscape/valley/n09468604_26361.jpg,landscape,valley,0.595744680851064
landscape/valley/n09468604_2749.jpg,landscape,valley,0.49438202247191
landscape/valley/n09468604_27551.jpg,landscape,valley,0.581632653061224
landscape/valley/n09468604_28705.jpg,landscape,valley,0.37719298245614
landscape/valley/n09468604_28822.jpg,landscape,valley,0.578313253012048
landscape/valley/n09468604_29491.jpg,landscape,valley,0.454545454545455
landscape/valley/n09468604_30970.jpg,landscape,valley,0.451923076923077
landscape/valley/n09468604_31008.jpg,landscape,valley,0.586776859504132
landscape/valley/n09468604_31670.jpg,landscape,valley,0.5
landscape/valley/n09468604_37803.jpg,landscape,valley,0.411764705882353
landscape/valley/n09468604_37892.jpg,landscape,valley,0.614583333333333
landscape/valley/n09468604_40668.jpg,landscape,valley,0.4
landscape/valley/n09468604_40956.jpg,landscape,valley,0.795918367346939
landscape/valley/n09468604_41325.jpg,landscape,valley,0.554347826086957
landscape/valley/n09468604_42258.jpg,landscape,valley,0.564356435643564
landscape/valley/n09468604_43204.jpg,landscape,valley,0.48936170212766
landscape/valley/n09468604_44686.jpg,landscape,valley,0.379310344827586
landscape/valley/n09468604_44919.jpg,landscape,valley,0.577319587628866
landscape/valley/n09468604_45655.jpg,landscape,valley,0.591836734693878
landscape/valley/n09468604_45739.jpg,landscape,valley,0.284552845528455
landscape/valley/n09468604_46566.jpg,landscape,valley,0.6
landscape/valley/n09468604_47076.jpg,landscape,valley,0.350515463917526
landscape/valley/n09468604_4718.jpg,landscape,valley,0.478991596638655
landscape/valley/n09468604_47447.jpg,landscape,valley,0.494736842105263
landscape/valley/n09468604_47515.jpg,landscape,valley,0.454545454545455
landscape/valley/n09468604_48585.jpg,landscape,valley,0.744897959183674
landscape/valley/n09468604_48588.jpg,landscape,valley,0.360824742268041
landscape/valley/n09468604_51222.jpg,landscape,valley,0.473214285714286
landscape/valley/n09468604_51684.jpg,landscape,valley,0.515463917525773
landscape/valley/n09468604_51842.jpg,landscape,valley,0.406779661016949
landscape/valley/n09468604_51925.jpg,landscape,valley,0.476190476190476
landscape/valley/n09468604_52089.jpg,landscape,valley,0.459770114942529
landscape/valley/n09468604_52463.jpg,landscape,valley,0.522222222222222
landscape/valley/n09468604_53301.jpg,landscape,valley,0.372340425531915
landscape/valley/n09468604_54577.jpg,landscape,valley,0.481481481481481
landscape/valley/n09468604_55932.jpg,landscape,valley,0.561904761904762
landscape/valley/n09468604_56818.jpg,landscape,valley,0.5
landscape/valley/n09468604_56838.jpg,landscape,valley,0.582278481012658
landscape/valley/n09468604_57181.jpg,landscape,valley,0.431578947368421
landscape/valley/n09468604_57366.jpg,landscape,valley,0.83
landscape/valley/n09468604_57440.jpg,landscape,valley,0.422680412371134
landscape/valley/n09468604_57462.jpg,landscape,valley,0.445544554455446
landscape/valley/n09468604_57854.jpg,landscape,valley,0.398230088495575
landscape/valley/n09468604_58023.jpg,landscape,valley,0.354838709677419
landscape/valley/n09468604_58663.jpg,landscape,valley,0.388349514563107
landscape/valley/n09468604_58752.jpg,landscape,valley,0.655555555555556
landscape/valley/n09468604_58896.jpg,landscape,valley,0.382352941176471
landscape/valley/n09468604_5936.jpg,landscape,valley,0.405660377358491
landscape/valley/n09468604_61717.jpg,landscape,valley,0.441176470588235
landscape/valley/n09468604_67249.jpg,landscape,valley,0.376237623762376
landscape/valley/n09468604_6877.jpg,landscape,valley,0.535353535353535
landscape/valley/n09468604_71480.jpg,landscape,valley,0.543689320388349
landscape/valley/n09468604_7536.jpg,landscape,valley,0.435643564356436
landscape/valley/n09468604_7588.jpg,landscape,valley,0.471698113207547
landscape/valley/n09468604_77948.jpg,landscape,valley,0.410714285714286
landscape/valley/n09468604_8336.jpg,landscape,valley,0.538461538461538
landscape/valley/n09468604_84812.jpg,landscape,valley,0.514018691588785
landscape/valley/n09468604_86524.jpg,landscape,valley,0.457627118644068
landscape/valley/n09468604_86976.jpg,landscape,valley,0.505050505050505
landscape/valley/n09468604_88070.jpg,landscape,valley,0.495145631067961
landscape/valley/n09468604_8862.jpg,landscape,valley,0.53
landscape/valley/n09468604_89593.jpg,landscape,valley,0.828828828828829
landscape/valley/n09468604_9047.jpg,landscape,valley,0.361702127659574
landscape/valley/n09468604_936.jpg,landscape,valley,0.419047619047619
landscape/valley/n09468604_995.jpg,landscape,valley,0.423913043478261
landscape/volcano/n09472597_110.jpg,landscape,volcano,0.630952380952381
landscape/volcano/n09472597_11258.jpg,landscape,volcano,0.627272727272727
landscape/volcano/n09472597_11576.jpg,landscape,volcano,0.561797752808989
landscape/volcano/n09472597_13289.jpg,landscape,volcano,0.708333333333333
landscape/volcano/n09472597_13841.jpg,landscape,volcano,0.385542168674699
landscape/volcano/n09472597_13955.jpg,landscape,volcano,0.663461538461538
landscape/volcano/n09472597_1402.jpg,landscape,volcano,0.647619047619048
landscape/volcano/n09472597_14293.jpg,landscape,volcano,0.67741935483871
landscape/volcano/n09472597_14301.jpg,landscape,volcano,0.5
landscape/volcano/n09472597_1451.jpg,landscape,volcano,0.526785714285714
landscape/volcano/n09472597_14703.jpg,landscape,volcano,0.46
landscape/volcano/n09472597_14890.jpg,landscape,volcano,0.536842105263158
landscape/volcano/n09472597_15189.jpg,landscape,volcano,0.6
landscape/volcano/n09472597_15575.jpg,landscape,volcano,0.5
landscape/volcano/n09472597_15965.jpg,landscape,volcano,0.717391304347826
landscape/volcano/n09472597_16372.jpg,landscape,volcano,0.598130841121495
landscape/volcano/n09472597_18060.jpg,landscape,volcano,0.535353535353535
landscape/volcano/n09472597_19101.jpg,landscape,volcano,0.574257425742574
landscape/volcano/n09472597_20789.jpg,landscape,volcano,0.477272727272727
landscape/volcano/n09472597_20993.jpg,landscape,volcano,0.517241379310345
landscape/volcano/n09472597_21205.jpg,landscape,volcano,0.298076923076923
landscape/volcano/n09472597_21426.jpg,landscape,volcano,0.632075471698113
landscape/volcano/n09472597_21598.jpg,landscape,volcano,0.611111111111111
landscape/volcano/n09472597_22017.jpg,landscape,volcano,0.446601941747573
landscape/volcano/n09472597_22187.jpg,landscape,volcano,0.361904761904762
landscape/volcano/n09472597_22636.jpg,landscape,volcano,0.561224489795918
landscape/volcano/n09472597_22750.jpg,landscape,volcano,0.55045871559633
landscape/volcano/n09472597_22784.jpg,landscape,volcano,0.4
landscape/volcano/n09472597_22931.jpg,landscape,volcano,0.629310344827586
landscape/volcano/n09472597_23094.jpg,landscape,volcano,0.302325581395349
landscape/volcano/n09472597_23273.jpg,landscape,volcano,0.611111111111111
landscape/volcano/n09472597_25917.jpg,landscape,volcano,0.603603603603604
landscape/volcano/n09472597_26604.jpg,landscape,volcano,0.6
landscape/volcano/n09472597_28483.jpg,landscape,volcano,0.531645569620253
landscape/volcano/n09472597_28880.jpg,landscape,volcano,0.607476635514019
landscape/volcano/n09472597_29182.jpg,landscape,volcano,0.574468085106383
landscape/volcano/n09472597_29254.jpg,landscape,volcano,0.411764705882353
landscape/volcano/n09472597_29474.jpg,landscape,volcano,0.543859649122807
landscape/volcano/n09472597_29583.jpg,landscape,volcano,0.474747474747475
landscape/volcano/n09472597_29635.jpg,landscape,volcano,0.408602150537634
landscape/volcano/n09472597_30060.jpg,landscape,volcano,0.39622641509434
landscape/volcano/n09472597_30936.jpg,landscape,volcano,0.490196078431373
landscape/volcano/n09472597_31092.jpg,landscape,volcano,0.767441860465116
landscape/volcano/n09472597_31129.jpg,landscape,volcano,0.595959595959596
landscape/volcano/n09472597_31535.jpg,landscape,volcano,0.612244897959184
landscape/volcano/n09472597_32202.jpg,landscape,volcano,0.6
landscape/volcano/n09472597_32918.jpg,landscape,volcano,0.762886597938144
landscape/volcano/n09472597_33013.jpg,landscape,volcano,0.505376344086022
landscape/volcano/n09472597_3365.jpg,landscape,volcano,0.516129032258065
landscape/volcano/n09472597_33772.jpg,landscape,volcano,0.679611650485437
landscape/volcano/n09472597_33908.jpg,landscape,volcano,0.579545454545455
landscape/volcano/n09472597_34625.jpg,landscape,volcano,0.551282051282051
landscape/volcano/n09472597_34952.jpg,landscape,volcano,0.662790697674419
landscape/volcano/n09472597_35837.jpg,landscape,volcano,0.568421052631579
landscape/volcano/n09472597_36813.jpg,landscape,volcano,0.634782608695652
landscape/volcano/n09472597_39958.jpg,landscape,volcano,0.381578947368421
landscape/volcano/n09472597_40484.jpg,landscape,volcano,0.274509803921569
landscape/volcano/n09472597_40572.jpg,landscape,volcano,0.635294117647059
landscape/volcano/n09472597_4395.jpg,landscape,volcano,0.420454545454545
landscape/volcano/n09472597_446.jpg,landscape,volcano,0.538461538461538
landscape/volcano/n09472597_4600.jpg,landscape,volcano,0.631578947368421
landscape/volcano/n09472597_4661.jpg,landscape,volcano,0.509615384615385
landscape/volcano/n09472597_4882.jpg,landscape,volcano,0.685714285714286
landscape/volcano/n09472597_49039.jpg,landscape,volcano,0.424242424242424
landscape/volcano/n09472597_4921.jpg,landscape,volcano,0.773584905660377
landscape/volcano/n09472597_495.jpg,landscape,volcano,0.710280373831776
landscape/volcano/n09472597_51341.jpg,landscape,volcano,0.404040404040404
landscape/volcano/n09472597_52504.jpg,landscape,volcano,0.465346534653465
landscape/volcano/n09472597_52918.jpg,landscape,volcano,0.495495495495495
landscape/volcano/n09472597_57437.jpg,landscape,volcano,0.622641509433962
landscape/volcano/n09472597_8510.jpg,landscape,volcano,0.651785714285714
landscape/volcano/n09472597_8828.jpg,landscape,volcano,0.574468085106383
landscape/volcano/n09472597_9059.jpg,landscape,volcano,0.5
landscape/waterfall/sun_aajijsiddvaqjsct.jpg,landscape,waterfall,0.485148514851485
landscape/waterfall/sun_aasvwavwelwxbdwa.jpg,landscape,waterfall,0.483516483516484
landscape/waterfall/sun_aazndklnazhmuylc.jpg,landscape,waterfall,0.435294117647059
landscape/waterfall/sun_aazwxarwchtbkpuq.jpg,landscape,waterfall,0.634615384615385
landscape/waterfall/sun_abuwqcofbenlwulz.jpg,landscape,waterfall,0.535353535353535
landscape/waterfall/sun_abyqjaauygibkhrj.jpg,landscape,waterfall,0.542056074766355
landscape/waterfall/sun_acmlcxobalurtcmq.jpg,landscape,waterfall,0.625
landscape/waterfall/sun_actmttqigwnqffqy.jpg,landscape,waterfall,0.627659574468085
landscape/waterfall/sun_acvfzparkonwhuzc.jpg,landscape,waterfall,0.612244897959184
landscape/waterfall/sun_addjezlmejyekcyx.jpg,landscape,waterfall,0.525252525252525
landscape/waterfall/sun_adgraqjkdvtsdonf.jpg,landscape,waterfall,0.620253164556962
landscape/waterfall/sun_adnvqdckimyapvud.jpg,landscape,waterfall,0.530612244897959
landscape/waterfall/sun_aecefabfvaewllpg.jpg,landscape,waterfall,0.546296296296296
landscape/waterfall/sun_aedgmxjwesqbepdt.jpg,landscape,waterfall,0.621359223300971
landscape/waterfall/sun_aeeghadhhuojbxox.jpg,landscape,waterfall,0.604651162790698
landscape/waterfall/sun_aeqvxsrjzbspqkaf.jpg,landscape,waterfall,0.361904761904762
landscape/waterfall/sun_aftivwxsckmpeers.jpg,landscape,waterfall,0.602150537634409
landscape/waterfall/sun_agaqfmzbvvklorsd.jpg,landscape,waterfall,0.416666666666667
landscape/waterfall/sun_agewmeasxmzncpsq.jpg,landscape,waterfall,0.561224489795918
landscape/waterfall/sun_aggfowjpvviyezvb.jpg,landscape,waterfall,0.536363636363636
landscape/waterfall/sun_agmklurggoatzncs.jpg,landscape,waterfall,0.450549450549451
landscape/waterfall/sun_ahtmadjqgksjnnnb.jpg,landscape,waterfall,0.427083333333333
landscape/waterfall/sun_ahtyqauxfdffljjd.jpg,landscape,waterfall,0.617021276595745
landscape/waterfall/sun_ahtyrtpnrhzwuqfj.jpg,landscape,waterfall,0.446808510638298
landscape/waterfall/sun_airsqilzdpyaobsx.jpg,landscape,waterfall,0.471074380165289
landscape/waterfall/sun_ajaqcrkgltsnneau.jpg,landscape,waterfall,0.632183908045977
landscape/waterfall/sun_ajwqxxwrgdohmnpv.jpg,landscape,waterfall,0.63963963963964
landscape/waterfall/sun_akihhfvylreuhukq.jpg,landscape,waterfall,0.484848484848485
landscape/waterfall/sun_akjcpujabvbrcdxl.jpg,landscape,waterfall,0.522522522522523
landscape/waterfall/sun_akucsyjeserxgfrm.jpg,landscape,waterfall,0.56043956043956
landscape/waterfall/sun_akunqvyxlnqigojo.jpg,landscape,waterfall,0.554347826086957
landscape/waterfall/sun_akvekvlcibmjxdeu.jpg,landscape,waterfall,0.367816091954023
landscape/waterfall/sun_albhdrmnbnbrgpak.jpg,landscape,waterfall,0.471910112359551
landscape/waterfall/sun_alheovotlhwqzvmo.jpg,landscape,waterfall,0.461538461538462
landscape/waterfall/sun_alkqpiswgzkpmocc.jpg,landscape,waterfall,0.5375
landscape/waterfall/sun_amevzodkyjpljcde.jpg,landscape,waterfall,0.716981132075472
landscape/waterfall/sun_amplwdrwrticntps.jpg,landscape,waterfall,0.592920353982301
landscape/waterfall/sun_andvaoamnpthswld.jpg,landscape,waterfall,0.443298969072165
landscape/waterfall/sun_anlbtbdfjkxivzbt.jpg,landscape,waterfall,0.617647058823529
landscape/waterfall/sun_anovxjalxvtgcqhf.jpg,landscape,waterfall,0.447619047619048
landscape/waterfall/sun_aojesriwyfxrcrqz.jpg,landscape,waterfall,0.533980582524272
landscape/waterfall/sun_apeqefglcpzjswde.jpg,landscape,waterfall,0.608247422680412
landscape/waterfall/sun_aqznudiptidvajwc.jpg,landscape,waterfall,0.477272727272727
landscape/waterfall/sun_arauaqcrycofkrba.jpg,landscape,waterfall,0.482142857142857
landscape/waterfall/sun_arvvnrldsfofvylu.jpg,landscape,waterfall,0.543689320388349
landscape/waterfall/sun_atmvwojclncleuqd.jpg,landscape,waterfall,0.427083333333333
landscape/waterfall/sun_atvyhoadqoyeglex.jpg,landscape,waterfall,0.589285714285714
landscape/waterfall/sun_audjilpcqqrkmxbf.jpg,landscape,waterfall,0.6
landscape/waterfall/sun_auibkfkgntzgyhsd.jpg,landscape,waterfall,0.601941747572815
landscape/waterfall/sun_aumsgcclasofxhyw.jpg,landscape,waterfall,0.697916666666667
landscape/waterfall/sun_auxrumamawazfvvs.jpg,landscape,waterfall,0.470588235294118
landscape/waterfall/sun_avcjcyscceyddzzd.jpg,landscape,waterfall,0.418181818181818
landscape/waterfall/sun_avdpvygwmitpiwrm.jpg,landscape,waterfall,0.43
landscape/waterfall/sun_avpexjhzihunffty.jpg,landscape,waterfall,0.551401869158878
landscape/waterfall/sun_awnnsozooaiewjxw.jpg,landscape,waterfall,0.566666666666667
landscape/waterfall/sun_awqkzvocqtajvsli.jpg,landscape,waterfall,0.4375
landscape/waterfall/sun_awtsuxtgcspyztsx.jpg,landscape,waterfall,0.528846153846154
landscape/waterfall/sun_axxjygafsnvkcpym.jpg,landscape,waterfall,0.481132075471698
landscape/waterfall/sun_aydqgtfzqiiuyrmb.jpg,landscape,waterfall,0.577319587628866
landscape/waterfall/sun_aypbpudtxzlyicjr.jpg,landscape,waterfall,0.388888888888889
landscape/waterfall/sun_ayyuirpvrzyeopqo.jpg,landscape,waterfall,0.55952380952381
landscape/waterfall/sun_bazytsvxsjidkupr.jpg,landscape,waterfall,0.597826086956522
landscape/waterfall/sun_bbgflftewjdxxhmu.jpg,landscape,waterfall,0.617977528089888
landscape/waterfall/sun_bbvrdmjbnzoaqrmp.jpg,landscape,waterfall,0.521739130434783
landscape/waterfall/sun_bcmjtztrnvkxftye.jpg,landscape,waterfall,0.458333333333333
landscape/waterfall/sun_bdeatbjcovyqdrti.jpg,landscape,waterfall,0.643564356435644
landscape/waterfall/sun_becpynhazdxerqrj.jpg,landscape,waterfall,0.494949494949495
landscape/waterfall/sun_bejnrezcpbzinzmr.jpg,landscape,waterfall,0.367088607594937
landscape/waterfall/sun_beymsjkywdwqictt.jpg,landscape,waterfall,0.593023255813954
landscape/waterfall/sun_bfrnorowythmltyj.jpg,landscape,waterfall,0.542553191489362
landscape/waterfall/sun_bgocxehekzvnlsmo.jpg,landscape,waterfall,0.564516129032258
landscape/waterfall/sun_bhgztvzeacqqrcyh.jpg,landscape,waterfall,0.495327102803738
landscape/waterfall/sun_bipgztcpmnipshid.jpg,landscape,waterfall,0.559633027522936
landscape/waterfall/sun_bkkyikcgcicqwrqk.jpg,landscape,waterfall,0.461538461538462
landscape/waterfall/sun_blrcuczqoxmuvmqc.jpg,landscape,waterfall,0.598039215686274
landscape/waterfall/sun_bmeoepnvypisrelk.jpg,landscape,waterfall,0.591836734693878
landscape/waterfall/sun_bmttjuwgtvkkmovh.jpg,landscape,waterfall,0.616161616161616
landscape/waterfall/sun_bngquulvvnytlqxq.jpg,landscape,waterfall,0.717171717171717
landscape/waterfall/sun_bobxnovrewlskesl.jpg,landscape,waterfall,0.556818181818182
landscape/waterfall/sun_bokvembtqtkcwikw.jpg,landscape,waterfall,0.567307692307692
landscape/waterfall/sun_bqelvuvltjlgitmp.jpg,landscape,waterfall,0.602040816326531
landscape/waterfall/sun_bqgrxjafdmczsueo.jpg,landscape,waterfall,0.680412371134021
landscape/waterfall/sun_brwngbfhqycrxaiz.jpg,landscape,waterfall,0.715686274509804
landscape/waterfall/sun_bsncxbgeurpzwnse.jpg,landscape,waterfall,0.81
landscape/waterfall/sun_bsssizmsssfovgzv.jpg,landscape,waterfall,0.476635514018692
landscape/waterfall/sun_btpaxygvjiqfrsvs.jpg,landscape,waterfall,0.324074074074074
landscape/waterfall/sun_btyesquxyytxifkc.jpg,landscape,waterfall,0.496
landscape/waterfall/sun_bvddjjmcndtwniwl.jpg,landscape,waterfall,0.613861386138614
landscape/waterfall/sun_bwflhqodufjekfoa.jpg,landscape,waterfall,0.537634408602151
landscape/waterfall/sun_bwjptyrbcymryhyn.jpg,landscape,waterfall,0.573033707865168
landscape/waterfall/sun_bwxnzldrpyvierjp.jpg,landscape,waterfall,0.597938144329897
landscape/waterfall/sun_bxbqnskmvvidhmcj.jpg,landscape,waterfall,0.484848484848485
landscape/waterfall/sun_bxelgxxcofiqeurd.jpg,landscape,waterfall,0.551020408163265
landscape/waterfall/sun_bxjeqetmyxsetmyi.jpg,landscape,waterfall,0.515789473684211
landscape/waterfall/sun_bxjmpjepauubqdrc.jpg,landscape,waterfall,0.540816326530612
landscape/waterfall/sun_bxrkvfrtmlxesplx.jpg,landscape,waterfall,0.566666666666667
landscape/waterfall/sun_bxuwroiqjgtzcnhr.jpg,landscape,waterfall,0.54639175257732
landscape/waterfall/sun_bzmowxxstqyyqvns.jpg,landscape,waterfall,0.632075471698113
landscape/wetland/05e4305292b40a61.jpg,landscape,wetland,0.308510638297872
landscape/wetland/06ffee7f6da90b3e.jpg,landscape,wetland,0.574468085106383
landscape/wetland/0889dee78d3bb0ea.jpg,landscape,wetland,0.340425531914894
landscape/wetland/0a86f8a861301669.jpg,landscape,wetland,0.470588235294118
landscape/wetland/0b783ffdb85acb7a.jpg,landscape,wetland,0.5375
landscape/wetland/0e8bb816c0cb5fbe.jpg,landscape,wetland,0.517543859649123
landscape/wetland/10168e958c23e5e4.jpg,landscape,wetland,0.650485436893204
landscape/wetland/11780aff4017e22b.jpg,landscape,wetland,0.408163265306122
landscape/wetland/11d770e6c7694662.jpg,landscape,wetland,0.422680412371134
landscape/wetland/13d000847e2aac34.jpg,landscape,wetland,0.5
landscape/wetland/15268687891e8808.jpg,landscape,wetland,0.48936170212766
landscape/wetland/15a2add6831c1e7b.jpg,landscape,wetland,0.623762376237624
landscape/wetland/17f134afeb63a40f.jpg,landscape,wetland,0.490196078431373
landscape/wetland/1bfb3ebf75e62257.jpg,landscape,wetland,0.421686746987952
landscape/wetland/245ccf6cf1d92449.jpg,landscape,wetland,0.553398058252427
landscape/wetland/256df73150910719.jpg,landscape,wetland,0.439252336448598
landscape/wetland/274700f57512e591.jpg,landscape,wetland,0.626262626262626
landscape/wetland/28fcd6e6f0f5677d.jpg,landscape,wetland,0.369565217391304
landscape/wetland/2b08282fb15a689b.jpg,landscape,wetland,0.7
landscape/wetland/2bca6554fa7e04a5.jpg,landscape,wetland,0.459183673469388
landscape/wetland/304747e2c0a06ce3.jpg,landscape,wetland,0.382716049382716
landscape/wetland/30c83644cca56b50.jpg,landscape,wetland,0.5
landscape/wetland/3542ee5b92d38d25.jpg,landscape,wetland,0.4
landscape/wetland/36e095b3191824c2.jpg,landscape,wetland,0.583333333333333
landscape/wetland/3795ace8fc627d5d.jpg,landscape,wetland,0.306306306306306
landscape/wetland/41d75d96e8f3b69d.jpg,landscape,wetland,0.495495495495495
landscape/wetland/433a75b557ea66fc.jpg,landscape,wetland,0.436781609195402
landscape/wetland/434a52f2db875a77.jpg,landscape,wetland,0.505050505050505
landscape/wetland/452c5f23e6452a36.jpg,landscape,wetland,0.447916666666667
landscape/wetland/48e5771d92691ae3.jpg,landscape,wetland,0.218390804597701
landscape/wetland/49127296f361b7e5.jpg,landscape,wetland,0.595744680851064
landscape/wetland/49f01fc351f9d0a4.jpg,landscape,wetland,0.551724137931034
landscape/wetland/502c9577bb2b7201.jpg,landscape,wetland,0.398148148148148
landscape/wetland/5064374c390ed632.jpg,landscape,wetland,0.449438202247191
landscape/wetland/54401066098de1aa.jpg,landscape,wetland,0.179775280898876
landscape/wetland/550eeb78de2bdc50.jpg,landscape,wetland,0.54
landscape/wetland/5640db3e4b2d9ae6.jpg,landscape,wetland,0.582417582417582
landscape/wetland/566b48d18b5d1ffc.jpg,landscape,wetland,0.433962264150943
landscape/wetland/56e42703b8495e8b.jpg,landscape,wetland,0.463917525773196
landscape/wetland/5878ed597cc52e6e.jpg,landscape,wetland,0.428571428571429
landscape/wetland/59acd4646a0920a3.jpg,landscape,wetland,0.444444444444444
landscape/wetland/5b51fadf42110451.jpg,landscape,wetland,0.577319587628866
landscape/wetland/5df8c1d42709cdda.jpg,landscape,wetland,0.309278350515464
landscape/wetland/6561119d57be1bad.jpg,landscape,wetland,0.518518518518518
landscape/wetland/65be698e9bedbe8c.jpg,landscape,wetland,0.417322834645669
landscape/wetland/6679fa5f2762ade8.jpg,landscape,wetland,0.607843137254902
landscape/wetland/68a9c1b45c6b1603.jpg,landscape,wetland,0.505050505050505
landscape/wetland/6a0595f34153bef0.jpg,landscape,wetland,0.364705882352941
landscape/wetland/6d4783212cb07333.jpg,landscape,wetland,0.652173913043478
landscape/wetland/70314a9f079fc940.jpg,landscape,wetland,0.556521739130435
landscape/wetland/70c7cece24e9e005.jpg,landscape,wetland,0.463157894736842
landscape/wetland/71239c4807e16ac9.jpg,landscape,wetland,0.494736842105263
landscape/wetland/770b7a6fccae6986.jpg,landscape,wetland,0.473684210526316
landscape/wetland/785ee485ae352669.jpg,landscape,wetland,0.296296296296296
landscape/wetland/7c367c167fae4238.jpg,landscape,wetland,0.415929203539823
landscape/wetland/7faf6bfb7bc1487e.jpg,landscape,wetland,0.519607843137255
landscape/wetland/8041d5c6a1f2ea69.jpg,landscape,wetland,0.547169811320755
landscape/wetland/80463d4656037235.jpg,landscape,wetland,0.373913043478261
landscape/wetland/811f66de9aa9bbf0.jpg,landscape,wetland,0.473684210526316
landscape/wetland/83c07ee510c7554b.jpg,landscape,wetland,0.303571428571429
landscape/wetland/8b5e46c0963a64ff.jpg,landscape,wetland,0.619469026548673
landscape/wetland/8cc2cf830a0391ec.jpg,landscape,wetland,0.530612244897959
landscape/wetland/908d784de0a17e1d.jpg,landscape,wetland,0.509615384615385
landscape/wetland/935d9957d5491989.jpg,landscape,wetland,0.48314606741573
landscape/wetland/9ae6eb66b27d02b7.jpg,landscape,wetland,0.495327102803738
landscape/wetland/a2737ed94203bbb9.jpg,landscape,wetland,0.445652173913043
landscape/wetland/a320dc567b875ec9.jpg,landscape,wetland,0.368932038834951
landscape/wetland/a37210e099a24d22.jpg,landscape,wetland,0.477777777777778
landscape/wetland/a9ec15185d0b680d.jpg,landscape,wetland,0.345238095238095
landscape/wetland/aa7f7bfcb26d67ab.jpg,landscape,wetland,0.333333333333333
landscape/wetland/aa81588b4a5a7e27.jpg,landscape,wetland,0.308641975308642
landscape/wetland/ab2578ac27d1ad5d.jpg,landscape,wetland,0.494736842105263
landscape/wetland/add38d99e9139ee7.jpg,landscape,wetland,0.568627450980392
landscape/wetland/bddaf947fb95c1ad.jpg,landscape,wetland,0.505494505494505
landscape/wetland/bf62e37334e46259.jpg,landscape,wetland,0.270833333333333
landscape/wetland/c31e9f72ae2b7202.jpg,landscape,wetland,0.422680412371134
landscape/wetland/c515131e14d9a9dd.jpg,landscape,wetland,0.42
landscape/wetland/c652f7fdedfe6979.jpg,landscape,wetland,0.573033707865168
landscape/wetland/ca300af88da8ccbb.jpg,landscape,wetland,0.452631578947368
landscape/wetland/d618126511c46c91.jpg,landscape,wetland,0.39047619047619
landscape/wetland/d669d42c8c5ad87f.jpg,landscape,wetland,0.53781512605042
landscape/wetland/d85c48f12064109f.jpg,landscape,wetland,0.551020408163265
landscape/wetland/e4b1c5899c40d102.jpg,landscape,wetland,0.444444444444444
landscape/wetland/e5657606eb11374b.jpg,landscape,wetland,0.5
landscape/wetland/e6e1ed037c79e70e.jpg,landscape,wetland,0.486238532110092
landscape/wetland/e73033f2acc81c40.jpg,landscape,wetland,0.344
landscape/wetland/e7569573c9ee6bdc.jpg,landscape,wetland,0.454545454545455
landscape/wetland/eaff0bacee3ef195.jpg,landscape,wetland,0.301075268817204
landscape/wetland/eb8f7163a6a2866f.jpg,landscape,wetland,0.464285714285714
landscape/wetland/f14eeb74dab7f8c1.jpg,landscape,wetland,0.510416666666667
landscape/wetland/f8fb067c9f34b01b.jpg,landscape,wetland,0.610526315789474
landscape/wetland/fb4e6e45c771ed2e.jpg,landscape,wetland,0.457142857142857
landscape/wetland/fc19beae7ab242a5.jpg,landscape,wetland,0.666666666666667
landscape/wetland/fc7afe7b96d4616f.jpg,landscape,wetland,0.422222222222222
landscape/wetland/fd12abc98c5136f6.jpg,landscape,wetland,0.558139534883721
landscape/wetland/fd2f59b6ea820008.jpg,landscape,wetland,0.592233009708738
landscape/windmill/n04587559_10635.jpg,landscape,windmill,0.7
landscape/windmill/n04587559_10799.jpg,landscape,windmill,0.788461538461538
landscape/windmill/n04587559_10835.jpg,landscape,windmill,0.646017699115044
landscape/windmill/n04587559_10908.jpg,landscape,windmill,0.50561797752809
landscape/windmill/n04587559_10942.jpg,landscape,windmill,0.588785046728972
landscape/windmill/n04587559_11109.jpg,landscape,windmill,0.616161616161616
landscape/windmill/n04587559_11131.jpg,landscape,windmill,0.586538461538462
landscape/windmill/n04587559_11194.jpg,landscape,windmill,0.64
landscape/windmill/n04587559_11217.jpg,landscape,windmill,0.484210526315789
landscape/windmill/n04587559_11219.jpg,landscape,windmill,0.636363636363636
landscape/windmill/n04587559_11228.jpg,landscape,windmill,0.804123711340206
landscape/windmill/n04587559_11280.jpg,landscape,windmill,0.48936170212766
landscape/windmill/n04587559_11291.jpg,landscape,windmill,0.608247422680412
landscape/windmill/n04587559_11298.jpg,landscape,windmill,0.548076923076923
landscape/windmill/n04587559_11329.jpg,landscape,windmill,0.833333333333333
landscape/windmill/n04587559_11388.jpg,landscape,windmill,0.530120481927711
landscape/windmill/n04587559_11462.jpg,landscape,windmill,0.742574257425743
landscape/windmill/n04587559_11467.jpg,landscape,windmill,0.736842105263158
landscape/windmill/n04587559_11562.jpg,landscape,windmill,0.685714285714286
landscape/windmill/n04587559_11688.jpg,landscape,windmill,0.414634146341463
landscape/windmill/n04587559_11777.jpg,landscape,windmill,0.683673469387755
landscape/windmill/n04587559_11917.jpg,landscape,windmill,0.563218390804598
landscape/windmill/n04587559_12843.jpg,landscape,windmill,0.582608695652174
landscape/windmill/n04587559_13045.jpg,landscape,windmill,0.627450980392157
landscape/windmill/n04587559_13128.jpg,landscape,windmill,0.663157894736842
landscape/windmill/n04587559_13370.jpg,landscape,windmill,0.726315789473684
landscape/windmill/n04587559_2346.jpg,landscape,windmill,0.620689655172414
landscape/windmill/n04587559_6311.jpg,landscape,windmill,0.757575757575758
landscape/windmill/n04587559_8710.jpg,landscape,windmill,0.711538461538462
landscape/windmill/n04587559_8723.jpg,landscape,windmill,0.787234042553192
landscape/windmill/n04587559_8995.jpg,landscape,windmill,0.626373626373626
landscape/windmill/n04587559_9556.jpg,landscape,windmill,0.779816513761468
landscape/windmill/n04587559_9739.jpg,landscape,windmill,0.717171717171717
sports/American football/000000021983.jpg,sports,American football,0.645161290322581
sports/American football/000000099336.jpg,sports,American football,0.797979797979798
sports/American football/000000124841.jpg,sports,American football,0.681318681318681
sports/American football/000000474255.jpg,sports,American football,0.811320754716981
sports/American football/000000546020.jpg,sports,American football,0.65979381443299
sports/American football/n00468480_10075.jpg,sports,American football,0.571428571428571
sports/American football/n00468480_10172.jpg,sports,American football,0.69
sports/American football/n00468480_10176.jpg,sports,American football,0.604166666666667
sports/American football/n00468480_10557.jpg,sports,American football,0.56140350877193
sports/American football/n00468480_10598.jpg,sports,American football,0.836734693877551
sports/American football/n00468480_10911.jpg,sports,American football,0.633333333333333
sports/American football/n00468480_10961.jpg,sports,American football,0.71551724137931
sports/American football/n00468480_10965.jpg,sports,American football,0.725274725274725
sports/American football/n00468480_2830.jpg,sports,American football,0.805825242718447
sports/American football/n00468480_7583.jpg,sports,American football,0.602409638554217
sports/American football/n00468480_7838.jpg,sports,American football,0.718446601941748
sports/American football/n00468480_8106.jpg,sports,American football,0.65546218487395
sports/American football/n00468480_8182.jpg,sports,American football,0.737864077669903
sports/American football/n00468480_8753.jpg,sports,American football,0.803921568627451
sports/American football/n00468480_8767.jpg,sports,American football,0.5
sports/American football/n00468480_8890.jpg,sports,American football,0.585365853658537
sports/American football/n00468480_8996.jpg,sports,American football,0.771428571428571
sports/American football/n00468480_9051.jpg,sports,American football,0.72
sports/American football/n00468480_9567.jpg,sports,American football,0.509433962264151
sports/American football/n00468480_9707.jpg,sports,American football,0.640776699029126
sports/American football/n00468480_9997.jpg,sports,American football,0.580645161290323
sports/archery/0379f7c0ef9ff4ff.jpg,sports,archery,0.932038834951456
sports/archery/03f06cb99617b43e.jpg,sports,archery,0.8
sports/archery/05430da00e88b5f9.jpg,sports,archery,0.715789473684211
sports/archery/0b1bb550e8758b2e.jpg,sports,archery,0.906542056074766
sports/archery/0b7f82b25acda3ee.jpg,sports,archery,0.785046728971963
sports/archery/1c36280ae30bb3f7.jpg,sports,archery,0.806451612903226
sports/archery/26478d643e707a68.jpg,sports,archery,0.839285714285714
sports/archery/269ff2d9438b0934.jpg,sports,archery,0.785046728971963
sports/archery/27c5f1373268e07a.jpg,sports,archery,0.8125
sports/archery/39281457d47792e2.jpg,sports,archery,0.87037037037037
sports/archery/3f2cc085cfc23975.jpg,sports,archery,0.851063829787234
sports/archery/544cf56975736880.jpg,sports,archery,0.795698924731183
sports/archery/60bf5bc547dec918.jpg,sports,archery,0.835051546391753
sports/archery/676bec8ddc1c130d.jpg,sports,archery,0.875
sports/archery/72665bbf0c63ae44.jpg,sports,archery,0.807339449541284
sports/archery/72cf7f257eea36e8.jpg,sports,archery,0.819148936170213
sports/archery/80e5bd3f023a302d.jpg,sports,archery,0.866666666666667
sports/archery/8176d18af6992dd8.jpg,sports,archery,0.864406779661017
sports/archery/855044ea74920b3b.jpg,sports,archery,0.833333333333333
sports/archery/8825ee691220a1b4.jpg,sports,archery,0.848484848484849
sports/archery/97a9ba3535794459.jpg,sports,archery,0.80952380952381
sports/archery/99a0a01a763ff0ea.jpg,sports,archery,0.851485148514851
sports/archery/a473e937a7342b38.jpg,sports,archery,0.835294117647059
sports/archery/ae94118f9beaa808.jpg,sports,archery,0.868131868131868
sports/archery/b5678b52b307cb83.jpg,sports,archery,0.839622641509434
sports/archery/d8a84aa39b7cc0e2.jpg,sports,archery,0.910891089108911
sports/archery/dc58527c9d626af4.jpg,sports,archery,0.785714285714286
sports/archery/ead50ff3f5620f68.jpg,sports,archery,0.846153846153846
sports/archery/ec0bcc70f0e1499c.jpg,sports,archery,0.778947368421053
sports/archery/faf9d6ff86184e5f.jpg,sports,archery,0.904255319148936
sports/archery/fcf379aad09a34b0.jpg,sports,archery,0.78021978021978
sports/baseball/000000005260.jpg,sports,baseball,0.637362637362637
sports/baseball/000000011107.jpg,sports,baseball,0.672727272727273
sports/baseball/000000013195.jpg,sports,baseball,0.785046728971963
sports/baseball/000000053420.jpg,sports,baseball,0.63953488372093
sports/baseball/000000056292.jpg,sports,baseball,0.595505617977528
sports/baseball/000000073022.jpg,sports,baseball,0.67479674796748
sports/baseball/000000073889.jpg,sports,baseball,0.73015873015873
sports/baseball/000000082414.jpg,sports,baseball,0.663265306122449
sports/baseball/000000084735.jpg,sports,baseball,0.666666666666667
sports/baseball/000000087602.jpg,sports,baseball,0.797979797979798
sports/baseball/000000093382.jpg,sports,baseball,0.553398058252427
sports/baseball/000000093725.jpg,sports,baseball,0.689655172413793
sports/baseball/000000103401.jpg,sports,baseball,0.635416666666667
sports/baseball/000000106331.jpg,sports,baseball,0.505376344086022
sports/baseball/000000107097.jpg,sports,baseball,0.680412371134021
sports/baseball/000000109076.jpg,sports,baseball,0.606060606060606
sports/baseball/000000112707.jpg,sports,baseball,0.741176470588235
sports/baseball/000000117770.jpg,sports,baseball,0.69
sports/baseball/000000126895.jpg,sports,baseball,0.697247706422018
sports/baseball/000000127856.jpg,sports,baseball,0.705357142857143
sports/baseball/000000133727.jpg,sports,baseball,0.65625
sports/baseball/000000134454.jpg,sports,baseball,0.65979381443299
sports/baseball/000000135959.jpg,sports,baseball,0.852272727272727
sports/baseball/000000136512.jpg,sports,baseball,0.590909090909091
sports/baseball/000000139272.jpg,sports,baseball,0.731481481481482
sports/baseball/000000150477.jpg,sports,baseball,0.625
sports/baseball/000000152162.jpg,sports,baseball,0.647619047619048
sports/baseball/000000153052.jpg,sports,baseball,0.585858585858586
sports/baseball/000000155995.jpg,sports,baseball,0.688679245283019
sports/baseball/000000157049.jpg,sports,baseball,0.655913978494624
sports/baseball/000000191651.jpg,sports,baseball,0.673076923076923
sports/baseball/000000195748.jpg,sports,baseball,0.441176470588235
sports/baseball/000000245598.jpg,sports,baseball,0.772727272727273
sports/baseball/000000247216.jpg,sports,baseball,0.68
sports/baseball/000000250258.jpg,sports,baseball,0.714285714285714
sports/baseball/000000263258.jpg,sports,baseball,0.79047619047619
sports/baseball/000000266434.jpg,sports,baseball,0.595505617977528
sports/baseball/000000268370.jpg,sports,baseball,0.725663716814159
sports/baseball/000000271689.jpg,sports,baseball,0.71
sports/baseball/000000273190.jpg,sports,baseball,0.577319587628866
sports/baseball/000000278665.jpg,sports,baseball,0.652173913043478
sports/baseball/000000292349.jpg,sports,baseball,0.803571428571429
sports/baseball/000000295804.jpg,sports,baseball,0.83
sports/baseball/000000297204.jpg,sports,baseball,0.770833333333333
sports/baseball/000000303658.jpg,sports,baseball,0.728260869565217
sports/baseball/000000304115.jpg,sports,baseball,0.69811320754717
sports/baseball/000000318995.jpg,sports,baseball,0.738738738738739
sports/baseball/000000336077.jpg,sports,baseball,0.697916666666667
sports/baseball/000000337975.jpg,sports,baseball,0.721649484536082
sports/baseball/000000351683.jpg,sports,baseball,0.580645161290323
sports/baseball/000000362563.jpg,sports,baseball,0.745098039215686
sports/baseball/000000382947.jpg,sports,baseball,0.684210526315789
sports/baseball/000000383390.jpg,sports,baseball,0.729166666666667
sports/baseball/000000398753.jpg,sports,baseball,0.612612612612613
sports/baseball/000000401982.jpg,sports,baseball,0.752380952380952
sports/baseball/000000402406.jpg,sports,baseball,0.704545454545455
sports/baseball/000000409468.jpg,sports,baseball,0.735042735042735
sports/baseball/000000417347.jpg,sports,baseball,0.704545454545455
sports/baseball/000000417857.jpg,sports,baseball,0.730337078651685
sports/baseball/000000428457.jpg,sports,baseball,0.656862745098039
sports/baseball/000000432657.jpg,sports,baseball,0.75
sports/baseball/000000476074.jpg,sports,baseball,0.62280701754386
sports/baseball/000000477585.jpg,sports,baseball,0.706422018348624
sports/baseball/000000479172.jpg,sports,baseball,0.679245283018868
sports/baseball/000000483833.jpg,sports,baseball,0.629213483146067
sports/baseball/000000484528.jpg,sports,baseball,0.777777777777778
sports/baseball/000000485090.jpg,sports,baseball,0.821052631578947
sports/baseball/000000486717.jpg,sports,baseball,0.588785046728972
sports/baseball/000000505098.jpg,sports,baseball,0.553191489361702
sports/baseball/000000505932.jpg,sports,baseball,0.581632653061224
sports/baseball/000000510771.jpg,sports,baseball,0.759615384615385
sports/baseball/000000513015.jpg,sports,baseball,0.676470588235294
sports/baseball/000000514147.jpg,sports,baseball,0.6
sports/baseball/000000516795.jpg,sports,baseball,0.563829787234043
sports/baseball/000000527291.jpg,sports,baseball,0.833333333333333
sports/baseball/000000532552.jpg,sports,baseball,0.7
sports/baseball/000000532633.jpg,sports,baseball,0.656565656565657
sports/baseball/000000538113.jpg,sports,baseball,0.584905660377358
sports/baseball/000000539167.jpg,sports,baseball,0.643564356435644
sports/baseball/000000550000.jpg,sports,baseball,0.593023255813954
sports/baseball/000000556669.jpg,sports,baseball,0.673267326732673
sports/baseball/000000566498.jpg,sports,baseball,0.588785046728972
sports/baseball/000000566672.jpg,sports,baseball,0.698924731182796
sports/baseball/000000569526.jpg,sports,baseball,0.662790697674419
sports/baseball/0508f4396fb4e144.jpg,sports,baseball,0.583333333333333
sports/baseball/287c6686c652da6a.jpg,sports,baseball,0.527777777777778
sports/baseball/6142922d5809e5de.jpg,sports,baseball,0.649122807017544
sports/baseball/67cac965604e9838.jpg,sports,baseball,0.639175257731959
sports/baseball/6d765c78cdac0079.jpg,sports,baseball,0.615384615384615
sports/baseball/7d9a7e679b39765c.jpg,sports,baseball,0.586776859504132
sports/baseball/87db71cce65f666e.jpg,sports,baseball,0.637362637362637
sports/baseball/aad299f18b74cad2.jpg,sports,baseball,0.669724770642202
sports/baseball/c5a29227546d0846.jpg,sports,baseball,0.547826086956522
sports/baseball/d761c8e9e0906b5b.jpg,sports,baseball,0.776699029126214
sports/baseball/n00471613_18279.jpg,sports,baseball,0.62962962962963
sports/baseball/n00471613_18905.jpg,sports,baseball,0.618556701030928
sports/baseball/n00471613_21198.jpg,sports,baseball,0.706422018348624
sports/baseball/n00471613_21778.jpg,sports,baseball,0.697674418604651
sports/baseball/n00471613_23975.jpg,sports,baseball,0.711340206185567
sports/basketball/000000126255.jpg,sports,basketball,0.801801801801802
sports/basketball/000000357989.jpg,sports,basketball,0.715596330275229
sports/basketball/000000507969.jpg,sports,basketball,0.729166666666667
sports/basketball/000000524027.jpg,sports,basketball,0.852631578947368
sports/basketball/0c79a0995798a379.jpg,sports,basketball,0.677777777777778
sports/basketball/0cb561aef1e16beb.jpg,sports,basketball,0.535714285714286
sports/basketball/0d5461cc341ca8c6.jpg,sports,basketball,0.836734693877551
sports/basketball/0fa51275d53a13f9.jpg,sports,basketball,0.747572815533981
sports/basketball/2788147877e5ebb6.jpg,sports,basketball,0.711111111111111
sports/basketball/2d08fd379017b6ca.jpg,sports,basketball,0.760869565217391
sports/basketball/2f4497d3051b6e49.jpg,sports,basketball,0.77
sports/basketball/4757aebe700d4238.jpg,sports,basketball,0.811111111111111
sports/basketball/68f8fc6ce822f1f5.jpg,sports,basketball,0.743362831858407
sports/basketball/8216c96d476e49f0.jpg,sports,basketball,0.650943396226415
sports/basketball/863960ac3b291df2.jpg,sports,basketball,0.752577319587629
sports/basketball/8fd5b6376d5e15d2.jpg,sports,basketball,0.685393258426966
sports/basketball/9eef056818ae46e6.jpg,sports,basketball,0.7
sports/basketball/a9061315dd0bb955.jpg,sports,basketball,0.58695652173913
sports/basketball/b9b8519ad5735ee4.jpg,sports,basketball,0.763440860215054
sports/basketball/c0256abf502efa34.jpg,sports,basketball,0.75
sports/basketball/c36a2e58f0fceb10.jpg,sports,basketball,0.655555555555556
sports/basketball/cbdfc5549fd06095.jpg,sports,basketball,0.813186813186813
sports/basketball/n00480993_10065.jpg,sports,basketball,0.830188679245283
sports/basketball/n00480993_10142.jpg,sports,basketball,0.728070175438597
sports/basketball/n00480993_10174.jpg,sports,basketball,0.706521739130435
sports/basketball/n00480993_10428.jpg,sports,basketball,0.833333333333333
sports/basketball/n00480993_10619.jpg,sports,basketball,0.663265306122449
sports/basketball/n00480993_10827.jpg,sports,basketball,0.741935483870968
sports/basketball/n00480993_10840.jpg,sports,basketball,0.725
sports/basketball/n00480993_10842.jpg,sports,basketball,0.729411764705882
sports/basketball/n00480993_10854.jpg,sports,basketball,0.673267326732673
sports/basketball/n00480993_11123.jpg,sports,basketball,0.747252747252747
sports/basketball/n00480993_11381.jpg,sports,basketball,0.537037037037037
sports/basketball/n00480993_11616.jpg,sports,basketball,0.654545454545455
sports/basketball/n00480993_11643.jpg,sports,basketball,0.830188679245283
sports/basketball/n00480993_11686.jpg,sports,basketball,0.522727272727273
sports/basketball/n00480993_1240.jpg,sports,basketball,0.768421052631579
sports/basketball/n00480993_13943.jpg,sports,basketball,0.711538461538462
sports/basketball/n00480993_14248.jpg,sports,basketball,0.714285714285714
sports/basketball/n00480993_14945.jpg,sports,basketball,0.765957446808511
sports/basketball/n00480993_1552.jpg,sports,basketball,0.738317757009346
sports/basketball/n00480993_16163.jpg,sports,basketball,0.622222222222222
sports/basketball/n00480993_16864.jpg,sports,basketball,0.744444444444444
sports/basketball/n00480993_17313.jpg,sports,basketball,0.5625
sports/basketball/n00480993_19622.jpg,sports,basketball,0.78
sports/basketball/n00480993_19667.jpg,sports,basketball,0.711111111111111
sports/basketball/n00480993_19839.jpg,sports,basketball,0.640776699029126
sports/basketball/n00480993_20080.jpg,sports,basketball,0.776785714285714
sports/basketball/n00480993_2019.jpg,sports,basketball,0.653061224489796
sports/basketball/n00480993_20276.jpg,sports,basketball,0.62037037037037
sports/basketball/n00480993_20536.jpg,sports,basketball,0.680851063829787
sports/basketball/n00480993_21017.jpg,sports,basketball,0.747126436781609
sports/basketball/n00480993_21657.jpg,sports,basketball,0.754901960784314
sports/basketball/n00480993_21724.jpg,sports,basketball,0.8
sports/basketball/n00480993_22316.jpg,sports,basketball,0.698924731182796
sports/basketball/n00480993_22319.jpg,sports,basketball,0.645833333333333
sports/basketball/n00480993_22829.jpg,sports,basketball,0.797979797979798
sports/basketball/n00480993_23061.jpg,sports,basketball,0.666666666666667
sports/basketball/n00480993_23156.jpg,sports,basketball,0.693069306930693
sports/basketball/n00480993_26579.jpg,sports,basketball,0.772727272727273
sports/basketball/n00480993_26774.jpg,sports,basketball,0.653846153846154
sports/basketball/n00480993_28568.jpg,sports,basketball,0.888888888888889
sports/basketball/n00480993_29630.jpg,sports,basketball,0.523255813953488
sports/basketball/n00480993_30142.jpg,sports,basketball,0.794392523364486
sports/basketball/n00480993_31474.jpg,sports,basketball,0.85981308411215
sports/basketball/n00480993_32155.jpg,sports,basketball,0.551724137931034
sports/basketball/n00480993_3388.jpg,sports,basketball,0.835443037974684
sports/basketball/n00480993_4180.jpg,sports,basketball,0.706521739130435
sports/basketball/n00480993_9486.jpg,sports,basketball,0.73469387755102
sports/bicycling racing/003c2b6816ba9d22.jpg,sports,bicycling racing,0.857142857142857
sports/bicycling racing/04fd3d60a4470e2d.jpg,sports,bicycling racing,0.726315789473684
sports/bicycling racing/0c04767d5c29923c.jpg,sports,bicycling racing,0.648936170212766
sports/bicycling racing/0d491b770c084be9.jpg,sports,bicycling racing,0.623762376237624
sports/bicycling racing/0f1a4506c1ada576.jpg,sports,bicycling racing,0.733333333333333
sports/bicycling racing/10710daf03ec4f64.jpg,sports,bicycling racing,0.72289156626506
sports/bicycling racing/12d1d6cb01a346b6.jpg,sports,bicycling racing,0.705882352941177
sports/bicycling racing/13ffeb4fec0d2c49.jpg,sports,bicycling racing,0.777777777777778
sports/bicycling racing/152ea862ba79b4ca.jpg,sports,bicycling racing,0.7
sports/bicycling racing/177b07564e5e03a9.jpg,sports,bicycling racing,0.494845360824742
sports/bicycling racing/1f8c7b5798fc5545.jpg,sports,bicycling racing,0.609756097560976
sports/bicycling racing/212634d705f533da.jpg,sports,bicycling racing,0.745454545454545
sports/bicycling racing/218a7e0c84466325.jpg,sports,bicycling racing,0.626506024096386
sports/bicycling racing/2a1a0353c7dab0e1.jpg,sports,bicycling racing,0.69
sports/bicycling racing/2cc511fa46b55b76.jpg,sports,bicycling racing,0.754716981132076
sports/bicycling racing/2f535abd45f435ff.jpg,sports,bicycling racing,0.646464646464647
sports/bicycling racing/37afddf7216016f7.jpg,sports,bicycling racing,0.646464646464647
sports/bicycling racing/37f89802ed90aef8.jpg,sports,bicycling racing,0.761904761904762
sports/bicycling racing/3f022da24d538782.jpg,sports,bicycling racing,0.808080808080808
sports/bicycling racing/4012db4437e6a0e8.jpg,sports,bicycling racing,0.580357142857143
sports/bicycling racing/42c4b0a5b46cc4a8.jpg,sports,bicycling racing,0.7
sports/bicycling racing/4817147cec73ecd3.jpg,sports,bicycling racing,0.6
sports/bicycling racing/56136a5dd78b5454.jpg,sports,bicycling racing,0.721649484536082
sports/bicycling racing/58b0e55bda100b83.jpg,sports,bicycling racing,0.645833333333333
sports/bicycling racing/596ec3440b5a9f93.jpg,sports,bicycling racing,0.666666666666667
sports/bicycling racing/6022a450df278025.jpg,sports,bicycling racing,0.521367521367521
sports/bicycling racing/64294d928f12d0b9.jpg,sports,bicycling racing,0.666666666666667
sports/bicycling racing/6731e21781304bc6.jpg,sports,bicycling racing,0.522935779816514
sports/bicycling racing/684b5fbfedae9a42.jpg,sports,bicycling racing,0.721649484536082
sports/bicycling racing/690fd08f9b5af89c.jpg,sports,bicycling racing,0.806818181818182
sports/bicycling racing/6f722f46dd08b8d8.jpg,sports,bicycling racing,0.714285714285714
sports/bicycling racing/73ef896ab275b791.jpg,sports,bicycling racing,0.686046511627907
sports/bicycling racing/777c5a61d9427ff8.jpg,sports,bicycling racing,0.720430107526882
sports/bicycling racing/7a3d6af7f97fa846.jpg,sports,bicycling racing,0.758241758241758
sports/bicycling racing/7e9bda209af185d6.jpg,sports,bicycling racing,0.631067961165049
sports/bicycling racing/89d7a65a19cb9cff.jpg,sports,bicycling racing,0.761904761904762
sports/bicycling racing/947a61e750f23ce9.jpg,sports,bicycling racing,0.652173913043478
sports/bicycling racing/9625bbe3a59f1688.jpg,sports,bicycling racing,0.697916666666667
sports/bicycling racing/97948408f6a3a476.jpg,sports,bicycling racing,0.688172043010753
sports/bicycling racing/9e11f75d740f84fe.jpg,sports,bicycling racing,0.458715596330275
sports/bicycling racing/a068ea435a318d8d.jpg,sports,bicycling racing,0.714285714285714
sports/bicycling racing/a0b8948a5a669d86.jpg,sports,bicycling racing,0.780487804878049
sports/bicycling racing/a11f84e0107ca0a4.jpg,sports,bicycling racing,0.790909090909091
sports/bicycling racing/a148d39484d0148d.jpg,sports,bicycling racing,0.722222222222222
sports/bicycling racing/a8b1b9dbb5cf0eab.jpg,sports,bicycling racing,0.851063829787234
sports/bicycling racing/b1845e14ee7ee3f2.jpg,sports,bicycling racing,0.555555555555556
sports/bicycling racing/b18ef29283a729de.jpg,sports,bicycling racing,0.651162790697674
sports/bicycling racing/b6d0c3de8bb2b548.jpg,sports,bicycling racing,0.741573033707865
sports/bicycling racing/bbc1921cc7fb24fb.jpg,sports,bicycling racing,0.677083333333333
sports/bicycling racing/bc99f15674c5f363.jpg,sports,bicycling racing,0.60377358490566
sports/bicycling racing/bed06cb6b48579e5.jpg,sports,bicycling racing,0.551724137931034
sports/bicycling racing/c09434ff30d798b1.jpg,sports,bicycling racing,0.505050505050505
sports/bicycling racing/c22e29581c0e797e.jpg,sports,bicycling racing,0.742857142857143
sports/bicycling racing/c4a0934f120565b0.jpg,sports,bicycling racing,0.596153846153846
sports/bicycling racing/ccfd38dcbe6838fd.jpg,sports,bicycling racing,0.662790697674419
sports/bicycling racing/d3e1586cae1edc25.jpg,sports,bicycling racing,0.575221238938053
sports/bicycling racing/d62b42c4e5e7ee36.jpg,sports,bicycling racing,0.741379310344828
sports/bicycling racing/deb4d11e1ecbab40.jpg,sports,bicycling racing,0.555555555555556
sports/bicycling racing/e40c9760d612b7b9.jpg,sports,bicycling racing,0.604166666666667
sports/bicycling racing/f2a6c70eeb66e2a5.jpg,sports,bicycling racing,0.712765957446808
sports/bicycling racing/f409699c1efaf59c.jpg,sports,bicycling racing,0.647058823529412
sports/bicycling racing/f541f9f041ef36a4.jpg,sports,bicycling racing,0.722222222222222
sports/bicycling racing/f860bbcd7ad6bf8f.jpg,sports,bicycling racing,0.784313725490196
sports/boxing/002bd0ca1e119db7.jpg,sports,boxing,0.736363636363636
sports/boxing/00770ee8f5ad87ef.jpg,sports,boxing,0.885714285714286
sports/boxing/02394a3449862b85.jpg,sports,boxing,0.776595744680851
sports/boxing/03f74f6c5682c786.jpg,sports,boxing,0.767676767676768
sports/boxing/04ffafd84aa1be26.jpg,sports,boxing,0.718446601941748
sports/boxing/0951e7d928bb210f.jpg,sports,boxing,0.742574257425743
sports/boxing/0bf80b98b70d97f0.jpg,sports,boxing,0.761904761904762
sports/boxing/0c3228734c66d31b.jpg,sports,boxing,0.817307692307692
sports/boxing/0d2eeaccda7e4c1b.jpg,sports,boxing,0.670212765957447
sports/boxing/10a34585df04a36e.jpg,sports,boxing,0.623655913978495
sports/boxing/171db4cdc543cf4d.jpg,sports,boxing,0.775510204081633
sports/boxing/18ccb91b950314a5.jpg,sports,boxing,0.622047244094488
sports/boxing/1c6f8910c177c94a.jpg,sports,boxing,0.739130434782609
sports/boxing/2014f56ce49de98a.jpg,sports,boxing,0.701030927835051
sports/boxing/2770e1a4b947ec54.jpg,sports,boxing,0.680851063829787
sports/boxing/285636c369173887.jpg,sports,boxing,0.790909090909091
sports/boxing/286ffd11d7e446d1.jpg,sports,boxing,0.716814159292035
sports/boxing/2b2693c2d6b8182a.jpg,sports,boxing,0.737704918032787
sports/boxing/2f4aacd9d255fd7b.jpg,sports,boxing,0.797297297297297
sports/boxing/347d6c8639a1bb09.jpg,sports,boxing,0.738636363636364
sports/boxing/53e5bad051a9bbeb.jpg,sports,boxing,0.861702127659574
sports/boxing/5556177dc4151acc.jpg,sports,boxing,0.707547169811321
sports/boxing/5f43a15a53189d7a.jpg,sports,boxing,0.699029126213592
sports/boxing/621864587e59e56a.jpg,sports,boxing,0.735294117647059
sports/boxing/62c75e993beb5e37.jpg,sports,boxing,0.775700934579439
sports/boxing/6c514dec07ec08b8.jpg,sports,boxing,0.7
sports/boxing/7fce3e566a3e1148.jpg,sports,boxing,0.683168316831683
sports/boxing/91e1985a66de4f36.jpg,sports,boxing,0.785714285714286
sports/boxing/94e06c3d152f3c62.jpg,sports,boxing,0.648351648351648
sports/boxing/994dff6bc1427c0e.jpg,sports,boxing,0.75
sports/boxing/a3d1286c56e96238.jpg,sports,boxing,0.852631578947368
sports/boxing/a84e519a7d0684fc.jpg,sports,boxing,0.641304347826087
sports/boxing/aa0f989e606f5ee2.jpg,sports,boxing,0.775510204081633
sports/boxing/b1a79c223ccfa87c.jpg,sports,boxing,0.680412371134021
sports/boxing/b295ce363a6fc653.jpg,sports,boxing,0.8
sports/boxing/c4429528e1e36318.jpg,sports,boxing,0.550561797752809
sports/boxing/ccad0f538ea6ff4e.jpg,sports,boxing,0.84
sports/boxing/d0c20a0fd5c2a38b.jpg,sports,boxing,0.648351648351648
sports/boxing/dbd3e9304ac3c014.jpg,sports,boxing,0.560747663551402
sports/boxing/e0ebed8875f0d6f3.jpg,sports,boxing,0.597826086956522
sports/boxing/e28c0aa13f315c69.jpg,sports,boxing,0.732673267326733
sports/boxing/e2c417b19496969c.jpg,sports,boxing,0.684210526315789
sports/boxing/ecb104cafb930b5e.jpg,sports,boxing,0.685185185185185
sports/boxing/ef885f9585f0d1ba.jpg,sports,boxing,0.686274509803922
sports/boxing/f7adcc0450b528ad.jpg,sports,boxing,0.666666666666667
sports/boxing/f8c03a5c3f92c873.jpg,sports,boxing,0.684782608695652
sports/boxing/ffcc5ba8d6eb7f2c.jpg,sports,boxing,0.701149425287356
sports/climbing/025e41b66ba52da4.jpg,sports,climbing,0.835051546391753
sports/climbing/047b1fbbf332c15c.jpg,sports,climbing,0.553398058252427
sports/climbing/047e27b8589517a4.jpg,sports,climbing,0.671052631578947
sports/climbing/069ac2ad4505a93b.jpg,sports,climbing,0.652631578947368
sports/climbing/098894a1b82b9b81.jpg,sports,climbing,0.784313725490196
sports/climbing/0b5311919a2c6354.jpg,sports,climbing,0.526881720430108
sports/climbing/0d6607be1e0a79d2.jpg,sports,climbing,0.69620253164557
sports/climbing/0d6df23796aec890.jpg,sports,climbing,0.787037037037037
sports/climbing/121794a37b3aab8b.jpg,sports,climbing,0.787610619469027
sports/climbing/1a0734e1d6dad26d.jpg,sports,climbing,0.712765957446808
sports/climbing/1c2bd5f49631cbbd.jpg,sports,climbing,0.672566371681416
sports/climbing/1c7b7f9ef1512541.jpg,sports,climbing,0.782178217821782
sports/climbing/1e195f9a98e163b3.jpg,sports,climbing,0.60952380952381
sports/climbing/1e22e1fbfa73a3ca.jpg,sports,climbing,0.619565217391304
sports/climbing/22f6d70a8626322c.jpg,sports,climbing,0.789473684210526
sports/climbing/24789502099f7a37.jpg,sports,climbing,0.808510638297872
sports/climbing/250f5804b7e2016f.jpg,sports,climbing,0.810526315789474
sports/climbing/26751a39a48078e1.jpg,sports,climbing,0.673684210526316
sports/climbing/2807d80c525eb5a3.jpg,sports,climbing,0.574712643678161
sports/climbing/329bcdeadf3bf80b.jpg,sports,climbing,0.533333333333333
sports/climbing/34961cea9977c655.jpg,sports,climbing,0.642857142857143
sports/climbing/38db4c55f3145ccf.jpg,sports,climbing,0.554455445544555
sports/climbing/38efc5b05ce7b107.jpg,sports,climbing,0.824074074074074
sports/climbing/3b4ef0835ccf0024.jpg,sports,climbing,0.774509803921569
sports/climbing/3bdb508115890d02.jpg,sports,climbing,0.789473684210526
sports/climbing/3fbb59a39708db71.jpg,sports,climbing,0.65546218487395
sports/climbing/465f53e65089856c.jpg,sports,climbing,0.733333333333333
sports/climbing/47393d20b383539c.jpg,sports,climbing,0.703296703296703
sports/climbing/4aba0110daeaec0c.jpg,sports,climbing,0.745098039215686
sports/climbing/4d6e55bacc3ae59b.jpg,sports,climbing,0.774774774774775
sports/climbing/54f31bcf003f3c33.jpg,sports,climbing,0.71
sports/climbing/58d3cc60b1415406.jpg,sports,climbing,0.621359223300971
sports/climbing/59e2b03991f6a4ea.jpg,sports,climbing,0.6875
sports/climbing/5ada41b10dbdf030.jpg,sports,climbing,0.803738317757009
sports/climbing/5c10d610aac84184.jpg,sports,climbing,0.524271844660194
sports/climbing/5e147e154a4e1d10.jpg,sports,climbing,0.59375
sports/climbing/63de2458b37d8c78.jpg,sports,climbing,0.76530612244898
sports/climbing/69cdb1ea7269fecb.jpg,sports,climbing,0.803921568627451
sports/climbing/6bfa9f4a0f1a3bac.jpg,sports,climbing,0.815217391304348
sports/climbing/6ce2d149d4ed4a8d.jpg,sports,climbing,0.912621359223301
sports/climbing/6ddde7a28c680948.jpg,sports,climbing,0.323529411764706
sports/climbing/70db1b2825f4088c.jpg,sports,climbing,0.627272727272727
sports/climbing/71b7fc6522575582.jpg,sports,climbing,0.617391304347826
sports/climbing/78afe38f0402f1e9.jpg,sports,climbing,0.701298701298701
sports/climbing/792fb38d38ff8811.jpg,sports,climbing,0.669642857142857
sports/climbing/79856958bd00cbf8.jpg,sports,climbing,0.594059405940594
sports/climbing/7c4abb7d18dd115b.jpg,sports,climbing,0.784313725490196
sports/climbing/7e9596503b795607.jpg,sports,climbing,0.828571428571429
sports/climbing/81e422c0b2173f38.jpg,sports,climbing,0.666666666666667
sports/climbing/836d708f040594e8.jpg,sports,climbing,0.785714285714286
sports/climbing/8409089d99c0ffa2.jpg,sports,climbing,0.717647058823529
sports/climbing/851c0813298792d5.jpg,sports,climbing,0.855769230769231
sports/climbing/85911581bcb18f88.jpg,sports,climbing,0.822916666666667
sports/climbing/87490a60359ca1ab.jpg,sports,climbing,0.52212389380531
sports/climbing/8859fcc091300e60.jpg,sports,climbing,0.689320388349515
sports/climbing/889e9b55c8ac6bf0.jpg,sports,climbing,0.766666666666667
sports/climbing/8f18961a8aabe2bf.jpg,sports,climbing,0.828571428571429
sports/climbing/93405e5bd44e39e0.jpg,sports,climbing,0.731182795698925
sports/climbing/94d820eb1eb9c4aa.jpg,sports,climbing,0.720930232558139
sports/climbing/96845d2c94b8a965.jpg,sports,climbing,0.795180722891566
sports/climbing/9777cabf78befa26.jpg,sports,climbing,0.833333333333333
sports/climbing/9e9704ca22736914.jpg,sports,climbing,0.595959595959596
sports/climbing/a662c633c9963448.jpg,sports,climbing,0.571428571428571
sports/climbing/a6bdcf5434c24c88.jpg,sports,climbing,0.658119658119658
sports/climbing/a9bb39df7e78a550.jpg,sports,climbing,0.659340659340659
sports/climbing/aacabf9b3fe435d3.jpg,sports,climbing,0.797979797979798
sports/climbing/ab513cfa39928667.jpg,sports,climbing,0.54
sports/climbing/ad781b6c665a1aef.jpg,sports,climbing,0.617021276595745
sports/climbing/aedeb3b335d255cf.jpg,sports,climbing,0.821052631578947
sports/climbing/b1a629972a4aae70.jpg,sports,climbing,0.5
sports/climbing/b35c30e8f472d34f.jpg,sports,climbing,0.71875
sports/climbing/b46b82512ff4a485.jpg,sports,climbing,0.76530612244898
sports/climbing/b9e0603346e824d3.jpg,sports,climbing,0.736842105263158
sports/climbing/bb59f95e39d5e545.jpg,sports,climbing,0.790123456790123
sports/climbing/bba7d9686c3b2951.jpg,sports,climbing,0.82
sports/climbing/c147234e2c0f7629.jpg,sports,climbing,0.757281553398058
sports/climbing/c2a4e2dc3a23410b.jpg,sports,climbing,0.774193548387097
sports/climbing/c728ce310e8a45ea.jpg,sports,climbing,0.73
sports/climbing/c813d9abc0d7a08f.jpg,sports,climbing,0.752808988764045
sports/climbing/cf8d98b8ad0d78f0.jpg,sports,climbing,0.847619047619048
sports/climbing/cf94deedffb58d56.jpg,sports,climbing,0.815789473684211
sports/climbing/d11d8204973be797.jpg,sports,climbing,0.694736842105263
sports/climbing/d28338d3fb38a56b.jpg,sports,climbing,0.728260869565217
sports/climbing/da1e5993c1e4aaab.jpg,sports,climbing,0.825688073394495
sports/climbing/db5978f1c55b21ea.jpg,sports,climbing,0.721649484536082
sports/climbing/de0930e766e1bc94.jpg,sports,climbing,0.878504672897196
sports/climbing/e132f2e5610d9460.jpg,sports,climbing,0.904347826086957
sports/climbing/e2acbd8c12093e9d.jpg,sports,climbing,0.78125
sports/climbing/e36dc59ac7897381.jpg,sports,climbing,0.873684210526316
sports/climbing/e39c9148606b65f0.jpg,sports,climbing,0.852631578947368
sports/climbing/e4b5ee5bc612257f.jpg,sports,climbing,0.676190476190476
sports/climbing/ebf288899fa36b54.jpg,sports,climbing,0.877777777777778
sports/climbing/f219956ea092db6b.jpg,sports,climbing,0.70873786407767
sports/climbing/f4b9c8c25d189852.jpg,sports,climbing,0.761467889908257
sports/climbing/f51c25ceeb2c1fe3.jpg,sports,climbing,0.582677165354331
sports/climbing/f74d164595b68b3e.jpg,sports,climbing,0.602272727272727
sports/climbing/f99a36f6710cbaa5.jpg,sports,climbing,0.782608695652174
sports/climbing/fb27b24865985601.jpg,sports,climbing,0.653061224489796
sports/climbing/fb3c94d3b516194f.jpg,sports,climbing,0.683168316831683
sports/climbing/fecab11f30233b5a.jpg,sports,climbing,0.701030927835051
sports/cricket/05ad012d0ccab5cb.jpg,sports,cricket,0.593406593406593
sports/cricket/08129ae11e7afa1e.jpg,sports,cricket,0.657894736842105
sports/cricket/104a87e61aa3f85a.jpg,sports,cricket,0.536842105263158
sports/cricket/1679b6bb52a8a870.jpg,sports,cricket,0.505882352941176
sports/cricket/385a59f808ff3838.jpg,sports,cricket,0.638297872340426
sports/cricket/4b1a686a8a90ce4b.jpg,sports,cricket,0.650485436893204
sports/cricket/4cf200c4526f44ff.jpg,sports,cricket,0.493827160493827
sports/cricket/4da5228bc6dd9e69.jpg,sports,cricket,0.614583333333333
sports/cricket/4dde84abe3b984ff.jpg,sports,cricket,0.689320388349515
sports/cricket/510086d3f2b163b0.jpg,sports,cricket,0.673267326732673
sports/cricket/574901d78c34e0a8.jpg,sports,cricket,0.704545454545455
sports/cricket/6f5ff291e66b5066.jpg,sports,cricket,0.728155339805825
sports/cricket/72b7174bbfb7deee.jpg,sports,cricket,0.742268041237113
sports/cricket/86049248026e7f64.jpg,sports,cricket,0.597938144329897
sports/cricket/917848db27854b0e.jpg,sports,cricket,0.693181818181818
sports/cricket/94a31ee11cd9ff43.jpg,sports,cricket,0.644444444444444
sports/cricket/a870503ede4375c1.jpg,sports,cricket,0.690909090909091
sports/cricket/b8942e8ca4682cb2.jpg,sports,cricket,0.676190476190476
sports/cricket/c2255c3aaf4113a0.jpg,sports,cricket,0.707317073170732
sports/cricket/c89431202eb3b75b.jpg,sports,cricket,0.5625
sports/cricket/d5270732337b9a54.jpg,sports,cricket,0.696428571428571
sports/cricket/d57c16af2d536088.jpg,sports,cricket,0.695652173913043
sports/cricket/db87ea910d4807ec.jpg,sports,cricket,0.630630630630631
sports/cricket/e1d2aa04889492be.jpg,sports,cricket,0.747967479674797
sports/cricket/e97c33fb1147a86e.jpg,sports,cricket,0.677777777777778
sports/cricket/fb78be34a11c225f.jpg,sports,cricket,0.681818181818182
sports/cricket/fcbc882094779631.jpg,sports,cricket,0.634408602150538
sports/fencing/00229645efaf204f.jpg,sports,fencing,0.766666666666667
sports/fencing/09bff5f615f67d3f.jpg,sports,fencing,0.805825242718447
sports/fencing/0a6a03c8f23ee744.jpg,sports,fencing,0.728395061728395
sports/fencing/0f96680fdd9951ed.jpg,sports,fencing,0.826923076923077
sports/fencing/1a78037c75f2d54a.jpg,sports,fencing,0.8
sports/fencing/39432d2f206e6096.jpg,sports,fencing,0.731958762886598
sports/fencing/39aad38e0112aeb6.jpg,sports,fencing,0.821052631578947
sports/fencing/3f9408b1b9c80f15.jpg,sports,fencing,0.652173913043478
sports/fencing/528fa60d7653f4ec.jpg,sports,fencing,0.782178217821782
sports/fencing/533b85f1b088732d.jpg,sports,fencing,0.8
sports/fencing/5c7a9ec4b1630457.jpg,sports,fencing,0.634782608695652
sports/fencing/6870b579e585698e.jpg,sports,fencing,0.674157303370786
sports/fencing/72b9c326fa84cb89.jpg,sports,fencing,0.840425531914894
sports/fencing/8ca9624b99f261f2.jpg,sports,fencing,0.709090909090909
sports/fencing/9ad90193550e2037.jpg,sports,fencing,0.811881188118812
sports/fencing/9c93d2b7159cea2d.jpg,sports,fencing,0.733333333333333
sports/fencing/bfd7722e868e772c.jpg,sports,fencing,0.87962962962963
sports/fencing/cb015f171d060a5f.jpg,sports,fencing,0.725490196078431
sports/fencing/d7d111c164d6ac0a.jpg,sports,fencing,0.636363636363636
sports/fencing/d8b1c1458fe8d49a.jpg,sports,fencing,0.565656565656566
sports/fencing/f89f1c0793c6947f.jpg,sports,fencing,0.775280898876405
sports/field hockey/000000048442.jpg,sports,field hockey,0.646464646464647
sports/field hockey/000000516249.jpg,sports,field hockey,0.731481481481482
sports/field hockey/059520433a9809d0.jpg,sports,field hockey,0.666666666666667
sports/field hockey/084d9b0d21b5de75.jpg,sports,field hockey,0.575757575757576
sports/field hockey/0a9cae46a2fe661b.jpg,sports,field hockey,0.846153846153846
sports/field hockey/0da653cc74b7f079.jpg,sports,field hockey,0.663366336633663
sports/field hockey/0e61ee3614881ca1.jpg,sports,field hockey,0.669565217391304
sports/field hockey/1301abd7df04425b.jpg,sports,field hockey,0.657142857142857
sports/field hockey/15cdf068f1cc0c01.jpg,sports,field hockey,0.611650485436893
sports/field hockey/192c3e482444f853.jpg,sports,field hockey,0.569767441860465
sports/field hockey/19ce47859fe84403.jpg,sports,field hockey,0.604651162790698
sports/field hockey/26b45e4572605eb1.jpg,sports,field hockey,0.350877192982456
sports/field hockey/28c1742dab03a143.jpg,sports,field hockey,0.647619047619048
sports/field hockey/316f00e286d5a624.jpg,sports,field hockey,0.705882352941177
sports/field hockey/31957706f94af9d3.jpg,sports,field hockey,0.606837606837607
sports/field hockey/38485db61e9ca278.jpg,sports,field hockey,0.740740740740741
sports/field hockey/39b69baeb6d748b8.jpg,sports,field hockey,0.75
sports/field hockey/3c4e294f8d735775.jpg,sports,field hockey,0.760683760683761
sports/field hockey/3df553d663038934.jpg,sports,field hockey,0.699029126213592
sports/field hockey/4237c823b4f8ea49.jpg,sports,field hockey,0.719101123595506
sports/field hockey/428764c4e47a64ac.jpg,sports,field hockey,0.683168316831683
sports/field hockey/42ce0e541e865b81.jpg,sports,field hockey,0.616822429906542
sports/field hockey/4f00fa5d6b6671bd.jpg,sports,field hockey,0.485714285714286
sports/field hockey/5b7b58b5eab43e92.jpg,sports,field hockey,0.677083333333333
sports/field hockey/6766c11caf4ca2f9.jpg,sports,field hockey,0.807228915662651
sports/field hockey/6b1e8ade1d0411f4.jpg,sports,field hockey,0.734042553191489
sports/field hockey/6c217757caa59d1a.jpg,sports,field hockey,0.630434782608696
sports/field hockey/6f68c04b56476d1c.jpg,sports,field hockey,0.629213483146067
sports/field hockey/7924d91dd62861ba.jpg,sports,field hockey,0.710843373493976
sports/field hockey/7cc59958b7c5b5a3.jpg,sports,field hockey,0.769230769230769
sports/field hockey/7df69baa01412889.jpg,sports,field hockey,0.695238095238095
sports/field hockey/82996269f0e2fe5b.jpg,sports,field hockey,0.645454545454546
sports/field hockey/82da2d1599906170.jpg,sports,field hockey,0.720430107526882
sports/field hockey/8341d6c1644efe7e.jpg,sports,field hockey,0.693877551020408
sports/field hockey/88d6c8356cfa5cbe.jpg,sports,field hockey,0.6
sports/field hockey/9980f148e56325da.jpg,sports,field hockey,0.567567567567568
sports/field hockey/9db82ec0ad6b5ff5.jpg,sports,field hockey,0.627118644067797
sports/field hockey/a0abe94bde0fc87f.jpg,sports,field hockey,0.571428571428571
sports/field hockey/b6493213359c274c.jpg,sports,field hockey,0.556818181818182
sports/field hockey/b78fb2a194a80153.jpg,sports,field hockey,0.794642857142857
sports/field hockey/b8b45350bd04ceda.jpg,sports,field hockey,0.656862745098039
sports/field hockey/be315bf31deb1b5d.jpg,sports,field hockey,0.647058823529412
sports/field hockey/c29ffd28eb6cb7e0.jpg,sports,field hockey,0.76530612244898
sports/field hockey/c7bd4572143537bc.jpg,sports,field hockey,0.75
sports/field hockey/cc4740e2a33b969a.jpg,sports,field hockey,0.852941176470588
sports/field hockey/d62bc1c293d6022d.jpg,sports,field hockey,0.740740740740741
sports/field hockey/d845f120e4b794cd.jpg,sports,field hockey,0.618181818181818
sports/field hockey/d9e93a2678327874.jpg,sports,field hockey,0.65
sports/field hockey/dbaa033be5e95bd9.jpg,sports,field hockey,0.766666666666667
sports/field hockey/e02ad32855600a57.jpg,sports,field hockey,0.659574468085106
sports/field hockey/eafd76a3599d2482.jpg,sports,field hockey,0.807692307692308
sports/field hockey/edc8bdce3b11e3af.jpg,sports,field hockey,0.525252525252525
sports/field hockey/f67573fffea45d60.jpg,sports,field hockey,0.760869565217391
sports/field hockey/fa6f5cc41df31b36.jpg,sports,field hockey,0.568421052631579
sports/figure skating/00c0e3b734506745.jpg,sports,figure skating,0.744897959183674
sports/figure skating/0ca3663d4e237556.jpg,sports,figure skating,0.888888888888889
sports/figure skating/1ad03c0542449be2.jpg,sports,figure skating,0.792792792792793
sports/figure skating/287d1a6207b6ceeb.jpg,sports,figure skating,0.901639344262295
sports/figure skating/2b607717ec492bc2.jpg,sports,figure skating,0.729166666666667
sports/figure skating/2e7c8ac130906525.jpg,sports,figure skating,0.958333333333333
sports/figure skating/3ee15aa26a7d7286.jpg,sports,figure skating,0.776595744680851
sports/figure skating/43075dd1aa81e11d.jpg,sports,figure skating,0.808080808080808
sports/figure skating/46f09a0adfa8b30b.jpg,sports,figure skating,0.845360824742268
sports/figure skating/5d57fdc7534a749d.jpg,sports,figure skating,0.739130434782609
sports/figure skating/60b8b7aaa7649bfe.jpg,sports,figure skating,0.855769230769231
sports/figure skating/6b27b3ffb904f51f.jpg,sports,figure skating,0.75
sports/figure skating/7b6ac9da1662ac51.jpg,sports,figure skating,0.75
sports/figure skating/a309464face2453a.jpg,sports,figure skating,0.871559633027523
sports/figure skating/aa57164987eff0f6.jpg,sports,figure skating,0.902912621359223
sports/figure skating/ac260e25915895d8.jpg,sports,figure skating,0.8125
sports/figure skating/ca8c65130adf3589.jpg,sports,figure skating,0.804347826086957
sports/figure skating/d631ea99f1ce3ac7.jpg,sports,figure skating,0.927835051546392
sports/figure skating/e1bbc2771fd99868.jpg,sports,figure skating,0.900990099009901
sports/figure skating/e61ec87eac083fa8.jpg,sports,figure skating,0.8125
sports/figure skating/f9bb26d229cb4904.jpg,sports,figure skating,0.831683168316832
sports/fitness/087aacabae6c31ab.jpg,sports,fitness,0.745454545454545
sports/fitness/168d8729f6861120.jpg,sports,fitness,0.821052631578947
sports/fitness/1e688fd4c90bf62d.jpg,sports,fitness,0.772277227722772
sports/fitness/37575826630ae5e2.jpg,sports,fitness,0.896551724137931
sports/fitness/39dabf44b31cc631.jpg,sports,fitness,0.921348314606742
sports/fitness/3bad69ad196d0b30.jpg,sports,fitness,0.925
sports/fitness/3e92430853ab3484.jpg,sports,fitness,0.757894736842105
sports/fitness/4531575c47fa1304.jpg,sports,fitness,0.76
sports/fitness/5ba82a78da57b025.jpg,sports,fitness,0.839285714285714
sports/fitness/6d72936470a2df28.jpg,sports,fitness,0.82
sports/fitness/6fdbb41ec1e403f1.jpg,sports,fitness,0.78125
sports/fitness/84a41382ff3e907d.jpg,sports,fitness,0.875
sports/fitness/919170eeb33e7a6a.jpg,sports,fitness,0.673684210526316
sports/fitness/92a120d977f281b2.jpg,sports,fitness,0.727272727272727
sports/fitness/92bdb469c67a7096.jpg,sports,fitness,0.79646017699115
sports/fitness/98f8e822feb47cbf.jpg,sports,fitness,0.711340206185567
sports/fitness/bfa8dd6b7a851d39.jpg,sports,fitness,0.868421052631579
sports/fitness/c1a82130fde947e3.jpg,sports,fitness,0.864864864864865
sports/fitness/e4a24cee29adf7ac.jpg,sports,fitness,0.836538461538462
sports/fitness/e993f22917fba7f4.jpg,sports,fitness,0.865168539325843
sports/fitness/efd6e2c6544a1fff.jpg,sports,fitness,0.777777777777778
sports/fitness/f66e57fa9da8361e.jpg,sports,fitness,0.875
sports/fitness/f9aa60a477640909.jpg,sports,fitness,0.933333333333333
sports/frisbee/000000031390.jpg,sports,frisbee,0.697368421052632
sports/frisbee/000000034372.jpg,sports,frisbee,0.643478260869565
sports/frisbee/000000036273.jpg,sports,frisbee,0.66
sports/frisbee/000000050013.jpg,sports,frisbee,0.711340206185567
sports/frisbee/000000056868.jpg,sports,frisbee,0.560975609756098
sports/frisbee/000000058157.jpg,sports,frisbee,0.5
sports/frisbee/000000061779.jpg,sports,frisbee,0.712962962962963
sports/frisbee/000000064059.jpg,sports,frisbee,0.762886597938144
sports/frisbee/000000087479.jpg,sports,frisbee,0.803921568627451
sports/frisbee/000000099341.jpg,sports,frisbee,0.795275590551181
sports/frisbee/000000099964.jpg,sports,frisbee,0.883928571428571
sports/frisbee/000000139249.jpg,sports,frisbee,0.669421487603306
sports/frisbee/000000142637.jpg,sports,frisbee,0.853211009174312
sports/frisbee/000000143559.jpg,sports,frisbee,0.817204301075269
sports/frisbee/000000159398.jpg,sports,frisbee,0.625
sports/frisbee/000000180984.jpg,sports,frisbee,0.838709677419355
sports/frisbee/000000181481.jpg,sports,frisbee,0.35632183908046
sports/frisbee/000000194531.jpg,sports,frisbee,0.797619047619048
sports/frisbee/000000196912.jpg,sports,frisbee,0.808080808080808
sports/frisbee/000000209266.jpg,sports,frisbee,0.782178217821782
sports/frisbee/000000210816.jpg,sports,frisbee,0.852272727272727
sports/frisbee/000000211737.jpg,sports,frisbee,0.757575757575758
sports/frisbee/000000226936.jpg,sports,frisbee,0.719101123595506
sports/frisbee/000000240033.jpg,sports,frisbee,0.73394495412844
sports/frisbee/000000254078.jpg,sports,frisbee,0.787234042553192
sports/frisbee/000000264307.jpg,sports,frisbee,0.645833333333333
sports/frisbee/000000274745.jpg,sports,frisbee,0.875
sports/frisbee/000000278101.jpg,sports,frisbee,0.607476635514019
sports/frisbee/000000281922.jpg,sports,frisbee,0.824742268041237
sports/frisbee/000000282062.jpg,sports,frisbee,0.760683760683761
sports/frisbee/000000289423.jpg,sports,frisbee,0.650485436893204
sports/frisbee/000000299734.jpg,sports,frisbee,0.857142857142857
sports/frisbee/000000302551.jpg,sports,frisbee,0.722222222222222
sports/frisbee/000000315381.jpg,sports,frisbee,0.59
sports/frisbee/000000318279.jpg,sports,frisbee,0.728155339805825
sports/frisbee/000000331518.jpg,sports,frisbee,0.813186813186813
sports/frisbee/000000334751.jpg,sports,frisbee,0.918918918918919
sports/frisbee/000000358086.jpg,sports,frisbee,0.629213483146067
sports/frisbee/000000364154.jpg,sports,frisbee,0.846846846846847
sports/frisbee/000000388486.jpg,sports,frisbee,0.747368421052632
sports/frisbee/000000393241.jpg,sports,frisbee,0.738636363636364
sports/frisbee/000000422211.jpg,sports,frisbee,0.703703703703704
sports/frisbee/000000423529.jpg,sports,frisbee,0.878787878787879
sports/frisbee/000000428550.jpg,sports,frisbee,0.693181818181818
sports/frisbee/000000453529.jpg,sports,frisbee,0.789473684210526
sports/frisbee/000000481014.jpg,sports,frisbee,0.666666666666667
sports/frisbee/000000482910.jpg,sports,frisbee,0.704081632653061
sports/frisbee/000000509471.jpg,sports,frisbee,0.776699029126214
sports/frisbee/000000511121.jpg,sports,frisbee,0.6
sports/frisbee/000000517460.jpg,sports,frisbee,0.793478260869565
sports/frisbee/000000524047.jpg,sports,frisbee,0.826530612244898
sports/frisbee/000000539247.jpg,sports,frisbee,0.807692307692308
sports/frisbee/000000551338.jpg,sports,frisbee,0.705882352941177
sports/golf/00ea4ebcea489abd.jpg,sports,golf,0.571428571428571
sports/golf/02214e9e87af8091.jpg,sports,golf,0.727272727272727
sports/golf/05e82779bb9c7b6a.jpg,sports,golf,0.715789473684211
sports/golf/083327ccfc4b1684.jpg,sports,golf,0.579545454545455
sports/golf/0dd4c580c14df3d1.jpg,sports,golf,0.712962962962963
sports/golf/103e1b8a925be6f6.jpg,sports,golf,0.787234042553192
sports/golf/1467a36d490d1750.jpg,sports,golf,0.808988764044944
sports/golf/188fcb471d077f6b.jpg,sports,golf,0.796116504854369
sports/golf/1bf7b18e9816e5c6.jpg,sports,golf,0.819047619047619
sports/golf/232299e70b9fe949.jpg,sports,golf,0.78021978021978
sports/golf/2a7c45cb2c6ffdca.jpg,sports,golf,0.643564356435644
sports/golf/2d2da4e280f88f23.jpg,sports,golf,0.682242990654206
sports/golf/2da2c22f1bd3d367.jpg,sports,golf,0.65979381443299
sports/golf/316af044aec03d7a.jpg,sports,golf,0.767441860465116
sports/golf/3d930f11eee5d446.jpg,sports,golf,0.744897959183674
sports/golf/3dfbdcd1d1aaa02d.jpg,sports,golf,0.784810126582278
sports/golf/54906e95b973086b.jpg,sports,golf,0.707070707070707
sports/golf/5a01fbb421c3ea87.jpg,sports,golf,0.808988764044944
sports/golf/6c18b3182a012e30.jpg,sports,golf,0.731182795698925
sports/golf/706623fd1eb142e2.jpg,sports,golf,0.772727272727273
sports/golf/7236064c35684dba.jpg,sports,golf,0.779069767441861
sports/golf/82462c9793e1b5d0.jpg,sports,golf,0.631578947368421
sports/golf/865c492b335e9890.jpg,sports,golf,0.693693693693694
sports/golf/8677ea1bec084ac3.jpg,sports,golf,0.724770642201835
sports/golf/8c3acc0158dfe5ee.jpg,sports,golf,0.87378640776699
sports/golf/93ee6f6e0bcc3c3d.jpg,sports,golf,0.723809523809524
sports/golf/94ca4d01f90bef1c.jpg,sports,golf,0.568181818181818
sports/golf/97aaac154962a793.jpg,sports,golf,0.786324786324786
sports/golf/a1d32a9b35bf01bb.jpg,sports,golf,0.602272727272727
sports/golf/a26935abd4c130ba.jpg,sports,golf,0.638297872340426
sports/golf/a89da698610fa26e.jpg,sports,golf,0.745283018867924
sports/golf/a8cc262e267f3706.jpg,sports,golf,0.545454545454545
sports/golf/a996146a2cccb57c.jpg,sports,golf,0.767676767676768
sports/golf/af7058e7f9d6ae7e.jpg,sports,golf,0.603960396039604
sports/golf/b2259a0da58bf723.jpg,sports,golf,0.666666666666667
sports/golf/b879a8057b244154.jpg,sports,golf,0.787610619469027
sports/golf/bb02343a8664e896.jpg,sports,golf,0.777777777777778
sports/golf/bb3c26d44a629489.jpg,sports,golf,0.683673469387755
sports/golf/c2bbd341fb948b09.jpg,sports,golf,0.6875
sports/golf/c58f9c82da8f7b54.jpg,sports,golf,0.769230769230769
sports/golf/cee06f136258d4eb.jpg,sports,golf,0.732142857142857
sports/golf/d6485beb5b69ea53.jpg,sports,golf,0.747747747747748
sports/golf/d6d1c4af0eb29b02.jpg,sports,golf,0.771929824561403
sports/golf/d9deef4771dcbc02.jpg,sports,golf,0.584745762711864
sports/golf/e371a76b33265b9d.jpg,sports,golf,0.703296703296703
sports/golf/eacf12733f79d8e5.jpg,sports,golf,0.669642857142857
sports/golf/ed0147f94eaf2efd.jpg,sports,golf,0.822916666666667
sports/golf/f452b0a53243dd43.jpg,sports,golf,0.740458015267176
sports/golf/f60ba3e737ee431c.jpg,sports,golf,0.629213483146067
sports/golf/f68a04e0ec306178.jpg,sports,golf,0.627450980392157
sports/golf/n00464894_10033.jpg,sports,golf,0.692307692307692
sports/golf/n00464894_10042.jpg,sports,golf,0.697916666666667
sports/golf/n00464894_10299.jpg,sports,golf,0.5625
sports/golf/n00464894_10523.jpg,sports,golf,0.716981132075472
sports/golf/n00464894_10535.jpg,sports,golf,0.814432989690722
sports/golf/n00464894_10747.jpg,sports,golf,0.690909090909091
sports/golf/n00464894_10911.jpg,sports,golf,0.445544554455446
sports/golf/n00464894_11042.jpg,sports,golf,0.798165137614679
sports/golf/n00464894_11143.jpg,sports,golf,0.768595041322314
sports/golf/n00464894_11765.jpg,sports,golf,0.619047619047619
sports/golf/n00464894_12059.jpg,sports,golf,0.658119658119658
sports/golf/n00464894_12096.jpg,sports,golf,0.639175257731959
sports/golf/n00464894_12201.jpg,sports,golf,0.739130434782609
sports/golf/n00464894_12357.jpg,sports,golf,0.623529411764706
sports/golf/n00464894_12673.jpg,sports,golf,0.697916666666667
sports/golf/n00464894_12725.jpg,sports,golf,0.65625
sports/golf/n00464894_12759.jpg,sports,golf,0.551020408163265
sports/golf/n00464894_13058.jpg,sports,golf,0.771428571428571
sports/golf/n00464894_13306.jpg,sports,golf,0.71264367816092
sports/golf/n00464894_13320.jpg,sports,golf,0.633663366336634
sports/golf/n00464894_13521.jpg,sports,golf,0.829545454545455
sports/golf/n00464894_13590.jpg,sports,golf,0.573033707865168
sports/golf/n00464894_13639.jpg,sports,golf,0.694444444444444
sports/golf/n00464894_13676.jpg,sports,golf,0.73
sports/golf/n00464894_13710.jpg,sports,golf,0.611111111111111
sports/golf/n00464894_13791.jpg,sports,golf,0.811320754716981
sports/golf/n00464894_13832.jpg,sports,golf,0.707070707070707
sports/golf/n00464894_14073.jpg,sports,golf,0.762886597938144
sports/golf/n00464894_14750.jpg,sports,golf,0.678899082568807
sports/golf/n00464894_15473.jpg,sports,golf,0.813186813186813
sports/golf/n00464894_15525.jpg,sports,golf,0.703296703296703
sports/golf/n00464894_16047.jpg,sports,golf,0.74
sports/golf/n00464894_16129.jpg,sports,golf,0.78
sports/golf/n00464894_16183.jpg,sports,golf,0.651685393258427
sports/golf/n00464894_16290.jpg,sports,golf,0.69047619047619
sports/golf/n00464894_16494.jpg,sports,golf,0.655913978494624
sports/golf/n00464894_17474.jpg,sports,golf,0.654867256637168
sports/golf/n00464894_9013.jpg,sports,golf,0.770642201834862
sports/golf/n00464894_9076.jpg,sports,golf,0.721153846153846
sports/golf/n00464894_9080.jpg,sports,golf,0.6875
sports/golf/n00464894_9116.jpg,sports,golf,0.676767676767677
sports/golf/n00464894_9175.jpg,sports,golf,0.63265306122449
sports/golf/n00464894_9191.jpg,sports,golf,0.699029126213592
sports/golf/n00464894_9251.jpg,sports,golf,0.523809523809524
sports/golf/n00464894_9505.jpg,sports,golf,0.685714285714286
sports/golf/n00464894_9589.jpg,sports,golf,0.75
sports/golf/n00464894_9642.jpg,sports,golf,0.709302325581395
sports/golf/n00464894_9950.jpg,sports,golf,0.694444444444444
sports/golf/n00464894_9966.jpg,sports,golf,0.723809523809524
sports/gymnastics/01632b2621c70f0a.jpg,sports,gymnastics,0.858823529411765
sports/gymnastics/03e15185cfaf3edf.jpg,sports,gymnastics,0.878048780487805
sports/gymnastics/11e9893bc1e70924.jpg,sports,gymnastics,0.78
sports/gymnastics/1bd57202eab83f72.jpg,sports,gymnastics,0.798076923076923
sports/gymnastics/1bd904846b4ac438.jpg,sports,gymnastics,0.828571428571429
sports/gymnastics/1c64d0a5c94e520b.jpg,sports,gymnastics,0.868686868686869
sports/gymnastics/1ff02c2dd58ac89e.jpg,sports,gymnastics,0.71
sports/gymnastics/284b9fc66ab531fa.jpg,sports,gymnastics,0.884210526315789
sports/gymnastics/2be435d58d5e858d.jpg,sports,gymnastics,0.955752212389381
sports/gymnastics/2d0e3d74e9d9c96d.jpg,sports,gymnastics,0.684684684684685
sports/gymnastics/2f9ea40fc5161426.jpg,sports,gymnastics,0.931818181818182
sports/gymnastics/303d5c824614b59d.jpg,sports,gymnastics,0.584158415841584
sports/gymnastics/314b18e4dd4e1f84.jpg,sports,gymnastics,0.881188118811881
sports/gymnastics/36d088d7045fc823.jpg,sports,gymnastics,0.747747747747748
sports/gymnastics/37a339d612fbd8dc.jpg,sports,gymnastics,0.762886597938144
sports/gymnastics/3b9dd07f35b55a43.jpg,sports,gymnastics,0.847058823529412
sports/gymnastics/3f7826aa5312939a.jpg,sports,gymnastics,0.757575757575758
sports/gymnastics/42f6decb34b04c85.jpg,sports,gymnastics,0.820754716981132
sports/gymnastics/48abd1db27d7de96.jpg,sports,gymnastics,0.804597701149425
sports/gymnastics/4b39410d409f23c8.jpg,sports,gymnastics,0.853211009174312
sports/gymnastics/4e3b05a274ec9070.jpg,sports,gymnastics,0.763440860215054
sports/gymnastics/5c2cb88d3566e522.jpg,sports,gymnastics,0.83495145631068
sports/gymnastics/61f624ac32c56eba.jpg,sports,gymnastics,0.826086956521739
sports/gymnastics/64d859e02180217e.jpg,sports,gymnastics,0.868686868686869
sports/gymnastics/651c2ae1e6892530.jpg,sports,gymnastics,0.864077669902913
sports/gymnastics/66244a77636dd606.jpg,sports,gymnastics,0.869047619047619
sports/gymnastics/6ca88869cb213178.jpg,sports,gymnastics,0.81981981981982
sports/gymnastics/6d8a20a69d1f2667.jpg,sports,gymnastics,0.8
sports/gymnastics/71f118b4354b5ff0.jpg,sports,gymnastics,0.771084337349398
sports/gymnastics/819010698b243bd6.jpg,sports,gymnastics,0.854166666666667
sports/gymnastics/8c6459b9f289fa47.jpg,sports,gymnastics,0.829787234042553
sports/gymnastics/8de344ed44498634.jpg,sports,gymnastics,0.747252747252747
sports/gymnastics/910c63df860a274e.jpg,sports,gymnastics,0.788888888888889
sports/gymnastics/92c0a1e89a467815.jpg,sports,gymnastics,0.935483870967742
sports/gymnastics/965fcccf96b4fb08.jpg,sports,gymnastics,0.829545454545455
sports/gymnastics/9b3a86b775b0121c.jpg,sports,gymnastics,0.770642201834862
sports/gymnastics/9bd9214f613fa836.jpg,sports,gymnastics,0.9375
sports/gymnastics/9f10eef51818ce72.jpg,sports,gymnastics,0.945652173913043
sports/gymnastics/9ff2f0382e09681f.jpg,sports,gymnastics,0.839285714285714
sports/gymnastics/a4cd92bb222f7ce1.jpg,sports,gymnastics,0.777777777777778
sports/gymnastics/a70f746e69334265.jpg,sports,gymnastics,0.753086419753086
sports/gymnastics/a9c524228aecdba0.jpg,sports,gymnastics,0.855670103092783
sports/gymnastics/aa0494433027c7c9.jpg,sports,gymnastics,0.822916666666667
sports/gymnastics/ac36d564ad0b93e1.jpg,sports,gymnastics,0.728155339805825
sports/gymnastics/be64f47a308ca5e4.jpg,sports,gymnastics,0.762376237623762
sports/gymnastics/c0f5566fba5d2c67.jpg,sports,gymnastics,0.814814814814815
sports/gymnastics/c6249d94f4b8fc0b.jpg,sports,gymnastics,0.838095238095238
sports/gymnastics/cc1482ab9b518746.jpg,sports,gymnastics,0.803921568627451
sports/gymnastics/cc743804be31c6af.jpg,sports,gymnastics,0.878378378378378
sports/gymnastics/cca26d0015d1fbc9.jpg,sports,gymnastics,0.854368932038835
sports/gymnastics/cde9f1472b95e07f.jpg,sports,gymnastics,0.850574712643678
sports/gymnastics/d1a2a4d8137a71e0.jpg,sports,gymnastics,0.893617021276596
sports/gymnastics/d33ec9ab2872cbd3.jpg,sports,gymnastics,0.861111111111111
sports/gymnastics/d4da943cfb830edb.jpg,sports,gymnastics,0.91588785046729
sports/gymnastics/d79ea3d7d75d1698.jpg,sports,gymnastics,0.819047619047619
sports/gymnastics/db2d4827104ccd7b.jpg,sports,gymnastics,0.842592592592593
sports/gymnastics/df85986ebb487f15.jpg,sports,gymnastics,0.850467289719626
sports/gymnastics/e04b7724f7319907.jpg,sports,gymnastics,0.910891089108911
sports/gymnastics/eb62afcc2cc32f68.jpg,sports,gymnastics,0.836538461538462
sports/gymnastics/ec79dfe1948600e6.jpg,sports,gymnastics,0.775510204081633
sports/gymnastics/f765766093e87c88.jpg,sports,gymnastics,0.77
sports/gymnastics/fa0b553ad96e5242.jpg,sports,gymnastics,0.769230769230769
sports/ice hockey/0543f1b76e391db9.jpg,sports,ice hockey,0.613445378151261
sports/ice hockey/058567362019b68c.jpg,sports,ice hockey,0.682242990654206
sports/ice hockey/0a9033f96755177c.jpg,sports,ice hockey,0.59047619047619
sports/ice hockey/0ad7bad30cd432df.jpg,sports,ice hockey,0.677083333333333
sports/ice hockey/0aea452ca8e904e7.jpg,sports,ice hockey,0.678260869565217
sports/ice hockey/0dae295abfdff1ea.jpg,sports,ice hockey,0.651685393258427
sports/ice hockey/0ea39a2dcc1d75cd.jpg,sports,ice hockey,0.732142857142857
sports/ice hockey/118e34b1af1942e8.jpg,sports,ice hockey,0.610526315789474
sports/ice hockey/16e3ee82eb0dabbd.jpg,sports,ice hockey,0.676767676767677
sports/ice hockey/1aec2efcae150271.jpg,sports,ice hockey,0.677777777777778
sports/ice hockey/1f21eeca4577a562.jpg,sports,ice hockey,0.585365853658537
sports/ice hockey/23b73886e375fa7e.jpg,sports,ice hockey,0.802083333333333
sports/ice hockey/2be8f0738a9a1c97.jpg,sports,ice hockey,0.59047619047619
sports/ice hockey/2c41faad4c1f65b5.jpg,sports,ice hockey,0.651685393258427
sports/ice hockey/2fc815db5f60e390.jpg,sports,ice hockey,0.640449438202247
sports/ice hockey/31ce868de373d467.jpg,sports,ice hockey,0.625
sports/ice hockey/351b5737a1ab2885.jpg,sports,ice hockey,0.649484536082474
sports/ice hockey/3aa81f9741ba9a9f.jpg,sports,ice hockey,0.737704918032787
sports/ice hockey/3d1b2e53cd24ce90.jpg,sports,ice hockey,0.540229885057471
sports/ice hockey/3e7d95d9fd61b760.jpg,sports,ice hockey,0.663157894736842
sports/ice hockey/3f18498b871d51ba.jpg,sports,ice hockey,0.6
sports/ice hockey/42f4b58b21cbe526.jpg,sports,ice hockey,0.695121951219512
sports/ice hockey/44b1d9ea53911b80.jpg,sports,ice hockey,0.74390243902439
sports/ice hockey/44da855f8db7d75f.jpg,sports,ice hockey,0.552631578947368
sports/ice hockey/4504f990b3609149.jpg,sports,ice hockey,0.64367816091954
sports/ice hockey/46cd2e8468293902.jpg,sports,ice hockey,0.570093457943925
sports/ice hockey/470ed9c49466aa58.jpg,sports,ice hockey,0.517647058823529
sports/ice hockey/4e223fa1b1baccb5.jpg,sports,ice hockey,0.53125
sports/ice hockey/4f2343b8281ea366.jpg,sports,ice hockey,0.696428571428571
sports/ice hockey/5186956757a13de0.jpg,sports,ice hockey,0.727272727272727
sports/ice hockey/534af61fae5fe4d4.jpg,sports,ice hockey,0.568181818181818
sports/ice hockey/56770050ea8dba24.jpg,sports,ice hockey,0.643564356435644
sports/ice hockey/59ceb630665f7758.jpg,sports,ice hockey,0.660714285714286
sports/ice hockey/5b2e422c926f1e57.jpg,sports,ice hockey,0.685185185185185
sports/ice hockey/5b336820a1e8baed.jpg,sports,ice hockey,0.71
sports/ice hockey/654d741e1d80fd43.jpg,sports,ice hockey,0.693877551020408
sports/ice hockey/68e14a4429132391.jpg,sports,ice hockey,0.524752475247525
sports/ice hockey/6ee605e86e56e0e3.jpg,sports,ice hockey,0.692307692307692
sports/ice hockey/7cdcb137fe34a95e.jpg,sports,ice hockey,0.561224489795918
sports/ice hockey/83ab987502a09a6b.jpg,sports,ice hockey,0.75
sports/ice hockey/84ebed9f630e379a.jpg,sports,ice hockey,0.607843137254902
sports/ice hockey/8f82fbb148cbb7b4.jpg,sports,ice hockey,0.522727272727273
sports/ice hockey/935acb1cbbe1c4cc.jpg,sports,ice hockey,0.58
sports/ice hockey/93817e876146e69b.jpg,sports,ice hockey,0.684210526315789
sports/ice hockey/93a6949865b988a4.jpg,sports,ice hockey,0.62962962962963
sports/ice hockey/94137cbe7c37e64d.jpg,sports,ice hockey,0.617391304347826
sports/ice hockey/9cb1e2d7ec5ebe81.jpg,sports,ice hockey,0.57
sports/ice hockey/9e0b50b69b095d1d.jpg,sports,ice hockey,0.63
sports/ice hockey/9ed6211c70cdd276.jpg,sports,ice hockey,0.782178217821782
sports/ice hockey/9fdf25ec79965e3f.jpg,sports,ice hockey,0.670103092783505
sports/ice hockey/a299795b3d1ae056.jpg,sports,ice hockey,0.666666666666667
sports/ice hockey/a658c1dbf5ff3fb8.jpg,sports,ice hockey,0.666666666666667
sports/ice hockey/a8895e69efa2a435.jpg,sports,ice hockey,0.568627450980392
sports/ice hockey/a90ab7e806e3a62b.jpg,sports,ice hockey,0.704081632653061
sports/ice hockey/aeae192fcdc7715e.jpg,sports,ice hockey,0.425742574257426
sports/ice hockey/b080e8dae70bfe84.jpg,sports,ice hockey,0.56701030927835
sports/ice hockey/b0bc605978c40a86.jpg,sports,ice hockey,0.670454545454545
sports/ice hockey/b2fb0ff2373a5907.jpg,sports,ice hockey,0.609090909090909
sports/ice hockey/bf6e1ab364fc7572.jpg,sports,ice hockey,0.654867256637168
sports/ice hockey/c0b448197bb26158.jpg,sports,ice hockey,0.628571428571429
sports/ice hockey/c2a4e9b103e44933.jpg,sports,ice hockey,0.65979381443299
sports/ice hockey/c640a3584d1e4d71.jpg,sports,ice hockey,0.744897959183674
sports/ice hockey/ce604b31eae758ba.jpg,sports,ice hockey,0.704761904761905
sports/ice hockey/cefeffaa35e5554b.jpg,sports,ice hockey,0.663716814159292
sports/ice hockey/d2ef8f4bfba0d4f3.jpg,sports,ice hockey,0.6
sports/ice hockey/d30cf90f4d40cfcd.jpg,sports,ice hockey,0.539130434782609
sports/ice hockey/d894f93f348d6eda.jpg,sports,ice hockey,0.75
sports/ice hockey/da7a3c300739e6a0.jpg,sports,ice hockey,0.537735849056604
sports/ice hockey/e4f55f661a8c4977.jpg,sports,ice hockey,0.654545454545455
sports/ice hockey/e6531a91951cea03.jpg,sports,ice hockey,0.673267326732673
sports/ice hockey/e90d1fe2f89787a8.jpg,sports,ice hockey,0.740384615384615
sports/ice hockey/eb2406b3c32c6eb4.jpg,sports,ice hockey,0.613207547169811
sports/ice hockey/ebce94aa47a331eb.jpg,sports,ice hockey,0.649484536082474
sports/ice hockey/ecf8e91b2613e79d.jpg,sports,ice hockey,0.591836734693878
sports/ice hockey/ed9e6b9510cf8ef7.jpg,sports,ice hockey,0.807692307692308
sports/ice hockey/f3cd7f313b9db562.jpg,sports,ice hockey,0.611650485436893
sports/ice hockey/fdd42cffe50c364c.jpg,sports,ice hockey,0.61
sports/japanese martial arts/00b96ff2060fcfa2.jpg,sports,japanese martial arts,0.651685393258427
sports/japanese martial arts/02690f65ea2a2223.jpg,sports,japanese martial arts,0.724137931034483
sports/japanese martial arts/03f1ef1359dbf0c1.jpg,sports,japanese martial arts,0.871287128712871
sports/japanese martial arts/051d5f29e283fb24.jpg,sports,japanese martial arts,0.8125
sports/japanese martial arts/059001702b9b91e5.jpg,sports,japanese martial arts,0.752941176470588
sports/japanese martial arts/09cc66c3ce06c937.jpg,sports,japanese martial arts,0.810810810810811
sports/japanese martial arts/0d3119fe1227332d.jpg,sports,japanese martial arts,0.733333333333333
sports/japanese martial arts/0fe3f79c9523477a.jpg,sports,japanese martial arts,0.827586206896552
sports/japanese martial arts/114d6b81e7b1fa08.jpg,sports,japanese martial arts,0.793814432989691
sports/japanese martial arts/13fbf4d8a571de45.jpg,sports,japanese martial arts,0.8
sports/japanese martial arts/1b1e98b5f9cc8b50.jpg,sports,japanese martial arts,0.529411764705882
sports/japanese martial arts/1bbb133de9623768.jpg,sports,japanese martial arts,0.904411764705882
sports/japanese martial arts/1f92541b4f439e51.jpg,sports,japanese martial arts,0.90625
sports/japanese martial arts/234d72b20100b070.jpg,sports,japanese martial arts,0.897959183673469
sports/japanese martial arts/23a9162f4356427c.jpg,sports,japanese martial arts,0.752212389380531
sports/japanese martial arts/2509b4b6414f04d3.jpg,sports,japanese martial arts,0.72972972972973
sports/japanese martial arts/26029c6c44ee5452.jpg,sports,japanese martial arts,0.804597701149425
sports/japanese martial arts/29af2f1dd764c49f.jpg,sports,japanese martial arts,0.652173913043478
sports/japanese martial arts/2adc2001f2704f06.jpg,sports,japanese martial arts,0.828282828282828
sports/japanese martial arts/2fd1948266c82802.jpg,sports,japanese martial arts,0.623655913978495
sports/japanese martial arts/2fd91d447d744038.jpg,sports,japanese martial arts,0.647619047619048
sports/japanese martial arts/4656464d55472d7f.jpg,sports,japanese martial arts,0.78
sports/japanese martial arts/46e3dfd73c4ff58c.jpg,sports,japanese martial arts,0.701923076923077
sports/japanese martial arts/47c3c79be6aa0974.jpg,sports,japanese martial arts,0.565656565656566
sports/japanese martial arts/4882db1a7d20bbe3.jpg,sports,japanese martial arts,0.779220779220779
sports/japanese martial arts/4ba30c0ec637fd23.jpg,sports,japanese martial arts,0.695652173913043
sports/japanese martial arts/4df59b387b10f876.jpg,sports,japanese martial arts,0.776595744680851
sports/japanese martial arts/4e27b4cc6e70cf1c.jpg,sports,japanese martial arts,0.698924731182796
sports/japanese martial arts/4f5fcdbccb70fe17.jpg,sports,japanese martial arts,0.752475247524752
sports/japanese martial arts/512098c6ba73b6d3.jpg,sports,japanese martial arts,0.834782608695652
sports/japanese martial arts/5526b69113f74659.jpg,sports,japanese martial arts,0.829787234042553
sports/japanese martial arts/58156b82c899e639.jpg,sports,japanese martial arts,0.663636363636364
sports/japanese martial arts/59c9716ad00033a0.jpg,sports,japanese martial arts,0.86
sports/japanese martial arts/5c955e3a7555aa23.jpg,sports,japanese martial arts,0.737864077669903
sports/japanese martial arts/6cb54fd6e4b8ecbe.jpg,sports,japanese martial arts,0.681318681318681
sports/japanese martial arts/707abebe50ebce8d.jpg,sports,japanese martial arts,0.764150943396226
sports/japanese martial arts/72fa84a7bbae74c5.jpg,sports,japanese martial arts,0.855769230769231
sports/japanese martial arts/753f4def4738bbde.jpg,sports,japanese martial arts,0.75
sports/japanese martial arts/75993a9d9a9315ff.jpg,sports,japanese martial arts,0.86046511627907
sports/japanese martial arts/81c08a27d1711452.jpg,sports,japanese martial arts,0.658823529411765
sports/japanese martial arts/827e29bb9f9c7427.jpg,sports,japanese martial arts,0.814432989690722
sports/japanese martial arts/9034b66aa88b7996.jpg,sports,japanese martial arts,0.625
sports/japanese martial arts/93bd25e8154bb8b9.jpg,sports,japanese martial arts,0.673913043478261
sports/japanese martial arts/9698dffd80dfea8c.jpg,sports,japanese martial arts,0.77319587628866
sports/japanese martial arts/99b99a22a0354651.jpg,sports,japanese martial arts,0.825242718446602
sports/japanese martial arts/9cb7e8cffefbf99f.jpg,sports,japanese martial arts,0.704545454545455
sports/japanese martial arts/9e325c20c06565bb.jpg,sports,japanese martial arts,0.882352941176471
sports/japanese martial arts/9eb13ec3324f5d88.jpg,sports,japanese martial arts,0.761904761904762
sports/japanese martial arts/a2668a5b15925ec1.jpg,sports,japanese martial arts,0.793478260869565
sports/japanese martial arts/a31b4795bd65b914.jpg,sports,japanese martial arts,0.841584158415842
sports/japanese martial arts/a524a06b55294fe0.jpg,sports,japanese martial arts,0.782258064516129
sports/japanese martial arts/a5f627b7166f2f0f.jpg,sports,japanese martial arts,0.785714285714286
sports/japanese martial arts/a6478a1638644647.jpg,sports,japanese martial arts,0.788235294117647
sports/japanese martial arts/a777a871a59ba267.jpg,sports,japanese martial arts,0.709677419354839
sports/japanese martial arts/ae9d6a16a82620f8.jpg,sports,japanese martial arts,0.68
sports/japanese martial arts/b57ae3664e85e046.jpg,sports,japanese martial arts,0.684684684684685
sports/japanese martial arts/b693aa62adfef666.jpg,sports,japanese martial arts,0.721311475409836
sports/japanese martial arts/c0c36892321e1c29.jpg,sports,japanese martial arts,0.844036697247706
sports/japanese martial arts/c3b7f14cad985e8c.jpg,sports,japanese martial arts,0.851851851851852
sports/japanese martial arts/d3dc5678a8a28f95.jpg,sports,japanese martial arts,0.817204301075269
sports/japanese martial arts/d4a3d927462dda54.jpg,sports,japanese martial arts,0.828571428571429
sports/japanese martial arts/da47f61e1f5a7927.jpg,sports,japanese martial arts,0.791666666666667
sports/japanese martial arts/dd6f1f06f3025b28.jpg,sports,japanese martial arts,0.775862068965517
sports/japanese martial arts/e306debdd4e9da9c.jpg,sports,japanese martial arts,0.813725490196078
sports/japanese martial arts/e50549734a1a3d6d.jpg,sports,japanese martial arts,0.712962962962963
sports/japanese martial arts/e5b67ef6e91c1cf2.jpg,sports,japanese martial arts,0.816091954022989
sports/japanese martial arts/e8347af1a8106c91.jpg,sports,japanese martial arts,0.850467289719626
sports/japanese martial arts/e9ecab6c08ee8407.jpg,sports,japanese martial arts,0.802197802197802
sports/japanese martial arts/ea22da2b9fa06829.jpg,sports,japanese martial arts,0.854700854700855
sports/japanese martial arts/ed40d14e0f39eb7e.jpg,sports,japanese martial arts,0.788888888888889
sports/japanese martial arts/eefad9609b2e9edc.jpg,sports,japanese martial arts,0.476190476190476
sports/japanese martial arts/ef14626d95f156e5.jpg,sports,japanese martial arts,0.831775700934579
sports/japanese martial arts/ef2f3288f7af27a6.jpg,sports,japanese martial arts,0.901785714285714
sports/japanese martial arts/f2167c62794b8746.jpg,sports,japanese martial arts,0.769230769230769
sports/japanese martial arts/f524c74a9a112cf8.jpg,sports,japanese martial arts,0.728971962616822
sports/japanese martial arts/f6aad81bc09dc659.jpg,sports,japanese martial arts,0.75
sports/japanese martial arts/f85c058e1b60c705.jpg,sports,japanese martial arts,0.838383838383838
sports/japanese martial arts/fdb183631f320b49.jpg,sports,japanese martial arts,0.689655172413793
sports/karate/12aa9167c034ea37.jpg,sports,karate,0.717948717948718
sports/karate/1f5b5919fb37d93b.jpg,sports,karate,0.704081632653061
sports/karate/26eba60bf2828382.jpg,sports,karate,0.759615384615385
sports/karate/28461166e51f8217.jpg,sports,karate,0.774509803921569
sports/karate/3e9fc8ce3def4482.jpg,sports,karate,0.777777777777778
sports/karate/3ecc8dd591d2496d.jpg,sports,karate,0.715789473684211
sports/karate/4299e2ebf9c58542.jpg,sports,karate,0.688073394495413
sports/karate/4423bc3fc1f1ea56.jpg,sports,karate,0.831578947368421
sports/karate/44fbc46a57311ee9.jpg,sports,karate,0.791208791208791
sports/karate/4592a320b99460e2.jpg,sports,karate,0.699029126213592
sports/karate/46aa118cee4f86d9.jpg,sports,karate,0.64
sports/karate/473d09bdea5aceac.jpg,sports,karate,0.783132530120482
sports/karate/5789304f5ccd057d.jpg,sports,karate,0.745098039215686
sports/karate/5c3d7e1e55326af8.jpg,sports,karate,0.698924731182796
sports/karate/6066408c8757fe60.jpg,sports,karate,0.74468085106383
sports/karate/717b396012deba08.jpg,sports,karate,0.741573033707865
sports/karate/803df0dee9e9e1d7.jpg,sports,karate,0.793478260869565
sports/karate/82f1a9e2176a2145.jpg,sports,karate,0.723404255319149
sports/karate/8b1a20ffe4e93512.jpg,sports,karate,0.761061946902655
sports/karate/a0805ac4c8992d3b.jpg,sports,karate,0.829268292682927
sports/karate/a919cd7d332bba81.jpg,sports,karate,0.766666666666667
sports/karate/aa8e2b1c612805d3.jpg,sports,karate,0.783505154639175
sports/karate/b13dfb24715f0fc5.jpg,sports,karate,0.66
sports/karate/c1dba2c782343dbc.jpg,sports,karate,0.701030927835051
sports/karate/c9f3254d7fc34b31.jpg,sports,karate,0.814159292035398
sports/karate/ca52e9c468267ab4.jpg,sports,karate,0.726415094339623
sports/karate/eb9c2f5ef792d456.jpg,sports,karate,0.776699029126214
sports/karate/ee5a91b811a8ce3e.jpg,sports,karate,0.700934579439252
sports/karate/f0067eb8a3e46420.jpg,sports,karate,0.8
sports/karate/f70e2da87e3a08e5.jpg,sports,karate,0.775862068965517
sports/lacrosse/0110e8ec47d60bda.jpg,sports,lacrosse,0.65979381443299
sports/lacrosse/06ab03d651ae501b.jpg,sports,lacrosse,0.606060606060606
sports/lacrosse/0bd97cc657f4c3f4.jpg,sports,lacrosse,0.683673469387755
sports/lacrosse/0f6367eb190d0505.jpg,sports,lacrosse,0.59
sports/lacrosse/1537f41b7a4fc016.jpg,sports,lacrosse,0.613207547169811
sports/lacrosse/1805dc51e061ee3f.jpg,sports,lacrosse,0.465909090909091
sports/lacrosse/1b1ec74ad2005f06.jpg,sports,lacrosse,0.548672566371681
sports/lacrosse/215dc68b2c525959.jpg,sports,lacrosse,0.537735849056604
sports/lacrosse/26c881a4fad723e9.jpg,sports,lacrosse,0.585585585585586
sports/lacrosse/26dbc26f819a0d68.jpg,sports,lacrosse,0.520408163265306
sports/lacrosse/293f56dc17a59733.jpg,sports,lacrosse,0.666666666666667
sports/lacrosse/34b4b1e00c8e05ce.jpg,sports,lacrosse,0.4875
sports/lacrosse/35669675caf4ebe9.jpg,sports,lacrosse,0.647058823529412
sports/lacrosse/3601de93a0e5fd67.jpg,sports,lacrosse,0.666666666666667
sports/lacrosse/439e21de21f1e611.jpg,sports,lacrosse,0.621052631578947
sports/lacrosse/465e10af9b6e3ef5.jpg,sports,lacrosse,0.666666666666667
sports/lacrosse/5081ae7d7bd1a83a.jpg,sports,lacrosse,0.598214285714286
sports/lacrosse/52d6421dbe9e7100.jpg,sports,lacrosse,0.760416666666667
sports/lacrosse/5343b64732666414.jpg,sports,lacrosse,0.617647058823529
sports/lacrosse/54d149d732cd530b.jpg,sports,lacrosse,0.590909090909091
sports/lacrosse/5582e1b92da31e68.jpg,sports,lacrosse,0.620689655172414
sports/lacrosse/577f77b326ff65e7.jpg,sports,lacrosse,0.719626168224299
sports/lacrosse/5a4fc14161a53bb4.jpg,sports,lacrosse,0.666666666666667
sports/lacrosse/5d8c99f560208989.jpg,sports,lacrosse,0.617977528089888
sports/lacrosse/5ffeffc15eb1de28.jpg,sports,lacrosse,0.538461538461538
sports/lacrosse/6640cb58a84d1828.jpg,sports,lacrosse,0.630630630630631
sports/lacrosse/71e61c1183f5bfba.jpg,sports,lacrosse,0.58252427184466
sports/lacrosse/7247dcf186a435d7.jpg,sports,lacrosse,0.588888888888889
sports/lacrosse/7e8f1095b4e20df9.jpg,sports,lacrosse,0.66
sports/lacrosse/854a262f5ef9d933.jpg,sports,lacrosse,0.534883720930233
sports/lacrosse/8568a9adbda07fe7.jpg,sports,lacrosse,0.573033707865168
sports/lacrosse/86e9451ce692d4e6.jpg,sports,lacrosse,0.714285714285714
sports/lacrosse/875fe886b023ae54.jpg,sports,lacrosse,0.708333333333333
sports/lacrosse/9d843b2a03558a69.jpg,sports,lacrosse,0.556603773584906
sports/lacrosse/9f9627495742c52e.jpg,sports,lacrosse,0.620253164556962
sports/lacrosse/a7aa9768e5b4e053.jpg,sports,lacrosse,0.688172043010753
sports/lacrosse/ae387da9890adf09.jpg,sports,lacrosse,0.66304347826087
sports/lacrosse/b5d328a10a792d7e.jpg,sports,lacrosse,0.581818181818182
sports/lacrosse/b9629dfcee0b9b3c.jpg,sports,lacrosse,0.571428571428571
sports/lacrosse/c4a79ad7987f24b9.jpg,sports,lacrosse,0.581632653061224
sports/lacrosse/ca628a60792aa441.jpg,sports,lacrosse,0.782608695652174
sports/lacrosse/d30c9d1cd116c210.jpg,sports,lacrosse,0.632075471698113
sports/lacrosse/d5d2bfbf1d397b5b.jpg,sports,lacrosse,0.685185185185185
sports/lacrosse/dbf60b8984b89eae.jpg,sports,lacrosse,0.683673469387755
sports/lacrosse/dc64c9fa850fa7de.jpg,sports,lacrosse,0.633333333333333
sports/lacrosse/e25652b3a08c346f.jpg,sports,lacrosse,0.475247524752475
sports/lacrosse/e6ed59d321122050.jpg,sports,lacrosse,0.630952380952381
sports/lacrosse/eabaa6a885b0d2b4.jpg,sports,lacrosse,0.720720720720721
sports/lacrosse/ee9ff188921745c2.jpg,sports,lacrosse,0.626262626262626
sports/lacrosse/f00029c079347a21.jpg,sports,lacrosse,0.52991452991453
sports/lacrosse/f001554921abd6af.jpg,sports,lacrosse,0.567567567567568
sports/lacrosse/f3d1acd39988a804.jpg,sports,lacrosse,0.586206896551724
sports/lacrosse/fb95b3f8cf29b596.jpg,sports,lacrosse,0.566666666666667
sports/lacrosse/fc14f1cce131d551.jpg,sports,lacrosse,0.611111111111111
sports/mountain biking/0134e4c71ff2dd8a.jpg,sports,mountain biking,0.608247422680412
sports/mountain biking/087b1062dc719626.jpg,sports,mountain biking,0.721311475409836
sports/mountain biking/0af7ea4cedd9727f.jpg,sports,mountain biking,0.640449438202247
sports/mountain biking/13fb10a6d2718757.jpg,sports,mountain biking,0.684684684684685
sports/mountain biking/171b328f1c63c1d6.jpg,sports,mountain biking,0.621052631578947
sports/mountain biking/19b4672fc09b7f74.jpg,sports,mountain biking,0.730434782608696
sports/mountain biking/20c25df116a12983.jpg,sports,mountain biking,0.59375
sports/mountain biking/2a9c95d441f4958e.jpg,sports,mountain biking,0.608247422680412
sports/mountain biking/2bdefa6c6b45b495.jpg,sports,mountain biking,0.6
sports/mountain biking/3621d630ce4d726b.jpg,sports,mountain biking,0.681318681318681
sports/mountain biking/43028c395ed649ef.jpg,sports,mountain biking,0.602409638554217
sports/mountain biking/4c0275745141b853.jpg,sports,mountain biking,0.5
sports/mountain biking/53de264315f31cdc.jpg,sports,mountain biking,0.567307692307692
sports/mountain biking/571abfa0a95e675a.jpg,sports,mountain biking,0.680412371134021
sports/mountain biking/5a06cc680775df9c.jpg,sports,mountain biking,0.866666666666667
sports/mountain biking/5ae17e2ece920152.jpg,sports,mountain biking,0.72
sports/mountain biking/5d927b791ed979bd.jpg,sports,mountain biking,0.657407407407407
sports/mountain biking/6733d7a815809a84.jpg,sports,mountain biking,0.622222222222222
sports/mountain biking/7e4f94776a3b4db8.jpg,sports,mountain biking,0.662337662337662
sports/mountain biking/7ed3fbc0d52eae5d.jpg,sports,mountain biking,0.626168224299065
sports/mountain biking/7f04e60fa0ab31cb.jpg,sports,mountain biking,0.607843137254902
sports/mountain biking/8f4eff2661ddfd1a.jpg,sports,mountain biking,0.49
sports/mountain biking/98e8baa4d1188219.jpg,sports,mountain biking,0.471910112359551
sports/mountain biking/99a0c49a6c22df59.jpg,sports,mountain biking,0.653846153846154
sports/mountain biking/9a284f20e81f56a0.jpg,sports,mountain biking,0.587628865979381
sports/mountain biking/a284f227c612b0c8.jpg,sports,mountain biking,0.53
sports/mountain biking/a4371ed7681b31f4.jpg,sports,mountain biking,0.584158415841584
sports/mountain biking/a6cff7d33b841d2f.jpg,sports,mountain biking,0.715686274509804
sports/mountain biking/abc436f8778e1a82.jpg,sports,mountain biking,0.686868686868687
sports/mountain biking/aec20da322ac2ace.jpg,sports,mountain biking,0.626262626262626
sports/mountain biking/c4e8395425f49d05.jpg,sports,mountain biking,0.514563106796116
sports/mountain biking/c658026260b5ba62.jpg,sports,mountain biking,0.644859813084112
sports/mountain biking/ce30e3bdaeca2ae1.jpg,sports,mountain biking,0.742857142857143
sports/mountain biking/dcd671ad57417234.jpg,sports,mountain biking,0.652631578947368
sports/mountain biking/e98d463e02434aba.jpg,sports,mountain biking,0.615384615384615
sports/mountain biking/f6daef3ca544abf3.jpg,sports,mountain biking,0.548076923076923
sports/mountain biking/fad43fb6ac0d9c90.jpg,sports,mountain biking,0.688679245283019
sports/mountain biking/fcb06733651f6876.jpg,sports,mountain biking,0.547368421052632
sports/mountain biking/feecb94338fe3dc8.jpg,sports,mountain biking,0.704761904761905
sports/roller skating/022c1f420446d118.jpg,sports,roller skating,0.727272727272727
sports/roller skating/076078740387b572.jpg,sports,roller skating,0.755555555555556
sports/roller skating/0a4c4ab517c2900e.jpg,sports,roller skating,0.703296703296703
sports/roller skating/0e9d7928364dce7e.jpg,sports,roller skating,0.716814159292035
sports/roller skating/134e7aae3e2561c9.jpg,sports,roller skating,0.766990291262136
sports/roller skating/16f51edf6ef907f5.jpg,sports,roller skating,0.793478260869565
sports/roller skating/1a17241c6f0e6642.jpg,sports,roller skating,0.758241758241758
sports/roller skating/1b9c7e12abbe940e.jpg,sports,roller skating,0.737864077669903
sports/roller skating/1c9f9e769b02d785.jpg,sports,roller skating,0.8
sports/roller skating/208fcde7b90bcbf8.jpg,sports,roller skating,0.913461538461538
sports/roller skating/2611d2e7db140a46.jpg,sports,roller skating,0.737373737373737
sports/roller skating/2f8646054639f943.jpg,sports,roller skating,0.733333333333333
sports/roller skating/3e5f7dc48d210ad0.jpg,sports,roller skating,0.808510638297872
sports/roller skating/41af3efaefe26242.jpg,sports,roller skating,0.767676767676768
sports/roller skating/42cc26dd872160fb.jpg,sports,roller skating,0.707070707070707
sports/roller skating/5354286f9d07f704.jpg,sports,roller skating,0.725274725274725
sports/roller skating/53e19901290661c3.jpg,sports,roller skating,0.724137931034483
sports/roller skating/54b1221080a3301e.jpg,sports,roller skating,0.755102040816326
sports/roller skating/56c8e6f1b804c529.jpg,sports,roller skating,0.756756756756757
sports/roller skating/592bf7ae460cd22f.jpg,sports,roller skating,0.670103092783505
sports/roller skating/5ba69198a3acd712.jpg,sports,roller skating,0.95049504950495
sports/roller skating/5f050d7981eafb6a.jpg,sports,roller skating,0.659574468085106
sports/roller skating/5fc131efa7988d86.jpg,sports,roller skating,0.637254901960784
sports/roller skating/681b9d18e064e882.jpg,sports,roller skating,0.680851063829787
sports/roller skating/769faaf11d76c4b6.jpg,sports,roller skating,0.627659574468085
sports/roller skating/7aaf2ad4bd23d9a8.jpg,sports,roller skating,0.790909090909091
sports/roller skating/7aff58e036d03b98.jpg,sports,roller skating,0.715909090909091
sports/roller skating/8495ab3a5a40c791.jpg,sports,roller skating,0.505050505050505
sports/roller skating/84e3ccf7d57f3b99.jpg,sports,roller skating,0.621951219512195
sports/roller skating/89ba1a0400587736.jpg,sports,roller skating,0.847619047619048
sports/roller skating/8b932b1337db7e2a.jpg,sports,roller skating,0.835294117647059
sports/roller skating/93f7d390a622ecd5.jpg,sports,roller skating,0.763157894736842
sports/roller skating/95e59623c871c809.jpg,sports,roller skating,0.759493670886076
sports/roller skating/9f0a2313d27cfdc4.jpg,sports,roller skating,0.701923076923077
sports/roller skating/a35f36389c0cac44.jpg,sports,roller skating,0.791666666666667
sports/roller skating/a4dd58611e612080.jpg,sports,roller skating,0.718181818181818
sports/roller skating/a70377d1fbaf2bc0.jpg,sports,roller skating,0.855855855855856
sports/roller skating/a77992ff3c343a75.jpg,sports,roller skating,0.554455445544555
sports/roller skating/a8feca346e12cda2.jpg,sports,roller skating,0.433962264150943
sports/roller skating/adc560d6428b46e8.jpg,sports,roller skating,0.525773195876289
sports/roller skating/aeddefe970b1f7fc.jpg,sports,roller skating,0.807339449541284
sports/roller skating/b040a3d19b807114.jpg,sports,roller skating,0.75
sports/roller skating/b34d65c99982dfe3.jpg,sports,roller skating,0.611111111111111
sports/roller skating/b758d8693bf30491.jpg,sports,roller skating,0.613861386138614
sports/roller skating/bac7289f09513b2f.jpg,sports,roller skating,0.826086956521739
sports/roller skating/bb49641de5d0abe8.jpg,sports,roller skating,0.660377358490566
sports/roller skating/bdee38873a2c3482.jpg,sports,roller skating,0.880952380952381
sports/roller skating/c2b8e5978146d18e.jpg,sports,roller skating,0.754901960784314
sports/roller skating/c76fd1f8905308f5.jpg,sports,roller skating,0.790909090909091
sports/roller skating/c9e8efe103a3898a.jpg,sports,roller skating,0.627272727272727
sports/roller skating/cf17b05921c0ee47.jpg,sports,roller skating,0.679245283018868
sports/roller skating/d1b90f07c19a5085.jpg,sports,roller skating,0.921348314606742
sports/roller skating/d6686aeee94c1def.jpg,sports,roller skating,0.466666666666667
sports/roller skating/d8eb36feae233875.jpg,sports,roller skating,0.560975609756098
sports/roller skating/dd21bc27bb6eebb9.jpg,sports,roller skating,0.672727272727273
sports/roller skating/dfd2423518569f4f.jpg,sports,roller skating,0.820224719101124
sports/roller skating/e749e52646ca0791.jpg,sports,roller skating,0.618181818181818
sports/roller skating/e7d7dbd2012df9fd.jpg,sports,roller skating,0.632183908045977
sports/roller skating/f26d220a7b9effda.jpg,sports,roller skating,0.806818181818182
sports/roller skating/f296d771d7167afc.jpg,sports,roller skating,0.849462365591398
sports/roller skating/f2b55d7fc564c01c.jpg,sports,roller skating,0.830508474576271
sports/roller skating/f6fa7d596f62d9b6.jpg,sports,roller skating,0.778846153846154
sports/roller skating/feb2c1b891915ffa.jpg,sports,roller skating,0.756521739130435
sports/roller skating/ff7008672523e06a.jpg,sports,roller skating,0.684782608695652
sports/rowing/03fb5628ea9fc281.jpg,sports,rowing,0.706896551724138
sports/rowing/078b53d8a454894d.jpg,sports,rowing,0.494117647058824
sports/rowing/106416971fe2f7ee.jpg,sports,rowing,0.619565217391304
sports/rowing/140ad20c487e1a55.jpg,sports,rowing,0.529411764705882
sports/rowing/16586c5c46b04e89.jpg,sports,rowing,0.715596330275229
sports/rowing/1a00488e3f3dcd42.jpg,sports,rowing,0.816091954022989
sports/rowing/23439e2bab87d9e2.jpg,sports,rowing,0.505494505494505
sports/rowing/2823c8ffca4688b0.jpg,sports,rowing,0.787234042553192
sports/rowing/2ac6857abf349315.jpg,sports,rowing,0.6375
sports/rowing/3221f665b5c19b3c.jpg,sports,rowing,0.88785046728972
sports/rowing/332e01ea060bdb88.jpg,sports,rowing,0.808510638297872
sports/rowing/3575fe8f13d43ff4.jpg,sports,rowing,0.510204081632653
sports/rowing/36963c8e1dee2486.jpg,sports,rowing,0.736842105263158
sports/rowing/36daf4b907485637.jpg,sports,rowing,0.786407766990291
sports/rowing/422e5a2532b175c7.jpg,sports,rowing,0.620689655172414
sports/rowing/42f90657f501a723.jpg,sports,rowing,0.686440677966102
sports/rowing/45a0df80760bd709.jpg,sports,rowing,0.719626168224299
sports/rowing/505c9999688d973f.jpg,sports,rowing,0.795698924731183
sports/rowing/520938b2c3a0bd8e.jpg,sports,rowing,0.704761904761905
sports/rowing/53821fa455b7f309.jpg,sports,rowing,0.670103092783505
sports/rowing/5583e593fa709d42.jpg,sports,rowing,0.598039215686274
sports/rowing/567fba0ae8f5cad5.jpg,sports,rowing,0.776595744680851
sports/rowing/60937062cd8ce2a8.jpg,sports,rowing,0.801801801801802
sports/rowing/63386e0be460ef2d.jpg,sports,rowing,0.724770642201835
sports/rowing/63ba4d0deb2901e4.jpg,sports,rowing,0.770114942528736
sports/rowing/63d666d93970eeb4.jpg,sports,rowing,0.557692307692308
sports/rowing/68b7b352e297f202.jpg,sports,rowing,0.673469387755102
sports/rowing/6f2f4197e6f566bd.jpg,sports,rowing,0.758620689655172
sports/rowing/71ae5670e0d4b66b.jpg,sports,rowing,0.803921568627451
sports/rowing/75aeedaabc305bdd.jpg,sports,rowing,0.847619047619048
sports/rowing/7f3edee8f6a451b2.jpg,sports,rowing,0.819047619047619
sports/rowing/828dd4dc9a7a602e.jpg,sports,rowing,0.770642201834862
sports/rowing/83a724973d2273e9.jpg,sports,rowing,0.885714285714286
sports/rowing/888013ce63acbff2.jpg,sports,rowing,0.465346534653465
sports/rowing/89aa1a02b9b02069.jpg,sports,rowing,0.752293577981651
sports/rowing/8aa6b2f1844fddbb.jpg,sports,rowing,0.766990291262136
sports/rowing/8ea0e36018513b71.jpg,sports,rowing,0.8125
sports/rowing/90dba6de931ca930.jpg,sports,rowing,0.8
sports/rowing/984d569ff3b4876a.jpg,sports,rowing,0.736363636363636
sports/rowing/9e65b70f0a3ebf49.jpg,sports,rowing,0.602272727272727
sports/rowing/9f1036550f042755.jpg,sports,rowing,0.699029126213592
sports/rowing/a01375cbf1a80101.jpg,sports,rowing,0.663265306122449
sports/rowing/a031d2fef6592365.jpg,sports,rowing,0.656565656565657
sports/rowing/a0b9c7987d388bf3.jpg,sports,rowing,0.75
sports/rowing/a6076d1eda69f0f1.jpg,sports,rowing,0.490196078431373
sports/rowing/a6c9c4affde9a6a2.jpg,sports,rowing,0.686868686868687
sports/rowing/a8d279d6988cfc0c.jpg,sports,rowing,0.666666666666667
sports/rowing/aad7de1f5cd52a81.jpg,sports,rowing,0.725490196078431
sports/rowing/b5d4d36dc92c682e.jpg,sports,rowing,0.8
sports/rowing/ba8e21aa9eb654f2.jpg,sports,rowing,0.587155963302752
sports/rowing/bc5273bef280b939.jpg,sports,rowing,0.758928571428571
sports/rowing/c1eeb414a921c7be.jpg,sports,rowing,0.731481481481482
sports/rowing/c3b98b917b36a8a1.jpg,sports,rowing,0.754901960784314
sports/rowing/c6789c5bd0d392a6.jpg,sports,rowing,0.700934579439252
sports/rowing/c6c86a2edd04f726.jpg,sports,rowing,0.717171717171717
sports/rowing/c94d77cbfa784521.jpg,sports,rowing,0.87378640776699
sports/rowing/cc4c4cdc33cc4b40.jpg,sports,rowing,0.619718309859155
sports/rowing/e05959944abb7053.jpg,sports,rowing,0.725274725274725
sports/rowing/e07e9a02ea5b836c.jpg,sports,rowing,0.696078431372549
sports/rowing/ebda4cc826b4f92f.jpg,sports,rowing,0.730769230769231
sports/rowing/ec54c40892d901ad.jpg,sports,rowing,0.540229885057471
sports/rowing/n00445351_11520.jpg,sports,rowing,0.797979797979798
sports/rowing/n00445351_12076.jpg,sports,rowing,0.688679245283019
sports/rowing/n00445351_12160.jpg,sports,rowing,0.849056603773585
sports/rowing/n00445351_12278.jpg,sports,rowing,0.651685393258427
sports/rowing/n00445351_12353.jpg,sports,rowing,0.63963963963964
sports/rowing/n00445351_12357.jpg,sports,rowing,0.523809523809524
sports/rowing/n00445351_12544.jpg,sports,rowing,0.682352941176471
sports/rowing/n00445351_13068.jpg,sports,rowing,0.692307692307692
sports/rowing/n00445351_13510.jpg,sports,rowing,0.802197802197802
sports/rowing/n00445351_13626.jpg,sports,rowing,0.834710743801653
sports/rowing/n00445351_13743.jpg,sports,rowing,0.732673267326733
sports/rowing/n00445351_29045.jpg,sports,rowing,0.563492063492063
sports/rowing/n00445351_4303.jpg,sports,rowing,0.741935483870968
sports/rowing/n00445351_4499.jpg,sports,rowing,0.729166666666667
sports/rowing/n00445351_4658.jpg,sports,rowing,0.80188679245283
sports/rowing/n00445351_4688.jpg,sports,rowing,0.525423728813559
sports/rowing/n00445351_4948.jpg,sports,rowing,0.688679245283019
sports/rowing/n00445351_4989.jpg,sports,rowing,0.584415584415584
sports/rowing/n00445351_5398.jpg,sports,rowing,0.692982456140351
sports/rowing/n00445351_5585.jpg,sports,rowing,0.674157303370786
sports/rowing/n00445351_5635.jpg,sports,rowing,0.679245283018868
sports/rowing/n00445351_5640.jpg,sports,rowing,0.586538461538462
sports/rowing/n00445351_5646.jpg,sports,rowing,0.663461538461538
sports/rowing/n00445351_5647.jpg,sports,rowing,0.529411764705882
sports/rowing/n00445351_6131.jpg,sports,rowing,0.732558139534884
sports/rowing/n00445351_6286.jpg,sports,rowing,0.821782178217822
sports/rowing/n00445351_6771.jpg,sports,rowing,0.820754716981132
sports/rowing/n00445351_7035.jpg,sports,rowing,0.473684210526316
sports/rowing/n00445351_7278.jpg,sports,rowing,0.527472527472527
sports/rowing/n00445351_7300.jpg,sports,rowing,0.803921568627451
sports/rowing/n00445351_7762.jpg,sports,rowing,0.787234042553192
sports/rowing/n00445351_7834.jpg,sports,rowing,0.754545454545455
sports/rowing/n00445351_8035.jpg,sports,rowing,0.693069306930693
sports/rowing/n00445351_8103.jpg,sports,rowing,0.739130434782609
sports/rowing/n00445351_8391.jpg,sports,rowing,0.6875
sports/rowing/n00445351_8468.jpg,sports,rowing,0.740384615384615
sports/rowing/n00445351_8627.jpg,sports,rowing,0.858823529411765
sports/rowing/n00445351_8665.jpg,sports,rowing,0.791208791208791
sports/rowing/n00445351_9432.jpg,sports,rowing,0.604938271604938
sports/rugby/000000057185.jpg,sports,rugby,0.714285714285714
sports/rugby/000000161333.jpg,sports,rugby,0.647727272727273
sports/rugby/000000186109.jpg,sports,rugby,0.61
sports/rugby/000000211283.jpg,sports,rugby,0.9
sports/rugby/000000246980.jpg,sports,rugby,0.755555555555556
sports/rugby/000000388422.jpg,sports,rugby,0.797979797979798
sports/rugby/000000405762.jpg,sports,rugby,0.722772277227723
sports/rugby/00156ac2ee0c3d58.jpg,sports,rugby,0.752293577981651
sports/rugby/0c986f4c7d7610b3.jpg,sports,rugby,0.566037735849057
sports/rugby/1c5cc0ce410f529c.jpg,sports,rugby,0.725490196078431
sports/rugby/22ac236b8a16cf5b.jpg,sports,rugby,0.666666666666667
sports/rugby/22dd1e06fc2e28a1.jpg,sports,rugby,0.714285714285714
sports/rugby/273ec8863a86711c.jpg,sports,rugby,0.783132530120482
sports/rugby/2d247c6c85e9db4f.jpg,sports,rugby,0.654205607476635
sports/rugby/2d7a6c57f56faf45.jpg,sports,rugby,0.78494623655914
sports/rugby/2d8e0ed06405b1d9.jpg,sports,rugby,0.474226804123711
sports/rugby/34699137ab6d2134.jpg,sports,rugby,0.813953488372093
sports/rugby/37fc6aef44db3fe0.jpg,sports,rugby,0.663551401869159
sports/rugby/49bf04a42c9d83c1.jpg,sports,rugby,0.473118279569892
sports/rugby/517e9176710959b7.jpg,sports,rugby,0.732673267326733
sports/rugby/57251d1cf556fa5e.jpg,sports,rugby,0.902912621359223
sports/rugby/5b3d8eacb52b1468.jpg,sports,rugby,0.612244897959184
sports/rugby/61052fcae53fe1d1.jpg,sports,rugby,0.690721649484536
sports/rugby/6b7c09cc768e8537.jpg,sports,rugby,0.695238095238095
sports/rugby/6e311950f4d486d3.jpg,sports,rugby,0.638095238095238
sports/rugby/705a34e58044ec9f.jpg,sports,rugby,0.759259259259259
sports/rugby/7304355d2a3f76b0.jpg,sports,rugby,0.75
sports/rugby/746d8cccf68176e7.jpg,sports,rugby,0.676190476190476
sports/rugby/75b729e50df80c11.jpg,sports,rugby,0.794117647058823
sports/rugby/76d71199ef93778b.jpg,sports,rugby,0.777777777777778
sports/rugby/7e9320f10a4f1d60.jpg,sports,rugby,0.730337078651685
sports/rugby/8033714176cfff11.jpg,sports,rugby,0.67816091954023
sports/rugby/85d247d5578830b5.jpg,sports,rugby,0.613207547169811
sports/rugby/87733c5baa723da3.jpg,sports,rugby,0.75
sports/rugby/a23d9e33c472f76b.jpg,sports,rugby,0.7
sports/rugby/a88dd69d1b786a6f.jpg,sports,rugby,0.879120879120879
sports/rugby/ab559258b93a2f38.jpg,sports,rugby,0.578947368421053
sports/rugby/ac7c8233108052d9.jpg,sports,rugby,0.654761904761905
sports/rugby/b4c10d58d358c504.jpg,sports,rugby,0.697674418604651
sports/rugby/bcab6deacb415a75.jpg,sports,rugby,0.797979797979798
sports/rugby/c0d4ba4d5b69f7a4.jpg,sports,rugby,0.638095238095238
sports/rugby/d3c4f50f3dbb1143.jpg,sports,rugby,0.66304347826087
sports/rugby/ea7bb8c2db2718fb.jpg,sports,rugby,0.662337662337662
sports/rugby/f8e3c139a7cf9807.jpg,sports,rugby,0.826923076923077
sports/rugby/f96e52bef139ae52.jpg,sports,rugby,0.706521739130435
sports/rugby/n00470966_1279.jpg,sports,rugby,0.730337078651685
sports/rugby/n00470966_14286.jpg,sports,rugby,0.577586206896552
sports/rugby/n00470966_18523.jpg,sports,rugby,0.745283018867924
sports/rugby/n00470966_18537.jpg,sports,rugby,0.670212765957447
sports/rugby/n00470966_18565.jpg,sports,rugby,0.79
sports/rugby/n00470966_18989.jpg,sports,rugby,0.659340659340659
sports/rugby/n00470966_19147.jpg,sports,rugby,0.63
sports/rugby/n00470966_19202.jpg,sports,rugby,0.659340659340659
sports/rugby/n00470966_19377.jpg,sports,rugby,0.795918367346939
sports/rugby/n00470966_19837.jpg,sports,rugby,0.755102040816326
sports/rugby/n00470966_20042.jpg,sports,rugby,0.700854700854701
sports/rugby/n00470966_20471.jpg,sports,rugby,0.685393258426966
sports/rugby/n00470966_20798.jpg,sports,rugby,0.698795180722892
sports/rugby/n00470966_20874.jpg,sports,rugby,0.761467889908257
sports/rugby/n00470966_22022.jpg,sports,rugby,0.58695652173913
sports/rugby/n00470966_23286.jpg,sports,rugby,0.583333333333333
sports/rugby/n00470966_23296.jpg,sports,rugby,0.594059405940594
sports/rugby/n00470966_24329.jpg,sports,rugby,0.48695652173913
sports/rugby/n00470966_24571.jpg,sports,rugby,0.508333333333333
sports/rugby/n00470966_24980.jpg,sports,rugby,0.747368421052632
sports/rugby/n00470966_25103.jpg,sports,rugby,0.63716814159292
sports/rugby/n00470966_25827.jpg,sports,rugby,0.646017699115044
sports/rugby/n00470966_25838.jpg,sports,rugby,0.587155963302752
sports/rugby/n00470966_25966.jpg,sports,rugby,0.717391304347826
sports/rugby/n00470966_26356.jpg,sports,rugby,0.80952380952381
sports/rugby/n00470966_27438.jpg,sports,rugby,0.765217391304348
sports/rugby/n00470966_27487.jpg,sports,rugby,0.677083333333333
sports/rugby/n00470966_4644.jpg,sports,rugby,0.529411764705882
sports/skateboarding/000000027482.jpg,sports,skateboarding,0.803571428571429
sports/skateboarding/000000034412.jpg,sports,skateboarding,0.846938775510204
sports/skateboarding/000000088335.jpg,sports,skateboarding,0.78448275862069
sports/skateboarding/000000109766.jpg,sports,skateboarding,0.881188118811881
sports/skateboarding/000000121951.jpg,sports,skateboarding,0.815533980582524
sports/skateboarding/000000127514.jpg,sports,skateboarding,0.870967741935484
sports/skateboarding/000000127550.jpg,sports,skateboarding,0.77
sports/skateboarding/000000140416.jpg,sports,skateboarding,0.75531914893617
sports/skateboarding/000000143234.jpg,sports,skateboarding,0.773584905660377
sports/skateboarding/000000143666.jpg,sports,skateboarding,0.75
sports/skateboarding/000000149726.jpg,sports,skateboarding,0.840909090909091
sports/skateboarding/000000156500.jpg,sports,skateboarding,0.847619047619048
sports/skateboarding/000000160337.jpg,sports,skateboarding,0.711340206185567
sports/skateboarding/000000172408.jpg,sports,skateboarding,0.838095238095238
sports/skateboarding/000000209778.jpg,sports,skateboarding,0.861111111111111
sports/skateboarding/000000209971.jpg,sports,skateboarding,0.621621621621622
sports/skateboarding/000000215151.jpg,sports,skateboarding,0.802325581395349
sports/skateboarding/000000241882.jpg,sports,skateboarding,0.795698924731183
sports/skateboarding/000000247397.jpg,sports,skateboarding,0.803738317757009
sports/skateboarding/000000254638.jpg,sports,skateboarding,0.778947368421053
sports/skateboarding/000000262119.jpg,sports,skateboarding,0.561797752808989
sports/skateboarding/000000273814.jpg,sports,skateboarding,0.715789473684211
sports/skateboarding/000000304694.jpg,sports,skateboarding,0.611111111111111
sports/skateboarding/000000362005.jpg,sports,skateboarding,0.849462365591398
sports/skateboarding/000000369295.jpg,sports,skateboarding,0.6875
sports/skateboarding/000000374270.jpg,sports,skateboarding,0.77
sports/skateboarding/000000376185.jpg,sports,skateboarding,0.645161290322581
sports/skateboarding/000000379272.jpg,sports,skateboarding,0.855555555555556
sports/skateboarding/000000381509.jpg,sports,skateboarding,0.829787234042553
sports/skateboarding/000000382041.jpg,sports,skateboarding,0.71
sports/skateboarding/000000392148.jpg,sports,skateboarding,0.844660194174757
sports/skateboarding/000000407067.jpg,sports,skateboarding,0.782178217821782
sports/skateboarding/000000446108.jpg,sports,skateboarding,0.846153846153846
sports/skateboarding/000000479957.jpg,sports,skateboarding,0.817204301075269
sports/skateboarding/000000493845.jpg,sports,skateboarding,0.810526315789474
sports/skateboarding/000000495523.jpg,sports,skateboarding,0.722772277227723
sports/skateboarding/000000506710.jpg,sports,skateboarding,0.796296296296296
sports/skateboarding/000000514083.jpg,sports,skateboarding,0.752577319587629
sports/skateboarding/000000518761.jpg,sports,skateboarding,0.610526315789474
sports/skateboarding/000000528276.jpg,sports,skateboarding,0.607142857142857
sports/skateboarding/000000540027.jpg,sports,skateboarding,0.825242718446602
sports/skateboarding/000000553609.jpg,sports,skateboarding,0.672897196261682
sports/skateboarding/000000576322.jpg,sports,skateboarding,0.705128205128205
sports/skateboarding/000000581667.jpg,sports,skateboarding,0.703703703703704
sports/skateboarding/060871e66b31ee84.jpg,sports,skateboarding,0.75
sports/skateboarding/0af7495ce8c2f098.jpg,sports,skateboarding,0.73
sports/skateboarding/1a763572bc101798.jpg,sports,skateboarding,0.75
sports/skateboarding/1c5af1d984d53333.jpg,sports,skateboarding,0.52
sports/skateboarding/21127e0539efd8b3.jpg,sports,skateboarding,0.719626168224299
sports/skateboarding/256f1eeaf5cb433c.jpg,sports,skateboarding,0.777777777777778
sports/skateboarding/2f823f61672c9629.jpg,sports,skateboarding,0.783505154639175
sports/skateboarding/2fdb25f2d29f9efa.jpg,sports,skateboarding,0.831578947368421
sports/skateboarding/3542231e42dc54cf.jpg,sports,skateboarding,0.648351648351648
sports/skateboarding/426f6b665d06fbaf.jpg,sports,skateboarding,0.741071428571429
sports/skateboarding/436dc60472022f84.jpg,sports,skateboarding,0.736842105263158
sports/skateboarding/44a9991210c2e2e0.jpg,sports,skateboarding,0.651785714285714
sports/skateboarding/4fa04a0d40bc46df.jpg,sports,skateboarding,0.632183908045977
sports/skateboarding/50879bd476ef5eb4.jpg,sports,skateboarding,0.679245283018868
sports/skateboarding/52a99c70ee4a0746.jpg,sports,skateboarding,0.659090909090909
sports/skateboarding/5fdee4a3f5e3bb28.jpg,sports,skateboarding,0.655913978494624
sports/skateboarding/65fcca1ed7a8a54f.jpg,sports,skateboarding,0.807692307692308
sports/skateboarding/67fc00cbfdf7252d.jpg,sports,skateboarding,0.765765765765766
sports/skateboarding/6c27f89d9081572e.jpg,sports,skateboarding,0.763440860215054
sports/skateboarding/6f8f4097a2f50e91.jpg,sports,skateboarding,0.738636363636364
sports/skateboarding/70878bd6dcf73fc4.jpg,sports,skateboarding,0.824742268041237
sports/skateboarding/7c718f850fba4d2f.jpg,sports,skateboarding,0.626666666666667
sports/skateboarding/92c4c71c141773b1.jpg,sports,skateboarding,0.66304347826087
sports/skateboarding/93c9ebd009f6412e.jpg,sports,skateboarding,0.63855421686747
sports/skateboarding/94c53be316c9a02e.jpg,sports,skateboarding,0.772151898734177
sports/skateboarding/963f9636a96553de.jpg,sports,skateboarding,0.828282828282828
sports/skateboarding/a0c5e577c169edb2.jpg,sports,skateboarding,0.783018867924528
sports/skateboarding/a12da810b2390985.jpg,sports,skateboarding,0.673076923076923
sports/skateboarding/a90def9b4dddf21b.jpg,sports,skateboarding,0.76530612244898
sports/skateboarding/a95dc5629f599ea4.jpg,sports,skateboarding,0.74468085106383
sports/skateboarding/af3a6f8922f38a81.jpg,sports,skateboarding,0.592233009708738
sports/skateboarding/c39d4dd92ff65266.jpg,sports,skateboarding,0.712962962962963
sports/skateboarding/ca2ccf69c8636379.jpg,sports,skateboarding,0.752293577981651
sports/skateboarding/cc16b9ccba01f7ff.jpg,sports,skateboarding,0.715686274509804
sports/skateboarding/cc905bfd9f19bedb.jpg,sports,skateboarding,0.710280373831776
sports/skateboarding/d7e97fa9559f44c9.jpg,sports,skateboarding,0.728155339805825
sports/skateboarding/ddba33eeca39c042.jpg,sports,skateboarding,0.734042553191489
sports/skateboarding/e0805595ca05c4ac.jpg,sports,skateboarding,0.712962962962963
sports/skateboarding/e6293178deb32c89.jpg,sports,skateboarding,0.867256637168142
sports/skateboarding/ed2fcee42f94162d.jpg,sports,skateboarding,0.693693693693694
sports/skateboarding/f4333d13560136a2.jpg,sports,skateboarding,0.775280898876405
sports/skiing/000000002890.jpg,sports,skiing,0.87
sports/skiing/000000027798.jpg,sports,skiing,0.484536082474227
sports/skiing/000000046038.jpg,sports,skiing,0.739583333333333
sports/skiing/000000048656.jpg,sports,skiing,0.613636363636364
sports/skiing/000000050159.jpg,sports,skiing,0.735849056603774
sports/skiing/000000053875.jpg,sports,skiing,0.68141592920354
sports/skiing/000000070652.jpg,sports,skiing,0.627450980392157
sports/skiing/000000085706.jpg,sports,skiing,0.813953488372093
sports/skiing/000000096702.jpg,sports,skiing,0.70873786407767
sports/skiing/000000101979.jpg,sports,skiing,0.648936170212766
sports/skiing/000000115319.jpg,sports,skiing,0.714285714285714
sports/skiing/000000117849.jpg,sports,skiing,0.617391304347826
sports/skiing/000000132710.jpg,sports,skiing,0.571428571428571
sports/skiing/000000160624.jpg,sports,skiing,0.493975903614458
sports/skiing/000000166376.jpg,sports,skiing,0.830188679245283
sports/skiing/000000195394.jpg,sports,skiing,0.648936170212766
sports/skiing/000000196212.jpg,sports,skiing,0.632183908045977
sports/skiing/000000201628.jpg,sports,skiing,0.78021978021978
sports/skiing/000000227683.jpg,sports,skiing,0.653465346534653
sports/skiing/000000240817.jpg,sports,skiing,0.663716814159292
sports/skiing/000000251103.jpg,sports,skiing,0.673684210526316
sports/skiing/000000261256.jpg,sports,skiing,0.633928571428571
sports/skiing/000000262688.jpg,sports,skiing,0.553191489361702
sports/skiing/000000265796.jpg,sports,skiing,0.757894736842105
sports/skiing/000000267556.jpg,sports,skiing,0.695652173913043
sports/skiing/000000277575.jpg,sports,skiing,0.816326530612245
sports/skiing/000000279749.jpg,sports,skiing,0.733333333333333
sports/skiing/000000283750.jpg,sports,skiing,0.724489795918367
sports/skiing/000000291373.jpg,sports,skiing,0.682692307692308
sports/skiing/000000292618.jpg,sports,skiing,0.523809523809524
sports/skiing/000000295476.jpg,sports,skiing,0.791666666666667
sports/skiing/000000296403.jpg,sports,skiing,0.652631578947368
sports/skiing/000000304924.jpg,sports,skiing,0.685185185185185
sports/skiing/000000318570.jpg,sports,skiing,0.730434782608696
sports/skiing/000000369333.jpg,sports,skiing,0.737373737373737
sports/skiing/000000369952.jpg,sports,skiing,0.601941747572815
sports/skiing/000000377119.jpg,sports,skiing,0.580645161290323
sports/skiing/000000388893.jpg,sports,skiing,0.710526315789474
sports/skiing/000000389738.jpg,sports,skiing,0.641509433962264
sports/skiing/000000400290.jpg,sports,skiing,0.721649484536082
sports/skiing/000000413852.jpg,sports,skiing,0.58695652173913
sports/skiing/000000418091.jpg,sports,skiing,0.638888888888889
sports/skiing/000000418143.jpg,sports,skiing,0.593023255813954
sports/skiing/000000421908.jpg,sports,skiing,0.604395604395604
sports/skiing/000000434333.jpg,sports,skiing,0.688073394495413
sports/skiing/000000436203.jpg,sports,skiing,0.548672566371681
sports/skiing/000000437701.jpg,sports,skiing,0.633663366336634
sports/skiing/000000455302.jpg,sports,skiing,0.778688524590164
sports/skiing/000000455959.jpg,sports,skiing,0.833333333333333
sports/skiing/000000457530.jpg,sports,skiing,0.633333333333333
sports/skiing/000000472191.jpg,sports,skiing,0.595959595959596
sports/skiing/000000475685.jpg,sports,skiing,0.588785046728972
sports/skiing/000000477172.jpg,sports,skiing,0.865979381443299
sports/skiing/000000485201.jpg,sports,skiing,0.7
sports/skiing/000000492261.jpg,sports,skiing,0.601941747572815
sports/skiing/000000497199.jpg,sports,skiing,0.678899082568807
sports/skiing/000000505128.jpg,sports,skiing,0.690909090909091
sports/skiing/000000508119.jpg,sports,skiing,0.618556701030928
sports/skiing/000000512537.jpg,sports,skiing,0.71875
sports/skiing/000000571245.jpg,sports,skiing,0.75
sports/skiing/000000573841.jpg,sports,skiing,0.688679245283019
sports/skiing/000000576001.jpg,sports,skiing,0.519230769230769
sports/skiing/000000576237.jpg,sports,skiing,0.66
sports/skiing/000000577073.jpg,sports,skiing,0.659574468085106
sports/skiing/16a6efc582ed6144.jpg,sports,skiing,0.762376237623762
sports/skiing/313e3ff66d04b28a.jpg,sports,skiing,0.653465346534653
sports/skiing/5fe2bb05a90424f4.jpg,sports,skiing,0.766990291262136
sports/skiing/7f3847662c324790.jpg,sports,skiing,0.519230769230769
sports/skiing/c6337c21f8473269.jpg,sports,skiing,0.607843137254902
sports/skiing/c792c04f4ba33ad1.jpg,sports,skiing,0.699029126213592
sports/skiing/d0307baccf40093d.jpg,sports,skiing,0.630434782608696
sports/skiing/dda166bd5f1b2fd4.jpg,sports,skiing,0.538461538461538
sports/skiing/e43d458f128020a7.jpg,sports,skiing,0.577319587628866
sports/skiing/eb43627156cae2d8.jpg,sports,skiing,0.681034482758621
sports/skiing/ed85448ac53d7e98.jpg,sports,skiing,0.6
sports/skiing/n00440941_10100.jpg,sports,skiing,0.757281553398058
sports/skiing/n00440941_10387.jpg,sports,skiing,0.722222222222222
sports/skiing/n00440941_10444.jpg,sports,skiing,0.60377358490566
sports/skiing/n00440941_10802.jpg,sports,skiing,0.719626168224299
sports/skiing/n00440941_11436.jpg,sports,skiing,0.780701754385965
sports/skiing/n00440941_11528.jpg,sports,skiing,0.726415094339623
sports/skiing/n00440941_11599.jpg,sports,skiing,0.760869565217391
sports/skiing/n00440941_12149.jpg,sports,skiing,0.627450980392157
sports/skiing/n00440941_3268.jpg,sports,skiing,0.79047619047619
sports/skiing/n00440941_3878.jpg,sports,skiing,0.753086419753086
sports/skiing/n00440941_4072.jpg,sports,skiing,0.659340659340659
sports/skiing/n00440941_4098.jpg,sports,skiing,0.706896551724138
sports/skiing/n00440941_4533.jpg,sports,skiing,0.578313253012048
sports/skiing/n00440941_4542.jpg,sports,skiing,0.747126436781609
sports/skiing/n00440941_6794.jpg,sports,skiing,0.707547169811321
sports/skiing/n00440941_6936.jpg,sports,skiing,0.655172413793103
sports/skiing/n00440941_7716.jpg,sports,skiing,0.872549019607843
sports/skiing/n00440941_7814.jpg,sports,skiing,0.745283018867924
sports/skiing/n00440941_8075.jpg,sports,skiing,0.870967741935484
sports/skiing/n00440941_8171.jpg,sports,skiing,0.653061224489796
sports/skiing/n00440941_8621.jpg,sports,skiing,0.792682926829268
sports/skiing/n00440941_9647.jpg,sports,skiing,0.584269662921348
sports/skiing/n00440941_9822.jpg,sports,skiing,0.766990291262136
sports/skiing/n00440941_9933.jpg,sports,skiing,0.689655172413793
sports/skiing/n00440941_9976.jpg,sports,skiing,0.653846153846154
sports/snowboarding/000000006920.jpg,sports,snowboarding,0.666666666666667
sports/snowboarding/000000034428.jpg,sports,snowboarding,0.638095238095238
sports/snowboarding/000000035663.jpg,sports,snowboarding,0.742857142857143
sports/snowboarding/000000038350.jpg,sports,snowboarding,0.752688172043011
sports/snowboarding/000000039191.jpg,sports,snowboarding,0.727272727272727
sports/snowboarding/000000039958.jpg,sports,snowboarding,0.655913978494624
sports/snowboarding/000000082039.jpg,sports,snowboarding,0.588785046728972
sports/snowboarding/000000093075.jpg,sports,snowboarding,0.714285714285714
sports/snowboarding/000000109872.jpg,sports,snowboarding,0.608247422680412
sports/snowboarding/000000124224.jpg,sports,snowboarding,0.737373737373737
sports/snowboarding/000000126319.jpg,sports,snowboarding,0.663461538461538
sports/snowboarding/000000134098.jpg,sports,snowboarding,0.717391304347826
sports/snowboarding/000000150943.jpg,sports,snowboarding,0.534653465346535
sports/snowboarding/000000173375.jpg,sports,snowboarding,0.663366336633663
sports/snowboarding/000000182167.jpg,sports,snowboarding,0.774509803921569
sports/snowboarding/000000200959.jpg,sports,snowboarding,0.642857142857143
sports/snowboarding/000000208342.jpg,sports,snowboarding,0.647619047619048
sports/snowboarding/000000210810.jpg,sports,snowboarding,0.525773195876289
sports/snowboarding/000000215334.jpg,sports,snowboarding,0.878048780487805
sports/snowboarding/000000220382.jpg,sports,snowboarding,0.711538461538462
sports/snowboarding/000000226617.jpg,sports,snowboarding,0.73469387755102
sports/snowboarding/000000227855.jpg,sports,snowboarding,0.726315789473684
sports/snowboarding/000000228166.jpg,sports,snowboarding,0.483050847457627
sports/snowboarding/000000234673.jpg,sports,snowboarding,0.52112676056338
sports/snowboarding/000000240379.jpg,sports,snowboarding,0.564814814814815
sports/snowboarding/000000241823.jpg,sports,snowboarding,0.586538461538462
sports/snowboarding/000000263275.jpg,sports,snowboarding,0.844036697247706
sports/snowboarding/000000283107.jpg,sports,snowboarding,0.5
sports/snowboarding/000000292009.jpg,sports,snowboarding,0.59375
sports/snowboarding/000000302582.jpg,sports,snowboarding,0.576923076923077
sports/snowboarding/000000319095.jpg,sports,snowboarding,0.673469387755102
sports/snowboarding/000000330719.jpg,sports,snowboarding,0.541666666666667
sports/snowboarding/000000342220.jpg,sports,snowboarding,0.631578947368421
sports/snowboarding/000000354741.jpg,sports,snowboarding,0.693181818181818
sports/snowboarding/000000365557.jpg,sports,snowboarding,0.574468085106383
sports/snowboarding/000000366379.jpg,sports,snowboarding,0.63953488372093
sports/snowboarding/000000385881.jpg,sports,snowboarding,0.783505154639175
sports/snowboarding/000000393333.jpg,sports,snowboarding,0.583333333333333
sports/snowboarding/000000400686.jpg,sports,snowboarding,0.576086956521739
sports/snowboarding/000000404471.jpg,sports,snowboarding,0.384615384615385
sports/snowboarding/000000408049.jpg,sports,snowboarding,0.626262626262626
sports/snowboarding/000000420552.jpg,sports,snowboarding,0.685393258426966
sports/snowboarding/000000421535.jpg,sports,snowboarding,0.790697674418605
sports/snowboarding/000000422560.jpg,sports,snowboarding,0.678899082568807
sports/snowboarding/000000437440.jpg,sports,snowboarding,0.727272727272727
sports/snowboarding/000000446358.jpg,sports,snowboarding,0.727272727272727
sports/snowboarding/000000455108.jpg,sports,snowboarding,0.743589743589744
sports/snowboarding/000000465765.jpg,sports,snowboarding,0.65
sports/snowboarding/000000479149.jpg,sports,snowboarding,0.727272727272727
sports/snowboarding/000000486070.jpg,sports,snowboarding,0.716981132075472
sports/snowboarding/000000490523.jpg,sports,snowboarding,0.739583333333333
sports/snowboarding/000000491168.jpg,sports,snowboarding,0.622448979591837
sports/snowboarding/000000493004.jpg,sports,snowboarding,0.708860759493671
sports/snowboarding/000000495336.jpg,sports,snowboarding,0.741573033707865
sports/snowboarding/000000510061.jpg,sports,snowboarding,0.71264367816092
sports/snowboarding/000000522054.jpg,sports,snowboarding,0.69
sports/snowboarding/000000531696.jpg,sports,snowboarding,0.725490196078431
sports/snowboarding/000000541474.jpg,sports,snowboarding,0.619565217391304
sports/snowboarding/000000557732.jpg,sports,snowboarding,0.626168224299065
sports/snowboarding/000000564289.jpg,sports,snowboarding,0.63265306122449
sports/soccer/000000003375.jpg,sports,soccer,0.638095238095238
sports/soccer/000000003488.jpg,sports,soccer,0.647619047619048
sports/soccer/000000010837.jpg,sports,soccer,0.616161616161616
sports/soccer/000000016465.jpg,sports,soccer,0.554545454545455
sports/soccer/000000024239.jpg,sports,soccer,0.783132530120482
sports/soccer/000000025358.jpg,sports,soccer,0.464646464646465
sports/soccer/000000027486.jpg,sports,soccer,0.615384615384615
sports/soccer/000000041231.jpg,sports,soccer,0.620253164556962
sports/soccer/000000047953.jpg,sports,soccer,0.8
sports/soccer/000000047981.jpg,sports,soccer,0.712871287128713
sports/soccer/000000056452.jpg,sports,soccer,0.7
sports/soccer/000000056848.jpg,sports,soccer,0.703703703703704
sports/soccer/000000060904.jpg,sports,soccer,0.701030927835051
sports/soccer/000000063791.jpg,sports,soccer,0.656862745098039
sports/soccer/000000067084.jpg,sports,soccer,0.724137931034483
sports/soccer/000000068408.jpg,sports,soccer,0.764044943820225
sports/soccer/000000070812.jpg,sports,soccer,0.655555555555556
sports/soccer/000000089027.jpg,sports,soccer,0.704081632653061
sports/soccer/000000095321.jpg,sports,soccer,0.537634408602151
sports/soccer/000000096250.jpg,sports,soccer,0.717647058823529
sports/soccer/000000105200.jpg,sports,soccer,0.563829787234043
sports/soccer/000000111224.jpg,sports,soccer,0.801980198019802
sports/soccer/000000115854.jpg,sports,soccer,0.680412371134021
sports/soccer/000000123366.jpg,sports,soccer,0.511627906976744
sports/soccer/000000129722.jpg,sports,soccer,0.805825242718447
sports/soccer/000000135483.jpg,sports,soccer,0.67032967032967
sports/soccer/000000144694.jpg,sports,soccer,0.775510204081633
sports/soccer/000000152844.jpg,sports,soccer,0.522935779816514
sports/soccer/000000154496.jpg,sports,soccer,0.606741573033708
sports/soccer/000000155262.jpg,sports,soccer,0.514851485148515
sports/soccer/000000160694.jpg,sports,soccer,0.666666666666667
sports/soccer/000000162578.jpg,sports,soccer,0.598039215686274
sports/soccer/000000165319.jpg,sports,soccer,0.574468085106383
sports/soccer/000000192200.jpg,sports,soccer,0.451923076923077
sports/soccer/000000193824.jpg,sports,soccer,0.684210526315789
sports/soccer/000000198323.jpg,sports,soccer,0.673267326732673
sports/soccer/000000199331.jpg,sports,soccer,0.702970297029703
sports/soccer/000000200611.jpg,sports,soccer,0.707547169811321
sports/soccer/000000200745.jpg,sports,soccer,0.758241758241758
sports/soccer/000000202328.jpg,sports,soccer,0.674157303370786
sports/soccer/000000204137.jpg,sports,soccer,0.627906976744186
sports/soccer/000000226498.jpg,sports,soccer,0.476190476190476
sports/soccer/000000230863.jpg,sports,soccer,0.660377358490566
sports/soccer/000000242716.jpg,sports,soccer,0.60952380952381
sports/soccer/000000250639.jpg,sports,soccer,0.778947368421053
sports/soccer/000000257387.jpg,sports,soccer,0.729166666666667
sports/soccer/000000275933.jpg,sports,soccer,0.568965517241379
sports/soccer/000000295241.jpg,sports,soccer,0.773109243697479
sports/soccer/000000300848.jpg,sports,soccer,0.745614035087719
sports/soccer/000000313278.jpg,sports,soccer,0.585365853658537
sports/soccer/000000319031.jpg,sports,soccer,0.622641509433962
sports/soccer/000000335709.jpg,sports,soccer,0.742574257425743
sports/soccer/000000343264.jpg,sports,soccer,0.787878787878788
sports/soccer/000000350444.jpg,sports,soccer,0.675925925925926
sports/soccer/000000355902.jpg,sports,soccer,0.826086956521739
sports/soccer/000000356908.jpg,sports,soccer,0.643564356435644
sports/soccer/000000359414.jpg,sports,soccer,0.707547169811321
sports/soccer/000000371874.jpg,sports,soccer,0.723809523809524
sports/soccer/000000378626.jpg,sports,soccer,0.804597701149425
sports/soccer/000000380325.jpg,sports,soccer,0.640449438202247
sports/soccer/000000381430.jpg,sports,soccer,0.65979381443299
sports/soccer/000000382462.jpg,sports,soccer,0.670103092783505
sports/soccer/000000385795.jpg,sports,soccer,0.808988764044944
sports/soccer/000000388564.jpg,sports,soccer,0.663265306122449
sports/soccer/000000389048.jpg,sports,soccer,0.718181818181818
sports/soccer/000000398609.jpg,sports,soccer,0.762376237623762
sports/soccer/000000406908.jpg,sports,soccer,0.547368421052632
sports/soccer/000000411009.jpg,sports,soccer,0.761904761904762
sports/soccer/000000414314.jpg,sports,soccer,0.774193548387097
sports/soccer/000000417616.jpg,sports,soccer,0.7
sports/soccer/000000419037.jpg,sports,soccer,0.692307692307692
sports/soccer/000000420002.jpg,sports,soccer,0.633333333333333
sports/soccer/000000422341.jpg,sports,soccer,0.775862068965517
sports/soccer/000000423855.jpg,sports,soccer,0.633663366336634
sports/soccer/000000426635.jpg,sports,soccer,0.702702702702703
sports/soccer/000000444274.jpg,sports,soccer,0.594059405940594
sports/soccer/000000444927.jpg,sports,soccer,0.880952380952381
sports/soccer/000000447464.jpg,sports,soccer,0.821782178217822
sports/soccer/000000464789.jpg,sports,soccer,0.733333333333333
sports/soccer/000000476233.jpg,sports,soccer,0.590909090909091
sports/soccer/000000489186.jpg,sports,soccer,0.581632653061224
sports/soccer/000000489799.jpg,sports,soccer,0.64367816091954
sports/soccer/000000499523.jpg,sports,soccer,0.699115044247788
sports/soccer/000000505020.jpg,sports,soccer,0.79
sports/soccer/000000508343.jpg,sports,soccer,0.699029126213592
sports/soccer/000000515075.jpg,sports,soccer,0.648936170212766
sports/soccer/000000524966.jpg,sports,soccer,0.727272727272727
sports/soccer/000000526968.jpg,sports,soccer,0.787234042553192
sports/soccer/000000533396.jpg,sports,soccer,0.775280898876405
sports/soccer/000000538615.jpg,sports,soccer,0.630630630630631
sports/soccer/000000555537.jpg,sports,soccer,0.741573033707865
sports/soccer/000000555696.jpg,sports,soccer,0.680412371134021
sports/soccer/000000557586.jpg,sports,soccer,0.60952380952381
sports/soccer/000000560787.jpg,sports,soccer,0.707070707070707
sports/soccer/000000562614.jpg,sports,soccer,0.716814159292035
sports/soccer/000000563628.jpg,sports,soccer,0.682242990654206
sports/soccer/000000574282.jpg,sports,soccer,0.8
sports/soccer/000000576630.jpg,sports,soccer,0.753086419753086
sports/surfing/000000002191.jpg,sports,surfing,0.676190476190476
sports/surfing/000000010624.jpg,sports,surfing,0.633333333333333
sports/surfing/000000014835.jpg,sports,surfing,0.86
sports/surfing/000000017460.jpg,sports,surfing,0.585858585858586
sports/surfing/000000018444.jpg,sports,surfing,0.876288659793814
sports/surfing/000000019955.jpg,sports,surfing,0.669902912621359
sports/surfing/000000034267.jpg,sports,surfing,0.784090909090909
sports/surfing/000000039098.jpg,sports,surfing,0.712871287128713
sports/surfing/000000039860.jpg,sports,surfing,0.7625
sports/surfing/000000044353.jpg,sports,surfing,0.635514018691589
sports/surfing/000000047526.jpg,sports,surfing,0.519230769230769
sports/surfing/000000050756.jpg,sports,surfing,0.571428571428571
sports/surfing/000000052614.jpg,sports,surfing,0.68141592920354
sports/surfing/000000061566.jpg,sports,surfing,0.684782608695652
sports/surfing/000000062198.jpg,sports,surfing,0.588235294117647
sports/surfing/000000063299.jpg,sports,surfing,0.5
sports/surfing/000000066347.jpg,sports,surfing,0.690721649484536
sports/surfing/000000076934.jpg,sports,surfing,0.726190476190476
sports/surfing/000000078684.jpg,sports,surfing,0.686868686868687
sports/surfing/000000080941.jpg,sports,surfing,0.581818181818182
sports/surfing/000000085455.jpg,sports,surfing,0.679611650485437
sports/surfing/000000092067.jpg,sports,surfing,0.707070707070707
sports/surfing/000000095201.jpg,sports,surfing,0.653846153846154
sports/surfing/000000102190.jpg,sports,surfing,0.598290598290598
sports/surfing/000000110480.jpg,sports,surfing,0.67
sports/surfing/000000110877.jpg,sports,surfing,0.645454545454546
sports/surfing/000000111598.jpg,sports,surfing,0.796116504854369
sports/surfing/000000118239.jpg,sports,surfing,0.572727272727273
sports/surfing/000000119373.jpg,sports,surfing,0.602150537634409
sports/surfing/000000121827.jpg,sports,surfing,0.73469387755102
sports/surfing/000000122896.jpg,sports,surfing,0.844660194174757
sports/surfing/000000126755.jpg,sports,surfing,0.634408602150538
sports/surfing/000000134265.jpg,sports,surfing,0.536842105263158
sports/surfing/000000141893.jpg,sports,surfing,0.730434782608696
sports/surfing/000000155998.jpg,sports,surfing,0.554455445544555
sports/surfing/000000158183.jpg,sports,surfing,0.775700934579439
sports/surfing/000000162215.jpg,sports,surfing,0.534653465346535
sports/surfing/000000170208.jpg,sports,surfing,0.572815533980582
sports/surfing/000000175470.jpg,sports,surfing,0.721153846153846
sports/surfing/000000182837.jpg,sports,surfing,0.684210526315789
sports/surfing/000000184030.jpg,sports,surfing,0.78021978021978
sports/surfing/000000206893.jpg,sports,surfing,0.841121495327103
sports/surfing/000000212095.jpg,sports,surfing,0.75531914893617
sports/surfing/000000213570.jpg,sports,surfing,0.697916666666667
sports/surfing/000000223192.jpg,sports,surfing,0.67816091954023
sports/surfing/000000232592.jpg,sports,surfing,0.795698924731183
sports/surfing/000000240275.jpg,sports,surfing,0.792079207920792
sports/surfing/000000243914.jpg,sports,surfing,0.826923076923077
sports/surfing/000000246339.jpg,sports,surfing,0.673267326732673
sports/surfing/000000246456.jpg,sports,surfing,0.835164835164835
sports/surfing/000000264279.jpg,sports,surfing,0.651685393258427
sports/surfing/000000272599.jpg,sports,surfing,0.838709677419355
sports/surfing/000000279661.jpg,sports,surfing,0.683168316831683
sports/surfing/000000288662.jpg,sports,surfing,0.613861386138614
sports/surfing/000000299869.jpg,sports,surfing,0.766666666666667
sports/surfing/000000315466.jpg,sports,surfing,0.576086956521739
sports/surfing/000000318965.jpg,sports,surfing,0.638297872340426
sports/surfing/000000325242.jpg,sports,surfing,0.725274725274725
sports/surfing/000000326420.jpg,sports,surfing,0.846938775510204
sports/surfing/000000348631.jpg,sports,surfing,0.656862745098039
sports/surfing/000000358674.jpg,sports,surfing,0.614583333333333
sports/surfing/000000361592.jpg,sports,surfing,0.617021276595745
sports/surfing/000000372443.jpg,sports,surfing,0.680412371134021
sports/surfing/000000374388.jpg,sports,surfing,0.86734693877551
sports/surfing/000000390689.jpg,sports,surfing,0.731958762886598
sports/surfing/000000391284.jpg,sports,surfing,0.774193548387097
sports/surfing/000000410255.jpg,sports,surfing,0.959183673469388
sports/surfing/000000430610.jpg,sports,surfing,0.725490196078431
sports/surfing/000000437540.jpg,sports,surfing,0.793103448275862
sports/surfing/000000440314.jpg,sports,surfing,0.73
sports/surfing/000000461443.jpg,sports,surfing,0.814814814814815
sports/surfing/000000462613.jpg,sports,surfing,0.867924528301887
sports/surfing/000000467580.jpg,sports,surfing,0.707070707070707
sports/surfing/000000470549.jpg,sports,surfing,0.730337078651685
sports/surfing/000000473035.jpg,sports,surfing,0.623529411764706
sports/surfing/000000479880.jpg,sports,surfing,0.871287128712871
sports/surfing/000000485310.jpg,sports,surfing,0.680851063829787
sports/surfing/000000492339.jpg,sports,surfing,0.704545454545455
sports/surfing/000000494707.jpg,sports,surfing,0.634408602150538
sports/surfing/000000513852.jpg,sports,surfing,0.688073394495413
sports/surfing/000000525226.jpg,sports,surfing,0.625
sports/surfing/000000535308.jpg,sports,surfing,0.692307692307692
sports/surfing/000000536641.jpg,sports,surfing,0.673913043478261
sports/surfing/000000547979.jpg,sports,surfing,0.853211009174312
sports/surfing/000000556512.jpg,sports,surfing,0.734042553191489
sports/surfing/000000568000.jpg,sports,surfing,0.848484848484849
sports/surfing/000000578736.jpg,sports,surfing,0.844155844155844
sports/surfing/000000581557.jpg,sports,surfing,0.861111111111111
sports/swimming/01d292e88feaf818.jpg,sports,swimming,0.706422018348624
sports/swimming/052d46f94d922f49.jpg,sports,swimming,0.876288659793814
sports/swimming/058158a56c4e1048.jpg,sports,swimming,0.823529411764706
sports/swimming/07f458dc46c67eb6.jpg,sports,swimming,0.755102040816326
sports/swimming/09559c676569a5dc.jpg,sports,swimming,0.708333333333333
sports/swimming/0a7bf24fd9ac2bcf.jpg,sports,swimming,0.788990825688073
sports/swimming/0e4f3a769aa251f7.jpg,sports,swimming,0.807692307692308
sports/swimming/1204e923383e80a4.jpg,sports,swimming,0.761904761904762
sports/swimming/15a31fcb17bda9ed.jpg,sports,swimming,0.886363636363636
sports/swimming/16375f4a54946a90.jpg,sports,swimming,0.679611650485437
sports/swimming/171cccd184d0af1e.jpg,sports,swimming,0.810344827586207
sports/swimming/1b9dbd5b723f8ec4.jpg,sports,swimming,0.8
sports/swimming/1ced3ecaa077f2e4.jpg,sports,swimming,0.815533980582524
sports/swimming/1ee7cc0aa473bb16.jpg,sports,swimming,0.801980198019802
sports/swimming/1f3c5e626f8a84a0.jpg,sports,swimming,0.652631578947368
sports/swimming/24073df6a9c58c6b.jpg,sports,swimming,0.824742268041237
sports/swimming/26929709ce293207.jpg,sports,swimming,0.788461538461538
sports/swimming/284d481b2a298621.jpg,sports,swimming,0.768518518518518
sports/swimming/2ffae0c29cda821f.jpg,sports,swimming,0.714285714285714
sports/swimming/3120e46a6a14d2ee.jpg,sports,swimming,0.692307692307692
sports/swimming/39b4860ffee0982c.jpg,sports,swimming,0.76
sports/swimming/3aa1ad70721a340a.jpg,sports,swimming,0.673684210526316
sports/swimming/3b08c6349cae9d39.jpg,sports,swimming,0.833333333333333
sports/swimming/3c0aea50f0d2ae05.jpg,sports,swimming,0.768292682926829
sports/swimming/3d27c190d43ac211.jpg,sports,swimming,0.770114942528736
sports/swimming/409f7b5ca2a458c6.jpg,sports,swimming,0.796296296296296
sports/swimming/42c36ba3ef87c91f.jpg,sports,swimming,0.798245614035088
sports/swimming/430bde7175269de1.jpg,sports,swimming,0.727272727272727
sports/swimming/44892588d22ff775.jpg,sports,swimming,0.819148936170213
sports/swimming/488cc63f98ddd990.jpg,sports,swimming,0.736263736263736
sports/swimming/4ae1a6c17081602f.jpg,sports,swimming,0.709401709401709
sports/swimming/4d0ed8adcbb0fd26.jpg,sports,swimming,0.843137254901961
sports/swimming/4de9eacd8a1f22d6.jpg,sports,swimming,0.784313725490196
sports/swimming/528f777d7d6da589.jpg,sports,swimming,0.836734693877551
sports/swimming/550b3a9e874134de.jpg,sports,swimming,0.702970297029703
sports/swimming/57974157103b6acf.jpg,sports,swimming,0.75
sports/swimming/582216386398392a.jpg,sports,swimming,0.831683168316832
sports/swimming/59f63a830a92100f.jpg,sports,swimming,0.943396226415094
sports/swimming/5e2b2c8db34f0e8e.jpg,sports,swimming,0.738095238095238
sports/swimming/626a3711b885a310.jpg,sports,swimming,0.669724770642202
sports/swimming/66a52f1afa8ef6ed.jpg,sports,swimming,0.759036144578313
sports/swimming/6a9bb06320a811de.jpg,sports,swimming,0.757894736842105
sports/swimming/6b8e4184771dd22a.jpg,sports,swimming,0.829787234042553
sports/swimming/70b5c729686aa098.jpg,sports,swimming,0.691358024691358
sports/swimming/74f60e61ddeb2346.jpg,sports,swimming,0.742857142857143
sports/swimming/772e8c69855b54ba.jpg,sports,swimming,0.766990291262136
sports/swimming/807f839db4fcc4d1.jpg,sports,swimming,0.771739130434783
sports/swimming/80f83da8bdc0ae70.jpg,sports,swimming,0.826446280991736
sports/swimming/8304f94f52e87b32.jpg,sports,swimming,0.722772277227723
sports/swimming/88bcf1c971644e86.jpg,sports,swimming,0.78021978021978
sports/swimming/8da44c7b01f0e936.jpg,sports,swimming,0.861386138613861
sports/swimming/8ec8d873e23d2435.jpg,sports,swimming,0.795454545454545
sports/swimming/97fd040545ec747a.jpg,sports,swimming,0.847619047619048
sports/swimming/9ac4285e20a4e1f3.jpg,sports,swimming,0.793103448275862
sports/swimming/9b2823448b008dec.jpg,sports,swimming,0.73469387755102
sports/swimming/9e9a9795ec31cae4.jpg,sports,swimming,0.685185185185185
sports/swimming/9f2542f6a8f35b2c.jpg,sports,swimming,0.867924528301887
sports/swimming/a4aee15c257b1c08.jpg,sports,swimming,0.831578947368421
sports/swimming/abc73b796c792656.jpg,sports,swimming,0.791208791208791
sports/swimming/b1638dbd347d7993.jpg,sports,swimming,0.813725490196078
sports/swimming/b58a33b4dadb7b64.jpg,sports,swimming,0.768421052631579
sports/swimming/b5ac64610c016023.jpg,sports,swimming,0.684210526315789
sports/swimming/b664690ed17187ae.jpg,sports,swimming,0.782178217821782
sports/swimming/b81c309ace9a87e9.jpg,sports,swimming,0.75
sports/swimming/b8aa260916f87c2b.jpg,sports,swimming,0.574074074074074
sports/swimming/baf1c66adb265e27.jpg,sports,swimming,0.638095238095238
sports/swimming/bd24922f1aff6df7.jpg,sports,swimming,0.803921568627451
sports/swimming/bf9ba042731cdcc2.jpg,sports,swimming,0.633333333333333
sports/swimming/c1850b014f3d5c3b.jpg,sports,swimming,0.728155339805825
sports/swimming/c995d61ef36e818c.jpg,sports,swimming,0.814432989690722
sports/swimming/ccbe4762c01bbd9e.jpg,sports,swimming,0.786407766990291
sports/swimming/d94bacfa62a8971f.jpg,sports,swimming,0.771428571428571
sports/swimming/df438d38ff6da2cc.jpg,sports,swimming,0.899082568807339
sports/swimming/e5b6070d981b49ac.jpg,sports,swimming,0.813084112149533
sports/swimming/ed5f342e81b7c851.jpg,sports,swimming,0.71
sports/swimming/ed77196681372fcd.jpg,sports,swimming,0.666666666666667
sports/swimming/ee41bf599204012c.jpg,sports,swimming,0.852631578947368
sports/swimming/f09ed5b3f7ebb290.jpg,sports,swimming,0.881720430107527
sports/swimming/f3d6f9c54b2fbd9c.jpg,sports,swimming,0.706422018348624
sports/swimming/f8de6c925b0dc353.jpg,sports,swimming,0.865384615384615
sports/tennis/000000043605.jpg,sports,tennis,0.716814159292035
sports/tennis/000000052813.jpg,sports,tennis,0.673267326732673
sports/tennis/000000053360.jpg,sports,tennis,0.747126436781609
sports/tennis/000000073647.jpg,sports,tennis,0.768421052631579
sports/tennis/000000086514.jpg,sports,tennis,0.722772277227723
sports/tennis/000000115635.jpg,sports,tennis,0.85
sports/tennis/000000117417.jpg,sports,tennis,0.8
sports/tennis/000000126995.jpg,sports,tennis,0.805825242718447
sports/tennis/000000157938.jpg,sports,tennis,0.637254901960784
sports/tennis/000000159370.jpg,sports,tennis,0.715596330275229
sports/tennis/000000171585.jpg,sports,tennis,0.625
sports/tennis/000000184218.jpg,sports,tennis,0.793478260869565
sports/tennis/000000213146.jpg,sports,tennis,0.728260869565217
sports/tennis/000000213669.jpg,sports,tennis,0.608695652173913
sports/tennis/000000236385.jpg,sports,tennis,0.8125
sports/tennis/000000236475.jpg,sports,tennis,0.909090909090909
sports/tennis/000000307652.jpg,sports,tennis,0.787234042553192
sports/tennis/000000322730.jpg,sports,tennis,0.726415094339623
sports/tennis/000000360069.jpg,sports,tennis,0.822429906542056
sports/tennis/000000371648.jpg,sports,tennis,0.761904761904762
sports/tennis/000000408526.jpg,sports,tennis,0.673469387755102
sports/tennis/000000411669.jpg,sports,tennis,0.851485148514851
sports/tennis/000000419872.jpg,sports,tennis,0.831683168316832
sports/tennis/000000435009.jpg,sports,tennis,0.783018867924528
sports/tennis/000000446850.jpg,sports,tennis,0.645569620253165
sports/tennis/000000450647.jpg,sports,tennis,0.666666666666667
sports/tennis/000000461945.jpg,sports,tennis,0.76530612244898
sports/tennis/000000483677.jpg,sports,tennis,0.489795918367347
sports/tennis/000000494309.jpg,sports,tennis,0.737864077669903
sports/tennis/000000499952.jpg,sports,tennis,0.757894736842105
sports/tennis/000000558570.jpg,sports,tennis,0.880952380952381
sports/tennis/000000580986.jpg,sports,tennis,0.819047619047619
sports/track and field/04f59783cb351805.jpg,sports,track and field,0.795918367346939
sports/track and field/05e8af4cb7f026ab.jpg,sports,track and field,0.817204301075269
sports/track and field/05f4784eeafcaf3d.jpg,sports,track and field,0.561904761904762
sports/track and field/09f10f0327e0d2e4.jpg,sports,track and field,0.792452830188679
sports/track and field/1523025502938b93.jpg,sports,track and field,0.828571428571429
sports/track and field/18a997d97b0f209d.jpg,sports,track and field,0.571428571428571
sports/track and field/1d92602d14e3200f.jpg,sports,track and field,0.865979381443299
sports/track and field/1e75ec771a788a0d.jpg,sports,track and field,0.707317073170732
sports/track and field/1f3fa6f3ae30a4b3.jpg,sports,track and field,0.867469879518072
sports/track and field/22714bd0a845f74c.jpg,sports,track and field,0.853932584269663
sports/track and field/22b37bd34c07ef1a.jpg,sports,track and field,0.818181818181818
sports/track and field/2772b500dcbde21d.jpg,sports,track and field,0.817073170731707
sports/track and field/27c7038cc98f8ac4.jpg,sports,track and field,0.854166666666667
sports/track and field/2e45b2652f7e1f7f.jpg,sports,track and field,0.669724770642202
sports/track and field/336bacff8461dbaa.jpg,sports,track and field,0.91
sports/track and field/3393435e5f644a55.jpg,sports,track and field,0.877777777777778
sports/track and field/3595f889f4ca2d60.jpg,sports,track and field,0.719101123595506
sports/track and field/37f5e796cffd2c9a.jpg,sports,track and field,0.625
sports/track and field/3a5f6fa58fce0f61.jpg,sports,track and field,0.720430107526882
sports/track and field/3a78bd605848b134.jpg,sports,track and field,0.737864077669903
sports/track and field/3bda7bfbe820a82f.jpg,sports,track and field,0.649122807017544
sports/track and field/4575138b6f7a9772.jpg,sports,track and field,0.642857142857143
sports/track and field/472eb5d111f05707.jpg,sports,track and field,0.578947368421053
sports/track and field/4965f1230e388431.jpg,sports,track and field,0.644859813084112
sports/track and field/4a9065d33b7ebf81.jpg,sports,track and field,0.885416666666667
sports/track and field/515b9693872ca759.jpg,sports,track and field,0.744897959183674
sports/track and field/5318d42b4fb3be9d.jpg,sports,track and field,0.741176470588235
sports/track and field/534a4481bb6f7669.jpg,sports,track and field,0.63963963963964
sports/track and field/585dd7f1faa235ef.jpg,sports,track and field,0.825581395348837
sports/track and field/5a5e7d6ce6eb8735.jpg,sports,track and field,0.791208791208791
sports/track and field/5a99ce107ac77dcd.jpg,sports,track and field,0.826530612244898
sports/track and field/69147beaa4b5a032.jpg,sports,track and field,0.710280373831776
sports/track and field/7374801616e3a84f.jpg,sports,track and field,0.847619047619048
sports/track and field/7886910e6c81bc85.jpg,sports,track and field,0.730769230769231
sports/track and field/7adb92d70c84acae.jpg,sports,track and field,0.793478260869565
sports/track and field/7eb8f02a79e40800.jpg,sports,track and field,0.840425531914894
sports/track and field/7f6a04e04c276070.jpg,sports,track and field,0.930693069306931
sports/track and field/812654f21f11fb3c.jpg,sports,track and field,0.786516853932584
sports/track and field/81594f9739f7344d.jpg,sports,track and field,0.764044943820225
sports/track and field/81b2bd15ab040353.jpg,sports,track and field,0.655913978494624
sports/track and field/82e1c2342dbc7cc0.jpg,sports,track and field,0.770491803278688
sports/track and field/83b7de7cc77bedd8.jpg,sports,track and field,0.651162790697674
sports/track and field/8550e7dcea88bd9d.jpg,sports,track and field,0.722772277227723
sports/track and field/86c72b6b4dbb5c3b.jpg,sports,track and field,0.877551020408163
sports/track and field/89d6f3f45da4daae.jpg,sports,track and field,0.643564356435644
sports/track and field/8cdbf37561a44803.jpg,sports,track and field,0.739583333333333
sports/track and field/8cf8644a06d41d6a.jpg,sports,track and field,0.782608695652174
sports/track and field/923787f39ad66d73.jpg,sports,track and field,0.703125
sports/track and field/98d96739d99514f7.jpg,sports,track and field,0.871287128712871
sports/track and field/9c2452fbe657faf8.jpg,sports,track and field,0.91588785046729
sports/track and field/a2ebd8e99fce35cd.jpg,sports,track and field,0.63
sports/track and field/a3ede9354b3f5cd5.jpg,sports,track and field,0.786407766990291
sports/track and field/a9d68cbf0e4a54f6.jpg,sports,track and field,0.789915966386555
sports/track and field/aa7e150c301a4f89.jpg,sports,track and field,0.693877551020408
sports/track and field/af37e50ad04c4749.jpg,sports,track and field,0.744186046511628
sports/track and field/b3b390c585802f7c.jpg,sports,track and field,0.737864077669903
sports/track and field/b3f716ade97c3333.jpg,sports,track and field,0.676767676767677
sports/track and field/b82ef298c6c4dfec.jpg,sports,track and field,0.816326530612245
sports/track and field/b88c3f8a5433bd1d.jpg,sports,track and field,0.91578947368421
sports/track and field/bdbf922bf296ca72.jpg,sports,track and field,0.707547169811321
sports/track and field/cdf060cec6f45e89.jpg,sports,track and field,0.644859813084112
sports/track and field/cfbebf549dd75a16.jpg,sports,track and field,0.654205607476635
sports/track and field/d1e99a455eecd1f7.jpg,sports,track and field,0.736263736263736
sports/track and field/dab8b622490cfc61.jpg,sports,track and field,0.621359223300971
sports/track and field/daed65c08618e0d7.jpg,sports,track and field,0.907216494845361
sports/track and field/db190b9e53838d3e.jpg,sports,track and field,0.718446601941748
sports/track and field/dc9f56429f7a6c4a.jpg,sports,track and field,0.808080808080808
sports/track and field/e061fc5f81bad945.jpg,sports,track and field,0.757009345794392
sports/track and field/e142ebef56b628b4.jpg,sports,track and field,0.815217391304348
sports/track and field/e2b2df4f57103176.jpg,sports,track and field,0.808080808080808
sports/track and field/e6e51c195b296dff.jpg,sports,track and field,0.757575757575758
sports/track and field/e72a78a65ebb88fd.jpg,sports,track and field,0.882882882882883
sports/track and field/efa0278fc1ebbd89.jpg,sports,track and field,0.752577319587629
sports/track and field/fbf65d6448e45ad8.jpg,sports,track and field,0.8
sports/track and field/fe29c78b3285e4c7.jpg,sports,track and field,0.740384615384615
sports/track and field/n00439826_6113.jpg,sports,track and field,0.688073394495413
sports/track and field/n00439826_6185.jpg,sports,track and field,0.9
sports/track and field/n00439826_6314.jpg,sports,track and field,0.685185185185185
sports/track and field/n00439826_6315.jpg,sports,track and field,0.772277227722772
sports/track and field/n00439826_6356.jpg,sports,track and field,0.644444444444444
sports/track and field/n00439826_6427.jpg,sports,track and field,0.932584269662921
sports/track and field/n00439826_6437.jpg,sports,track and field,0.868131868131868
sports/track and field/n00439826_6534.jpg,sports,track and field,0.71875
sports/track and field/n00439826_6636.jpg,sports,track and field,0.416666666666667
sports/track and field/n00439826_6640.jpg,sports,track and field,0.877551020408163
sports/track and field/n00439826_6690.jpg,sports,track and field,0.619047619047619
sports/track and field/n00439826_6705.jpg,sports,track and field,0.784090909090909
sports/track and field/n00439826_6709.jpg,sports,track and field,0.645161290322581
sports/track and field/n00439826_6734.jpg,sports,track and field,0.91566265060241
sports/track and field/n00439826_6812.jpg,sports,track and field,0.752808988764045
sports/track and field/n00439826_7127.jpg,sports,track and field,0.788888888888889
sports/track and field/n00439826_7591.jpg,sports,track and field,0.806818181818182
sports/track and field/n00439826_7703.jpg,sports,track and field,0.744897959183674
sports/track and field/n00439826_7884.jpg,sports,track and field,0.727272727272727
sports/track and field/n00439826_7981.jpg,sports,track and field,0.917431192660551
sports/track and field/n00439826_8141.jpg,sports,track and field,0.72
sports/track and field/n00439826_8523.jpg,sports,track and field,0.798245614035088
sports/track and field/n00439826_8642.jpg,sports,track and field,0.79047619047619
sports/track and field/n00439826_8688.jpg,sports,track and field,0.731707317073171
sports/volleyball/000000124167.jpg,sports,volleyball,0.651685393258427
sports/volleyball/000000179960.jpg,sports,volleyball,0.846153846153846
sports/volleyball/000000394560.jpg,sports,volleyball,0.867924528301887
sports/volleyball/00a011632563dae2.jpg,sports,volleyball,0.795918367346939
sports/volleyball/044a150b3427b632.jpg,sports,volleyball,0.654867256637168
sports/volleyball/086ae640b9f067db.jpg,sports,volleyball,0.767676767676768
sports/volleyball/10802a3111e8ddd6.jpg,sports,volleyball,0.820224719101124
sports/volleyball/19ad73a14d324952.jpg,sports,volleyball,0.817307692307692
sports/volleyball/1a2ecf83645336ce.jpg,sports,volleyball,0.67
sports/volleyball/1b33ecfef06460c5.jpg,sports,volleyball,0.820754716981132
sports/volleyball/1c1a752a8b9553f7.jpg,sports,volleyball,0.634408602150538
sports/volleyball/1cc53c8e090ba2f1.jpg,sports,volleyball,0.74468085106383
sports/volleyball/1e60aa45c07c9b91.jpg,sports,volleyball,0.736842105263158
sports/volleyball/1f5f5a2e5bbc00f0.jpg,sports,volleyball,0.608695652173913
sports/volleyball/2291c493fc0e8026.jpg,sports,volleyball,0.702127659574468
sports/volleyball/26ed450961730c81.jpg,sports,volleyball,0.594059405940594
sports/volleyball/2a28eabff35bd2f7.jpg,sports,volleyball,0.892156862745098
sports/volleyball/31fafa54a0b78ea5.jpg,sports,volleyball,0.642857142857143
sports/volleyball/37b8d81b66a9892a.jpg,sports,volleyball,0.71
sports/volleyball/3dad27f92386e120.jpg,sports,volleyball,0.756302521008403
sports/volleyball/3f99b162e7bdf531.jpg,sports,volleyball,0.732558139534884
sports/volleyball/4a9eb09ba6b1ce83.jpg,sports,volleyball,0.758620689655172
sports/volleyball/4b9c9aaaa30703cf.jpg,sports,volleyball,0.666666666666667
sports/volleyball/4d2ee21bd1a76b75.jpg,sports,volleyball,0.863157894736842
sports/volleyball/4e44723b000d7060.jpg,sports,volleyball,0.75
sports/volleyball/520ac5f11ebb926f.jpg,sports,volleyball,0.784
sports/volleyball/55ef7b5629ffa944.jpg,sports,volleyball,0.75
sports/volleyball/59e2c1ce2fe69212.jpg,sports,volleyball,0.666666666666667
sports/volleyball/5e3a978ab9c582de.jpg,sports,volleyball,0.7
sports/volleyball/5e5cddc86093e1b0.jpg,sports,volleyball,0.763440860215054
sports/volleyball/6f1c4ea262598dcf.jpg,sports,volleyball,0.688172043010753
sports/volleyball/71cd2134079e8318.jpg,sports,volleyball,0.64367816091954
sports/volleyball/73615c36a8c71ff6.jpg,sports,volleyball,0.65979381443299
sports/volleyball/774a20234749713f.jpg,sports,volleyball,0.715789473684211
sports/volleyball/93be4359f8558611.jpg,sports,volleyball,0.71
sports/volleyball/9bb7ade68141ee60.jpg,sports,volleyball,0.619469026548673
sports/volleyball/a3aa26623d4c238c.jpg,sports,volleyball,0.776699029126214
sports/volleyball/a53d2e1a88a91017.jpg,sports,volleyball,0.63716814159292
sports/volleyball/c0e4b9fbfa6574e2.jpg,sports,volleyball,0.752136752136752
sports/volleyball/c5f449be9bb8a291.jpg,sports,volleyball,0.738095238095238
sports/volleyball/c7e5f40a0f905e5b.jpg,sports,volleyball,0.769230769230769
sports/volleyball/ca24144abcf2bb19.jpg,sports,volleyball,0.697368421052632
sports/volleyball/cc89a78d3c9dbb26.jpg,sports,volleyball,0.892156862745098
sports/volleyball/cf92e6a36023169e.jpg,sports,volleyball,0.58974358974359
sports/volleyball/e12fe897897a2ede.jpg,sports,volleyball,0.887755102040816
sports/volleyball/e470100eed3c6c1e.jpg,sports,volleyball,0.826086956521739
sports/volleyball/ec0acdf8577f88f9.jpg,sports,volleyball,0.743119266055046
sports/volleyball/f820c39c5300de83.jpg,sports,volleyball,0.715789473684211
vehicle/airplane/000000002258.jpg,vehicle,airplane,0.676767676767677
vehicle/airplane/000000003035.jpg,vehicle,airplane,0.71875
vehicle/airplane/000000025559.jpg,vehicle,airplane,0.712962962962963
vehicle/airplane/000000032093.jpg,vehicle,airplane,0.598130841121495
vehicle/airplane/000000035485.jpg,vehicle,airplane,0.7
vehicle/airplane/000000040890.jpg,vehicle,airplane,0.793814432989691
vehicle/airplane/000000041276.jpg,vehicle,airplane,0.684782608695652
vehicle/airplane/000000066255.jpg,vehicle,airplane,0.591836734693878
vehicle/airplane/000000076372.jpg,vehicle,airplane,0.71875
vehicle/airplane/000000078354.jpg,vehicle,airplane,0.655172413793103
vehicle/airplane/000000091482.jpg,vehicle,airplane,0.75531914893617
vehicle/airplane/000000101270.jpg,vehicle,airplane,0.740384615384615
vehicle/airplane/000000101626.jpg,vehicle,airplane,0.72
vehicle/airplane/000000106658.jpg,vehicle,airplane,0.666666666666667
vehicle/airplane/000000111969.jpg,vehicle,airplane,0.73469387755102
vehicle/airplane/000000116255.jpg,vehicle,airplane,0.612903225806452
vehicle/airplane/000000125394.jpg,vehicle,airplane,0.661157024793388
vehicle/airplane/000000134334.jpg,vehicle,airplane,0.747474747474748
vehicle/airplane/000000135244.jpg,vehicle,airplane,0.672897196261682
vehicle/airplane/000000140565.jpg,vehicle,airplane,0.660377358490566
vehicle/airplane/000000146659.jpg,vehicle,airplane,0.655555555555556
vehicle/airplane/000000150181.jpg,vehicle,airplane,0.514563106796116
vehicle/airplane/000000162650.jpg,vehicle,airplane,0.589473684210526
vehicle/airplane/000000164487.jpg,vehicle,airplane,0.656565656565657
vehicle/airplane/000000166086.jpg,vehicle,airplane,0.728
vehicle/airplane/000000180098.jpg,vehicle,airplane,0.67032967032967
vehicle/airplane/000000190199.jpg,vehicle,airplane,0.634408602150538
vehicle/airplane/000000200391.jpg,vehicle,airplane,0.698795180722892
vehicle/airplane/000000205918.jpg,vehicle,airplane,0.633928571428571
vehicle/airplane/000000228965.jpg,vehicle,airplane,0.595959595959596
vehicle/airplane/000000233298.jpg,vehicle,airplane,0.679611650485437
vehicle/airplane/000000237735.jpg,vehicle,airplane,0.719298245614035
vehicle/airplane/000000247209.jpg,vehicle,airplane,0.728155339805825
vehicle/airplane/000000252844.jpg,vehicle,airplane,0.67741935483871
vehicle/airplane/000000268547.jpg,vehicle,airplane,0.570247933884298
vehicle/airplane/000000311641.jpg,vehicle,airplane,0.693181818181818
vehicle/airplane/000000314916.jpg,vehicle,airplane,0.714285714285714
vehicle/airplane/000000323258.jpg,vehicle,airplane,0.645454545454546
vehicle/airplane/000000325646.jpg,vehicle,airplane,0.647058823529412
vehicle/airplane/000000337013.jpg,vehicle,airplane,0.677777777777778
vehicle/airplane/000000349475.jpg,vehicle,airplane,0.62
vehicle/airplane/000000349868.jpg,vehicle,airplane,0.586538461538462
vehicle/airplane/000000352151.jpg,vehicle,airplane,0.416666666666667
vehicle/airplane/000000388025.jpg,vehicle,airplane,0.612612612612613
vehicle/airplane/000000392115.jpg,vehicle,airplane,0.734848484848485
vehicle/airplane/000000396770.jpg,vehicle,airplane,0.666666666666667
vehicle/airplane/000000397353.jpg,vehicle,airplane,0.764150943396226
vehicle/airplane/000000403249.jpg,vehicle,airplane,0.697674418604651
vehicle/airplane/000000406981.jpg,vehicle,airplane,0.613636363636364
vehicle/airplane/000000408965.jpg,vehicle,airplane,0.639175257731959
vehicle/airplane/000000422807.jpg,vehicle,airplane,0.631578947368421
vehicle/airplane/000000422953.jpg,vehicle,airplane,0.641509433962264
vehicle/airplane/000000423231.jpg,vehicle,airplane,0.887640449438202
vehicle/airplane/000000424445.jpg,vehicle,airplane,0.745454545454545
vehicle/airplane/000000448205.jpg,vehicle,airplane,0.721649484536082
vehicle/airplane/000000482765.jpg,vehicle,airplane,0.549019607843137
vehicle/airplane/000000486233.jpg,vehicle,airplane,0.912621359223301
vehicle/airplane/000000505093.jpg,vehicle,airplane,0.609195402298851
vehicle/airplane/000000510521.jpg,vehicle,airplane,0.663461538461538
vehicle/airplane/000000514299.jpg,vehicle,airplane,0.761904761904762
vehicle/airplane/000000521402.jpg,vehicle,airplane,0.701030927835051
vehicle/airplane/000000532521.jpg,vehicle,airplane,0.704761904761905
vehicle/airplane/000000535593.jpg,vehicle,airplane,0.632075471698113
vehicle/airplane/000000549708.jpg,vehicle,airplane,0.60377358490566
vehicle/airplane/000000554597.jpg,vehicle,airplane,0.619565217391304
vehicle/airplane/000000555658.jpg,vehicle,airplane,0.727272727272727
vehicle/airplane/000000561014.jpg,vehicle,airplane,0.739130434782609
vehicle/airplane/000000563295.jpg,vehicle,airplane,0.603960396039604
vehicle/airplane/000000563458.jpg,vehicle,airplane,0.74
vehicle/airplane/n02691156_10151.jpg,vehicle,airplane,0.759493670886076
vehicle/airplane/n02691156_10504.jpg,vehicle,airplane,0.517241379310345
vehicle/airplane/n02691156_10578.jpg,vehicle,airplane,0.5625
vehicle/airplane/n02691156_10622.jpg,vehicle,airplane,0.752941176470588
vehicle/airplane/n02691156_11495.jpg,vehicle,airplane,0.636363636363636
vehicle/airplane/n02691156_11729.jpg,vehicle,airplane,0.56
vehicle/airplane/n02691156_1191.jpg,vehicle,airplane,0.53448275862069
vehicle/airplane/n02691156_12389.jpg,vehicle,airplane,0.692307692307692
vehicle/airplane/n02691156_12560.jpg,vehicle,airplane,0.702127659574468
vehicle/airplane/n02691156_1919.jpg,vehicle,airplane,0.784090909090909
vehicle/airplane/n02691156_20276.jpg,vehicle,airplane,0.56989247311828
vehicle/airplane/n02691156_20718.jpg,vehicle,airplane,0.55952380952381
vehicle/airplane/n02691156_2492.jpg,vehicle,airplane,0.784313725490196
vehicle/airplane/n02691156_29988.jpg,vehicle,airplane,0.596330275229358
vehicle/airplane/n02691156_3472.jpg,vehicle,airplane,0.626373626373626
vehicle/airplane/n02691156_3785.jpg,vehicle,airplane,0.57843137254902
vehicle/airplane/n02691156_4134.jpg,vehicle,airplane,0.66304347826087
vehicle/airplane/n02691156_47926.jpg,vehicle,airplane,0.675925925925926
vehicle/airplane/n02691156_5136.jpg,vehicle,airplane,0.675
vehicle/airplane/n02691156_5740.jpg,vehicle,airplane,0.538461538461538
vehicle/airplane/n02691156_5942.jpg,vehicle,airplane,0.825242718446602
vehicle/airplane/n02691156_6438.jpg,vehicle,airplane,0.576470588235294
vehicle/airplane/n02691156_6582.jpg,vehicle,airplane,0.646341463414634
vehicle/airplane/n02691156_6799.jpg,vehicle,airplane,0.72
vehicle/airplane/n02691156_6870.jpg,vehicle,airplane,0.701923076923077
vehicle/airplane/n02691156_7027.jpg,vehicle,airplane,0.578313253012048
vehicle/airplane/n02691156_7079.jpg,vehicle,airplane,0.608247422680412
vehicle/airplane/n02691156_7124.jpg,vehicle,airplane,0.6
vehicle/airplane/n02691156_8876.jpg,vehicle,airplane,0.705882352941177
vehicle/bicycle/000000001625.jpg,vehicle,bicycle,0.676190476190476
vehicle/bicycle/000000002139.jpg,vehicle,bicycle,0.795918367346939
vehicle/bicycle/000000012876.jpg,vehicle,bicycle,0.780952380952381
vehicle/bicycle/000000029711.jpg,vehicle,bicycle,0.847457627118644
vehicle/bicycle/000000052282.jpg,vehicle,bicycle,0.860215053763441
vehicle/bicycle/000000187509.jpg,vehicle,bicycle,0.829787234042553
vehicle/bicycle/000000212824.jpg,vehicle,bicycle,0.787610619469027
vehicle/bicycle/000000249815.jpg,vehicle,bicycle,0.914893617021277
vehicle/bicycle/000000260513.jpg,vehicle,bicycle,0.847826086956522
vehicle/bicycle/000000292819.jpg,vehicle,bicycle,0.717391304347826
vehicle/bicycle/000000294090.jpg,vehicle,bicycle,0.712871287128713
vehicle/bicycle/000000314693.jpg,vehicle,bicycle,0.635593220338983
vehicle/bicycle/000000318464.jpg,vehicle,bicycle,0.594339622641509
vehicle/bicycle/000000347976.jpg,vehicle,bicycle,0.691489361702128
vehicle/bicycle/000000356496.jpg,vehicle,bicycle,0.64
vehicle/bicycle/000000358989.jpg,vehicle,bicycle,0.684782608695652
vehicle/bicycle/000000378848.jpg,vehicle,bicycle,0.854368932038835
vehicle/bicycle/000000384964.jpg,vehicle,bicycle,0.744444444444444
vehicle/bicycle/000000398304.jpg,vehicle,bicycle,0.79047619047619
vehicle/bicycle/000000431484.jpg,vehicle,bicycle,0.81
vehicle/bicycle/000000451559.jpg,vehicle,bicycle,0.72289156626506
vehicle/bicycle/000000520679.jpg,vehicle,bicycle,0.734042553191489
vehicle/bicycle/000000536589.jpg,vehicle,bicycle,0.721153846153846
vehicle/bicycle/000000547662.jpg,vehicle,bicycle,0.712765957446808
vehicle/bicycle/n02834778_10155.jpg,vehicle,bicycle,0.789473684210526
vehicle/bicycle/n02834778_10227.jpg,vehicle,bicycle,0.719101123595506
vehicle/bicycle/n02834778_10231.jpg,vehicle,bicycle,0.802197802197802
vehicle/bicycle/n02834778_10294.jpg,vehicle,bicycle,0.711538461538462
vehicle/bicycle/n02834778_10391.jpg,vehicle,bicycle,0.752577319587629
vehicle/bicycle/n02834778_10484.jpg,vehicle,bicycle,0.680412371134021
vehicle/bicycle/n02834778_10669.jpg,vehicle,bicycle,0.851851851851852
vehicle/bicycle/n02834778_10735.jpg,vehicle,bicycle,0.688172043010753
vehicle/bicycle/n02834778_11107.jpg,vehicle,bicycle,0.757009345794392
vehicle/bicycle/n02834778_11401.jpg,vehicle,bicycle,0.873684210526316
vehicle/bicycle/n02834778_11645.jpg,vehicle,bicycle,0.747663551401869
vehicle/bicycle/n02834778_1175.jpg,vehicle,bicycle,0.889908256880734
vehicle/bicycle/n02834778_11849.jpg,vehicle,bicycle,0.776699029126214
vehicle/bicycle/n02834778_11865.jpg,vehicle,bicycle,0.798245614035088
vehicle/bicycle/n02834778_1213.jpg,vehicle,bicycle,0.752475247524752
vehicle/bicycle/n02834778_12224.jpg,vehicle,bicycle,0.815533980582524
vehicle/bicycle/n02834778_12279.jpg,vehicle,bicycle,0.719626168224299
vehicle/bicycle/n02834778_1372.jpg,vehicle,bicycle,0.739130434782609
vehicle/bicycle/n02834778_1398.jpg,vehicle,bicycle,0.765217391304348
vehicle/bicycle/n02834778_1446.jpg,vehicle,bicycle,0.765217391304348
vehicle/bicycle/n02834778_1607.jpg,vehicle,bicycle,0.76530612244898
vehicle/bicycle/n02834778_1659.jpg,vehicle,bicycle,0.81651376146789
vehicle/bicycle/n02834778_17153.jpg,vehicle,bicycle,0.740740740740741
vehicle/bicycle/n02834778_1895.jpg,vehicle,bicycle,0.813953488372093
vehicle/bicycle/n02834778_1985.jpg,vehicle,bicycle,0.663461538461538
vehicle/bicycle/n02834778_1999.jpg,vehicle,bicycle,0.727272727272727
vehicle/bicycle/n02834778_2018.jpg,vehicle,bicycle,0.732758620689655
vehicle/bicycle/n02834778_2336.jpg,vehicle,bicycle,0.720588235294118
vehicle/bicycle/n02834778_2356.jpg,vehicle,bicycle,0.857142857142857
vehicle/bicycle/n02834778_2873.jpg,vehicle,bicycle,0.709302325581395
vehicle/bicycle/n02834778_3171.jpg,vehicle,bicycle,0.592307692307692
vehicle/bicycle/n02834778_3504.jpg,vehicle,bicycle,0.769230769230769
vehicle/bicycle/n02834778_3926.jpg,vehicle,bicycle,0.652173913043478
vehicle/bicycle/n02834778_3958.jpg,vehicle,bicycle,0.676470588235294
vehicle/bicycle/n02834778_42241.jpg,vehicle,bicycle,0.717647058823529
vehicle/bicycle/n02834778_4304.jpg,vehicle,bicycle,0.784313725490196
vehicle/bicycle/n02834778_4359.jpg,vehicle,bicycle,0.411764705882353
vehicle/bicycle/n02834778_4434.jpg,vehicle,bicycle,0.603960396039604
vehicle/bicycle/n02834778_4490.jpg,vehicle,bicycle,0.673267326732673
vehicle/bicycle/n02834778_4730.jpg,vehicle,bicycle,0.798165137614679
vehicle/bicycle/n02834778_5315.jpg,vehicle,bicycle,0.84
vehicle/bicycle/n02834778_5671.jpg,vehicle,bicycle,0.754901960784314
vehicle/bicycle/n02834778_5747.jpg,vehicle,bicycle,0.776315789473684
vehicle/bicycle/n02834778_629.jpg,vehicle,bicycle,0.86734693877551
vehicle/bicycle/n02834778_642.jpg,vehicle,bicycle,0.763157894736842
vehicle/bicycle/n02834778_6485.jpg,vehicle,bicycle,0.656565656565657
vehicle/bicycle/n02834778_6500.jpg,vehicle,bicycle,0.708333333333333
vehicle/bicycle/n02834778_662.jpg,vehicle,bicycle,0.782178217821782
vehicle/bicycle/n02834778_6712.jpg,vehicle,bicycle,0.773809523809524
vehicle/bicycle/n02834778_6714.jpg,vehicle,bicycle,0.742857142857143
vehicle/bicycle/n02834778_6750.jpg,vehicle,bicycle,0.787037037037037
vehicle/bicycle/n02834778_6811.jpg,vehicle,bicycle,0.783018867924528
vehicle/bicycle/n02834778_6942.jpg,vehicle,bicycle,0.747368421052632
vehicle/bicycle/n02834778_7050.jpg,vehicle,bicycle,0.926315789473684
vehicle/bicycle/n02834778_7138.jpg,vehicle,bicycle,0.707865168539326
vehicle/bicycle/n02834778_729.jpg,vehicle,bicycle,0.836538461538462
vehicle/bicycle/n02834778_7410.jpg,vehicle,bicycle,0.8
vehicle/bicycle/n02834778_7536.jpg,vehicle,bicycle,0.841584158415842
vehicle/bicycle/n02834778_8125.jpg,vehicle,bicycle,0.647058823529412
vehicle/bicycle/n02834778_8791.jpg,vehicle,bicycle,0.740740740740741
vehicle/bicycle/n02834778_8932.jpg,vehicle,bicycle,0.722772277227723
vehicle/bicycle/n02834778_8951.jpg,vehicle,bicycle,0.652173913043478
vehicle/bicycle/n02834778_8979.jpg,vehicle,bicycle,0.663366336633663
vehicle/bicycle/n02834778_9101.jpg,vehicle,bicycle,0.760869565217391
vehicle/bicycle/n02834778_9585.jpg,vehicle,bicycle,0.775510204081633
vehicle/bicycle/n02834778_9626.jpg,vehicle,bicycle,0.689320388349515
vehicle/bicycle/n02834778_9944.jpg,vehicle,bicycle,0.763888888888889
vehicle/bus/000000019413.jpg,vehicle,bus,0.717171717171717
vehicle/bus/000000038357.jpg,vehicle,bus,0.685185185185185
vehicle/bus/000000051167.jpg,vehicle,bus,0.767676767676768
vehicle/bus/000000058930.jpg,vehicle,bus,0.682242990654206
vehicle/bus/000000065962.jpg,vehicle,bus,0.581395348837209
vehicle/bus/000000111547.jpg,vehicle,bus,0.601626016260163
vehicle/bus/000000131449.jpg,vehicle,bus,0.79047619047619
vehicle/bus/000000195510.jpg,vehicle,bus,0.587628865979381
vehicle/bus/000000208927.jpg,vehicle,bus,0.761363636363636
vehicle/bus/000000212507.jpg,vehicle,bus,0.656862745098039
vehicle/bus/000000242270.jpg,vehicle,bus,0.730769230769231
vehicle/bus/000000244005.jpg,vehicle,bus,0.709302325581395
vehicle/bus/000000244213.jpg,vehicle,bus,0.695652173913043
vehicle/bus/000000247576.jpg,vehicle,bus,0.731481481481482
vehicle/bus/000000248488.jpg,vehicle,bus,0.630434782608696
vehicle/bus/000000263104.jpg,vehicle,bus,0.726315789473684
vehicle/bus/000000269926.jpg,vehicle,bus,0.78494623655914
vehicle/bus/000000282631.jpg,vehicle,bus,0.89622641509434
vehicle/bus/000000289883.jpg,vehicle,bus,0.84
vehicle/bus/000000302964.jpg,vehicle,bus,0.510869565217391
vehicle/bus/000000331198.jpg,vehicle,bus,0.89622641509434
vehicle/bus/000000364919.jpg,vehicle,bus,0.65
vehicle/bus/000000392869.jpg,vehicle,bus,0.685714285714286
vehicle/bus/000000393064.jpg,vehicle,bus,0.652173913043478
vehicle/bus/000000406329.jpg,vehicle,bus,0.679245283018868
vehicle/bus/000000409138.jpg,vehicle,bus,0.6
vehicle/bus/000000431376.jpg,vehicle,bus,0.75531914893617
vehicle/bus/000000431675.jpg,vehicle,bus,0.734042553191489
vehicle/bus/000000491793.jpg,vehicle,bus,0.647058823529412
vehicle/bus/000000512459.jpg,vehicle,bus,0.772277227722772
vehicle/bus/000000517723.jpg,vehicle,bus,0.829545454545455
vehicle/bus/000000524140.jpg,vehicle,bus,0.688172043010753
vehicle/bus/000000531146.jpg,vehicle,bus,0.715789473684211
vehicle/bus/000000531796.jpg,vehicle,bus,0.714285714285714
vehicle/bus/000000534036.jpg,vehicle,bus,0.730337078651685
vehicle/bus/n02924116_10499.jpg,vehicle,bus,0.790697674418605
vehicle/bus/n02924116_28382.jpg,vehicle,bus,0.75
vehicle/bus/n02924116_30299.jpg,vehicle,bus,0.588235294117647
vehicle/bus/n02924116_33540.jpg,vehicle,bus,0.72289156626506
vehicle/bus/n02924116_37011.jpg,vehicle,bus,0.767676767676768
vehicle/bus/n02924116_37624.jpg,vehicle,bus,0.637254901960784
vehicle/bus/n02924116_38371.jpg,vehicle,bus,0.791666666666667
vehicle/bus/n02924116_40071.jpg,vehicle,bus,0.79047619047619
vehicle/bus/n02924116_43906.jpg,vehicle,bus,0.777777777777778
vehicle/bus/n02924116_4611.jpg,vehicle,bus,0.764044943820225
vehicle/bus/n02924116_46565.jpg,vehicle,bus,0.783018867924528
vehicle/bus/n02924116_5109.jpg,vehicle,bus,0.763636363636364
vehicle/bus/n02924116_53321.jpg,vehicle,bus,0.877551020408163
vehicle/bus/n02924116_53731.jpg,vehicle,bus,0.80952380952381
vehicle/bus/n02924116_54466.jpg,vehicle,bus,0.822429906542056
vehicle/bus/n02924116_5979.jpg,vehicle,bus,0.793478260869565
vehicle/bus/n02924116_6042.jpg,vehicle,bus,0.766990291262136
vehicle/bus/n02924116_61494.jpg,vehicle,bus,0.744444444444444
vehicle/bus/n02924116_64676.jpg,vehicle,bus,0.745283018867924
vehicle/bus/n02924116_69671.jpg,vehicle,bus,0.694736842105263
vehicle/bus/n02924116_71067.jpg,vehicle,bus,0.635294117647059
vehicle/bus/n02924116_73346.jpg,vehicle,bus,0.730769230769231
vehicle/bus/n02924116_73467.jpg,vehicle,bus,0.725490196078431
vehicle/bus/n02924116_73811.jpg,vehicle,bus,0.796116504854369
vehicle/bus/n02924116_7459.jpg,vehicle,bus,0.622222222222222
vehicle/bus/n02924116_76766.jpg,vehicle,bus,0.551724137931034
vehicle/bus/n02924116_82453.jpg,vehicle,bus,0.585858585858586
vehicle/bus/n02924116_85474.jpg,vehicle,bus,0.813725490196078
vehicle/bus/n02924116_86325.jpg,vehicle,bus,0.691666666666667
vehicle/bus/n02924116_907.jpg,vehicle,bus,0.654761904761905
vehicle/bus/n02924116_9480.jpg,vehicle,bus,0.835294117647059
vehicle/bus/n02924116_9562.jpg,vehicle,bus,0.776785714285714
vehicle/cable car/n02934451_10254.jpg,vehicle,cable car,0.617021276595745
vehicle/cable car/n02934451_10331.jpg,vehicle,cable car,0.621848739495798
vehicle/cable car/n02934451_10876.jpg,vehicle,cable car,0.5
vehicle/cable car/n02934451_11983.jpg,vehicle,cable car,0.691489361702128
vehicle/cable car/n02934451_1201.jpg,vehicle,cable car,0.696078431372549
vehicle/cable car/n02934451_1210.jpg,vehicle,cable car,0.479166666666667
vehicle/cable car/n02934451_12189.jpg,vehicle,cable car,0.813186813186813
vehicle/cable car/n02934451_12253.jpg,vehicle,cable car,0.736363636363636
vehicle/cable car/n02934451_12306.jpg,vehicle,cable car,0.723809523809524
vehicle/cable car/n02934451_1381.jpg,vehicle,cable car,0.549450549450549
vehicle/cable car/n02934451_15507.jpg,vehicle,cable car,0.718446601941748
vehicle/cable car/n02934451_16027.jpg,vehicle,cable car,0.75531914893617
vehicle/cable car/n02934451_175.jpg,vehicle,cable car,0.547368421052632
vehicle/cable car/n02934451_17629.jpg,vehicle,cable car,0.674157303370786
vehicle/cable car/n02934451_18059.jpg,vehicle,cable car,0.69811320754717
vehicle/cable car/n02934451_20433.jpg,vehicle,cable car,0.720430107526882
vehicle/cable car/n02934451_20914.jpg,vehicle,cable car,0.8
vehicle/cable car/n02934451_21203.jpg,vehicle,cable car,0.625
vehicle/cable car/n02934451_21207.jpg,vehicle,cable car,0.721649484536082
vehicle/cable car/n02934451_22981.jpg,vehicle,cable car,0.842696629213483
vehicle/cable car/n02934451_2999.jpg,vehicle,cable car,0.660194174757282
vehicle/cable car/n02934451_3778.jpg,vehicle,cable car,0.673267326732673
vehicle/cable car/n02934451_4571.jpg,vehicle,cable car,0.75
vehicle/cable car/n02934451_5019.jpg,vehicle,cable car,0.79646017699115
vehicle/cable car/n02934451_5338.jpg,vehicle,cable car,0.740384615384615
vehicle/cable car/n02934451_5488.jpg,vehicle,cable car,0.743362831858407
vehicle/cable car/n02934451_7353.jpg,vehicle,cable car,0.735632183908046
vehicle/cable car/n02934451_7904.jpg,vehicle,cable car,0.64
vehicle/cable car/n02934451_8034.jpg,vehicle,cable car,0.6
vehicle/cable car/n02934451_8467.jpg,vehicle,cable car,0.745614035087719
vehicle/cable car/n02934451_8832.jpg,vehicle,cable car,0.663265306122449
vehicle/cable car/n04231693_10396.jpg,vehicle,cable car,0.755102040816326
vehicle/cable car/n04231693_1225.jpg,vehicle,cable car,0.723809523809524
vehicle/cable car/n04231693_12798.jpg,vehicle,cable car,0.654867256637168
vehicle/cable car/n04231693_16094.jpg,vehicle,cable car,0.681318681318681
vehicle/cable car/n04231693_16811.jpg,vehicle,cable car,0.533333333333333
vehicle/cable car/n04231693_17301.jpg,vehicle,cable car,0.737373737373737
vehicle/cable car/n04231693_18095.jpg,vehicle,cable car,0.7
vehicle/cable car/n04231693_18458.jpg,vehicle,cable car,0.739583333333333
vehicle/cable car/n04231693_18494.jpg,vehicle,cable car,0.696428571428571
vehicle/cable car/n04231693_18551.jpg,vehicle,cable car,0.641509433962264
vehicle/cable car/n04231693_19460.jpg,vehicle,cable car,0.666666666666667
vehicle/cable car/n04231693_19772.jpg,vehicle,cable car,0.513157894736842
vehicle/cable car/n04231693_20199.jpg,vehicle,cable car,0.511363636363636
vehicle/cable car/n04231693_22023.jpg,vehicle,cable car,0.684210526315789
vehicle/cable car/n04231693_22406.jpg,vehicle,cable car,0.742857142857143
vehicle/cable car/n04231693_22416.jpg,vehicle,cable car,0.560747663551402
vehicle/cable car/n04231693_22459.jpg,vehicle,cable car,0.7
vehicle/cable car/n04231693_22574.jpg,vehicle,cable car,0.660550458715596
vehicle/cable car/n04231693_22980.jpg,vehicle,cable car,0.641509433962264
vehicle/cable car/n04231693_24259.jpg,vehicle,cable car,0.644230769230769
vehicle/cable car/n04231693_24339.jpg,vehicle,cable car,0.506024096385542
vehicle/cable car/n04231693_24470.jpg,vehicle,cable car,0.700854700854701
vehicle/cable car/n04231693_24662.jpg,vehicle,cable car,0.83695652173913
vehicle/cable car/n04231693_3038.jpg,vehicle,cable car,0.466019417475728
vehicle/cable car/n04231693_3977.jpg,vehicle,cable car,0.706521739130435
vehicle/cable car/n04231693_5428.jpg,vehicle,cable car,0.747663551401869
vehicle/cable car/n04231693_6347.jpg,vehicle,cable car,0.636363636363636
vehicle/cable car/n04231693_7368.jpg,vehicle,cable car,0.657142857142857
vehicle/cable car/n04231693_7616.jpg,vehicle,cable car,0.585858585858586
vehicle/cable car/n04231693_8412.jpg,vehicle,cable car,0.541666666666667
vehicle/cable car/n04231693_8757.jpg,vehicle,cable car,0.653465346534653
vehicle/camper/000000153987.jpg,vehicle,camper,0.666666666666667
vehicle/camper/n02946348_11195.jpg,vehicle,camper,0.892156862745098
vehicle/camper/n02946348_1134.jpg,vehicle,camper,0.796116504854369
vehicle/camper/n02946348_11568.jpg,vehicle,camper,0.753086419753086
vehicle/camper/n02946348_11646.jpg,vehicle,camper,0.894736842105263
vehicle/camper/n02946348_1191.jpg,vehicle,camper,0.742268041237113
vehicle/camper/n02946348_11948.jpg,vehicle,camper,0.804347826086957
vehicle/camper/n02946348_13175.jpg,vehicle,camper,0.875
vehicle/camper/n02946348_13257.jpg,vehicle,camper,0.694444444444444
vehicle/camper/n02946348_13332.jpg,vehicle,camper,0.780952380952381
vehicle/camper/n02946348_14246.jpg,vehicle,camper,0.662337662337662
vehicle/camper/n02946348_1541.jpg,vehicle,camper,0.631578947368421
vehicle/camper/n02946348_15558.jpg,vehicle,camper,0.692307692307692
vehicle/camper/n02946348_15930.jpg,vehicle,camper,0.721739130434783
vehicle/camper/n02946348_16122.jpg,vehicle,camper,0.702127659574468
vehicle/camper/n02946348_16293.jpg,vehicle,camper,0.604395604395604
vehicle/camper/n02946348_16367.jpg,vehicle,camper,0.695121951219512
vehicle/camper/n02946348_16835.jpg,vehicle,camper,0.776595744680851
vehicle/camper/n02946348_16904.jpg,vehicle,camper,0.764044943820225
vehicle/camper/n02946348_17198.jpg,vehicle,camper,0.78125
vehicle/camper/n02946348_17390.jpg,vehicle,camper,0.648148148148148
vehicle/camper/n02946348_17589.jpg,vehicle,camper,0.805555555555556
vehicle/camper/n02946348_18684.jpg,vehicle,camper,0.770833333333333
vehicle/camper/n02946348_18783.jpg,vehicle,camper,0.738738738738739
vehicle/camper/n02946348_19028.jpg,vehicle,camper,0.623529411764706
vehicle/camper/n02946348_20314.jpg,vehicle,camper,0.870689655172414
vehicle/camper/n02946348_20324.jpg,vehicle,camper,0.636363636363636
vehicle/camper/n02946348_21746.jpg,vehicle,camper,0.694736842105263
vehicle/camper/n02946348_22022.jpg,vehicle,camper,0.787234042553192
vehicle/camper/n02946348_22457.jpg,vehicle,camper,0.74468085106383
vehicle/camper/n02946348_23420.jpg,vehicle,camper,0.854166666666667
vehicle/camper/n02946348_23781.jpg,vehicle,camper,0.796296296296296
vehicle/camper/n02946348_23994.jpg,vehicle,camper,0.692307692307692
vehicle/camper/n02946348_24721.jpg,vehicle,camper,0.806818181818182
vehicle/camper/n02946348_24802.jpg,vehicle,camper,0.75
vehicle/camper/n02946348_25549.jpg,vehicle,camper,0.815533980582524
vehicle/camper/n02946348_26905.jpg,vehicle,camper,0.700934579439252
vehicle/camper/n02946348_29473.jpg,vehicle,camper,0.591666666666667
vehicle/camper/n02946348_30616.jpg,vehicle,camper,0.683168316831683
vehicle/camper/n02946348_3065.jpg,vehicle,camper,0.867924528301887
vehicle/camper/n02946348_30706.jpg,vehicle,camper,0.824074074074074
vehicle/camper/n02946348_30836.jpg,vehicle,camper,0.584158415841584
vehicle/camper/n02946348_3118.jpg,vehicle,camper,0.647058823529412
vehicle/camper/n02946348_31182.jpg,vehicle,camper,0.702127659574468
vehicle/camper/n02946348_31339.jpg,vehicle,camper,0.795698924731183
vehicle/camper/n02946348_32456.jpg,vehicle,camper,0.63
vehicle/camper/n02946348_33646.jpg,vehicle,camper,0.673913043478261
vehicle/camper/n02946348_33700.jpg,vehicle,camper,0.683168316831683
vehicle/camper/n02946348_34662.jpg,vehicle,camper,0.62962962962963
vehicle/camper/n02946348_34746.jpg,vehicle,camper,0.726315789473684
vehicle/camper/n02946348_35242.jpg,vehicle,camper,0.847058823529412
vehicle/camper/n02946348_35937.jpg,vehicle,camper,0.795698924731183
vehicle/camper/n02946348_39389.jpg,vehicle,camper,0.71304347826087
vehicle/camper/n02946348_413.jpg,vehicle,camper,0.782178217821782
vehicle/camper/n02946348_4343.jpg,vehicle,camper,0.674698795180723
vehicle/camper/n02946348_4367.jpg,vehicle,camper,0.663716814159292
vehicle/camper/n02946348_4508.jpg,vehicle,camper,0.802631578947368
vehicle/camper/n02946348_4726.jpg,vehicle,camper,0.736842105263158
vehicle/camper/n02946348_5029.jpg,vehicle,camper,0.75
vehicle/camper/n02946348_5142.jpg,vehicle,camper,0.791666666666667
vehicle/camper/n02946348_5270.jpg,vehicle,camper,0.77
vehicle/camper/n02946348_587.jpg,vehicle,camper,0.777777777777778
vehicle/camper/n02946348_601.jpg,vehicle,camper,0.69
vehicle/camper/n02946348_6044.jpg,vehicle,camper,0.71
vehicle/camper/n02946348_6244.jpg,vehicle,camper,0.702970297029703
vehicle/camper/n02946348_6967.jpg,vehicle,camper,0.805084745762712
vehicle/camper/n02946348_7257.jpg,vehicle,camper,0.69
vehicle/camper/n02946348_806.jpg,vehicle,camper,0.768421052631579
vehicle/camper/n02946348_8286.jpg,vehicle,camper,0.810344827586207
vehicle/camper/n02946348_919.jpg,vehicle,camper,0.778761061946903
vehicle/car/000000016977.jpg,vehicle,car,0.766666666666667
vehicle/car/000000085482.jpg,vehicle,car,0.680851063829787
vehicle/car/000000086210.jpg,vehicle,car,0.56989247311828
vehicle/car/000000102741.jpg,vehicle,car,0.679611650485437
vehicle/car/000000178550.jpg,vehicle,car,0.79
vehicle/car/000000281721.jpg,vehicle,car,0.67032967032967
vehicle/car/000000360374.jpg,vehicle,car,0.808510638297872
vehicle/car/000000369820.jpg,vehicle,car,0.760869565217391
vehicle/car/000000409126.jpg,vehicle,car,0.469879518072289
vehicle/car/000000449872.jpg,vehicle,car,0.475728155339806
vehicle/car/000000492156.jpg,vehicle,car,0.680851063829787
vehicle/car/n04166281_1059.jpg,vehicle,car,0.657657657657658
vehicle/car/n04166281_11360.jpg,vehicle,car,0.727272727272727
vehicle/car/n04166281_1174.jpg,vehicle,car,0.723809523809524
vehicle/car/n04166281_1290.jpg,vehicle,car,0.825242718446602
vehicle/car/n04166281_1303.jpg,vehicle,car,0.576086956521739
vehicle/car/n04166281_14544.jpg,vehicle,car,0.75
vehicle/car/n04166281_1911.jpg,vehicle,car,0.632478632478632
vehicle/car/n04166281_2061.jpg,vehicle,car,0.63716814159292
vehicle/car/n04166281_21224.jpg,vehicle,car,0.830357142857143
vehicle/car/n04166281_21492.jpg,vehicle,car,0.742574257425743
vehicle/car/n04166281_21769.jpg,vehicle,car,0.681818181818182
vehicle/car/n04166281_2258.jpg,vehicle,car,0.868131868131868
vehicle/car/n04166281_2502.jpg,vehicle,car,0.765217391304348
vehicle/car/n04166281_2596.jpg,vehicle,car,0.734513274336283
vehicle/car/n04166281_263.jpg,vehicle,car,0.730434782608696
vehicle/car/n04166281_2715.jpg,vehicle,car,0.7875
vehicle/car/n04166281_2937.jpg,vehicle,car,0.811881188118812
vehicle/car/n04166281_298.jpg,vehicle,car,0.61
vehicle/car/n04166281_3306.jpg,vehicle,car,0.824175824175824
vehicle/car/n04166281_3840.jpg,vehicle,car,0.672413793103448
vehicle/car/n04166281_388.jpg,vehicle,car,0.77
vehicle/car/n04166281_3917.jpg,vehicle,car,0.673913043478261
vehicle/car/n04166281_3944.jpg,vehicle,car,0.663265306122449
vehicle/car/n04166281_4467.jpg,vehicle,car,0.608247422680412
vehicle/car/n04166281_4636.jpg,vehicle,car,0.684684684684685
vehicle/car/n04166281_4690.jpg,vehicle,car,0.844444444444444
vehicle/car/n04166281_4756.jpg,vehicle,car,0.655555555555556
vehicle/car/n04166281_4869.jpg,vehicle,car,0.73
vehicle/car/n04166281_4915.jpg,vehicle,car,0.673684210526316
vehicle/car/n04166281_4975.jpg,vehicle,car,0.852272727272727
vehicle/car/n04166281_5182.jpg,vehicle,car,0.666666666666667
vehicle/car/n04166281_5438.jpg,vehicle,car,0.809090909090909
vehicle/car/n04166281_5551.jpg,vehicle,car,0.725274725274725
vehicle/car/n04166281_5691.jpg,vehicle,car,0.752688172043011
vehicle/car/n04166281_5699.jpg,vehicle,car,0.862745098039216
vehicle/car/n04166281_5751.jpg,vehicle,car,0.666666666666667
vehicle/car/n04166281_5752.jpg,vehicle,car,0.752293577981651
vehicle/car/n04166281_5973.jpg,vehicle,car,0.691489361702128
vehicle/car/n04166281_623.jpg,vehicle,car,0.836734693877551
vehicle/car/n04166281_6355.jpg,vehicle,car,0.684782608695652
vehicle/car/n04166281_6464.jpg,vehicle,car,0.855670103092783
vehicle/car/n04166281_6507.jpg,vehicle,car,0.728260869565217
vehicle/car/n04166281_6586.jpg,vehicle,car,0.666666666666667
vehicle/car/n04166281_6626.jpg,vehicle,car,0.798245614035088
vehicle/car/n04166281_6665.jpg,vehicle,car,0.644859813084112
vehicle/car/n04166281_6690.jpg,vehicle,car,0.652631578947368
vehicle/car/n04166281_6786.jpg,vehicle,car,0.78448275862069
vehicle/car/n04166281_69.jpg,vehicle,car,0.743119266055046
vehicle/car/n04166281_7105.jpg,vehicle,car,0.684782608695652
vehicle/car/n04166281_73.jpg,vehicle,car,0.737373737373737
vehicle/car/n04166281_8236.jpg,vehicle,car,0.727272727272727
vehicle/car/n04166281_927.jpg,vehicle,car,0.722222222222222
vehicle/car/n04166281_9737.jpg,vehicle,car,0.802197802197802
vehicle/fishing boat/000000175136.jpg,vehicle,fishing boat,0.594059405940594
vehicle/fishing boat/000000377572.jpg,vehicle,fishing boat,0.552631578947368
vehicle/fishing boat/n03351262_1099.jpg,vehicle,fishing boat,0.669902912621359
vehicle/fishing boat/n03351262_1111.jpg,vehicle,fishing boat,0.494949494949495
vehicle/fishing boat/n03351262_1287.jpg,vehicle,fishing boat,0.731958762886598
vehicle/fishing boat/n03351262_13855.jpg,vehicle,fishing boat,0.598130841121495
vehicle/fishing boat/n03351262_1451.jpg,vehicle,fishing boat,0.691588785046729
vehicle/fishing boat/n03351262_1454.jpg,vehicle,fishing boat,0.474137931034483
vehicle/fishing boat/n03351262_15090.jpg,vehicle,fishing boat,0.631578947368421
vehicle/fishing boat/n03351262_17471.jpg,vehicle,fishing boat,0.580645161290323
vehicle/fishing boat/n03351262_1791.jpg,vehicle,fishing boat,0.606060606060606
vehicle/fishing boat/n03351262_1903.jpg,vehicle,fishing boat,0.645833333333333
vehicle/fishing boat/n03351262_2266.jpg,vehicle,fishing boat,0.4
vehicle/fishing boat/n03351262_2268.jpg,vehicle,fishing boat,0.641509433962264
vehicle/fishing boat/n03351262_24380.jpg,vehicle,fishing boat,0.704081632653061
vehicle/fishing boat/n03351262_341.jpg,vehicle,fishing boat,0.61
vehicle/fishing boat/n03351262_343.jpg,vehicle,fishing boat,0.566371681415929
vehicle/fishing boat/n03351262_4056.jpg,vehicle,fishing boat,0.747663551401869
vehicle/fishing boat/n03351262_4099.jpg,vehicle,fishing boat,0.685185185185185
vehicle/fishing boat/n03351262_4636.jpg,vehicle,fishing boat,0.73109243697479
vehicle/fishing boat/n03351262_4914.jpg,vehicle,fishing boat,0.526315789473684
vehicle/fishing boat/n03351262_5021.jpg,vehicle,fishing boat,0.505376344086022
vehicle/fishing boat/n03351262_5274.jpg,vehicle,fishing boat,0.785714285714286
vehicle/fishing boat/n03351262_5778.jpg,vehicle,fishing boat,0.391304347826087
vehicle/fishing boat/n03351262_6605.jpg,vehicle,fishing boat,0.657407407407407
vehicle/fishing boat/n03351262_6706.jpg,vehicle,fishing boat,0.485981308411215
vehicle/fishing boat/n03351262_7325.jpg,vehicle,fishing boat,0.5
vehicle/fishing boat/n03351262_7679.jpg,vehicle,fishing boat,0.669902912621359
vehicle/fishing boat/n03351262_797.jpg,vehicle,fishing boat,0.385542168674699
vehicle/fishing boat/n03351262_8162.jpg,vehicle,fishing boat,0.554347826086957
vehicle/fishing boat/n03351262_868.jpg,vehicle,fishing boat,0.65625
vehicle/fishing boat/n03351262_897.jpg,vehicle,fishing boat,0.683760683760684
vehicle/fishing boat/n03351262_964.jpg,vehicle,fishing boat,0.529411764705882
vehicle/forklift/n03384352_10087.jpg,vehicle,forklift,0.677083333333333
vehicle/forklift/n03384352_10431.jpg,vehicle,forklift,0.663636363636364
vehicle/forklift/n03384352_10506.jpg,vehicle,forklift,0.803418803418803
vehicle/forklift/n03384352_10775.jpg,vehicle,forklift,0.755555555555556
vehicle/forklift/n03384352_11309.jpg,vehicle,forklift,0.769230769230769
vehicle/forklift/n03384352_11538.jpg,vehicle,forklift,0.76530612244898
vehicle/forklift/n03384352_12110.jpg,vehicle,forklift,0.729166666666667
vehicle/forklift/n03384352_12186.jpg,vehicle,forklift,0.85981308411215
vehicle/forklift/n03384352_12226.jpg,vehicle,forklift,0.691358024691358
vehicle/forklift/n03384352_12708.jpg,vehicle,forklift,0.637362637362637
vehicle/forklift/n03384352_149.jpg,vehicle,forklift,0.442307692307692
vehicle/forklift/n03384352_14928.jpg,vehicle,forklift,0.674157303370786
vehicle/forklift/n03384352_15031.jpg,vehicle,forklift,0.762886597938144
vehicle/forklift/n03384352_1547.jpg,vehicle,forklift,0.854545454545454
vehicle/forklift/n03384352_1664.jpg,vehicle,forklift,0.532608695652174
vehicle/forklift/n03384352_1735.jpg,vehicle,forklift,0.673684210526316
vehicle/forklift/n03384352_1736.jpg,vehicle,forklift,0.666666666666667
vehicle/forklift/n03384352_202.jpg,vehicle,forklift,0.760416666666667
vehicle/forklift/n03384352_2419.jpg,vehicle,forklift,0.784313725490196
vehicle/forklift/n03384352_2459.jpg,vehicle,forklift,0.693181818181818
vehicle/forklift/n03384352_2487.jpg,vehicle,forklift,0.656862745098039
vehicle/forklift/n03384352_2517.jpg,vehicle,forklift,0.456521739130435
vehicle/forklift/n03384352_2786.jpg,vehicle,forklift,0.69672131147541
vehicle/forklift/n03384352_29.jpg,vehicle,forklift,0.640449438202247
vehicle/forklift/n03384352_2940.jpg,vehicle,forklift,0.706521739130435
vehicle/forklift/n03384352_2997.jpg,vehicle,forklift,0.673076923076923
vehicle/forklift/n03384352_304.jpg,vehicle,forklift,0.723809523809524
vehicle/forklift/n03384352_3142.jpg,vehicle,forklift,0.764150943396226
vehicle/forklift/n03384352_3206.jpg,vehicle,forklift,0.806818181818182
vehicle/forklift/n03384352_3472.jpg,vehicle,forklift,0.717391304347826
vehicle/forklift/n03384352_3478.jpg,vehicle,forklift,0.855670103092783
vehicle/forklift/n03384352_3531.jpg,vehicle,forklift,0.724489795918367
vehicle/forklift/n03384352_3643.jpg,vehicle,forklift,0.602040816326531
vehicle/forklift/n03384352_365.jpg,vehicle,forklift,0.747126436781609
vehicle/forklift/n03384352_3683.jpg,vehicle,forklift,0.70873786407767
vehicle/forklift/n03384352_377.jpg,vehicle,forklift,0.722772277227723
vehicle/forklift/n03384352_4114.jpg,vehicle,forklift,0.830188679245283
vehicle/forklift/n03384352_4118.jpg,vehicle,forklift,0.66
vehicle/forklift/n03384352_4289.jpg,vehicle,forklift,0.595744680851064
vehicle/forklift/n03384352_4313.jpg,vehicle,forklift,0.7625
vehicle/forklift/n03384352_4345.jpg,vehicle,forklift,0.675324675324675
vehicle/forklift/n03384352_4362.jpg,vehicle,forklift,0.775280898876405
vehicle/forklift/n03384352_4420.jpg,vehicle,forklift,0.568421052631579
vehicle/forklift/n03384352_4459.jpg,vehicle,forklift,0.811881188118812
vehicle/forklift/n03384352_4667.jpg,vehicle,forklift,0.73728813559322
vehicle/forklift/n03384352_4683.jpg,vehicle,forklift,0.632075471698113
vehicle/forklift/n03384352_4830.jpg,vehicle,forklift,0.764705882352941
vehicle/forklift/n03384352_4866.jpg,vehicle,forklift,0.623762376237624
vehicle/forklift/n03384352_4888.jpg,vehicle,forklift,0.792207792207792
vehicle/forklift/n03384352_5269.jpg,vehicle,forklift,0.741935483870968
vehicle/forklift/n03384352_5294.jpg,vehicle,forklift,0.827272727272727
vehicle/forklift/n03384352_6010.jpg,vehicle,forklift,0.836734693877551
vehicle/forklift/n03384352_6124.jpg,vehicle,forklift,0.805555555555556
vehicle/forklift/n03384352_62.jpg,vehicle,forklift,0.681818181818182
vehicle/forklift/n03384352_6321.jpg,vehicle,forklift,0.619834710743802
vehicle/forklift/n03384352_6451.jpg,vehicle,forklift,0.66
vehicle/forklift/n03384352_6532.jpg,vehicle,forklift,0.699115044247788
vehicle/forklift/n03384352_6548.jpg,vehicle,forklift,0.795698924731183
vehicle/forklift/n03384352_6549.jpg,vehicle,forklift,0.707547169811321
vehicle/forklift/n03384352_7010.jpg,vehicle,forklift,0.833333333333333
vehicle/forklift/n03384352_7040.jpg,vehicle,forklift,0.71
vehicle/forklift/n03384352_736.jpg,vehicle,forklift,0.774509803921569
vehicle/forklift/n03384352_7515.jpg,vehicle,forklift,0.736842105263158
vehicle/forklift/n03384352_7864.jpg,vehicle,forklift,0.764705882352941
vehicle/forklift/n03384352_7952.jpg,vehicle,forklift,0.714285714285714
vehicle/forklift/n03384352_8021.jpg,vehicle,forklift,0.686274509803922
vehicle/forklift/n03384352_8326.jpg,vehicle,forklift,0.652892561983471
vehicle/forklift/n03384352_887.jpg,vehicle,forklift,0.80952380952381
vehicle/forklift/n03384352_9491.jpg,vehicle,forklift,0.652631578947368
vehicle/forklift/n03384352_9687.jpg,vehicle,forklift,0.779069767441861
vehicle/forklift/n03384352_9766.jpg,vehicle,forklift,0.669724770642202
vehicle/forklift/n03384352_9868.jpg,vehicle,forklift,0.67
vehicle/freighter/000000416279.jpg,vehicle,freighter,0.5
vehicle/freighter/n02878222_10543.jpg,vehicle,freighter,0.635593220338983
vehicle/freighter/n02878222_10852.jpg,vehicle,freighter,0.431818181818182
vehicle/freighter/n02878222_1152.jpg,vehicle,freighter,0.640449438202247
vehicle/freighter/n02878222_11521.jpg,vehicle,freighter,0.833333333333333
vehicle/freighter/n02878222_1224.jpg,vehicle,freighter,0.5
vehicle/freighter/n02878222_12402.jpg,vehicle,freighter,0.606299212598425
vehicle/freighter/n02878222_13661.jpg,vehicle,freighter,0.6
vehicle/freighter/n02878222_13850.jpg,vehicle,freighter,0.604166666666667
vehicle/freighter/n02878222_13912.jpg,vehicle,freighter,0.652542372881356
vehicle/freighter/n02878222_14198.jpg,vehicle,freighter,0.649484536082474
vehicle/freighter/n02878222_14542.jpg,vehicle,freighter,0.591397849462366
vehicle/freighter/n02878222_14772.jpg,vehicle,freighter,0.747252747252747
vehicle/freighter/n02878222_1516.jpg,vehicle,freighter,0.456310679611651
vehicle/freighter/n02878222_15173.jpg,vehicle,freighter,0.644859813084112
vehicle/freighter/n02878222_16027.jpg,vehicle,freighter,0.637931034482759
vehicle/freighter/n02878222_16300.jpg,vehicle,freighter,0.581632653061224
vehicle/freighter/n02878222_16377.jpg,vehicle,freighter,0.494623655913978
vehicle/freighter/n02878222_16581.jpg,vehicle,freighter,0.627450980392157
vehicle/freighter/n02878222_1696.jpg,vehicle,freighter,0.651162790697674
vehicle/freighter/n02878222_17573.jpg,vehicle,freighter,0.65979381443299
vehicle/freighter/n02878222_17636.jpg,vehicle,freighter,0.528735632183908
vehicle/freighter/n02878222_17891.jpg,vehicle,freighter,0.39047619047619
vehicle/freighter/n02878222_17948.jpg,vehicle,freighter,0.627450980392157
vehicle/freighter/n02878222_18067.jpg,vehicle,freighter,0.708860759493671
vehicle/freighter/n02878222_18070.jpg,vehicle,freighter,0.54
vehicle/freighter/n02878222_18358.jpg,vehicle,freighter,0.611650485436893
vehicle/freighter/n02878222_18521.jpg,vehicle,freighter,0.621052631578947
vehicle/freighter/n02878222_18806.jpg,vehicle,freighter,0.651376146788991
vehicle/freighter/n02878222_18843.jpg,vehicle,freighter,0.535353535353535
vehicle/freighter/n02878222_1910.jpg,vehicle,freighter,0.636363636363636
vehicle/freighter/n02878222_19277.jpg,vehicle,freighter,0.567307692307692
vehicle/freighter/n02878222_19400.jpg,vehicle,freighter,0.627659574468085
vehicle/freighter/n02878222_204.jpg,vehicle,freighter,0.646017699115044
vehicle/freighter/n02878222_2092.jpg,vehicle,freighter,0.564356435643564
vehicle/freighter/n02878222_21406.jpg,vehicle,freighter,0.698924731182796
vehicle/freighter/n02878222_21494.jpg,vehicle,freighter,0.84375
vehicle/freighter/n02878222_2180.jpg,vehicle,freighter,0.535714285714286
vehicle/freighter/n02878222_22680.jpg,vehicle,freighter,0.65
vehicle/freighter/n02878222_23049.jpg,vehicle,freighter,0.389473684210526
vehicle/freighter/n02878222_23074.jpg,vehicle,freighter,0.639175257731959
vehicle/freighter/n02878222_23308.jpg,vehicle,freighter,0.705882352941177
vehicle/freighter/n02878222_23354.jpg,vehicle,freighter,0.764705882352941
vehicle/freighter/n02878222_24359.jpg,vehicle,freighter,0.675925925925926
vehicle/freighter/n02878222_24389.jpg,vehicle,freighter,0.568421052631579
vehicle/freighter/n02878222_26417.jpg,vehicle,freighter,0.589473684210526
vehicle/freighter/n02878222_26509.jpg,vehicle,freighter,0.636363636363636
vehicle/freighter/n02878222_26794.jpg,vehicle,freighter,0.510416666666667
vehicle/freighter/n02878222_30785.jpg,vehicle,freighter,0.60952380952381
vehicle/freighter/n02878222_30846.jpg,vehicle,freighter,0.696428571428571
vehicle/freighter/n02878222_30942.jpg,vehicle,freighter,0.575757575757576
vehicle/freighter/n02878222_32269.jpg,vehicle,freighter,0.444444444444444
vehicle/freighter/n02878222_34897.jpg,vehicle,freighter,0.657894736842105
vehicle/freighter/n02878222_35223.jpg,vehicle,freighter,0.627450980392157
vehicle/freighter/n02878222_35299.jpg,vehicle,freighter,0.605769230769231
vehicle/freighter/n02878222_3584.jpg,vehicle,freighter,0.603960396039604
vehicle/freighter/n02878222_3677.jpg,vehicle,freighter,0.670103092783505
vehicle/freighter/n02878222_3678.jpg,vehicle,freighter,0.604395604395604
vehicle/freighter/n02878222_37557.jpg,vehicle,freighter,0.619565217391304
vehicle/freighter/n02878222_37920.jpg,vehicle,freighter,0.755102040816326
vehicle/freighter/n02878222_37931.jpg,vehicle,freighter,0.673267326732673
vehicle/freighter/n02878222_38486.jpg,vehicle,freighter,0.5
vehicle/freighter/n02878222_3982.jpg,vehicle,freighter,0.628865979381443
vehicle/freighter/n02878222_4032.jpg,vehicle,freighter,0.442105263157895
vehicle/freighter/n02878222_42342.jpg,vehicle,freighter,0.686274509803922
vehicle/freighter/n02878222_4389.jpg,vehicle,freighter,0.646464646464647
vehicle/freighter/n02878222_46730.jpg,vehicle,freighter,0.663461538461538
vehicle/freighter/n02878222_46859.jpg,vehicle,freighter,0.693877551020408
vehicle/freighter/n02878222_4686.jpg,vehicle,freighter,0.6
vehicle/freighter/n02878222_47064.jpg,vehicle,freighter,0.597938144329897
vehicle/freighter/n02878222_4730.jpg,vehicle,freighter,0.680412371134021
vehicle/freighter/n02878222_47630.jpg,vehicle,freighter,0.574468085106383
vehicle/freighter/n02878222_48037.jpg,vehicle,freighter,0.638095238095238
vehicle/freighter/n02878222_49287.jpg,vehicle,freighter,0.532110091743119
vehicle/freighter/n02878222_49624.jpg,vehicle,freighter,0.732142857142857
vehicle/freighter/n02878222_49784.jpg,vehicle,freighter,0.574257425742574
vehicle/freighter/n02878222_49964.jpg,vehicle,freighter,0.363636363636364
vehicle/freighter/n02878222_50742.jpg,vehicle,freighter,0.728971962616822
vehicle/freighter/n02878222_50828.jpg,vehicle,freighter,0.42
vehicle/freighter/n02878222_51202.jpg,vehicle,freighter,0.552380952380952
vehicle/freighter/n02878222_51618.jpg,vehicle,freighter,0.587628865979381
vehicle/freighter/n02878222_5314.jpg,vehicle,freighter,0.61
vehicle/freighter/n02878222_5468.jpg,vehicle,freighter,0.540816326530612
vehicle/freighter/n02878222_5540.jpg,vehicle,freighter,0.673469387755102
vehicle/freighter/n02878222_6102.jpg,vehicle,freighter,0.670212765957447
vehicle/freighter/n02878222_6258.jpg,vehicle,freighter,0.495049504950495
vehicle/freighter/n02878222_637.jpg,vehicle,freighter,0.525773195876289
vehicle/freighter/n02878222_6578.jpg,vehicle,freighter,0.574712643678161
vehicle/freighter/n02878222_6589.jpg,vehicle,freighter,0.46875
vehicle/freighter/n02878222_6607.jpg,vehicle,freighter,0.734939759036145
vehicle/freighter/n02878222_7125.jpg,vehicle,freighter,0.67741935483871
vehicle/freighter/n02878222_7156.jpg,vehicle,freighter,0.524752475247525
vehicle/freighter/n02878222_7418.jpg,vehicle,freighter,0.64
vehicle/freighter/n02878222_744.jpg,vehicle,freighter,0.584070796460177
vehicle/freighter/n02878222_7770.jpg,vehicle,freighter,0.601851851851852
vehicle/freighter/n02878222_8171.jpg,vehicle,freighter,0.642105263157895
vehicle/freighter/n02878222_8228.jpg,vehicle,freighter,0.530120481927711
vehicle/freighter/n02878222_903.jpg,vehicle,freighter,0.634146341463415
vehicle/freighter/n02878222_9098.jpg,vehicle,freighter,0.571428571428571
vehicle/helicopter/n03512147_11785.jpg,vehicle,helicopter,0.647619047619048
vehicle/helicopter/n03512147_1201.jpg,vehicle,helicopter,0.60377358490566
vehicle/helicopter/n03512147_1210.jpg,vehicle,helicopter,0.804347826086957
vehicle/helicopter/n03512147_1223.jpg,vehicle,helicopter,0.763440860215054
vehicle/helicopter/n03512147_1252.jpg,vehicle,helicopter,0.759615384615385
vehicle/helicopter/n03512147_1318.jpg,vehicle,helicopter,0.65
vehicle/helicopter/n03512147_1375.jpg,vehicle,helicopter,0.720430107526882
vehicle/helicopter/n03512147_1408.jpg,vehicle,helicopter,0.727272727272727
vehicle/helicopter/n03512147_1417.jpg,vehicle,helicopter,0.565217391304348
vehicle/helicopter/n03512147_1448.jpg,vehicle,helicopter,0.566371681415929
vehicle/helicopter/n03512147_1461.jpg,vehicle,helicopter,0.53125
vehicle/helicopter/n03512147_1585.jpg,vehicle,helicopter,0.666666666666667
vehicle/helicopter/n03512147_1617.jpg,vehicle,helicopter,0.65979381443299
vehicle/helicopter/n03512147_1768.jpg,vehicle,helicopter,0.641975308641975
vehicle/helicopter/n03512147_1851.jpg,vehicle,helicopter,0.596153846153846
vehicle/helicopter/n03512147_1888.jpg,vehicle,helicopter,0.662790697674419
vehicle/helicopter/n03512147_2013.jpg,vehicle,helicopter,0.761904761904762
vehicle/helicopter/n03512147_2036.jpg,vehicle,helicopter,0.752577319587629
vehicle/helicopter/n03512147_2076.jpg,vehicle,helicopter,0.594594594594595
vehicle/helicopter/n03512147_211.jpg,vehicle,helicopter,0.666666666666667
vehicle/helicopter/n03512147_2131.jpg,vehicle,helicopter,0.65979381443299
vehicle/helicopter/n03512147_2169.jpg,vehicle,helicopter,0.728395061728395
vehicle/helicopter/n03512147_2234.jpg,vehicle,helicopter,0.712765957446808
vehicle/helicopter/n03512147_224.jpg,vehicle,helicopter,0.767676767676768
vehicle/helicopter/n03512147_231.jpg,vehicle,helicopter,0.836538461538462
vehicle/helicopter/n03512147_23450.jpg,vehicle,helicopter,0.685393258426966
vehicle/helicopter/n03512147_2566.jpg,vehicle,helicopter,0.670454545454545
vehicle/helicopter/n03512147_2669.jpg,vehicle,helicopter,0.718446601941748
vehicle/helicopter/n03512147_2680.jpg,vehicle,helicopter,0.720930232558139
vehicle/helicopter/n03512147_2731.jpg,vehicle,helicopter,0.56989247311828
vehicle/helicopter/n03512147_2754.jpg,vehicle,helicopter,0.721153846153846
vehicle/helicopter/n03512147_2782.jpg,vehicle,helicopter,0.79047619047619
vehicle/helicopter/n03512147_28892.jpg,vehicle,helicopter,0.675925925925926
vehicle/helicopter/n03512147_2987.jpg,vehicle,helicopter,0.79
vehicle/helicopter/n03512147_3019.jpg,vehicle,helicopter,0.722222222222222
vehicle/helicopter/n03512147_304.jpg,vehicle,helicopter,0.606741573033708
vehicle/helicopter/n03512147_308.jpg,vehicle,helicopter,0.752293577981651
vehicle/helicopter/n03512147_311.jpg,vehicle,helicopter,0.644230769230769
vehicle/helicopter/n03512147_3122.jpg,vehicle,helicopter,0.644444444444444
vehicle/helicopter/n03512147_315.jpg,vehicle,helicopter,0.5625
vehicle/helicopter/n03512147_32807.jpg,vehicle,helicopter,0.66
vehicle/helicopter/n03512147_3355.jpg,vehicle,helicopter,0.613861386138614
vehicle/helicopter/n03512147_3381.jpg,vehicle,helicopter,0.677083333333333
vehicle/helicopter/n03512147_3442.jpg,vehicle,helicopter,0.58252427184466
vehicle/helicopter/n03512147_3643.jpg,vehicle,helicopter,0.70873786407767
vehicle/helicopter/n03512147_3705.jpg,vehicle,helicopter,0.743589743589744
vehicle/helicopter/n03512147_3709.jpg,vehicle,helicopter,0.694117647058824
vehicle/helicopter/n03512147_376.jpg,vehicle,helicopter,0.66304347826087
vehicle/helicopter/n03512147_3794.jpg,vehicle,helicopter,0.645161290322581
vehicle/helicopter/n03512147_3800.jpg,vehicle,helicopter,0.704761904761905
vehicle/helicopter/n03512147_3839.jpg,vehicle,helicopter,0.694444444444444
vehicle/helicopter/n03512147_38622.jpg,vehicle,helicopter,0.646017699115044
vehicle/helicopter/n03512147_3959.jpg,vehicle,helicopter,0.653465346534653
vehicle/helicopter/n03512147_39770.jpg,vehicle,helicopter,0.642201834862385
vehicle/helicopter/n03512147_4028.jpg,vehicle,helicopter,0.61
vehicle/helicopter/n03512147_40762.jpg,vehicle,helicopter,0.677083333333333
vehicle/helicopter/n03512147_426.jpg,vehicle,helicopter,0.6875
vehicle/helicopter/n03512147_4278.jpg,vehicle,helicopter,0.880434782608696
vehicle/helicopter/n03512147_438.jpg,vehicle,helicopter,0.754545454545455
vehicle/helicopter/n03512147_4460.jpg,vehicle,helicopter,0.704761904761905
vehicle/helicopter/n03512147_447.jpg,vehicle,helicopter,0.770833333333333
vehicle/helicopter/n03512147_448.jpg,vehicle,helicopter,0.833333333333333
vehicle/helicopter/n03512147_4575.jpg,vehicle,helicopter,0.803571428571429
vehicle/helicopter/n03512147_4628.jpg,vehicle,helicopter,0.509615384615385
vehicle/helicopter/n03512147_463.jpg,vehicle,helicopter,0.669724770642202
vehicle/helicopter/n03512147_4639.jpg,vehicle,helicopter,0.744444444444444
vehicle/helicopter/n03512147_4982.jpg,vehicle,helicopter,0.544554455445545
vehicle/helicopter/n03512147_5093.jpg,vehicle,helicopter,0.742574257425743
vehicle/helicopter/n03512147_5293.jpg,vehicle,helicopter,0.738636363636364
vehicle/helicopter/n03512147_5385.jpg,vehicle,helicopter,0.669902912621359
vehicle/helicopter/n03512147_5436.jpg,vehicle,helicopter,0.585585585585586
vehicle/helicopter/n03512147_5457.jpg,vehicle,helicopter,0.638095238095238
vehicle/helicopter/n03512147_5486.jpg,vehicle,helicopter,0.745283018867924
vehicle/helicopter/n03512147_5493.jpg,vehicle,helicopter,0.6875
vehicle/helicopter/n03512147_553.jpg,vehicle,helicopter,0.795918367346939
vehicle/helicopter/n03512147_57.jpg,vehicle,helicopter,0.782608695652174
vehicle/helicopter/n03512147_5820.jpg,vehicle,helicopter,0.774509803921569
vehicle/helicopter/n03512147_5835.jpg,vehicle,helicopter,0.640449438202247
vehicle/helicopter/n03512147_5976.jpg,vehicle,helicopter,0.577586206896552
vehicle/helicopter/n03512147_6004.jpg,vehicle,helicopter,0.657407407407407
vehicle/helicopter/n03512147_607.jpg,vehicle,helicopter,0.846153846153846
vehicle/helicopter/n03512147_6092.jpg,vehicle,helicopter,0.730337078651685
vehicle/helicopter/n03512147_6184.jpg,vehicle,helicopter,0.737373737373737
vehicle/helicopter/n03512147_6213.jpg,vehicle,helicopter,0.789473684210526
vehicle/helicopter/n03512147_6294.jpg,vehicle,helicopter,0.596638655462185
vehicle/helicopter/n03512147_6299.jpg,vehicle,helicopter,0.712871287128713
vehicle/helicopter/n03512147_6317.jpg,vehicle,helicopter,0.619047619047619
vehicle/helicopter/n03512147_6403.jpg,vehicle,helicopter,0.673469387755102
vehicle/helicopter/n03512147_6451.jpg,vehicle,helicopter,0.669902912621359
vehicle/helicopter/n03512147_6768.jpg,vehicle,helicopter,0.860215053763441
vehicle/helicopter/n03512147_6874.jpg,vehicle,helicopter,0.739583333333333
vehicle/helicopter/n03512147_7211.jpg,vehicle,helicopter,0.769911504424779
vehicle/helicopter/n03512147_7299.jpg,vehicle,helicopter,0.675925925925926
vehicle/helicopter/n03512147_7399.jpg,vehicle,helicopter,0.659340659340659
vehicle/helicopter/n03512147_7811.jpg,vehicle,helicopter,0.727272727272727
vehicle/helicopter/n03512147_853.jpg,vehicle,helicopter,0.681818181818182
vehicle/helicopter/n03512147_862.jpg,vehicle,helicopter,0.641025641025641
vehicle/helicopter/n03512147_962.jpg,vehicle,helicopter,0.739583333333333
vehicle/hot-air balloon/n03541923_1034.jpg,vehicle,hot-air balloon,0.865384615384615
vehicle/hot-air balloon/n03541923_10735.jpg,vehicle,hot-air balloon,0.784313725490196
vehicle/hot-air balloon/n03541923_1119.jpg,vehicle,hot-air balloon,0.660550458715596
vehicle/hot-air balloon/n03541923_1152.jpg,vehicle,hot-air balloon,0.927835051546392
vehicle/hot-air balloon/n03541923_120.jpg,vehicle,hot-air balloon,0.83695652173913
vehicle/hot-air balloon/n03541923_1232.jpg,vehicle,hot-air balloon,0.677777777777778
vehicle/hot-air balloon/n03541923_1299.jpg,vehicle,hot-air balloon,0.888888888888889
vehicle/hot-air balloon/n03541923_1341.jpg,vehicle,hot-air balloon,0.641509433962264
vehicle/hot-air balloon/n03541923_1346.jpg,vehicle,hot-air balloon,0.852941176470588
vehicle/hot-air balloon/n03541923_1364.jpg,vehicle,hot-air balloon,0.838383838383838
vehicle/hot-air balloon/n03541923_1367.jpg,vehicle,hot-air balloon,0.84
vehicle/hot-air balloon/n03541923_1390.jpg,vehicle,hot-air balloon,0.686868686868687
vehicle/hot-air balloon/n03541923_1509.jpg,vehicle,hot-air balloon,0.785123966942149
vehicle/hot-air balloon/n03541923_1553.jpg,vehicle,hot-air balloon,0.823529411764706
vehicle/hot-air balloon/n03541923_1599.jpg,vehicle,hot-air balloon,0.719298245614035
vehicle/hot-air balloon/n03541923_1646.jpg,vehicle,hot-air balloon,0.709677419354839
vehicle/hot-air balloon/n03541923_1742.jpg,vehicle,hot-air balloon,0.63716814159292
vehicle/hot-air balloon/n03541923_1761.jpg,vehicle,hot-air balloon,0.80188679245283
vehicle/hot-air balloon/n03541923_1765.jpg,vehicle,hot-air balloon,0.817073170731707
vehicle/hot-air balloon/n03541923_1834.jpg,vehicle,hot-air balloon,0.857142857142857
vehicle/hot-air balloon/n03541923_1885.jpg,vehicle,hot-air balloon,0.658536585365854
vehicle/hot-air balloon/n03541923_1890.jpg,vehicle,hot-air balloon,0.711538461538462
vehicle/hot-air balloon/n03541923_1892.jpg,vehicle,hot-air balloon,0.752475247524752
vehicle/hot-air balloon/n03541923_1916.jpg,vehicle,hot-air balloon,0.849462365591398
vehicle/hot-air balloon/n03541923_1963.jpg,vehicle,hot-air balloon,0.65625
vehicle/hot-air balloon/n03541923_2049.jpg,vehicle,hot-air balloon,0.793103448275862
vehicle/hot-air balloon/n03541923_2052.jpg,vehicle,hot-air balloon,0.794392523364486
vehicle/hot-air balloon/n03541923_2180.jpg,vehicle,hot-air balloon,0.73
vehicle/hot-air balloon/n03541923_227.jpg,vehicle,hot-air balloon,0.616279069767442
vehicle/hot-air balloon/n03541923_2351.jpg,vehicle,hot-air balloon,0.558823529411765
vehicle/hot-air balloon/n03541923_2423.jpg,vehicle,hot-air balloon,0.711538461538462
vehicle/hot-air balloon/n03541923_2426.jpg,vehicle,hot-air balloon,0.826530612244898
vehicle/hot-air balloon/n03541923_2456.jpg,vehicle,hot-air balloon,0.77
vehicle/hot-air balloon/n03541923_2537.jpg,vehicle,hot-air balloon,0.594827586206897
vehicle/hot-air balloon/n03541923_2560.jpg,vehicle,hot-air balloon,0.693181818181818
vehicle/hot-air balloon/n03541923_2611.jpg,vehicle,hot-air balloon,0.776595744680851
vehicle/hot-air balloon/n03541923_2652.jpg,vehicle,hot-air balloon,0.781818181818182
vehicle/hot-air balloon/n03541923_2653.jpg,vehicle,hot-air balloon,0.733333333333333
vehicle/hot-air balloon/n03541923_2669.jpg,vehicle,hot-air balloon,0.752475247524752
vehicle/hot-air balloon/n03541923_2670.jpg,vehicle,hot-air balloon,0.706521739130435
vehicle/hot-air balloon/n03541923_272.jpg,vehicle,hot-air balloon,0.885057471264368
vehicle/hot-air balloon/n03541923_274.jpg,vehicle,hot-air balloon,0.732558139534884
vehicle/hot-air balloon/n03541923_2802.jpg,vehicle,hot-air balloon,0.741666666666667
vehicle/hot-air balloon/n03541923_2848.jpg,vehicle,hot-air balloon,0.771428571428571
vehicle/hot-air balloon/n03541923_2907.jpg,vehicle,hot-air balloon,0.848484848484849
vehicle/hot-air balloon/n03541923_2920.jpg,vehicle,hot-air balloon,0.836363636363636
vehicle/hot-air balloon/n03541923_295.jpg,vehicle,hot-air balloon,0.636363636363636
vehicle/hot-air balloon/n03541923_3041.jpg,vehicle,hot-air balloon,0.769911504424779
vehicle/hot-air balloon/n03541923_3169.jpg,vehicle,hot-air balloon,0.69811320754717
vehicle/hot-air balloon/n03541923_3225.jpg,vehicle,hot-air balloon,0.864864864864865
vehicle/hot-air balloon/n03541923_3231.jpg,vehicle,hot-air balloon,0.783505154639175
vehicle/hot-air balloon/n03541923_3253.jpg,vehicle,hot-air balloon,0.73469387755102
vehicle/hot-air balloon/n03541923_3287.jpg,vehicle,hot-air balloon,0.807692307692308
vehicle/hot-air balloon/n03541923_3397.jpg,vehicle,hot-air balloon,0.809090909090909
vehicle/hot-air balloon/n03541923_354.jpg,vehicle,hot-air balloon,0.735042735042735
vehicle/hot-air balloon/n03541923_3554.jpg,vehicle,hot-air balloon,0.731182795698925
vehicle/hot-air balloon/n03541923_3649.jpg,vehicle,hot-air balloon,0.774509803921569
vehicle/hot-air balloon/n03541923_3651.jpg,vehicle,hot-air balloon,0.741666666666667
vehicle/hot-air balloon/n03541923_3654.jpg,vehicle,hot-air balloon,0.697916666666667
vehicle/hot-air balloon/n03541923_3691.jpg,vehicle,hot-air balloon,0.680412371134021
vehicle/hot-air balloon/n03541923_373.jpg,vehicle,hot-air balloon,0.721649484536082
vehicle/hot-air balloon/n03541923_3778.jpg,vehicle,hot-air balloon,0.64
vehicle/hot-air balloon/n03541923_3836.jpg,vehicle,hot-air balloon,0.678260869565217
vehicle/hot-air balloon/n03541923_3877.jpg,vehicle,hot-air balloon,0.644230769230769
vehicle/hot-air balloon/n03541923_3913.jpg,vehicle,hot-air balloon,0.732673267326733
vehicle/hot-air balloon/n03541923_3937.jpg,vehicle,hot-air balloon,0.747368421052632
vehicle/hot-air balloon/n03541923_3962.jpg,vehicle,hot-air balloon,0.838095238095238
vehicle/hot-air balloon/n03541923_397.jpg,vehicle,hot-air balloon,0.77319587628866
vehicle/hot-air balloon/n03541923_4063.jpg,vehicle,hot-air balloon,0.819047619047619
vehicle/hot-air balloon/n03541923_4128.jpg,vehicle,hot-air balloon,0.712871287128713
vehicle/hot-air balloon/n03541923_4142.jpg,vehicle,hot-air balloon,0.787234042553192
vehicle/hot-air balloon/n03541923_4292.jpg,vehicle,hot-air balloon,0.604395604395604
vehicle/hot-air balloon/n03541923_4376.jpg,vehicle,hot-air balloon,0.614678899082569
vehicle/hot-air balloon/n03541923_4445.jpg,vehicle,hot-air balloon,0.72
vehicle/hot-air balloon/n03541923_477.jpg,vehicle,hot-air balloon,0.763636363636364
vehicle/hot-air balloon/n03541923_504.jpg,vehicle,hot-air balloon,0.789473684210526
vehicle/hot-air balloon/n03541923_5133.jpg,vehicle,hot-air balloon,0.714285714285714
vehicle/hot-air balloon/n03541923_565.jpg,vehicle,hot-air balloon,0.737864077669903
vehicle/hot-air balloon/n03541923_579.jpg,vehicle,hot-air balloon,0.824
vehicle/hot-air balloon/n03541923_5803.jpg,vehicle,hot-air balloon,0.802197802197802
vehicle/hot-air balloon/n03541923_5874.jpg,vehicle,hot-air balloon,0.636363636363636
vehicle/hot-air balloon/n03541923_611.jpg,vehicle,hot-air balloon,0.670454545454545
vehicle/hot-air balloon/n03541923_628.jpg,vehicle,hot-air balloon,0.735294117647059
vehicle/hot-air balloon/n03541923_643.jpg,vehicle,hot-air balloon,0.6875
vehicle/hot-air balloon/n03541923_647.jpg,vehicle,hot-air balloon,0.654545454545455
vehicle/hot-air balloon/n03541923_738.jpg,vehicle,hot-air balloon,0.696078431372549
vehicle/hot-air balloon/n03541923_739.jpg,vehicle,hot-air balloon,0.768518518518518
vehicle/hot-air balloon/n03541923_748.jpg,vehicle,hot-air balloon,0.728971962616822
vehicle/hot-air balloon/n03541923_755.jpg,vehicle,hot-air balloon,0.806122448979592
vehicle/hot-air balloon/n03541923_761.jpg,vehicle,hot-air balloon,0.688888888888889
vehicle/hot-air balloon/n03541923_855.jpg,vehicle,hot-air balloon,0.786407766990291
vehicle/hot-air balloon/n03541923_889.jpg,vehicle,hot-air balloon,0.784090909090909
vehicle/hot-air balloon/n03541923_95.jpg,vehicle,hot-air balloon,0.672566371681416
vehicle/hot-air balloon/n03541923_980.jpg,vehicle,hot-air balloon,0.666666666666667
vehicle/limousine/n03670208_10000.jpg,vehicle,limousine,0.75531914893617
vehicle/limousine/n03670208_10304.jpg,vehicle,limousine,0.656862745098039
vehicle/limousine/n03670208_10575.jpg,vehicle,limousine,0.597826086956522
vehicle/limousine/n03670208_10624.jpg,vehicle,limousine,0.77
vehicle/limousine/n03670208_1071.jpg,vehicle,limousine,0.638297872340426
vehicle/limousine/n03670208_1086.jpg,vehicle,limousine,0.821052631578947
vehicle/limousine/n03670208_1113.jpg,vehicle,limousine,0.822222222222222
vehicle/limousine/n03670208_11267.jpg,vehicle,limousine,0.831775700934579
vehicle/limousine/n03670208_11611.jpg,vehicle,limousine,0.762376237623762
vehicle/limousine/n03670208_11796.jpg,vehicle,limousine,0.792079207920792
vehicle/limousine/n03670208_12165.jpg,vehicle,limousine,0.727272727272727
vehicle/limousine/n03670208_12364.jpg,vehicle,limousine,0.852272727272727
vehicle/limousine/n03670208_12615.jpg,vehicle,limousine,0.757281553398058
vehicle/limousine/n03670208_12822.jpg,vehicle,limousine,0.838383838383838
vehicle/limousine/n03670208_12941.jpg,vehicle,limousine,0.685714285714286
vehicle/limousine/n03670208_12964.jpg,vehicle,limousine,0.807692307692308
vehicle/limousine/n03670208_13015.jpg,vehicle,limousine,0.675925925925926
vehicle/limousine/n03670208_1333.jpg,vehicle,limousine,0.793814432989691
vehicle/limousine/n03670208_13424.jpg,vehicle,limousine,0.735849056603774
vehicle/limousine/n03670208_13691.jpg,vehicle,limousine,0.872549019607843
vehicle/limousine/n03670208_13877.jpg,vehicle,limousine,0.694214876033058
vehicle/limousine/n03670208_13910.jpg,vehicle,limousine,0.820224719101124
vehicle/limousine/n03670208_14758.jpg,vehicle,limousine,0.793103448275862
vehicle/limousine/n03670208_14846.jpg,vehicle,limousine,0.811320754716981
vehicle/limousine/n03670208_15043.jpg,vehicle,limousine,0.772277227722772
vehicle/limousine/n03670208_15057.jpg,vehicle,limousine,0.802325581395349
vehicle/limousine/n03670208_15077.jpg,vehicle,limousine,0.811111111111111
vehicle/limousine/n03670208_1659.jpg,vehicle,limousine,0.846153846153846
vehicle/limousine/n03670208_16904.jpg,vehicle,limousine,0.835051546391753
vehicle/limousine/n03670208_1789.jpg,vehicle,limousine,0.795918367346939
vehicle/limousine/n03670208_1953.jpg,vehicle,limousine,0.722222222222222
vehicle/limousine/n03670208_20803.jpg,vehicle,limousine,0.82
vehicle/limousine/n03670208_2187.jpg,vehicle,limousine,0.670103092783505
vehicle/limousine/n03670208_2214.jpg,vehicle,limousine,0.771739130434783
vehicle/limousine/n03670208_25045.jpg,vehicle,limousine,0.759259259259259
vehicle/limousine/n03670208_25070.jpg,vehicle,limousine,0.906976744186046
vehicle/limousine/n03670208_25365.jpg,vehicle,limousine,0.744897959183674
vehicle/limousine/n03670208_2699.jpg,vehicle,limousine,0.806122448979592
vehicle/limousine/n03670208_28315.jpg,vehicle,limousine,0.825242718446602
vehicle/limousine/n03670208_285.jpg,vehicle,limousine,0.774193548387097
vehicle/limousine/n03670208_31575.jpg,vehicle,limousine,0.815533980582524
vehicle/limousine/n03670208_3198.jpg,vehicle,limousine,0.747252747252747
vehicle/limousine/n03670208_3267.jpg,vehicle,limousine,0.844660194174757
vehicle/limousine/n03670208_3334.jpg,vehicle,limousine,0.86734693877551
vehicle/limousine/n03670208_33811.jpg,vehicle,limousine,0.77319587628866
vehicle/limousine/n03670208_3432.jpg,vehicle,limousine,0.813084112149533
vehicle/limousine/n03670208_35150.jpg,vehicle,limousine,0.785714285714286
vehicle/limousine/n03670208_36069.jpg,vehicle,limousine,0.774193548387097
vehicle/limousine/n03670208_36693.jpg,vehicle,limousine,0.663636363636364
vehicle/limousine/n03670208_3695.jpg,vehicle,limousine,0.833333333333333
vehicle/limousine/n03670208_37080.jpg,vehicle,limousine,0.723214285714286
vehicle/limousine/n03670208_37379.jpg,vehicle,limousine,0.788461538461538
vehicle/limousine/n03670208_3837.jpg,vehicle,limousine,0.75531914893617
vehicle/limousine/n03670208_3857.jpg,vehicle,limousine,0.699029126213592
vehicle/limousine/n03670208_3865.jpg,vehicle,limousine,0.730337078651685
vehicle/limousine/n03670208_3971.jpg,vehicle,limousine,0.703703703703704
vehicle/limousine/n03670208_40294.jpg,vehicle,limousine,0.802325581395349
vehicle/limousine/n03670208_40668.jpg,vehicle,limousine,0.703703703703704
vehicle/limousine/n03670208_41966.jpg,vehicle,limousine,0.865168539325843
vehicle/limousine/n03670208_42256.jpg,vehicle,limousine,0.78494623655914
vehicle/limousine/n03670208_4237.jpg,vehicle,limousine,0.733333333333333
vehicle/limousine/n03670208_43162.jpg,vehicle,limousine,0.873684210526316
vehicle/limousine/n03670208_4680.jpg,vehicle,limousine,0.811320754716981
vehicle/limousine/n03670208_4777.jpg,vehicle,limousine,0.666666666666667
vehicle/limousine/n03670208_48077.jpg,vehicle,limousine,0.757575757575758
vehicle/limousine/n03670208_4834.jpg,vehicle,limousine,0.697674418604651
vehicle/limousine/n03670208_49557.jpg,vehicle,limousine,0.752808988764045
vehicle/limousine/n03670208_5002.jpg,vehicle,limousine,0.5
vehicle/limousine/n03670208_51133.jpg,vehicle,limousine,0.680412371134021
vehicle/limousine/n03670208_52450.jpg,vehicle,limousine,0.838383838383838
vehicle/limousine/n03670208_5255.jpg,vehicle,limousine,0.811320754716981
vehicle/limousine/n03670208_5369.jpg,vehicle,limousine,0.857142857142857
vehicle/limousine/n03670208_54805.jpg,vehicle,limousine,0.807017543859649
vehicle/limousine/n03670208_54844.jpg,vehicle,limousine,0.760416666666667
vehicle/limousine/n03670208_5603.jpg,vehicle,limousine,0.807339449541284
vehicle/limousine/n03670208_5631.jpg,vehicle,limousine,0.763440860215054
vehicle/limousine/n03670208_5727.jpg,vehicle,limousine,0.791666666666667
vehicle/limousine/n03670208_5802.jpg,vehicle,limousine,0.852941176470588
vehicle/limousine/n03670208_5831.jpg,vehicle,limousine,0.9
vehicle/limousine/n03670208_6098.jpg,vehicle,limousine,0.875
vehicle/limousine/n03670208_6108.jpg,vehicle,limousine,0.771084337349398
vehicle/limousine/n03670208_6139.jpg,vehicle,limousine,0.725274725274725
vehicle/limousine/n03670208_6382.jpg,vehicle,limousine,0.726415094339623
vehicle/limousine/n03670208_6553.jpg,vehicle,limousine,0.863636363636364
vehicle/limousine/n03670208_6791.jpg,vehicle,limousine,0.860215053763441
vehicle/limousine/n03670208_7028.jpg,vehicle,limousine,0.788888888888889
vehicle/limousine/n03670208_7337.jpg,vehicle,limousine,0.759259259259259
vehicle/limousine/n03670208_737.jpg,vehicle,limousine,0.787234042553192
vehicle/limousine/n03670208_7734.jpg,vehicle,limousine,0.8125
vehicle/limousine/n03670208_7885.jpg,vehicle,limousine,0.867924528301887
vehicle/limousine/n03670208_8336.jpg,vehicle,limousine,0.666666666666667
vehicle/limousine/n03670208_8659.jpg,vehicle,limousine,0.708860759493671
vehicle/limousine/n03670208_9432.jpg,vehicle,limousine,0.78
vehicle/limousine/n03670208_9655.jpg,vehicle,limousine,0.824561403508772
vehicle/limousine/n03670208_9768.jpg,vehicle,limousine,0.734042553191489
vehicle/limousine/n03670208_9812.jpg,vehicle,limousine,0.808080808080808
vehicle/motorcycle/000000002823.jpg,vehicle,motorcycle,0.6
vehicle/motorcycle/000000044240.jpg,vehicle,motorcycle,0.654205607476635
vehicle/motorcycle/000000055469.jpg,vehicle,motorcycle,0.709677419354839
vehicle/motorcycle/000000058713.jpg,vehicle,motorcycle,0.801980198019802
vehicle/motorcycle/000000078307.jpg,vehicle,motorcycle,0.728971962616822
vehicle/motorcycle/000000092529.jpg,vehicle,motorcycle,0.673267326732673
vehicle/motorcycle/000000108470.jpg,vehicle,motorcycle,0.724137931034483
vehicle/motorcycle/000000110159.jpg,vehicle,motorcycle,0.804597701149425
vehicle/motorcycle/000000110961.jpg,vehicle,motorcycle,0.625
vehicle/motorcycle/000000113455.jpg,vehicle,motorcycle,0.682692307692308
vehicle/motorcycle/000000117380.jpg,vehicle,motorcycle,0.68503937007874
vehicle/motorcycle/000000118644.jpg,vehicle,motorcycle,0.75609756097561
vehicle/motorcycle/000000120021.jpg,vehicle,motorcycle,0.68
vehicle/motorcycle/000000150487.jpg,vehicle,motorcycle,0.675925925925926
vehicle/motorcycle/000000164657.jpg,vehicle,motorcycle,0.715789473684211
vehicle/motorcycle/000000198495.jpg,vehicle,motorcycle,0.740384615384615
vehicle/motorcycle/000000203304.jpg,vehicle,motorcycle,0.709401709401709
vehicle/motorcycle/000000225731.jpg,vehicle,motorcycle,0.761904761904762
vehicle/motorcycle/000000259316.jpg,vehicle,motorcycle,0.587628865979381
vehicle/motorcycle/000000342004.jpg,vehicle,motorcycle,0.775280898876405
vehicle/motorcycle/000000351711.jpg,vehicle,motorcycle,0.683760683760684
vehicle/motorcycle/000000369805.jpg,vehicle,motorcycle,0.785714285714286
vehicle/motorcycle/000000390817.jpg,vehicle,motorcycle,0.747899159663866
vehicle/motorcycle/000000395591.jpg,vehicle,motorcycle,0.594594594594595
vehicle/motorcycle/000000402794.jpg,vehicle,motorcycle,0.759259259259259
vehicle/motorcycle/000000405620.jpg,vehicle,motorcycle,0.663157894736842
vehicle/motorcycle/000000425131.jpg,vehicle,motorcycle,0.8
vehicle/motorcycle/000000436856.jpg,vehicle,motorcycle,0.731958762886598
vehicle/motorcycle/000000445218.jpg,vehicle,motorcycle,0.53125
vehicle/motorcycle/000000470292.jpg,vehicle,motorcycle,0.650943396226415
vehicle/motorcycle/000000470300.jpg,vehicle,motorcycle,0.706521739130435
vehicle/motorcycle/000000496939.jpg,vehicle,motorcycle,0.839285714285714
vehicle/motorcycle/000000512394.jpg,vehicle,motorcycle,0.785046728971963
vehicle/motorcycle/000000518010.jpg,vehicle,motorcycle,0.777777777777778
vehicle/motorcycle/000000566278.jpg,vehicle,motorcycle,0.73728813559322
vehicle/motorcycle/n03790512_10156.jpg,vehicle,motorcycle,0.701030927835051
vehicle/motorcycle/n03790512_10899.jpg,vehicle,motorcycle,0.754901960784314
vehicle/motorcycle/n03790512_10993.jpg,vehicle,motorcycle,0.696428571428571
vehicle/motorcycle/n03790512_11024.jpg,vehicle,motorcycle,0.626373626373626
vehicle/motorcycle/n03790512_11044.jpg,vehicle,motorcycle,0.651785714285714
vehicle/motorcycle/n03790512_11298.jpg,vehicle,motorcycle,0.738636363636364
vehicle/motorcycle/n03790512_11613.jpg,vehicle,motorcycle,0.771084337349398
vehicle/motorcycle/n03790512_1183.jpg,vehicle,motorcycle,0.80952380952381
vehicle/motorcycle/n03790512_11888.jpg,vehicle,motorcycle,0.654205607476635
vehicle/motorcycle/n03790512_12001.jpg,vehicle,motorcycle,0.744444444444444
vehicle/motorcycle/n03790512_12076.jpg,vehicle,motorcycle,0.752380952380952
vehicle/motorcycle/n03790512_12141.jpg,vehicle,motorcycle,0.75
vehicle/motorcycle/n03790512_12399.jpg,vehicle,motorcycle,0.64
vehicle/motorcycle/n03790512_12426.jpg,vehicle,motorcycle,0.824175824175824
vehicle/motorcycle/n03790512_12908.jpg,vehicle,motorcycle,0.615384615384615
vehicle/motorcycle/n03790512_13361.jpg,vehicle,motorcycle,0.741071428571429
vehicle/motorcycle/n03790512_13612.jpg,vehicle,motorcycle,0.629213483146067
vehicle/motorcycle/n03790512_13819.jpg,vehicle,motorcycle,0.630630630630631
vehicle/motorcycle/n03790512_13869.jpg,vehicle,motorcycle,0.717171717171717
vehicle/motorcycle/n03790512_13948.jpg,vehicle,motorcycle,0.814432989690722
vehicle/motorcycle/n03790512_14024.jpg,vehicle,motorcycle,0.736263736263736
vehicle/motorcycle/n03790512_14100.jpg,vehicle,motorcycle,0.623529411764706
vehicle/motorcycle/n03790512_14144.jpg,vehicle,motorcycle,0.696969696969697
vehicle/motorcycle/n03790512_14255.jpg,vehicle,motorcycle,0.714285714285714
vehicle/motorcycle/n03790512_14584.jpg,vehicle,motorcycle,0.696629213483146
vehicle/motorcycle/n03790512_14881.jpg,vehicle,motorcycle,0.697916666666667
vehicle/motorcycle/n03790512_1490.jpg,vehicle,motorcycle,0.693069306930693
vehicle/motorcycle/n03790512_15268.jpg,vehicle,motorcycle,0.707070707070707
vehicle/motorcycle/n03790512_1549.jpg,vehicle,motorcycle,0.692982456140351
vehicle/motorcycle/n03790512_1748.jpg,vehicle,motorcycle,0.730769230769231
vehicle/motorcycle/n03790512_1777.jpg,vehicle,motorcycle,0.720930232558139
vehicle/motorcycle/n03790512_2492.jpg,vehicle,motorcycle,0.790909090909091
vehicle/motorcycle/n03790512_28698.jpg,vehicle,motorcycle,0.689320388349515
vehicle/motorcycle/n03790512_31607.jpg,vehicle,motorcycle,0.678899082568807
vehicle/motorcycle/n03790512_3214.jpg,vehicle,motorcycle,0.728971962616822
vehicle/motorcycle/n03790512_3266.jpg,vehicle,motorcycle,0.81651376146789
vehicle/motorcycle/n03790512_370.jpg,vehicle,motorcycle,0.806818181818182
vehicle/motorcycle/n03790512_3785.jpg,vehicle,motorcycle,0.788235294117647
vehicle/motorcycle/n03790512_38630.jpg,vehicle,motorcycle,0.72289156626506
vehicle/motorcycle/n03790512_3940.jpg,vehicle,motorcycle,0.692307692307692
vehicle/motorcycle/n03790512_40609.jpg,vehicle,motorcycle,0.79
vehicle/motorcycle/n03790512_4298.jpg,vehicle,motorcycle,0.68141592920354
vehicle/motorcycle/n03790512_4315.jpg,vehicle,motorcycle,0.553191489361702
vehicle/motorcycle/n03790512_4715.jpg,vehicle,motorcycle,0.736263736263736
vehicle/motorcycle/n03790512_5014.jpg,vehicle,motorcycle,0.769230769230769
vehicle/motorcycle/n03790512_5423.jpg,vehicle,motorcycle,0.764705882352941
vehicle/motorcycle/n03790512_559.jpg,vehicle,motorcycle,0.679245283018868
vehicle/motorcycle/n03790512_5732.jpg,vehicle,motorcycle,0.797752808988764
vehicle/motorcycle/n03790512_5804.jpg,vehicle,motorcycle,0.597938144329897
vehicle/motorcycle/n03790512_5927.jpg,vehicle,motorcycle,0.717391304347826
vehicle/motorcycle/n03790512_6401.jpg,vehicle,motorcycle,0.792079207920792
vehicle/motorcycle/n03790512_6472.jpg,vehicle,motorcycle,0.62037037037037
vehicle/motorcycle/n03790512_6921.jpg,vehicle,motorcycle,0.764705882352941
vehicle/motorcycle/n03790512_7560.jpg,vehicle,motorcycle,0.7
vehicle/motorcycle/n03790512_8493.jpg,vehicle,motorcycle,0.715686274509804
vehicle/motorcycle/n03790512_8713.jpg,vehicle,motorcycle,0.691588785046729
vehicle/motorcycle/n03790512_932.jpg,vehicle,motorcycle,0.730769230769231
vehicle/motorcycle/n03790512_9380.jpg,vehicle,motorcycle,0.742268041237113
vehicle/motorcycle/n03790512_948.jpg,vehicle,motorcycle,0.66
vehicle/pleasure boat/000000003832.jpg,vehicle,pleasure boat,0.725
vehicle/pleasure boat/000000263176.jpg,vehicle,pleasure boat,0.660194174757282
vehicle/pleasure boat/000000358088.jpg,vehicle,pleasure boat,0.625
vehicle/pleasure boat/000000529774.jpg,vehicle,pleasure boat,0.703703703703704
vehicle/pleasure boat/000000544396.jpg,vehicle,pleasure boat,0.455555555555556
vehicle/pleasure boat/000000544638.jpg,vehicle,pleasure boat,0.481132075471698
vehicle/pleasure boat/n02932891_10246.jpg,vehicle,pleasure boat,0.647058823529412
vehicle/pleasure boat/n02932891_10282.jpg,vehicle,pleasure boat,0.632075471698113
vehicle/pleasure boat/n02932891_110.jpg,vehicle,pleasure boat,0.691588785046729
vehicle/pleasure boat/n02932891_12235.jpg,vehicle,pleasure boat,0.672566371681416
vehicle/pleasure boat/n02932891_13200.jpg,vehicle,pleasure boat,0.521276595744681
vehicle/pleasure boat/n02932891_13317.jpg,vehicle,pleasure boat,0.528089887640449
vehicle/pleasure boat/n02932891_14021.jpg,vehicle,pleasure boat,0.702127659574468
vehicle/pleasure boat/n02932891_15330.jpg,vehicle,pleasure boat,0.356435643564356
vehicle/pleasure boat/n02932891_15504.jpg,vehicle,pleasure boat,0.633663366336634
vehicle/pleasure boat/n02932891_17305.jpg,vehicle,pleasure boat,0.546296296296296
vehicle/pleasure boat/n02932891_17508.jpg,vehicle,pleasure boat,0.393939393939394
vehicle/pleasure boat/n02932891_1765.jpg,vehicle,pleasure boat,0.608247422680412
vehicle/pleasure boat/n02932891_17656.jpg,vehicle,pleasure boat,0.586538461538462
vehicle/pleasure boat/n02932891_17874.jpg,vehicle,pleasure boat,0.601941747572815
vehicle/pleasure boat/n02932891_2007.jpg,vehicle,pleasure boat,0.625
vehicle/pleasure boat/n02932891_20139.jpg,vehicle,pleasure boat,0.674157303370786
vehicle/pleasure boat/n02932891_20386.jpg,vehicle,pleasure boat,0.563106796116505
vehicle/pleasure boat/n02932891_20843.jpg,vehicle,pleasure boat,0.669565217391304
vehicle/pleasure boat/n02932891_20917.jpg,vehicle,pleasure boat,0.483516483516484
vehicle/pleasure boat/n02932891_20947.jpg,vehicle,pleasure boat,0.752293577981651
vehicle/pleasure boat/n02932891_22489.jpg,vehicle,pleasure boat,0.636363636363636
vehicle/pleasure boat/n02932891_23097.jpg,vehicle,pleasure boat,0.495726495726496
vehicle/pleasure boat/n02932891_24092.jpg,vehicle,pleasure boat,0.515463917525773
vehicle/pleasure boat/n02932891_26954.jpg,vehicle,pleasure boat,0.524390243902439
vehicle/pleasure boat/n02932891_27456.jpg,vehicle,pleasure boat,0.642857142857143
vehicle/pleasure boat/n02932891_27995.jpg,vehicle,pleasure boat,0.441860465116279
vehicle/pleasure boat/n02932891_28174.jpg,vehicle,pleasure boat,0.597826086956522
vehicle/pleasure boat/n02932891_2913.jpg,vehicle,pleasure boat,0.601941747572815
vehicle/pleasure boat/n02932891_29563.jpg,vehicle,pleasure boat,0.728155339805825
vehicle/pleasure boat/n02932891_30845.jpg,vehicle,pleasure boat,0.654867256637168
vehicle/pleasure boat/n02932891_30898.jpg,vehicle,pleasure boat,0.53921568627451
vehicle/pleasure boat/n02932891_3159.jpg,vehicle,pleasure boat,0.472527472527473
vehicle/pleasure boat/n02932891_32504.jpg,vehicle,pleasure boat,0.609090909090909
vehicle/pleasure boat/n02932891_32573.jpg,vehicle,pleasure boat,0.533333333333333
vehicle/pleasure boat/n02932891_3352.jpg,vehicle,pleasure boat,0.728070175438597
vehicle/pleasure boat/n02932891_34440.jpg,vehicle,pleasure boat,0.536082474226804
vehicle/pleasure boat/n02932891_34888.jpg,vehicle,pleasure boat,0.505154639175258
vehicle/pleasure boat/n02932891_36476.jpg,vehicle,pleasure boat,0.596153846153846
vehicle/pleasure boat/n02932891_36723.jpg,vehicle,pleasure boat,0.607142857142857
vehicle/pleasure boat/n02932891_37035.jpg,vehicle,pleasure boat,0.485714285714286
vehicle/pleasure boat/n02932891_37141.jpg,vehicle,pleasure boat,0.684210526315789
vehicle/pleasure boat/n02932891_37190.jpg,vehicle,pleasure boat,0.555555555555556
vehicle/pleasure boat/n02932891_3734.jpg,vehicle,pleasure boat,0.72
vehicle/pleasure boat/n02932891_3743.jpg,vehicle,pleasure boat,0.625
vehicle/pleasure boat/n02932891_37818.jpg,vehicle,pleasure boat,0.59375
vehicle/pleasure boat/n02932891_38305.jpg,vehicle,pleasure boat,0.443037974683544
vehicle/pleasure boat/n02932891_39466.jpg,vehicle,pleasure boat,0.61
vehicle/pleasure boat/n02932891_40314.jpg,vehicle,pleasure boat,0.511627906976744
vehicle/pleasure boat/n02932891_4721.jpg,vehicle,pleasure boat,0.57843137254902
vehicle/pleasure boat/n02932891_5651.jpg,vehicle,pleasure boat,0.683168316831683
vehicle/pleasure boat/n02932891_5942.jpg,vehicle,pleasure boat,0.594059405940594
vehicle/pleasure boat/n02932891_6193.jpg,vehicle,pleasure boat,0.519607843137255
vehicle/pleasure boat/n02932891_6352.jpg,vehicle,pleasure boat,0.576470588235294
vehicle/pleasure boat/n02932891_643.jpg,vehicle,pleasure boat,0.472222222222222
vehicle/pleasure boat/n02932891_7006.jpg,vehicle,pleasure boat,0.65979381443299
vehicle/pleasure boat/n02932891_7848.jpg,vehicle,pleasure boat,0.57
vehicle/pleasure boat/n02932891_8061.jpg,vehicle,pleasure boat,0.617647058823529
vehicle/pleasure boat/n02932891_8633.jpg,vehicle,pleasure boat,0.532608695652174
vehicle/pleasure boat/n02932891_9150.jpg,vehicle,pleasure boat,0.690721649484536
vehicle/pleasure boat/n02932891_9585.jpg,vehicle,pleasure boat,0.670103092783505
vehicle/pleasure boat/n02932891_9865.jpg,vehicle,pleasure boat,0.676470588235294
vehicle/pleasure boat/n02932891_9877.jpg,vehicle,pleasure boat,0.504672897196262
vehicle/scooter/000000067823.jpg,vehicle,scooter,0.659090909090909
vehicle/scooter/000000101749.jpg,vehicle,scooter,0.794642857142857
vehicle/scooter/000000246444.jpg,vehicle,scooter,0.771739130434783
vehicle/scooter/000000567057.jpg,vehicle,scooter,0.777777777777778
vehicle/scooter/n03791053_10016.jpg,vehicle,scooter,0.739583333333333
vehicle/scooter/n03791053_10146.jpg,vehicle,scooter,0.774193548387097
vehicle/scooter/n03791053_10185.jpg,vehicle,scooter,0.696969696969697
vehicle/scooter/n03791053_10202.jpg,vehicle,scooter,0.740740740740741
vehicle/scooter/n03791053_10242.jpg,vehicle,scooter,0.525773195876289
vehicle/scooter/n03791053_10279.jpg,vehicle,scooter,0.830508474576271
vehicle/scooter/n03791053_10430.jpg,vehicle,scooter,0.804597701149425
vehicle/scooter/n03791053_10559.jpg,vehicle,scooter,0.701923076923077
vehicle/scooter/n03791053_10886.jpg,vehicle,scooter,0.745098039215686
vehicle/scooter/n03791053_11283.jpg,vehicle,scooter,0.759259259259259
vehicle/scooter/n03791053_11306.jpg,vehicle,scooter,0.731182795698925
vehicle/scooter/n03791053_11625.jpg,vehicle,scooter,0.857142857142857
vehicle/scooter/n03791053_1165.jpg,vehicle,scooter,0.728070175438597
vehicle/scooter/n03791053_11732.jpg,vehicle,scooter,0.752212389380531
vehicle/scooter/n03791053_12064.jpg,vehicle,scooter,0.75
vehicle/scooter/n03791053_12105.jpg,vehicle,scooter,0.781609195402299
vehicle/scooter/n03791053_12223.jpg,vehicle,scooter,0.73469387755102
vehicle/scooter/n03791053_12289.jpg,vehicle,scooter,0.75
vehicle/scooter/n03791053_12341.jpg,vehicle,scooter,0.752293577981651
vehicle/scooter/n03791053_12453.jpg,vehicle,scooter,0.715447154471545
vehicle/scooter/n03791053_13346.jpg,vehicle,scooter,0.745098039215686
vehicle/scooter/n03791053_13776.jpg,vehicle,scooter,0.740740740740741
vehicle/scooter/n03791053_14626.jpg,vehicle,scooter,0.74
vehicle/scooter/n03791053_15334.jpg,vehicle,scooter,0.728971962616822
vehicle/scooter/n03791053_15494.jpg,vehicle,scooter,0.642105263157895
vehicle/scooter/n03791053_15694.jpg,vehicle,scooter,0.808080808080808
vehicle/scooter/n03791053_16241.jpg,vehicle,scooter,0.78494623655914
vehicle/scooter/n03791053_16372.jpg,vehicle,scooter,0.707070707070707
vehicle/scooter/n03791053_16385.jpg,vehicle,scooter,0.833333333333333
vehicle/scooter/n03791053_16405.jpg,vehicle,scooter,0.575471698113208
vehicle/scooter/n03791053_16934.jpg,vehicle,scooter,0.824175824175824
vehicle/scooter/n03791053_1838.jpg,vehicle,scooter,0.849557522123894
vehicle/scooter/n03791053_1871.jpg,vehicle,scooter,0.817204301075269
vehicle/scooter/n03791053_19618.jpg,vehicle,scooter,0.633663366336634
vehicle/scooter/n03791053_19693.jpg,vehicle,scooter,0.60952380952381
vehicle/scooter/n03791053_2009.jpg,vehicle,scooter,0.706422018348624
vehicle/scooter/n03791053_20338.jpg,vehicle,scooter,0.716981132075472
vehicle/scooter/n03791053_2123.jpg,vehicle,scooter,0.728070175438597
vehicle/scooter/n03791053_22113.jpg,vehicle,scooter,0.757575757575758
vehicle/scooter/n03791053_22481.jpg,vehicle,scooter,0.604938271604938
vehicle/scooter/n03791053_22762.jpg,vehicle,scooter,0.804347826086957
vehicle/scooter/n03791053_22823.jpg,vehicle,scooter,0.80952380952381
vehicle/scooter/n03791053_22912.jpg,vehicle,scooter,0.741176470588235
vehicle/scooter/n03791053_23754.jpg,vehicle,scooter,0.714285714285714
vehicle/scooter/n03791053_2534.jpg,vehicle,scooter,0.604166666666667
vehicle/scooter/n03791053_2585.jpg,vehicle,scooter,0.7
vehicle/scooter/n03791053_2629.jpg,vehicle,scooter,0.712765957446808
vehicle/scooter/n03791053_2632.jpg,vehicle,scooter,0.876190476190476
vehicle/scooter/n03791053_27019.jpg,vehicle,scooter,0.762376237623762
vehicle/scooter/n03791053_27357.jpg,vehicle,scooter,0.65979381443299
vehicle/scooter/n03791053_28017.jpg,vehicle,scooter,0.729166666666667
vehicle/scooter/n03791053_3033.jpg,vehicle,scooter,0.723404255319149
vehicle/scooter/n03791053_3528.jpg,vehicle,scooter,0.633663366336634
vehicle/scooter/n03791053_3744.jpg,vehicle,scooter,0.794117647058823
vehicle/scooter/n03791053_3847.jpg,vehicle,scooter,0.709677419354839
vehicle/scooter/n03791053_3966.jpg,vehicle,scooter,0.610619469026549
vehicle/scooter/n03791053_4466.jpg,vehicle,scooter,0.764150943396226
vehicle/scooter/n03791053_4739.jpg,vehicle,scooter,0.649484536082474
vehicle/scooter/n03791053_498.jpg,vehicle,scooter,0.778947368421053
vehicle/scooter/n03791053_517.jpg,vehicle,scooter,0.723809523809524
vehicle/scooter/n03791053_5242.jpg,vehicle,scooter,0.711111111111111
vehicle/scooter/n03791053_540.jpg,vehicle,scooter,0.831683168316832
vehicle/scooter/n03791053_547.jpg,vehicle,scooter,0.679245283018868
vehicle/scooter/n03791053_5528.jpg,vehicle,scooter,0.739583333333333
vehicle/scooter/n03791053_5670.jpg,vehicle,scooter,0.765957446808511
vehicle/scooter/n03791053_5673.jpg,vehicle,scooter,0.791666666666667
vehicle/scooter/n03791053_5855.jpg,vehicle,scooter,0.634615384615385
vehicle/scooter/n03791053_6163.jpg,vehicle,scooter,0.719101123595506
vehicle/scooter/n03791053_623.jpg,vehicle,scooter,0.806122448979592
vehicle/scooter/n03791053_6359.jpg,vehicle,scooter,0.752577319587629
vehicle/scooter/n03791053_6407.jpg,vehicle,scooter,0.747474747474748
vehicle/scooter/n03791053_6488.jpg,vehicle,scooter,0.784313725490196
vehicle/scooter/n03791053_6538.jpg,vehicle,scooter,0.697674418604651
vehicle/scooter/n03791053_7039.jpg,vehicle,scooter,0.552631578947368
vehicle/scooter/n03791053_7220.jpg,vehicle,scooter,0.739583333333333
vehicle/scooter/n03791053_7319.jpg,vehicle,scooter,0.768292682926829
vehicle/scooter/n03791053_7694.jpg,vehicle,scooter,0.692307692307692
vehicle/scooter/n03791053_7703.jpg,vehicle,scooter,0.744444444444444
vehicle/scooter/n03791053_7764.jpg,vehicle,scooter,0.647058823529412
vehicle/scooter/n03791053_7806.jpg,vehicle,scooter,0.794392523364486
vehicle/scooter/n03791053_7898.jpg,vehicle,scooter,0.707865168539326
vehicle/scooter/n03791053_7997.jpg,vehicle,scooter,0.710280373831776
vehicle/scooter/n03791053_8023.jpg,vehicle,scooter,0.603603603603604
vehicle/scooter/n03791053_8058.jpg,vehicle,scooter,0.596638655462185
vehicle/scooter/n03791053_8113.jpg,vehicle,scooter,0.911111111111111
vehicle/scooter/n03791053_845.jpg,vehicle,scooter,0.722222222222222
vehicle/scooter/n03791053_8496.jpg,vehicle,scooter,0.645833333333333
vehicle/scooter/n03791053_8778.jpg,vehicle,scooter,0.786885245901639
vehicle/scooter/n03791053_8851.jpg,vehicle,scooter,0.8
vehicle/scooter/n03791053_9122.jpg,vehicle,scooter,0.688073394495413
vehicle/scooter/n03791053_9223.jpg,vehicle,scooter,0.648936170212766
vehicle/scooter/n03791053_924.jpg,vehicle,scooter,0.695238095238095
vehicle/scooter/n03791053_9326.jpg,vehicle,scooter,0.754901960784314
vehicle/scooter/n03791053_9553.jpg,vehicle,scooter,0.782051282051282
vehicle/scooter/n03791053_9730.jpg,vehicle,scooter,0.901234567901235
vehicle/scooter/n03791053_9992.jpg,vehicle,scooter,0.741573033707865
vehicle/snowmobile/n04252077_1066.jpg,vehicle,snowmobile,0.571428571428571
vehicle/snowmobile/n04252077_1557.jpg,vehicle,snowmobile,0.633663366336634
vehicle/snowmobile/n04252077_3530.jpg,vehicle,snowmobile,0.664179104477612
vehicle/snowmobile/n04252077_3698.jpg,vehicle,snowmobile,0.834782608695652
vehicle/snowmobile/n04252077_3731.jpg,vehicle,snowmobile,0.518181818181818
vehicle/snowmobile/n04252077_41.jpg,vehicle,snowmobile,0.612244897959184
vehicle/snowmobile/n04252077_4506.jpg,vehicle,snowmobile,0.747474747474748
vehicle/snowmobile/n04252077_4752.jpg,vehicle,snowmobile,0.660194174757282
vehicle/snowmobile/n04252077_57.jpg,vehicle,snowmobile,0.716981132075472
vehicle/snowmobile/n04252077_59.jpg,vehicle,snowmobile,0.679012345679012
vehicle/snowmobile/n04252077_5929.jpg,vehicle,snowmobile,0.594339622641509
vehicle/snowmobile/n04252077_6553.jpg,vehicle,snowmobile,0.746835443037975
vehicle/snowmobile/n04252077_6724.jpg,vehicle,snowmobile,0.732673267326733
vehicle/snowmobile/n04252077_6769.jpg,vehicle,snowmobile,0.552631578947368
vehicle/snowmobile/n04252077_7273.jpg,vehicle,snowmobile,0.580952380952381
vehicle/snowmobile/n04252077_7317.jpg,vehicle,snowmobile,0.693181818181818
vehicle/snowmobile/n04252077_7372.jpg,vehicle,snowmobile,0.695652173913043
vehicle/snowmobile/n04252077_7421.jpg,vehicle,snowmobile,0.702970297029703
vehicle/snowmobile/n04252077_762.jpg,vehicle,snowmobile,0.51219512195122
vehicle/snowmobile/n04252077_8571.jpg,vehicle,snowmobile,0.711340206185567
vehicle/subway train/000000486451.jpg,vehicle,subway train,0.71875
vehicle/subway train/000000553079.jpg,vehicle,subway train,0.797752808988764
vehicle/subway train/n04349306_10198.jpg,vehicle,subway train,0.623762376237624
vehicle/subway train/n04349306_10700.jpg,vehicle,subway train,0.8
vehicle/subway train/n04349306_10747.jpg,vehicle,subway train,0.745098039215686
vehicle/subway train/n04349306_11159.jpg,vehicle,subway train,0.675925925925926
vehicle/subway train/n04349306_1205.jpg,vehicle,subway train,0.792207792207792
vehicle/subway train/n04349306_12061.jpg,vehicle,subway train,0.65
vehicle/subway train/n04349306_12217.jpg,vehicle,subway train,0.76
vehicle/subway train/n04349306_12251.jpg,vehicle,subway train,0.845238095238095
vehicle/subway train/n04349306_12351.jpg,vehicle,subway train,0.663265306122449
vehicle/subway train/n04349306_12365.jpg,vehicle,subway train,0.828828828828829
vehicle/subway train/n04349306_12612.jpg,vehicle,subway train,0.878378378378378
vehicle/subway train/n04349306_1353.jpg,vehicle,subway train,0.711111111111111
vehicle/subway train/n04349306_14046.jpg,vehicle,subway train,0.875
vehicle/subway train/n04349306_14092.jpg,vehicle,subway train,0.611570247933884
vehicle/subway train/n04349306_14345.jpg,vehicle,subway train,0.813725490196078
vehicle/subway train/n04349306_14590.jpg,vehicle,subway train,0.680412371134021
vehicle/subway train/n04349306_1467.jpg,vehicle,subway train,0.831858407079646
vehicle/subway train/n04349306_1533.jpg,vehicle,subway train,0.848214285714286
vehicle/subway train/n04349306_1863.jpg,vehicle,subway train,0.736842105263158
vehicle/subway train/n04349306_195.jpg,vehicle,subway train,0.68141592920354
vehicle/subway train/n04349306_2021.jpg,vehicle,subway train,0.78021978021978
vehicle/subway train/n04349306_207.jpg,vehicle,subway train,0.860869565217391
vehicle/subway train/n04349306_2105.jpg,vehicle,subway train,0.736363636363636
vehicle/subway train/n04349306_2279.jpg,vehicle,subway train,0.684210526315789
vehicle/subway train/n04349306_2300.jpg,vehicle,subway train,0.768421052631579
vehicle/subway train/n04349306_2544.jpg,vehicle,subway train,0.700934579439252
vehicle/subway train/n04349306_2632.jpg,vehicle,subway train,0.810810810810811
vehicle/subway train/n04349306_2756.jpg,vehicle,subway train,0.70873786407767
vehicle/subway train/n04349306_2758.jpg,vehicle,subway train,0.757281553398058
vehicle/subway train/n04349306_2769.jpg,vehicle,subway train,0.660377358490566
vehicle/subway train/n04349306_2897.jpg,vehicle,subway train,0.882978723404255
vehicle/subway train/n04349306_2904.jpg,vehicle,subway train,0.82051282051282
vehicle/subway train/n04349306_2956.jpg,vehicle,subway train,0.720430107526882
vehicle/subway train/n04349306_2963.jpg,vehicle,subway train,0.772727272727273
vehicle/subway train/n04349306_2969.jpg,vehicle,subway train,0.708333333333333
vehicle/subway train/n04349306_3.jpg,vehicle,subway train,0.79646017699115
vehicle/subway train/n04349306_3271.jpg,vehicle,subway train,0.822222222222222
vehicle/subway train/n04349306_3389.jpg,vehicle,subway train,0.695121951219512
vehicle/subway train/n04349306_3409.jpg,vehicle,subway train,0.728155339805825
vehicle/subway train/n04349306_3428.jpg,vehicle,subway train,0.71
vehicle/subway train/n04349306_3751.jpg,vehicle,subway train,0.822429906542056
vehicle/subway train/n04349306_4174.jpg,vehicle,subway train,0.793478260869565
vehicle/subway train/n04349306_4471.jpg,vehicle,subway train,0.673913043478261
vehicle/subway train/n04349306_4500.jpg,vehicle,subway train,0.755102040816326
vehicle/subway train/n04349306_4552.jpg,vehicle,subway train,0.811320754716981
vehicle/subway train/n04349306_4561.jpg,vehicle,subway train,0.793893129770992
vehicle/subway train/n04349306_4586.jpg,vehicle,subway train,0.742268041237113
vehicle/subway train/n04349306_4622.jpg,vehicle,subway train,0.628865979381443
vehicle/subway train/n04349306_4626.jpg,vehicle,subway train,0.702970297029703
vehicle/subway train/n04349306_4699.jpg,vehicle,subway train,0.846153846153846
vehicle/subway train/n04349306_4774.jpg,vehicle,subway train,0.766666666666667
vehicle/subway train/n04349306_4811.jpg,vehicle,subway train,0.711111111111111
vehicle/subway train/n04349306_4822.jpg,vehicle,subway train,0.777777777777778
vehicle/subway train/n04349306_4823.jpg,vehicle,subway train,0.771929824561403
vehicle/subway train/n04349306_4862.jpg,vehicle,subway train,0.70873786407767
vehicle/subway train/n04349306_4886.jpg,vehicle,subway train,0.767857142857143
vehicle/subway train/n04349306_4982.jpg,vehicle,subway train,0.545454545454545
vehicle/subway train/n04349306_5052.jpg,vehicle,subway train,0.719626168224299
vehicle/subway train/n04349306_5083.jpg,vehicle,subway train,0.675675675675676
vehicle/subway train/n04349306_5124.jpg,vehicle,subway train,0.768421052631579
vehicle/subway train/n04349306_5170.jpg,vehicle,subway train,0.743119266055046
vehicle/subway train/n04349306_5257.jpg,vehicle,subway train,0.831325301204819
vehicle/subway train/n04349306_5350.jpg,vehicle,subway train,0.642857142857143
vehicle/subway train/n04349306_54.jpg,vehicle,subway train,0.6
vehicle/subway train/n04349306_5412.jpg,vehicle,subway train,0.712962962962963
vehicle/subway train/n04349306_5669.jpg,vehicle,subway train,0.7
vehicle/subway train/n04349306_5697.jpg,vehicle,subway train,0.688888888888889
vehicle/subway train/n04349306_5722.jpg,vehicle,subway train,0.840909090909091
vehicle/subway train/n04349306_6213.jpg,vehicle,subway train,0.786324786324786
vehicle/subway train/n04349306_6258.jpg,vehicle,subway train,0.656565656565657
vehicle/subway train/n04349306_6301.jpg,vehicle,subway train,0.691588785046729
vehicle/subway train/n04349306_6718.jpg,vehicle,subway train,0.892156862745098
vehicle/subway train/n04349306_760.jpg,vehicle,subway train,0.777777777777778
vehicle/subway train/n04349306_7659.jpg,vehicle,subway train,0.826086956521739
vehicle/subway train/n04349306_7700.jpg,vehicle,subway train,0.805555555555556
vehicle/subway train/n04349306_7930.jpg,vehicle,subway train,0.764705882352941
vehicle/subway train/n04349306_7960.jpg,vehicle,subway train,0.745762711864407
vehicle/subway train/n04349306_8007.jpg,vehicle,subway train,0.845238095238095
vehicle/subway train/n04349306_8038.jpg,vehicle,subway train,0.709302325581395
vehicle/subway train/n04349306_811.jpg,vehicle,subway train,0.814432989690722
vehicle/subway train/n04349306_8198.jpg,vehicle,subway train,0.941860465116279
vehicle/subway train/n04349306_8199.jpg,vehicle,subway train,0.75
vehicle/subway train/n04349306_8288.jpg,vehicle,subway train,0.843137254901961
vehicle/subway train/n04349306_8344.jpg,vehicle,subway train,0.742857142857143
vehicle/subway train/n04349306_8470.jpg,vehicle,subway train,0.75
vehicle/subway train/n04349306_8545.jpg,vehicle,subway train,0.791666666666667
vehicle/subway train/n04349306_861.jpg,vehicle,subway train,0.739130434782609
vehicle/subway train/n04349306_8827.jpg,vehicle,subway train,0.787234042553192
vehicle/subway train/n04349306_8879.jpg,vehicle,subway train,0.631578947368421
vehicle/subway train/n04349306_9108.jpg,vehicle,subway train,0.808080808080808
vehicle/subway train/n04349306_9186.jpg,vehicle,subway train,0.6875
vehicle/subway train/n04349306_9235.jpg,vehicle,subway train,0.742857142857143
vehicle/subway train/n04349306_9782.jpg,vehicle,subway train,0.75
vehicle/subway train/n04349306_9923.jpg,vehicle,subway train,0.615384615384615
vehicle/subway train/n04349306_9944.jpg,vehicle,subway train,0.752577319587629
vehicle/subway train/n04349306_9988.jpg,vehicle,subway train,0.761467889908257
vehicle/subway train/n04349306_9994.jpg,vehicle,subway train,0.767676767676768
vehicle/SUV/000000046737.jpg,vehicle,SUV,0.614754098360656
vehicle/SUV/000000240967.jpg,vehicle,SUV,0.534653465346535
vehicle/SUV/000000248324.jpg,vehicle,SUV,0.78125
vehicle/SUV/000000267136.jpg,vehicle,SUV,0.860869565217391
vehicle/SUV/000000436651.jpg,vehicle,SUV,0.71551724137931
vehicle/SUV/000000444735.jpg,vehicle,SUV,0.552631578947368
vehicle/SUV/000000516372.jpg,vehicle,SUV,0.858407079646018
vehicle/SUV/000000526071.jpg,vehicle,SUV,0.476635514018692
vehicle/SUV/n03594945_10633.jpg,vehicle,SUV,0.71
vehicle/SUV/n03594945_10851.jpg,vehicle,SUV,0.844444444444444
vehicle/SUV/n03594945_11021.jpg,vehicle,SUV,0.612244897959184
vehicle/SUV/n03594945_11542.jpg,vehicle,SUV,0.696629213483146
vehicle/SUV/n03594945_11641.jpg,vehicle,SUV,0.75609756097561
vehicle/SUV/n03594945_11684.jpg,vehicle,SUV,0.643478260869565
vehicle/SUV/n03594945_11773.jpg,vehicle,SUV,0.771084337349398
vehicle/SUV/n03594945_11997.jpg,vehicle,SUV,0.742574257425743
vehicle/SUV/n03594945_12279.jpg,vehicle,SUV,0.743243243243243
vehicle/SUV/n03594945_12454.jpg,vehicle,SUV,0.655555555555556
vehicle/SUV/n03594945_12636.jpg,vehicle,SUV,0.741071428571429
vehicle/SUV/n03594945_12658.jpg,vehicle,SUV,0.78021978021978
vehicle/SUV/n03594945_128.jpg,vehicle,SUV,0.617021276595745
vehicle/SUV/n03594945_12838.jpg,vehicle,SUV,0.783783783783784
vehicle/SUV/n03594945_13500.jpg,vehicle,SUV,0.852631578947368
vehicle/SUV/n03594945_13696.jpg,vehicle,SUV,0.725490196078431
vehicle/SUV/n03594945_13697.jpg,vehicle,SUV,0.640776699029126
vehicle/SUV/n03594945_13806.jpg,vehicle,SUV,0.527272727272727
vehicle/SUV/n03594945_13957.jpg,vehicle,SUV,0.794392523364486
vehicle/SUV/n03594945_13972.jpg,vehicle,SUV,0.788461538461538
vehicle/SUV/n03594945_14499.jpg,vehicle,SUV,0.707070707070707
vehicle/SUV/n03594945_14542.jpg,vehicle,SUV,0.590361445783133
vehicle/SUV/n03594945_14740.jpg,vehicle,SUV,0.791666666666667
vehicle/SUV/n03594945_15506.jpg,vehicle,SUV,0.752577319587629
vehicle/SUV/n03594945_15533.jpg,vehicle,SUV,0.695652173913043
vehicle/SUV/n03594945_15593.jpg,vehicle,SUV,0.702702702702703
vehicle/SUV/n03594945_15617.jpg,vehicle,SUV,0.719626168224299
vehicle/SUV/n03594945_16102.jpg,vehicle,SUV,0.714285714285714
vehicle/SUV/n03594945_16473.jpg,vehicle,SUV,0.775510204081633
vehicle/SUV/n03594945_17812.jpg,vehicle,SUV,0.85
vehicle/SUV/n03594945_18118.jpg,vehicle,SUV,0.714285714285714
vehicle/SUV/n03594945_18298.jpg,vehicle,SUV,0.764044943820225
vehicle/SUV/n03594945_183.jpg,vehicle,SUV,0.754385964912281
vehicle/SUV/n03594945_19367.jpg,vehicle,SUV,0.78494623655914
vehicle/SUV/n03594945_20468.jpg,vehicle,SUV,0.595505617977528
vehicle/SUV/n03594945_2076.jpg,vehicle,SUV,0.742268041237113
vehicle/SUV/n03594945_21268.jpg,vehicle,SUV,0.684210526315789
vehicle/SUV/n03594945_21402.jpg,vehicle,SUV,0.736363636363636
vehicle/SUV/n03594945_2259.jpg,vehicle,SUV,0.802197802197802
vehicle/SUV/n03594945_22594.jpg,vehicle,SUV,0.824074074074074
vehicle/SUV/n03594945_2531.jpg,vehicle,SUV,0.675925925925926
vehicle/SUV/n03594945_25756.jpg,vehicle,SUV,0.646464646464647
vehicle/SUV/n03594945_25839.jpg,vehicle,SUV,0.815217391304348
vehicle/SUV/n03594945_25858.jpg,vehicle,SUV,0.681034482758621
vehicle/SUV/n03594945_26966.jpg,vehicle,SUV,0.826923076923077
vehicle/SUV/n03594945_2916.jpg,vehicle,SUV,0.696428571428571
vehicle/SUV/n03594945_2943.jpg,vehicle,SUV,0.594339622641509
vehicle/SUV/n03594945_29753.jpg,vehicle,SUV,0.673913043478261
vehicle/SUV/n03594945_30146.jpg,vehicle,SUV,0.742857142857143
vehicle/SUV/n03594945_3053.jpg,vehicle,SUV,0.723404255319149
vehicle/SUV/n03594945_3068.jpg,vehicle,SUV,0.663865546218487
vehicle/SUV/n03594945_3082.jpg,vehicle,SUV,0.752212389380531
vehicle/SUV/n03594945_3171.jpg,vehicle,SUV,0.675925925925926
vehicle/SUV/n03594945_31961.jpg,vehicle,SUV,0.764705882352941
vehicle/SUV/n03594945_3233.jpg,vehicle,SUV,0.679245283018868
vehicle/SUV/n03594945_32575.jpg,vehicle,SUV,0.732558139534884
vehicle/SUV/n03594945_3375.jpg,vehicle,SUV,0.697916666666667
vehicle/SUV/n03594945_3598.jpg,vehicle,SUV,0.666666666666667
vehicle/SUV/n03594945_38.jpg,vehicle,SUV,0.686274509803922
vehicle/SUV/n03594945_435.jpg,vehicle,SUV,0.721649484536082
vehicle/SUV/n03594945_4404.jpg,vehicle,SUV,0.702970297029703
vehicle/SUV/n03594945_4747.jpg,vehicle,SUV,0.699029126213592
vehicle/SUV/n03594945_4768.jpg,vehicle,SUV,0.686440677966102
vehicle/SUV/n03594945_4791.jpg,vehicle,SUV,0.755813953488372
vehicle/SUV/n03594945_5123.jpg,vehicle,SUV,0.694736842105263
vehicle/SUV/n03594945_58.jpg,vehicle,SUV,0.642857142857143
vehicle/SUV/n03594945_5816.jpg,vehicle,SUV,0.773584905660377
vehicle/SUV/n03594945_5856.jpg,vehicle,SUV,0.816326530612245
vehicle/SUV/n03594945_6393.jpg,vehicle,SUV,0.406779661016949
vehicle/SUV/n03594945_6534.jpg,vehicle,SUV,0.736263736263736
vehicle/SUV/n03594945_6543.jpg,vehicle,SUV,0.657657657657658
vehicle/SUV/n03594945_6810.jpg,vehicle,SUV,0.643564356435644
vehicle/SUV/n03594945_6945.jpg,vehicle,SUV,0.659574468085106
vehicle/SUV/n03594945_7419.jpg,vehicle,SUV,0.705263157894737
vehicle/SUV/n03594945_7558.jpg,vehicle,SUV,0.67032967032967
vehicle/SUV/n03594945_7733.jpg,vehicle,SUV,0.685714285714286
vehicle/SUV/n03594945_7820.jpg,vehicle,SUV,0.709677419354839
vehicle/SUV/n03594945_7904.jpg,vehicle,SUV,0.653465346534653
vehicle/SUV/n03594945_8323.jpg,vehicle,SUV,0.6
vehicle/SUV/n03594945_8348.jpg,vehicle,SUV,0.855670103092783
vehicle/SUV/n03594945_8657.jpg,vehicle,SUV,0.896551724137931
vehicle/SUV/n03594945_8913.jpg,vehicle,SUV,0.674157303370786
vehicle/SUV/n03594945_8931.jpg,vehicle,SUV,0.762376237623762
vehicle/SUV/n03594945_9005.jpg,vehicle,SUV,0.636363636363636
vehicle/SUV/n03594945_9076.jpg,vehicle,SUV,0.654205607476635
vehicle/SUV/n03594945_9105.jpg,vehicle,SUV,0.652631578947368
vehicle/SUV/n03594945_9110.jpg,vehicle,SUV,0.720430107526882
vehicle/SUV/n03594945_9271.jpg,vehicle,SUV,0.63265306122449
vehicle/SUV/n03594945_9390.jpg,vehicle,SUV,0.720720720720721
vehicle/SUV/n03594945_9793.jpg,vehicle,SUV,0.716981132075472
vehicle/tow truck/n04461696_1039.jpg,vehicle,tow truck,0.768518518518518
vehicle/tow truck/n04461696_10492.jpg,vehicle,tow truck,0.715686274509804
vehicle/tow truck/n04461696_10555.jpg,vehicle,tow truck,0.621359223300971
vehicle/tow truck/n04461696_1069.jpg,vehicle,tow truck,0.728682170542636
vehicle/tow truck/n04461696_1080.jpg,vehicle,tow truck,0.802197802197802
vehicle/tow truck/n04461696_11028.jpg,vehicle,tow truck,0.742574257425743
vehicle/tow truck/n04461696_11897.jpg,vehicle,tow truck,0.78125
vehicle/tow truck/n04461696_12158.jpg,vehicle,tow truck,0.614678899082569
vehicle/tow truck/n04461696_12319.jpg,vehicle,tow truck,0.529411764705882
vehicle/tow truck/n04461696_1344.jpg,vehicle,tow truck,0.549019607843137
vehicle/tow truck/n04461696_14074.jpg,vehicle,tow truck,0.792682926829268
vehicle/tow truck/n04461696_1440.jpg,vehicle,tow truck,0.465346534653465
vehicle/tow truck/n04461696_14803.jpg,vehicle,tow truck,0.678899082568807
vehicle/tow truck/n04461696_1481.jpg,vehicle,tow truck,0.511111111111111
vehicle/tow truck/n04461696_14893.jpg,vehicle,tow truck,0.794392523364486
vehicle/tow truck/n04461696_15509.jpg,vehicle,tow truck,0.726415094339623
vehicle/tow truck/n04461696_16043.jpg,vehicle,tow truck,0.719298245614035
vehicle/tow truck/n04461696_1691.jpg,vehicle,tow truck,0.592233009708738
vehicle/tow truck/n04461696_16929.jpg,vehicle,tow truck,0.75
vehicle/tow truck/n04461696_1697.jpg,vehicle,tow truck,0.76
vehicle/tow truck/n04461696_1704.jpg,vehicle,tow truck,0.693877551020408
vehicle/tow truck/n04461696_17595.jpg,vehicle,tow truck,0.660714285714286
vehicle/tow truck/n04461696_1821.jpg,vehicle,tow truck,0.821052631578947
vehicle/tow truck/n04461696_18465.jpg,vehicle,tow truck,0.801980198019802
vehicle/tow truck/n04461696_1888.jpg,vehicle,tow truck,0.572916666666667
vehicle/tow truck/n04461696_18993.jpg,vehicle,tow truck,0.722772277227723
vehicle/tow truck/n04461696_19012.jpg,vehicle,tow truck,0.61
vehicle/tow truck/n04461696_1918.jpg,vehicle,tow truck,0.807339449541284
vehicle/tow truck/n04461696_19513.jpg,vehicle,tow truck,0.807339449541284
vehicle/tow truck/n04461696_2018.jpg,vehicle,tow truck,0.740740740740741
vehicle/tow truck/n04461696_21110.jpg,vehicle,tow truck,0.731958762886598
vehicle/tow truck/n04461696_21863.jpg,vehicle,tow truck,0.745098039215686
vehicle/tow truck/n04461696_2281.jpg,vehicle,tow truck,0.561904761904762
vehicle/tow truck/n04461696_22985.jpg,vehicle,tow truck,0.73
vehicle/tow truck/n04461696_2315.jpg,vehicle,tow truck,0.56043956043956
vehicle/tow truck/n04461696_23190.jpg,vehicle,tow truck,0.7
vehicle/tow truck/n04461696_2376.jpg,vehicle,tow truck,0.744897959183674
vehicle/tow truck/n04461696_2550.jpg,vehicle,tow truck,0.575757575757576
vehicle/tow truck/n04461696_2559.jpg,vehicle,tow truck,0.68
vehicle/tow truck/n04461696_25721.jpg,vehicle,tow truck,0.733333333333333
vehicle/tow truck/n04461696_2743.jpg,vehicle,tow truck,0.723214285714286
vehicle/tow truck/n04461696_2750.jpg,vehicle,tow truck,0.762376237623762
vehicle/tow truck/n04461696_3013.jpg,vehicle,tow truck,0.66304347826087
vehicle/tow truck/n04461696_3046.jpg,vehicle,tow truck,0.683168316831683
vehicle/tow truck/n04461696_3102.jpg,vehicle,tow truck,0.280898876404494
vehicle/tow truck/n04461696_3232.jpg,vehicle,tow truck,0.868686868686869
vehicle/tow truck/n04461696_3334.jpg,vehicle,tow truck,0.712871287128713
vehicle/tow truck/n04461696_3490.jpg,vehicle,tow truck,0.680412371134021
vehicle/tow truck/n04461696_3523.jpg,vehicle,tow truck,0.679245283018868
vehicle/tow truck/n04461696_3715.jpg,vehicle,tow truck,0.6
vehicle/tow truck/n04461696_3745.jpg,vehicle,tow truck,0.75
vehicle/tow truck/n04461696_3759.jpg,vehicle,tow truck,0.72
vehicle/tow truck/n04461696_3989.jpg,vehicle,tow truck,0.63
vehicle/tow truck/n04461696_4037.jpg,vehicle,tow truck,0.729166666666667
vehicle/tow truck/n04461696_4084.jpg,vehicle,tow truck,0.669811320754717
vehicle/tow truck/n04461696_4207.jpg,vehicle,tow truck,0.858407079646018
vehicle/tow truck/n04461696_4324.jpg,vehicle,tow truck,0.80952380952381
vehicle/tow truck/n04461696_4331.jpg,vehicle,tow truck,0.708333333333333
vehicle/tow truck/n04461696_4603.jpg,vehicle,tow truck,0.808988764044944
vehicle/tow truck/n04461696_4760.jpg,vehicle,tow truck,0.544554455445545
vehicle/tow truck/n04461696_4761.jpg,vehicle,tow truck,0.678260869565217
vehicle/tow truck/n04461696_4840.jpg,vehicle,tow truck,0.514285714285714
vehicle/tow truck/n04461696_4867.jpg,vehicle,tow truck,0.75
vehicle/tow truck/n04461696_4934.jpg,vehicle,tow truck,0.606741573033708
vehicle/tow truck/n04461696_5154.jpg,vehicle,tow truck,0.806122448979592
vehicle/tow truck/n04461696_5194.jpg,vehicle,tow truck,0.575471698113208
vehicle/tow truck/n04461696_5312.jpg,vehicle,tow truck,0.672897196261682
vehicle/tow truck/n04461696_5363.jpg,vehicle,tow truck,0.717171717171717
vehicle/tow truck/n04461696_544.jpg,vehicle,tow truck,0.811111111111111
vehicle/tow truck/n04461696_5500.jpg,vehicle,tow truck,0.634615384615385
vehicle/tow truck/n04461696_5739.jpg,vehicle,tow truck,0.632075471698113
vehicle/tow truck/n04461696_6027.jpg,vehicle,tow truck,0.670103092783505
vehicle/tow truck/n04461696_6157.jpg,vehicle,tow truck,0.773913043478261
vehicle/tow truck/n04461696_6299.jpg,vehicle,tow truck,0.756756756756757
vehicle/tow truck/n04461696_6319.jpg,vehicle,tow truck,0.724137931034483
vehicle/tow truck/n04461696_6327.jpg,vehicle,tow truck,0.567307692307692
vehicle/tow truck/n04461696_6334.jpg,vehicle,tow truck,0.69
vehicle/tow truck/n04461696_6636.jpg,vehicle,tow truck,0.875
vehicle/tow truck/n04461696_6719.jpg,vehicle,tow truck,0.76530612244898
vehicle/tow truck/n04461696_6768.jpg,vehicle,tow truck,0.626016260162602
vehicle/tow truck/n04461696_6773.jpg,vehicle,tow truck,0.865979381443299
vehicle/tow truck/n04461696_6948.jpg,vehicle,tow truck,0.709090909090909
vehicle/tow truck/n04461696_6970.jpg,vehicle,tow truck,0.688
vehicle/tow truck/n04461696_6974.jpg,vehicle,tow truck,0.778761061946903
vehicle/tow truck/n04461696_738.jpg,vehicle,tow truck,0.745283018867924
vehicle/tow truck/n04461696_7504.jpg,vehicle,tow truck,0.755813953488372
vehicle/tow truck/n04461696_7740.jpg,vehicle,tow truck,0.763440860215054
vehicle/tow truck/n04461696_7754.jpg,vehicle,tow truck,0.645454545454546
vehicle/tow truck/n04461696_8035.jpg,vehicle,tow truck,0.663157894736842
vehicle/tow truck/n04461696_8486.jpg,vehicle,tow truck,0.657407407407407
vehicle/tow truck/n04461696_8599.jpg,vehicle,tow truck,0.723404255319149
vehicle/tow truck/n04461696_9129.jpg,vehicle,tow truck,0.728971962616822
vehicle/tow truck/n04461696_9793.jpg,vehicle,tow truck,0.644444444444444
vehicle/tractor/n04465501_1012.jpg,vehicle,tractor,0.75
vehicle/tractor/n04465501_1033.jpg,vehicle,tractor,0.718181818181818
vehicle/tractor/n04465501_1053.jpg,vehicle,tractor,0.705882352941177
vehicle/tractor/n04465501_10791.jpg,vehicle,tractor,0.807692307692308
vehicle/tractor/n04465501_1111.jpg,vehicle,tractor,0.663366336633663
vehicle/tractor/n04465501_11146.jpg,vehicle,tractor,0.617977528089888
vehicle/tractor/n04465501_11845.jpg,vehicle,tractor,0.676767676767677
vehicle/tractor/n04465501_1216.jpg,vehicle,tractor,0.619469026548673
vehicle/tractor/n04465501_122.jpg,vehicle,tractor,0.521276595744681
vehicle/tractor/n04465501_1225.jpg,vehicle,tractor,0.737864077669903
vehicle/tractor/n04465501_1257.jpg,vehicle,tractor,0.728971962616822
vehicle/tractor/n04465501_1262.jpg,vehicle,tractor,0.679611650485437
vehicle/tractor/n04465501_1273.jpg,vehicle,tractor,0.740740740740741
vehicle/tractor/n04465501_12990.jpg,vehicle,tractor,0.711864406779661
vehicle/tractor/n04465501_1306.jpg,vehicle,tractor,0.684684684684685
vehicle/tractor/n04465501_13078.jpg,vehicle,tractor,0.727272727272727
vehicle/tractor/n04465501_13294.jpg,vehicle,tractor,0.534090909090909
vehicle/tractor/n04465501_1356.jpg,vehicle,tractor,0.698924731182796
vehicle/tractor/n04465501_14464.jpg,vehicle,tractor,0.666666666666667
vehicle/tractor/n04465501_1486.jpg,vehicle,tractor,0.6
vehicle/tractor/n04465501_1535.jpg,vehicle,tractor,0.632478632478632
vehicle/tractor/n04465501_1621.jpg,vehicle,tractor,0.638095238095238
vehicle/tractor/n04465501_1672.jpg,vehicle,tractor,0.778846153846154
vehicle/tractor/n04465501_1705.jpg,vehicle,tractor,0.580645161290323
vehicle/tractor/n04465501_1750.jpg,vehicle,tractor,0.719101123595506
vehicle/tractor/n04465501_1769.jpg,vehicle,tractor,0.611111111111111
vehicle/tractor/n04465501_1782.jpg,vehicle,tractor,0.747126436781609
vehicle/tractor/n04465501_1793.jpg,vehicle,tractor,0.727272727272727
vehicle/tractor/n04465501_1801.jpg,vehicle,tractor,0.73469387755102
vehicle/tractor/n04465501_1825.jpg,vehicle,tractor,0.757281553398058
vehicle/tractor/n04465501_1949.jpg,vehicle,tractor,0.747663551401869
vehicle/tractor/n04465501_2088.jpg,vehicle,tractor,0.62962962962963
vehicle/tractor/n04465501_2149.jpg,vehicle,tractor,0.705882352941177
vehicle/tractor/n04465501_2168.jpg,vehicle,tractor,0.875
vehicle/tractor/n04465501_228.jpg,vehicle,tractor,0.544554455445545
vehicle/tractor/n04465501_2331.jpg,vehicle,tractor,0.72
vehicle/tractor/n04465501_2353.jpg,vehicle,tractor,0.701923076923077
vehicle/tractor/n04465501_2409.jpg,vehicle,tractor,0.686746987951807
vehicle/tractor/n04465501_2475.jpg,vehicle,tractor,0.685950413223141
vehicle/tractor/n04465501_2499.jpg,vehicle,tractor,0.65625
vehicle/tractor/n04465501_2523.jpg,vehicle,tractor,0.625
vehicle/tractor/n04465501_2636.jpg,vehicle,tractor,0.712765957446808
vehicle/tractor/n04465501_2689.jpg,vehicle,tractor,0.725274725274725
vehicle/tractor/n04465501_2737.jpg,vehicle,tractor,0.736363636363636
vehicle/tractor/n04465501_276.jpg,vehicle,tractor,0.721649484536082
vehicle/tractor/n04465501_2796.jpg,vehicle,tractor,0.752293577981651
vehicle/tractor/n04465501_2922.jpg,vehicle,tractor,0.724770642201835
vehicle/tractor/n04465501_2972.jpg,vehicle,tractor,0.701923076923077
vehicle/tractor/n04465501_2988.jpg,vehicle,tractor,0.765957446808511
vehicle/tractor/n04465501_3039.jpg,vehicle,tractor,0.737864077669903
vehicle/tractor/n04465501_3069.jpg,vehicle,tractor,0.607843137254902
vehicle/tractor/n04465501_3133.jpg,vehicle,tractor,0.660194174757282
vehicle/tractor/n04465501_3147.jpg,vehicle,tractor,0.652631578947368
vehicle/tractor/n04465501_3214.jpg,vehicle,tractor,0.787878787878788
vehicle/tractor/n04465501_3275.jpg,vehicle,tractor,0.539823008849557
vehicle/tractor/n04465501_3300.jpg,vehicle,tractor,0.653465346534653
vehicle/tractor/n04465501_3339.jpg,vehicle,tractor,0.683673469387755
vehicle/tractor/n04465501_3381.jpg,vehicle,tractor,0.75
vehicle/tractor/n04465501_3459.jpg,vehicle,tractor,0.757894736842105
vehicle/tractor/n04465501_3501.jpg,vehicle,tractor,0.588888888888889
vehicle/tractor/n04465501_3598.jpg,vehicle,tractor,0.773809523809524
vehicle/tractor/n04465501_3853.jpg,vehicle,tractor,0.721739130434783
vehicle/tractor/n04465501_4020.jpg,vehicle,tractor,0.813186813186813
vehicle/tractor/n04465501_4403.jpg,vehicle,tractor,0.825688073394495
vehicle/tractor/n04465501_4427.jpg,vehicle,tractor,0.586206896551724
vehicle/tractor/n04465501_4463.jpg,vehicle,tractor,0.625
vehicle/tractor/n04465501_473.jpg,vehicle,tractor,0.666666666666667
vehicle/tractor/n04465501_477.jpg,vehicle,tractor,0.590909090909091
vehicle/tractor/n04465501_4828.jpg,vehicle,tractor,0.622448979591837
vehicle/tractor/n04465501_4835.jpg,vehicle,tractor,0.633663366336634
vehicle/tractor/n04465501_488.jpg,vehicle,tractor,0.80188679245283
vehicle/tractor/n04465501_4896.jpg,vehicle,tractor,0.773584905660377
vehicle/tractor/n04465501_5218.jpg,vehicle,tractor,0.67816091954023
vehicle/tractor/n04465501_5296.jpg,vehicle,tractor,0.757281553398058
vehicle/tractor/n04465501_5323.jpg,vehicle,tractor,0.672897196261682
vehicle/tractor/n04465501_5347.jpg,vehicle,tractor,0.75
vehicle/tractor/n04465501_5474.jpg,vehicle,tractor,0.706521739130435
vehicle/tractor/n04465501_602.jpg,vehicle,tractor,0.673076923076923
vehicle/tractor/n04465501_6022.jpg,vehicle,tractor,0.78
vehicle/tractor/n04465501_6532.jpg,vehicle,tractor,0.711340206185567
vehicle/tractor/n04465501_660.jpg,vehicle,tractor,0.663716814159292
vehicle/tractor/n04465501_7045.jpg,vehicle,tractor,0.646464646464647
vehicle/tractor/n04465501_7315.jpg,vehicle,tractor,0.693877551020408
vehicle/tractor/n04465501_7485.jpg,vehicle,tractor,0.808510638297872
vehicle/tractor/n04465501_7646.jpg,vehicle,tractor,0.881188118811881
vehicle/tractor/n04465501_7737.jpg,vehicle,tractor,0.677083333333333
vehicle/tractor/n04465501_786.jpg,vehicle,tractor,0.613861386138614
vehicle/tractor/n04465501_7866.jpg,vehicle,tractor,0.626168224299065
vehicle/tractor/n04465501_802.jpg,vehicle,tractor,0.634615384615385
vehicle/tractor/n04465501_8390.jpg,vehicle,tractor,0.67741935483871
vehicle/tractor/n04465501_904.jpg,vehicle,tractor,0.679245283018868
vehicle/tractor/n04465501_9255.jpg,vehicle,tractor,0.663157894736842
vehicle/tractor/n04465501_927.jpg,vehicle,tractor,0.626016260162602
vehicle/tractor/n04465501_9550.jpg,vehicle,tractor,0.692307692307692
vehicle/tractor/n04465501_9719.jpg,vehicle,tractor,0.537634408602151
vehicle/tractor/n04465501_983.jpg,vehicle,tractor,0.580952380952381
vehicle/train/000000001712.jpg,vehicle,train,0.627659574468085
vehicle/train/000000006068.jpg,vehicle,train,0.616822429906542
vehicle/train/000000006180.jpg,vehicle,train,0.571428571428571
vehicle/train/000000007211.jpg,vehicle,train,0.827956989247312
vehicle/train/000000023957.jpg,vehicle,train,0.663551401869159
vehicle/train/000000026007.jpg,vehicle,train,0.810810810810811
vehicle/train/000000032059.jpg,vehicle,train,0.626506024096386
vehicle/train/000000039971.jpg,vehicle,train,0.745454545454545
vehicle/train/000000055642.jpg,vehicle,train,0.813725490196078
vehicle/train/000000065859.jpg,vehicle,train,0.634408602150538
vehicle/train/000000068063.jpg,vehicle,train,0.846153846153846
vehicle/train/000000068167.jpg,vehicle,train,0.571428571428571
vehicle/train/000000068597.jpg,vehicle,train,0.772277227722772
vehicle/train/000000074533.jpg,vehicle,train,0.472527472527473
vehicle/train/000000075061.jpg,vehicle,train,0.752475247524752
vehicle/train/000000076213.jpg,vehicle,train,0.669642857142857
vehicle/train/000000080096.jpg,vehicle,train,0.747572815533981
vehicle/train/000000080203.jpg,vehicle,train,0.754901960784314
vehicle/train/000000088398.jpg,vehicle,train,0.717391304347826
vehicle/train/000000095191.jpg,vehicle,train,0.703296703296703
vehicle/train/000000097744.jpg,vehicle,train,0.6875
vehicle/train/000000101145.jpg,vehicle,train,0.736363636363636
vehicle/train/000000105952.jpg,vehicle,train,0.597402597402597
vehicle/train/000000112820.jpg,vehicle,train,0.676190476190476
vehicle/train/000000122207.jpg,vehicle,train,0.717171717171717
vehicle/train/000000126131.jpg,vehicle,train,0.685714285714286
vehicle/train/000000126457.jpg,vehicle,train,0.74468085106383
vehicle/train/000000155736.jpg,vehicle,train,0.666666666666667
vehicle/train/000000156461.jpg,vehicle,train,0.742574257425743
vehicle/train/000000158536.jpg,vehicle,train,0.727272727272727
vehicle/train/000000170348.jpg,vehicle,train,0.672897196261682
vehicle/train/000000172211.jpg,vehicle,train,0.660377358490566
vehicle/train/000000175061.jpg,vehicle,train,0.8
vehicle/train/000000175197.jpg,vehicle,train,0.711340206185567
vehicle/train/000000176946.jpg,vehicle,train,0.703703703703704
vehicle/train/000000185082.jpg,vehicle,train,0.683673469387755
vehicle/train/000000190546.jpg,vehicle,train,0.641509433962264
vehicle/train/000000190868.jpg,vehicle,train,0.572815533980582
vehicle/train/000000206587.jpg,vehicle,train,0.651785714285714
vehicle/train/000000216301.jpg,vehicle,train,0.649484536082474
vehicle/train/000000221183.jpg,vehicle,train,0.627118644067797
vehicle/train/000000231060.jpg,vehicle,train,0.653465346534653
vehicle/train/000000244451.jpg,vehicle,train,0.57
vehicle/train/000000246095.jpg,vehicle,train,0.504672897196262
vehicle/train/000000248979.jpg,vehicle,train,0.684210526315789
vehicle/train/000000267568.jpg,vehicle,train,0.704761904761905
vehicle/train/000000267628.jpg,vehicle,train,0.692307692307692
vehicle/train/000000271190.jpg,vehicle,train,0.738095238095238
vehicle/train/000000277614.jpg,vehicle,train,0.641304347826087
vehicle/train/000000280211.jpg,vehicle,train,0.753246753246753
vehicle/train/000000281080.jpg,vehicle,train,0.757894736842105
vehicle/train/000000284342.jpg,vehicle,train,0.657142857142857
vehicle/train/000000284670.jpg,vehicle,train,0.594059405940594
vehicle/train/000000285042.jpg,vehicle,train,0.833333333333333
vehicle/train/000000289040.jpg,vehicle,train,0.760683760683761
vehicle/train/000000289630.jpg,vehicle,train,0.841584158415842
vehicle/train/000000297738.jpg,vehicle,train,0.731481481481482
vehicle/train/000000309802.jpg,vehicle,train,0.688679245283019
vehicle/train/000000321213.jpg,vehicle,train,0.706521739130435
vehicle/train/000000343087.jpg,vehicle,train,0.707547169811321
vehicle/train/000000344969.jpg,vehicle,train,0.70873786407767
vehicle/train/000000346107.jpg,vehicle,train,0.657407407407407
vehicle/train/000000348107.jpg,vehicle,train,0.666666666666667
vehicle/train/000000359857.jpg,vehicle,train,0.602040816326531
vehicle/train/000000368845.jpg,vehicle,train,0.686046511627907
vehicle/train/000000376746.jpg,vehicle,train,0.72289156626506
vehicle/train/000000378035.jpg,vehicle,train,0.656862745098039
vehicle/train/000000381406.jpg,vehicle,train,0.740384615384615
vehicle/train/000000390546.jpg,vehicle,train,0.795180722891566
vehicle/train/000000409841.jpg,vehicle,train,0.772277227722772
vehicle/train/000000419679.jpg,vehicle,train,0.59504132231405
vehicle/train/000000422869.jpg,vehicle,train,0.717647058823529
vehicle/train/000000423423.jpg,vehicle,train,0.618556701030928
vehicle/train/000000444363.jpg,vehicle,train,0.638297872340426
vehicle/train/000000446094.jpg,vehicle,train,0.663265306122449
vehicle/train/000000447152.jpg,vehicle,train,0.825581395348837
vehicle/train/000000463620.jpg,vehicle,train,0.703703703703704
vehicle/train/000000467990.jpg,vehicle,train,0.71
vehicle/train/000000470114.jpg,vehicle,train,0.612068965517241
vehicle/train/000000481928.jpg,vehicle,train,0.694117647058824
vehicle/train/000000483803.jpg,vehicle,train,0.673267326732673
vehicle/train/000000490261.jpg,vehicle,train,0.794117647058823
vehicle/train/000000492102.jpg,vehicle,train,0.775700934579439
vehicle/train/000000500987.jpg,vehicle,train,0.655555555555556
vehicle/train/000000502895.jpg,vehicle,train,0.67032967032967
vehicle/train/000000516740.jpg,vehicle,train,0.663461538461538
vehicle/train/000000521874.jpg,vehicle,train,0.707317073170732
vehicle/train/000000523673.jpg,vehicle,train,0.596153846153846
vehicle/train/000000541280.jpg,vehicle,train,0.666666666666667
vehicle/train/000000547768.jpg,vehicle,train,0.722772277227723
vehicle/train/000000553056.jpg,vehicle,train,0.698924731182796
vehicle/train/000000555267.jpg,vehicle,train,0.86734693877551
vehicle/train/000000556653.jpg,vehicle,train,0.71
vehicle/train/000000558303.jpg,vehicle,train,0.633928571428571
vehicle/train/000000563195.jpg,vehicle,train,0.692307692307692
vehicle/train/000000576758.jpg,vehicle,train,0.809090909090909
vehicle/train/000000578740.jpg,vehicle,train,0.675675675675676
vehicle/train/000000579699.jpg,vehicle,train,0.59047619047619
vehicle/tram/000000117515.jpg,vehicle,tram,0.817204301075269
vehicle/tram/000000323249.jpg,vehicle,tram,0.711711711711712
vehicle/tram/n04335435_10037.jpg,vehicle,tram,0.557692307692308
vehicle/tram/n04335435_10056.jpg,vehicle,tram,0.75531914893617
vehicle/tram/n04335435_10207.jpg,vehicle,tram,0.737373737373737
vehicle/tram/n04335435_10234.jpg,vehicle,tram,0.736842105263158
vehicle/tram/n04335435_10416.jpg,vehicle,tram,0.681818181818182
vehicle/tram/n04335435_10437.jpg,vehicle,tram,0.692307692307692
vehicle/tram/n04335435_10496.jpg,vehicle,tram,0.68
vehicle/tram/n04335435_10497.jpg,vehicle,tram,0.741573033707865
vehicle/tram/n04335435_10562.jpg,vehicle,tram,0.761904761904762
vehicle/tram/n04335435_10652.jpg,vehicle,tram,0.644859813084112
vehicle/tram/n04335435_10726.jpg,vehicle,tram,0.623762376237624
vehicle/tram/n04335435_10781.jpg,vehicle,tram,0.655555555555556
vehicle/tram/n04335435_11388.jpg,vehicle,tram,0.670103092783505
vehicle/tram/n04335435_11527.jpg,vehicle,tram,0.575471698113208
vehicle/tram/n04335435_12024.jpg,vehicle,tram,0.694444444444444
vehicle/tram/n04335435_12205.jpg,vehicle,tram,0.663865546218487
vehicle/tram/n04335435_13188.jpg,vehicle,tram,0.8
vehicle/tram/n04335435_13196.jpg,vehicle,tram,0.782178217821782
vehicle/tram/n04335435_13233.jpg,vehicle,tram,0.651162790697674
vehicle/tram/n04335435_13394.jpg,vehicle,tram,0.770642201834862
vehicle/tram/n04335435_13810.jpg,vehicle,tram,0.728260869565217
vehicle/tram/n04335435_13812.jpg,vehicle,tram,0.640776699029126
vehicle/tram/n04335435_14096.jpg,vehicle,tram,0.69811320754717
vehicle/tram/n04335435_14917.jpg,vehicle,tram,0.64
vehicle/tram/n04335435_15397.jpg,vehicle,tram,0.637362637362637
vehicle/tram/n04335435_15442.jpg,vehicle,tram,0.626086956521739
vehicle/tram/n04335435_1624.jpg,vehicle,tram,0.555555555555556
vehicle/tram/n04335435_16692.jpg,vehicle,tram,0.594059405940594
vehicle/tram/n04335435_17377.jpg,vehicle,tram,0.629310344827586
vehicle/tram/n04335435_1755.jpg,vehicle,tram,0.725274725274725
vehicle/tram/n04335435_1795.jpg,vehicle,tram,0.666666666666667
vehicle/tram/n04335435_181.jpg,vehicle,tram,0.540816326530612
vehicle/tram/n04335435_1862.jpg,vehicle,tram,0.783018867924528
vehicle/tram/n04335435_1901.jpg,vehicle,tram,0.7
vehicle/tram/n04335435_19668.jpg,vehicle,tram,0.789473684210526
vehicle/tram/n04335435_20093.jpg,vehicle,tram,0.78
vehicle/tram/n04335435_20426.jpg,vehicle,tram,0.621621621621622
vehicle/tram/n04335435_20534.jpg,vehicle,tram,0.682926829268293
vehicle/tram/n04335435_20710.jpg,vehicle,tram,0.776315789473684
vehicle/tram/n04335435_20787.jpg,vehicle,tram,0.708661417322835
vehicle/tram/n04335435_20838.jpg,vehicle,tram,0.707070707070707
vehicle/tram/n04335435_2090.jpg,vehicle,tram,0.650602409638554
vehicle/tram/n04335435_21107.jpg,vehicle,tram,0.731958762886598
vehicle/tram/n04335435_21307.jpg,vehicle,tram,0.608695652173913
vehicle/tram/n04335435_21915.jpg,vehicle,tram,0.631067961165049
vehicle/tram/n04335435_21947.jpg,vehicle,tram,0.669902912621359
vehicle/tram/n04335435_22165.jpg,vehicle,tram,0.741935483870968
vehicle/tram/n04335435_23288.jpg,vehicle,tram,0.683673469387755
vehicle/tram/n04335435_23559.jpg,vehicle,tram,0.494845360824742
vehicle/tram/n04335435_23800.jpg,vehicle,tram,0.674698795180723
vehicle/tram/n04335435_2388.jpg,vehicle,tram,0.790123456790123
vehicle/tram/n04335435_24042.jpg,vehicle,tram,0.649484536082474
vehicle/tram/n04335435_24191.jpg,vehicle,tram,0.6875
vehicle/tram/n04335435_25058.jpg,vehicle,tram,0.71875
vehicle/tram/n04335435_25115.jpg,vehicle,tram,0.72
vehicle/tram/n04335435_25589.jpg,vehicle,tram,0.573170731707317
vehicle/tram/n04335435_25628.jpg,vehicle,tram,0.763888888888889
vehicle/tram/n04335435_25682.jpg,vehicle,tram,0.691489361702128
vehicle/tram/n04335435_25710.jpg,vehicle,tram,0.851063829787234
vehicle/tram/n04335435_25760.jpg,vehicle,tram,0.537735849056604
vehicle/tram/n04335435_2583.jpg,vehicle,tram,0.612244897959184
vehicle/tram/n04335435_25993.jpg,vehicle,tram,0.71
vehicle/tram/n04335435_26094.jpg,vehicle,tram,0.626262626262626
vehicle/tram/n04335435_2612.jpg,vehicle,tram,0.58
vehicle/tram/n04335435_2819.jpg,vehicle,tram,0.724489795918367
vehicle/tram/n04335435_2897.jpg,vehicle,tram,0.685393258426966
vehicle/tram/n04335435_2973.jpg,vehicle,tram,0.584269662921348
vehicle/tram/n04335435_3001.jpg,vehicle,tram,0.693693693693694
vehicle/tram/n04335435_3353.jpg,vehicle,tram,0.577981651376147
vehicle/tram/n04335435_3576.jpg,vehicle,tram,0.717171717171717
vehicle/tram/n04335435_3759.jpg,vehicle,tram,0.758241758241758
vehicle/tram/n04335435_395.jpg,vehicle,tram,0.65979381443299
vehicle/tram/n04335435_4069.jpg,vehicle,tram,0.621359223300971
vehicle/tram/n04335435_4236.jpg,vehicle,tram,0.626373626373626
vehicle/tram/n04335435_4237.jpg,vehicle,tram,0.628571428571429
vehicle/tram/n04335435_427.jpg,vehicle,tram,0.684210526315789
vehicle/tram/n04335435_4534.jpg,vehicle,tram,0.63855421686747
vehicle/tram/n04335435_4637.jpg,vehicle,tram,0.734042553191489
vehicle/tram/n04335435_4730.jpg,vehicle,tram,0.745283018867924
vehicle/tram/n04335435_4800.jpg,vehicle,tram,0.796116504854369
vehicle/tram/n04335435_4974.jpg,vehicle,tram,0.712962962962963
vehicle/tram/n04335435_5265.jpg,vehicle,tram,0.601851851851852
vehicle/tram/n04335435_54242.jpg,vehicle,tram,0.666666666666667
vehicle/tram/n04335435_5498.jpg,vehicle,tram,0.677777777777778
vehicle/tram/n04335435_55574.jpg,vehicle,tram,0.728813559322034
vehicle/tram/n04335435_5804.jpg,vehicle,tram,0.761904761904762
vehicle/tram/n04335435_5881.jpg,vehicle,tram,0.578947368421053
vehicle/tram/n04335435_7177.jpg,vehicle,tram,0.630952380952381
vehicle/tram/n04335435_7223.jpg,vehicle,tram,0.440860215053763
vehicle/tram/n04335435_801.jpg,vehicle,tram,0.76
vehicle/tram/n04335435_8423.jpg,vehicle,tram,0.643564356435644
vehicle/tram/n04335435_8881.jpg,vehicle,tram,0.728260869565217
vehicle/tram/n04335435_8885.jpg,vehicle,tram,0.707070707070707
vehicle/tram/n04335435_9181.jpg,vehicle,tram,0.53448275862069
vehicle/tram/n04335435_9357.jpg,vehicle,tram,0.710743801652893
vehicle/tram/n04335435_9552.jpg,vehicle,tram,0.698795180722892
vehicle/truck/000000020039.jpg,vehicle,truck,0.80188679245283
vehicle/truck/000000050786.jpg,vehicle,truck,0.6875
vehicle/truck/000000099540.jpg,vehicle,truck,0.692307692307692
vehicle/truck/000000099553.jpg,vehicle,truck,0.717171717171717
vehicle/truck/000000112562.jpg,vehicle,truck,0.703296703296703
vehicle/truck/000000191473.jpg,vehicle,truck,0.612244897959184
vehicle/truck/000000194331.jpg,vehicle,truck,0.724770642201835
vehicle/truck/000000197384.jpg,vehicle,truck,0.747126436781609
vehicle/truck/000000211116.jpg,vehicle,truck,0.623853211009174
vehicle/truck/000000236000.jpg,vehicle,truck,0.714285714285714
vehicle/truck/000000294545.jpg,vehicle,truck,0.611650485436893
vehicle/truck/000000303016.jpg,vehicle,truck,0.685714285714286
vehicle/truck/000000328185.jpg,vehicle,truck,0.814432989690722
vehicle/truck/000000358266.jpg,vehicle,truck,0.39622641509434
vehicle/truck/000000395425.jpg,vehicle,truck,0.806818181818182
vehicle/truck/000000457766.jpg,vehicle,truck,0.835164835164835
vehicle/truck/000000474653.jpg,vehicle,truck,0.65979381443299
vehicle/truck/000000567065.jpg,vehicle,truck,0.673913043478261
vehicle/truck/000000569829.jpg,vehicle,truck,0.745614035087719
vehicle/truck/n04467665_10036.jpg,vehicle,truck,0.663461538461538
vehicle/truck/n04467665_1015.jpg,vehicle,truck,0.741935483870968
vehicle/truck/n04467665_10529.jpg,vehicle,truck,0.701923076923077
vehicle/truck/n04467665_10671.jpg,vehicle,truck,0.723404255319149
vehicle/truck/n04467665_1174.jpg,vehicle,truck,0.5
vehicle/truck/n04467665_1188.jpg,vehicle,truck,0.50561797752809
vehicle/truck/n04467665_12032.jpg,vehicle,truck,0.730337078651685
vehicle/truck/n04467665_1225.jpg,vehicle,truck,0.71264367816092
vehicle/truck/n04467665_13331.jpg,vehicle,truck,0.58252427184466
vehicle/truck/n04467665_13614.jpg,vehicle,truck,0.563636363636364
vehicle/truck/n04467665_14142.jpg,vehicle,truck,0.791044776119403
vehicle/truck/n04467665_1430.jpg,vehicle,truck,0.617977528089888
vehicle/truck/n04467665_1584.jpg,vehicle,truck,0.717948717948718
vehicle/truck/n04467665_16276.jpg,vehicle,truck,0.587301587301587
vehicle/truck/n04467665_18765.jpg,vehicle,truck,0.654867256637168
vehicle/truck/n04467665_1891.jpg,vehicle,truck,0.742268041237113
vehicle/truck/n04467665_19138.jpg,vehicle,truck,0.610526315789474
vehicle/truck/n04467665_2.jpg,vehicle,truck,0.666666666666667
vehicle/truck/n04467665_2044.jpg,vehicle,truck,0.68
vehicle/truck/n04467665_21087.jpg,vehicle,truck,0.76
vehicle/truck/n04467665_21912.jpg,vehicle,truck,0.767441860465116
vehicle/truck/n04467665_22879.jpg,vehicle,truck,0.654761904761905
vehicle/truck/n04467665_23247.jpg,vehicle,truck,0.701923076923077
vehicle/truck/n04467665_23566.jpg,vehicle,truck,0.614678899082569
vehicle/truck/n04467665_23689.jpg,vehicle,truck,0.662921348314607
vehicle/truck/n04467665_2376.jpg,vehicle,truck,0.678899082568807
vehicle/truck/n04467665_25059.jpg,vehicle,truck,0.571428571428571
vehicle/truck/n04467665_25374.jpg,vehicle,truck,0.644859813084112
vehicle/truck/n04467665_28176.jpg,vehicle,truck,0.676767676767677
vehicle/truck/n04467665_28301.jpg,vehicle,truck,0.655172413793103
vehicle/truck/n04467665_28313.jpg,vehicle,truck,0.685185185185185
vehicle/truck/n04467665_28965.jpg,vehicle,truck,0.67741935483871
vehicle/truck/n04467665_30226.jpg,vehicle,truck,0.588785046728972
vehicle/truck/n04467665_30494.jpg,vehicle,truck,0.730769230769231
vehicle/truck/n04467665_31059.jpg,vehicle,truck,0.711340206185567
vehicle/truck/n04467665_3211.jpg,vehicle,truck,0.838709677419355
vehicle/truck/n04467665_3303.jpg,vehicle,truck,0.659340659340659
vehicle/truck/n04467665_34070.jpg,vehicle,truck,0.641304347826087
vehicle/truck/n04467665_3411.jpg,vehicle,truck,0.755555555555556
vehicle/truck/n04467665_34297.jpg,vehicle,truck,0.613861386138614
vehicle/truck/n04467665_34667.jpg,vehicle,truck,0.6875
vehicle/truck/n04467665_3561.jpg,vehicle,truck,0.653061224489796
vehicle/truck/n04467665_38369.jpg,vehicle,truck,0.588235294117647
vehicle/truck/n04467665_39726.jpg,vehicle,truck,0.469387755102041
vehicle/truck/n04467665_41352.jpg,vehicle,truck,0.696078431372549
vehicle/truck/n04467665_4166.jpg,vehicle,truck,0.540816326530612
vehicle/truck/n04467665_41825.jpg,vehicle,truck,0.761363636363636
vehicle/truck/n04467665_42414.jpg,vehicle,truck,0.808510638297872
vehicle/truck/n04467665_42547.jpg,vehicle,truck,0.739583333333333
vehicle/truck/n04467665_43419.jpg,vehicle,truck,0.516483516483517
vehicle/truck/n04467665_43858.jpg,vehicle,truck,0.818181818181818
vehicle/truck/n04467665_44969.jpg,vehicle,truck,0.709677419354839
vehicle/truck/n04467665_45314.jpg,vehicle,truck,0.728813559322034
vehicle/truck/n04467665_47146.jpg,vehicle,truck,0.745098039215686
vehicle/truck/n04467665_4791.jpg,vehicle,truck,0.625
vehicle/truck/n04467665_4799.jpg,vehicle,truck,0.641509433962264
vehicle/truck/n04467665_48953.jpg,vehicle,truck,0.413461538461538
vehicle/truck/n04467665_4940.jpg,vehicle,truck,0.682926829268293
vehicle/truck/n04467665_49656.jpg,vehicle,truck,0.763440860215054
vehicle/truck/n04467665_49822.jpg,vehicle,truck,0.597701149425287
vehicle/truck/n04467665_4989.jpg,vehicle,truck,0.550561797752809
vehicle/truck/n04467665_50806.jpg,vehicle,truck,0.660377358490566
vehicle/truck/n04467665_51267.jpg,vehicle,truck,0.597938144329897
vehicle/truck/n04467665_51690.jpg,vehicle,truck,0.728971962616822
vehicle/truck/n04467665_52409.jpg,vehicle,truck,0.797979797979798
vehicle/truck/n04467665_5266.jpg,vehicle,truck,0.594339622641509
vehicle/truck/n04467665_53339.jpg,vehicle,truck,0.623655913978495
vehicle/truck/n04467665_5510.jpg,vehicle,truck,0.734042553191489
vehicle/truck/n04467665_5674.jpg,vehicle,truck,0.752380952380952
vehicle/truck/n04467665_57466.jpg,vehicle,truck,0.693069306930693
vehicle/truck/n04467665_57649.jpg,vehicle,truck,0.732558139534884
vehicle/truck/n04467665_59974.jpg,vehicle,truck,0.659340659340659
vehicle/truck/n04467665_6365.jpg,vehicle,truck,0.692307692307692
vehicle/truck/n04467665_67892.jpg,vehicle,truck,0.695238095238095
vehicle/truck/n04467665_69878.jpg,vehicle,truck,0.43956043956044
vehicle/truck/n04467665_70784.jpg,vehicle,truck,0.651785714285714
vehicle/truck/n04467665_70894.jpg,vehicle,truck,0.686274509803922
vehicle/truck/n04467665_7213.jpg,vehicle,truck,0.702970297029703
vehicle/truck/n04467665_7224.jpg,vehicle,truck,0.715686274509804
vehicle/truck/n04467665_7290.jpg,vehicle,truck,0.705882352941177
vehicle/truck/n04467665_857.jpg,vehicle,truck,0.673913043478261
vehicle/yacht/n04610013_10214.jpg,vehicle,yacht,0.552631578947368
vehicle/yacht/n04610013_10495.jpg,vehicle,yacht,0.585585585585586
vehicle/yacht/n04610013_10508.jpg,vehicle,yacht,0.576086956521739
vehicle/yacht/n04610013_10548.jpg,vehicle,yacht,0.693877551020408
vehicle/yacht/n04610013_10628.jpg,vehicle,yacht,0.516129032258065
vehicle/yacht/n04610013_11379.jpg,vehicle,yacht,0.515151515151515
vehicle/yacht/n04610013_11493.jpg,vehicle,yacht,0.333333333333333
vehicle/yacht/n04610013_11968.jpg,vehicle,yacht,0.588235294117647
vehicle/yacht/n04610013_12107.jpg,vehicle,yacht,0.547826086956522
vehicle/yacht/n04610013_13034.jpg,vehicle,yacht,0.683544303797468
vehicle/yacht/n04610013_1345.jpg,vehicle,yacht,0.595959595959596
vehicle/yacht/n04610013_13558.jpg,vehicle,yacht,0.64
vehicle/yacht/n04610013_13729.jpg,vehicle,yacht,0.546296296296296
vehicle/yacht/n04610013_14566.jpg,vehicle,yacht,0.66
vehicle/yacht/n04610013_14771.jpg,vehicle,yacht,0.635416666666667
vehicle/yacht/n04610013_1483.jpg,vehicle,yacht,0.657894736842105
vehicle/yacht/n04610013_14887.jpg,vehicle,yacht,0.633663366336634
vehicle/yacht/n04610013_15057.jpg,vehicle,yacht,0.635294117647059
vehicle/yacht/n04610013_15085.jpg,vehicle,yacht,0.613636363636364
vehicle/yacht/n04610013_1587.jpg,vehicle,yacht,0.623762376237624
vehicle/yacht/n04610013_16108.jpg,vehicle,yacht,0.488636363636364
vehicle/yacht/n04610013_1648.jpg,vehicle,yacht,0.585858585858586
vehicle/yacht/n04610013_16750.jpg,vehicle,yacht,0.646464646464647
vehicle/yacht/n04610013_17134.jpg,vehicle,yacht,0.722222222222222
vehicle/yacht/n04610013_17257.jpg,vehicle,yacht,0.759615384615385
vehicle/yacht/n04610013_1740.jpg,vehicle,yacht,0.655172413793103
vehicle/yacht/n04610013_17480.jpg,vehicle,yacht,0.846153846153846
vehicle/yacht/n04610013_17486.jpg,vehicle,yacht,0.669902912621359
vehicle/yacht/n04610013_17599.jpg,vehicle,yacht,0.556701030927835
vehicle/yacht/n04610013_17722.jpg,vehicle,yacht,0.505154639175258
vehicle/yacht/n04610013_18232.jpg,vehicle,yacht,0.54954954954955
vehicle/yacht/n04610013_1854.jpg,vehicle,yacht,0.673684210526316
vehicle/yacht/n04610013_1891.jpg,vehicle,yacht,0.518072289156627
vehicle/yacht/n04610013_19726.jpg,vehicle,yacht,0.59375
vehicle/yacht/n04610013_19830.jpg,vehicle,yacht,0.559139784946237
vehicle/yacht/n04610013_19835.jpg,vehicle,yacht,0.558823529411765
vehicle/yacht/n04610013_19863.jpg,vehicle,yacht,0.714285714285714
vehicle/yacht/n04610013_2018.jpg,vehicle,yacht,0.6
vehicle/yacht/n04610013_2048.jpg,vehicle,yacht,0.6
vehicle/yacht/n04610013_21208.jpg,vehicle,yacht,0.548076923076923
vehicle/yacht/n04610013_21393.jpg,vehicle,yacht,0.720430107526882
vehicle/yacht/n04610013_2229.jpg,vehicle,yacht,0.685714285714286
vehicle/yacht/n04610013_22656.jpg,vehicle,yacht,0.617283950617284
vehicle/yacht/n04610013_2271.jpg,vehicle,yacht,0.636363636363636
vehicle/yacht/n04610013_2305.jpg,vehicle,yacht,0.522727272727273
vehicle/yacht/n04610013_2308.jpg,vehicle,yacht,0.619565217391304
vehicle/yacht/n04610013_24400.jpg,vehicle,yacht,0.58695652173913
vehicle/yacht/n04610013_24511.jpg,vehicle,yacht,0.643564356435644
vehicle/yacht/n04610013_24979.jpg,vehicle,yacht,0.659090909090909
vehicle/yacht/n04610013_2504.jpg,vehicle,yacht,0.656565656565657
vehicle/yacht/n04610013_253.jpg,vehicle,yacht,0.53
vehicle/yacht/n04610013_25552.jpg,vehicle,yacht,0.586206896551724
vehicle/yacht/n04610013_25569.jpg,vehicle,yacht,0.6
vehicle/yacht/n04610013_2593.jpg,vehicle,yacht,0.641304347826087
vehicle/yacht/n04610013_2600.jpg,vehicle,yacht,0.616666666666667
vehicle/yacht/n04610013_2835.jpg,vehicle,yacht,0.605263157894737
vehicle/yacht/n04610013_2951.jpg,vehicle,yacht,0.577319587628866
vehicle/yacht/n04610013_2959.jpg,vehicle,yacht,0.681318681318681
vehicle/yacht/n04610013_3141.jpg,vehicle,yacht,0.546218487394958
vehicle/yacht/n04610013_3149.jpg,vehicle,yacht,0.680412371134021
vehicle/yacht/n04610013_3486.jpg,vehicle,yacht,0.632075471698113
vehicle/yacht/n04610013_3520.jpg,vehicle,yacht,0.606382978723404
vehicle/yacht/n04610013_3527.jpg,vehicle,yacht,0.592233009708738
vehicle/yacht/n04610013_379.jpg,vehicle,yacht,0.617977528089888
vehicle/yacht/n04610013_3892.jpg,vehicle,yacht,0.627272727272727
vehicle/yacht/n04610013_4073.jpg,vehicle,yacht,0.650485436893204
vehicle/yacht/n04610013_4673.jpg,vehicle,yacht,0.622641509433962
vehicle/yacht/n04610013_4698.jpg,vehicle,yacht,0.672413793103448
vehicle/yacht/n04610013_4797.jpg,vehicle,yacht,0.514851485148515
vehicle/yacht/n04610013_4829.jpg,vehicle,yacht,0.602150537634409
vehicle/yacht/n04610013_4943.jpg,vehicle,yacht,0.680851063829787
vehicle/yacht/n04610013_5514.jpg,vehicle,yacht,0.603960396039604
vehicle/yacht/n04610013_5561.jpg,vehicle,yacht,0.614035087719298
vehicle/yacht/n04610013_5576.jpg,vehicle,yacht,0.705357142857143
vehicle/yacht/n04610013_582.jpg,vehicle,yacht,0.614457831325301
vehicle/yacht/n04610013_5869.jpg,vehicle,yacht,0.616279069767442
vehicle/yacht/n04610013_591.jpg,vehicle,yacht,0.616071428571429
vehicle/yacht/n04610013_5951.jpg,vehicle,yacht,0.629213483146067
vehicle/yacht/n04610013_6077.jpg,vehicle,yacht,0.515151515151515
vehicle/yacht/n04610013_6191.jpg,vehicle,yacht,0.741379310344828
vehicle/yacht/n04610013_6307.jpg,vehicle,yacht,0.617647058823529
vehicle/yacht/n04610013_6804.jpg,vehicle,yacht,0.660194174757282
vehicle/yacht/n04610013_7160.jpg,vehicle,yacht,0.708333333333333
vehicle/yacht/n04610013_7277.jpg,vehicle,yacht,0.659340659340659
vehicle/yacht/n04610013_751.jpg,vehicle,yacht,0.4
vehicle/yacht/n04610013_7516.jpg,vehicle,yacht,0.522935779816514
vehicle/yacht/n04610013_7641.jpg,vehicle,yacht,0.54639175257732
vehicle/yacht/n04610013_9276.jpg,vehicle,yacht,0.509803921568627
vehicle/yacht/n04610013_9444.jpg,vehicle,yacht,0.685185185185185
vehicle/yacht/n04610013_9569.jpg,vehicle,yacht,0.54639175257732
vehicle/yacht/n04610013_9664.jpg,vehicle,yacht,0.552380952380952
vehicle/yacht/n04610013_991.jpg,vehicle,yacht,0.656565656565657
