image_name,jpeg_based_compressibility,canny_based_compressibility
sun_aaarfmdkojiusxxl.png,-1.3344586577191122,0.1988069768285165
sun_aabyitznzumhlxfw.png,-1.5010954422038842,0.2681585636255476
sun_aacekspsxnilxmlb.png,-1.207138972548496,0.24191361281793786
sun_aackmxuaumbyjrvf.png,-1.8859438166197477,0.11032384117858429
sun_aadihymrhoihkumi.png,-1.1965853876612658,0.37586787539404387
sun_aadqjcsvidqnqzzt.png,-1.4755487008557988,0.14057734181493065
sun_aadtmifyuvqcfkcr.png,-1.5017599792146858,0.173941856422736
sun_aaeijzjhbdeibdjh.png,-1.0289921165397455,0.3645016996086019
sun_aafqetztbkmzxsif.png,-1.2276195802687278,0.18420058907937467
sun_aaguipoeqirlfvjn.png,-1.527285150356498,0.11451518811041436
sun_aahfqqcmvkdkcopk.png,-1.1601002993623313,0.2663856051888272
sun_aainymcaqysqtfjp.png,-1.4071988177395376,0.1671582126070733
sun_aaivnkepwwofsfnt.png,-1.006085180840645,0.28624202474532057
sun_aajhoihcnufdqjdm.png,-1.2963953658573053,0.24055423142547952
sun_aalwixjkrhyiabdr.png,-1.4759023341606952,0.12430778988525219
sun_aamlzecjkxlnoedl.png,-1.1551498297830618,0.20969233144640867
sun_aampazmnmsxlwwwr.png,-1.1510337715647585,0.2783750947920926
sun_aamvxnvouicstkjb.png,-0.9228344801735169,0.3389118026744176
sun_aaqmxnxoyktxhiwh.png,-1.3437587959320123,0.1885504723194959
sun_aastptdxbxbeiyto.png,-1.1613020817127846,0.30054349882597087
sun_aatywrsbdbluavkj.png,-1.0414024039824457,0.4281271657031573
sun_aavbhjizkngwwgjm.png,-1.4297882257333925,0.2713869810051697
sun_aavkypayfsvklgls.png,-1.4819073398379212,0.17793816729649004
sun_aavuoscaegpbwspj.png,-1.201165775925586,0.38029194275996925
sun_aaxdpgpohhvyemvc.png,-1.2902300470034018,0.27015942805416493
sun_aaysiohzbbdyrddc.png,-1.5685012507478078,0.293188557380231
sun_abbwggenhfbftyvi.png,-1.6084266151127844,0.25786411049507774
sun_abcexmhrrazffdxe.png,-1.3305104952335007,0.2497885787126609
sun_abcuurugvxwparpk.png,-1.1829831495726397,0.21902841379091978
sun_abdagkpekttzgeks.png,-1.3961806714221499,0.27521021778415516
sun_abdczrckndvowcuw.png,-1.5109330645321088,0.18446721400464663
sun_abdkucfijyhzjwdd.png,-1.6195541198517673,0.26654371612386035
sun_abghrjwhyotnsqlo.png,-1.272662176477434,0.08772363142381322
sun_abgxynrdquqkpegr.png,-1.3170612599150886,0.27723228746246653
sun_abiovdygniqgkhhl.png,-1.174304129720848,0.35197316533158496
sun_abixanxgsreeoifw.png,-1.0916751048780644,0.34105789983033763
sun_ablbdwfvmdkcfxka.png,-1.1575012329619896,0.3597561107494252
sun_ablgxmlqsejzolxh.png,-1.3061194478991114,0.2757876887699398
sun_ablltreyppizkotj.png,-1.3256375367854492,0.20482153647406912
sun_abluxelximwwmuuu.png,-1.5940681676649933,0.09627841738714903
sun_abmeycbiroafvvoi.png,-1.2466716070116406,0.30527743713848526
sun_abmipmtqvlyxgafg.png,-1.367397733051772,0.1835685908466519
sun_abnjymnsjlfptyxk.png,-1.272862389791699,0.21639815635388404
sun_abnkpmayghxdvfig.png,-1.2615285857620742,0.22488283969385084
sun_abokeplpazkdxpps.png,-0.9333852533748088,0.38792138705718243
sun_abolbvukvhubhpjk.png,-1.4506204514027246,0.12419046782727051
sun_abplnvvcxkcovrqi.png,-1.0355397764460106,0.22784239165594428
sun_abreakywwicnpllq.png,-1.551325125826236,0.2310239482379999
sun_abrfjuixgacomvzb.png,-0.8937845049724888,0.23396899960335674
sun_absoxzwctrlnjgvz.png,-1.3347709303403588,0.26815620357971476
sun_absxzamwemzkegmz.png,-1.4023566773057945,0.26526356047160626
sun_abtdndwgqyeufjvf.png,-1.104818515278263,0.12957184532359645
sun_abtyfplefeymuefw.png,-1.0699179720061283,0.3087419697739982
sun_abuaiinyegtbzuxg.png,-1.3280302020055579,0.07552582151759005
sun_abvcwkmmpmjruuhb.png,-0.897123119855033,0.31688930576245966
sun_abwkfmxrrczajrtw.png,-1.2211267300718585,0.2486260576452234
sun_abwkqvpdyigssyxa.png,-1.6426116752857496,0.2656608469967138
sun_abzoglkibwvlanfr.png,-1.2812115732956975,0.36690595301945533
sun_acafxnfmbtjoupvz.png,-1.4959780920750931,0.23419298865408789
sun_acapmatgnmqztpru.png,-1.7436772962904892,0.1715247738891074
sun_acbnfcctoyssyvie.png,-1.132704651715466,0.32592279217345316
sun_accilwvadsvecujd.png,-1.4036525098497046,0.3027324566190112
sun_acclngswciyrjytf.png,-1.3040282199683926,0.32585615739856116
sun_accvrsqmfcigfluj.png,-1.312829758599123,0.18488845634706846
sun_acddbhlzfptbekxj.png,-1.455554406555118,0.21972730824557354
sun_aceuokyqoqhfsper.png,-1.6004356950626755,0.22785821352063285
sun_acfxouwyduazdrjw.png,-1.3697536750203319,0.18426370632369146
sun_acgnzuuseaxyivpx.png,-1.505070455376007,0.2226183988328132
sun_aciczgvqmadwxjdq.png,-0.9516345407839709,0.2740951548549157
sun_ackillobvrmbwpyh.png,-0.8445517377813111,0.3061989373453556
sun_aclldlpvqpkxwuhq.png,-1.2447092134156899,0.0627123657692652
sun_acmucmjtzrjwrnki.png,-0.9028738528234775,0.17795984290555697
sun_acmxnsedgirrlcgi.png,-1.0679504108151392,0.341422619449181
sun_acnawpjquedtdxuq.png,-1.0463844653401577,0.32396666572551136
sun_acogctmmxmuoyvfl.png,-1.028626382005686,0.3264933833072908
sun_acqkqticsyuapvci.png,-0.9183220164784384,0.3414479954683685
sun_acteouyhcdaxmeya.png,-1.5833320803556932,0.1869738061791042
sun_acuakodxedalqwqm.png,-1.6068294640653469,0.2383441666647245
sun_acuntvumcrillqnp.png,-1.4459311653531053,0.12194402394966315
sun_acvqlpihddkrdsjr.png,-1.0920935896710273,0.28766578016433136
sun_acwcxcfulvbjhqbm.png,-1.0746310359244422,0.2004139740537389
sun_acxojtvutlkaurza.png,-1.5210058768185863,0.3188626784993114
sun_acygqcsddzddfxdg.png,-1.3403482650593634,0.2550014916019342
sun_acyletewwvoolvvv.png,-1.6616220119657787,0.14915491239430542
sun_aczwgyukesaajxnx.png,-1.1777100975157146,0.30702008004191217
sun_aczxsecpjsxjcvms.png,-1.1443105362705976,0.310579583233236
sun_adaqrcisdytbarzl.png,-0.9424831791511658,0.35900028893383423
sun_adaylgrrsdyzwsop.png,-1.1198475353381983,0.11446131319358815
sun_adchxphwsnqnicbz.png,-1.2628187720124497,0.18702996888452236
sun_addsacqmcbavfmcm.png,-1.6346994545921536,0.3544393875588605
sun_adephxvrriwlbwfd.png,-1.3995501416874845,0.2792962874026723
sun_adhidumqwnlzipih.png,-1.2505724464466994,0.2943199699796201
sun_adhwholkeuezccfu.png,-1.0460836347588105,0.30380607737956
sun_adkonpxsblmtdukc.png,-1.3477181961233455,0.1242633913791962
sun_adlgdbbuechpggnx.png,-1.2167551936101837,0.23708862269046826
sun_adnvgfxnkjimrlzh.png,-0.9212409108607772,0.32357725107776886
sun_adoskwanicxyfwdg.png,-1.4595841371428437,0.11117615834438288
sun_adpnimdjxvbcaaug.png,-1.0373019843078892,0.29689462999651817
sun_adqmgymlumduelnn.png,-1.2387862340302964,0.3183807611986935
sun_adsaqedttiixgfrw.png,-1.04430541614932,0.27796054210909393
sun_advhcaufilhdkqnk.png,-1.3573291912910208,0.17767146791783983
sun_advvjenltmhprwfi.png,-1.431132085986082,0.05737031680910972
sun_adwucyplebawahma.png,-1.2194639076313445,0.2871212804883051
sun_adwvdrthivwjdnoq.png,-1.1195734992811732,0.20952318268867384
sun_adxskjksxrfjwfuy.png,-1.3825558031248115,0.3085463431830115
sun_adzohqnwmnqyeqxb.png,-1.0760078031824483,0.32404026651814266
sun_adzpfrapetechsfs.png,-1.4341797402784628,0.3184931909243658
sun_aebeqjjddmwjjzyx.png,-1.1725792899924885,0.250498893560923
sun_aebldafyhgsuczcd.png,-1.2157185100667178,0.3253008587169517
sun_aebzthvpaouyftan.png,-1.5646569261950383,0.23907377552165013
sun_aederluuyyqktfqi.png,-1.400219197390073,0.15586315773406514
sun_aedggeuhrnhvsjsr.png,-1.5459074511824202,0.2365595367888837
sun_aedpfwkiwaclnhlo.png,-1.4488883254814198,0.20586312951813918
sun_aefcbrgrtkkhfznu.png,-1.4052074019856289,-0.03345941966439035
sun_aeherdtnoxxjvwsm.png,-1.5046125349738286,0.33518954626221065
sun_aehmwnhywonrztaf.png,-1.3218098094859605,0.21890303056069818
sun_aeikthvfgvgivrru.png,-1.467274546232251,0.34979126741198474
sun_aekgzpfilgjxpeyq.png,-1.315958035465135,0.13823331361661284
sun_aekvmhlnyqeuiqha.png,-1.5986657629213457,0.22260550458715597
sun_aelvlqexqgwgmwxc.png,-1.2170271359309648,0.20555412481758092
sun_aelzjtbxluarmkwi.png,-1.2702003098529122,0.2841863823247413
sun_aeoxbagmsshgxswr.png,-1.123423100516708,0.1545808479851764
sun_aepgkbouqieiaooe.png,-1.3774161195686647,0.31686891962332714
sun_aepjmmsymjuekcfe.png,-1.2594177865066278,0.3450736667187667
sun_aeroqgzewiqbdocz.png,-1.174607131241856,0.28364814741789046
sun_aesaekvccktziazd.png,-1.0544429843958614,0.3022557209327638
sun_aesmjndpoqogyfap.png,-1.5403721012064047,0.2498098351219111
sun_aetapihskrllrdnt.png,-0.9574062578239078,-0.00929109467788244
sun_aetnuwjmmgjxuqav.png,-0.9607249833594689,0.29572064754800165
sun_aetxjdxldeqvhkof.png,-1.5841368431271596,0.23619214977751496
sun_aeuhgepysvizzcme.png,-1.3806385681310969,0.16274971967321905
sun_aevydkilnuhoseek.png,-1.3834012752476679,0.2239392718742528
sun_aexdqzgqahiggqzo.png,-1.1127991832676722,0.2424614926151497
sun_aeyhqgbyhdhangzf.png,-1.474864283622455,0.1349994438543727
sun_aeyhqikjypxeolsf.png,-1.4740819770944038,0.14098034522661948
sun_aeyoeoscvwmxyern.png,-1.2157480279702981,0.2943291331818277
sun_aezuhrkzpxgayaoe.png,-1.4548005426630997,0.3658367942631148
sun_afarueujnhehyyio.png,-1.2950814926760785,0.17664522154448434
sun_afdcgmejbrwqgeaa.png,-1.6925973918341937,0.235455557569324
sun_affvsjiyenxuwonk.png,-1.1593749214181066,0.37067401722928084
sun_afgoiykvchxqotyz.png,-1.5002165699627326,0.08248062712989102
sun_afgqszlurifiuhge.png,-0.9620263396310952,0.18152728877654398
sun_afhagvtspzxkrens.png,-1.2800857675674866,0.312720331885554
sun_afinmakjhofvvybt.png,-1.0171107616797601,0.10129981929168032
sun_afizghkvlqvhlrde.png,-1.4065848111433144,0.13151541768142552
sun_afizqjodvavccawl.png,-1.101437730014261,0.1495123567843954
sun_afknvxgaiewlzajc.png,-1.278609865967744,0.11276590808917344
sun_afkzhwaatxbdwyje.png,-1.4802283740481195,0.1358454249333728
sun_aflimfqnnitwlrnb.png,-1.398990243635578,0.30930293563541844
sun_afmyzinsyyriyqub.png,-1.4445208019117965,0.28483157546166155
sun_afnhigxlhzlkoaie.png,-1.357462097216933,0.3259142937348691
sun_afpumbfbcfocaczh.png,-1.0510317860395857,0.30344906823173096
sun_afslrcwkonaoxlfi.png,-1.6711994810329869,0.30711747491638797
sun_aftfwqztcdyulcfl.png,-1.413248146877942,0.13900667177653514
sun_aftqrthzncibopfq.png,-1.2449379755446708,0.18926835843800335
sun_afuhztgcqcvfxhnx.png,-1.33120286926792,0.24700998278252784
sun_afvjmcszbcwjohfj.png,-0.8356564516739838,0.14420748379032888
sun_afvrukzssnqvdbtj.png,-1.5319208727913705,0.2216740701316248
sun_afwtvwqbxpipnabd.png,-1.1086954829950104,0.38653118782889245
sun_afxalkehxpwbgbec.png,-1.3623285937644685,0.18627037009540073
sun_afxcienzdiipcqgy.png,-0.8025856279889744,0.2509761429104583
sun_afxhpzsqiykuebcv.png,-1.3760102956702938,0.3528552949456904
sun_agahwoovewlukywf.png,-1.4994900207754382,0.34131618180958884
sun_agdolklhpqyffjzl.png,-1.311219953913652,0.303633967768531
sun_agetcjmtbricmpuf.png,-1.0750053106457897,0.20102912604132475
sun_agfghckxllgaogeu.png,-1.3031363075723377,0.2188418415259618
sun_agftyzlylkfwxclh.png,-1.5776633735166805,0.20907582878829772
sun_agfzeirwtkbdqehi.png,-1.546835783847873,0.3088740153289333
sun_agitjjtogdteybqa.png,-1.3478403692534873,0.3125273561954785
sun_agjapalzunkyfkne.png,-1.431033738882685,0.32858613825137867
sun_agkxxqnnwbazqygc.png,-1.170661521819523,0.11571232652881379
sun_agloxzhvkzodurph.png,-1.1507736002634015,0.39384903154099504
sun_aglpgqhselmbsjfe.png,-1.0819387606891764,0.36143959752038357
sun_agnvbaxppmkhgxvb.png,-1.8303669065049362,0.42167649900056514
sun_agocibromfoaybuz.png,-1.6958333863679025,-0.1466779813520907
sun_agqdjnnfbgkosqgb.png,-1.656191212628894,0.44453751173369926
sun_agqvzyuqlrbohisr.png,-1.1621827766379849,0.011962601832483466
sun_agreibglsxbjhxdt.png,-1.2196764649388017,0.20718382195975582
sun_agrjebdfoyttpnap.png,-1.202183367744154,0.30519315642716005
sun_agrqezteutcjldef.png,-1.5834837216765005,0.02705526704740812
sun_agtcwwbzxopcbizr.png,-1.1319215595813432,0.4006202700334587
sun_agvakjyhqviyjqpm.png,-0.9859953225765854,0.2786027259536024
sun_agyrzgbpswqopvgk.png,-0.9991127532436479,0.3898338958962515
sun_agzpvimusqvinafc.png,-1.2908139480261227,0.18951830443159923
sun_ahagmsuehzsysfnv.png,-1.369781892809866,0.3040928476738166
sun_ahawfngukizslzsd.png,-1.3793340078968224,0.25566379337969036
sun_ahbahrjecmcqevnk.png,-1.6343878354734498,0.19876853493960736
sun_ahbuavbvaffsgffr.png,-1.171363498824917,0.25070740710551137
sun_ahbvxezbavapqote.png,-1.3239535505269004,0.19897034424867788
sun_aheytktztscwvheh.png,-1.3630758809359012,0.3430480976759219
sun_ahglqbfkxbqactrv.png,-1.426017334878906,0.21174191167425266
sun_ahgmmtogcvszynnw.png,-1.3976945866263928,0.3460536235623897
sun_ahgoshovjjkchffm.png,-1.31407933296888,0.2872153087579244
sun_ahgpuyjjaigczdjf.png,-1.574299752827408,0.35165875680502023
sun_ahhhaxrgmujfsusq.png,-1.32626077782871,0.21469956697939208
sun_ahhpsbgnglzysmua.png,-1.4902881825334573,0.1825639119119995
sun_ahhubkoftignudml.png,-0.9874728002795226,0.41673622422046663
sun_ahiglhenuwtgaend.png,-1.40848080416976,0.34126321614290817
sun_ahinlwkscbkxrxqu.png,-1.617289435337544,0.3109033371691599
sun_ahlaslozkkgkrxlk.png,-1.4831976088416572,0.20981994663529213
sun_ahntvxqzyuejrdcq.png,-1.2703184998210992,0.33966266078178564
sun_ahofjniqorznjqoe.png,-0.8605282296060746,0.22078297951575332
sun_ahqflounpzprmunk.png,-1.1006792985331433,0.40755550781221056
sun_ahsqkpyxpyepjgxn.png,-1.6089712450237519,0.08245238298022613
sun_ahtymmdypyqqmthn.png,-0.9357789869275404,0.3516514416865529
sun_ahujrsarquffritc.png,-1.2123016249882106,0.20380602593688044
sun_ahuuqwuiimtlymux.png,-1.1554711304986605,0.1905885682049459
sun_ahvaoneopufydell.png,-1.5512941566531866,0.2072819106912548
sun_ahvmneulgayfmkqm.png,-1.4360024181475668,0.24130077241300768
sun_ahvsimquxdczxoix.png,-1.302546128965911,0.1144860185886952
sun_ahzkcnxntuakjgmo.png,-1.6092300247326303,0.2353549363258101
sun_aiclrokyjyalssnp.png,-1.3193721158735732,0.1501013065297647
sun_aicyakexfevdjfib.png,-1.300437408747437,0.1418380482267203
sun_aidzostvaltvaups.png,-0.962530104280664,0.2859771657089063
sun_aiewrdgnruljdrnc.png,-1.4443437034332158,0.16081861266695394
sun_aigoeesjpnlxivax.png,-1.3943479448404115,0.10628463526213312
sun_aigujudcinwafrqo.png,-1.3509987542491935,0.1540883836651722
sun_aihfaarwvxfxnedz.png,-1.4106217091718602,0.23199435328148202
sun_aiiznvzxcqhviikn.png,-0.9241533292246052,0.2756750832136326
sun_aikqsqvvzmlsithy.png,-1.4243351043711896,0.21195905692313843
sun_aimgpzwaczlgqief.png,-1.3192185956067877,0.334895682287313
sun_ainvjlcupeqwowdc.png,-1.433348783134052,0.2787852820617394
sun_aiocgjwcthdvttcs.png,-1.2251023820292803,0.17889497465397838
sun_aioeiallqtbfjymn.png,-1.297158268073745,0.3085583008585896
sun_airailhtdwurkwef.png,-1.351532246534116,0.22718149786523187
sun_aiswdqfgkxllgxqb.png,-1.3668643459358345,0.1672196797832154
sun_aiwxbaalhxdditjo.png,-1.2528049324909585,0.1689461551340004
sun_aixamttniqkzhijr.png,-1.4671795351463242,0.23609029710506912
sun_aixpqndlwhwjtjek.png,-1.6334136544179843,0.366942878944057
sun_aiyateqpyzjsizas.png,-1.3772211904607814,0.10201358912692844
sun_aiycovwctjlqxwbl.png,-1.3742730060190158,0.25774874691894223
sun_aiycurtqsfkvcaso.png,-1.5286531709518918,0.29022310987556504
sun_aiyyoznfcwvcogaf.png,-1.4164925378716968,0.2118902262968122
sun_ajadvewmegqmgagz.png,-1.3629941559979268,0.28676596007663313
sun_ajdofftheuhszftu.png,-1.581243500103929,0.2737940026075619
sun_ajemqpllzueglsic.png,-1.4844235522872624,0.29112494418616863
sun_ajewicelqnljfrit.png,-1.3125911113878237,0.24076223716295703
sun_ajfeiiszphblpacd.png,-1.646207298873842,0.34717827626918535
sun_ajgbrtneyyhkyicn.png,-1.0595853267530755,0.3769716191686926
sun_ajilxnxswzeajiua.png,-1.3052971998305594,0.19945479327578375
sun_ajiqqgredizowbgu.png,-1.4039975488391385,0.20844216601764695
sun_ajjbdzmdpvrckwmh.png,-1.073719752967106,0.35945781830532203
sun_ajjrfxwkaspzgwnq.png,-1.491912100567042,0.24191904548529655
sun_ajmtpcneyaryltkb.png,-1.2980526599252036,0.3432873543327883
sun_ajnlkyeubhatsusk.png,-1.4893245586747883,0.3065542578084247
sun_ajpcddiyaryyekgz.png,-1.3378189303086083,0.30313317461717076
sun_ajqihdtigkqdrfxs.png,-1.6663321503442579,0.19868987676867708
sun_ajqynqzszvofjftb.png,-1.4518879962926667,0.09027897118634359
sun_ajujghcjcfkzfqjk.png,-1.0588784850128372,0.19076915417400883
sun_ajvuxxwkdwbfbzrs.png,-1.4155369159015658,0.3316333003476188
sun_ajvxdivvhxzjwjts.png,-1.6234804105359992,0.2631472154788217
sun_ajxvfbkqwjiptuzi.png,-1.4332518351772696,0.3050591853485358
sun_ajygurrzpfxqejqc.png,-1.4282006028179914,0.1684819075701466
sun_akafihdxnqphclgg.png,-1.0614886117365212,0.37792025245426214
sun_akbmrcehrbmeolgj.png,-1.0664102933278456,0.16593138205078506
sun_akcdbodbkmfeupxp.png,-1.6868204905309707,0.04664955992551672
sun_akcjhylvxeufyjjh.png,-1.0774415954240208,0.2523753290575071
sun_akcxxbgqrapnmrqt.png,-0.9808867362251323,0.2363967999213901
sun_akgkqrlniaaogoza.png,-1.726988844935179,0.32527620161884074
sun_akgvxfuhgujhjjpq.png,-1.3197047861618576,0.2679547483052744
sun_akgzvlccxlhxuygw.png,-1.4154312354237961,0.23694688897590738
sun_akjppmhxrhxoqlhf.png,-1.7266349895875006,0.2657435157435158
sun_akjrblsftiiheycg.png,-0.8471193725362224,0.21084523106917155
sun_akkcfpsvyokmlmwo.png,-1.1988018966295302,0.23995836762958803
sun_akkomfouoppmfooc.png,-1.1016975368424,0.2916360853609753
sun_akltcbkzrqttydda.png,-1.1968181112834568,0.33448159557484314
sun_akmamktsodsljmlk.png,-1.3206521875119042,0.2422486998880916
sun_akmjsexipenbwljx.png,-0.885636162341141,0.37283803356905515
sun_akojxcvbbcjcajzr.png,-1.3566635482365315,0.20961224745890322
sun_akqvdmuauoxeafrj.png,-1.2829497090618205,0.337041725734532
sun_akrdzuurrlitqjdv.png,-1.4099878799180856,0.2968189284355236
sun_akslsuexphhsbpwm.png,-1.250221211255336,0.26663148877545617
sun_akubqvqnwwfxhdab.png,-1.682758904866694,0.02704797145733614
sun_akwiywaquuwvcixm.png,-0.8933253550310536,0.4086960100498376
sun_akwsgpcjdzcxsyzx.png,-1.4609968473090487,0.2202038804248749
sun_akxlbeczevhjtdyg.png,-1.2509370578720653,0.34261821284128263
sun_akyvvdrfhhpkxguz.png,-1.4774656450292654,0.18926462013054193
sun_alagufqsctztfexh.png,-1.3940129829712078,0.3942501511791977
sun_alcdwocqmwxiytcj.png,-1.4365912617825707,0.35907639460060964
sun_aldiqdwgauilevkh.png,-1.580223977728429,0.21733508519468606
sun_alebavahgbcjlilw.png,-1.540863447944988,0.22087173249963946
sun_alebmrufxkmvdazd.png,-1.7641436034474727,0.13296892826474585
sun_aledfdjvdimdvcmx.png,-1.571025311488134,0.21193896978244617
sun_alemrcsvbnxhrekg.png,-0.9969596029814557,0.2956747206100355
sun_alfmjdhrlxodshvz.png,-1.4717628072850446,0.261796238318408
sun_alfyxziavorwrczv.png,-1.3868109801015343,0.08861607753393932
sun_alfznclqzuxrhweo.png,-1.5626165852324223,0.15277822496257065
sun_algtwbhyauhzyhmf.png,-1.5144868504463105,0.23728386100671103
sun_algzpsdpasysjynx.png,-1.1067046449721007,0.18411644535240038
sun_alhseeozcjpajeio.png,-1.8143743997093509,0.07159228886248385
sun_aliqepetuupwdpip.png,-1.1233637587833,0.4116538230389452
sun_aljzsnpyavrniktw.png,-1.081825824990444,0.2426696981561899
sun_alkqvjonkkzzbzzi.png,-1.2479722920393659,0.26244339887671514
sun_almeohhkbhjhcqgz.png,-1.1955514818917004,0.3543674723274223
sun_almtnksfxwvylcgf.png,-1.5224683884738963,0.3449419411689462
sun_alnhhgplueakosls.png,-1.3809336719237406,0.32340108077088614
sun_alotohxgvdhrbzjl.png,-1.1684149036850908,0.3171303905367009
sun_alpractqeyizbear.png,-1.7402962640128972,-0.08269460536507062
sun_alpuqwdcwzfoohan.png,-1.8159301517303281,0.07400578418801419
sun_alqmqymrljxfqbpe.png,-1.3055357171741335,0.21948596996288716
sun_alrenxdoluotfeqf.png,-1.6306336261316419,0.14133253391291317
sun_alrysulkkfkuicub.png,-1.4543948134164062,0.16028642590286427
sun_alsdrvwzxzjqstbk.png,-1.461314872762485,0.1354582655425726
sun_alsovurcebalnckj.png,-1.2443923894577034,0.2793777039723812
sun_altcuqgtvipeafki.png,-1.7900686112092172,0.26213313478449185
sun_altqhwdkhhelfrdm.png,-1.2209927969006942,0.2905232377063363
sun_alvigraaitfxmeoo.png,-1.5422565842294982,0.24318277734082758
sun_alvoexkareccqxgq.png,-1.250500973766008,0.23342423449472005
sun_alwjznlvhejgalis.png,-1.2077190939083429,0.29795763548730964
sun_alxwctpznvhdmofk.png,-1.6444923507300526,0.166639661723891
sun_alzxzrwqvsuffwri.png,-1.4694372697152605,0.19390029325513194
sun_amanmfpjqehuimzl.png,-1.5829104826272689,0.18586586597427351
sun_amdsijhmjiunojms.png,-1.4850548240656132,0.4188754360763391
sun_amgxpaucmznjfszv.png,-1.4579141475599517,0.3148846848761825
sun_amhygsoqlfgvcnwn.png,-1.3939505589223586,0.21795759722225438
sun_amiabbtnhsniqxxi.png,-1.4946099356173617,0.2354329781064231
sun_amirvaewncjrhrji.png,-1.2674050322789834,0.2451896245777325
sun_amjeharpteceokak.png,-1.5440338772353517,0.11896228739302833
sun_amjxduwonsnknmzq.png,-1.5458475996105911,0.20976965709621354
sun_amkrexmzqdcufnah.png,-1.3444043350676012,0.24309629538737546
sun_amkuuhdadzzzfvni.png,-1.2895854804302442,0.2794747000083913
sun_amlushkvkmkboxwl.png,-0.990629575958254,0.15309746533972057
sun_ammbnoambmhdxdwd.png,-1.3868487824106384,0.24066755618659572
sun_ammqjlktystudwsz.png,-1.4126475005510037,0.13384739883418545
sun_amnuohiykcfqgvft.png,-1.4099876891243344,0.23056301508328067
sun_amnyqhtcnmthazfl.png,-0.8228636914429397,0.26968114848961655
sun_amqevktaidsufzef.png,-1.1209656845861793,0.3291731803452124
sun_amqmkagzucwpdrvy.png,-1.3026133818870034,0.28176815802637833
sun_amrnwhhcrashwphd.png,-1.4531448453575568,0.3727686209649823
sun_amrrjqquiadyblpv.png,-1.3895759727606327,0.18757324886078133
sun_amrsltollarnzjhe.png,-1.606243775706049,0.196954680601856
sun_amskivhvbmabakdn.png,-0.8121804187453274,0.2607266424385468
sun_amsxrikcuhcctcic.png,-1.4586669652328028,0.2190957048404739
sun_amttpvaevkanjyms.png,-1.3014354092974831,0.2666987971162922
sun_amtugpqionwfaitt.png,-1.5513633552000454,0.269306764375479
sun_amvjipfsvafczhwg.png,-1.3853151008669236,0.21968101182881786
sun_amvyzgieqllyakod.png,-1.1474291665949266,0.3155177359212161
sun_amwzviotqfacmekh.png,-1.591435546489096,0.30746491141833543
sun_amxzetclivhmylma.png,-1.36917541461639,0.09434185872117139
sun_amzfaaifcljsejcp.png,-1.4982475596874067,0.12615625185205445
sun_anbnxzmccfzzvhvs.png,-1.1567637154889692,0.2585473125659095
sun_anbsyvzrmxjixoas.png,-1.1628489718059083,0.2116906710934754
sun_ancegghzusmmvzjn.png,-1.205525847404343,0.32736989704923686
sun_anepqgxfijgwjkem.png,-1.3623300469736856,0.07730562241282789
sun_anfplyloxlsomyad.png,-1.3884619837015084,0.26002981065540987
sun_angurhxxqlgixqia.png,-1.4985899648334593,0.18911044817780567
sun_ankbihpzdlhpnmvp.png,-1.459701872618419,0.13666959512913646
sun_ankgbmgntdzaofeu.png,-1.1850031993432395,0.2957092090139301
sun_ankwpfzsrnmzgnru.png,-1.1089937581953728,0.19341589811155027
sun_anlnwclxnlzcdsic.png,-1.4625635896436253,0.19116521353983623
sun_anmhtrpsulapelso.png,-1.4979427363302324,0.2007298370195034
sun_anoxxddurxsbnxdx.png,-1.4918752677516025,0.04245397369925671
sun_anoysehdxqvtblch.png,-1.5646522218756307,0.1454240757708079
sun_anpdzpsubrdncofi.png,-1.6086347401078662,0.04088723963820538
sun_anqzetsjxvgxvbli.png,-1.496176511180615,0.24490784014417413
sun_anrpxwajunxbolfb.png,-0.8471517376141012,0.25521251736053624
sun_anttrbcjldhkvmky.png,-1.1393624909706226,0.3848335981629958
sun_anuccyypakddkvpd.png,-1.3461297138948183,0.20521364455401814
sun_anucnzvdtnqbicra.png,-1.4932656242205098,0.2728707275987611
sun_anuugheuandexaxq.png,-1.587229352413352,0.14244318026759423
sun_anuvusdcoiiwykfa.png,-1.3266626918905486,0.3135940341693499
sun_anvodyjdsggscsle.png,-1.5083773768473747,0.22264918737037093
sun_anvrixbclgrqwwyg.png,-0.9501379200303175,0.3349843184973178
sun_anwslxkaxvqvypzz.png,-1.0911472041808699,0.2485464173412497
sun_anxhruonipwfydod.png,-1.2440569559340664,0.09750794516039453
sun_anxvokcnbgorcxsb.png,-0.99674699026855,0.29319803040357123
sun_aoazbzmyvzxdellz.png,-1.5614417230272213,0.19845555948114876
sun_aobevcyhidndexzs.png,-0.9915724525329945,0.3452190079637255
sun_aobohnxcniotaovl.png,-1.3407876777388839,0.01912870229634803
sun_aochwmrmihojanwr.png,-1.2340298765840227,0.1655556271294441
sun_aodtijqkwsygbegt.png,-1.5154818871398426,0.28086783240781177
sun_aofdxcazaotxepqz.png,-1.172773901000318,0.2005147397539058
sun_aogfueenyswxzidp.png,-1.3518538276403238,0.2313983429044762
sun_aogrjjelveuftxwk.png,-1.2395985062217714,0.16343878820401492
sun_aojnhalrhfmmhrly.png,-1.1573128274133637,0.2202138292627245
sun_aojxrjqquphceyco.png,-0.9266097323141079,0.26223997713569064
sun_aojylfujoazxivli.png,-1.0276477815244742,0.1656013705510413
sun_aokeiykmgjwvzttw.png,-0.7054024320662197,0.25876150503197604
sun_aomfabtifhzkcbdg.png,-1.1528754581335727,0.36274549868004874
sun_aondmbcrpcpdjarh.png,-1.5109961732473123,0.2248222402179459
sun_aondzoggxyejkaqo.png,-1.440070744919478,0.20902583624959992
sun_aonxtmxwjuubcnhj.png,-1.3736546102957667,0.22334105385060804
sun_aooinnxyfefffynx.png,-1.179272174835715,0.35650296892029015
sun_aooqimbykkzecvyc.png,-1.4267492285501457,0.25670361912251777
sun_aopyvswsqulaluiu.png,-1.3914298281215725,0.24863795947245898
sun_aoqxiwkfvmyyputq.png,-1.2979629270129642,0.055473973202477274
sun_aorgavukezzcysrk.png,-1.3297809228519104,0.3411695885052008
sun_aotfathzvfqkviyv.png,-1.4250693311354086,0.13703938561262594
sun_aougeyvlmbkzhkyr.png,-1.4534772339530895,0.08980948380241667
sun_aowiyunizehotuwc.png,-1.329808701836618,0.10344189051825355
sun_aowksagtgggbnjqi.png,-1.4338794378966402,0.14810178123233808
sun_aowuhwvpxbmeldhk.png,-1.2294443761367493,0.26375343590932093
sun_apbghnvhpvfqoptw.png,-1.4128157736261986,0.3655842094631641
sun_apbyivlpmbrbgytk.png,-1.5397052376101175,0.15032867870924863
sun_apdixtwtaavqqonf.png,-0.9307538531914424,0.20055949783968846
sun_apgzmmrheaequxkk.png,-1.0271023191418884,0.37779462210482756
sun_aphxoinopcooqdkc.png,-1.380611275287561,0.2776397304826803
sun_apjhglhqiljqcdkc.png,-1.398652853636284,0.2831794490901408
sun_apjorzrmogzguovm.png,-1.441103917646246,0.2870122435848914
sun_aplbwxtktljuctyq.png,-1.4232168729457506,0.19380913349697923
sun_aplomddyhizgxccz.png,-1.679682505044967,0.15731403867643487
sun_apmhovgvmxvpdxlw.png,-1.3790896317698786,0.2985859201211013
sun_apnwogngdaronflf.png,-1.4781955033639425,0.2638393378123802
sun_apqmswevsqhefqjf.png,-1.4148269415488712,0.2755577986667508
sun_apqqaoxvnhplfvsk.png,-1.3494058241579137,0.3388619226707672
sun_aprgbwgrwequqing.png,-1.2543196556992393,0.22950871482072593
sun_aptemiigmkoelcen.png,-1.2074057376887373,0.22698979772872008
sun_apurpjgazkgbnbew.png,-0.8093983901126938,0.22624449224861973
sun_apvqljxdifvmyadx.png,-1.001580673139654,0.1876070296245369
sun_apweqkrieytgoicf.png,-1.7803984683538883,0.17809729551061845
sun_apwhjtljvhthspsh.png,-1.4548194964400734,0.3251718003056589
sun_apwjzdyxbrwpnwej.png,-1.4054478419974132,0.21765652393189075
sun_apzbtvmnjxzudvet.png,-0.9590669789104189,0.30450784125272506
sun_aqbaaqeojrexbmcr.png,-1.495944750218119,0.24752363825424656
sun_aqcpqawhbhduevtz.png,-1.3796320532260864,0.28008544979824357
sun_aqeihowlpdprvqfx.png,-1.3525037699534148,0.28273458521492406
sun_aqeoapwuldyxondf.png,-1.510983093862084,0.18162365930387775
sun_aqesmtrsgiophiuw.png,-1.5636791754266204,0.22273011826035483
sun_aqetigpralawagfl.png,-1.326850629854105,0.1269842189419044
sun_aqezafmogzlbsghg.png,-1.2934503850158279,0.40599926389400065
sun_aqjarzbazaghifzo.png,-1.2666251873296632,0.15451543876296245
sun_aqkkusvrsmjlwxwd.png,-1.697666896896832,0.2993181678347494
sun_aqkmgatdqbxypggd.png,-1.4475972784076012,0.31849947948130924
sun_aqkpxwoptmxmgoaw.png,-1.4779829699442486,0.34393389204212677
sun_aqohrmlykrvpbqcs.png,-1.4396700474883282,0.28151173036144816
sun_aqorlaxzrqoixeha.png,-1.4913058966446133,0.09773355761350097
sun_aqpczdppoqjonalb.png,-1.2566120380369743,0.2818036814199462
sun_aqrabcfiiwurrxir.png,-1.5733745462437159,0.23026497312211602
sun_aqrixbpdrlracxsw.png,-1.311715603709125,0.30829444243793386
sun_aqrxlonzxujlwehg.png,-1.553035533213814,0.18822527778538622
sun_aqsmsbksghehyjmm.png,-1.4270206508112417,0.17385968153258463
sun_aqsugbctmlktryvw.png,-1.4095645501524414,0.3616552172298552
sun_aqsyvbwpnbjiotkt.png,-1.2597015880013769,0.26195644366425425
sun_aqteuialmidhlvbj.png,-1.195538884558955,0.22215469738542817
sun_aquewihcbzrkousv.png,-1.2851238381143486,0.26808356315731763
sun_aqulzvjtpnwvtyyx.png,-1.3528754416555118,0.1497160909873691
sun_aqurqnuwzifwbpwa.png,-1.263515753431387,0.19572161882311473
sun_aqvtatgzrkinbxqt.png,-1.325752081427375,0.15694602889409698
sun_aqwcoqdaramvmvnp.png,-1.4685332777450955,0.28074042419198847
sun_aqzfstcrytxkbfrx.png,-1.0038575993599161,0.16502790139153775
sun_aqzwapvheiwtspzo.png,-1.1002737526762183,0.04928571307512002
sun_aqzxwtsrnlsiczsn.png,-1.139327006224729,0.25918824720741657
sun_ardyqbhpwglhclqi.png,-1.4307500496882046,0.2900076827152585
sun_arfdlzsnmglcvikh.png,-1.1587680060475603,0.2599780861808057
sun_arfghexbhkvkvgxi.png,-1.5150617414038943,0.15774696451001158
sun_arfsltlmiwgxorwr.png,-1.4320221954379828,0.1849845306420123
sun_arfztiomfuqttdrt.png,-1.3194014622681949,0.3351642813948801
sun_arhqovljbvibrmtm.png,-1.0713680281607714,0.28918524076514524
sun_arhsuyqmegcknown.png,-0.8931964536260749,0.28421540890743574
sun_aritoauaosustgra.png,-1.0185511806669176,0.22363522309754053
sun_ariuizuixoielxja.png,-1.325470372869256,0.15655096665276774
sun_arlgkxkunjheidiw.png,-1.6208881315478814,0.06823297726610668
sun_armgoigbuhwxwuwr.png,-1.0229655056053872,0.3602591773953667
sun_aroqrlezamgjfcoi.png,-1.5379092502184757,0.28213704895214153
sun_arpluuazulzhjheu.png,-1.255009611855742,0.17026362518781588
sun_arqxmdkaavpzmlsf.png,-1.4702806574946348,0.21522878573035992
sun_arqzoklemrbeqazb.png,-1.331355559819893,0.3033799059553625
sun_artrvxkgrvxsvaqs.png,-1.2318554623574316,0.37400023813098243
sun_artvacalcbftmpdi.png,-0.8944976065166409,0.3343708439628461
sun_aruxmlhbieolibhh.png,-1.0836562565435561,0.3959097323041149
sun_arvpublbqjtdrnab.png,-0.9454931460616721,0.23614066890238375
sun_arvtcfggzrsifiwv.png,-1.5790704178411181,0.20378693676380816
sun_arwcwpdohtfcqmca.png,-1.121497997663978,0.36801206935747194
sun_arylluczanmwjqaf.png,-1.0055948309360057,0.32172619801485774
sun_aryoqikeoguqirey.png,-1.4043195023978905,0.3792340538507489
sun_aryysosahbqjlhyp.png,-1.2626937965770175,0.34452979562760006
sun_arzjdlficsywzzxe.png,-1.5504979466013455,0.35920868412508344
sun_asagxsreouakefyc.png,-0.9894807036075489,0.38182245687536065
sun_ascgpmqebjzymcmi.png,-1.6566441348348482,0.32528798000816395
sun_asdafnvfqdwiwbay.png,-1.1044398440619465,0.2664865473813427
sun_asdvujhufxfopyff.png,-1.2722483039368835,0.24672773654916513
sun_asegovooeshozcdh.png,-0.9508375057756224,0.2799345401108811
sun_asfmsldgyklakjqm.png,-1.4098388175157854,0.36194972223262006
sun_asftrklxizngxfas.png,-1.1785421497650093,0.07583872438241371
sun_asghxbvkhnkygpuq.png,-1.381945416868889,0.24598954001663362
sun_ashqdybzrscmozvw.png,-1.2255734809193561,0.25652019983478225
sun_asjhjualiqfjjxlg.png,-1.1513442231468316,0.19888106968174982
sun_asjtzmwjvhqryqsz.png,-1.414807978563475,0.17185883176846362
sun_asjvnrpboodherjd.png,-1.499218187716077,0.377025848773865
sun_askwjtamytupzwah.png,-1.2915163671058585,0.0907488812758832
sun_aslmehlkpcjhwjmc.png,-1.4752162931305086,0.13557431931697608
sun_asosyabeygjnhtxh.png,-1.5692065193957176,0.29537568981832196
sun_asoszlnqrbrczqdj.png,-1.0749262691733943,0.3100215620087924
sun_asotshujnoeinbbs.png,-1.4007083300085976,0.2067392311255211
sun_aspmucrzgpodkddo.png,-1.4348452096212774,0.16776049150149872
sun_aspzyosxtdhkzahk.png,-1.4874180204674883,0.20140415907520262
sun_asqdmjznrgeuozvr.png,-1.3184266009187664,0.20763874187547576
sun_asqyphqglsneluuc.png,-1.6900163945654276,0.2835562907556578
sun_asrifeqqlgmmfnbf.png,-1.5136396252128257,0.22068810067332958
sun_astgmykhueefpevo.png,-1.1232033974217588,0.3324520537176099
sun_astwltadxgzlydcb.png,-1.0063812625294355,0.2901102369304989
sun_asucsgijickcsuyh.png,-0.9498373271842895,0.11303475553661364
sun_asuoinkrgxvegbah.png,-1.5407524643819697,0.28767501015326086
sun_asviztlddaycedac.png,-1.040446561324429,0.3365645778978588
sun_aswykbxmrypzjuhi.png,-1.4234187427147835,0.17521314563299292
sun_asycbfpwknyndhqc.png,-1.6027247685908819,0.2496668488844103
sun_asygldcgyclnvvlw.png,-0.995902009008971,0.3287877687790561
sun_asyixwjjhxaoyxkd.png,-1.1767593889667358,0.24436205051651286
sun_asystlqtipunmrvq.png,-1.3723197665924622,0.2498014029984995
sun_aszvpysjmexcdbpp.png,-1.1433266656098309,0.33741402117810965
sun_atapdidnxczyweoj.png,-1.4424443427662903,0.28026949240665777
sun_atcrgjmyuguyhkce.png,-1.1309820814435239,0.32644875083930713
sun_atdaqomfljzquqcg.png,-0.986487463478712,0.2721967963386728
sun_atgeochjdywgqxyf.png,-1.453475244510344,0.14025435157788427
sun_atgftsajuwjzuztj.png,-1.4383615562742733,0.2359396374182311
sun_aticvjcuwokplfte.png,-1.1275633671466967,0.2569080722772503
sun_atjhxoliruxsdbpq.png,-1.2125925392301586,0.21592343924186327
sun_atkirihlypsigxop.png,-1.558722210426469,0.41057578640832687
sun_atkzuhaxqlacvmsv.png,-1.3927698670380437,0.15403212869812316
sun_atlkspittmykamrv.png,-1.2416372490533167,0.1744426949531781
sun_atlolpsghvngqjst.png,-1.672857806873771,0.09837485353303786
sun_atmofraxvfuortqr.png,-1.4566769879233894,0.31111253625905244
sun_atmxdkrnymjzbcnj.png,-1.0204683164422552,0.18484639953198734
sun_atnfukcihjutwbhn.png,-1.161847936114576,0.19273183545981273
sun_atnqwowhlotuclpp.png,-1.49813380594864,0.24998522629766293
sun_atpbyislwizsnszk.png,-1.1520131405396996,0.2742372326552593
sun_atqcpxguurfkuhnq.png,-0.9741485183383914,0.4172595669428965
sun_atqutzzjditgyzxl.png,-1.1072074476521223,0.1722742185169931
sun_attdviyipsljunts.png,-1.653981203596609,0.2533805235083634
sun_attztnajcmneevzb.png,-1.2354011801697908,0.21120997260526256
sun_atugmikryhdkwajt.png,-1.19886931068253,0.051170268804100874
sun_atuvmptukfwuhcaf.png,-1.542658833863525,0.3681503233045564
sun_atxmhocsnfhaqrgq.png,-1.4897559866981815,0.0052586678560037825
sun_atxwziosjjcednod.png,-1.5718875323405033,0.20400948943863112
sun_atypssaymyjhxkpk.png,-0.7354003550348849,0.282941148702635
sun_atyvqgdpzkavayte.png,-1.3932864190043286,0.3394447007802494
sun_auaspqtzbulixqaw.png,-1.4638791370508872,0.2816295676552397
sun_aubtzwwmrqgapedl.png,-1.4547206195677425,0.15037987948650772
sun_aubxvxsbzngngkzp.png,-1.1309683309434138,0.28854925531784703
sun_aucfgnifiwnlrtsa.png,-0.9183505109468225,0.2807753229749402
sun_aucmdjfiwkckoblr.png,-1.5311060196485073,0.2539002932551319
sun_aucwamlslizinasd.png,-1.4849855264506757,0.16340516021303064
sun_aueyzlbrocczurev.png,-1.4840213381235865,0.2769296251804095
sun_auffnkuldecxygkd.png,-1.0501500719373091,0.21134318873212912
sun_aufuzsbvexqalzhb.png,-1.4083197615052545,0.27512746799739635
sun_aulnzckztegbujqb.png,-1.3655120663702152,0.2716714084695104
sun_auohbieuizsluxpj.png,-1.4303769449985464,0.30870131085345826
sun_auotjecsnkqcjofz.png,-1.5274832307317106,0.2693195275966503
sun_aurhnrmiocivbljl.png,-1.256516281329694,0.27466880886244466
sun_ausqyahjtatjoasv.png,-1.6130089698047942,0.20916570070249882
sun_ausuzueppuisfqda.png,-1.4378262947929448,0.22907817257536323
sun_autalkozwzfsuuqt.png,-1.5568779273394415,0.31679105128032736
sun_auubgudelgjrhpoh.png,-1.1679892294734813,0.22784180916941915
sun_auubpayscjcxyypt.png,-1.4909296146983038,0.3846827133479213
sun_auuqfgwjayuyytxw.png,-1.6327466783708098,0.20044466155047183
sun_auvnnqefobhtrhyj.png,-1.1081326298589207,0.33345537534019204
sun_auwrraazjwdcjcjg.png,-1.4715787741517963,0.36198785411299467
sun_auwwnyzuzeewivmz.png,-1.242393082453195,0.10618379429989508
sun_auxtjmopnddrivou.png,-1.389572106684752,0.16104648461097598
sun_avachejdscjkngdn.png,-1.3731730454714655,-0.028585733618259456
sun_avbzvunekksfggon.png,-1.389160845073915,0.326671727715569
sun_avdopgvwdhrurjcy.png,-1.1587704240299377,0.2849844789356984
sun_avdsyxmltrmvdowh.png,-1.2656422758753618,0.16948665079688144
sun_avdworktnhijejlc.png,-0.9838865443460622,0.2642133972143765
sun_avdypgsnqqsbukex.png,-1.4387526442168985,0.19557683499122802
sun_avedshsrvftfcvmr.png,-1.3301092380211605,0.31472507097746105
sun_avegegbnbyhsjhmd.png,-1.4736605523840307,0.13995756415205254
sun_avinhlnmelujhfux.png,-1.456685919392437,0.25890477550968194
sun_avizukluogzorelh.png,-1.541148364943192,0.2763236763236762
sun_avjbuxbxsfivrlzy.png,-1.23897638855628,0.26372787640393275
sun_avjinmigrowfehnh.png,-1.4037772580382661,0.3503786124002931
sun_avkycnojfyfqmczx.png,-0.9615185453146853,0.28520560773789555
sun_avnxhhsfmpbdaopj.png,-1.0668054026341247,0.23179446411159615
sun_avokinkqypqifwug.png,-1.109270984665497,0.16577552509181992
sun_avuruaipomevzxko.png,-1.2415780862153603,0.29494699146925796
sun_avvtzgvjewywlmdd.png,-1.5400538860691688,0.2251694182534018
sun_avynalngsqjqdoxi.png,-1.3680447312031403,0.11293071191514287
sun_avzseplowerqbeex.png,-1.0470671959326427,0.08820244284010387
sun_awamitppgvaotmty.png,-1.1152715496700565,0.3219044465722288
sun_awbvezjmacwtllmn.png,-1.1579411261510453,0.20150120569554336
sun_awdbvxtuukoapvxt.png,-1.272806676660612,0.34740338084771266
sun_awexdmftowfrehsx.png,-1.0865493123338967,0.22632687900832033
sun_awgdaeuzimwxnitg.png,-1.1379630394947622,0.2944288883901139
sun_awgmodgipvlaerrd.png,-1.4309275879766434,0.1028471012264699
sun_awgmopzafvqnbeqm.png,-1.4809882576395232,0.18896470025401238
sun_awgskwyljozdrlct.png,-1.3771051351391705,0.3140403580011601
sun_awhauhtowsrzhweh.png,-1.4678723659492663,0.24853056688382905
sun_awhnjywklfthfwmk.png,-1.4264179275048479,0.1316419941830114
sun_awiedvycwnyykijc.png,-1.5531869930448767,0.20735270749836682
sun_awkhwzafhbdrlgkt.png,-1.097230175887252,0.2797944578625225
sun_awklebuumwqeadit.png,-1.1245454547740037,0.3107445008460237
sun_awlscsrcowjpacpn.png,-1.4872459756812637,0.28628042838366635
sun_awmdmhfqjhaiapjc.png,-1.125953413901145,0.21608604390061345
sun_awnrimhwfrncspga.png,-1.2880406603865668,0.23497745283774046
sun_awoafxpkvztomgwt.png,-1.4288572833227249,0.16738851873987007
sun_awrmjcdjgxbrmgaq.png,-1.1746488185237347,0.3147959501142253
sun_awtjgfhdfzpkwwha.png,-1.5288792859395266,0.341074049145417
sun_awufkrkrdrdbvvis.png,-1.3001459981127657,0.34540596704764737
sun_awumymhzfvuvgohd.png,-1.6559986451812962,0.2895926136652744
sun_awveoicsojsrziij.png,-1.0069172681016163,0.15456733532856406
sun_awvrogxymlfvgbka.png,-1.4713957504243884,0.22336791431484462
sun_awwnbkjycouocmzd.png,-1.5284774646530201,0.15686543815704934
sun_awxenleecdentwtg.png,-1.602919255515049,0.2217573221757322
sun_awxijiwvlandzcmr.png,-1.4317169095553475,0.32010202424139295
sun_awxqholhemggfdnv.png,-1.2087242049199227,0.2815644937122189
sun_awxstfbbxwgqzijp.png,-1.4247136460955925,0.22751360553938363
sun_awycwytxvkewhczo.png,-1.413139442119046,0.051135825228500305
sun_awyjssnluvfxtfwf.png,-1.30185194266505,0.39672812156365955
sun_awykxytxhsnrgjmm.png,-1.749943714250226,0.23822920162183572
sun_awzjlghepeldohpz.png,-1.0782818018390203,0.32670049399825657
sun_axarcshsnqsefemx.png,-1.580737464651313,0.05542235851686647
sun_axcbhkbnagrqigzm.png,-0.9612788603968833,0.3236770984293604
sun_axdnhlnrnnncenuw.png,-1.5953711198988698,0.1914938627901591
sun_axecntygrkzmnrbj.png,-0.9658244231229433,0.13447957968977955
sun_axfpcmfvqnjphcss.png,-1.4773908447093536,0.3080943595384029
sun_axiigzkvpcunbcmv.png,-1.0886317897322453,0.3250983950294018
sun_axiodxlcauklnxet.png,-1.6239559294905512,0.3017437238539164
sun_axixcgsxgljfbbzo.png,-1.63717839608021,0.29490337739227634
sun_axiyuzersxpkcugp.png,-1.471694473152179,0.14676804828010387
sun_axjfbbzsphthehyf.png,-1.609862508267578,0.02873710378866847
sun_axkgczjzrllavobx.png,-1.5424151685540253,0.20070600878216782
sun_axkrfugcffmazfic.png,-1.5263733568188882,0.11497772125030534
sun_axljaxganxwfqoru.png,-1.129126464516396,0.1982694381708226
sun_axofqexdcxqlsnpq.png,-1.4910547374869183,0.2618868553361209
sun_axpgcjreuqujllvl.png,-1.0693730132167505,0.17934999086821532
sun_axpmegiepvvkcnly.png,-1.3072553871756534,0.3589481598939896
sun_axpnddelsrwvoqcn.png,-1.2384052518282331,0.2361328591759792
sun_axpveqtdzyhpqyev.png,-0.810335960190617,0.33346377684126033
sun_axsnrmeoojcyvtfv.png,-1.5767722788915195,0.2576729296840623
sun_axueibjqhjhofylo.png,-1.298799257750534,0.40379941631722066
sun_axuibhhnhdgaaobz.png,-1.0480008432847014,0.3873357723016037
sun_axwcyaktpqwnmtup.png,-1.491421527913145,0.15656042780748658
sun_axxhjvrtltsetiek.png,-1.5748730536865942,0.20226147496241248
sun_axxsrlgzileujamu.png,-1.1786278964276689,0.22520352710222138
sun_axyrejkiiaqiurjk.png,-1.70773674442737,0.26287967345426205
sun_axyyrmzcupyhlivc.png,-1.3715526831259688,0.28816636066465023
sun_axzbjpurqckbztvb.png,-1.39809395603854,0.31852325865359393
sun_axzvrleiewzlqgcn.png,-1.4358331902701025,0.278282727895131
sun_axzwuynxcxhtjupy.png,-1.5839446390986995,0.04200504563763516
sun_ayawzjmecovufltt.png,-1.1872143207286874,0.21837755784806206
sun_aybwurcxrgenfupp.png,-1.3270255406332796,0.15774162406619113
sun_aycqiqrqpigkkwch.png,-1.4528106993305108,0.3306502004855925
sun_ayeahxeinjtzanur.png,-1.3752814942610776,0.1331995283490589
sun_ayecsidneqlekrsx.png,-0.7810175298948346,0.21937049566112662
sun_ayfrunmpvpdjoulz.png,-1.1651696864092733,0.17758438493544318
sun_ayhkvrhsgkijupnw.png,-1.3316129013230142,0.39125310485133774
sun_ayistaubigrrjklt.png,-1.2569159301769237,0.047777520011661065
sun_ayixugdbacarkopm.png,-1.4276948595030465,0.20421849698008018
sun_ayjbewhhjzxrnqof.png,-1.0831139911088932,0.3477658777308124
sun_ayjczgbclpelowgj.png,-1.2306832269452166,0.41110041814026693
sun_aykzcanmbpokcood.png,-1.3838815300212037,0.21683014971605574
sun_aylshdnughbogvpg.png,-1.2727340720664209,0.1311101700450237
sun_ayovuzbxjucqhbao.png,-1.2144588951870519,0.20575435203094775
sun_ayqlwtvvlgkwmpvj.png,-1.6528370341724707,0.13402081789178563
sun_ayqmoohbwshzgorj.png,-1.2878926977017873,0.19095870460247025
sun_ayspamgqhvpuhhta.png,-1.6011656054632095,0.2460339729338887
sun_ayssmvnrwfowflaz.png,-1.433918215696002,0.12751945581368535
sun_aysteoooadrvljyo.png,-1.1831475690291868,0.27417157574390927
sun_aytnkuigtfedfuxo.png,-1.5337359433975633,0.30325302969282025
sun_ayuawxtxqbrlpmuz.png,-1.231611097601074,0.3799477137078873
sun_ayvlfucdqzqjrmhy.png,-1.5809459609328438,0.2337801890620539
sun_aywwkjlsyepcqgse.png,-1.3718623551370646,0.29380205643078516
sun_ayxztmagpqwgnuql.png,-1.3532131744103362,0.22620770119398056
sun_azavzehokhflwslp.png,-1.0426801447340286,0.29674673805514523
sun_azbgaopspoglnwzj.png,-1.1916772504632023,0.31275781475515163
sun_azbuzftxkdpmdyzm.png,-1.5384220161633968,0.18840487297957298
sun_azcrthaogmgkrznp.png,-1.1874536569040965,0.24205465577708207
sun_azdnskgxzhborziq.png,-1.3429810105914937,0.18910659646179895
sun_azdvlbhwwjpqwspv.png,-1.3116665433002659,0.3284800489879682
sun_azgozflyqhczhdju.png,-1.5013085708029417,0.20800198236975784
sun_azigtauwsvkmgyrt.png,-1.4486171779397528,0.25995229525199304
sun_azjljcrmqlmawtbm.png,-1.1976076698867846,0.2661992747681262
sun_azjsudewsgmqnhkf.png,-1.1279878840546602,0.27911850938859384
sun_azluyvkfffjfzvgx.png,-1.588209742949115,-0.01734637745670696
sun_azlzcnatveaokirr.png,-1.6381543798381675,0.2070470238820234
sun_azlzkzhjfgyveovh.png,-1.3818146559815232,0.27523382437402766
sun_azmhboomhdmwrpsp.png,-1.518649652057829,0.22692450174112763
sun_azmlmjaruxcceqya.png,-1.1881201299229784,0.23836862168741102
sun_azmstoyzslgczgvt.png,-1.2059538426733822,0.3329867045679435
sun_aznfgkdyhcasqufx.png,-0.7949834082289171,0.3572804148134202
sun_azqeijruetwsfifb.png,-1.4104317036910878,0.12681485260672934
sun_azqgpsztungqeboq.png,-1.0093344589393687,0.25939730293229263
sun_azrngzjhjsvqogux.png,-1.1423470627571282,0.25764221906388146
sun_aztbwfaaxqpfjxtj.png,-1.3629892649162567,0.3094187203652754
sun_azvkkjwzzrswqebz.png,-1.153301446032223,0.30666607715094746
sun_azwcmjdicwzlwjsf.png,-1.2800375447277283,0.30178147613125633
sun_azxfkkgzwnduoqka.png,-1.313884522369537,0.3258572193183242
sun_azzjrimwnymwryjx.png,-1.5284835651110535,0.32815579079439794
sun_azzvbegxtfxrnaqh.png,-1.6783896413119483,0.2709713664972262
sun_baaadaxlitpqvquj.png,-1.10546022847411,0.2433255685520625
sun_baaengmwoneteegf.png,-1.1913204723935942,0.32496654287027066
sun_babdnrtjzbpvdbli.png,-1.375706888054944,0.16968871447077652
sun_bablgmxrsmliouss.png,-0.9272421870213599,0.14047299048016718
sun_babqyxhpmoldhilm.png,-0.9278473691628835,0.27665109763462686
sun_bacpdgaoerutfwai.png,-1.4917232653552337,0.1695670868315644
sun_badugmrvawowxzfy.png,-1.554940788753473,0.30531359255510104
sun_baelzjmivqxnnind.png,-1.3107925431688434,0.28246372467566955
sun_bafboxbypavruipu.png,-1.5256670863282933,0.2076263774707014
sun_bafwlwdmehuwqfvr.png,-1.3825709087402605,0.10935500344868981
sun_bahrcjpdogosxokk.png,-1.210662111349584,0.362276636488278
sun_baisnwytcqcpgavt.png,-1.2567317517571759,0.19136615920318928
sun_bajturvqnlhysneq.png,-1.2283088890608014,0.24048882483776648
sun_bakkjircrhqwtrks.png,-1.652090505885263,0.14577818253851874
sun_baklbtersirgieki.png,-0.8893038116716728,0.3280405350515392
sun_baktymlnkhzntadt.png,-1.1277470241269107,0.26145777019016453
sun_bakzkyvdxsgijlgm.png,-1.334671252270812,0.303151424310555
sun_bamqqnkootdrwhtm.png,-1.3731615026527755,0.24081738074147022
sun_banljcigbjcnrhwf.png,-1.1295710420428384,0.29393925779495017
sun_baptzvwxhkpzqtua.png,-1.5474301981332788,0.31633394163100376
sun_bashbnpnxflmstxu.png,-1.3004543761797331,0.37581124998772697
sun_baskfjhrbrcbjvrm.png,-0.8225561090691608,0.17913826412012315
sun_baslxatlagtzcmtl.png,-1.288886830806601,0.24606792188577498
sun_basrkemwvzeyolvk.png,-1.3104836902731023,0.322156729005558
sun_baubhfrhpngqypqr.png,-1.504013163889412,0.3019897687544157
sun_bawbdnpssirlklqm.png,-1.3949014058007254,0.24551235951887418
sun_bawcydadrjrkzrtr.png,-0.9768464192604767,0.31254534949996404
sun_baxfjkdosftycscz.png,-1.1460763640711291,0.2953479623824452
sun_baxjybmppblnfxwb.png,-1.3536350575301463,0.34947651874192154
sun_baxunybtfeqxtxbr.png,-1.3675881237363845,0.21333349524092865
sun_bbafpemgnyanelwa.png,-1.375199552144269,0.23016728059509334
sun_bbbeoebtsvzdoutd.png,-1.538553255266089,0.3701585714845741
sun_bbcizqthnavgqqet.png,-1.3445178367874717,0.2256850854857159
sun_bbdshuytuykokcnu.png,-0.9461308951506138,0.28226001020312314
sun_bbdxropbksjnmxat.png,-1.4774670101411969,0.10557218585000851
sun_bbfqkxxrktfasptr.png,-1.0989068257882015,0.22547236348788002
sun_bbidpqefmsokhoez.png,-1.1445298665708707,0.2442110535248064
sun_bbisansxxigfjebn.png,-1.0842130591713295,0.20224057692189362
sun_bbiuiqygsbxmtvfb.png,-1.4082325295263454,0.17764239780024865
sun_bbkrinncmvljylmc.png,-1.085968109956667,0.3241362112438003
sun_bblfnpicekdknpfd.png,-1.3155594805440776,0.22563063749869922
sun_bblmhhwgomincsmt.png,-1.2479624166815682,0.3247129803186504
sun_bbmfdpqkrxfwzvaq.png,-1.4747761275654112,0.11130631735141924
sun_bbnwdxrsxgvgzkvu.png,-1.3394625705336842,0.09900373599003737
sun_bbpsbsljrcmfvigt.png,-1.232023708962677,0.1675941943217857
sun_bbqlzqeivhkkapne.png,-1.08758898800544,0.327264634475317
sun_bbqxvjeothvtlnez.png,-1.0456951159248893,0.2701975013023571
sun_bbrwcqjalnwlquqn.png,-0.942559554823209,0.23673508203690954
sun_bbsevjzddeawnmko.png,-1.2292315439414399,0.18744722769490574
sun_bbsldvounmbcjdnp.png,-0.8916578101199668,0.21882416016964154
sun_bbsqijdywpmqtdtj.png,-0.8787755545063868,0.268057079706821
sun_bbtnlhwybuwithex.png,-1.1799981797586927,0.2992156878772892
sun_bbubwfwgqybscyda.png,-1.6014388290353743,0.22568575932737786
sun_bbujoodjlecbswam.png,-1.514648216966614,0.1910979467223354
sun_bbwwqqjbiyvmzffd.png,-1.2863583230824183,0.2161150490429167
sun_bbxnrfpgfhnlfdzx.png,-1.0342673496731218,0.3414369617698988
sun_bbxtljfyiwpnnbgh.png,-1.4353246793886527,0.14056318079931562
sun_bbyfxojghxtbvyhk.png,-1.0874404066989953,0.277045174307813
sun_bbzwktvzevqormwo.png,-1.0871540781278646,0.19769684064757975
sun_bcaazxbrzfcjtplx.png,-1.1171209098095214,0.17162987614794845
sun_bcarwioytheufnic.png,-1.3060123006108721,0.3058771148708815
sun_bcbflbtwhuioysjn.png,-1.3036306918445333,0.2872446333901484
sun_bcbsntgiurrgeuqs.png,-1.4561964181144802,0.34564319103029684
sun_bccnapeyuiitgzxz.png,-1.3447697296206256,0.22988286851161457
sun_bcdbhtizvibaalsl.png,-1.3478971976782486,0.26102261726656684
sun_bcdufifeiskcurcp.png,-1.1170984119660463,0.22542167130373153
sun_bcdyiakzgargotey.png,-1.4648113059816876,0.2766960089047455
sun_bcejoffuxavpzbjf.png,-1.0764339402147187,0.3177210446899653
sun_bchscdvagqvpfsso.png,-1.4215070748397403,0.1869535313493642
sun_bcigoeofjexmbghn.png,-1.2804853787695551,0.3367181981198717
sun_bcihxnpbgunynkzp.png,-0.9319949755696717,0.3992195236542655
sun_bcjryaqtmitnetbc.png,-1.240783427552751,0.29130310594974446
sun_bcjxyczroqzvrngs.png,-1.642684793971005,0.2651842202682654
sun_bckdpvztxhvormnb.png,-1.5647135964315813,0.1777857525077931
sun_bcklfkieeutjzaht.png,-1.356858757313704,0.19952627347724983
sun_bckoevcurwosynki.png,-1.4250992893759278,0.2809364910133281
sun_bclexsqgxfcueagx.png,-1.3807351327429433,0.27710999188119234
sun_bclgfgrqkzfqmlir.png,-1.1596780128628497,0.3938619253017545
sun_bclnphgtvvcsulcu.png,-1.3410697171707187,0.2257259406896907
sun_bclxaowhmcjxxyup.png,-1.2331530222714646,0.3064410269001761
sun_bcmfupqdwpupcwns.png,-1.2288915693643887,0.38680438398549755
sun_bcnjhlgasrzhincx.png,-1.2292576905989863,0.0946326198927818
sun_bcqkwacbjykcbsqi.png,-1.596430870891634,0.07463997876600008
sun_bcrpsqrkfdcfxeez.png,-1.5698472407976807,0.27095054011725017
sun_bcsltrqbbfzsumzm.png,-1.6245373950058788,0.19113510008296541
sun_bcsrxjtlkgpkihhb.png,-1.310501953046482,0.2814274563481147
sun_bctqadrweuguozsq.png,-1.3262028328011999,0.16800120601383434
sun_bcvmusqfweuqeedv.png,-1.666035906040447,0.2739564772386515
sun_bcvovsrkuqmypydj.png,-1.3381857027863513,0.40015536807974056
sun_bcwbcdouovepttsx.png,-1.0301319104666347,0.3334681369062377
sun_bcwcoqgsueznibgo.png,-1.2085902675691782,0.31870312447448956
sun_bcwyzvggchetltzv.png,-1.0099665259087094,0.25237489570205346
sun_bcxdkojvysimgjfx.png,-0.7869515133404917,0.2825496638788419
sun_bcxzdapcjzbbhsqm.png,-1.1560199467841747,0.22795236617762216
sun_bcyufitsfbcrhooe.png,-1.3577197753114798,0.2275429632070007
sun_bczeflnxqgkpuxdm.png,-1.2549426014714442,0.24132990165261578
sun_bczlttwvngwwabrg.png,-1.5127356861297179,0.3151194972214743
sun_bdaphipvgqwefzyh.png,-1.3413969572876576,0.2720369712621882
sun_bdctcvpcmzqhcmfj.png,-1.1884539895535657,0.3492052240128492
sun_bddmamlvoqvghvez.png,-1.1004102314759192,0.24133633467881918
sun_bdejjkuncsbjavzh.png,-0.8699254016843502,0.19680509292049217
sun_bdelvyhhxnmyexmr.png,-1.2560871975160837,0.30704986967178666
sun_bdflmklxzcmwvkpw.png,-1.193358736699133,0.0957805221232489
sun_bdfzvpneqfqbfcnq.png,-1.3987961742382324,0.172811622793877
sun_bdgtisllfmzjenxw.png,-1.318128603117233,0.2576459067931643
sun_bdhltjoqtmyxhljm.png,-1.4526695924530393,0.08536754248483823
sun_bdipfsngarhttapg.png,-1.2828964229797335,0.2874182317768098
sun_bdiwlljpmliivkyf.png,-1.2091336488023026,0.3357438781209415
sun_bdlnnvdpzwcxdohh.png,-1.3133136871348952,0.14735962258775423
sun_bdlqyccsvvwnnomz.png,-1.3433712361716619,0.3379910609268408
sun_bdmjnosurlritzai.png,-1.6296260800435542,0.14813231556970513
sun_bdmrkjfffdqzzwtt.png,-0.8096541543428099,0.33658065335205944
sun_bdnrhzbhsvekntfv.png,-1.4194446165655679,0.10696640890186278
sun_bdpigbyfxqlzrzlp.png,-0.8003730253242137,0.2595031283783904
sun_bdqydgkbisztohgb.png,-1.19109297660528,0.34736365140484926
sun_bdrcfchcpaldecta.png,-0.8863512319442064,0.13913224678657743
sun_bdrdqnukfczzhbuy.png,-1.0482729117429888,0.18455213462231296
sun_bdrtzmvpvjjjhfkf.png,-1.311966171806707,0.17121252763688388
sun_bdstzvzpydgefcac.png,-1.4184865460903193,0.3653341357933069
sun_bdsuwshucmlylypq.png,-1.1960784183262132,0.34703151375957036
sun_bdszixwbpkeyttyo.png,-1.1544470930288844,0.3106237014387079
sun_bdtfbvsjmngxtezt.png,-1.225282731047241,0.3185020590214272
sun_bduaixgrpgbghqcm.png,-1.0941045098417528,0.1929897942111427
sun_bdugblqspxfhmaem.png,-1.2097668624025928,0.2934893503148494
sun_bdusjzbyrrypnlwl.png,-1.4259737563596087,0.24529070213092138
sun_bdvfsuhpokltwttm.png,-1.2183176282226744,0.4144736024265629
sun_bdxmuchtqfuxoxjt.png,-1.1250121975710938,0.3612619183223591
sun_bdxuykjhqrjxkqjl.png,-1.5292863247722264,0.1400349861925561
sun_bdzizggydvbzazkx.png,-1.1656072883286048,0.1559432011000184
sun_bdzjcwzjazxbudku.png,-1.1878419466429633,0.2511408304341933
sun_beaexkkkrudnqwzp.png,-1.0744739696756307,0.20685103436336882
sun_bebgpijsqeczgafr.png,-1.223102190220413,0.27805549052956935
sun_bebtaahxpldhjrna.png,-1.5610826556578008,0.2003148795437217
sun_becbzmfedqexoyin.png,-1.4249985852027824,0.17031206569259705
sun_beedelobizyweryx.png,-1.6257526247629397,0.21817536996636186
sun_beehkrktthrkvgtf.png,-1.42565204732835,0.29587547805181275
sun_beetwlkvphgtfeks.png,-1.2825939805440023,0.17519737999923135
sun_befmklkjwmrlvjpr.png,-1.4197860010444916,0.2077236378548661
sun_befstwmkodudakgz.png,-1.5882259025467946,0.28633353919277044
sun_begaqriykgpevrkl.png,-1.4465180343116408,0.14758331879253186
sun_begjsohwfecizxjd.png,-0.9644328606903764,0.19762924127799167
sun_behmztszxhfywbml.png,-1.1908611631445014,0.26906087361797987
sun_beissakbdndzhwpk.png,-1.0224102606970658,0.307538266153131
sun_belbaeltfvjwmfmi.png,-1.1674425136711724,0.18869503069820837
sun_beleuqxdphydmwdj.png,-1.0338521079090324,0.2553452921247087
sun_beljocifggmzatxb.png,-1.108201976753085,0.25555748022403146
sun_beltccrjmujochoa.png,-1.1677023249988778,0.2530821257658171
sun_belxunkludvdakbq.png,-1.0073793745315804,0.09224171773309088
sun_bemkhqqbstjsscwk.png,-1.4208896535790834,0.335156427681195
sun_bemplgmjdmhdyskq.png,-0.7750473678060025,0.14618435665556087
sun_benlqohnznhvtgut.png,-1.1146188104694694,0.31615581953299693
sun_benslgtefebxukci.png,-1.3387700977357608,0.28956039080754403
sun_beoixpbmdaobqqpo.png,-0.9573949337899635,0.2678669632727075
sun_betenvxvczoydwwk.png,-1.0342111473859215,0.15362853220914272
sun_betpsnyasickitbo.png,-1.4161936991508697,0.16325198625094287
sun_betqvjrqhrmcajcb.png,-1.7018770186978074,0.15327906235747618
sun_beudzcwlnlyqilto.png,-1.0072303359700379,0.30236274358248416
sun_beufjrlyporculfz.png,-1.1439737790501352,0.32094070021072874
sun_bevfcvatltvrppif.png,-1.1751010930175436,0.18819751930349984
sun_bevljkixqxaaatkx.png,-1.358887296981299,0.20508650475238255
sun_bevudzoepcrjskws.png,-1.1003835320117208,0.22613201345655626
sun_bewfxihogkndywgn.png,-1.035062776758098,0.3265103345429919
sun_bewlknolukfqyfuk.png,-0.9592167264283853,0.3176756733610242
sun_bewrnzspryjjsdbl.png,-1.235457101945855,0.30528913555777676
sun_bexijeznhicllkgn.png,-1.4113233551605628,0.1757183447439957
sun_bexqjamavdurzwou.png,-1.4926698521410922,0.21276586360879873
sun_beymsjkywdwqictt.png,-0.9941979315721273,0.1386342941517327
sun_bezgbkxdmdzodpfc.png,-1.1544052213369191,0.22436220879431923
sun_bezkrklzfarorihm.png,-1.1232206623002212,0.15534091384616555
sun_bfawzoltmzmcmhfi.png,-1.1303100808092803,0.17767573968101674
sun_bfbagoiqwftdyyer.png,-1.2470155594568932,0.10819758864526632
sun_bfbahymgtqfgowhq.png,-0.9371969927143162,0.2537329669173442
sun_bfcvebwfyogwmvtr.png,-1.5831461342251307,0.2658270469478263
sun_bfcwqknzklhesmsz.png,-1.3126991279841624,0.17446029522571768
sun_bfcypjruisfyselq.png,-1.1279641928736839,0.34809996916987396
sun_bfetwvxcrsighjfn.png,-1.3504014597734135,0.22925558851190045
sun_bffnymzswtzkrujb.png,-1.2144487708189369,0.22282114547122492
sun_bfigjwjpnblgjbwh.png,-1.2147456997496016,0.20362121400549454
sun_bfigzmukdtkxxhxb.png,-1.5096858589240478,0.2605134807378423
sun_bfkhvtwktbyrgtmw.png,-1.4462365340520975,0.3623841464130907
sun_bfknrrxqrtpmrwuj.png,-0.9767181663711096,0.271792783974889
sun_bflcuuoxedgqiygm.png,-1.1986582378105874,0.31117576709565714
sun_bflxwpbevfzyspmt.png,-1.2911213186246002,0.1728030034481647
sun_bfmfmwnwaplhogbj.png,-1.0332217015657255,0.3651762301935124
sun_bfmvazllrikustoq.png,-1.4856118890378176,0.01056889463873829
sun_bfmwfbbfbsxrjxnt.png,-1.4664868140432619,0.3143386363636364
sun_bfniyetwimeldque.png,-1.579240988765538,0.2505071667759253
sun_bfpvdiidfhykxyvn.png,-1.1466794240468143,0.32232239963760784
sun_bfqbvblfjyloakjb.png,-1.3306096968413792,-0.03143957947680569
sun_bfrufvcashrzlnbv.png,-1.6163427185284036,0.06516170774725907
sun_bfruzldfozxhbesb.png,-1.6061005351173037,0.24129668124452272
sun_bfsbjkqwhoyujxdm.png,-1.4869290303593783,0.15052204456195536
sun_bfsdfcgrkgufqert.png,-1.4083781194524276,0.29056887817365756
sun_bfsroeazaidaoltr.png,-0.639405217782807,0.32235318116127426
sun_bftqvufsnsaycbao.png,-1.2733062202031655,0.23044308705434977
sun_bfuchcuyacqdodaw.png,-1.2747734095611987,0.2437117419102352
sun_bfuctrfemxmunxbq.png,-1.5147838719305793,0.21327302246030164
sun_bfufeysqtftjmfuy.png,-1.3644626850451982,0.3383557930064177
sun_bfvbfqarlakysess.png,-1.3230851682843945,0.329081588622124
sun_bfvkmevbubaipchz.png,-1.3260703427606828,0.15466659514454173
sun_bfwxztaayfnkvwrc.png,-1.1770637836165072,0.29840050048554567
sun_bfypfzsgriwvvixd.png,-1.4831209045683098,0.180689981309253
sun_bfyvfqiimvdaxlqn.png,-1.0694412246851297,0.28110139816779367
sun_bfzknarnumqnbeqg.png,-0.9241371554831401,0.3281180607158254
sun_bfztbzvqscvktlao.png,-1.2996352871497052,0.3591579837183233
sun_bgaiiqfumzuvnmlf.png,-1.6124796756767465,0.2500010484510185
sun_bgbbpwzzfsiasqvv.png,-1.2536260257348089,0.1886822590844542
sun_bgcbfzhqiswnvvnn.png,-1.5566822489826224,0.14256454762421344
sun_bgdomvguoztzhbpq.png,-1.2029211540533695,0.34789503070910105
sun_bgdophjktlxnxagt.png,-1.4490066840964508,0.14189678116942528
sun_bgefqycztqzquikr.png,-1.4370072615253733,0.2491875648979075
sun_bgekfzqjhrwjugqh.png,-1.4044335202042266,0.257409555045047
sun_bghhucfqkgdotdrl.png,-1.4366568459636213,0.276308555810946
sun_bghuewdplzwtifme.png,-1.3452491532421103,0.3037571376654668
sun_bgjbclbeggetjdfl.png,-1.3175944717588846,0.17231741126210065
sun_bgjbdhubbegvtmkv.png,-1.25240549537199,0.3113236560462541
sun_bgjjsalgrydbrqjl.png,-1.366367212877067,0.29765875888903204
sun_bgjqgwpsbclcnhct.png,-1.4868452842355213,0.12095381586786277
sun_bgjrtiivbwugxhxp.png,-1.2545848587664143,0.20166574967552625
sun_bgnmlxbfxvlbssfe.png,-1.103979228320148,0.3928248172600556
sun_bgoecsfdwynzflgk.png,-1.4979856903309823,0.18791956462537981
sun_bgoiwzufmjixyjdq.png,-1.3071680716946261,0.1516862095921276
sun_bgosudmyldzkcmfv.png,-1.1239662550829579,0.3623453170926797
sun_bgpcntiiiuvweujk.png,-1.4583428308402486,0.2556043864054914
sun_bgpltlmtlixufpat.png,-1.0929891694942315,0.3635851045071126
sun_bgpmezdwfeklpnml.png,-1.3895616744722268,0.22077463820583085
sun_bgrrrlvcogamhmnf.png,-1.110699430991007,0.20353414390978994
sun_bgtevttkunwdxcnc.png,-1.437633395290342,0.23893604530134235
sun_bgtratrjfolfwdzj.png,-1.0457543103725735,0.2499311437680394
sun_bgumiuhyimvezfeb.png,-1.5193543026618412,0.2298420027006703
sun_bgusozmwcjqeelmr.png,-1.120733843517425,0.12154105826622962
sun_bguypsxgvacnktfg.png,-0.940903795738185,0.3949678732743814
sun_bgvfjygvkmlmxjej.png,-1.3871551356055882,0.27414885737016825
sun_bgwdwaeuakbmuxeg.png,-1.3724799088612705,0.32834732573022246
sun_bgwtyhnvvqtyetda.png,-0.9479546056712009,0.3135387824404002
sun_bgxeriextvbkhbfe.png,-1.1217992812475786,0.41680823884213714
sun_bgzjryivyczuvkvm.png,-1.2064395934706411,0.29042472622636456
sun_bhavnevyzhxissyk.png,-1.2315795186072833,0.27812956981266007
sun_bhaweieutflnnywh.png,-1.0045412608325777,0.3121004308433435
sun_bhdnsnsxektcrmnc.png,-1.5626665325582405,0.15925071969880664
sun_bhdodffwxvtqotdz.png,-1.2408210766512817,0.3906352235016633
sun_bheohfujdgqkjcmr.png,-1.4432378331750548,0.1567291910418019
sun_bherpogxcapbxyrr.png,-1.269668348781726,0.35157828575767425
sun_bhewxrwibqyfxgxp.png,-1.1347617510160215,0.2761477951473236
sun_bhgfrjxthmegwkbu.png,-1.9687826077154555,0.1710736007585003
sun_bhglqbfkxbqactrv.png,-1.4606565871428154,0.22652287568085483
sun_bhgrpkivoexfdank.png,-1.353436895844425,0.22440420661567986
sun_bhgxtbnjtmhdjsgk.png,-1.2859531707754577,0.3335031098081112
sun_bhhasixxzkqyhywe.png,-1.358689531746703,0.2095191109264645
sun_bhhbiqyojxkiwrll.png,-1.3832076860855977,0.2449396520422939
sun_bhhhqbiekouqmkac.png,-1.5656510213571795,0.2141337473405785
sun_bhhtrmwvoadbfucw.png,-1.060249400357563,0.358265846963699
sun_bhhvaejtcvichkpm.png,-1.2865756809816138,0.3313341675797991
sun_bhiplnjaxcfjsmge.png,-1.298424510148063,0.25792490162156534
sun_bhixsbikiamkdlxa.png,-1.2972619432741193,0.23683417471853946
sun_bhizxrsqlchryhhv.png,-1.0087699326196575,0.35186052553233044
sun_bhjuwoaxdrdgsqqe.png,-1.404263054115196,0.2190361611287253
sun_bhlugtxwagydpqdu.png,-1.010324512556552,0.1913369810668576
sun_bhmajchacqkvaqlf.png,-1.4196029538548542,0.4216261087516257
sun_bhmesxjrrlbjpjpz.png,-1.2098493288938208,0.10814437924741682
sun_bhndlqszdyjufigo.png,-0.8835792022130655,0.2055797605535825
sun_bhnwkiyrkkgnefwf.png,-1.0592247670601105,0.24050471734924814
sun_bholsblufawffpun.png,-1.523761718761817,0.37550740463693766
sun_bhormfokawttatgc.png,-1.7237211522345157,0.2020763648670625
sun_bhphmnxxnwuclnfb.png,-1.4198130574726031,0.2078073641255764
sun_bhqnpwbpxudzbiqb.png,-1.0859348418309487,0.374830617085396
sun_bhrfoniyefglrcfl.png,-1.114867097959437,0.25074523909240964
sun_bhrpukfhvmtkkxlw.png,-1.0448518968744165,0.12326848761878262
sun_bhsirvbzddqizrxd.png,-1.1528919224760739,0.14526461835863227
sun_bhsrbwjczgxwjdyu.png,-0.8995941580581719,0.2817396877520452
sun_bhstabllfxqmqfki.png,-1.0218208631037964,0.3538240375611622
sun_bhsvoxhngtvlfcxy.png,-1.554385001950416,0.32738847715816255
sun_bhtuutqvtlypnhct.png,-1.1505774654841938,0.3481091649385224
sun_bhudxlpdkywdgwba.png,-0.8542316972688427,0.35295578216350537
sun_bhvdcsumgmncffse.png,-1.3044705046027436,0.24319207494273304
sun_bhvuqwhhdrfmwhjd.png,-1.0616754995772002,0.3108276204669646
sun_bhwbnzkvnxfturxh.png,-1.0942038225792656,0.30799374735786544
sun_bhwmdsmcpomvprxp.png,-1.2324087861057444,0.21904012745195658
sun_bhxpmohdpqnzfkhy.png,-1.208929052296175,0.24810437726188297
sun_bhyxzyjlxujlguhy.png,-1.1196724604322703,0.25996558964542815
sun_biaagwvvtbnxdnos.png,-1.2739741901324575,0.2854575503316923
sun_biazfyrjppndeuml.png,-1.5768510799071744,0.2646973080747346
sun_biazkvmtmvicrnmp.png,-1.3062018097994725,0.22505250321793918
sun_bibpkzdjvvkvhltq.png,-1.571712031416811,0.22653359927329225
sun_bicdjokshkccozjk.png,-1.300488625503637,0.24510708422287653
sun_biclizlkkeknhqqs.png,-1.264595769430073,0.2590018073126651
sun_biclmmlgmotxrzkh.png,-0.8483053648192537,0.24167928023107377
sun_bidefnxvnvwxhfco.png,-1.5510391811174276,0.050457457313830924
sun_bidhlflrqqkdzeni.png,-1.2253519764173821,0.09138808075309222
sun_biemgsbfologmbxx.png,-1.4490794417214,0.3871652206714447
sun_biewsknlfkpuavdb.png,-1.1841243262214498,0.3507263749463964
sun_bieydjzghogcuche.png,-1.3058441498107611,0.31138780059519133
sun_bifbfseaqcgygyoo.png,-1.202637856758607,0.14907191285984214
sun_bignjiblzcbyzdoo.png,-1.5297227038331782,0.18123024520843808
sun_bihhflcnonnooztq.png,-1.459404659981618,0.21566424778718937
sun_bihhseftugogaqec.png,-1.2594938082174305,0.31988112858995094
sun_bihzlyaiqnrhvsek.png,-1.0242740768532075,0.306460621858127
sun_biipoielavkspiqe.png,-1.4233109627856764,0.20858005600282856
sun_bijmqyaglnrzqfku.png,-1.4343936569671412,0.26920368210690787
sun_bikzmmynppjwtykr.png,-1.280876947996374,0.3238076334146203
sun_bimdpagwyqrufmzk.png,-1.3481538013003318,0.3873904407879152
sun_bimowfoneezwqocq.png,-1.5465372814763483,0.29339744598190165
sun_bipkhjhjnnisxsns.png,-1.3286887407589267,0.14329872040959865
sun_biqdshexzanwirbv.png,-1.2587618465566848,0.25969144226535623
sun_biqivvudcrvqfaen.png,-1.0195168292893242,0.3327770078718001
sun_biqrgcouxiysrxxv.png,-0.9430586260662862,0.20774459697003572
sun_birjrgxyjrzhdrng.png,-1.3017762020340526,0.2912871431093754
sun_birzjkswnrkcieqk.png,-1.05718383960222,0.11698612821509745
sun_bisjjmduzocgpqms.png,-1.5095210454492143,0.24907335154116275
sun_bisoxskpwmqoxaag.png,-1.2746424897004043,0.288702977554891
sun_bitodgqflfykstrr.png,-1.0637967550869885,0.39450654206337743
sun_bitvseyrkpkaitod.png,-1.1366985201715956,0.21441388857119195
sun_biucrrkejqofiucf.png,-1.3808844140953775,0.1795368112671956
sun_biuhkfjdwgohbbjt.png,-1.517580342479728,0.25657364526869064
sun_biuiuxadfibucete.png,-0.8387676536192126,0.28075947718185806
sun_biuytmjiftzihfty.png,-1.1280185725800294,0.2835299143934071
sun_bivsgwnbqjyrtlwn.png,-1.3427561042207623,0.20343225277667001
sun_biwcwomnlcgmilvy.png,-1.4266633158180118,0.1025687308484075
sun_biwjtjbrkjosclay.png,-0.930067142214093,0.2898018229676521
sun_bizrwckmhzkkhtob.png,-1.3038338906928821,0.36590834279032186
sun_bizvmlpygibosngq.png,-1.2187741482274803,0.07813845071700076
sun_bjcdhrrtbbootljx.png,-1.0399911463071434,0.3146945481060532
sun_bjcstycswrsmbctd.png,-0.9258366955038472,0.23351364408558292
sun_bjcualvhnykgsjyi.png,-1.5750754329293253,0.2864684236102043
sun_bjcupuhiwzxupeuu.png,-1.2023456873124998,0.34926985572208985
sun_bjcwnelmvddrpwte.png,-1.2354005868804685,0.2758730979368118
sun_bjdkdxjfpmmacqtl.png,-1.2271831999443228,0.3294236354829013
sun_bjdzlylirzzwzwxy.png,-1.1180022611609814,0.38502448475171513
sun_bjgxbesgeiwalpxd.png,-1.2142687320271544,0.2623577592982994
sun_bjhirlncvirefpno.png,-0.977223283560164,0.14275077192119573
sun_bjiavnrzxfiitfid.png,-1.1160632774360397,0.27250428220732986
sun_bjivwvyrzuvrchti.png,-1.5675710851890607,0.23817064304498745
sun_bjiwldemlzjhfkhk.png,-0.8856551094778222,0.13327786671160166
sun_bjjetqbnrdybzeqd.png,-1.3106357346300581,0.3200447345728197
sun_bjjkktafutnclxcb.png,-1.3878564676605836,0.18118456385963855
sun_bjjucghzlqyrrmqb.png,-1.5251828907348772,0.2466204031616774
sun_bjkhzusrmlwsxbra.png,-1.3475371217981382,0.21584518271416206
sun_bjlkthvuowdwxgyb.png,-0.8943594750170671,0.28847049751803244
sun_bjmilpeatkfzmest.png,-1.332526465535524,0.2022039590259379
sun_bjovgycboomekyyx.png,-1.3558513263527017,0.3296227052011114
sun_bjpryaalypkmqtnw.png,-1.0880241364627445,0.08728694120615871
sun_bjqseeruaxsnqgkd.png,-1.1332020207927884,0.40347055656175046
sun_bjrkxxgvnxwtdykz.png,-1.7872997089721583,0.11960419550838332
sun_bjsgunamtrzqcbet.png,-1.1320209299736508,0.3102357405779404
sun_bjtaegjndovtoubb.png,-0.9223566037737542,0.1715335312874924
sun_bjthkfmyekdkjwln.png,-1.2063677886979354,0.21162627081992177
sun_bjuopgcqzceavmmx.png,-1.6411440752030122,0.16864226144899946
sun_bjvszycdbpvpjzgz.png,-1.268465638333161,0.33445030772606027
sun_bjvzbpnxrwwnflpq.png,-1.3429382094089917,0.08047276715916382
sun_bjwltvmogymqyjjt.png,-1.409581821482075,0.14418493803622495
sun_bjwxsiaofeanyezl.png,-1.1987175551467901,0.32397793606193803
sun_bjxlqavifatxtwjt.png,-1.6832899114401778,0.27274563290143206
sun_bjyfvxrapsdvnver.png,-1.2107992594722212,0.28381166377285255
sun_bjyqblmdzrhbguyl.png,-1.034959207708821,0.32350076897287583
sun_bjzmdmbhkuxglfuv.png,-1.5156999359049697,0.2361230325860236
sun_bjzofovqbfxtmaju.png,-1.204749484159131,0.2879311074153481
sun_bjztmzqnymhgycso.png,-1.4248786567868148,0.23594567992810575
sun_bjztsrxauimzlsku.png,-1.5365031686247144,0.25882258911648515
sun_bkaiztqswvwaxaym.png,-1.3242200003912288,0.31983665034463177
sun_bkazkjiovinsdaqt.png,-0.9641052631229405,0.3479284121968035
sun_bkbffczhbivzdefr.png,-0.944029434945329,0.2667476781844701
sun_bkbqwdqlezhxycww.png,-1.4327136948920252,0.3061596065787961
sun_bkbvakgmxqftttgc.png,-1.0660790356204677,0.3012330169944071
sun_bkcscxrnwwqnbstu.png,-0.9724834266561072,0.28742400122748807
sun_bkctmeakwpethtjw.png,-1.4375792517669974,0.24813230883892606
sun_bkdeshnqeekulgmf.png,-0.9606176777730945,0.27975961873302363
sun_bkdsnknbpqifjaed.png,-1.4090739001437762,0.22484312572738072
sun_bkdvbhqtrfvxwqzn.png,-1.0336918609551267,0.41534599795770566
sun_bkeakwwuorrvdesj.png,-1.278976129995556,0.20784791038345538
sun_bkegtxfywalgsnpt.png,-1.353050441508679,0.24506870870529124
sun_bkfplxilujvokdsa.png,-1.21760909604822,0.29661082390427884
sun_bkgwnjebvsccilhm.png,-1.4014239666986799,0.27816065500774234
sun_bkhttoyxunbynfhx.png,-1.4334695696420907,0.25297657425317
sun_bkjeansajzflmwde.png,-1.1534326156589558,0.2671302352728077
sun_bkjhovqagpfknkax.png,-1.2556237446893788,0.16627875732022473
sun_bkjoksqxwfflylyr.png,-1.3758940396727997,0.1176802994984813
sun_bkmhsmcwkqzsrjha.png,-1.2731371263252769,0.33899847522189147
sun_bkmnfgklupjijsgf.png,-1.4932090833979959,0.17349330161950402
sun_bkpakbrnbklrfcms.png,-1.2512362425412047,0.16730706344015694
sun_bkqjiwqzupabsuuv.png,-1.525972420573447,0.19490699069906992
sun_bkqpapkaruexihsy.png,-1.2207556119090632,0.14616339063603775
sun_bkrjfovupmughuiw.png,-1.476816483245367,0.09293409429942008
sun_bkrofqcitaxjonzw.png,-1.2592579374736357,0.3086102176835319
sun_bktldkkgtlpfxekt.png,-1.4410867306568194,0.11217402755181365
sun_bktnbusoqehxodok.png,-1.658006598490834,0.11057979219904822
sun_bkuaqrcgqponrayx.png,-1.465060519095646,0.20831156891832597
sun_bkucgyejzvbtoqav.png,-1.524619973878004,0.24386982435492627
sun_bkvjqgmploznrhxt.png,-1.447892932622825,0.26413407063841543
sun_bkvlvjiymovezhfy.png,-1.2981796473496987,0.3277958260988806
sun_bkvvyhrnhmrrneyt.png,-1.146473170925618,0.12979477961537658
sun_bkwqkdbzqhhjdkap.png,-1.7100337130103596,0.05604705413588526
sun_bkwxuiaegmjazcvy.png,-1.572535241013154,0.17378451623955926
sun_bkxbxcgkhlirggrb.png,-1.2530532651648796,0.41087801676694563
sun_bkxcyqxbwhobikqq.png,-1.4939442198828317,0.1928737004445934
sun_bkxlvtkggzrtvmdy.png,-1.1386531322429139,0.32756980164178895
sun_bkxtppavkyxkskcy.png,-1.3014688943456927,0.2646795827123696
sun_bkyldjfasnhjhide.png,-1.2265455555700486,0.09601531485838713
sun_bkzkcnjanxvmpdzi.png,-1.3689329559992462,0.20539758578983566
sun_blaxllyywlqrpqua.png,-1.1631980743681247,0.23394657912760075
sun_blbbzwvxjszalhpl.png,-1.404750308848439,0.2836079147382277
sun_blblulildyncrsov.png,-1.1918211583120741,0.27312158671950476
sun_blcfplilhaeruswa.png,-1.0902045355578587,0.34667682784882703
sun_blcjyozpqdyuwjkh.png,-0.9354225663314087,0.3003915098985522
sun_bldpbdihrcxgnuco.png,-1.042130469346712,0.17452427158183612
sun_bldstoyxjdrkcnva.png,-0.903041232801055,0.32299265556101686
sun_bleairnlmvyabutd.png,-1.2870311108275394,0.1320405260646869
sun_blfirrlwwifwelee.png,-1.3372189244325121,0.19902852224166087
sun_blfnersifcmzaxqr.png,-1.0422881806240887,0.12210866057019902
sun_blgesddskghneaan.png,-1.5321402739928205,0.08578039584857651
sun_blifcjesampnahex.png,-1.0811282308011434,0.27897409737806134
sun_bliqdzegdmaqgkby.png,-1.1810782733013283,0.29203961812419904
sun_bljveksourcslxbh.png,-1.0818772139625084,0.0033491352413593974
sun_blkcxqbxsvkojcdw.png,-1.1094831867217514,0.2995801191289914
sun_blkotnnxgwppowib.png,-1.4135308681667018,0.27445713813272044
sun_bllfgnmntfhurexa.png,-1.376681003104217,0.2164445671540058
sun_bllkndonlhkoobtd.png,-1.4971060441141555,0.24280889743677803
sun_blmqhexytbgvxtfc.png,-1.144026040530004,0.25440081089229605
sun_blnookkatnsqgson.png,-0.8315163918877031,0.2167944766567184
sun_bloeoiozwjjsiamp.png,-1.4638163172242147,0.20717199407143141
sun_blofpubzqzwbliew.png,-1.21566589503422,0.32866640242456546
sun_bloqozmrdexaeycf.png,-0.9445571775710186,0.15290155432214242
sun_blrdlpwdywvqegru.png,-1.4070346198942607,0.1702928756641782
sun_blrezysmfhmmxuic.png,-1.292878552589267,0.2271026262347979
sun_blrtnkglaaizjezx.png,-1.2291268921109897,0.2847445879540474
sun_blrwitwahfvzqpxs.png,-0.9286781741261075,0.33495700373963055
sun_blsbpqjmkatjrdcb.png,-1.2329833675920037,0.29145241684786694
sun_blubgafnjndrjqiv.png,-1.0845404781982715,0.33823848616634494
sun_bluykudrvxrobshz.png,-1.2438665485092426,0.3492014116479471
sun_blvieidqiaxgwfjr.png,-1.0744835449706769,0.31177483874995154
sun_blxpgrolcsoyffdu.png,-1.378901336155106,0.31453977349915396
sun_blxvkigunxozwgcz.png,-1.1145004549266178,0.16121373580806858
sun_blzornbiiofnxflm.png,-1.3786257256555428,0.2538728065718664
sun_bmaeyuivtpgiakzk.png,-1.399838659943107,0.26959571884696676
sun_bmaiocftdtvnzgap.png,-1.0349328812844523,0.26272774372700036
sun_bmbbtroabdvhvlhf.png,-1.230680995644477,0.372310246709925
sun_bmdatjlblfopdipj.png,-1.2131421510405742,0.24934456281452108
sun_bmetmfewukxqlfbm.png,-1.0571434539483306,0.2119483102247438
sun_bmgimpwmbkfljnzk.png,-1.2513252492768276,0.29111825100802446
sun_bmgthuhdvypqjycb.png,-1.2265801585884502,0.2852805189427921
sun_bmjrnjqdommywtqo.png,-1.5018909689566533,-0.11761920865742308
sun_bmjtplixqemghubb.png,-0.9680789734943206,0.0863412528379113
sun_bmkabysemdexzaoj.png,-1.0824063286306795,0.2391145788824122
sun_bmlffyuzrsseefcy.png,-1.3809615576721048,0.10244855648965047
sun_bmlunrvboqhtbmah.png,-1.2690671534746476,0.23173184902165536
sun_bmmkribmsaepaoqw.png,-1.460155462832821,0.10304715569792834
sun_bmmspyttzyqpliiw.png,-1.240663733823758,0.1581201172624438
sun_bmoukevlstbelajx.png,-1.805429931693682,0.2472281229638027
sun_bmqesbzvivvecddd.png,-0.9720231906882211,0.32755220483000325
sun_bmranzdqyutgllss.png,-1.0556380268565755,0.18339564703832817
sun_bmrkgdjghbpzhmlf.png,-1.070538376958289,0.41343108626968933
sun_bmrlfhzviyswcgmx.png,-1.5525975618221497,0.19112504008337342
sun_bmsvytlzdpjcidiv.png,-1.5038281113341985,0.29720695826214744
sun_bmuyyodzspuocgmb.png,-1.2790095565216892,0.28442549094089276
sun_bmvobhbjdjfhtuzw.png,-1.1339238668030736,0.2527062570259115
sun_bmvsxhyoiefzkwoa.png,-1.092111819996634,0.26662350684697056
sun_bmvtdxqesnodhhcn.png,-1.5779507815433724,0.33697500927363405
sun_bmxqakxclskcffrf.png,-1.3035107460723425,0.26953165146934055
sun_bnbblulyamtvhofo.png,-1.125845816887966,0.3968806478215858
sun_bndbkdzixliunlbz.png,-1.4101655117631606,0.24363003968984348
sun_bndpjbxcteiqcecd.png,-1.5608127820293651,0.2551250870812353
sun_bnelubfctlhwpinb.png,-1.0111532316926886,0.26507152618939717
sun_bngitnxojowbtryw.png,-1.3061796197408633,0.15980395558639837
sun_bngwdentuaxkrbmf.png,-1.3813594634184159,0.31492547514780467
sun_bnjjvqfscbfxhhgw.png,-1.4062136301858474,0.25316144770165083
sun_bnjvafvsrofucsme.png,-1.3639873788332988,0.3021193214046305
sun_bnlgipfpzrbgnrfz.png,-1.410668637513303,0.18689293508354776
sun_bnlzfdydpikkvobh.png,-0.7531627395644979,0.3583909382525398
sun_bnmbrujyjvxqkdtt.png,-1.36662079760984,0.16907772000402047
sun_bnmikgydcgeanztc.png,-1.4908320500050194,0.13150637168104418
sun_bnnmdrrmclgnywlw.png,-1.2264331865709082,0.3811596775450476
sun_bnnqlkprusmejywg.png,-1.339332129960672,0.2014180903284832
sun_bnozuvoxisdxvifu.png,-1.2307144063118935,0.3342159391085542
sun_bnpcilxaupgextqs.png,-1.2176001457654035,0.09568695375681435
sun_bnpqmnsbpbqyylfo.png,-1.5793547552518534,0.129470366479204
sun_bnqhucvwgqdwhwnu.png,-1.192435002417207,0.2979935294182748
sun_bnrgyjbzriibwhvo.png,-0.9193060830570418,0.2206189113114019
sun_bnrmrzbaqlfkvsbd.png,-1.6996097403577206,0.1880346305175462
sun_bnsrnpeqactqrcuy.png,-0.970312195912967,0.3356272485125224
sun_bnszcgxfcpqjvfny.png,-1.3262550651307385,0.3647287502646503
sun_bntdhpqeejymbasj.png,-1.3746249214340431,0.09814147673325127
sun_bntdovmdmtgxlycb.png,-1.098640055937449,0.28205475317573747
sun_bntjszlysoycfuda.png,-1.1070859368932675,0.12917354391188493
sun_bntuburqooevfkwf.png,-1.1343406603104857,0.26992188348404006
sun_bnudgebylmrjsrya.png,-1.1992201854345923,0.2484431409237268
sun_bnuklyhtxhqbatot.png,-1.4006553962400616,0.27262958909561236
sun_bnuocfbudybnkgtg.png,-1.4013101781734532,0.32589896351168357
sun_bnupdlyoatjwnbzt.png,-1.2637799475173963,0.39441179143445915
sun_bnuwzkdvendqyydk.png,-1.0289786033645818,0.3949231254790569
sun_bnvcevtzvzsnzmqf.png,-1.3201707069282584,0.25910296864317084
sun_bnvfgjkgdenrqzuv.png,-1.1570474364973908,0.3279036612369946
sun_bnvktkxjwtcripcc.png,-1.1873553187707007,0.19111998298513508
sun_bnwmrfvcewsqyvqh.png,-1.0078068113144145,0.18930424957389358
sun_bnydyehhrwdlmjlc.png,-1.657697653203506,0.25939383520610954
sun_bnykdtkwvuqkpbaw.png,-1.0318972425794146,0.32697947214076245
sun_bnzcizmmlzirjubc.png,-0.9705335421968386,0.2187389998964696
sun_bnznrolvclezvpfc.png,-1.471071156438394,0.1994221812657219
sun_boamvthjxjuzqxmt.png,-1.15378184724045,0.21322869487174137
sun_bobpholdjtxszdqk.png,-0.9900290105936433,0.25664953322391276
sun_bobpteqkygybpjee.png,-1.2491724655117002,0.2892097644510569
sun_bodxcqeayiousjwi.png,-1.4518010882502919,0.33797820429061803
sun_bofkzhddisigfdwb.png,-0.9352311021564119,0.2981169303819678
sun_bogubscuoanxvspd.png,-1.204004914908762,0.3328441750631953
sun_bogybasqeljvmuuy.png,-1.1967195149927183,0.31529480646043506
sun_bohzkwkaikjgfcvh.png,-1.4013847413689544,0.2834013694713803
sun_boirpwdzglpdlmkg.png,-1.2465650282437597,0.20368291123239593
sun_bojbxgadgjyajeaw.png,-1.181679354634181,0.239698791673006
sun_bojegsnaoubwaamt.png,-0.5883799016154063,0.22306145830406673
sun_bojwcobekwxsubcq.png,-1.5563217384319512,0.30212599878247703
sun_bojywhwufsckphfa.png,-0.9604039169507729,0.20472721733289936
sun_bokdujqfvounvosu.png,-1.7205317857584534,0.12822465721138213
sun_bolmagkqumbypozc.png,-1.3745467744555728,0.10838793173178028
sun_bolpiwiitgdpdnog.png,-1.4077964343014244,0.21656077792191955
sun_bolzsneowwuahrnf.png,-1.319805026818136,0.22598047259599607
sun_bonswpzzkiaqhcvn.png,-1.2646316944930365,0.28356160831642957
sun_boologreitujkgzl.png,-1.440272179036412,0.3568388112061541
sun_boopkrddeylhyrra.png,-1.1834489433985056,0.2313620976714458
sun_booxopykmiqnsqbq.png,-1.1503015473949438,0.2569941014836214
sun_boqesjqpnyhhfcge.png,-1.338766824714747,0.22158088108357316
sun_boqjoybowlbmweje.png,-1.1849322938162956,0.26850238721621356
sun_boqmdvdcpxqaepno.png,-0.8743211117038446,0.27155865590045836
sun_bouefbengbwzxyjm.png,-1.0523388970638266,0.24309566977273686
sun_boufgidjpgeuekbq.png,-1.549975648277622,0.25670422000697224
sun_bousoedboylwfefu.png,-1.2435491089331085,0.19385822785745557
sun_bouwelaruvflqplc.png,-1.0165951636992399,0.27798235267114935
sun_bovlfxshtexnypao.png,-1.1995651969246737,0.3640409953941241
sun_bowcanmkzrxjcsyb.png,-0.9960765102187922,0.3496276341383955
sun_boxalsqhtohlxoto.png,-1.5863070082296395,0.09187410423023153
sun_boxccvvopkkhlowy.png,-1.6037328031602367,0.2478837055501857
sun_boxowlegplpgysrk.png,-1.5507851229594536,0.1263498185384072
sun_boymumhxfxpvyfle.png,-1.3998464825983967,0.24516917289196855
sun_boyqpbfjtnsmufyr.png,-1.1708481132556943,0.3460383620444596
sun_boyrvlmqnirmdrme.png,-1.591114441369541,0.2981285952707315
sun_bozcdkmsntflkcem.png,-0.9661795573715736,0.2706596038837129
sun_bpaicvuevfqvwsqc.png,-0.9244643415236942,0.2840451774388102
sun_bpbrotispvainqiu.png,-1.2634064597927497,0.29795762104521056
sun_bpcalwtxdsdvsrvp.png,-1.427542893036722,0.25507544267968935
sun_bpcftshsjyxvpvlf.png,-1.3664282312408298,0.20017879652061973
sun_bpcilqrxoivwvdne.png,-1.2532339240077752,0.10384496050025059
sun_bpfkhnkxywdodcic.png,-1.2517447260823105,0.2059835952713468
sun_bpglwcsgrpbfxkgo.png,-1.2459107154506264,0.302341702129613
sun_bpgrfkfrswdxbkxh.png,-1.3128489232361655,0.2625037706081367
sun_bphiwtwduthgcxgn.png,-1.310587626502853,0.2839669496771362
sun_bphstrqrckkxaifl.png,-1.0709986301559629,0.28782835007868296
sun_bpjaugthurqqesou.png,-1.0907571303439854,0.2908354461453487
sun_bpjcjsyixxowjmdl.png,-1.3475016334630598,0.26592554856928846
sun_bplqsmzcsrlgjrqw.png,-1.5200917265739904,0.20507631966824055
sun_bpoqpwlmchbnojdo.png,-1.1349405792908749,0.33537955557086163
sun_bpqkwsampdacpvwv.png,-1.4329088547621414,0.18092874084589947
sun_bpqornjxtulmihwe.png,-1.0113625442960192,0.19774589025108652
sun_bprbbpnbntrcpnot.png,-1.015802888926486,0.18098473926354597
sun_bprocfhohvyevfet.png,-1.0245932699157145,0.2968721763892403
sun_bpropflclmvrtdjr.png,-1.3423974884536307,0.25972892258212726
sun_bpskxgpcrpflumtc.png,-1.4851368341608984,0.2569531029587091
sun_bpsrgnaguxblvsvl.png,-1.5347360423129357,0.2766914590245964
sun_bpudusvelewkvdug.png,-1.352134438417865,0.28860545153197276
sun_bpvbjnjzijnakkkk.png,-0.9647078612532451,0.4145779915474527
sun_bpvgiuarfetinfdj.png,-0.8892610267398516,0.35827104322391945
sun_bpvpmstgdqmdjoqh.png,-1.6691515281339575,0.1907583220310752
sun_bpxxnnqefzqoptxd.png,-1.0894212447450269,0.3329509062874025
sun_bpyuppjnwkmubrdy.png,-1.0207354758315832,0.34679288474508496
sun_bpzrvalzazjnyiiz.png,-1.2889363928222217,0.17090901504562236
sun_bqakgkpsafzbnpyc.png,-1.5126358797263557,0.08251296200590169
sun_bqbaerqorxryhiqy.png,-1.5769277359537108,0.370402327186668
sun_bqbhwtpqtgfhukck.png,-1.6101746796956202,0.29610382475452246
sun_bqbrqaxchjzarsjp.png,-1.0260438542382782,0.17946107999425537
sun_bqbsbqnxivbgilpp.png,-1.14445097755549,0.2861135565094773
sun_bqdcurfhxbxgclsh.png,-1.2093335289237979,0.2735843605546996
sun_bqdordpczpksbhnv.png,-1.3382923486871796,0.16559373751232884
sun_bqeluydlsiyvdvzx.png,-1.3234680268503967,0.15423753999409373
sun_bqfhmkfaidjdjruy.png,-1.1673175534408915,0.101426173105239
sun_bqgdiisknsocgxsn.png,-1.3039711873570536,0.10357664547173054
sun_bqgrlxjqpobcqhuw.png,-0.8968696899443109,0.1936728336435817
sun_bqicaqmboiaqokue.png,-1.5491731551894758,0.2595739727621931
sun_bqimehagaahznqkn.png,-1.25096891952001,0.150581890434289
sun_bqingdqhcymxzrsz.png,-1.4010962351255822,0.11639045221272787
sun_bqipunssaycegvhy.png,-0.9662018866538489,0.23839236149661375
sun_bqivxmjqmyeagxxl.png,-1.0000533402135452,0.2568748911237528
sun_bqjcfcrpbgkomkmr.png,-1.2477929980933815,0.2846007676098736
sun_bqjuovyovmqpjdxv.png,-1.0320861120077367,0.17476157733909714
sun_bqkruzxpoosoltth.png,-0.9134254619176884,0.13206372492016497
sun_bqlayciimkuzivnw.png,-1.191600447245506,0.3640692282212654
sun_bqlqigrtvsekvebg.png,-1.6175105012987274,0.3500310822533333
sun_bqmfdqurmypfritz.png,-1.1068035172045156,0.19124330675219212
sun_bqmvtssfxojuegby.png,-1.1545758912643838,0.2713299323577971
sun_bqnzqakjxvserfkt.png,-1.1174187170748018,0.24073980627782868
sun_bqpannxepavphgcn.png,-1.4261312767691274,0.1544873540251226
sun_bqpyqljaflidcauh.png,-1.251895228919598,0.3347630529058225
sun_bqqpfbusjnjhwayo.png,-1.4036499721589168,0.2989331723447857
sun_bqqvtwsncvxqufue.png,-1.5707340279835702,0.09833113003556021
sun_bqrjptqnidnnvadx.png,-1.2456461910825425,0.280114185151073
sun_bqtcyewednaaywqs.png,-1.581153033041299,0.3320301586497985
sun_bqugyajmoxytakeb.png,-1.3324198459388483,0.32790616805917117
sun_bqupknowrmgvsacn.png,-1.5264475825038613,0.17944632938951618
sun_bquqmlkathlolyfo.png,-1.2772031783171343,0.24693420823917958
sun_bqurxlaxwqxzmsmk.png,-1.1991751835476967,0.1930552829193754
sun_bqwbawqujraqyqrh.png,-1.5364384014420875,0.2389098276334527
sun_bqyohbxfirseiccm.png,-1.18501935165384,0.33649263808520613
sun_bqztysnfffcbvhda.png,-1.4583548390265146,0.24503800625985456
sun_brahopjmnaqwwmmx.png,-1.4216016914638718,0.35158852410582797
sun_brawbagnjqkorhjs.png,-1.295686163091598,0.25009817969537756
sun_brbyihgdqtqdcnxc.png,-0.9184452327319993,0.2980838801667802
sun_brcdipdfrotfpeyn.png,-0.935323487303662,0.344858265721575
sun_brchwspeeunoiiii.png,-1.1898072600468754,0.2166891488467747
sun_brcnweauxwwhfmme.png,-0.9433997705575806,0.32201250862029557
sun_brdftbxacesbcdgl.png,-1.542327242231283,0.3232445576124606
sun_brdgfyrfccwrgnqr.png,-1.2687943550779686,0.14676401685919135
sun_breoaiizcipfnqab.png,-1.1984921732278735,0.163745035097674
sun_breshxktngoefxit.png,-1.0764281789042127,0.2446205618415919
sun_brfjqwudjlgxmdwb.png,-1.3336981323910873,0.2736742919960215
sun_brgdktomgzvbnpdv.png,-1.328118734323924,0.14334078943512701
sun_brghwxnerwfqubwo.png,-1.1077595520668477,0.2714573940464024
sun_brgznhfgoszqylww.png,-1.3375934177416753,0.10049664334101827
sun_brifkzatyyuxoztn.png,-1.1569379492264806,-0.010543779331963689
sun_brjavmbhmewbymqa.png,-1.2980889576787822,0.3421758256438639
sun_brjbtkwrbnxdbipk.png,-1.2245957097685944,0.3504949738909625
sun_brjybwuecwwcltuk.png,-1.5917301309695022,0.26109173136100383
sun_brkabaozbwvitgxf.png,-0.9240836850849059,0.15982457750222048
sun_brmvtualioiyddad.png,-1.558351605706325,0.253073824098781
sun_brnytfxptqsjftkl.png,-1.4706444236818081,0.14833263458466003
sun_browhtghljbzuemv.png,-1.0277106398618767,0.29889404002879183
sun_brpdgnvnpubmjasg.png,-0.7547934854014209,0.36530050060673697
sun_brpoxjopmnslgnjv.png,-1.4883357505388675,0.26305832584324085
sun_brpvsvdggkcwkxdy.png,-1.2221901053087056,0.23559599792996377
sun_brpwztmgmcdwbczi.png,-1.383907417404459,0.370671696642126
sun_brqhdtmjbvekbgyb.png,-1.4830911477840691,0.24188236613086309
sun_brrmbxqlnhucmqmb.png,-1.3674816478526566,0.17926511478646245
sun_brrulzkdcicdbdll.png,-1.3627747276422748,-0.011992106016965383
sun_brtoxzcjsplvrhnz.png,-1.0757395317064513,0.02930914031410783
sun_brvxpggcpkvbikem.png,-1.1530624477397446,0.3203136134027964
sun_brwcwpdohtfcqmca.png,-1.8432262037415386,0.2694067585371933
sun_brwfhwfvwprvdnsg.png,-1.5133270653365758,0.13328576349589094
sun_brzirocotnsoinpb.png,-1.2691855981389468,0.37769085200181834
sun_bsaoeebxsvspudbq.png,-1.3008224334154934,0.2630554088498014
sun_bsbepnhfkllnfawy.png,-1.2499613502983171,0.27443274506896037
sun_bsckmjlqsczsayzv.png,-1.5439028267331827,0.21212328511548653
sun_bsdfqzpwwzcboiub.png,-1.242396231100567,0.22418704559089442
sun_bsdggsnvseffqhed.png,-1.5761249143020055,0.2371140431794861
sun_bsdnohndctxdsaha.png,-1.307452783698561,0.3084334251606978
sun_bsdssauruacsaomy.png,-1.0209582637752574,0.2657510840827102
sun_bsdwkmcsutkqylft.png,-1.4149239036880916,0.2612927638222748
sun_bsedbyqgrcdkuanp.png,-1.4065909204579259,0.19835749954876364
sun_bsejhpomauvjfnbm.png,-1.1470248143985273,0.26218884610986165
sun_bsfjquzxrikccygm.png,-1.7509405837285676,0.2553830482765111
sun_bsgmwkftttvjyvqk.png,-1.4881162044164096,0.4110707466922225
sun_bsgtylshcdilauhi.png,-1.285327278799366,0.1767665308008383
sun_bsgvhkfbcdxxihwo.png,-0.8389270312057118,0.23768182704062654
sun_bshbixtyrioalvip.png,-1.2068900790280976,0.1852897224359144
sun_bshqdybzrscmozvw.png,-1.1704907372359823,0.2693220269709231
sun_bsirenasjenoyhwy.png,-1.332759666829115,0.1345153705545185
sun_bsjgpmgflloejcjh.png,-1.5195392219904642,0.22789235179876074
sun_bsjucttvlnurweef.png,-1.3907314217393332,0.14911662399981632
sun_bskpvuntksfyssdr.png,-1.4171435419394698,0.2004349868555374
sun_bslguortidcunuxu.png,-1.1583705345201503,0.22805840414525716
sun_bsmfrekdbsboycod.png,-1.4997285454186728,0.21716414981518975
sun_bsmnotyszoxrjflt.png,-1.1891415326745698,0.23561298302844358
sun_bsmvdfnjlulewkpr.png,-1.1769516276323846,0.060043361631295714
sun_bsmvjfrmboechadw.png,-1.1241277574156898,0.2687723550749713
sun_bsnzwhhfcbkgxlvt.png,-1.5808487084708482,-0.008330935319674871
sun_bsrxtixhxzmwiczh.png,-0.8909071077969056,0.31691052554252486
sun_bssiqcjaiiyqmpqg.png,-1.4467810707726343,0.2534586004303701
sun_bssqujyptrjswpxb.png,-1.4897217773540752,0.15070324185404632
sun_bsthsjctocamluvy.png,-1.3946238714691983,0.22135331313919965
sun_bstlntsvhyezqgap.png,-1.3950713329835018,0.29714586093261613
sun_bsubqhpyyzaqxzkk.png,-0.881229613857022,0.3562494753630488
sun_bswfottgblfqiwoy.png,-1.535216450836593,0.35821377399042276
sun_bswnzfgwxhgvfknh.png,-1.4577191933395228,0.0860782971685662
sun_bswtasbcsdaqkhmw.png,-1.1419951071577046,0.2541044671089051
sun_bswvnksjyjmepmqm.png,-1.4258563540491294,0.21594972369704196
sun_bswwxfxlteiuzimr.png,-1.1543727788194078,0.2473789190418588
sun_bsxdfqlzbzagmjkw.png,-1.436073561262399,0.2729347132306008
sun_bsxsmqmkhxxlkoub.png,-1.3993681359344452,0.22471587561725417
sun_bsxzjawfsmcfbxzg.png,-1.3932854576843787,0.28887541189075544
sun_bsyikybqxwyzoimv.png,-1.0671026124483205,0.29359290478765293
sun_bsykwzjqxggxgpbz.png,-1.3304326242399123,0.20449899017433434
sun_bsyofgkkvqjlirwa.png,-1.0274491631597564,0.3524041457512167
sun_bsyojodrkyqyrsur.png,-1.1001371496902976,0.22863951939578292
sun_bsypujmiwascibiu.png,-1.1119472525724414,0.12023244361272528
sun_bsyvgrofihwzufzd.png,-1.7362969007134856,0.17532148193465655
sun_bsywfkspmpaelmbu.png,-1.4426430303592048,0.23464509800133515
sun_bszmynrchdzpggxy.png,-1.367562540100235,0.30735864603875607
sun_bszngxmltdqdachn.png,-1.1893071699688198,0.3601134153608403
sun_bszziobyipoqmclc.png,-1.0467930041976101,0.22694948883623847
sun_btagmtoojkghfpnw.png,-1.052420004412973,0.26182204653624647
sun_btbmkkckrohiamrc.png,-1.3167305146212627,0.25360606387464335
sun_btbzqxmvyzlrnccn.png,-1.2892046607559309,0.2505575144360979
sun_btdtrvihpxhletbp.png,-1.1231647957848292,0.19463831258232359
sun_bteojilkrrifycnb.png,-1.1598344131594667,0.2792213110177158
sun_btgarlwiahaqzqew.png,-0.9897852660880455,0.07543129643661604
sun_btglpvmfoudszwcx.png,-1.4970389200650953,0.22727038086835732
sun_btgzbfqbpfnxxubs.png,-1.3632796763459651,0.2444829530487712
sun_btibjtzuhjtfxauq.png,-1.2650958242228005,0.19720647979662537
sun_btitjwtkbfvxxjir.png,-1.7072620213350993,0.08645341323665642
sun_btjecfnksbyiqqxf.png,-1.1262454145219318,0.275070800113978
sun_btjsvbkmjyurwnjc.png,-1.0384508589900647,0.23569874611058172
sun_btkfxtbtpkljhbnu.png,-1.6020466237803195,0.20130243448629098
sun_btklzmnkvpoubzow.png,-1.0341077756163908,0.24036323979698834
sun_btkmuwonupdwnime.png,-1.2719758114262791,0.2657465653057425
sun_btkzuhaxqlacvmsv.png,-1.387638965816093,0.334819727967374
sun_btlolpsghvngqjst.png,-1.1987310114703609,0.2899793166463016
sun_btoqiicesxbtmcvw.png,-1.4272830041600881,0.15521344132169596
sun_btrcqkwfznxwmrqn.png,-1.382003875692358,0.2733408395111707
sun_btrphgavmirlkfte.png,-1.59258628744072,0.020823309623195205
sun_btrqlraquceyylsk.png,-1.367824423300634,0.13160815818054047
sun_btrwxphygxfdynkm.png,-0.8510725046131565,0.24881033070688244
sun_btsxxuzuiatmkwbj.png,-1.3556950533430863,0.24673224891145973
sun_bttjqmpassdojuww.png,-1.3384080146334933,0.2438663402971481
sun_bttyblasuoaazfvj.png,-1.4854485271701714,0.31692693194346994
sun_btuosftthgpwpkfy.png,-1.2998188918578522,0.34441517052810755
sun_btwcubkisczvumaf.png,-1.4113456630036598,0.17424088288788186
sun_btwghiakehlnmvin.png,-1.3740143400522091,0.19662592812310656
sun_btwixqkvzjmqkqpu.png,-1.3395002007523844,0.1632159519228235
sun_btwulfxhyuvapujt.png,-1.0943040375241224,0.29908331538259014
sun_btxtuvzulbqikoiu.png,-0.8997137032178777,0.18805349315681186
sun_btyjprilyfyzpbjv.png,-1.1661889137511352,0.2891979900968364
sun_btzcxxdwzcvyfcgs.png,-1.480987401720092,0.13156504411709646
sun_bubeuobcfzftxdju.png,-1.1800628251443108,0.18184726218079456
sun_bubvtxesjajenlqt.png,-1.3701101733940642,0.21177619686279078
sun_bubwbwfiadpnfnmw.png,-1.410167766375497,0.16586776173257944
sun_bucuqibiwiiblyia.png,-1.2703763521074267,0.10287948131197559
sun_budcoucpzqukkerv.png,-1.345520242305487,0.2597216582213669
sun_budyhohqkvbawehc.png,-1.3534868525127999,0.15097272484395113
sun_buegzgqysjqtiutj.png,-1.3238984279815202,0.22244236078509064
sun_bueuntcxwgxsfkis.png,-1.1044768461177281,0.29225267819737866
sun_bufdvpbsyfromtaq.png,-1.3977692027696362,0.25163925440822404
sun_buhgqccnbhmqgupm.png,-1.0643718091436625,0.23687525956327063
sun_buiunnhzmpbdnlww.png,-1.5255240963467958,0.20503288533028313
sun_bujjhgzbrnclsyny.png,-1.4792032393042072,0.3580862369071976
sun_bujlksmdrnkuvdzc.png,-1.5219444596441567,0.2633593380217055
sun_bujxqgvofwfpgxqd.png,-1.3032080392866046,0.3174938057105035
sun_bukrskzdqpbyiolq.png,-1.5646601989258435,0.25931072614244927
sun_bukzaacoairfpnna.png,-1.303145079800561,0.3390856752125208
sun_bumfytaeaaocxkhs.png,-1.6257713555675304,0.20299002433740743
sun_bumhcpftmwglagxy.png,-1.048417177643192,0.4037216497376757
sun_bumngdexbrehyqav.png,-1.2164930612568616,0.3143800767651522
sun_bumqeaxclvrfyull.png,-1.2927880314028386,0.1693789118921521
sun_bunguvnvkdltcawb.png,-1.2482058925268276,0.40598165188896107
sun_buovyzpmpixtfczy.png,-1.2934310462571748,0.28751655475395055
sun_bupldmyiogtiznnr.png,-1.4711783560360503,0.3127101035031071
sun_bupmycspfhrplzac.png,-1.3416111402151767,0.2610216063825618
sun_bupyrxfwzawdqngx.png,-1.1887581778127247,0.2683138651265796
sun_buqdwtmwwpfhixrp.png,-1.5423482150009846,0.26573891789986487
sun_burdknabghwknvon.png,-1.5563998794870266,0.3085665193912617
sun_burisorwirbwwpki.png,-1.5101719940210572,0.28832374501941344
sun_busbvoeqhhqblefb.png,-1.3890986540508397,0.2721557245372929
sun_busfyiowltnoreil.png,-1.1896621094501416,0.1504887018101523
sun_busnluvtbrlpklss.png,-1.4759486099016685,0.38013267430355135
sun_butejhxoikukvzjo.png,-1.4123064896588877,0.33657701393554534
sun_butfpeucvaoubnew.png,-1.2450205329065882,0.0046115820740194775
sun_buuquqynpascvpvg.png,-0.8656338594225146,0.3569139585733334
sun_buwooqnvizpilzmn.png,-1.301728126572186,0.21479886021105646
sun_buwqnkpfickthfvb.png,-1.4747560861771234,0.26606366930399333
sun_buwvjkrxijmjfzvy.png,-1.4660464138434153,0.15580767547059682
sun_buxbdivymrhbqkaq.png,-0.940991577364275,0.23384589806779438
sun_buxiatdzwasoiukc.png,-1.491726629852329,0.1697430937123563
sun_buzgnthoayjozqrw.png,-1.4675218501587626,0.3339269525419898
sun_buzlhipbfnmzpsfe.png,-1.5804647114019243,0.30290092953770303
sun_bvadugdspdiyatas.png,-1.415872198722433,0.16401621923094314
sun_bvcpfpykytbdwitw.png,-1.5723441005167265,0.35018376701086523
sun_bvcrxmmafcwziglu.png,-1.3904474570276832,0.2746578295900522
sun_bvdnnlpnbpboowbn.png,-1.1116368445988833,0.22482378456533525
sun_bveppixbphbzcuqe.png,-0.979879013181759,0.32319688952069003
sun_bvfwdymyjizsirbv.png,-1.1632884030519186,0.3042020947329412
sun_bviohtiexxzqnpkc.png,-1.3324413583441341,0.17288697534133032
sun_bvjsynrlwrnjrcbw.png,-1.277735199794263,0.2575929675539532
sun_bvktagqrtddksxsr.png,-1.33772506719922,0.23968750194223637
sun_bvlogtbldenrikpj.png,-1.5623508317704153,0.25880629916504366
sun_bvmhlhjpkxitfhgs.png,-1.0078524433670895,0.34983667608211966
sun_bvnzergmkvtrmieb.png,-1.430168887464052,0.25728983962246016
sun_bvoguehakawfwbfb.png,-1.5778986040170484,0.252923294271983
sun_bvokewkgutqykxga.png,-0.9936327369406512,0.2563244351139722
sun_bvoraywiwkghtfsp.png,-1.333480596381095,0.24789316878233267
sun_bvrmksvsrbfzaouf.png,-1.079581983029783,0.28621625217918845
sun_bvrzhwjmndjntmrd.png,-1.52568942323464,0.24135354583433655
sun_bvseidzvrmvtpkpx.png,-1.5207782999060313,0.0865585929222293
sun_bvsjcozktubjuixy.png,-1.2827733558931336,0.27822956645188035
sun_bvtxhnhosgmrqdqj.png,-0.8084931910881635,0.3631973119879243
sun_bvunqtjezqgjkfqn.png,-1.5783452086125977,0.06581607736462017
sun_bvupmryxushufxid.png,-1.422071355346684,0.22052369579246398
sun_bvvagpokirtzprco.png,-0.9695696685614236,0.3793248752253497
sun_bvvfevxgxdbnwkdo.png,-1.1327167839306087,0.18562837253367384
sun_bvvkcyfmdmoxmqdp.png,-1.2620123616853496,0.25836780892960665
sun_bvxdrnduhbhimwni.png,-1.178334075829591,0.3826975849172448
sun_bvxilcyfjgqptejo.png,-1.0508435033933095,0.2855420695047964
sun_bvzgafyecjurrnij.png,-1.092925673804031,0.1045003336670003
sun_bwaefckywxfgfnhk.png,-1.0021585061858131,0.28899923771329755
sun_bwaeoxdssornxdzd.png,-1.1417893784544606,0.4023627284340326
sun_bwcsqcbquzhtbthj.png,-1.5402110732226693,0.2629960167397771
sun_bwejrnxklcvyppeg.png,-1.3171558814358781,0.22290989007042045
sun_bwetgwjnbynkijfa.png,-1.419085870621219,0.24925659660731153
sun_bwfqgtmzjlmhlmoo.png,-1.6426971624157225,0.17969591644295382
sun_bwgbmspgoasrrxii.png,-1.2245271136974472,0.20748042519574808
sun_bwhttmaphjpnylet.png,-1.5964579378653596,0.30650053817802275
sun_bwjdahsxcqepqqbm.png,-1.485364640810694,0.2528183023872679
sun_bwkmlnhgxxpjprxc.png,-0.9990987313803757,0.1428619489271587
sun_bwlgasqbvouhxzgq.png,-1.2250991587398408,0.2635806291800842
sun_bwlujsghtckhrmdf.png,-1.5772639836958318,0.22092852765695078
sun_bwlvhidckctkncuk.png,-1.3785448783619263,0.27582116723773226
sun_bwlvpakobhlfvzzt.png,-1.1532792211653904,0.3503995883162751
sun_bwmqfugxntaxbodl.png,-0.6141040401181758,0.17683633274117558
sun_bwojgekrkcxlkdtm.png,-1.4236849450515692,0.14224445098231508
sun_bwomfrxacbvxzekp.png,-1.1902915302781616,0.10491240223342119
sun_bwpajdzkwlgtdkvo.png,-1.468145525642693,0.20217467119563923
sun_bwpetxzxuvepywte.png,-1.2468103826613741,0.21753166500632928
sun_bwpizsfxdeddubvf.png,-0.9574657565227186,0.3543483191151585
sun_bwplgyknxhslqbdh.png,-1.2071445992263041,0.30146882511255496
sun_bwpnxojkzrehwwun.png,-0.9831616056330255,0.34713779400708833
sun_bwtcreuswmwmbqwi.png,-1.3603928165977321,0.10263905940039895
sun_bwtoopqffjsqnunf.png,-1.2631416022023003,0.22567188315832223
sun_bwuazhvukqbjrekc.png,-1.8111389999988554,0.23033239014830395
sun_bwvnrjivcflkumua.png,-0.9830141931839949,0.3799655227465564
sun_bwvpnrcbzlfihvvw.png,-1.4094516936023327,0.17813924543321513
sun_bwvqovjbilbqaamp.png,-0.664228979770776,0.261058995731426
sun_bwwdydddfrmtvaaq.png,-1.4607042507221624,0.2826859533991552
sun_bwwizcnmdumxllgf.png,-0.8994250242251343,0.1340994622105874
sun_bwwnazvrsvclejws.png,-1.290852985515024,0.2213597960266369
sun_bwwzgyontxgvudgu.png,-0.9290532447817257,0.31801545751188576
sun_bwxabemozafvwqwo.png,-1.4449975924761398,0.14852084841062185
sun_bwxprldpzjnjalgr.png,-1.5727701031382009,0.20938668307226352
sun_bwyfpzvujaqhgyws.png,-1.4770563600537592,0.13173979504195482
sun_bwyngirmnygwrixi.png,-1.3399578824295086,0.28939312039312043
sun_bwzrhfmernduzztq.png,-1.6045027618427836,0.24727385093135978
sun_bwzzewspvvqvbmfy.png,-1.1355065633298256,0.34091060960422803
sun_bxafshqdijjbpdaz.png,-1.513974640406768,0.24237733370860304
sun_bxahqdyqpausckwh.png,-1.1378732382163825,0.07334927116169844
sun_bxarcshsnqsefemx.png,-1.1523715992533567,0.27652883727710026
sun_bxcatlubnlpygirb.png,-1.570393328020431,0.18204391349267676
sun_bxdkavmkskboefhl.png,-1.209049194820366,0.3536154550794649
sun_bxdujtxtqvimgcrj.png,-1.1737456914594941,0.18480390454024387
sun_bxeiylbtpjkvjdja.png,-1.2564103054413522,0.29356653573935976
sun_bxftfolankxjsbkc.png,-1.2139521719252788,0.14361257317133166
sun_bxfynncmyoeecwtc.png,-1.3717769664695352,0.219391975081291
sun_bxhekqasouoqymhh.png,-1.1787881386719408,0.25390886754523123
sun_bxhqkswdztfjlogx.png,-1.0948572937550622,0.22044287675267346
sun_bxipuvzrzclhecoa.png,-1.3501308299151003,0.3507300288697199
sun_bxoeshylenjctlvs.png,-1.2203867698256676,0.37209211117190155
sun_bxohjmmbpglcqtjj.png,-1.3496118718361867,0.1277114609756925
sun_bxpjenhliiqkkazx.png,-1.6025764703129188,0.07257189649983553
sun_bxpkentrzeqdlqck.png,-1.3485000717920956,0.27286740156456885
sun_bxqepaomktavpztc.png,-1.6226965746627777,0.2282595604318755
sun_bxqqxwxvafkrpfje.png,-1.5139741279890755,0.20925129382530586
sun_bxqumcisxaaevuok.png,-1.1494823984732447,0.3470535406478983
sun_bxquoddofshilqhe.png,-1.7493173931719954,0.10918371424892208
sun_bxrjxxbavrhxhckd.png,-1.0719267039940579,0.05321058995272778
sun_bxrtobofnydzwbvh.png,-1.0361906065620032,0.23612916434093859
sun_bxscrxtgegrmmhrn.png,-1.398907166330169,0.12006852827882718
sun_bxsncwltwrecpefm.png,-1.3605068288201096,0.3379195325565871
sun_bxsxinaguigskimz.png,-1.2657421009152956,0.25195046850104813
sun_bxtfzakpnwrxhxcq.png,-1.5339985042424948,0.24004730089843157
sun_bxuwcfqmsdfjijpn.png,-0.9082591121798715,0.2385031606608937
sun_bxvccutjdzbutrdo.png,-1.422318679177658,0.2918428973183312
sun_bxvdohnrocruslcu.png,-1.433827556383742,0.2511744879322917
sun_bxxxflrbyhbakacb.png,-1.5808568145474242,0.23819675229197104
sun_bxydcehekhmpvpmh.png,-1.1700026687758376,0.2571881444276534
sun_bxzfuarhmdlojhgj.png,-1.2094409816818306,0.13002173159367836
sun_bxzvcqppmizkmxgr.png,-1.127081856505218,0.3190447821344559
sun_bxzxvpxabkqegbmz.png,-1.297201201976943,0.36250289407193415
sun_bxzzutfjxdmvpwcn.png,-1.2920638039685102,0.22719963473757782
sun_bybwwggbjkvmvvsk.png,-1.1353460670406972,0.3595293733666667
sun_bybymzvbxgvcrwgn.png,-1.6273347032071193,0.1129815881695581
sun_bycsfdyqiurvjyer.png,-1.3306429348085944,0.35770367059490454
sun_bydcaakthxrsxfui.png,-1.0075115607188954,0.37981802065313
sun_byegvlxnjtnjachb.png,-1.337192568108419,0.28313491572407984
sun_byfffdwqltqvkulk.png,-0.9211345020503068,0.210225511859195
sun_byhcvjxqnxhccxyk.png,-1.4533838613214278,0.21818950433363324
sun_byhsmspbuhedbgpq.png,-1.1255471654324711,0.22324456093403466
sun_byhztyvzwhsmkkhh.png,-1.062678054190768,0.35050546414182776
sun_byjevguiiqilawju.png,-1.3517583035679628,0.14683087743155526
sun_byjyynfdylobvlmb.png,-1.226901690833864,0.26006340461911387
sun_bykmfkghgnpgwthd.png,-1.254444511888838,0.29373532554933596
sun_bykulylhgrhjezbh.png,-1.4666337150726292,0.07759948293609316
sun_bylzknmbiopycyev.png,-1.2674036313890118,0.20934465900518276
sun_bynznvdclrjaxpzk.png,-1.5590724978601116,0.20063288797578135
sun_byockeznxqmczqek.png,-1.1831599125566539,0.1574312641550788
sun_byozqtwkrnkzxaoq.png,-1.7548337407028973,0.15351092289706048
sun_bypboapkrbtrmxqn.png,-1.2938628671788281,0.24094555308129798
sun_byprznizglpmyswv.png,-0.9168062869315278,0.27950701173799836
sun_byqkwwucryiwcxff.png,-1.190255817255631,0.12241053902351935
sun_bysmbncykvciuqsg.png,-1.3589985824169963,0.34722090089110574
sun_bysogjpucwrlcyvq.png,-1.0653338265291916,0.25452228010392597
sun_byujwnqthoewfezt.png,-1.1969147686685773,0.23890037298341796
sun_byukalphpsagnwum.png,-1.3962301125516472,0.013347897905898663
sun_byusctchbivutqxd.png,-1.5756719170370077,0.21923863055697493
sun_byvccfndmyaiueas.png,-1.3479150323695197,0.33290062913816315
sun_bywesmbaobiovqrr.png,-1.4426783423042504,0.14280574392793216
sun_bywnkdrfibdahtcw.png,-1.2825769774906914,0.2319904286404528
sun_byxjhxcvkgccckaf.png,-1.2915049349443224,0.2493694375382841
sun_byyajrvjnpnuopdi.png,-1.1296872812865741,0.13624349371368707
sun_byyaxeluotynvysz.png,-1.2926603776584136,0.36671574271028157
sun_byyoxsewzibkaswg.png,-1.298706908713403,0.26682240398424545
sun_byyxvtxlqfyyfxsp.png,-1.1012005466704031,0.17641234642705422
sun_byzweiouhvtofjlh.png,-1.090660969381029,0.270281425891182
sun_bzahmkxztgfcmrot.png,-1.3955260979756696,0.26818070926390036
sun_bzayvogardiuufor.png,-0.9075781348230877,0.24093300621321978
sun_bzcntuzwagwdrkrp.png,-1.3132629149044688,0.30502368049336664
sun_bzdfeubmpjrwxyxa.png,-1.314704756982777,0.26928331667372335
sun_bzdjhdkiwuqogghf.png,-1.3248341114931605,0.2668296719336097
sun_bzdkfldkgqsowutt.png,-1.2756072263753606,0.23374777056892504
sun_bzdsiiquwuhojhsa.png,-1.2945509955788699,0.32417347839902677
sun_bzfnrusonorlauzf.png,-1.4626655238695272,0.22058490138290635
sun_bzgdmyokbhheseag.png,-1.3287248660037665,0.14579374081256227
sun_bzgsruvnegugrqqj.png,-1.2958516669618159,0.23123566370798848
sun_bzhbdnudcfjlvhhk.png,-1.3257487215007773,0.24219567867848596
sun_bzhfdxloamvbiksz.png,-1.3662581266827687,0.20347254210696739
sun_bzhkhxzgdhwovlbc.png,-1.093131121840848,0.23187359598418544
sun_bzhtawtcwvarqfly.png,-1.1560933762164414,0.36121239280549156
sun_bzixvwoukasxltwi.png,-1.483348193377562,0.2458122684807679
sun_bzjljcrmqlmawtbm.png,-1.4384593780085098,0.23996618813222123
sun_bzjrqwjgfkzqzxko.png,-1.321717022963483,0.35993329304943783
sun_bzjswslsonqoruvh.png,-1.158852815974724,0.27291043984073027
sun_bzjwnsnlbvaoqswg.png,-1.3839359147281725,0.25672698876033817
sun_bzkcvrskrmuqjlhh.png,-1.0666122196781778,0.2650693165442678
sun_bzktlbbwtskelqxn.png,-1.228102572398362,0.252319543752128
sun_bzlbrzrmyhczyxbt.png,-1.2927769443567205,0.27184675092239446
sun_bzmhfxaufoqjxrxg.png,-1.1925730709738276,0.23878220833371858
sun_bzmseudgfbgvvfds.png,-1.2150194222045998,0.32056509101123115
sun_bznefxvocwpgimko.png,-1.2577009163190374,0.06835562786582096
sun_bzphvplujtqppajx.png,-1.3446415524636122,0.20673312742592598
sun_bzpjfetivojhplyc.png,-1.0366781344978933,0.3944489092695021
sun_bzposwfhbrlamgug.png,-1.2684494590264743,0.2506467760033022
sun_bzrclvbqxbfvqaae.png,-1.651780713786853,0.20513651309944625
sun_bzrdasjymsqeuhei.png,-1.1218424922530257,0.24181041942144943
sun_bzskkbpdayjlqhjm.png,-1.1932580415903606,0.2733789360153265
sun_bzswqviottpkgrhy.png,-1.5237769142112951,0.19271277502984818
sun_bztinnbpwuvzrrmn.png,-1.3416970845700207,0.2965367443511957
sun_bzumhtdauolwwpld.png,-1.3289254742084444,0.25606758029082544
sun_bzutnrrxuaaxkcjo.png,-1.3262387248290743,0.32785057625330033
sun_bzvdvlppoitgqmmy.png,-1.471506498989582,0.3145510088869464
sun_bzvldfwaopjftans.png,-1.3242608007190189,0.02843955986484391
sun_bzwymbcoqqufdyfl.png,-1.3842977993699421,0.3059964355969534
sun_bzzhcxocqdbmqtdt.png,-1.2172818898941515,0.27173876708992545
sun_bzzorzbarvqzfkkt.png,-1.101389930908938,0.1007345265580116
sun_bzzthycspumivnin.png,-0.7058528272639255,0.19449252338717787
sun_cccvqprfrvymesmn.png,-1.3926251540374168,0.2628552585478453
sun_cdzoksnyawnhcvzs.png,-1.3943056260485822,0.3853302079086832
sun_cfsknrqkwoyyclpl.png,-1.314823993458145,0.2079947791827971
sun_cgnmkviqglhcpzgw.png,-1.1589532758697392,0.15387300616145147
sun_cgyortwapwxnacmd.png,-1.2854491907570136,0.2673096371574456
sun_chuazffleeodtpgr.png,-1.367693053163416,0.19114324555759282
sun_cjjjphyiodovbwdc.png,-1.1502790141712838,0.35323815293638
sun_ckhkdzmhpitbkdkc.png,-1.0462064371635744,0.34286986430980554
sun_cmfyjyeuqorkjoey.png,-1.5447727660548254,0.1911801978764042
sun_cmpwrjljmpxaomfi.png,-1.2659980081052922,0.22322590505644874
sun_cpimlwoyxuicmstq.png,-1.2694887555287402,0.40777056429047154
sun_cptzeidnpvcnvmys.png,-1.421011335362895,0.25637311154392795
sun_cskokqhzpqyarpwd.png,-1.1797788704549794,0.3257113636795525
sun_cuvtskjmxuxtdwbh.png,-1.4344590115912608,0.21160770757794936
sun_cvxktxkdcvptovgn.png,-1.3278817232057623,0.2792670867922386
sun_cxhxnewsznefrric.png,-1.1550269671735494,0.43100738838471025
sun_cyebodmshcmilxea.png,-1.6121120567055174,0.14613902986172403
sun_cymcacucrlgcjkhm.png,-1.5547686171479174,0.1750192232459631
sun_daitsuznrfrnugms.png,-1.2434274479072636,0.2794697055873259
sun_davdbpevggahgxsj.png,-1.7485136802022199,0.09332835455886568
sun_daxbgqevqutlmehh.png,-1.3319043758360802,0.1929467331623872
sun_dbmzuhirhecedufl.png,-1.7173374758869728,0.17039573963606255
sun_ddcfwwvqwxhasoua.png,-1.4536729793543026,0.2703033434721847
sun_ddmiyazycvsbmjoh.png,-1.4076556763640935,0.2659742140978844
sun_ddtuouqwukxkklpi.png,-1.0090324969927404,0.08666380338821282
sun_ddywllhqorplbjls.png,-1.0609764636462544,0.307640188716015
sun_decjoqzzrkluvevr.png,-1.3345303146038594,0.12189588903743317
sun_deqpywsildqkdkcg.png,-1.1867084147405982,0.3362983807502445
sun_detmwwvooyqdpexe.png,-1.0629030793120136,0.29886083936242475
sun_dfwoggfqhfckjmhn.png,-1.189205248023547,0.39291562509888295
sun_dhgvkvyhrycxxwbn.png,-1.333536506357825,0.26788122439632583
sun_dhildmntuoxkhocv.png,-1.6062669107000327,0.258931130625114
sun_dhwkapupjcpmroev.png,-1.3328957169420892,0.3471266951698736
sun_diinfmuwcpwhadpt.png,-1.0870562280702076,0.15314474583896637
sun_diosfgmekdqexyyp.png,-1.4254468175307182,0.27529572783263273
sun_dizqbbolyzzexhja.png,-1.2226307782978914,0.3269751296881234
sun_dktnxnesgicnwrmc.png,-1.0641390241661364,0.3163019754882758
sun_dlcwhwgzotvlyiol.png,-1.2534392073529705,0.3577693036541935
sun_dlggzcfchdtzexii.png,-1.4501079757706479,0.226805937379784
sun_dlmfyrpsqjhqsomf.png,-1.6859467546616533,0.32266220585098604
sun_dlnxgvumnmlmgbzi.png,-1.4496620564555187,0.1884497123807909
sun_doyffalaqcbvjmzn.png,-1.4695776620605046,0.10150289711231966
sun_dpsfnbvpszeebnam.png,-1.4708216833448138,0.20370250469412254
sun_dqcpslbsbuellmog.png,-1.3729653641573982,0.3028188368290147
sun_dqtzlmlpfyrgslbp.png,-1.4833547099805178,0.20604084522359953
sun_dsawxouojbodegxw.png,-1.3847199092185243,0.2967299924801535
sun_dsqsjtzzjcmtcczd.png,-1.286328440386034,0.17410427622329197
sun_dtnzywaisgvniooe.png,-1.4117812684549669,0.13957642583596783
sun_dtomtzsvreainpag.png,-1.4958113475416779,0.18454836069288955
sun_dtrozscrcpmbecnc.png,-1.5338849333384115,0.13413132796392704
sun_dtxwewqpyrtlnlqp.png,-1.2664427042782842,0.20423133533571863
sun_dulvxrqyvtbyxekb.png,-1.3033443106752587,0.28781969516809
sun_duzppdtyladxieiq.png,-1.3247253661095522,0.3762806108847165
sun_dvepclpcmqjjcuqo.png,-0.937600997928849,0.2291570492105993
sun_dvstfjpskuyhigjy.png,-1.4513754149981442,0.1856035783788077
sun_dwbgpjdqastrcbkc.png,-1.561335845785241,0.3270040415282485
sun_dywoyueatmitzmla.png,-1.672771033683615,0.24543314543815395
sun_dzeksjrfwissivee.png,-1.355005961471342,0.2360537419947326
sun_dzjahlyxdmctyola.png,-1.1968337942403044,0.2507178954711747
