image_name,chunk
00000001.jpg,0
00000002.jpg,0
00000003.jpg,0
00000004.jpg,0
00000005.jpg,0
00000006.jpg,0
00000007.jpg,0
00000008.jpg,0
00000009.jpg,0
00000010.jpg,0
00000011.jpg,0
00000012.jpg,0
00000013.jpg,0
00000014.jpg,0
00000015.jpg,0
00000016.jpg,0
00000017.jpg,0
00000018.jpg,0
00000019.jpg,0
00000020.jpg,0
00000021.jpg,0
00000022.jpg,0
00000023.jpg,0
00000024.jpg,0
00000025.jpg,0
00000026.jpg,0
00000027.jpg,0
00000028.jpg,0
00000029.jpg,0
00000030.jpg,0
00000031.jpg,0
00000032.jpg,0
00000033.jpg,0
00000034.jpg,0
00000035.jpg,0
00000036.jpg,0
00000037.jpg,0
00000038.jpg,0
00000039.jpg,0
00000040.jpg,0
00000041.jpg,0
00000042.jpg,0
00000043.jpg,0
00000044.jpg,0
00000045.jpg,0
00000046.jpg,0
00000047.jpg,0
00000048.jpg,0
00000049.jpg,0
00000050.jpg,0
00000051.jpg,0
00000052.jpg,0
00000053.jpg,0
00000054.jpg,0
00000055.jpg,0
00000056.jpg,0
00000057.jpg,0
00000058.jpg,0
00000059.jpg,0
00000060.jpg,0
00000061.jpg,0
00000062.jpg,0
00000063.jpg,0
00000064.jpg,0
00000065.jpg,0
00000066.jpg,0
00000067.jpg,0
00000068.jpg,0
00000069.jpg,0
00000070.jpg,0
00000071.jpg,0
00000072.jpg,0
00000073.jpg,0
00000074.jpg,0
00000075.jpg,0
00000076.jpg,0
00000077.jpg,0
00000078.jpg,0
00000079.jpg,0
00000080.jpg,0
00000081.jpg,0
00000082.jpg,0
00000083.jpg,0
00000084.jpg,0
00000085.jpg,0
00000086.jpg,0
00000087.jpg,0
00000088.jpg,0
00000089.jpg,0
00000090.jpg,0
00000091.jpg,0
00000092.jpg,0
00000093.jpg,0
00000094.jpg,0
00000095.jpg,0
00000096.jpg,0
00000097.jpg,0
00000098.jpg,0
00000099.jpg,0
00000100.jpg,0
00000101.jpg,0
00000102.jpg,0
00000103.jpg,0
00000104.jpg,0
00000105.jpg,0
00000106.jpg,0
00000107.jpg,0
00000108.jpg,0
00000109.jpg,0
00000110.jpg,0
00000111.jpg,0
00000112.jpg,0
00000113.jpg,0
00000114.jpg,0
00000115.jpg,0
00000116.jpg,0
00000117.jpg,0
00000118.jpg,0
00000119.jpg,1
00000120.jpg,1
00000121.jpg,1
00000122.jpg,1
00000123.jpg,1
00000124.jpg,1
00000125.jpg,1
00000126.jpg,1
00000127.jpg,1
00000128.jpg,1
00000129.jpg,1
00000130.jpg,1
00000131.jpg,1
00000132.jpg,1
00000133.jpg,1
00000134.jpg,1
00000135.jpg,1
00000136.jpg,1
00000137.jpg,1
00000138.jpg,1
00000139.jpg,1
00000140.jpg,1
00000141.jpg,1
00000142.jpg,1
00000143.jpg,1
00000144.jpg,1
00000145.jpg,1
00000146.jpg,1
00000147.jpg,1
00000148.jpg,1
00000149.jpg,1
00000150.jpg,1
00000151.jpg,1
00000152.jpg,1
00000153.jpg,1
00000154.jpg,1
00000155.jpg,1
00000156.jpg,1
00000157.jpg,1
00000158.jpg,1
00000159.jpg,1
00000160.jpg,1
00000161.jpg,1
00000162.jpg,1
00000163.jpg,1
00000164.jpg,1
00000165.jpg,1
00000166.jpg,1
00000167.jpg,1
00000168.jpg,1
00000169.jpg,1
00000170.jpg,1
00000171.jpg,1
00000172.jpg,1
00000173.jpg,1
00000174.jpg,1
00000175.jpg,1
00000176.jpg,1
00000177.jpg,1
00000178.jpg,1
00000179.jpg,1
00000180.jpg,1
00000181.jpg,1
00000182.jpg,1
00000183.jpg,1
00000184.jpg,1
00000185.jpg,1
00000186.jpg,1
00000187.jpg,1
00000188.jpg,1
00000189.jpg,1
00000190.jpg,1
00000191.jpg,1
00000192.jpg,1
00000193.jpg,1
00000194.jpg,1
00000195.jpg,1
00000196.jpg,1
00000197.jpg,1
00000198.jpg,1
00000199.jpg,1
00000200.jpg,1
00000201.jpg,1
00000202.jpg,1
00000203.jpg,1
00000204.jpg,1
00000205.jpg,1
00000206.jpg,1
00000207.jpg,1
00000208.jpg,1
00000209.jpg,1
00000210.jpg,1
00000211.jpg,1
00000212.jpg,1
00000213.jpg,1
00000214.jpg,1
00000215.jpg,1
00000216.jpg,1
00000217.jpg,1
00000218.jpg,1
00000219.jpg,1
00000220.jpg,1
00000221.jpg,1
00000222.jpg,1
00000223.jpg,1
00000224.jpg,1
00000225.jpg,1
00000226.jpg,1
00000227.jpg,1
00000228.jpg,1
00000229.jpg,1
00000230.jpg,1
00000231.jpg,1
00000232.jpg,1
00000233.jpg,1
00000234.jpg,1
00000235.jpg,1
00000236.jpg,1
00000237.jpg,2
00000238.jpg,2
00000239.jpg,2
00000240.jpg,2
00000241.jpg,2
00000242.jpg,2
00000243.jpg,2
00000244.jpg,2
00000245.jpg,2
00000246.jpg,2
00000247.jpg,2
00000248.jpg,2
00000249.jpg,2
00000250.jpg,2
00000251.jpg,2
00000252.jpg,2
00000253.jpg,2
00000254.jpg,2
00000255.jpg,2
00000256.jpg,2
00000257.jpg,2
00000258.jpg,2
00000259.jpg,2
00000260.jpg,2
00000261.jpg,2
00000262.jpg,2
00000263.jpg,2
00000264.jpg,2
00000265.jpg,2
00000266.jpg,2
00000267.jpg,2
00000268.jpg,2
00000269.jpg,2
00000270.jpg,2
00000271.jpg,2
00000272.jpg,2
00000273.jpg,2
00000274.jpg,2
00000275.jpg,2
00000276.jpg,2
00000277.jpg,2
00000278.jpg,2
00000279.jpg,2
00000280.jpg,2
00000281.jpg,2
00000282.jpg,2
00000283.jpg,2
00000284.jpg,2
00000285.jpg,2
00000286.jpg,2
00000287.jpg,2
00000288.jpg,2
00000289.jpg,2
00000290.jpg,2
00000291.jpg,2
00000292.jpg,2
00000293.jpg,2
00000294.jpg,2
00000295.jpg,2
00000296.jpg,2
00000297.jpg,2
00000298.jpg,2
00000299.jpg,2
00000300.jpg,2
00000301.jpg,2
00000302.jpg,2
00000303.jpg,2
00000304.jpg,2
00000305.jpg,2
00000306.jpg,2
00000307.jpg,2
00000308.jpg,2
00000309.jpg,2
00000310.jpg,2
00000311.jpg,2
00000312.jpg,2
00000313.jpg,2
00000314.jpg,2
00000315.jpg,2
00000316.jpg,2
00000317.jpg,2
00000318.jpg,2
00000319.jpg,2
00000320.jpg,2
00000321.jpg,2
00000322.jpg,2
00000323.jpg,2
00000324.jpg,2
00000325.jpg,2
00000326.jpg,2
00000327.jpg,2
00000328.jpg,2
00000329.jpg,2
00000330.jpg,2
00000331.jpg,2
00000332.jpg,2
00000333.jpg,2
00000334.jpg,2
00000335.jpg,2
00000336.jpg,2
00000337.jpg,2
00000338.jpg,2
00000339.jpg,2
00000340.jpg,2
00000341.jpg,2
00000342.jpg,2
00000343.jpg,2
00000344.jpg,2
00000345.jpg,2
00000346.jpg,2
00000347.jpg,2
00000348.jpg,2
00000349.jpg,2
00000350.jpg,2
00000351.jpg,2
00000352.jpg,2
00000353.jpg,2
00000354.jpg,2
00000355.jpg,3
00000356.jpg,3
00000357.jpg,3
00000358.jpg,3
00000359.jpg,3
00000360.jpg,3
00000361.jpg,3
00000362.jpg,3
00000363.jpg,3
00000364.jpg,3
00000365.jpg,3
00000366.jpg,3
00000367.jpg,3
00000368.jpg,3
00000369.jpg,3
00000370.jpg,3
00000371.jpg,3
00000372.jpg,3
00000373.jpg,3
00000374.jpg,3
00000375.jpg,3
00000376.jpg,3
00000377.jpg,3
00000378.jpg,3
00000379.jpg,3
00000380.jpg,3
00000381.jpg,3
00000382.jpg,3
00000383.jpg,3
00000384.jpg,3
00000385.jpg,3
00000386.jpg,3
00000387.jpg,3
00000388.jpg,3
00000389.jpg,3
00000390.jpg,3
00000391.jpg,3
00000392.jpg,3
00000393.jpg,3
00000394.jpg,3
00000395.jpg,3
00000396.jpg,3
00000397.jpg,3
00000398.jpg,3
00000399.jpg,3
00000400.jpg,3
00000401.jpg,3
00000402.jpg,3
00000403.jpg,3
00000404.jpg,3
00000405.jpg,3
00000406.jpg,3
00000407.jpg,3
00000408.jpg,3
00000409.jpg,3
00000410.jpg,3
00000411.jpg,3
00000412.jpg,3
00000413.jpg,3
00000414.jpg,3
00000415.jpg,3
00000416.jpg,3
00000417.jpg,3
00000418.jpg,3
00000419.jpg,3
00000420.jpg,3
00000421.jpg,3
00000422.jpg,3
00000423.jpg,3
00000424.jpg,3
00000425.jpg,3
00000426.jpg,3
00000427.jpg,3
00000428.jpg,3
00000429.jpg,3
00000430.jpg,3
00000431.jpg,3
00000432.jpg,3
00000433.jpg,3
00000434.jpg,3
00000435.jpg,3
00000436.jpg,3
00000437.jpg,3
00000438.jpg,3
00000439.jpg,3
00000440.jpg,3
00000441.jpg,3
00000442.jpg,3
00000443.jpg,3
00000444.jpg,3
00000445.jpg,3
00000446.jpg,3
00000447.jpg,3
00000448.jpg,3
00000449.jpg,3
00000450.jpg,3
00000451.jpg,3
00000452.jpg,3
00000453.jpg,3
00000454.jpg,3
00000455.jpg,3
00000456.jpg,3
00000457.jpg,3
00000458.jpg,3
00000459.jpg,3
00000460.jpg,3
00000461.jpg,3
00000462.jpg,3
00000463.jpg,3
00000464.jpg,3
00000465.jpg,3
00000466.jpg,3
00000467.jpg,3
00000468.jpg,3
00000469.jpg,3
00000470.jpg,3
00000471.jpg,3
00000472.jpg,3
00000473.jpg,4
00000474.jpg,4
00000475.jpg,4
00000476.jpg,4
00000477.jpg,4
00000478.jpg,4
00000479.jpg,4
00000480.jpg,4
00000481.jpg,4
00000482.jpg,4
00000483.jpg,4
00000484.jpg,4
00000485.jpg,4
00000486.jpg,4
00000487.jpg,4
00000488.jpg,4
00000489.jpg,4
00000490.jpg,4
00000491.jpg,4
00000492.jpg,4
00000493.jpg,4
00000494.jpg,4
00000495.jpg,4
00000496.jpg,4
00000497.jpg,4
00000498.jpg,4
00000499.jpg,4
00000500.jpg,4
00000501.jpg,4
00000502.jpg,4
00000503.jpg,4
00000504.jpg,4
00000505.jpg,4
00000506.jpg,4
00000507.jpg,4
00000508.jpg,4
00000509.jpg,4
00000510.jpg,4
00000511.jpg,4
00000512.jpg,4
00000513.jpg,4
00000514.jpg,4
00000515.jpg,4
00000516.jpg,4
00000517.jpg,4
00000518.jpg,4
00000519.jpg,4
00000520.jpg,4
00000521.jpg,4
00000522.jpg,4
00000523.jpg,4
00000524.jpg,4
00000525.jpg,4
00000526.jpg,4
00000527.jpg,4
00000528.jpg,4
00000529.jpg,4
00000530.jpg,4
00000531.jpg,4
00000532.jpg,4
00000533.jpg,4
00000534.jpg,4
00000535.jpg,4
00000536.jpg,4
00000537.jpg,4
00000538.jpg,4
00000539.jpg,4
00000540.jpg,4
00000541.jpg,4
00000542.jpg,4
00000543.jpg,4
00000544.jpg,4
00000545.jpg,4
00000546.jpg,4
00000547.jpg,4
00000548.jpg,4
00000549.jpg,4
00000550.jpg,4
00000551.jpg,4
00000552.jpg,4
00000553.jpg,4
00000554.jpg,4
00000555.jpg,4
00000556.jpg,4
00000557.jpg,4
00000558.jpg,4
00000559.jpg,4
00000560.jpg,4
00000561.jpg,4
00000562.jpg,4
00000563.jpg,4
00000564.jpg,4
00000565.jpg,4
00000566.jpg,4
00000567.jpg,4
00000568.jpg,4
00000569.jpg,4
00000570.jpg,4
00000571.jpg,4
00000572.jpg,4
00000573.jpg,4
00000574.jpg,4
00000575.jpg,4
00000576.jpg,4
00000577.jpg,4
00000578.jpg,4
00000579.jpg,4
00000580.jpg,4
00000581.jpg,4
00000582.jpg,4
00000583.jpg,4
00000584.jpg,4
00000585.jpg,4
00000586.jpg,4
00000587.jpg,4
00000588.jpg,4
00000589.jpg,4
00000590.jpg,4
00000591.jpg,5
00000592.jpg,5
00000593.jpg,5
00000594.jpg,5
00000595.jpg,5
00000596.jpg,5
00000597.jpg,5
00000598.jpg,5
00000599.jpg,5
00000600.jpg,5
00000601.jpg,5
00000602.jpg,5
00000603.jpg,5
00000604.jpg,5
00000605.jpg,5
00000606.jpg,5
00000607.jpg,5
00000608.jpg,5
00000609.jpg,5
00000610.jpg,5
00000611.jpg,5
00000612.jpg,5
00000613.jpg,5
00000614.jpg,5
00000615.jpg,5
00000616.jpg,5
00000617.jpg,5
00000618.jpg,5
00000619.jpg,5
00000620.jpg,5
00000621.jpg,5
00000622.jpg,5
00000623.jpg,5
00000624.jpg,5
00000625.jpg,5
00000626.jpg,5
00000627.jpg,5
00000628.jpg,5
00000629.jpg,5
00000630.jpg,5
00000631.jpg,5
00000632.jpg,5
00000633.jpg,5
00000634.jpg,5
00000635.jpg,5
00000636.jpg,5
00000637.jpg,5
00000638.jpg,5
00000639.jpg,5
00000640.jpg,5
00000641.jpg,5
00000642.jpg,5
00000643.jpg,5
00000644.jpg,5
00000645.jpg,5
00000646.jpg,5
00000647.jpg,5
00000648.jpg,5
00000649.jpg,5
00000650.jpg,5
00000651.jpg,5
00000652.jpg,5
00000653.jpg,5
00000654.jpg,5
00000655.jpg,5
00000656.jpg,5
00000657.jpg,5
00000658.jpg,5
00000659.jpg,5
00000660.jpg,5
00000661.jpg,5
00000662.jpg,5
00000663.jpg,5
00000664.jpg,5
00000665.jpg,5
00000666.jpg,5
00000667.jpg,5
00000668.jpg,5
00000669.jpg,5
00000670.jpg,5
00000671.jpg,5
00000672.jpg,5
00000673.jpg,5
00000674.jpg,5
00000675.jpg,5
00000676.jpg,5
00000677.jpg,5
00000678.jpg,5
00000679.jpg,5
00000680.jpg,5
00000681.jpg,5
00000682.jpg,5
00000683.jpg,5
00000684.jpg,5
00000685.jpg,5
00000686.jpg,5
00000687.jpg,5
00000688.jpg,5
00000689.jpg,5
00000690.jpg,5
00000691.jpg,5
00000692.jpg,5
00000693.jpg,5
00000694.jpg,5
00000695.jpg,5
00000696.jpg,5
00000697.jpg,5
00000698.jpg,5
00000699.jpg,5
00000700.jpg,5
00000701.jpg,5
00000702.jpg,5
00000703.jpg,5
00000704.jpg,5
00000705.jpg,5
00000706.jpg,5
00000707.jpg,5
00000708.jpg,5
00000709.jpg,6
00000710.jpg,6
00000711.jpg,6
00000712.jpg,6
00000713.jpg,6
00000714.jpg,6
00000715.jpg,6
00000716.jpg,6
00000717.jpg,6
00000718.jpg,6
00000719.jpg,6
00000720.jpg,6
00000721.jpg,6
00000722.jpg,6
00000723.jpg,6
00000724.jpg,6
00000725.jpg,6
00000726.jpg,6
00000727.jpg,6
00000728.jpg,6
00000729.jpg,6
00000730.jpg,6
00000731.jpg,6
00000732.jpg,6
00000733.jpg,6
00000734.jpg,6
00000735.jpg,6
00000736.jpg,6
00000737.jpg,6
00000738.jpg,6
00000739.jpg,6
00000740.jpg,6
00000741.jpg,6
00000742.jpg,6
00000743.jpg,6
00000744.jpg,6
00000745.jpg,6
00000746.jpg,6
00000747.jpg,6
00000748.jpg,6
00000749.jpg,6
00000750.jpg,6
00000751.jpg,6
00000752.jpg,6
00000753.jpg,6
00000754.jpg,6
00000755.jpg,6
00000756.jpg,6
00000757.jpg,6
00000758.jpg,6
00000759.jpg,6
00000760.jpg,6
00000761.jpg,6
00000762.jpg,6
00000763.jpg,6
00000764.jpg,6
00000765.jpg,6
00000766.jpg,6
00000767.jpg,6
00000768.jpg,6
00000769.jpg,6
00000770.jpg,6
00000771.jpg,6
00000772.jpg,6
00000773.jpg,6
00000774.jpg,6
00000775.jpg,6
00000776.jpg,6
00000777.jpg,6
00000778.jpg,6
00000779.jpg,6
00000780.jpg,6
00000781.jpg,6
00000782.jpg,6
00000783.jpg,6
00000784.jpg,6
00000785.jpg,6
00000786.jpg,6
00000787.jpg,6
00000788.jpg,6
00000789.jpg,6
00000790.jpg,6
00000791.jpg,6
00000792.jpg,6
00000793.jpg,6
00000794.jpg,6
00000795.jpg,6
00000796.jpg,6
00000797.jpg,6
00000798.jpg,6
00000799.jpg,6
00000800.jpg,6
00000801.jpg,6
00000802.jpg,6
00000803.jpg,6
00000804.jpg,6
00000805.jpg,6
00000806.jpg,6
00000807.jpg,6
00000808.jpg,6
00000809.jpg,6
00000810.jpg,6
00000811.jpg,6
00000812.jpg,6
00000813.jpg,6
00000814.jpg,6
00000815.jpg,6
00000816.jpg,6
00000817.jpg,6
00000818.jpg,6
00000819.jpg,6
00000820.jpg,6
00000821.jpg,6
00000822.jpg,6
00000823.jpg,6
00000824.jpg,6
00000825.jpg,6
00000826.jpg,6
00000827.jpg,7
00000828.jpg,7
00000829.jpg,7
00000830.jpg,7
00000831.jpg,7
00000832.jpg,7
00000833.jpg,7
00000834.jpg,7
00000835.jpg,7
00000836.jpg,7
00000837.jpg,7
00000838.jpg,7
00000839.jpg,7
00000840.jpg,7
00000841.jpg,7
00000842.jpg,7
00000843.jpg,7
00000844.jpg,7
00000845.jpg,7
00000846.jpg,7
00000847.jpg,7
00000848.jpg,7
00000849.jpg,7
00000850.jpg,7
00000851.jpg,7
00000852.jpg,7
00000853.jpg,7
00000854.jpg,7
00000855.jpg,7
00000856.jpg,7
00000857.jpg,7
00000858.jpg,7
00000859.jpg,7
00000860.jpg,7
00000861.jpg,7
00000862.jpg,7
00000863.jpg,7
00000864.jpg,7
00000865.jpg,7
00000866.jpg,7
00000867.jpg,7
00000868.jpg,7
00000869.jpg,7
00000870.jpg,7
00000871.jpg,7
00000872.jpg,7
00000873.jpg,7
00000874.jpg,7
00000875.jpg,7
00000876.jpg,7
00000877.jpg,7
00000878.jpg,7
00000879.jpg,7
00000880.jpg,7
00000881.jpg,7
00000882.jpg,7
00000883.jpg,7
00000884.jpg,7
00000885.jpg,7
00000886.jpg,7
00000887.jpg,7
00000888.jpg,7
00000889.jpg,7
00000890.jpg,7
00000891.jpg,7
00000892.jpg,7
00000893.jpg,7
00000894.jpg,7
00000895.jpg,7
00000896.jpg,7
00000897.jpg,7
00000898.jpg,7
00000899.jpg,7
00000900.jpg,7
00000901.jpg,7
00000902.jpg,7
00000903.jpg,7
00000904.jpg,7
00000905.jpg,7
00000906.jpg,7
00000907.jpg,7
00000908.jpg,7
00000909.jpg,7
00000910.jpg,7
00000911.jpg,7
00000912.jpg,7
00000913.jpg,7
00000914.jpg,7
00000915.jpg,7
00000916.jpg,7
00000917.jpg,7
00000918.jpg,7
00000919.jpg,7
00000920.jpg,7
00000921.jpg,7
00000922.jpg,7
00000923.jpg,7
00000924.jpg,7
00000925.jpg,7
00000926.jpg,7
00000927.jpg,7
00000928.jpg,7
00000929.jpg,7
00000930.jpg,7
00000931.jpg,7
00000932.jpg,7
00000933.jpg,7
00000934.jpg,7
00000935.jpg,7
00000936.jpg,7
00000937.jpg,7
00000938.jpg,7
00000939.jpg,7
00000940.jpg,7
00000941.jpg,7
00000942.jpg,7
00000943.jpg,7
00000944.jpg,7
00000945.jpg,8
00000946.jpg,8
00000947.jpg,8
00000948.jpg,8
00000949.jpg,8
00000950.jpg,8
00000951.jpg,8
00000952.jpg,8
00000953.jpg,8
00000954.jpg,8
00000955.jpg,8
00000956.jpg,8
00000957.jpg,8
00000958.jpg,8
00000959.jpg,8
00000960.jpg,8
00000961.jpg,8
00000962.jpg,8
00000963.jpg,8
00000964.jpg,8
00000965.jpg,8
00000966.jpg,8
00000967.jpg,8
00000968.jpg,8
00000969.jpg,8
00000970.jpg,8
00000971.jpg,8
00000972.jpg,8
00000973.jpg,8
00000974.jpg,8
00000975.jpg,8
00000976.jpg,8
00000977.jpg,8
00000978.jpg,8
00000979.jpg,8
00000980.jpg,8
00000981.jpg,8
00000982.jpg,8
00000983.jpg,8
00000984.jpg,8
00000985.jpg,8
00000986.jpg,8
00000987.jpg,8
00000988.jpg,8
00000989.jpg,8
00000990.jpg,8
00000991.jpg,8
00000992.jpg,8
00000993.jpg,8
00000994.jpg,8
00000995.jpg,8
00000996.jpg,8
00000997.jpg,8
00000998.jpg,8
00000999.jpg,8
00001000.jpg,8
00001001.jpg,8
00001002.jpg,8
00001003.jpg,8
00001004.jpg,8
00001005.jpg,8
00001006.jpg,8
00001007.jpg,8
00001008.jpg,8
00001009.jpg,8
00001010.jpg,8
00001011.jpg,8
00001012.jpg,8
00001013.jpg,8
00001014.jpg,8
00001015.jpg,8
00001016.jpg,8
00001017.jpg,8
00001018.jpg,8
00001019.jpg,8
00001020.jpg,8
00001021.jpg,8
00001022.jpg,8
00001023.jpg,8
00001024.jpg,8
00001025.jpg,8
00001026.jpg,8
00001027.jpg,8
00001028.jpg,8
00001029.jpg,8
00001030.jpg,8
00001031.jpg,8
00001032.jpg,8
00001033.jpg,8
00001034.jpg,8
00001035.jpg,8
00001036.jpg,8
00001037.jpg,8
00001038.jpg,8
00001039.jpg,8
00001040.jpg,8
00001041.jpg,8
00001042.jpg,8
00001043.jpg,8
00001044.jpg,8
00001045.jpg,8
00001046.jpg,8
00001047.jpg,8
00001048.jpg,8
00001049.jpg,8
00001050.jpg,8
00001051.jpg,8
00001052.jpg,8
00001053.jpg,8
00001054.jpg,8
00001055.jpg,8
00001056.jpg,8
00001057.jpg,8
00001058.jpg,8
00001059.jpg,8
00001060.jpg,8
00001061.jpg,8
00001062.jpg,8
00001063.jpg,9
00001064.jpg,9
00001065.jpg,9
00001066.jpg,9
00001067.jpg,9
00001068.jpg,9
00001069.jpg,9
00001070.jpg,9
00001071.jpg,9
00001072.jpg,9
00001073.jpg,9
00001074.jpg,9
00001075.jpg,9
00001076.jpg,9
00001077.jpg,9
00001078.jpg,9
00001079.jpg,9
00001080.jpg,9
00001081.jpg,9
00001082.jpg,9
00001083.jpg,9
00001084.jpg,9
00001085.jpg,9
00001086.jpg,9
00001087.jpg,9
00001088.jpg,9
00001089.jpg,9
00001090.jpg,9
00001091.jpg,9
00001092.jpg,9
00001093.jpg,9
00001094.jpg,9
00001095.jpg,9
00001096.jpg,9
00001097.jpg,9
00001098.jpg,9
00001099.jpg,9
00001100.jpg,9
00001101.jpg,9
00001102.jpg,9
00001103.jpg,9
00001104.jpg,9
00001105.jpg,9
00001106.jpg,9
00001107.jpg,9
00001108.jpg,9
00001109.jpg,9
00001110.jpg,9
00001111.jpg,9
00001112.jpg,9
00001113.jpg,9
00001114.jpg,9
00001115.jpg,9
00001116.jpg,9
00001117.jpg,9
00001118.jpg,9
00001119.jpg,9
00001120.jpg,9
00001121.jpg,9
00001122.jpg,9
00001123.jpg,9
00001124.jpg,9
00001125.jpg,9
00001126.jpg,9
00001127.jpg,9
00001128.jpg,9
00001129.jpg,9
00001130.jpg,9
00001131.jpg,9
00001132.jpg,9
00001133.jpg,9
00001134.jpg,9
00001135.jpg,9
00001136.jpg,9
00001137.jpg,9
00001138.jpg,9
00001139.jpg,9
00001140.jpg,9
00001141.jpg,9
00001142.jpg,9
00001143.jpg,9
00001144.jpg,9
00001145.jpg,9
00001146.jpg,9
00001147.jpg,9
00001148.jpg,9
00001149.jpg,9
00001150.jpg,9
00001151.jpg,9
00001152.jpg,9
00001153.jpg,9
00001154.jpg,9
00001155.jpg,9
00001156.jpg,9
00001157.jpg,9
00001158.jpg,9
00001159.jpg,9
00001160.jpg,9
00001161.jpg,9
00001162.jpg,9
00001163.jpg,9
00001164.jpg,9
00001165.jpg,9
00001166.jpg,9
00001167.jpg,9
00001168.jpg,9
00001169.jpg,9
00001170.jpg,9
00001171.jpg,9
00001172.jpg,9
00001173.jpg,9
00001174.jpg,9
00001175.jpg,9
00001176.jpg,9
00001177.jpg,9
00001178.jpg,9
00001179.jpg,9
00001180.jpg,9
00001181.jpg,10
00001182.jpg,10
00001183.jpg,10
00001184.jpg,10
00001185.jpg,10
00001186.jpg,10
00001187.jpg,10
00001188.jpg,10
00001189.jpg,10
00001190.jpg,10
00001191.jpg,10
00001192.jpg,10
00001193.jpg,10
00001194.jpg,10
00001195.jpg,10
00001196.jpg,10
00001197.jpg,10
00001198.jpg,10
00001199.jpg,10
00001200.jpg,10
00001201.jpg,10
00001202.jpg,10
00001203.jpg,10
00001204.jpg,10
00001205.jpg,10
00001206.jpg,10
00001207.jpg,10
00001208.jpg,10
00001209.jpg,10
00001210.jpg,10
00001211.jpg,10
00001212.jpg,10
00001213.jpg,10
00001214.jpg,10
00001215.jpg,10
00001216.jpg,10
00001217.jpg,10
00001218.jpg,10
00001219.jpg,10
00001220.jpg,10
00001221.jpg,10
00001222.jpg,10
00001223.jpg,10
00001224.jpg,10
00001225.jpg,10
00001226.jpg,10
00001227.jpg,10
00001228.jpg,10
00001229.jpg,10
00001230.jpg,10
00001231.jpg,10
00001232.jpg,10
00001233.jpg,10
00001234.jpg,10
00001235.jpg,10
00001236.jpg,10
00001237.jpg,10
00001238.jpg,10
00001239.jpg,10
00001240.jpg,10
00001241.jpg,10
00001242.jpg,10
00001243.jpg,10
00001244.jpg,10
00001245.jpg,10
00001246.jpg,10
00001247.jpg,10
00001248.jpg,10
00001249.jpg,10
00001250.jpg,10
00001251.jpg,10
00001252.jpg,10
00001253.jpg,10
00001254.jpg,10
00001255.jpg,10
00001256.jpg,10
00001257.jpg,10
00001258.jpg,10
00001259.jpg,10
00001260.jpg,10
00001261.jpg,10
00001262.jpg,10
00001263.jpg,10
00001264.jpg,10
00001265.jpg,10
00001266.jpg,10
00001267.jpg,10
00001268.jpg,10
00001269.jpg,10
00001270.jpg,10
00001271.jpg,10
00001272.jpg,10
00001273.jpg,10
00001274.jpg,10
00001275.jpg,10
00001276.jpg,10
00001277.jpg,10
00001278.jpg,10
00001279.jpg,10
00001280.jpg,10
00001281.jpg,10
00001282.jpg,10
00001283.jpg,10
00001284.jpg,10
00001285.jpg,10
00001286.jpg,10
00001287.jpg,10
00001288.jpg,10
00001289.jpg,10
00001290.jpg,10
00001291.jpg,10
00001292.jpg,10
00001293.jpg,10
00001294.jpg,10
00001295.jpg,10
00001296.jpg,10
00001297.jpg,10
00001298.jpg,10
00001299.jpg,11
00001300.jpg,11
00001301.jpg,11
00001302.jpg,11
00001303.jpg,11
00001304.jpg,11
00001305.jpg,11
00001306.jpg,11
00001307.jpg,11
00001308.jpg,11
00001309.jpg,11
00001310.jpg,11
00001311.jpg,11
00001312.jpg,11
00001313.jpg,11
00001314.jpg,11
00001315.jpg,11
00001316.jpg,11
00001317.jpg,11
00001318.jpg,11
00001319.jpg,11
00001320.jpg,11
00001321.jpg,11
00001322.jpg,11
00001323.jpg,11
00001324.jpg,11
00001325.jpg,11
00001326.jpg,11
00001327.jpg,11
00001328.jpg,11
00001329.jpg,11
00001330.jpg,11
00001331.jpg,11
00001332.jpg,11
00001333.jpg,11
00001334.jpg,11
00001335.jpg,11
00001336.jpg,11
00001337.jpg,11
00001338.jpg,11
00001339.jpg,11
00001340.jpg,11
00001341.jpg,11
00001342.jpg,11
00001343.jpg,11
00001344.jpg,11
00001345.jpg,11
00001346.jpg,11
00001347.jpg,11
00001348.jpg,11
00001349.jpg,11
00001350.jpg,11
00001351.jpg,11
00001352.jpg,11
00001353.jpg,11
00001354.jpg,11
00001355.jpg,11
00001356.jpg,11
00001357.jpg,11
00001358.jpg,11
00001359.jpg,11
00001360.jpg,11
00001361.jpg,11
00001362.jpg,11
00001363.jpg,11
00001364.jpg,11
00001365.jpg,11
00001366.jpg,11
00001367.jpg,11
00001368.jpg,11
00001369.jpg,11
00001370.jpg,11
00001371.jpg,11
00001372.jpg,11
00001373.jpg,11
00001374.jpg,11
00001375.jpg,11
00001376.jpg,11
00001377.jpg,11
00001378.jpg,11
00001379.jpg,11
00001380.jpg,11
00001381.jpg,11
00001382.jpg,11
00001383.jpg,11
00001384.jpg,11
00001385.jpg,11
00001386.jpg,11
00001387.jpg,11
00001388.jpg,11
00001389.jpg,11
00001390.jpg,11
00001391.jpg,11
00001392.jpg,11
00001393.jpg,11
00001394.jpg,11
00001395.jpg,11
00001396.jpg,11
00001397.jpg,11
00001398.jpg,11
00001399.jpg,11
00001400.jpg,11
00001401.jpg,11
00001402.jpg,11
00001403.jpg,11
00001404.jpg,11
00001405.jpg,11
00001406.jpg,11
00001407.jpg,11
00001408.jpg,11
00001409.jpg,11
00001410.jpg,11
00001411.jpg,11
00001412.jpg,11
00001413.jpg,11
00001414.jpg,11
00001415.jpg,11
00001416.jpg,11
00001417.jpg,12
00001418.jpg,12
00001419.jpg,12
00001420.jpg,12
00001421.jpg,12
00001422.jpg,12
00001423.jpg,12
00001424.jpg,12
00001425.jpg,12
00001426.jpg,12
00001427.jpg,12
00001428.jpg,12
00001429.jpg,12
00001430.jpg,12
00001431.jpg,12
00001432.jpg,12
00001433.jpg,12
00001434.jpg,12
00001435.jpg,12
00001436.jpg,12
00001437.jpg,12
00001438.jpg,12
00001439.jpg,12
00001440.jpg,12
00001441.jpg,12
00001442.jpg,12
00001443.jpg,12
00001444.jpg,12
00001445.jpg,12
00001446.jpg,12
00001447.jpg,12
00001448.jpg,12
00001449.jpg,12
00001450.jpg,12
00001451.jpg,12
00001452.jpg,12
00001453.jpg,12
00001454.jpg,12
00001455.jpg,12
00001456.jpg,12
00001457.jpg,12
00001458.jpg,12
00001459.jpg,12
00001460.jpg,12
00001461.jpg,12
00001462.jpg,12
00001463.jpg,12
00001464.jpg,12
00001465.jpg,12
00001466.jpg,12
00001467.jpg,12
00001468.jpg,12
00001469.jpg,12
00001470.jpg,12
00001471.jpg,12
00001472.jpg,12
00001473.jpg,12
00001474.jpg,12
00001475.jpg,12
00001476.jpg,12
00001477.jpg,12
00001478.jpg,12
00001479.jpg,12
00001480.jpg,12
00001481.jpg,12
00001482.jpg,12
00001483.jpg,12
00001484.jpg,12
00001485.jpg,12
00001486.jpg,12
00001487.jpg,12
00001488.jpg,12
00001489.jpg,12
00001490.jpg,12
00001491.jpg,12
00001492.jpg,12
00001493.jpg,12
00001494.jpg,12
00001495.jpg,12
00001496.jpg,12
00001497.jpg,12
00001498.jpg,12
00001499.jpg,12
00001500.jpg,12
00001501.jpg,12
00001502.jpg,12
00001503.jpg,12
00001504.jpg,12
00001505.jpg,12
00001506.jpg,12
00001507.jpg,12
00001508.jpg,12
00001509.jpg,12
00001510.jpg,12
00001511.jpg,12
00001512.jpg,12
00001513.jpg,12
00001514.jpg,12
00001515.jpg,12
00001516.jpg,12
00001517.jpg,12
00001518.jpg,12
00001519.jpg,12
00001520.jpg,12
00001521.jpg,12
00001522.jpg,12
00001523.jpg,12
00001524.jpg,12
00001525.jpg,12
00001526.jpg,12
00001527.jpg,12
00001528.jpg,12
00001529.jpg,12
00001530.jpg,12
00001531.jpg,12
00001532.jpg,12
00001533.jpg,12
00001534.jpg,12
00001535.jpg,13
00001536.jpg,13
00001537.jpg,13
00001538.jpg,13
00001539.jpg,13
00001540.jpg,13
00001541.jpg,13
00001542.jpg,13
00001543.jpg,13
00001544.jpg,13
00001545.jpg,13
00001546.jpg,13
00001547.jpg,13
00001548.jpg,13
00001549.jpg,13
00001550.jpg,13
00001551.jpg,13
00001552.jpg,13
00001553.jpg,13
00001554.jpg,13
00001555.jpg,13
00001556.jpg,13
00001557.jpg,13
00001558.jpg,13
00001559.jpg,13
00001560.jpg,13
00001561.jpg,13
00001562.jpg,13
00001563.jpg,13
00001564.jpg,13
00001565.jpg,13
00001566.jpg,13
00001567.jpg,13
00001568.jpg,13
00001569.jpg,13
00001570.jpg,13
00001571.jpg,13
00001572.jpg,13
00001573.jpg,13
00001574.jpg,13
00001575.jpg,13
00001576.jpg,13
00001577.jpg,13
00001578.jpg,13
00001579.jpg,13
00001580.jpg,13
00001581.jpg,13
00001582.jpg,13
00001583.jpg,13
00001584.jpg,13
00001585.jpg,13
00001586.jpg,13
00001587.jpg,13
00001588.jpg,13
00001589.jpg,13
00001590.jpg,13
00001591.jpg,13
00001592.jpg,13
00001593.jpg,13
00001594.jpg,13
00001595.jpg,13
00001596.jpg,13
00001597.jpg,13
00001598.jpg,13
00001599.jpg,13
00001600.jpg,13
00001601.jpg,13
00001602.jpg,13
00001603.jpg,13
00001604.jpg,13
00001605.jpg,13
00001606.jpg,13
00001607.jpg,13
00001608.jpg,13
00001609.jpg,13
00001610.jpg,13
00001611.jpg,13
00001612.jpg,13
00001613.jpg,13
00001614.jpg,13
00001615.jpg,13
00001616.jpg,13
00001617.jpg,13
00001618.jpg,13
00001619.jpg,13
00001620.jpg,13
00001621.jpg,13
00001622.jpg,13
00001623.jpg,13
00001624.jpg,13
00001625.jpg,13
00001626.jpg,13
00001627.jpg,13
00001628.jpg,13
00001629.jpg,13
00001630.jpg,13
00001631.jpg,13
00001632.jpg,13
00001633.jpg,13
00001634.jpg,13
00001635.jpg,13
00001636.jpg,13
00001637.jpg,13
00001638.jpg,13
00001639.jpg,13
00001640.jpg,13
00001641.jpg,13
00001642.jpg,13
00001643.jpg,13
00001644.jpg,13
00001645.jpg,13
00001646.jpg,13
00001647.jpg,13
00001648.jpg,13
00001649.jpg,13
00001650.jpg,13
00001651.jpg,13
00001652.jpg,13
00001653.jpg,14
00001654.jpg,14
00001655.jpg,14
00001656.jpg,14
00001657.jpg,14
00001658.jpg,14
00001659.jpg,14
00001660.jpg,14
00001661.jpg,14
00001662.jpg,14
00001663.jpg,14
00001664.jpg,14
00001665.jpg,14
00001666.jpg,14
00001667.jpg,14
00001668.jpg,14
00001669.jpg,14
00001670.jpg,14
00001671.jpg,14
00001672.jpg,14
00001673.jpg,14
00001674.jpg,14
00001675.jpg,14
00001676.jpg,14
00001677.jpg,14
00001678.jpg,14
00001679.jpg,14
00001680.jpg,14
00001681.jpg,14
00001682.jpg,14
00001683.jpg,14
00001684.jpg,14
00001685.jpg,14
00001686.jpg,14
00001687.jpg,14
00001688.jpg,14
00001689.jpg,14
00001690.jpg,14
00001691.jpg,14
00001692.jpg,14
00001693.jpg,14
00001694.jpg,14
00001695.jpg,14
00001696.jpg,14
00001697.jpg,14
00001698.jpg,14
00001699.jpg,14
00001700.jpg,14
00001701.jpg,14
00001702.jpg,14
00001703.jpg,14
00001704.jpg,14
00001705.jpg,14
00001706.jpg,14
00001707.jpg,14
00001708.jpg,14
00001709.jpg,14
00001710.jpg,14
00001711.jpg,14
00001712.jpg,14
00001713.jpg,14
00001714.jpg,14
00001715.jpg,14
00001716.jpg,14
00001717.jpg,14
00001718.jpg,14
00001719.jpg,14
00001720.jpg,14
00001721.jpg,14
00001722.jpg,14
00001723.jpg,14
00001724.jpg,14
00001725.jpg,14
00001726.jpg,14
00001727.jpg,14
00001728.jpg,14
00001729.jpg,14
00001730.jpg,14
00001731.jpg,14
00001732.jpg,14
00001733.jpg,14
00001734.jpg,14
00001735.jpg,14
00001736.jpg,14
00001737.jpg,14
00001738.jpg,14
00001739.jpg,14
00001740.jpg,14
00001741.jpg,14
00001742.jpg,14
00001743.jpg,14
00001744.jpg,14
00001745.jpg,14
00001746.jpg,14
00001747.jpg,14
00001748.jpg,14
00001749.jpg,14
00001750.jpg,14
00001751.jpg,14
00001752.jpg,14
00001753.jpg,14
00001754.jpg,14
00001755.jpg,14
00001756.jpg,14
00001757.jpg,14
00001758.jpg,14
00001759.jpg,14
00001760.jpg,14
00001761.jpg,14
00001762.jpg,14
00001763.jpg,14
00001764.jpg,14
00001765.jpg,14
00001766.jpg,14
00001767.jpg,14
00001768.jpg,14
00001769.jpg,14
00001770.jpg,14
00001771.jpg,15
00001772.jpg,15
00001773.jpg,15
00001774.jpg,15
00001775.jpg,15
00001776.jpg,15
00001777.jpg,15
00001778.jpg,15
00001779.jpg,15
00001780.jpg,15
00001781.jpg,15
00001782.jpg,15
00001783.jpg,15
00001784.jpg,15
00001785.jpg,15
00001786.jpg,15
00001787.jpg,15
00001788.jpg,15
00001789.jpg,15
00001790.jpg,15
00001791.jpg,15
00001792.jpg,15
00001793.jpg,15
00001794.jpg,15
00001795.jpg,15
00001796.jpg,15
00001797.jpg,15
00001798.jpg,15
00001799.jpg,15
00001800.jpg,15
00001801.jpg,15
00001802.jpg,15
00001803.jpg,15
00001804.jpg,15
00001805.jpg,15
00001806.jpg,15
00001807.jpg,15
00001808.jpg,15
00001809.jpg,15
00001810.jpg,15
00001811.jpg,15
00001812.jpg,15
00001813.jpg,15
00001814.jpg,15
00001815.jpg,15
00001816.jpg,15
00001817.jpg,15
00001818.jpg,15
00001819.jpg,15
00001820.jpg,15
00001821.jpg,15
00001822.jpg,15
00001823.jpg,15
00001824.jpg,15
00001825.jpg,15
00001826.jpg,15
00001827.jpg,15
00001828.jpg,15
00001829.jpg,15
00001830.jpg,15
00001831.jpg,15
00001832.jpg,15
00001833.jpg,15
00001834.jpg,15
00001835.jpg,15
00001836.jpg,15
00001837.jpg,15
00001838.jpg,15
00001839.jpg,15
00001840.jpg,15
00001841.jpg,15
00001842.jpg,15
00001843.jpg,15
00001844.jpg,15
00001845.jpg,15
00001846.jpg,15
00001847.jpg,15
00001848.jpg,15
00001849.jpg,15
00001850.jpg,15
00001851.jpg,15
00001852.jpg,15
00001853.jpg,15
00001854.jpg,15
00001855.jpg,15
00001856.jpg,15
00001857.jpg,15
00001858.jpg,15
00001859.jpg,15
00001860.jpg,15
00001861.jpg,15
00001862.jpg,15
00001863.jpg,15
00001864.jpg,15
00001865.jpg,15
00001866.jpg,15
00001867.jpg,15
00001868.jpg,15
00001869.jpg,15
00001870.jpg,15
00001871.jpg,15
00001872.jpg,15
00001873.jpg,15
00001874.jpg,15
00001875.jpg,15
00001876.jpg,15
00001877.jpg,15
00001878.jpg,15
00001879.jpg,15
00001880.jpg,15
00001881.jpg,15
00001882.jpg,15
00001883.jpg,15
00001884.jpg,15
00001885.jpg,15
00001886.jpg,15
00001887.jpg,15
00001888.jpg,15
00001889.jpg,16
00001890.jpg,16
00001891.jpg,16
00001892.jpg,16
00001893.jpg,16
00001894.jpg,16
00001895.jpg,16
00001896.jpg,16
00001897.jpg,16
00001898.jpg,16
00001899.jpg,16
00001900.jpg,16
00001901.jpg,16
00001902.jpg,16
00001903.jpg,16
00001904.jpg,16
00001905.jpg,16
00001906.jpg,16
00001907.jpg,16
00001908.jpg,16
00001909.jpg,16
00001910.jpg,16
00001911.jpg,16
00001912.jpg,16
00001913.jpg,16
00001914.jpg,16
00001915.jpg,16
00001916.jpg,16
00001917.jpg,16
00001918.jpg,16
00001919.jpg,16
00001920.jpg,16
00001921.jpg,16
00001922.jpg,16
00001923.jpg,16
00001924.jpg,16
00001925.jpg,16
00001926.jpg,16
00001927.jpg,16
00001928.jpg,16
00001929.jpg,16
00001930.jpg,16
00001931.jpg,16
00001932.jpg,16
00001933.jpg,16
00001934.jpg,16
00001935.jpg,16
00001936.jpg,16
00001937.jpg,16
00001938.jpg,16
00001939.jpg,16
00001940.jpg,16
00001941.jpg,16
00001942.jpg,16
00001943.jpg,16
00001944.jpg,16
00001945.jpg,16
00001946.jpg,16
00001947.jpg,16
00001948.jpg,16
00001949.jpg,16
00001950.jpg,16
00001951.jpg,16
00001952.jpg,16
00001953.jpg,16
00001954.jpg,16
00001955.jpg,16
00001956.jpg,16
00001957.jpg,16
00001958.jpg,16
00001959.jpg,16
00001960.jpg,16
00001961.jpg,16
00001962.jpg,16
00001963.jpg,16
00001964.jpg,16
00001965.jpg,16
00001966.jpg,16
00001967.jpg,16
00001968.jpg,16
00001969.jpg,16
00001970.jpg,16
00001971.jpg,16
00001972.jpg,16
00001973.jpg,16
00001974.jpg,16
00001975.jpg,16
00001976.jpg,16
00001977.jpg,16
00001978.jpg,16
00001979.jpg,16
00001980.jpg,16
00001981.jpg,16
00001982.jpg,16
00001983.jpg,16
00001984.jpg,16
00001985.jpg,16
00001986.jpg,16
00001987.jpg,16
00001988.jpg,16
00001989.jpg,16
00001990.jpg,16
00001991.jpg,16
00001992.jpg,16
00001993.jpg,16
00001994.jpg,16
00001995.jpg,16
00001996.jpg,16
00001997.jpg,16
00001998.jpg,16
00001999.jpg,16
00002000.jpg,16
00002001.jpg,16
00002002.jpg,16
00002003.jpg,16
00002004.jpg,16
00002005.jpg,16
00002006.jpg,16
00002007.jpg,17
00002008.jpg,17
00002009.jpg,17
00002010.jpg,17
00002011.jpg,17
00002012.jpg,17
00002013.jpg,17
00002014.jpg,17
00002015.jpg,17
00002016.jpg,17
00002017.jpg,17
00002018.jpg,17
00002019.jpg,17
00002020.jpg,17
00002021.jpg,17
00002022.jpg,17
00002023.jpg,17
00002024.jpg,17
00002025.jpg,17
00002026.jpg,17
00002027.jpg,17
00002028.jpg,17
00002029.jpg,17
00002030.jpg,17
00002031.jpg,17
00002032.jpg,17
00002033.jpg,17
00002034.jpg,17
00002035.jpg,17
00002036.jpg,17
00002037.jpg,17
00002038.jpg,17
00002039.jpg,17
00002040.jpg,17
00002041.jpg,17
00002042.jpg,17
00002043.jpg,17
00002044.jpg,17
00002045.jpg,17
00002046.jpg,17
00002047.jpg,17
00002048.jpg,17
00002049.jpg,17
00002050.jpg,17
00002051.jpg,17
00002052.jpg,17
00002053.jpg,17
00002054.jpg,17
00002055.jpg,17
00002056.jpg,17
00002057.jpg,17
00002058.jpg,17
00002059.jpg,17
00002060.jpg,17
00002061.jpg,17
00002062.jpg,17
00002063.jpg,17
00002064.jpg,17
00002065.jpg,17
00002066.jpg,17
00002067.jpg,17
00002068.jpg,17
00002069.jpg,17
00002070.jpg,17
00002071.jpg,17
00002072.jpg,17
00002073.jpg,17
00002074.jpg,17
00002075.jpg,17
00002076.jpg,17
00002077.jpg,17
00002078.jpg,17
00002079.jpg,17
00002080.jpg,17
00002081.jpg,17
00002082.jpg,17
00002083.jpg,17
00002084.jpg,17
00002085.jpg,17
00002086.jpg,17
00002087.jpg,17
00002088.jpg,17
00002089.jpg,17
00002090.jpg,17
00002091.jpg,17
00002092.jpg,17
00002093.jpg,17
00002094.jpg,17
00002095.jpg,17
00002096.jpg,17
00002097.jpg,17
00002098.jpg,17
00002099.jpg,17
00002100.jpg,17
00002101.jpg,17
00002102.jpg,17
00002103.jpg,17
00002104.jpg,17
00002105.jpg,17
00002106.jpg,17
00002107.jpg,17
00002108.jpg,17
00002109.jpg,17
00002110.jpg,17
00002111.jpg,17
00002112.jpg,17
00002113.jpg,17
00002114.jpg,17
00002115.jpg,17
00002116.jpg,17
00002117.jpg,17
00002118.jpg,17
00002119.jpg,17
00002120.jpg,17
00002121.jpg,17
00002122.jpg,17
00002123.jpg,17
00002124.jpg,17
00002125.jpg,18
00002126.jpg,18
00002127.jpg,18
00002128.jpg,18
00002129.jpg,18
00002130.jpg,18
00002131.jpg,18
00002132.jpg,18
00002133.jpg,18
00002134.jpg,18
00002135.jpg,18
00002136.jpg,18
00002137.jpg,18
00002138.jpg,18
00002139.jpg,18
00002140.jpg,18
00002141.jpg,18
00002142.jpg,18
00002143.jpg,18
00002144.jpg,18
00002145.jpg,18
00002146.jpg,18
00002147.jpg,18
00002148.jpg,18
00002149.jpg,18
00002150.jpg,18
00002151.jpg,18
00002152.jpg,18
00002153.jpg,18
00002154.jpg,18
00002155.jpg,18
00002156.jpg,18
00002157.jpg,18
00002158.jpg,18
00002159.jpg,18
00002160.jpg,18
00002161.jpg,18
00002162.jpg,18
00002163.jpg,18
00002164.jpg,18
00002165.jpg,18
00002166.jpg,18
00002167.jpg,18
00002168.jpg,18
00002169.jpg,18
00002170.jpg,18
00002171.jpg,18
00002172.jpg,18
00002173.jpg,18
00002174.jpg,18
00002175.jpg,18
00002176.jpg,18
00002177.jpg,18
00002178.jpg,18
00002179.jpg,18
00002180.jpg,18
00002181.jpg,18
00002182.jpg,18
00002183.jpg,18
00002184.jpg,18
00002185.jpg,18
00002186.jpg,18
00002187.jpg,18
00002188.jpg,18
00002189.jpg,18
00002190.jpg,18
00002191.jpg,18
00002192.jpg,18
00002193.jpg,18
00002194.jpg,18
00002195.jpg,18
00002196.jpg,18
00002197.jpg,18
00002198.jpg,18
00002199.jpg,18
00002200.jpg,18
00002201.jpg,18
00002202.jpg,18
00002203.jpg,18
00002204.jpg,18
00002205.jpg,18
00002206.jpg,18
00002207.jpg,18
00002208.jpg,18
00002209.jpg,18
00002210.jpg,18
00002211.jpg,18
00002212.jpg,18
00002213.jpg,18
00002214.jpg,18
00002215.jpg,18
00002216.jpg,18
00002217.jpg,18
00002218.jpg,18
00002219.jpg,18
00002220.jpg,18
00002221.jpg,18
00002222.jpg,18
00002223.jpg,18
00002224.jpg,18
00002225.jpg,18
00002226.jpg,18
00002227.jpg,18
00002228.jpg,18
00002229.jpg,18
00002230.jpg,18
00002231.jpg,18
00002232.jpg,18
00002233.jpg,18
00002234.jpg,18
00002235.jpg,18
00002236.jpg,18
00002237.jpg,18
00002238.jpg,18
00002239.jpg,18
00002240.jpg,18
00002241.jpg,18
00002242.jpg,18
00002243.jpg,19
00002244.jpg,19
00002245.jpg,19
00002246.jpg,19
00002247.jpg,19
00002248.jpg,19
00002249.jpg,19
00002250.jpg,19
00002251.jpg,19
00002252.jpg,19
00002253.jpg,19
00002254.jpg,19
00002255.jpg,19
00002256.jpg,19
00002257.jpg,19
00002258.jpg,19
00002259.jpg,19
00002260.jpg,19
00002261.jpg,19
00002262.jpg,19
00002263.jpg,19
00002264.jpg,19
00002265.jpg,19
00002266.jpg,19
00002267.jpg,19
00002268.jpg,19
00002269.jpg,19
00002270.jpg,19
00002271.jpg,19
00002272.jpg,19
00002273.jpg,19
00002274.jpg,19
00002275.jpg,19
00002276.jpg,19
00002277.jpg,19
00002278.jpg,19
00002279.jpg,19
00002280.jpg,19
00002281.jpg,19
00002282.jpg,19
00002283.jpg,19
00002284.jpg,19
00002285.jpg,19
00002286.jpg,19
00002287.jpg,19
00002288.jpg,19
00002289.jpg,19
00002290.jpg,19
00002291.jpg,19
00002292.jpg,19
00002293.jpg,19
00002294.jpg,19
00002295.jpg,19
00002296.jpg,19
00002297.jpg,19
00002298.jpg,19
00002299.jpg,19
00002300.jpg,19
00002301.jpg,19
00002302.jpg,19
00002303.jpg,19
00002304.jpg,19
00002305.jpg,19
00002306.jpg,19
00002307.jpg,19
00002308.jpg,19
00002309.jpg,19
00002310.jpg,19
00002311.jpg,19
00002312.jpg,19
00002313.jpg,19
00002314.jpg,19
00002315.jpg,19
00002316.jpg,19
00002317.jpg,19
00002318.jpg,19
00002319.jpg,19
00002320.jpg,19
00002321.jpg,19
00002322.jpg,19
00002323.jpg,19
00002324.jpg,19
00002325.jpg,19
00002326.jpg,19
00002327.jpg,19
00002328.jpg,19
00002329.jpg,19
00002330.jpg,19
00002331.jpg,19
00002332.jpg,19
00002333.jpg,19
00002334.jpg,19
00002335.jpg,19
00002336.jpg,19
00002337.jpg,19
00002338.jpg,19
00002339.jpg,19
00002340.jpg,19
00002341.jpg,19
00002342.jpg,19
00002343.jpg,19
00002344.jpg,19
00002345.jpg,19
00002346.jpg,19
00002347.jpg,19
00002348.jpg,19
00002349.jpg,19
00002350.jpg,19
00002351.jpg,19
00002352.jpg,19
00002353.jpg,19
00002354.jpg,19
00002355.jpg,19
00002356.jpg,19
00002357.jpg,19
00002358.jpg,19
00002359.jpg,19
00002360.jpg,19
00002361.jpg,20
00002362.jpg,20
00002363.jpg,20
00002364.jpg,20
00002365.jpg,20
00002366.jpg,20
00002367.jpg,20
00002368.jpg,20
00002369.jpg,20
00002370.jpg,20
00002371.jpg,20
00002372.jpg,20
00002373.jpg,20
00002374.jpg,20
00002375.jpg,20
00002376.jpg,20
00002377.jpg,20
00002378.jpg,20
00002379.jpg,20
00002380.jpg,20
00002381.jpg,20
00002382.jpg,20
00002383.jpg,20
00002384.jpg,20
00002385.jpg,20
00002386.jpg,20
00002387.jpg,20
00002388.jpg,20
00002389.jpg,20
00002390.jpg,20
00002391.jpg,20
00002392.jpg,20
00002393.jpg,20
00002394.jpg,20
00002395.jpg,20
00002396.jpg,20
00002397.jpg,20
00002398.jpg,20
00002399.jpg,20
00002400.jpg,20
00002401.jpg,20
00002402.jpg,20
00002403.jpg,20
00002404.jpg,20
00002405.jpg,20
00002406.jpg,20
00002407.jpg,20
00002408.jpg,20
00002409.jpg,20
00002410.jpg,20
00002411.jpg,20
00002412.jpg,20
00002413.jpg,20
00002414.jpg,20
00002415.jpg,20
00002416.jpg,20
00002417.jpg,20
00002418.jpg,20
00002419.jpg,20
00002420.jpg,20
00002421.jpg,20
00002422.jpg,20
00002423.jpg,20
00002424.jpg,20
00002425.jpg,20
00002426.jpg,20
00002427.jpg,20
00002428.jpg,20
00002429.jpg,20
00002430.jpg,20
00002431.jpg,20
00002432.jpg,20
00002433.jpg,20
00002434.jpg,20
00002435.jpg,20
00002436.jpg,20
00002437.jpg,20
00002438.jpg,20
00002439.jpg,20
00002440.jpg,20
00002441.jpg,20
00002442.jpg,20
00002443.jpg,20
00002444.jpg,20
00002445.jpg,20
00002446.jpg,20
00002447.jpg,20
00002448.jpg,20
00002449.jpg,20
00002450.jpg,20
00002451.jpg,20
00002452.jpg,20
00002453.jpg,20
00002454.jpg,20
00002455.jpg,20
00002456.jpg,20
00002457.jpg,20
00002458.jpg,20
00002459.jpg,20
00002460.jpg,20
00002461.jpg,20
00002462.jpg,20
00002463.jpg,20
00002464.jpg,20
00002465.jpg,20
00002466.jpg,20
00002467.jpg,20
00002468.jpg,20
00002469.jpg,20
00002470.jpg,20
00002471.jpg,20
00002472.jpg,20
00002473.jpg,20
00002474.jpg,20
00002475.jpg,20
00002476.jpg,20
00002477.jpg,20
00002478.jpg,20
00002479.jpg,21
00002480.jpg,21
00002481.jpg,21
00002482.jpg,21
00002483.jpg,21
00002484.jpg,21
00002485.jpg,21
00002486.jpg,21
00002487.jpg,21
00002488.jpg,21
00002489.jpg,21
00002490.jpg,21
00002491.jpg,21
00002492.jpg,21
00002493.jpg,21
00002494.jpg,21
00002495.jpg,21
00002496.jpg,21
00002497.jpg,21
00002498.jpg,21
00002499.jpg,21
00002500.jpg,21
00002501.jpg,21
00002502.jpg,21
00002503.jpg,21
00002504.jpg,21
00002505.jpg,21
00002506.jpg,21
00002507.jpg,21
00002508.jpg,21
00002509.jpg,21
00002510.jpg,21
00002511.jpg,21
00002512.jpg,21
00002513.jpg,21
00002514.jpg,21
00002515.jpg,21
00002516.jpg,21
00002517.jpg,21
00002518.jpg,21
00002519.jpg,21
00002520.jpg,21
00002521.jpg,21
00002522.jpg,21
00002523.jpg,21
00002524.jpg,21
00002525.jpg,21
00002526.jpg,21
00002527.jpg,21
00002528.jpg,21
00002529.jpg,21
00002530.jpg,21
00002531.jpg,21
00002532.jpg,21
00002533.jpg,21
00002534.jpg,21
00002535.jpg,21
00002536.jpg,21
00002537.jpg,21
00002538.jpg,21
00002539.jpg,21
00002540.jpg,21
00002541.jpg,21
00002542.jpg,21
00002543.jpg,21
00002544.jpg,21
00002545.jpg,21
00002546.jpg,21
00002547.jpg,21
00002548.jpg,21
00002549.jpg,21
00002550.jpg,21
00002551.jpg,21
00002552.jpg,21
00002553.jpg,21
00002554.jpg,21
00002555.jpg,21
00002556.jpg,21
00002557.jpg,21
00002558.jpg,21
00002559.jpg,21
00002560.jpg,21
00002561.jpg,21
00002562.jpg,21
00002563.jpg,21
00002564.jpg,21
00002565.jpg,21
00002566.jpg,21
00002567.jpg,21
00002568.jpg,21
00002569.jpg,21
00002570.jpg,21
00002571.jpg,21
00002572.jpg,21
00002573.jpg,21
00002574.jpg,21
00002575.jpg,21
00002576.jpg,21
00002577.jpg,21
00002578.jpg,21
00002579.jpg,21
00002580.jpg,21
00002581.jpg,21
00002582.jpg,21
00002583.jpg,21
00002584.jpg,21
00002585.jpg,21
00002586.jpg,21
00002587.jpg,21
00002588.jpg,21
00002589.jpg,21
00002590.jpg,21
00002591.jpg,21
00002592.jpg,21
00002593.jpg,21
00002594.jpg,21
00002595.jpg,21
00002596.jpg,21
00002597.jpg,22
00002598.jpg,22
00002599.jpg,22
00002600.jpg,22
00002601.jpg,22
00002602.jpg,22
00002603.jpg,22
00002604.jpg,22
00002605.jpg,22
00002606.jpg,22
00002607.jpg,22
00002608.jpg,22
00002609.jpg,22
00002610.jpg,22
00002611.jpg,22
00002612.jpg,22
00002613.jpg,22
00002614.jpg,22
00002615.jpg,22
00002616.jpg,22
00002617.jpg,22
00002618.jpg,22
00002619.jpg,22
00002620.jpg,22
00002621.jpg,22
00002622.jpg,22
00002623.jpg,22
00002624.jpg,22
00002625.jpg,22
00002626.jpg,22
00002627.jpg,22
00002628.jpg,22
00002629.jpg,22
00002630.jpg,22
00002631.jpg,22
00002632.jpg,22
00002633.jpg,22
00002634.jpg,22
00002635.jpg,22
00002636.jpg,22
00002637.jpg,22
00002638.jpg,22
00002639.jpg,22
00002640.jpg,22
00002641.jpg,22
00002642.jpg,22
00002643.jpg,22
00002644.jpg,22
00002645.jpg,22
00002646.jpg,22
00002647.jpg,22
00002648.jpg,22
00002649.jpg,22
00002650.jpg,22
00002651.jpg,22
00002652.jpg,22
00002653.jpg,22
00002654.jpg,22
00002655.jpg,22
00002656.jpg,22
00002657.jpg,22
00002658.jpg,22
00002659.jpg,22
00002660.jpg,22
00002661.jpg,22
00002662.jpg,22
00002663.jpg,22
00002664.jpg,22
00002665.jpg,22
00002666.jpg,22
00002667.jpg,22
00002668.jpg,22
00002669.jpg,22
00002670.jpg,22
00002671.jpg,22
00002672.jpg,22
00002673.jpg,22
00002674.jpg,22
00002675.jpg,22
00002676.jpg,22
00002677.jpg,22
00002678.jpg,22
00002679.jpg,22
00002680.jpg,22
00002681.jpg,22
00002682.jpg,22
00002683.jpg,22
00002684.jpg,22
00002685.jpg,22
00002686.jpg,22
00002687.jpg,22
00002688.jpg,22
00002689.jpg,22
00002690.jpg,22
00002691.jpg,22
00002692.jpg,22
00002693.jpg,22
00002694.jpg,22
00002695.jpg,22
00002696.jpg,22
00002697.jpg,22
00002698.jpg,22
00002699.jpg,22
00002700.jpg,22
00002701.jpg,22
00002702.jpg,22
00002703.jpg,22
00002704.jpg,22
00002705.jpg,22
00002706.jpg,22
00002707.jpg,22
00002708.jpg,22
00002709.jpg,22
00002710.jpg,22
00002711.jpg,22
00002712.jpg,22
00002713.jpg,22
00002714.jpg,22
00002715.jpg,23
00002716.jpg,23
00002717.jpg,23
00002718.jpg,23
00002719.jpg,23
00002720.jpg,23
00002721.jpg,23
00002722.jpg,23
00002723.jpg,23
00002724.jpg,23
00002725.jpg,23
00002726.jpg,23
00002727.jpg,23
00002728.jpg,23
00002729.jpg,23
00002730.jpg,23
00002731.jpg,23
00002732.jpg,23
00002733.jpg,23
00002734.jpg,23
00002735.jpg,23
00002736.jpg,23
00002737.jpg,23
00002738.jpg,23
00002739.jpg,23
00002740.jpg,23
00002741.jpg,23
00002742.jpg,23
00002743.jpg,23
00002744.jpg,23
00002745.jpg,23
00002746.jpg,23
00002747.jpg,23
00002748.jpg,23
00002749.jpg,23
00002750.jpg,23
00002751.jpg,23
00002752.jpg,23
00002753.jpg,23
00002754.jpg,23
00002755.jpg,23
00002756.jpg,23
00002757.jpg,23
00002758.jpg,23
00002759.jpg,23
00002760.jpg,23
00002761.jpg,23
00002762.jpg,23
00002763.jpg,23
00002764.jpg,23
00002765.jpg,23
00002766.jpg,23
00002767.jpg,23
00002768.jpg,23
00002769.jpg,23
00002770.jpg,23
00002771.jpg,23
00002772.jpg,23
00002773.jpg,23
00002774.jpg,23
00002775.jpg,23
00002776.jpg,23
00002777.jpg,23
00002778.jpg,23
00002779.jpg,23
00002780.jpg,23
00002781.jpg,23
00002782.jpg,23
00002783.jpg,23
00002784.jpg,23
00002785.jpg,23
00002786.jpg,23
00002787.jpg,23
00002788.jpg,23
00002789.jpg,23
00002790.jpg,23
00002791.jpg,23
00002792.jpg,23
00002793.jpg,23
00002794.jpg,23
00002795.jpg,23
00002796.jpg,23
00002797.jpg,23
00002798.jpg,23
00002799.jpg,23
00002800.jpg,23
00002801.jpg,23
00002802.jpg,23
00002803.jpg,23
00002804.jpg,23
00002805.jpg,23
00002806.jpg,23
00002807.jpg,23
00002808.jpg,23
00002809.jpg,23
00002810.jpg,23
00002811.jpg,23
00002812.jpg,23
00002813.jpg,23
00002814.jpg,23
00002815.jpg,23
00002816.jpg,23
00002817.jpg,23
00002818.jpg,23
00002819.jpg,23
00002820.jpg,23
00002821.jpg,23
00002822.jpg,23
00002823.jpg,23
00002824.jpg,23
00002825.jpg,23
00002826.jpg,23
00002827.jpg,23
00002828.jpg,23
00002829.jpg,23
00002830.jpg,23
00002831.jpg,23
00002832.jpg,23
00002833.jpg,24
00002834.jpg,24
00002835.jpg,24
00002836.jpg,24
00002837.jpg,24
00002838.jpg,24
00002839.jpg,24
00002840.jpg,24
00002841.jpg,24
00002842.jpg,24
00002843.jpg,24
00002844.jpg,24
00002845.jpg,24
00002846.jpg,24
00002847.jpg,24
00002848.jpg,24
00002849.jpg,24
00002850.jpg,24
00002851.jpg,24
00002852.jpg,24
00002853.jpg,24
00002854.jpg,24
00002855.jpg,24
00002856.jpg,24
00002857.jpg,24
00002858.jpg,24
00002859.jpg,24
00002860.jpg,24
00002861.jpg,24
00002862.jpg,24
00002863.jpg,24
00002864.jpg,24
00002865.jpg,24
00002866.jpg,24
00002867.jpg,24
00002868.jpg,24
00002869.jpg,24
00002870.jpg,24
00002871.jpg,24
00002872.jpg,24
00002873.jpg,24
00002874.jpg,24
00002875.jpg,24
00002876.jpg,24
00002877.jpg,24
00002878.jpg,24
00002879.jpg,24
00002880.jpg,24
00002881.jpg,24
00002882.jpg,24
00002883.jpg,24
00002884.jpg,24
00002885.jpg,24
00002886.jpg,24
00002887.jpg,24
00002888.jpg,24
00002889.jpg,24
00002890.jpg,24
00002891.jpg,24
00002892.jpg,24
00002893.jpg,24
00002894.jpg,24
00002895.jpg,24
00002896.jpg,24
00002897.jpg,24
00002898.jpg,24
00002899.jpg,24
00002900.jpg,24
00002901.jpg,24
00002902.jpg,24
00002903.jpg,24
00002904.jpg,24
00002905.jpg,24
00002906.jpg,24
00002907.jpg,24
00002908.jpg,24
00002909.jpg,24
00002910.jpg,24
00002911.jpg,24
00002912.jpg,24
00002913.jpg,24
00002914.jpg,24
00002915.jpg,24
00002916.jpg,24
00002917.jpg,24
00002918.jpg,24
00002919.jpg,24
00002920.jpg,24
00002921.jpg,24
00002922.jpg,24
00002923.jpg,24
00002924.jpg,24
00002925.jpg,24
00002926.jpg,24
00002927.jpg,24
00002928.jpg,24
00002929.jpg,24
00002930.jpg,24
00002931.jpg,24
00002932.jpg,24
00002933.jpg,24
00002934.jpg,24
00002935.jpg,24
00002936.jpg,24
00002937.jpg,24
00002938.jpg,24
00002939.jpg,24
00002940.jpg,24
00002941.jpg,24
00002942.jpg,24
00002943.jpg,24
00002944.jpg,24
00002945.jpg,24
00002946.jpg,24
00002947.jpg,24
00002948.jpg,24
00002949.jpg,24
00002950.jpg,24
00002951.jpg,25
00002952.jpg,25
00002953.jpg,25
00002954.jpg,25
00002955.jpg,25
00002956.jpg,25
00002957.jpg,25
00002958.jpg,25
00002959.jpg,25
00002960.jpg,25
00002961.jpg,25
00002962.jpg,25
00002963.jpg,25
00002964.jpg,25
00002965.jpg,25
00002966.jpg,25
00002967.jpg,25
00002968.jpg,25
00002969.jpg,25
00002970.jpg,25
00002971.jpg,25
00002972.jpg,25
00002973.jpg,25
00002974.jpg,25
00002975.jpg,25
00002976.jpg,25
00002977.jpg,25
00002978.jpg,25
00002979.jpg,25
00002980.jpg,25
00002981.jpg,25
00002982.jpg,25
00002983.jpg,25
00002984.jpg,25
00002985.jpg,25
00002986.jpg,25
00002987.jpg,25
00002988.jpg,25
00002989.jpg,25
00002990.jpg,25
00002991.jpg,25
00002992.jpg,25
00002993.jpg,25
00002994.jpg,25
00002995.jpg,25
00002996.jpg,25
00002997.jpg,25
00002998.jpg,25
00002999.jpg,25
00003000.jpg,25
00003001.jpg,25
00003002.jpg,25
00003003.jpg,25
00003004.jpg,25
00003005.jpg,25
00003006.jpg,25
00003007.jpg,25
00003008.jpg,25
00003009.jpg,25
00003010.jpg,25
00003011.jpg,25
00003012.jpg,25
00003013.jpg,25
00003014.jpg,25
00003015.jpg,25
00003016.jpg,25
00003017.jpg,25
00003018.jpg,25
00003019.jpg,25
00003020.jpg,25
00003021.jpg,25
00003022.jpg,25
00003023.jpg,25
00003024.jpg,25
00003025.jpg,25
00003026.jpg,25
00003027.jpg,25
00003028.jpg,25
00003029.jpg,25
00003030.jpg,25
00003031.jpg,25
00003032.jpg,25
00003033.jpg,25
00003034.jpg,25
00003035.jpg,25
00003036.jpg,25
00003037.jpg,25
00003038.jpg,25
00003039.jpg,25
00003040.jpg,25
00003041.jpg,25
00003042.jpg,25
00003043.jpg,25
00003044.jpg,25
00003045.jpg,25
00003046.jpg,25
00003047.jpg,25
00003048.jpg,25
00003049.jpg,25
00003050.jpg,25
00003051.jpg,25
00003052.jpg,25
00003053.jpg,25
00003054.jpg,25
00003055.jpg,25
00003056.jpg,25
00003057.jpg,25
00003058.jpg,25
00003059.jpg,25
00003060.jpg,25
00003061.jpg,25
00003062.jpg,25
00003063.jpg,25
00003064.jpg,25
00003065.jpg,25
00003066.jpg,25
00003067.jpg,25
00003068.jpg,25
00003069.jpg,26
00003070.jpg,26
00003071.jpg,26
00003072.jpg,26
00003073.jpg,26
00003074.jpg,26
00003075.jpg,26
00003076.jpg,26
00003077.jpg,26
00003078.jpg,26
00003079.jpg,26
00003080.jpg,26
00003081.jpg,26
00003082.jpg,26
00003083.jpg,26
00003084.jpg,26
00003085.jpg,26
00003086.jpg,26
00003087.jpg,26
00003088.jpg,26
00003089.jpg,26
00003090.jpg,26
00003091.jpg,26
00003092.jpg,26
00003093.jpg,26
00003094.jpg,26
00003095.jpg,26
00003096.jpg,26
00003097.jpg,26
00003098.jpg,26
00003099.jpg,26
00003100.jpg,26
00003101.jpg,26
00003102.jpg,26
00003103.jpg,26
00003104.jpg,26
00003105.jpg,26
00003106.jpg,26
00003107.jpg,26
00003108.jpg,26
00003109.jpg,26
00003110.jpg,26
00003111.jpg,26
00003112.jpg,26
00003113.jpg,26
00003114.jpg,26
00003115.jpg,26
00003116.jpg,26
00003117.jpg,26
00003118.jpg,26
00003119.jpg,26
00003120.jpg,26
00003121.jpg,26
00003122.jpg,26
00003123.jpg,26
00003124.jpg,26
00003125.jpg,26
00003126.jpg,26
00003127.jpg,26
00003128.jpg,26
00003129.jpg,26
00003130.jpg,26
00003131.jpg,26
00003132.jpg,26
00003133.jpg,26
00003134.jpg,26
00003135.jpg,26
00003136.jpg,26
00003137.jpg,26
00003138.jpg,26
00003139.jpg,26
00003140.jpg,26
00003141.jpg,26
00003142.jpg,26
00003143.jpg,26
00003144.jpg,26
00003145.jpg,26
00003146.jpg,26
00003147.jpg,26
00003148.jpg,26
00003149.jpg,26
00003150.jpg,26
00003151.jpg,26
00003152.jpg,26
00003153.jpg,26
00003154.jpg,26
00003155.jpg,26
00003156.jpg,26
00003157.jpg,26
00003158.jpg,26
00003159.jpg,26
00003160.jpg,26
00003161.jpg,26
00003162.jpg,26
00003163.jpg,26
00003164.jpg,26
00003165.jpg,26
00003166.jpg,26
00003167.jpg,26
00003168.jpg,26
00003169.jpg,26
00003170.jpg,26
00003171.jpg,26
00003172.jpg,26
00003173.jpg,26
00003174.jpg,26
00003175.jpg,26
00003176.jpg,26
00003177.jpg,26
00003178.jpg,26
00003179.jpg,26
00003180.jpg,26
00003181.jpg,26
00003182.jpg,26
00003183.jpg,26
00003184.jpg,26
00003185.jpg,26
00003186.jpg,26
00003187.jpg,27
00003188.jpg,27
00003189.jpg,27
00003190.jpg,27
00003191.jpg,27
00003192.jpg,27
00003193.jpg,27
00003194.jpg,27
00003195.jpg,27
00003196.jpg,27
00003197.jpg,27
00003198.jpg,27
00003199.jpg,27
00003200.jpg,27
00003201.jpg,27
00003202.jpg,27
00003203.jpg,27
00003204.jpg,27
00003205.jpg,27
00003206.jpg,27
00003207.jpg,27
00003208.jpg,27
00003209.jpg,27
00003210.jpg,27
00003211.jpg,27
00003212.jpg,27
00003213.jpg,27
00003214.jpg,27
00003215.jpg,27
00003216.jpg,27
00003217.jpg,27
00003218.jpg,27
00003219.jpg,27
00003220.jpg,27
00003221.jpg,27
00003222.jpg,27
00003223.jpg,27
00003224.jpg,27
00003225.jpg,27
00003226.jpg,27
00003227.jpg,27
00003228.jpg,27
00003229.jpg,27
00003230.jpg,27
00003231.jpg,27
00003232.jpg,27
00003233.jpg,27
00003234.jpg,27
00003235.jpg,27
00003236.jpg,27
00003237.jpg,27
00003238.jpg,27
00003239.jpg,27
00003240.jpg,27
00003241.jpg,27
00003242.jpg,27
00003243.jpg,27
00003244.jpg,27
00003245.jpg,27
00003246.jpg,27
00003247.jpg,27
00003248.jpg,27
00003249.jpg,27
00003250.jpg,27
00003251.jpg,27
00003252.jpg,27
00003253.jpg,27
00003254.jpg,27
00003255.jpg,27
00003256.jpg,27
00003257.jpg,27
00003258.jpg,27
00003259.jpg,27
00003260.jpg,27
00003261.jpg,27
00003262.jpg,27
00003263.jpg,27
00003264.jpg,27
00003265.jpg,27
00003266.jpg,27
00003267.jpg,27
00003268.jpg,27
00003269.jpg,27
00003270.jpg,27
00003271.jpg,27
00003272.jpg,27
00003273.jpg,27
00003274.jpg,27
00003275.jpg,27
00003276.jpg,27
00003277.jpg,27
00003278.jpg,27
00003279.jpg,27
00003280.jpg,27
00003281.jpg,27
00003282.jpg,27
00003283.jpg,27
00003284.jpg,27
00003285.jpg,27
00003286.jpg,27
00003287.jpg,27
00003288.jpg,27
00003289.jpg,27
00003290.jpg,27
00003291.jpg,27
00003292.jpg,27
00003293.jpg,27
00003294.jpg,27
00003295.jpg,27
00003296.jpg,27
00003297.jpg,27
00003298.jpg,27
00003299.jpg,27
00003300.jpg,27
00003301.jpg,27
00003302.jpg,27
00003303.jpg,27
00003304.jpg,27
00003305.jpg,28
00003306.jpg,28
00003307.jpg,28
00003308.jpg,28
00003309.jpg,28
00003310.jpg,28
00003311.jpg,28
00003312.jpg,28
00003313.jpg,28
00003314.jpg,28
00003315.jpg,28
00003316.jpg,28
00003317.jpg,28
00003318.jpg,28
00003319.jpg,28
00003320.jpg,28
00003321.jpg,28
00003322.jpg,28
00003323.jpg,28
00003324.jpg,28
00003325.jpg,28
00003326.jpg,28
00003327.jpg,28
00003328.jpg,28
00003329.jpg,28
00003330.jpg,28
00003331.jpg,28
00003332.jpg,28
00003333.jpg,28
00003334.jpg,28
00003335.jpg,28
00003336.jpg,28
00003337.jpg,28
00003338.jpg,28
00003339.jpg,28
00003340.jpg,28
00003341.jpg,28
00003342.jpg,28
00003343.jpg,28
00003344.jpg,28
00003345.jpg,28
00003346.jpg,28
00003347.jpg,28
00003348.jpg,28
00003349.jpg,28
00003350.jpg,28
00003351.jpg,28
00003352.jpg,28
00003353.jpg,28
00003354.jpg,28
00003355.jpg,28
00003356.jpg,28
00003357.jpg,28
00003358.jpg,28
00003359.jpg,28
00003360.jpg,28
00003361.jpg,28
00003362.jpg,28
00003363.jpg,28
00003364.jpg,28
00003365.jpg,28
00003366.jpg,28
00003367.jpg,28
00003368.jpg,28
00003369.jpg,28
00003370.jpg,28
00003371.jpg,28
00003372.jpg,28
00003373.jpg,28
00003374.jpg,28
00003375.jpg,28
00003376.jpg,28
00003377.jpg,28
00003378.jpg,28
00003379.jpg,28
00003380.jpg,28
00003381.jpg,28
00003382.jpg,28
00003383.jpg,28
00003384.jpg,28
00003385.jpg,28
00003386.jpg,28
00003387.jpg,28
00003388.jpg,28
00003389.jpg,28
00003390.jpg,28
00003391.jpg,28
00003392.jpg,28
00003393.jpg,28
00003394.jpg,28
00003395.jpg,28
00003396.jpg,28
00003397.jpg,28
00003398.jpg,28
00003399.jpg,28
00003400.jpg,28
00003401.jpg,28
00003402.jpg,28
00003403.jpg,28
00003404.jpg,28
00003405.jpg,28
00003406.jpg,28
00003407.jpg,28
00003408.jpg,28
00003409.jpg,28
00003410.jpg,28
00003411.jpg,28
00003412.jpg,28
00003413.jpg,28
00003414.jpg,28
00003415.jpg,28
00003416.jpg,28
00003417.jpg,28
00003418.jpg,28
00003419.jpg,28
00003420.jpg,28
00003421.jpg,28
00003422.jpg,28
00003423.jpg,29
00003424.jpg,29
00003425.jpg,29
00003426.jpg,29
00003427.jpg,29
00003428.jpg,29
00003429.jpg,29
00003430.jpg,29
00003431.jpg,29
00003432.jpg,29
00003433.jpg,29
00003434.jpg,29
00003435.jpg,29
00003436.jpg,29
00003437.jpg,29
00003438.jpg,29
00003439.jpg,29
00003440.jpg,29
00003441.jpg,29
00003442.jpg,29
00003443.jpg,29
00003444.jpg,29
00003445.jpg,29
00003446.jpg,29
00003447.jpg,29
00003448.jpg,29
00003449.jpg,29
00003450.jpg,29
00003451.jpg,29
00003452.jpg,29
00003453.jpg,29
00003454.jpg,29
00003455.jpg,29
00003456.jpg,29
00003457.jpg,29
00003458.jpg,29
00003459.jpg,29
00003460.jpg,29
00003461.jpg,29
00003462.jpg,29
00003463.jpg,29
00003464.jpg,29
00003465.jpg,29
00003466.jpg,29
00003467.jpg,29
00003468.jpg,29
00003469.jpg,29
00003470.jpg,29
00003471.jpg,29
00003472.jpg,29
00003473.jpg,29
00003474.jpg,29
00003475.jpg,29
00003476.jpg,29
00003477.jpg,29
00003478.jpg,29
00003479.jpg,29
00003480.jpg,29
00003481.jpg,29
00003482.jpg,29
00003483.jpg,29
00003484.jpg,29
00003485.jpg,29
00003486.jpg,29
00003487.jpg,29
00003488.jpg,29
00003489.jpg,29
00003490.jpg,29
00003491.jpg,29
00003492.jpg,29
00003493.jpg,29
00003494.jpg,29
00003495.jpg,29
00003496.jpg,29
00003497.jpg,29
00003498.jpg,29
00003499.jpg,29
00003500.jpg,29
00003501.jpg,29
00003502.jpg,29
00003503.jpg,29
00003504.jpg,29
00003505.jpg,29
00003506.jpg,29
00003507.jpg,29
00003508.jpg,29
00003509.jpg,29
00003510.jpg,29
00003511.jpg,29
00003512.jpg,29
00003513.jpg,29
00003514.jpg,29
00003515.jpg,29
00003516.jpg,29
00003517.jpg,29
00003518.jpg,29
00003519.jpg,29
00003520.jpg,29
00003521.jpg,29
00003522.jpg,29
00003523.jpg,29
00003524.jpg,29
00003525.jpg,29
00003526.jpg,29
00003527.jpg,29
00003528.jpg,29
00003529.jpg,29
00003530.jpg,29
00003531.jpg,29
00003532.jpg,29
00003533.jpg,29
00003534.jpg,29
00003535.jpg,29
00003536.jpg,29
00003537.jpg,29
00003538.jpg,29
00003539.jpg,29
00003540.jpg,29
00003541.jpg,30
00003542.jpg,30
00003543.jpg,30
00003544.jpg,30
00003545.jpg,30
00003546.jpg,30
00003547.jpg,30
00003548.jpg,30
00003549.jpg,30
00003550.jpg,30
00003551.jpg,30
00003552.jpg,30
00003553.jpg,30
00003554.jpg,30
00003555.jpg,30
00003556.jpg,30
00003557.jpg,30
00003558.jpg,30
00003559.jpg,30
00003560.jpg,30
00003561.jpg,30
00003562.jpg,30
00003563.jpg,30
00003564.jpg,30
00003565.jpg,30
00003566.jpg,30
00003567.jpg,30
00003568.jpg,30
00003569.jpg,30
00003570.jpg,30
00003571.jpg,30
00003572.jpg,30
00003573.jpg,30
00003574.jpg,30
00003575.jpg,30
00003576.jpg,30
00003577.jpg,30
00003578.jpg,30
00003579.jpg,30
00003580.jpg,30
00003581.jpg,30
00003582.jpg,30
00003583.jpg,30
00003584.jpg,30
00003585.jpg,30
00003586.jpg,30
00003587.jpg,30
00003588.jpg,30
00003589.jpg,30
00003590.jpg,30
00003591.jpg,30
00003592.jpg,30
00003593.jpg,30
00003594.jpg,30
00003595.jpg,30
00003596.jpg,30
00003597.jpg,30
00003598.jpg,30
00003599.jpg,30
00003600.jpg,30
00003601.jpg,30
00003602.jpg,30
00003603.jpg,30
00003604.jpg,30
00003605.jpg,30
00003606.jpg,30
00003607.jpg,30
00003608.jpg,30
00003609.jpg,30
00003610.jpg,30
00003611.jpg,30
00003612.jpg,30
00003613.jpg,30
00003614.jpg,30
00003615.jpg,30
00003616.jpg,30
00003617.jpg,30
00003618.jpg,30
00003619.jpg,30
00003620.jpg,30
00003621.jpg,30
00003622.jpg,30
00003623.jpg,30
00003624.jpg,30
00003625.jpg,30
00003626.jpg,30
00003627.jpg,30
00003628.jpg,30
00003629.jpg,30
00003630.jpg,30
00003631.jpg,30
00003632.jpg,30
00003633.jpg,30
00003634.jpg,30
00003635.jpg,30
00003636.jpg,30
00003637.jpg,30
00003638.jpg,30
00003639.jpg,30
00003640.jpg,30
00003641.jpg,30
00003642.jpg,30
00003643.jpg,30
00003644.jpg,30
00003645.jpg,30
00003646.jpg,30
00003647.jpg,30
00003648.jpg,30
00003649.jpg,30
00003650.jpg,30
00003651.jpg,30
00003652.jpg,30
00003653.jpg,30
00003654.jpg,30
00003655.jpg,30
00003656.jpg,30
00003657.jpg,30
00003658.jpg,30
00003659.jpg,31
00003660.jpg,31
00003661.jpg,31
00003662.jpg,31
00003663.jpg,31
00003664.jpg,31
00003665.jpg,31
00003666.jpg,31
00003667.jpg,31
00003668.jpg,31
00003669.jpg,31
00003670.jpg,31
00003671.jpg,31
00003672.jpg,31
00003673.jpg,31
00003674.jpg,31
00003675.jpg,31
00003676.jpg,31
00003677.jpg,31
00003678.jpg,31
00003679.jpg,31
00003680.jpg,31
00003681.jpg,31
00003682.jpg,31
00003683.jpg,31
00003684.jpg,31
00003685.jpg,31
00003686.jpg,31
00003687.jpg,31
00003688.jpg,31
00003689.jpg,31
00003690.jpg,31
00003691.jpg,31
00003692.jpg,31
00003693.jpg,31
00003694.jpg,31
00003695.jpg,31
00003696.jpg,31
00003697.jpg,31
00003698.jpg,31
00003699.jpg,31
00003700.jpg,31
00003701.jpg,31
00003702.jpg,31
00003703.jpg,31
00003704.jpg,31
00003705.jpg,31
00003706.jpg,31
00003707.jpg,31
00003708.jpg,31
00003709.jpg,31
00003710.jpg,31
00003711.jpg,31
00003712.jpg,31
00003713.jpg,31
00003714.jpg,31
00003715.jpg,31
00003716.jpg,31
00003717.jpg,31
00003718.jpg,31
00003719.jpg,31
00003720.jpg,31
00003721.jpg,31
00003722.jpg,31
00003723.jpg,31
00003724.jpg,31
00003725.jpg,31
00003726.jpg,31
00003727.jpg,31
00003728.jpg,31
00003729.jpg,31
00003730.jpg,31
00003731.jpg,31
00003732.jpg,31
00003733.jpg,31
00003734.jpg,31
00003735.jpg,31
00003736.jpg,31
00003737.jpg,31
00003738.jpg,31
00003739.jpg,31
00003740.jpg,31
00003741.jpg,31
00003742.jpg,31
00003743.jpg,31
00003744.jpg,31
00003745.jpg,31
00003746.jpg,31
00003747.jpg,31
00003748.jpg,31
00003749.jpg,31
00003750.jpg,31
00003751.jpg,31
00003752.jpg,31
00003753.jpg,31
00003754.jpg,31
00003755.jpg,31
00003756.jpg,31
00003757.jpg,31
00003758.jpg,31
00003759.jpg,31
00003760.jpg,31
00003761.jpg,31
00003762.jpg,31
00003763.jpg,31
00003764.jpg,31
00003765.jpg,31
00003766.jpg,31
00003767.jpg,31
00003768.jpg,31
00003769.jpg,31
00003770.jpg,31
00003771.jpg,31
00003772.jpg,31
00003773.jpg,31
00003774.jpg,31
00003775.jpg,31
00003776.jpg,31
00003777.jpg,32
00003778.jpg,32
00003779.jpg,32
00003780.jpg,32
00003781.jpg,32
00003782.jpg,32
00003783.jpg,32
00003784.jpg,32
00003785.jpg,32
00003786.jpg,32
00003787.jpg,32
00003788.jpg,32
00003789.jpg,32
00003790.jpg,32
00003791.jpg,32
00003792.jpg,32
00003793.jpg,32
00003794.jpg,32
00003795.jpg,32
00003796.jpg,32
00003797.jpg,32
00003798.jpg,32
00003799.jpg,32
00003800.jpg,32
00003801.jpg,32
00003802.jpg,32
00003803.jpg,32
00003804.jpg,32
00003805.jpg,32
00003806.jpg,32
00003807.jpg,32
00003808.jpg,32
00003809.jpg,32
00003810.jpg,32
00003811.jpg,32
00003812.jpg,32
00003813.jpg,32
00003814.jpg,32
00003815.jpg,32
00003816.jpg,32
00003817.jpg,32
00003818.jpg,32
00003819.jpg,32
00003820.jpg,32
00003821.jpg,32
00003822.jpg,32
00003823.jpg,32
00003824.jpg,32
00003825.jpg,32
00003826.jpg,32
00003827.jpg,32
00003828.jpg,32
00003829.jpg,32
00003830.jpg,32
00003831.jpg,32
00003832.jpg,32
00003833.jpg,32
00003834.jpg,32
00003835.jpg,32
00003836.jpg,32
00003837.jpg,32
00003838.jpg,32
00003839.jpg,32
00003840.jpg,32
00003841.jpg,32
00003842.jpg,32
00003843.jpg,32
00003844.jpg,32
00003845.jpg,32
00003846.jpg,32
00003847.jpg,32
00003848.jpg,32
00003849.jpg,32
00003850.jpg,32
00003851.jpg,32
00003852.jpg,32
00003853.jpg,32
00003854.jpg,32
00003855.jpg,32
00003856.jpg,32
00003857.jpg,32
00003858.jpg,32
00003859.jpg,32
00003860.jpg,32
00003861.jpg,32
00003862.jpg,32
00003863.jpg,32
00003864.jpg,32
00003865.jpg,32
00003866.jpg,32
00003867.jpg,32
00003868.jpg,32
00003869.jpg,32
00003870.jpg,32
00003871.jpg,32
00003872.jpg,32
00003873.jpg,32
00003874.jpg,32
00003875.jpg,32
00003876.jpg,32
00003877.jpg,32
00003878.jpg,32
00003879.jpg,32
00003880.jpg,32
00003881.jpg,32
00003882.jpg,32
00003883.jpg,32
00003884.jpg,32
00003885.jpg,32
00003886.jpg,32
00003887.jpg,32
00003888.jpg,32
00003889.jpg,32
00003890.jpg,32
00003891.jpg,32
00003892.jpg,32
00003893.jpg,32
00003894.jpg,32
00003895.jpg,33
00003896.jpg,33
00003897.jpg,33
00003898.jpg,33
00003899.jpg,33
00003900.jpg,33
00003901.jpg,33
00003902.jpg,33
00003903.jpg,33
00003904.jpg,33
00003905.jpg,33
00003906.jpg,33
00003907.jpg,33
00003908.jpg,33
00003909.jpg,33
00003910.jpg,33
00003911.jpg,33
00003912.jpg,33
00003913.jpg,33
00003914.jpg,33
00003915.jpg,33
00003916.jpg,33
00003917.jpg,33
00003918.jpg,33
00003919.jpg,33
00003920.jpg,33
00003921.jpg,33
00003922.jpg,33
00003923.jpg,33
00003924.jpg,33
00003925.jpg,33
00003926.jpg,33
00003927.jpg,33
00003928.jpg,33
00003929.jpg,33
00003930.jpg,33
00003931.jpg,33
00003932.jpg,33
00003933.jpg,33
00003934.jpg,33
00003935.jpg,33
00003936.jpg,33
00003937.jpg,33
00003938.jpg,33
00003939.jpg,33
00003940.jpg,33
00003941.jpg,33
00003942.jpg,33
00003943.jpg,33
00003944.jpg,33
00003945.jpg,33
00003946.jpg,33
00003947.jpg,33
00003948.jpg,33
00003949.jpg,33
00003950.jpg,33
00003951.jpg,33
00003952.jpg,33
00003953.jpg,33
00003954.jpg,33
00003955.jpg,33
00003956.jpg,33
00003957.jpg,33
00003958.jpg,33
00003959.jpg,33
00003960.jpg,33
00003961.jpg,33
00003962.jpg,33
00003963.jpg,33
00003964.jpg,33
00003965.jpg,33
00003966.jpg,33
00003967.jpg,33
00003968.jpg,33
00003969.jpg,33
00003970.jpg,33
00003971.jpg,33
00003972.jpg,33
00003973.jpg,33
00003974.jpg,33
00003975.jpg,33
00003976.jpg,33
00003977.jpg,33
00003978.jpg,33
00003979.jpg,33
00003980.jpg,33
00003981.jpg,33
00003982.jpg,33
00003983.jpg,33
00003984.jpg,33
00003985.jpg,33
00003986.jpg,33
00003987.jpg,33
00003988.jpg,33
00003989.jpg,33
00003990.jpg,33
00003991.jpg,33
00003992.jpg,33
00003993.jpg,33
00003994.jpg,33
00003995.jpg,33
00003996.jpg,33
00003997.jpg,33
00003998.jpg,33
00003999.jpg,33
00004000.jpg,33
00004001.jpg,33
00004002.jpg,33
00004003.jpg,33
00004004.jpg,33
00004005.jpg,33
00004006.jpg,33
00004007.jpg,33
00004008.jpg,33
00004009.jpg,33
00004010.jpg,33
00004011.jpg,33
00004012.jpg,33
00004013.jpg,34
00004014.jpg,34
00004015.jpg,34
00004016.jpg,34
00004017.jpg,34
00004018.jpg,34
00004019.jpg,34
00004020.jpg,34
00004021.jpg,34
00004022.jpg,34
00004023.jpg,34
00004024.jpg,34
00004025.jpg,34
00004026.jpg,34
00004027.jpg,34
00004028.jpg,34
00004029.jpg,34
00004030.jpg,34
00004031.jpg,34
00004032.jpg,34
00004033.jpg,34
00004034.jpg,34
00004035.jpg,34
00004036.jpg,34
00004037.jpg,34
00004038.jpg,34
00004039.jpg,34
00004040.jpg,34
00004041.jpg,34
00004042.jpg,34
00004043.jpg,34
00004044.jpg,34
00004045.jpg,34
00004046.jpg,34
00004047.jpg,34
00004048.jpg,34
00004049.jpg,34
00004050.jpg,34
00004051.jpg,34
00004052.jpg,34
00004053.jpg,34
00004054.jpg,34
00004055.jpg,34
00004056.jpg,34
00004057.jpg,34
00004058.jpg,34
00004059.jpg,34
00004060.jpg,34
00004061.jpg,34
00004062.jpg,34
00004063.jpg,34
00004064.jpg,34
00004065.jpg,34
00004066.jpg,34
00004067.jpg,34
00004068.jpg,34
00004069.jpg,34
00004070.jpg,34
00004071.jpg,34
00004072.jpg,34
00004073.jpg,34
00004074.jpg,34
00004075.jpg,34
00004076.jpg,34
00004077.jpg,34
00004078.jpg,34
00004079.jpg,34
00004080.jpg,34
00004081.jpg,34
00004082.jpg,34
00004083.jpg,34
00004084.jpg,34
00004085.jpg,34
00004086.jpg,34
00004087.jpg,34
00004088.jpg,34
00004089.jpg,34
00004090.jpg,34
00004091.jpg,34
00004092.jpg,34
00004093.jpg,34
00004094.jpg,34
00004095.jpg,34
00004096.jpg,34
00004097.jpg,34
00004098.jpg,34
00004099.jpg,34
00004100.jpg,34
00004101.jpg,34
00004102.jpg,34
00004103.jpg,34
00004104.jpg,34
00004105.jpg,34
00004106.jpg,34
00004107.jpg,34
00004108.jpg,34
00004109.jpg,34
00004110.jpg,34
00004111.jpg,34
00004112.jpg,34
00004113.jpg,34
00004114.jpg,34
00004115.jpg,34
00004116.jpg,34
00004117.jpg,34
00004118.jpg,34
00004119.jpg,34
00004120.jpg,34
00004121.jpg,34
00004122.jpg,34
00004123.jpg,34
00004124.jpg,34
00004125.jpg,34
00004126.jpg,34
00004127.jpg,34
00004128.jpg,34
00004129.jpg,34
00004130.jpg,34
00004131.jpg,35
00004132.jpg,35
00004133.jpg,35
00004134.jpg,35
00004135.jpg,35
00004136.jpg,35
00004137.jpg,35
00004138.jpg,35
00004139.jpg,35
00004140.jpg,35
00004141.jpg,35
00004142.jpg,35
00004143.jpg,35
00004144.jpg,35
00004145.jpg,35
00004146.jpg,35
00004147.jpg,35
00004148.jpg,35
00004149.jpg,35
00004150.jpg,35
00004151.jpg,35
00004152.jpg,35
00004153.jpg,35
00004154.jpg,35
00004155.jpg,35
00004156.jpg,35
00004157.jpg,35
00004158.jpg,35
00004159.jpg,35
00004160.jpg,35
00004161.jpg,35
00004162.jpg,35
00004163.jpg,35
00004164.jpg,35
00004165.jpg,35
00004166.jpg,35
00004167.jpg,35
00004168.jpg,35
00004169.jpg,35
00004170.jpg,35
00004171.jpg,35
00004172.jpg,35
00004173.jpg,35
00004174.jpg,35
00004175.jpg,35
00004176.jpg,35
00004177.jpg,35
00004178.jpg,35
00004179.jpg,35
00004180.jpg,35
00004181.jpg,35
00004182.jpg,35
00004183.jpg,35
00004184.jpg,35
00004185.jpg,35
00004186.jpg,35
00004187.jpg,35
00004188.jpg,35
00004189.jpg,35
00004190.jpg,35
00004191.jpg,35
00004192.jpg,35
00004193.jpg,35
00004194.jpg,35
00004195.jpg,35
00004196.jpg,35
00004197.jpg,35
00004198.jpg,35
00004199.jpg,35
00004200.jpg,35
00004201.jpg,35
00004202.jpg,35
00004203.jpg,35
00004204.jpg,35
00004205.jpg,35
00004206.jpg,35
00004207.jpg,35
00004208.jpg,35
00004209.jpg,35
00004210.jpg,35
00004211.jpg,35
00004212.jpg,35
00004213.jpg,35
00004214.jpg,35
00004215.jpg,35
00004216.jpg,35
00004217.jpg,35
00004218.jpg,35
00004219.jpg,35
00004220.jpg,35
00004221.jpg,35
00004222.jpg,35
00004223.jpg,35
00004224.jpg,35
00004225.jpg,35
00004226.jpg,35
00004227.jpg,35
00004228.jpg,35
00004229.jpg,35
00004230.jpg,35
00004231.jpg,35
00004232.jpg,35
00004233.jpg,35
00004234.jpg,35
00004235.jpg,35
00004236.jpg,35
00004237.jpg,35
00004238.jpg,35
00004239.jpg,35
00004240.jpg,35
00004241.jpg,35
00004242.jpg,35
00004243.jpg,35
00004244.jpg,35
00004245.jpg,35
00004246.jpg,35
00004247.jpg,35
00004248.jpg,35
00004249.jpg,36
00004250.jpg,36
00004251.jpg,36
00004252.jpg,36
00004253.jpg,36
00004254.jpg,36
00004255.jpg,36
00004256.jpg,36
00004257.jpg,36
00004258.jpg,36
00004259.jpg,36
00004260.jpg,36
00004261.jpg,36
00004262.jpg,36
00004263.jpg,36
00004264.jpg,36
00004265.jpg,36
00004266.jpg,36
00004267.jpg,36
00004268.jpg,36
00004269.jpg,36
00004270.jpg,36
00004271.jpg,36
00004272.jpg,36
00004273.jpg,36
00004274.jpg,36
00004275.jpg,36
00004276.jpg,36
00004277.jpg,36
00004278.jpg,36
00004279.jpg,36
00004280.jpg,36
00004281.jpg,36
00004282.jpg,36
00004283.jpg,36
00004284.jpg,36
00004285.jpg,36
00004286.jpg,36
00004287.jpg,36
00004288.jpg,36
00004289.jpg,36
00004290.jpg,36
00004291.jpg,36
00004292.jpg,36
00004293.jpg,36
00004294.jpg,36
00004295.jpg,36
00004296.jpg,36
00004297.jpg,36
00004298.jpg,36
00004299.jpg,36
00004300.jpg,36
00004301.jpg,36
00004302.jpg,36
00004303.jpg,36
00004304.jpg,36
00004305.jpg,36
00004306.jpg,36
00004307.jpg,36
00004308.jpg,36
00004309.jpg,36
00004310.jpg,36
00004311.jpg,36
00004312.jpg,36
00004313.jpg,36
00004314.jpg,36
00004315.jpg,36
00004316.jpg,36
00004317.jpg,36
00004318.jpg,36
00004319.jpg,36
00004320.jpg,36
00004321.jpg,36
00004322.jpg,36
00004323.jpg,36
00004324.jpg,36
00004325.jpg,36
00004326.jpg,36
00004327.jpg,36
00004328.jpg,36
00004329.jpg,36
00004330.jpg,36
00004331.jpg,36
00004332.jpg,36
00004333.jpg,36
00004334.jpg,36
00004335.jpg,36
00004336.jpg,36
00004337.jpg,36
00004338.jpg,36
00004339.jpg,36
00004340.jpg,36
00004341.jpg,36
00004342.jpg,36
00004343.jpg,36
00004344.jpg,36
00004345.jpg,36
00004346.jpg,36
00004347.jpg,36
00004348.jpg,36
00004349.jpg,36
00004350.jpg,36
00004351.jpg,36
00004352.jpg,36
00004353.jpg,36
00004354.jpg,36
00004355.jpg,36
00004356.jpg,36
00004357.jpg,36
00004358.jpg,36
00004359.jpg,36
00004360.jpg,36
00004361.jpg,36
00004362.jpg,36
00004363.jpg,36
00004364.jpg,36
00004365.jpg,36
00004366.jpg,36
00004367.jpg,37
00004368.jpg,37
00004369.jpg,37
00004370.jpg,37
00004371.jpg,37
00004372.jpg,37
00004373.jpg,37
00004374.jpg,37
00004375.jpg,37
00004376.jpg,37
00004377.jpg,37
00004378.jpg,37
00004379.jpg,37
00004380.jpg,37
00004381.jpg,37
00004382.jpg,37
00004383.jpg,37
00004384.jpg,37
00004385.jpg,37
00004386.jpg,37
00004387.jpg,37
00004388.jpg,37
00004389.jpg,37
00004390.jpg,37
00004391.jpg,37
00004392.jpg,37
00004393.jpg,37
00004394.jpg,37
00004395.jpg,37
00004396.jpg,37
00004397.jpg,37
00004398.jpg,37
00004399.jpg,37
00004400.jpg,37
00004401.jpg,37
00004402.jpg,37
00004403.jpg,37
00004404.jpg,37
00004405.jpg,37
00004406.jpg,37
00004407.jpg,37
00004408.jpg,37
00004409.jpg,37
00004410.jpg,37
00004411.jpg,37
00004412.jpg,37
00004413.jpg,37
00004414.jpg,37
00004415.jpg,37
00004416.jpg,37
00004417.jpg,37
00004418.jpg,37
00004419.jpg,37
00004420.jpg,37
00004421.jpg,37
00004422.jpg,37
00004423.jpg,37
00004424.jpg,37
00004425.jpg,37
00004426.jpg,37
00004427.jpg,37
00004428.jpg,37
00004429.jpg,37
00004430.jpg,37
00004431.jpg,37
00004432.jpg,37
00004433.jpg,37
00004434.jpg,37
00004435.jpg,37
00004436.jpg,37
00004437.jpg,37
00004438.jpg,37
00004439.jpg,37
00004440.jpg,37
00004441.jpg,37
00004442.jpg,37
00004443.jpg,37
00004444.jpg,37
00004445.jpg,37
00004446.jpg,37
00004447.jpg,37
00004448.jpg,37
00004449.jpg,37
00004450.jpg,37
00004451.jpg,37
00004452.jpg,37
00004453.jpg,37
00004454.jpg,37
00004455.jpg,37
00004456.jpg,37
00004457.jpg,37
00004458.jpg,37
00004459.jpg,37
00004460.jpg,37
00004461.jpg,37
00004462.jpg,37
00004463.jpg,37
00004464.jpg,37
00004465.jpg,37
00004466.jpg,37
00004467.jpg,37
00004468.jpg,37
00004469.jpg,37
00004470.jpg,37
00004471.jpg,37
00004472.jpg,37
00004473.jpg,37
00004474.jpg,37
00004475.jpg,37
00004476.jpg,37
00004477.jpg,37
00004478.jpg,37
00004479.jpg,37
00004480.jpg,37
00004481.jpg,37
00004482.jpg,37
00004483.jpg,37
00004484.jpg,37
00004485.jpg,38
00004486.jpg,38
00004487.jpg,38
00004488.jpg,38
00004489.jpg,38
00004490.jpg,38
00004491.jpg,38
00004492.jpg,38
00004493.jpg,38
00004494.jpg,38
00004495.jpg,38
00004496.jpg,38
00004497.jpg,38
00004498.jpg,38
00004499.jpg,38
00004500.jpg,38
00004501.jpg,38
00004502.jpg,38
00004503.jpg,38
00004504.jpg,38
00004505.jpg,38
00004506.jpg,38
00004507.jpg,38
00004508.jpg,38
00004509.jpg,38
00004510.jpg,38
00004511.jpg,38
00004512.jpg,38
00004513.jpg,38
00004514.jpg,38
00004515.jpg,38
00004516.jpg,38
00004517.jpg,38
00004518.jpg,38
00004519.jpg,38
00004520.jpg,38
00004521.jpg,38
00004522.jpg,38
00004523.jpg,38
00004524.jpg,38
00004525.jpg,38
00004526.jpg,38
00004527.jpg,38
00004528.jpg,38
00004529.jpg,38
00004530.jpg,38
00004531.jpg,38
00004532.jpg,38
00004533.jpg,38
00004534.jpg,38
00004535.jpg,38
00004536.jpg,38
00004537.jpg,38
00004538.jpg,38
00004539.jpg,38
00004540.jpg,38
00004541.jpg,38
00004542.jpg,38
00004543.jpg,38
00004544.jpg,38
00004545.jpg,38
00004546.jpg,38
00004547.jpg,38
00004548.jpg,38
00004549.jpg,38
00004550.jpg,38
00004551.jpg,38
00004552.jpg,38
00004553.jpg,38
00004554.jpg,38
00004555.jpg,38
00004556.jpg,38
00004557.jpg,38
00004558.jpg,38
00004559.jpg,38
00004560.jpg,38
00004561.jpg,38
00004562.jpg,38
00004563.jpg,38
00004564.jpg,38
00004565.jpg,38
00004566.jpg,38
00004567.jpg,38
00004568.jpg,38
00004569.jpg,38
00004570.jpg,38
00004571.jpg,38
00004572.jpg,38
00004573.jpg,38
00004574.jpg,38
00004575.jpg,38
00004576.jpg,38
00004577.jpg,38
00004578.jpg,38
00004579.jpg,38
00004580.jpg,38
00004581.jpg,38
00004582.jpg,38
00004583.jpg,38
00004584.jpg,38
00004585.jpg,38
00004586.jpg,38
00004587.jpg,38
00004588.jpg,38
00004589.jpg,38
00004590.jpg,38
00004591.jpg,38
00004592.jpg,38
00004593.jpg,38
00004594.jpg,38
00004595.jpg,38
00004596.jpg,38
00004597.jpg,38
00004598.jpg,38
00004599.jpg,38
00004600.jpg,38
00004601.jpg,38
00004602.jpg,38
00004603.jpg,39
00004604.jpg,39
00004605.jpg,39
00004606.jpg,39
00004607.jpg,39
00004608.jpg,39
00004609.jpg,39
00004610.jpg,39
00004611.jpg,39
00004612.jpg,39
00004613.jpg,39
00004614.jpg,39
00004615.jpg,39
00004616.jpg,39
00004617.jpg,39
00004618.jpg,39
00004619.jpg,39
00004620.jpg,39
00004621.jpg,39
00004622.jpg,39
00004623.jpg,39
00004624.jpg,39
00004625.jpg,39
00004626.jpg,39
00004627.jpg,39
00004628.jpg,39
00004629.jpg,39
00004630.jpg,39
00004631.jpg,39
00004632.jpg,39
00004633.jpg,39
00004634.jpg,39
00004635.jpg,39
00004636.jpg,39
00004637.jpg,39
00004638.jpg,39
00004639.jpg,39
00004640.jpg,39
00004641.jpg,39
00004642.jpg,39
00004643.jpg,39
00004644.jpg,39
00004645.jpg,39
00004646.jpg,39
00004647.jpg,39
00004648.jpg,39
00004649.jpg,39
00004650.jpg,39
00004651.jpg,39
00004652.jpg,39
00004653.jpg,39
00004654.jpg,39
00004655.jpg,39
00004656.jpg,39
00004657.jpg,39
00004658.jpg,39
00004659.jpg,39
00004660.jpg,39
00004661.jpg,39
00004662.jpg,39
00004663.jpg,39
00004664.jpg,39
00004665.jpg,39
00004666.jpg,39
00004667.jpg,39
00004668.jpg,39
00004669.jpg,39
00004670.jpg,39
00004671.jpg,39
00004672.jpg,39
00004673.jpg,39
00004674.jpg,39
00004675.jpg,39
00004676.jpg,39
00004677.jpg,39
00004678.jpg,39
00004679.jpg,39
00004680.jpg,39
00004681.jpg,39
00004682.jpg,39
00004683.jpg,39
00004684.jpg,39
00004685.jpg,39
00004686.jpg,39
00004687.jpg,39
00004688.jpg,39
00004689.jpg,39
00004690.jpg,39
00004691.jpg,39
00004692.jpg,39
00004693.jpg,39
00004694.jpg,39
00004695.jpg,39
00004696.jpg,39
00004697.jpg,39
00004698.jpg,39
00004699.jpg,39
00004700.jpg,39
00004701.jpg,39
00004702.jpg,39
00004703.jpg,39
00004704.jpg,39
00004705.jpg,39
00004706.jpg,39
00004707.jpg,39
00004708.jpg,39
00004709.jpg,39
00004710.jpg,39
00004711.jpg,39
00004712.jpg,39
00004713.jpg,39
00004714.jpg,39
00004715.jpg,39
00004716.jpg,39
00004717.jpg,39
00004718.jpg,39
00004719.jpg,39
00004720.jpg,39
00004721.jpg,40
00004722.jpg,40
00004723.jpg,40
00004724.jpg,40
00004725.jpg,40
00004726.jpg,40
00004727.jpg,40
00004728.jpg,40
00004729.jpg,40
00004730.jpg,40
00004731.jpg,40
00004732.jpg,40
00004733.jpg,40
00004734.jpg,40
00004735.jpg,40
00004736.jpg,40
00004737.jpg,40
00004738.jpg,40
00004739.jpg,40
00004740.jpg,40
00004741.jpg,40
00004742.jpg,40
00004743.jpg,40
00004744.jpg,40
00004745.jpg,40
00004746.jpg,40
00004747.jpg,40
00004748.jpg,40
00004749.jpg,40
00004750.jpg,40
00004751.jpg,40
00004752.jpg,40
00004753.jpg,40
00004754.jpg,40
00004755.jpg,40
00004756.jpg,40
00004757.jpg,40
00004758.jpg,40
00004759.jpg,40
00004760.jpg,40
00004761.jpg,40
00004762.jpg,40
00004763.jpg,40
00004764.jpg,40
00004765.jpg,40
00004766.jpg,40
00004767.jpg,40
00004768.jpg,40
00004769.jpg,40
00004770.jpg,40
00004771.jpg,40
00004772.jpg,40
00004773.jpg,40
00004774.jpg,40
00004775.jpg,40
00004776.jpg,40
00004777.jpg,40
00004778.jpg,40
00004779.jpg,40
00004780.jpg,40
00004781.jpg,40
00004782.jpg,40
00004783.jpg,40
00004784.jpg,40
00004785.jpg,40
00004786.jpg,40
00004787.jpg,40
00004788.jpg,40
00004789.jpg,40
00004790.jpg,40
00004791.jpg,40
00004792.jpg,40
00004793.jpg,40
00004794.jpg,40
00004795.jpg,40
00004796.jpg,40
00004797.jpg,40
00004798.jpg,40
00004799.jpg,40
00004800.jpg,40
00004801.jpg,40
00004802.jpg,40
00004803.jpg,40
00004804.jpg,40
00004805.jpg,40
00004806.jpg,40
00004807.jpg,40
00004808.jpg,40
00004809.jpg,40
00004810.jpg,40
00004811.jpg,40
00004812.jpg,40
00004813.jpg,40
00004814.jpg,40
00004815.jpg,40
00004816.jpg,40
00004817.jpg,40
00004818.jpg,40
00004819.jpg,40
00004820.jpg,40
00004821.jpg,40
00004822.jpg,40
00004823.jpg,40
00004824.jpg,40
00004825.jpg,40
00004826.jpg,40
00004827.jpg,40
00004828.jpg,40
00004829.jpg,40
00004830.jpg,40
00004831.jpg,40
00004832.jpg,40
00004833.jpg,40
00004834.jpg,40
00004835.jpg,40
00004836.jpg,40
00004837.jpg,40
00004838.jpg,40
00004839.jpg,41
00004840.jpg,41
00004841.jpg,41
00004842.jpg,41
00004843.jpg,41
00004844.jpg,41
00004845.jpg,41
00004846.jpg,41
00004847.jpg,41
00004848.jpg,41
00004849.jpg,41
00004850.jpg,41
00004851.jpg,41
00004852.jpg,41
00004853.jpg,41
00004854.jpg,41
00004855.jpg,41
00004856.jpg,41
00004857.jpg,41
00004858.jpg,41
00004859.jpg,41
00004860.jpg,41
00004861.jpg,41
00004862.jpg,41
00004863.jpg,41
00004864.jpg,41
00004865.jpg,41
00004866.jpg,41
00004867.jpg,41
00004868.jpg,41
00004869.jpg,41
00004870.jpg,41
00004871.jpg,41
00004872.jpg,41
00004873.jpg,41
00004874.jpg,41
00004875.jpg,41
00004876.jpg,41
00004877.jpg,41
00004878.jpg,41
00004879.jpg,41
00004880.jpg,41
00004881.jpg,41
00004882.jpg,41
00004883.jpg,41
00004884.jpg,41
00004885.jpg,41
00004886.jpg,41
00004887.jpg,41
00004888.jpg,41
00004889.jpg,41
00004890.jpg,41
00004891.jpg,41
00004892.jpg,41
00004893.jpg,41
00004894.jpg,41
00004895.jpg,41
00004896.jpg,41
00004897.jpg,41
00004898.jpg,41
00004899.jpg,41
00004900.jpg,41
00004901.jpg,41
00004902.jpg,41
00004903.jpg,41
00004904.jpg,41
00004905.jpg,41
00004906.jpg,41
00004907.jpg,41
00004908.jpg,41
00004909.jpg,41
00004910.jpg,41
00004911.jpg,41
00004912.jpg,41
00004913.jpg,41
00004914.jpg,41
00004915.jpg,41
00004916.jpg,41
00004917.jpg,41
00004918.jpg,41
00004919.jpg,41
00004920.jpg,41
00004921.jpg,41
00004922.jpg,41
00004923.jpg,41
00004924.jpg,41
00004925.jpg,41
00004926.jpg,41
00004927.jpg,41
00004928.jpg,41
00004929.jpg,41
00004930.jpg,41
00004931.jpg,41
00004932.jpg,41
00004933.jpg,41
00004934.jpg,41
00004935.jpg,41
00004936.jpg,41
00004937.jpg,41
00004938.jpg,41
00004939.jpg,41
00004940.jpg,41
00004941.jpg,41
00004942.jpg,41
00004943.jpg,41
00004944.jpg,41
00004945.jpg,41
00004946.jpg,41
00004947.jpg,41
00004948.jpg,41
00004949.jpg,41
00004950.jpg,41
00004951.jpg,41
00004952.jpg,41
00004953.jpg,41
00004954.jpg,41
00004955.jpg,41
00004956.jpg,41
00004957.jpg,42
00004958.jpg,42
00004959.jpg,42
00004960.jpg,42
00004961.jpg,42
00004962.jpg,42
00004963.jpg,42
00004964.jpg,42
00004965.jpg,42
00004966.jpg,42
00004967.jpg,42
00004968.jpg,42
00004969.jpg,42
00004970.jpg,42
00004971.jpg,42
00004972.jpg,42
00004973.jpg,42
00004974.jpg,42
00004975.jpg,42
00004976.jpg,42
00004977.jpg,42
00004978.jpg,42
00004979.jpg,42
00004980.jpg,42
00004981.jpg,42
00004982.jpg,42
00004983.jpg,42
00004984.jpg,42
00004985.jpg,42
00004986.jpg,42
00004987.jpg,42
00004988.jpg,42
00004989.jpg,42
00004990.jpg,42
00004991.jpg,42
00004992.jpg,42
00004993.jpg,42
00004994.jpg,42
00004995.jpg,42
00004996.jpg,42
00004997.jpg,42
00004998.jpg,42
00004999.jpg,42
00005000.jpg,42
00005001.jpg,42
00005002.jpg,42
00005003.jpg,42
00005004.jpg,42
00005005.jpg,42
00005006.jpg,42
00005007.jpg,42
00005008.jpg,42
00005009.jpg,42
00005010.jpg,42
00005011.jpg,42
00005012.jpg,42
00005013.jpg,42
00005014.jpg,42
00005015.jpg,42
00005016.jpg,42
00005017.jpg,42
00005018.jpg,42
00005019.jpg,42
00005020.jpg,42
00005021.jpg,42
00005022.jpg,42
00005023.jpg,42
00005024.jpg,42
00005025.jpg,42
00005026.jpg,42
00005027.jpg,42
00005028.jpg,42
00005029.jpg,42
00005030.jpg,42
00005031.jpg,42
00005032.jpg,42
00005033.jpg,42
00005034.jpg,42
00005035.jpg,42
00005036.jpg,42
00005037.jpg,42
00005038.jpg,42
00005039.jpg,42
00005040.jpg,42
00005041.jpg,42
00005042.jpg,42
00005043.jpg,42
00005044.jpg,42
00005045.jpg,42
00005046.jpg,42
00005047.jpg,42
00005048.jpg,42
00005049.jpg,42
00005050.jpg,42
00005051.jpg,42
00005052.jpg,42
00005053.jpg,42
00005054.jpg,42
00005055.jpg,42
00005056.jpg,42
00005057.jpg,42
00005058.jpg,42
00005059.jpg,42
00005060.jpg,42
00005061.jpg,42
00005062.jpg,42
00005063.jpg,42
00005064.jpg,42
00005065.jpg,42
00005066.jpg,42
00005067.jpg,42
00005068.jpg,42
00005069.jpg,42
00005070.jpg,42
00005071.jpg,42
00005072.jpg,42
00005073.jpg,42
00005074.jpg,42
00005075.jpg,43
00005076.jpg,43
00005077.jpg,43
00005078.jpg,43
00005079.jpg,43
00005080.jpg,43
00005081.jpg,43
00005082.jpg,43
00005083.jpg,43
00005084.jpg,43
00005085.jpg,43
00005086.jpg,43
00005087.jpg,43
00005088.jpg,43
00005089.jpg,43
00005090.jpg,43
00005091.jpg,43
00005092.jpg,43
00005093.jpg,43
00005094.jpg,43
00005095.jpg,43
00005096.jpg,43
00005097.jpg,43
00005098.jpg,43
00005099.jpg,43
00005100.jpg,43
00005101.jpg,43
00005102.jpg,43
00005103.jpg,43
00005104.jpg,43
00005105.jpg,43
00005106.jpg,43
00005107.jpg,43
00005108.jpg,43
00005109.jpg,43
00005110.jpg,43
00005111.jpg,43
00005112.jpg,43
00005113.jpg,43
00005114.jpg,43
00005115.jpg,43
00005116.jpg,43
00005117.jpg,43
00005118.jpg,43
00005119.jpg,43
00005120.jpg,43
00005121.jpg,43
00005122.jpg,43
00005123.jpg,43
00005124.jpg,43
00005125.jpg,43
00005126.jpg,43
00005127.jpg,43
00005128.jpg,43
00005129.jpg,43
00005130.jpg,43
00005131.jpg,43
00005132.jpg,43
00005133.jpg,43
00005134.jpg,43
00005135.jpg,43
00005136.jpg,43
00005137.jpg,43
00005138.jpg,43
00005139.jpg,43
00005140.jpg,43
00005141.jpg,43
00005142.jpg,43
00005143.jpg,43
00005144.jpg,43
00005145.jpg,43
00005146.jpg,43
00005147.jpg,43
00005148.jpg,43
00005149.jpg,43
00005150.jpg,43
00005151.jpg,43
00005152.jpg,43
00005153.jpg,43
00005154.jpg,43
00005155.jpg,43
00005156.jpg,43
00005157.jpg,43
00005158.jpg,43
00005159.jpg,43
00005160.jpg,43
00005161.jpg,43
00005162.jpg,43
00005163.jpg,43
00005164.jpg,43
00005165.jpg,43
00005166.jpg,43
00005167.jpg,43
00005168.jpg,43
00005169.jpg,43
00005170.jpg,43
00005171.jpg,43
00005172.jpg,43
00005173.jpg,43
00005174.jpg,43
00005175.jpg,43
00005176.jpg,43
00005177.jpg,43
00005178.jpg,43
00005179.jpg,43
00005180.jpg,43
00005181.jpg,43
00005182.jpg,43
00005183.jpg,43
00005184.jpg,43
00005185.jpg,43
00005186.jpg,43
00005187.jpg,43
00005188.jpg,43
00005189.jpg,43
00005190.jpg,43
00005191.jpg,43
00005192.jpg,43
00005193.jpg,44
00005194.jpg,44
00005195.jpg,44
00005196.jpg,44
00005197.jpg,44
00005198.jpg,44
00005199.jpg,44
00005200.jpg,44
00005201.jpg,44
00005202.jpg,44
00005203.jpg,44
00005204.jpg,44
00005205.jpg,44
00005206.jpg,44
00005207.jpg,44
00005208.jpg,44
00005209.jpg,44
00005210.jpg,44
00005211.jpg,44
00005212.jpg,44
00005213.jpg,44
00005214.jpg,44
00005215.jpg,44
00005216.jpg,44
00005217.jpg,44
00005218.jpg,44
00005219.jpg,44
00005220.jpg,44
00005221.jpg,44
00005222.jpg,44
00005223.jpg,44
00005224.jpg,44
00005225.jpg,44
00005226.jpg,44
00005227.jpg,44
00005228.jpg,44
00005229.jpg,44
00005230.jpg,44
00005231.jpg,44
00005232.jpg,44
00005233.jpg,44
00005234.jpg,44
00005235.jpg,44
00005236.jpg,44
00005237.jpg,44
00005238.jpg,44
00005239.jpg,44
00005240.jpg,44
00005241.jpg,44
00005242.jpg,44
00005243.jpg,44
00005244.jpg,44
00005245.jpg,44
00005246.jpg,44
00005247.jpg,44
00005248.jpg,44
00005249.jpg,44
00005250.jpg,44
00005251.jpg,44
00005252.jpg,44
00005253.jpg,44
00005254.jpg,44
00005255.jpg,44
00005256.jpg,44
00005257.jpg,44
00005258.jpg,44
00005259.jpg,44
00005260.jpg,44
00005261.jpg,44
00005262.jpg,44
00005263.jpg,44
00005264.jpg,44
00005265.jpg,44
00005266.jpg,44
00005267.jpg,44
00005268.jpg,44
00005269.jpg,44
00005270.jpg,44
00005271.jpg,44
00005272.jpg,44
00005273.jpg,44
00005274.jpg,44
00005275.jpg,44
00005276.jpg,44
00005277.jpg,44
00005278.jpg,44
00005279.jpg,44
00005280.jpg,44
00005281.jpg,44
00005282.jpg,44
00005283.jpg,44
00005284.jpg,44
00005285.jpg,44
00005286.jpg,44
00005287.jpg,44
00005288.jpg,44
00005289.jpg,44
00005290.jpg,44
00005291.jpg,44
00005292.jpg,44
00005293.jpg,44
00005294.jpg,44
00005295.jpg,44
00005296.jpg,44
00005297.jpg,44
00005298.jpg,44
00005299.jpg,44
00005300.jpg,44
00005301.jpg,44
00005302.jpg,44
00005303.jpg,44
00005304.jpg,44
00005305.jpg,44
00005306.jpg,44
00005307.jpg,44
00005308.jpg,44
00005309.jpg,44
00005310.jpg,44
00005311.jpg,45
00005312.jpg,45
00005313.jpg,45
00005314.jpg,45
00005315.jpg,45
00005316.jpg,45
00005317.jpg,45
00005318.jpg,45
00005319.jpg,45
00005320.jpg,45
00005321.jpg,45
00005322.jpg,45
00005323.jpg,45
00005324.jpg,45
00005325.jpg,45
00005326.jpg,45
00005327.jpg,45
00005328.jpg,45
00005329.jpg,45
00005330.jpg,45
00005331.jpg,45
00005332.jpg,45
00005333.jpg,45
00005334.jpg,45
00005335.jpg,45
00005336.jpg,45
00005337.jpg,45
00005338.jpg,45
00005339.jpg,45
00005340.jpg,45
00005341.jpg,45
00005342.jpg,45
00005343.jpg,45
00005344.jpg,45
00005345.jpg,45
00005346.jpg,45
00005347.jpg,45
00005348.jpg,45
00005349.jpg,45
00005350.jpg,45
00005351.jpg,45
00005352.jpg,45
00005353.jpg,45
00005354.jpg,45
00005355.jpg,45
00005356.jpg,45
00005357.jpg,45
00005358.jpg,45
00005359.jpg,45
00005360.jpg,45
00005361.jpg,45
00005362.jpg,45
00005363.jpg,45
00005364.jpg,45
00005365.jpg,45
00005366.jpg,45
00005367.jpg,45
00005368.jpg,45
00005369.jpg,45
00005370.jpg,45
00005371.jpg,45
00005372.jpg,45
00005373.jpg,45
00005374.jpg,45
00005375.jpg,45
00005376.jpg,45
00005377.jpg,45
00005378.jpg,45
00005379.jpg,45
00005380.jpg,45
00005381.jpg,45
00005382.jpg,45
00005383.jpg,45
00005384.jpg,45
00005385.jpg,45
00005386.jpg,45
00005387.jpg,45
00005388.jpg,45
00005389.jpg,45
00005390.jpg,45
00005391.jpg,45
00005392.jpg,45
00005393.jpg,45
00005394.jpg,45
00005395.jpg,45
00005396.jpg,45
00005397.jpg,45
00005398.jpg,45
00005399.jpg,45
00005400.jpg,45
00005401.jpg,45
00005402.jpg,45
00005403.jpg,45
00005404.jpg,45
00005405.jpg,45
00005406.jpg,45
00005407.jpg,45
00005408.jpg,45
00005409.jpg,45
00005410.jpg,45
00005411.jpg,45
00005412.jpg,45
00005413.jpg,45
00005414.jpg,45
00005415.jpg,45
00005416.jpg,45
00005417.jpg,45
00005418.jpg,45
00005419.jpg,45
00005420.jpg,45
00005421.jpg,45
00005422.jpg,45
00005423.jpg,45
00005424.jpg,45
00005425.jpg,45
00005426.jpg,45
00005427.jpg,45
00005428.jpg,45
00005429.jpg,46
00005430.jpg,46
00005431.jpg,46
00005432.jpg,46
00005433.jpg,46
00005434.jpg,46
00005435.jpg,46
00005436.jpg,46
00005437.jpg,46
00005438.jpg,46
00005439.jpg,46
00005440.jpg,46
00005441.jpg,46
00005442.jpg,46
00005443.jpg,46
00005444.jpg,46
00005445.jpg,46
00005446.jpg,46
00005447.jpg,46
00005448.jpg,46
00005449.jpg,46
00005450.jpg,46
00005451.jpg,46
00005452.jpg,46
00005453.jpg,46
00005454.jpg,46
00005455.jpg,46
00005456.jpg,46
00005457.jpg,46
00005458.jpg,46
00005459.jpg,46
00005460.jpg,46
00005461.jpg,46
00005462.jpg,46
00005463.jpg,46
00005464.jpg,46
00005465.jpg,46
00005466.jpg,46
00005467.jpg,46
00005468.jpg,46
00005469.jpg,46
00005470.jpg,46
00005471.jpg,46
00005472.jpg,46
00005473.jpg,46
00005474.jpg,46
00005475.jpg,46
00005476.jpg,46
00005477.jpg,46
00005478.jpg,46
00005479.jpg,46
00005480.jpg,46
00005481.jpg,46
00005482.jpg,46
00005483.jpg,46
00005484.jpg,46
00005485.jpg,46
00005486.jpg,46
00005487.jpg,46
00005488.jpg,46
00005489.jpg,46
00005490.jpg,46
00005491.jpg,46
00005492.jpg,46
00005493.jpg,46
00005494.jpg,46
00005495.jpg,46
00005496.jpg,46
00005497.jpg,46
00005498.jpg,46
00005499.jpg,46
00005500.jpg,46
00005501.jpg,46
00005502.jpg,46
00005503.jpg,46
00005504.jpg,46
00005505.jpg,46
00005506.jpg,46
00005507.jpg,46
00005508.jpg,46
00005509.jpg,46
00005510.jpg,46
00005511.jpg,46
00005512.jpg,46
00005513.jpg,46
00005514.jpg,46
00005515.jpg,46
00005516.jpg,46
00005517.jpg,46
00005518.jpg,46
00005519.jpg,46
00005520.jpg,46
00005521.jpg,46
00005522.jpg,46
00005523.jpg,46
00005524.jpg,46
00005525.jpg,46
00005526.jpg,46
00005527.jpg,46
00005528.jpg,46
00005529.jpg,46
00005530.jpg,46
00005531.jpg,46
00005532.jpg,46
00005533.jpg,46
00005534.jpg,46
00005535.jpg,46
00005536.jpg,46
00005537.jpg,46
00005538.jpg,46
00005539.jpg,46
00005540.jpg,46
00005541.jpg,46
00005542.jpg,46
00005543.jpg,46
00005544.jpg,46
00005545.jpg,46
00005546.jpg,46
00005547.jpg,47
00005548.jpg,47
00005549.jpg,47
00005550.jpg,47
00005551.jpg,47
00005552.jpg,47
00005553.jpg,47
00005554.jpg,47
00005555.jpg,47
00005556.jpg,47
00005557.jpg,47
00005558.jpg,47
00005559.jpg,47
00005560.jpg,47
00005561.jpg,47
00005562.jpg,47
00005563.jpg,47
00005564.jpg,47
00005565.jpg,47
00005566.jpg,47
00005567.jpg,47
00005568.jpg,47
00005569.jpg,47
00005570.jpg,47
00005571.jpg,47
00005572.jpg,47
00005573.jpg,47
00005574.jpg,47
00005575.jpg,47
00005576.jpg,47
00005577.jpg,47
00005578.jpg,47
00005579.jpg,47
00005580.jpg,47
00005581.jpg,47
00005582.jpg,47
00005583.jpg,47
00005584.jpg,47
00005585.jpg,47
00005586.jpg,47
00005587.jpg,47
00005588.jpg,47
00005589.jpg,47
00005590.jpg,47
00005591.jpg,47
00005592.jpg,47
00005593.jpg,47
00005594.jpg,47
00005595.jpg,47
00005596.jpg,47
00005597.jpg,47
00005598.jpg,47
00005599.jpg,47
00005600.jpg,47
00005601.jpg,47
00005602.jpg,47
00005603.jpg,47
00005604.jpg,47
00005605.jpg,47
00005606.jpg,47
00005607.jpg,47
00005608.jpg,47
00005609.jpg,47
00005610.jpg,47
00005611.jpg,47
00005612.jpg,47
00005613.jpg,47
00005614.jpg,47
00005615.jpg,47
00005616.jpg,47
00005617.jpg,47
00005618.jpg,47
00005619.jpg,47
00005620.jpg,47
00005621.jpg,47
00005622.jpg,47
00005623.jpg,47
00005624.jpg,47
00005625.jpg,47
00005626.jpg,47
00005627.jpg,47
00005628.jpg,47
00005629.jpg,47
00005630.jpg,47
00005631.jpg,47
00005632.jpg,47
00005633.jpg,47
00005634.jpg,47
00005635.jpg,47
00005636.jpg,47
00005637.jpg,47
00005638.jpg,47
00005639.jpg,47
00005640.jpg,47
00005641.jpg,47
00005642.jpg,47
00005643.jpg,47
00005644.jpg,47
00005645.jpg,47
00005646.jpg,47
00005647.jpg,47
00005648.jpg,47
00005649.jpg,47
00005650.jpg,47
00005651.jpg,47
00005652.jpg,47
00005653.jpg,47
00005654.jpg,47
00005655.jpg,47
00005656.jpg,47
00005657.jpg,47
00005658.jpg,47
00005659.jpg,47
00005660.jpg,47
00005661.jpg,47
00005662.jpg,47
00005663.jpg,47
00005664.jpg,47
00005665.jpg,48
00005666.jpg,48
00005667.jpg,48
00005668.jpg,48
00005669.jpg,48
00005670.jpg,48
00005671.jpg,48
00005672.jpg,48
00005673.jpg,48
00005674.jpg,48
00005675.jpg,48
00005676.jpg,48
00005677.jpg,48
00005678.jpg,48
00005679.jpg,48
00005680.jpg,48
00005681.jpg,48
00005682.jpg,48
00005683.jpg,48
00005684.jpg,48
00005685.jpg,48
00005686.jpg,48
00005687.jpg,48
00005688.jpg,48
00005689.jpg,48
00005690.jpg,48
00005691.jpg,48
00005692.jpg,48
00005693.jpg,48
00005694.jpg,48
00005695.jpg,48
00005696.jpg,48
00005697.jpg,48
00005698.jpg,48
00005699.jpg,48
00005700.jpg,48
00005701.jpg,48
00005702.jpg,48
00005703.jpg,48
00005704.jpg,48
00005705.jpg,48
00005706.jpg,48
00005707.jpg,48
00005708.jpg,48
00005709.jpg,48
00005710.jpg,48
00005711.jpg,48
00005712.jpg,48
00005713.jpg,48
00005714.jpg,48
00005715.jpg,48
00005716.jpg,48
00005717.jpg,48
00005718.jpg,48
00005719.jpg,48
00005720.jpg,48
00005721.jpg,48
00005722.jpg,48
00005723.jpg,48
00005724.jpg,48
00005725.jpg,48
00005726.jpg,48
00005727.jpg,48
00005728.jpg,48
00005729.jpg,48
00005730.jpg,48
00005731.jpg,48
00005732.jpg,48
00005733.jpg,48
00005734.jpg,48
00005735.jpg,48
00005736.jpg,48
00005737.jpg,48
00005738.jpg,48
00005739.jpg,48
00005740.jpg,48
00005741.jpg,48
00005742.jpg,48
00005743.jpg,48
00005744.jpg,48
00005745.jpg,48
00005746.jpg,48
00005747.jpg,48
00005748.jpg,48
00005749.jpg,48
00005750.jpg,48
00005751.jpg,48
00005752.jpg,48
00005753.jpg,48
00005754.jpg,48
00005755.jpg,48
00005756.jpg,48
00005757.jpg,48
00005758.jpg,48
00005759.jpg,48
00005760.jpg,48
00005761.jpg,48
00005762.jpg,48
00005763.jpg,48
00005764.jpg,48
00005765.jpg,48
00005766.jpg,48
00005767.jpg,48
00005768.jpg,48
00005769.jpg,48
00005770.jpg,48
00005771.jpg,48
00005772.jpg,48
00005773.jpg,48
00005774.jpg,48
00005775.jpg,48
00005776.jpg,48
00005777.jpg,48
00005778.jpg,48
00005779.jpg,48
00005780.jpg,48
00005781.jpg,48
00005782.jpg,48
00005783.jpg,49
00005784.jpg,49
00005785.jpg,49
00005786.jpg,49
00005787.jpg,49
00005788.jpg,49
00005789.jpg,49
00005790.jpg,49
00005791.jpg,49
00005792.jpg,49
00005793.jpg,49
00005794.jpg,49
00005795.jpg,49
00005796.jpg,49
00005797.jpg,49
00005798.jpg,49
00005799.jpg,49
00005800.jpg,49
00005801.jpg,49
00005802.jpg,49
00005803.jpg,49
00005804.jpg,49
00005805.jpg,49
00005806.jpg,49
00005807.jpg,49
00005808.jpg,49
00005809.jpg,49
00005810.jpg,49
00005811.jpg,49
00005812.jpg,49
00005813.jpg,49
00005814.jpg,49
00005815.jpg,49
00005816.jpg,49
00005817.jpg,49
00005818.jpg,49
00005819.jpg,49
00005820.jpg,49
00005821.jpg,49
00005822.jpg,49
00005823.jpg,49
00005824.jpg,49
00005825.jpg,49
00005826.jpg,49
00005827.jpg,49
00005828.jpg,49
00005829.jpg,49
00005830.jpg,49
00005831.jpg,49
00005832.jpg,49
00005833.jpg,49
00005834.jpg,49
00005835.jpg,49
00005836.jpg,49
00005837.jpg,49
00005838.jpg,49
00005839.jpg,49
00005840.jpg,49
00005841.jpg,49
00005842.jpg,49
00005843.jpg,49
00005844.jpg,49
00005845.jpg,49
00005846.jpg,49
00005847.jpg,49
00005848.jpg,49
00005849.jpg,49
00005850.jpg,49
00005851.jpg,49
00005852.jpg,49
00005853.jpg,49
00005854.jpg,49
00005855.jpg,49
00005856.jpg,49
00005857.jpg,49
00005858.jpg,49
00005859.jpg,49
00005860.jpg,49
00005861.jpg,49
00005862.jpg,49
00005863.jpg,49
00005864.jpg,49
00005865.jpg,49
00005866.jpg,49
00005867.jpg,49
00005868.jpg,49
00005869.jpg,49
00005870.jpg,49
00005871.jpg,49
00005872.jpg,49
00005873.jpg,49
00005874.jpg,49
00005875.jpg,49
00005876.jpg,49
00005877.jpg,49
00005878.jpg,49
00005879.jpg,49
00005880.jpg,49
00005881.jpg,49
00005882.jpg,49
00005883.jpg,49
00005884.jpg,49
00005885.jpg,49
00005886.jpg,49
00005887.jpg,49
00005888.jpg,49
00005889.jpg,49
00005890.jpg,49
00005891.jpg,49
00005892.jpg,49
00005893.jpg,49
00005894.jpg,49
00005895.jpg,49
00005896.jpg,49
00005897.jpg,49
00005898.jpg,49
00005899.jpg,49
00005900.jpg,49
00005901.jpg,50
00005902.jpg,50
00005903.jpg,50
00005904.jpg,50
00005905.jpg,50
00005906.jpg,50
00005907.jpg,50
00005908.jpg,50
00005909.jpg,50
00005910.jpg,50
00005911.jpg,50
00005912.jpg,50
00005913.jpg,50
00005914.jpg,50
00005915.jpg,50
00005916.jpg,50
00005917.jpg,50
00005918.jpg,50
00005919.jpg,50
00005920.jpg,50
00005921.jpg,50
00005922.jpg,50
00005923.jpg,50
00005924.jpg,50
00005925.jpg,50
00005926.jpg,50
00005927.jpg,50
00005928.jpg,50
00005929.jpg,50
00005930.jpg,50
00005931.jpg,50
00005932.jpg,50
00005933.jpg,50
00005934.jpg,50
00005935.jpg,50
00005936.jpg,50
00005937.jpg,50
00005938.jpg,50
00005939.jpg,50
00005940.jpg,50
00005941.jpg,50
00005942.jpg,50
00005943.jpg,50
00005944.jpg,50
00005945.jpg,50
00005946.jpg,50
00005947.jpg,50
00005948.jpg,50
00005949.jpg,50
00005950.jpg,50
00005951.jpg,50
00005952.jpg,50
00005953.jpg,50
00005954.jpg,50
00005955.jpg,50
00005956.jpg,50
00005957.jpg,50
00005958.jpg,50
00005959.jpg,50
00005960.jpg,50
00005961.jpg,50
00005962.jpg,50
00005963.jpg,50
00005964.jpg,50
00005965.jpg,50
00005966.jpg,50
00005967.jpg,50
00005968.jpg,50
00005969.jpg,50
00005970.jpg,50
00005971.jpg,50
00005972.jpg,50
00005973.jpg,50
00005974.jpg,50
00005975.jpg,50
00005976.jpg,50
00005977.jpg,50
00005978.jpg,50
00005979.jpg,50
00005980.jpg,50
00005981.jpg,50
00005982.jpg,50
00005983.jpg,50
00005984.jpg,50
00005985.jpg,50
00005986.jpg,50
00005987.jpg,50
00005988.jpg,50
00005989.jpg,50
00005990.jpg,50
00005991.jpg,50
00005992.jpg,50
00005993.jpg,50
00005994.jpg,50
00005995.jpg,50
00005996.jpg,50
00005997.jpg,50
00005998.jpg,50
00005999.jpg,50
00006000.jpg,50
00006001.jpg,50
00006002.jpg,50
00006003.jpg,50
00006004.jpg,50
00006005.jpg,50
00006006.jpg,50
00006007.jpg,50
00006008.jpg,50
00006009.jpg,50
00006010.jpg,50
00006011.jpg,50
00006012.jpg,50
00006013.jpg,50
00006014.jpg,50
00006015.jpg,50
00006016.jpg,50
00006017.jpg,50
00006018.jpg,50
00006019.jpg,51
00006020.jpg,51
00006021.jpg,51
00006022.jpg,51
00006023.jpg,51
00006024.jpg,51
00006025.jpg,51
00006026.jpg,51
00006027.jpg,51
00006028.jpg,51
00006029.jpg,51
00006030.jpg,51
00006031.jpg,51
00006032.jpg,51
00006033.jpg,51
00006034.jpg,51
00006035.jpg,51
00006036.jpg,51
00006037.jpg,51
00006038.jpg,51
00006039.jpg,51
00006040.jpg,51
00006041.jpg,51
00006042.jpg,51
00006043.jpg,51
00006044.jpg,51
00006045.jpg,51
00006046.jpg,51
00006047.jpg,51
00006048.jpg,51
00006049.jpg,51
00006050.jpg,51
00006051.jpg,51
00006052.jpg,51
00006053.jpg,51
00006054.jpg,51
00006055.jpg,51
00006056.jpg,51
00006057.jpg,51
00006058.jpg,51
00006059.jpg,51
00006060.jpg,51
00006061.jpg,51
00006062.jpg,51
00006063.jpg,51
00006064.jpg,51
00006065.jpg,51
00006066.jpg,51
00006067.jpg,51
00006068.jpg,51
00006069.jpg,51
00006070.jpg,51
00006071.jpg,51
00006072.jpg,51
00006073.jpg,51
00006074.jpg,51
00006075.jpg,51
00006076.jpg,51
00006077.jpg,51
00006078.jpg,51
00006079.jpg,51
00006080.jpg,51
00006081.jpg,51
00006082.jpg,51
00006083.jpg,51
00006084.jpg,51
00006085.jpg,51
00006086.jpg,51
00006087.jpg,51
00006088.jpg,51
00006089.jpg,51
00006090.jpg,51
00006091.jpg,51
00006092.jpg,51
00006093.jpg,51
00006094.jpg,51
00006095.jpg,51
00006096.jpg,51
00006097.jpg,51
00006098.jpg,51
00006099.jpg,51
00006100.jpg,51
00006101.jpg,51
00006102.jpg,51
00006103.jpg,51
00006104.jpg,51
00006105.jpg,51
00006106.jpg,51
00006107.jpg,51
00006108.jpg,51
00006109.jpg,51
00006110.jpg,51
00006111.jpg,51
00006112.jpg,51
00006113.jpg,51
00006114.jpg,51
00006115.jpg,51
00006116.jpg,51
00006117.jpg,51
00006118.jpg,51
00006119.jpg,51
00006120.jpg,51
00006121.jpg,51
00006122.jpg,51
00006123.jpg,51
00006124.jpg,51
00006125.jpg,51
00006126.jpg,51
00006127.jpg,51
00006128.jpg,51
00006129.jpg,51
00006130.jpg,51
00006131.jpg,51
00006132.jpg,51
00006133.jpg,51
00006134.jpg,51
00006135.jpg,51
00006136.jpg,51
00006137.jpg,52
00006138.jpg,52
00006139.jpg,52
00006140.jpg,52
00006141.jpg,52
00006142.jpg,52
00006143.jpg,52
00006144.jpg,52
00006145.jpg,52
00006146.jpg,52
00006147.jpg,52
00006148.jpg,52
00006149.jpg,52
00006150.jpg,52
00006151.jpg,52
00006152.jpg,52
00006153.jpg,52
00006154.jpg,52
00006155.jpg,52
00006156.jpg,52
00006157.jpg,52
00006158.jpg,52
00006159.jpg,52
00006160.jpg,52
00006161.jpg,52
00006162.jpg,52
00006163.jpg,52
00006164.jpg,52
00006165.jpg,52
00006166.jpg,52
00006167.jpg,52
00006168.jpg,52
00006169.jpg,52
00006170.jpg,52
00006171.jpg,52
00006172.jpg,52
00006173.jpg,52
00006174.jpg,52
00006175.jpg,52
00006176.jpg,52
00006177.jpg,52
00006178.jpg,52
00006179.jpg,52
00006180.jpg,52
00006181.jpg,52
00006182.jpg,52
00006183.jpg,52
00006184.jpg,52
00006185.jpg,52
00006186.jpg,52
00006187.jpg,52
00006188.jpg,52
00006189.jpg,52
00006190.jpg,52
00006191.jpg,52
00006192.jpg,52
00006193.jpg,52
00006194.jpg,52
00006195.jpg,52
00006196.jpg,52
00006197.jpg,52
00006198.jpg,52
00006199.jpg,52
00006200.jpg,52
00006201.jpg,52
00006202.jpg,52
00006203.jpg,52
00006204.jpg,52
00006205.jpg,52
00006206.jpg,52
00006207.jpg,52
00006208.jpg,52
00006209.jpg,52
00006210.jpg,52
00006211.jpg,52
00006212.jpg,52
00006213.jpg,52
00006214.jpg,52
00006215.jpg,52
00006216.jpg,52
00006217.jpg,52
00006218.jpg,52
00006219.jpg,52
00006220.jpg,52
00006221.jpg,52
00006222.jpg,52
00006223.jpg,52
00006224.jpg,52
00006225.jpg,52
00006226.jpg,52
00006227.jpg,52
00006228.jpg,52
00006229.jpg,52
00006230.jpg,52
00006231.jpg,52
00006232.jpg,52
00006233.jpg,52
00006234.jpg,52
00006235.jpg,52
00006236.jpg,52
00006237.jpg,52
00006238.jpg,52
00006239.jpg,52
00006240.jpg,52
00006241.jpg,52
00006242.jpg,52
00006243.jpg,52
00006244.jpg,52
00006245.jpg,52
00006246.jpg,52
00006247.jpg,52
00006248.jpg,52
00006249.jpg,52
00006250.jpg,52
00006251.jpg,52
00006252.jpg,52
00006253.jpg,52
00006254.jpg,52
00006255.jpg,53
00006256.jpg,53
00006257.jpg,53
00006258.jpg,53
00006259.jpg,53
00006260.jpg,53
00006261.jpg,53
00006262.jpg,53
00006263.jpg,53
00006264.jpg,53
00006265.jpg,53
00006266.jpg,53
00006267.jpg,53
00006268.jpg,53
00006269.jpg,53
00006270.jpg,53
00006271.jpg,53
00006272.jpg,53
00006273.jpg,53
00006274.jpg,53
00006275.jpg,53
00006276.jpg,53
00006277.jpg,53
00006278.jpg,53
00006279.jpg,53
00006280.jpg,53
00006281.jpg,53
00006282.jpg,53
00006283.jpg,53
00006284.jpg,53
00006285.jpg,53
00006286.jpg,53
00006287.jpg,53
00006288.jpg,53
00006289.jpg,53
00006290.jpg,53
00006291.jpg,53
00006292.jpg,53
00006293.jpg,53
00006294.jpg,53
00006295.jpg,53
00006296.jpg,53
00006297.jpg,53
00006298.jpg,53
00006299.jpg,53
00006300.jpg,53
00006301.jpg,53
00006302.jpg,53
00006303.jpg,53
00006304.jpg,53
00006305.jpg,53
00006306.jpg,53
00006307.jpg,53
00006308.jpg,53
00006309.jpg,53
00006310.jpg,53
00006311.jpg,53
00006312.jpg,53
00006313.jpg,53
00006314.jpg,53
00006315.jpg,53
00006316.jpg,53
00006317.jpg,53
00006318.jpg,53
00006319.jpg,53
00006320.jpg,53
00006321.jpg,53
00006322.jpg,53
00006323.jpg,53
00006324.jpg,53
00006325.jpg,53
00006326.jpg,53
00006327.jpg,53
00006328.jpg,53
00006329.jpg,53
00006330.jpg,53
00006331.jpg,53
00006332.jpg,53
00006333.jpg,53
00006334.jpg,53
00006335.jpg,53
00006336.jpg,53
00006337.jpg,53
00006338.jpg,53
00006339.jpg,53
00006340.jpg,53
00006341.jpg,53
00006342.jpg,53
00006343.jpg,53
00006344.jpg,53
00006345.jpg,53
00006346.jpg,53
00006347.jpg,53
00006348.jpg,53
00006349.jpg,53
00006350.jpg,53
00006351.jpg,53
00006352.jpg,53
00006353.jpg,53
00006354.jpg,53
00006355.jpg,53
00006356.jpg,53
00006357.jpg,53
00006358.jpg,53
00006359.jpg,53
00006360.jpg,53
00006361.jpg,53
00006362.jpg,53
00006363.jpg,53
00006364.jpg,53
00006365.jpg,53
00006366.jpg,53
00006367.jpg,53
00006368.jpg,53
00006369.jpg,53
00006370.jpg,53
00006371.jpg,53
00006372.jpg,53
00006373.jpg,54
00006374.jpg,54
00006375.jpg,54
00006376.jpg,54
00006377.jpg,54
00006378.jpg,54
00006379.jpg,54
00006380.jpg,54
00006381.jpg,54
00006382.jpg,54
00006383.jpg,54
00006384.jpg,54
00006385.jpg,54
00006386.jpg,54
00006387.jpg,54
00006388.jpg,54
00006389.jpg,54
00006390.jpg,54
00006391.jpg,54
00006392.jpg,54
00006393.jpg,54
00006394.jpg,54
00006395.jpg,54
00006396.jpg,54
00006397.jpg,54
00006398.jpg,54
00006399.jpg,54
00006400.jpg,54
00006401.jpg,54
00006402.jpg,54
00006403.jpg,54
00006404.jpg,54
00006405.jpg,54
00006406.jpg,54
00006407.jpg,54
00006408.jpg,54
00006409.jpg,54
00006410.jpg,54
00006411.jpg,54
00006412.jpg,54
00006413.jpg,54
00006414.jpg,54
00006415.jpg,54
00006416.jpg,54
00006417.jpg,54
00006418.jpg,54
00006419.jpg,54
00006420.jpg,54
00006421.jpg,54
00006422.jpg,54
00006423.jpg,54
00006424.jpg,54
00006425.jpg,54
00006426.jpg,54
00006427.jpg,54
00006428.jpg,54
00006429.jpg,54
00006430.jpg,54
00006431.jpg,54
00006432.jpg,54
00006433.jpg,54
00006434.jpg,54
00006435.jpg,54
00006436.jpg,54
00006437.jpg,54
00006438.jpg,54
00006439.jpg,54
00006440.jpg,54
00006441.jpg,54
00006442.jpg,54
00006443.jpg,54
00006444.jpg,54
00006445.jpg,54
00006446.jpg,54
00006447.jpg,54
00006448.jpg,54
00006449.jpg,54
00006450.jpg,54
00006451.jpg,54
00006452.jpg,54
00006453.jpg,54
00006454.jpg,54
00006455.jpg,54
00006456.jpg,54
00006457.jpg,54
00006458.jpg,54
00006459.jpg,54
00006460.jpg,54
00006461.jpg,54
00006462.jpg,54
00006463.jpg,54
00006464.jpg,54
00006465.jpg,54
00006466.jpg,54
00006467.jpg,54
00006468.jpg,54
00006469.jpg,54
00006470.jpg,54
00006471.jpg,54
00006472.jpg,54
00006473.jpg,54
00006474.jpg,54
00006475.jpg,54
00006476.jpg,54
00006477.jpg,54
00006478.jpg,54
00006479.jpg,54
00006480.jpg,54
00006481.jpg,54
00006482.jpg,54
00006483.jpg,54
00006484.jpg,54
00006485.jpg,54
00006486.jpg,54
00006487.jpg,54
00006488.jpg,54
00006489.jpg,54
00006490.jpg,54
00006491.jpg,55
00006492.jpg,55
00006493.jpg,55
00006494.jpg,55
00006495.jpg,55
00006496.jpg,55
00006497.jpg,55
00006498.jpg,55
00006499.jpg,55
00006500.jpg,55
00006501.jpg,55
00006502.jpg,55
00006503.jpg,55
00006504.jpg,55
00006505.jpg,55
00006506.jpg,55
00006507.jpg,55
00006508.jpg,55
00006509.jpg,55
00006510.jpg,55
00006511.jpg,55
00006512.jpg,55
00006513.jpg,55
00006514.jpg,55
00006515.jpg,55
00006516.jpg,55
00006517.jpg,55
00006518.jpg,55
00006519.jpg,55
00006520.jpg,55
00006521.jpg,55
00006522.jpg,55
00006523.jpg,55
00006524.jpg,55
00006525.jpg,55
00006526.jpg,55
00006527.jpg,55
00006528.jpg,55
00006529.jpg,55
00006530.jpg,55
00006531.jpg,55
00006532.jpg,55
00006533.jpg,55
00006534.jpg,55
00006535.jpg,55
00006536.jpg,55
00006537.jpg,55
00006538.jpg,55
00006539.jpg,55
00006540.jpg,55
00006541.jpg,55
00006542.jpg,55
00006543.jpg,55
00006544.jpg,55
00006545.jpg,55
00006546.jpg,55
00006547.jpg,55
00006548.jpg,55
00006549.jpg,55
00006550.jpg,55
00006551.jpg,55
00006552.jpg,55
00006553.jpg,55
00006554.jpg,55
00006555.jpg,55
00006556.jpg,55
00006557.jpg,55
00006558.jpg,55
00006559.jpg,55
00006560.jpg,55
00006561.jpg,55
00006562.jpg,55
00006563.jpg,55
00006564.jpg,55
00006565.jpg,55
00006566.jpg,55
00006567.jpg,55
00006568.jpg,55
00006569.jpg,55
00006570.jpg,55
00006571.jpg,55
00006572.jpg,55
00006573.jpg,55
00006574.jpg,55
00006575.jpg,55
00006576.jpg,55
00006577.jpg,55
00006578.jpg,55
00006579.jpg,55
00006580.jpg,55
00006581.jpg,55
00006582.jpg,55
00006583.jpg,55
00006584.jpg,55
00006585.jpg,55
00006586.jpg,55
00006587.jpg,55
00006588.jpg,55
00006589.jpg,55
00006590.jpg,55
00006591.jpg,55
00006592.jpg,55
00006593.jpg,55
00006594.jpg,55
00006595.jpg,55
00006596.jpg,55
00006597.jpg,55
00006598.jpg,55
00006599.jpg,55
00006600.jpg,55
00006601.jpg,55
00006602.jpg,55
00006603.jpg,55
00006604.jpg,55
00006605.jpg,55
00006606.jpg,55
00006607.jpg,55
00006608.jpg,55
00006609.jpg,56
00006610.jpg,56
00006611.jpg,56
00006612.jpg,56
00006613.jpg,56
00006614.jpg,56
00006615.jpg,56
00006616.jpg,56
00006617.jpg,56
00006618.jpg,56
00006619.jpg,56
00006620.jpg,56
00006621.jpg,56
00006622.jpg,56
00006623.jpg,56
00006624.jpg,56
00006625.jpg,56
00006626.jpg,56
00006627.jpg,56
00006628.jpg,56
00006629.jpg,56
00006630.jpg,56
00006631.jpg,56
00006632.jpg,56
00006633.jpg,56
00006634.jpg,56
00006635.jpg,56
00006636.jpg,56
00006637.jpg,56
00006638.jpg,56
00006639.jpg,56
00006640.jpg,56
00006641.jpg,56
00006642.jpg,56
00006643.jpg,56
00006644.jpg,56
00006645.jpg,56
00006646.jpg,56
00006647.jpg,56
00006648.jpg,56
00006649.jpg,56
00006650.jpg,56
00006651.jpg,56
00006652.jpg,56
00006653.jpg,56
00006654.jpg,56
00006655.jpg,56
00006656.jpg,56
00006657.jpg,56
00006658.jpg,56
00006659.jpg,56
00006660.jpg,56
00006661.jpg,56
00006662.jpg,56
00006663.jpg,56
00006664.jpg,56
00006665.jpg,56
00006666.jpg,56
00006667.jpg,56
00006668.jpg,56
00006669.jpg,56
00006670.jpg,56
00006671.jpg,56
00006672.jpg,56
00006673.jpg,56
00006674.jpg,56
00006675.jpg,56
00006676.jpg,56
00006677.jpg,56
00006678.jpg,56
00006679.jpg,56
00006680.jpg,56
00006681.jpg,56
00006682.jpg,56
00006683.jpg,56
00006684.jpg,56
00006685.jpg,56
00006686.jpg,56
00006687.jpg,56
00006688.jpg,56
00006689.jpg,56
00006690.jpg,56
00006691.jpg,56
00006692.jpg,56
00006693.jpg,56
00006694.jpg,56
00006695.jpg,56
00006696.jpg,56
00006697.jpg,56
00006698.jpg,56
00006699.jpg,56
00006700.jpg,56
00006701.jpg,56
00006702.jpg,56
00006703.jpg,56
00006704.jpg,56
00006705.jpg,56
00006706.jpg,56
00006707.jpg,56
00006708.jpg,56
00006709.jpg,56
00006710.jpg,56
00006711.jpg,56
00006712.jpg,56
00006713.jpg,56
00006714.jpg,56
00006715.jpg,56
00006716.jpg,56
00006717.jpg,56
00006718.jpg,56
00006719.jpg,56
00006720.jpg,56
00006721.jpg,56
00006722.jpg,56
00006723.jpg,56
00006724.jpg,56
00006725.jpg,56
00006726.jpg,56
00006727.jpg,57
00006728.jpg,57
00006729.jpg,57
00006730.jpg,57
00006731.jpg,57
00006732.jpg,57
00006733.jpg,57
00006734.jpg,57
00006735.jpg,57
00006736.jpg,57
00006737.jpg,57
00006738.jpg,57
00006739.jpg,57
00006740.jpg,57
00006741.jpg,57
00006742.jpg,57
00006743.jpg,57
00006744.jpg,57
00006745.jpg,57
00006746.jpg,57
00006747.jpg,57
00006748.jpg,57
00006749.jpg,57
00006750.jpg,57
00006751.jpg,57
00006752.jpg,57
00006753.jpg,57
00006754.jpg,57
00006755.jpg,57
00006756.jpg,57
00006757.jpg,57
00006758.jpg,57
00006759.jpg,57
00006760.jpg,57
00006761.jpg,57
00006762.jpg,57
00006763.jpg,57
00006764.jpg,57
00006765.jpg,57
00006766.jpg,57
00006767.jpg,57
00006768.jpg,57
00006769.jpg,57
00006770.jpg,57
00006771.jpg,57
00006772.jpg,57
00006773.jpg,57
00006774.jpg,57
00006775.jpg,57
00006776.jpg,57
00006777.jpg,57
00006778.jpg,57
00006779.jpg,57
00006780.jpg,57
00006781.jpg,57
00006782.jpg,57
00006783.jpg,57
00006784.jpg,57
00006785.jpg,57
00006786.jpg,57
00006787.jpg,57
00006788.jpg,57
00006789.jpg,57
00006790.jpg,57
00006791.jpg,57
00006792.jpg,57
00006793.jpg,57
00006794.jpg,57
00006795.jpg,57
00006796.jpg,57
00006797.jpg,57
00006798.jpg,57
00006799.jpg,57
00006800.jpg,57
00006801.jpg,57
00006802.jpg,57
00006803.jpg,57
00006804.jpg,57
00006805.jpg,57
00006806.jpg,57
00006807.jpg,57
00006808.jpg,57
00006809.jpg,57
00006810.jpg,57
00006811.jpg,57
00006812.jpg,57
00006813.jpg,57
00006814.jpg,57
00006815.jpg,57
00006816.jpg,57
00006817.jpg,57
00006818.jpg,57
00006819.jpg,57
00006820.jpg,57
00006821.jpg,57
00006822.jpg,57
00006823.jpg,57
00006824.jpg,57
00006825.jpg,57
00006826.jpg,57
00006827.jpg,57
00006828.jpg,57
00006829.jpg,57
00006830.jpg,57
00006831.jpg,57
00006832.jpg,57
00006833.jpg,57
00006834.jpg,57
00006835.jpg,57
00006836.jpg,57
00006837.jpg,57
00006838.jpg,57
00006839.jpg,57
00006840.jpg,57
00006841.jpg,57
00006842.jpg,57
00006843.jpg,57
00006844.jpg,57
00006845.jpg,58
00006846.jpg,58
00006847.jpg,58
00006848.jpg,58
00006849.jpg,58
00006850.jpg,58
00006851.jpg,58
00006852.jpg,58
00006853.jpg,58
00006854.jpg,58
00006855.jpg,58
00006856.jpg,58
00006857.jpg,58
00006858.jpg,58
00006859.jpg,58
00006860.jpg,58
00006861.jpg,58
00006862.jpg,58
00006863.jpg,58
00006864.jpg,58
00006865.jpg,58
00006866.jpg,58
00006867.jpg,58
00006868.jpg,58
00006869.jpg,58
00006870.jpg,58
00006871.jpg,58
00006872.jpg,58
00006873.jpg,58
00006874.jpg,58
00006875.jpg,58
00006876.jpg,58
00006877.jpg,58
00006878.jpg,58
00006879.jpg,58
00006880.jpg,58
00006881.jpg,58
00006882.jpg,58
00006883.jpg,58
00006884.jpg,58
00006885.jpg,58
00006886.jpg,58
00006887.jpg,58
00006888.jpg,58
00006889.jpg,58
00006890.jpg,58
00006891.jpg,58
00006892.jpg,58
00006893.jpg,58
00006894.jpg,58
00006895.jpg,58
00006896.jpg,58
00006897.jpg,58
00006898.jpg,58
00006899.jpg,58
00006900.jpg,58
00006901.jpg,58
00006902.jpg,58
00006903.jpg,58
00006904.jpg,58
00006905.jpg,58
00006906.jpg,58
00006907.jpg,58
00006908.jpg,58
00006909.jpg,58
00006910.jpg,58
00006911.jpg,58
00006912.jpg,58
00006913.jpg,58
00006914.jpg,58
00006915.jpg,58
00006916.jpg,58
00006917.jpg,58
00006918.jpg,58
00006919.jpg,58
00006920.jpg,58
00006921.jpg,58
00006922.jpg,58
00006923.jpg,58
00006924.jpg,58
00006925.jpg,58
00006926.jpg,58
00006927.jpg,58
00006928.jpg,58
00006929.jpg,58
00006930.jpg,58
00006931.jpg,58
00006932.jpg,58
00006933.jpg,58
00006934.jpg,58
00006935.jpg,58
00006936.jpg,58
00006937.jpg,58
00006938.jpg,58
00006939.jpg,58
00006940.jpg,58
00006941.jpg,58
00006942.jpg,58
00006943.jpg,58
00006944.jpg,58
00006945.jpg,58
00006946.jpg,58
00006947.jpg,58
00006948.jpg,58
00006949.jpg,58
00006950.jpg,58
00006951.jpg,58
00006952.jpg,58
00006953.jpg,58
00006954.jpg,58
00006955.jpg,58
00006956.jpg,58
00006957.jpg,58
00006958.jpg,58
00006959.jpg,58
00006960.jpg,58
00006961.jpg,58
00006962.jpg,58
00006963.jpg,59
00006964.jpg,59
00006965.jpg,59
00006966.jpg,59
00006967.jpg,59
00006968.jpg,59
00006969.jpg,59
00006970.jpg,59
00006971.jpg,59
00006972.jpg,59
00006973.jpg,59
00006974.jpg,59
00006975.jpg,59
00006976.jpg,59
00006977.jpg,59
00006978.jpg,59
00006979.jpg,59
00006980.jpg,59
00006981.jpg,59
00006982.jpg,59
00006983.jpg,59
00006984.jpg,59
00006985.jpg,59
00006986.jpg,59
00006987.jpg,59
00006988.jpg,59
00006989.jpg,59
00006990.jpg,59
00006991.jpg,59
00006992.jpg,59
00006993.jpg,59
00006994.jpg,59
00006995.jpg,59
00006996.jpg,59
00006997.jpg,59
00006998.jpg,59
00006999.jpg,59
00007000.jpg,59
00007001.jpg,59
00007002.jpg,59
00007003.jpg,59
00007004.jpg,59
00007005.jpg,59
00007006.jpg,59
00007007.jpg,59
00007008.jpg,59
00007009.jpg,59
00007010.jpg,59
00007011.jpg,59
00007012.jpg,59
00007013.jpg,59
00007014.jpg,59
00007015.jpg,59
00007016.jpg,59
00007017.jpg,59
00007018.jpg,59
00007019.jpg,59
00007020.jpg,59
00007021.jpg,59
00007022.jpg,59
00007023.jpg,59
00007024.jpg,59
00007025.jpg,59
00007026.jpg,59
00007027.jpg,59
00007028.jpg,59
00007029.jpg,59
00007030.jpg,59
00007031.jpg,59
00007032.jpg,59
00007033.jpg,59
00007034.jpg,59
00007035.jpg,59
00007036.jpg,59
00007037.jpg,59
00007038.jpg,59
00007039.jpg,59
00007040.jpg,59
00007041.jpg,59
00007042.jpg,59
00007043.jpg,59
00007044.jpg,59
00007045.jpg,59
00007046.jpg,59
00007047.jpg,59
00007048.jpg,59
00007049.jpg,59
00007050.jpg,59
00007051.jpg,59
00007052.jpg,59
00007053.jpg,59
00007054.jpg,59
00007055.jpg,59
00007056.jpg,59
00007057.jpg,59
00007058.jpg,59
00007059.jpg,59
00007060.jpg,59
00007061.jpg,59
00007062.jpg,59
00007063.jpg,59
00007064.jpg,59
00007065.jpg,59
00007066.jpg,59
00007067.jpg,59
00007068.jpg,59
00007069.jpg,59
00007070.jpg,59
00007071.jpg,59
00007072.jpg,59
00007073.jpg,59
00007074.jpg,59
00007075.jpg,59
00007076.jpg,59
00007077.jpg,59
00007078.jpg,59
00007079.jpg,59
00007080.jpg,59
00007081.jpg,60
00007082.jpg,60
00007083.jpg,60
00007084.jpg,60
00007085.jpg,60
00007086.jpg,60
00007087.jpg,60
00007088.jpg,60
00007089.jpg,60
00007090.jpg,60
00007091.jpg,60
00007092.jpg,60
00007093.jpg,60
00007094.jpg,60
00007095.jpg,60
00007096.jpg,60
00007097.jpg,60
00007098.jpg,60
00007099.jpg,60
00007100.jpg,60
00007101.jpg,60
00007102.jpg,60
00007103.jpg,60
00007104.jpg,60
00007105.jpg,60
00007106.jpg,60
00007107.jpg,60
00007108.jpg,60
00007109.jpg,60
00007110.jpg,60
00007111.jpg,60
00007112.jpg,60
00007113.jpg,60
00007114.jpg,60
00007115.jpg,60
00007116.jpg,60
00007117.jpg,60
00007118.jpg,60
00007119.jpg,60
00007120.jpg,60
00007121.jpg,60
00007122.jpg,60
00007123.jpg,60
00007124.jpg,60
00007125.jpg,60
00007126.jpg,60
00007127.jpg,60
00007128.jpg,60
00007129.jpg,60
00007130.jpg,60
00007131.jpg,60
00007132.jpg,60
00007133.jpg,60
00007134.jpg,60
00007135.jpg,60
00007136.jpg,60
00007137.jpg,60
00007138.jpg,60
00007139.jpg,60
00007140.jpg,60
00007141.jpg,60
00007142.jpg,60
00007143.jpg,60
00007144.jpg,60
00007145.jpg,60
00007146.jpg,60
00007147.jpg,60
00007148.jpg,60
00007149.jpg,60
00007150.jpg,60
00007151.jpg,60
00007152.jpg,60
00007153.jpg,60
00007154.jpg,60
00007155.jpg,60
00007156.jpg,60
00007157.jpg,60
00007158.jpg,60
00007159.jpg,60
00007160.jpg,60
00007161.jpg,60
00007162.jpg,60
00007163.jpg,60
00007164.jpg,60
00007165.jpg,60
00007166.jpg,60
00007167.jpg,60
00007168.jpg,60
00007169.jpg,60
00007170.jpg,60
00007171.jpg,60
00007172.jpg,60
00007173.jpg,60
00007174.jpg,60
00007175.jpg,60
00007176.jpg,60
00007177.jpg,60
00007178.jpg,60
00007179.jpg,60
00007180.jpg,60
00007181.jpg,60
00007182.jpg,60
00007183.jpg,60
00007184.jpg,60
00007185.jpg,60
00007186.jpg,60
00007187.jpg,60
00007188.jpg,60
00007189.jpg,60
00007190.jpg,60
00007191.jpg,60
00007192.jpg,60
00007193.jpg,60
00007194.jpg,60
00007195.jpg,60
00007196.jpg,60
00007197.jpg,60
00007198.jpg,60
00007199.jpg,61
00007200.jpg,61
00007201.jpg,61
00007202.jpg,61
00007203.jpg,61
00007204.jpg,61
00007205.jpg,61
00007206.jpg,61
00007207.jpg,61
00007208.jpg,61
00007209.jpg,61
00007210.jpg,61
00007211.jpg,61
00007212.jpg,61
00007213.jpg,61
00007214.jpg,61
00007215.jpg,61
00007216.jpg,61
00007217.jpg,61
00007218.jpg,61
00007219.jpg,61
00007220.jpg,61
00007221.jpg,61
00007222.jpg,61
00007223.jpg,61
00007224.jpg,61
00007225.jpg,61
00007226.jpg,61
00007227.jpg,61
00007228.jpg,61
00007229.jpg,61
00007230.jpg,61
00007231.jpg,61
00007232.jpg,61
00007233.jpg,61
00007234.jpg,61
00007235.jpg,61
00007236.jpg,61
00007237.jpg,61
00007238.jpg,61
00007239.jpg,61
00007240.jpg,61
00007241.jpg,61
00007242.jpg,61
00007243.jpg,61
00007244.jpg,61
00007245.jpg,61
00007246.jpg,61
00007247.jpg,61
00007248.jpg,61
00007249.jpg,61
00007250.jpg,61
00007251.jpg,61
00007252.jpg,61
00007253.jpg,61
00007254.jpg,61
00007255.jpg,61
00007256.jpg,61
00007257.jpg,61
00007258.jpg,61
00007259.jpg,61
00007260.jpg,61
00007261.jpg,61
00007262.jpg,61
00007263.jpg,61
00007264.jpg,61
00007265.jpg,61
00007266.jpg,61
00007267.jpg,61
00007268.jpg,61
00007269.jpg,61
00007270.jpg,61
00007271.jpg,61
00007272.jpg,61
00007273.jpg,61
00007274.jpg,61
00007275.jpg,61
00007276.jpg,61
00007277.jpg,61
00007278.jpg,61
00007279.jpg,61
00007280.jpg,61
00007281.jpg,61
00007282.jpg,61
00007283.jpg,61
00007284.jpg,61
00007285.jpg,61
00007286.jpg,61
00007287.jpg,61
00007288.jpg,61
00007289.jpg,61
00007290.jpg,61
00007291.jpg,61
00007292.jpg,61
00007293.jpg,61
00007294.jpg,61
00007295.jpg,61
00007296.jpg,61
00007297.jpg,61
00007298.jpg,61
00007299.jpg,61
00007300.jpg,61
00007301.jpg,61
00007302.jpg,61
00007303.jpg,61
00007304.jpg,61
00007305.jpg,61
00007306.jpg,61
00007307.jpg,61
00007308.jpg,61
00007309.jpg,61
00007310.jpg,61
00007311.jpg,61
00007312.jpg,61
00007313.jpg,61
00007314.jpg,61
00007315.jpg,61
00007316.jpg,61
00007317.jpg,62
00007318.jpg,62
00007319.jpg,62
00007320.jpg,62
00007321.jpg,62
00007322.jpg,62
00007323.jpg,62
00007324.jpg,62
00007325.jpg,62
00007326.jpg,62
00007327.jpg,62
00007328.jpg,62
00007329.jpg,62
00007330.jpg,62
00007331.jpg,62
00007332.jpg,62
00007333.jpg,62
00007334.jpg,62
00007335.jpg,62
00007336.jpg,62
00007337.jpg,62
00007338.jpg,62
00007339.jpg,62
00007340.jpg,62
00007341.jpg,62
00007342.jpg,62
00007343.jpg,62
00007344.jpg,62
00007345.jpg,62
00007346.jpg,62
00007347.jpg,62
00007348.jpg,62
00007349.jpg,62
00007350.jpg,62
00007351.jpg,62
00007352.jpg,62
00007353.jpg,62
00007354.jpg,62
00007355.jpg,62
00007356.jpg,62
00007357.jpg,62
00007358.jpg,62
00007359.jpg,62
00007360.jpg,62
00007361.jpg,62
00007362.jpg,62
00007363.jpg,62
00007364.jpg,62
00007365.jpg,62
00007366.jpg,62
00007367.jpg,62
00007368.jpg,62
00007369.jpg,62
00007370.jpg,62
00007371.jpg,62
00007372.jpg,62
00007373.jpg,62
00007374.jpg,62
00007375.jpg,62
00007376.jpg,62
00007377.jpg,62
00007378.jpg,62
00007379.jpg,62
00007380.jpg,62
00007381.jpg,62
00007382.jpg,62
00007383.jpg,62
00007384.jpg,62
00007385.jpg,62
00007386.jpg,62
00007387.jpg,62
00007388.jpg,62
00007389.jpg,62
00007390.jpg,62
00007391.jpg,62
00007392.jpg,62
00007393.jpg,62
00007394.jpg,62
00007395.jpg,62
00007396.jpg,62
00007397.jpg,62
00007398.jpg,62
00007399.jpg,62
00007400.jpg,62
00007401.jpg,62
00007402.jpg,62
00007403.jpg,62
00007404.jpg,62
00007405.jpg,62
00007406.jpg,62
00007407.jpg,62
00007408.jpg,62
00007409.jpg,62
00007410.jpg,62
00007411.jpg,62
00007412.jpg,62
00007413.jpg,62
00007414.jpg,62
00007415.jpg,62
00007416.jpg,62
00007417.jpg,62
00007418.jpg,62
00007419.jpg,62
00007420.jpg,62
00007421.jpg,62
00007422.jpg,62
00007423.jpg,62
00007424.jpg,62
00007425.jpg,62
00007426.jpg,62
00007427.jpg,62
00007428.jpg,62
00007429.jpg,62
00007430.jpg,62
00007431.jpg,62
00007432.jpg,62
00007433.jpg,62
00007434.jpg,62
00007435.jpg,63
00007436.jpg,63
00007437.jpg,63
00007438.jpg,63
00007439.jpg,63
00007440.jpg,63
00007441.jpg,63
00007442.jpg,63
00007443.jpg,63
00007444.jpg,63
00007445.jpg,63
00007446.jpg,63
00007447.jpg,63
00007448.jpg,63
00007449.jpg,63
00007450.jpg,63
00007451.jpg,63
00007452.jpg,63
00007453.jpg,63
00007454.jpg,63
00007455.jpg,63
00007456.jpg,63
00007457.jpg,63
00007458.jpg,63
00007459.jpg,63
00007460.jpg,63
00007461.jpg,63
00007462.jpg,63
00007463.jpg,63
00007464.jpg,63
00007465.jpg,63
00007466.jpg,63
00007467.jpg,63
00007468.jpg,63
00007469.jpg,63
00007470.jpg,63
00007471.jpg,63
00007472.jpg,63
00007473.jpg,63
00007474.jpg,63
00007475.jpg,63
00007476.jpg,63
00007477.jpg,63
00007478.jpg,63
00007479.jpg,63
00007480.jpg,63
00007481.jpg,63
00007482.jpg,63
00007483.jpg,63
00007484.jpg,63
00007485.jpg,63
00007486.jpg,63
00007487.jpg,63
00007488.jpg,63
00007489.jpg,63
00007490.jpg,63
00007491.jpg,63
00007492.jpg,63
00007493.jpg,63
00007494.jpg,63
00007495.jpg,63
00007496.jpg,63
00007497.jpg,63
00007498.jpg,63
00007499.jpg,63
00007500.jpg,63
00007501.jpg,63
00007502.jpg,63
00007503.jpg,63
00007504.jpg,63
00007505.jpg,63
00007506.jpg,63
00007507.jpg,63
00007508.jpg,63
00007509.jpg,63
00007510.jpg,63
00007511.jpg,63
00007512.jpg,63
00007513.jpg,63
00007514.jpg,63
00007515.jpg,63
00007516.jpg,63
00007517.jpg,63
00007518.jpg,63
00007519.jpg,63
00007520.jpg,63
00007521.jpg,63
00007522.jpg,63
00007523.jpg,63
00007524.jpg,63
00007525.jpg,63
00007526.jpg,63
00007527.jpg,63
00007528.jpg,63
00007529.jpg,63
00007530.jpg,63
00007531.jpg,63
00007532.jpg,63
00007533.jpg,63
00007534.jpg,63
00007535.jpg,63
00007536.jpg,63
00007537.jpg,63
00007538.jpg,63
00007539.jpg,63
00007540.jpg,63
00007541.jpg,63
00007542.jpg,63
00007543.jpg,63
00007544.jpg,63
00007545.jpg,63
00007546.jpg,63
00007547.jpg,63
00007548.jpg,63
00007549.jpg,63
00007550.jpg,63
00007551.jpg,63
00007552.jpg,63
00007553.jpg,64
00007554.jpg,64
00007555.jpg,64
00007556.jpg,64
00007557.jpg,64
00007558.jpg,64
00007559.jpg,64
00007560.jpg,64
00007561.jpg,64
00007562.jpg,64
00007563.jpg,64
00007564.jpg,64
00007565.jpg,64
00007566.jpg,64
00007567.jpg,64
00007568.jpg,64
00007569.jpg,64
00007570.jpg,64
00007571.jpg,64
00007572.jpg,64
00007573.jpg,64
00007574.jpg,64
00007575.jpg,64
00007576.jpg,64
00007577.jpg,64
00007578.jpg,64
00007579.jpg,64
00007580.jpg,64
00007581.jpg,64
00007582.jpg,64
00007583.jpg,64
00007584.jpg,64
00007585.jpg,64
00007586.jpg,64
00007587.jpg,64
00007588.jpg,64
00007589.jpg,64
00007590.jpg,64
00007591.jpg,64
00007592.jpg,64
00007593.jpg,64
00007594.jpg,64
00007595.jpg,64
00007596.jpg,64
00007597.jpg,64
00007598.jpg,64
00007599.jpg,64
00007600.jpg,64
00007601.jpg,64
00007602.jpg,64
00007603.jpg,64
00007604.jpg,64
00007605.jpg,64
00007606.jpg,64
00007607.jpg,64
00007608.jpg,64
00007609.jpg,64
00007610.jpg,64
00007611.jpg,64
00007612.jpg,64
00007613.jpg,64
00007614.jpg,64
00007615.jpg,64
00007616.jpg,64
00007617.jpg,64
00007618.jpg,64
00007619.jpg,64
00007620.jpg,64
00007621.jpg,64
00007622.jpg,64
00007623.jpg,64
00007624.jpg,64
00007625.jpg,64
00007626.jpg,64
00007627.jpg,64
00007628.jpg,64
00007629.jpg,64
00007630.jpg,64
00007631.jpg,64
00007632.jpg,64
00007633.jpg,64
00007634.jpg,64
00007635.jpg,64
00007636.jpg,64
00007637.jpg,64
00007638.jpg,64
00007639.jpg,64
00007640.jpg,64
00007641.jpg,64
00007642.jpg,64
00007643.jpg,64
00007644.jpg,64
00007645.jpg,64
00007646.jpg,64
00007647.jpg,64
00007648.jpg,64
00007649.jpg,64
00007650.jpg,64
00007651.jpg,64
00007652.jpg,64
00007653.jpg,64
00007654.jpg,64
00007655.jpg,64
00007656.jpg,64
00007657.jpg,64
00007658.jpg,64
00007659.jpg,64
00007660.jpg,64
00007661.jpg,64
00007662.jpg,64
00007663.jpg,64
00007664.jpg,64
00007665.jpg,64
00007666.jpg,64
00007667.jpg,64
00007668.jpg,64
00007669.jpg,64
00007670.jpg,64
00007671.jpg,65
00007672.jpg,65
00007673.jpg,65
00007674.jpg,65
00007675.jpg,65
00007676.jpg,65
00007677.jpg,65
00007678.jpg,65
00007679.jpg,65
00007680.jpg,65
00007681.jpg,65
00007682.jpg,65
00007683.jpg,65
00007684.jpg,65
00007685.jpg,65
00007686.jpg,65
00007687.jpg,65
00007688.jpg,65
00007689.jpg,65
00007690.jpg,65
00007691.jpg,65
00007692.jpg,65
00007693.jpg,65
00007694.jpg,65
00007695.jpg,65
00007696.jpg,65
00007697.jpg,65
00007698.jpg,65
00007699.jpg,65
00007700.jpg,65
00007701.jpg,65
00007702.jpg,65
00007703.jpg,65
00007704.jpg,65
00007705.jpg,65
00007706.jpg,65
00007707.jpg,65
00007708.jpg,65
00007709.jpg,65
00007710.jpg,65
00007711.jpg,65
00007712.jpg,65
00007713.jpg,65
00007714.jpg,65
00007715.jpg,65
00007716.jpg,65
00007717.jpg,65
00007718.jpg,65
00007719.jpg,65
00007720.jpg,65
00007721.jpg,65
00007722.jpg,65
00007723.jpg,65
00007724.jpg,65
00007725.jpg,65
00007726.jpg,65
00007727.jpg,65
00007728.jpg,65
00007729.jpg,65
00007730.jpg,65
00007731.jpg,65
00007732.jpg,65
00007733.jpg,65
00007734.jpg,65
00007735.jpg,65
00007736.jpg,65
00007737.jpg,65
00007738.jpg,65
00007739.jpg,65
00007740.jpg,65
00007741.jpg,65
00007742.jpg,65
00007743.jpg,65
00007744.jpg,65
00007745.jpg,65
00007746.jpg,65
00007747.jpg,65
00007748.jpg,65
00007749.jpg,65
00007750.jpg,65
00007751.jpg,65
00007752.jpg,65
00007753.jpg,65
00007754.jpg,65
00007755.jpg,65
00007756.jpg,65
00007757.jpg,65
00007758.jpg,65
00007759.jpg,65
00007760.jpg,65
00007761.jpg,65
00007762.jpg,65
00007763.jpg,65
00007764.jpg,65
00007765.jpg,65
00007766.jpg,65
00007767.jpg,65
00007768.jpg,65
00007769.jpg,65
00007770.jpg,65
00007771.jpg,65
00007772.jpg,65
00007773.jpg,65
00007774.jpg,65
00007775.jpg,65
00007776.jpg,65
00007777.jpg,65
00007778.jpg,65
00007779.jpg,65
00007780.jpg,65
00007781.jpg,65
00007782.jpg,65
00007783.jpg,65
00007784.jpg,65
00007785.jpg,65
00007786.jpg,65
00007787.jpg,65
00007788.jpg,65
00007789.jpg,66
00007790.jpg,66
00007791.jpg,66
00007792.jpg,66
00007793.jpg,66
00007794.jpg,66
00007795.jpg,66
00007796.jpg,66
00007797.jpg,66
00007798.jpg,66
00007799.jpg,66
00007800.jpg,66
00007801.jpg,66
00007802.jpg,66
00007803.jpg,66
00007804.jpg,66
00007805.jpg,66
00007806.jpg,66
00007807.jpg,66
00007808.jpg,66
00007809.jpg,66
00007810.jpg,66
00007811.jpg,66
00007812.jpg,66
00007813.jpg,66
00007814.jpg,66
00007815.jpg,66
00007816.jpg,66
00007817.jpg,66
00007818.jpg,66
00007819.jpg,66
00007820.jpg,66
00007821.jpg,66
00007822.jpg,66
00007823.jpg,66
00007824.jpg,66
00007825.jpg,66
00007826.jpg,66
00007827.jpg,66
00007828.jpg,66
00007829.jpg,66
00007830.jpg,66
00007831.jpg,66
00007832.jpg,66
00007833.jpg,66
00007834.jpg,66
00007835.jpg,66
00007836.jpg,66
00007837.jpg,66
00007838.jpg,66
00007839.jpg,66
00007840.jpg,66
00007841.jpg,66
00007842.jpg,66
00007843.jpg,66
00007844.jpg,66
00007845.jpg,66
00007846.jpg,66
00007847.jpg,66
00007848.jpg,66
00007849.jpg,66
00007850.jpg,66
00007851.jpg,66
00007852.jpg,66
00007853.jpg,66
00007854.jpg,66
00007855.jpg,66
00007856.jpg,66
00007857.jpg,66
00007858.jpg,66
00007859.jpg,66
00007860.jpg,66
00007861.jpg,66
00007862.jpg,66
00007863.jpg,66
00007864.jpg,66
00007865.jpg,66
00007866.jpg,66
00007867.jpg,66
00007868.jpg,66
00007869.jpg,66
00007870.jpg,66
00007871.jpg,66
00007872.jpg,66
00007873.jpg,66
00007874.jpg,66
00007875.jpg,66
00007876.jpg,66
00007877.jpg,66
00007878.jpg,66
00007879.jpg,66
00007880.jpg,66
00007881.jpg,66
00007882.jpg,66
00007883.jpg,66
00007884.jpg,66
00007885.jpg,66
00007886.jpg,66
00007887.jpg,66
00007888.jpg,66
00007889.jpg,66
00007890.jpg,66
00007891.jpg,66
00007892.jpg,66
00007893.jpg,66
00007894.jpg,66
00007895.jpg,66
00007896.jpg,66
00007897.jpg,66
00007898.jpg,66
00007899.jpg,66
00007900.jpg,66
00007901.jpg,66
00007902.jpg,66
00007903.jpg,66
00007904.jpg,66
00007905.jpg,66
00007906.jpg,66
00007907.jpg,67
00007908.jpg,67
00007909.jpg,67
00007910.jpg,67
00007911.jpg,67
00007912.jpg,67
00007913.jpg,67
00007914.jpg,67
00007915.jpg,67
00007916.jpg,67
00007917.jpg,67
00007918.jpg,67
00007919.jpg,67
00007920.jpg,67
00007921.jpg,67
00007922.jpg,67
00007923.jpg,67
00007924.jpg,67
00007925.jpg,67
00007926.jpg,67
00007927.jpg,67
00007928.jpg,67
00007929.jpg,67
00007930.jpg,67
00007931.jpg,67
00007932.jpg,67
00007933.jpg,67
00007934.jpg,67
00007935.jpg,67
00007936.jpg,67
00007937.jpg,67
00007938.jpg,67
00007939.jpg,67
00007940.jpg,67
00007941.jpg,67
00007942.jpg,67
00007943.jpg,67
00007944.jpg,67
00007945.jpg,67
00007946.jpg,67
00007947.jpg,67
00007948.jpg,67
00007949.jpg,67
00007950.jpg,67
00007951.jpg,67
00007952.jpg,67
00007953.jpg,67
00007954.jpg,67
00007955.jpg,67
00007956.jpg,67
00007957.jpg,67
00007958.jpg,67
00007959.jpg,67
00007960.jpg,67
00007961.jpg,67
00007962.jpg,67
00007963.jpg,67
00007964.jpg,67
00007965.jpg,67
00007966.jpg,67
00007967.jpg,67
00007968.jpg,67
00007969.jpg,67
00007970.jpg,67
00007971.jpg,67
00007972.jpg,67
00007973.jpg,67
00007974.jpg,67
00007975.jpg,67
00007976.jpg,67
00007977.jpg,67
00007978.jpg,67
00007979.jpg,67
00007980.jpg,67
00007981.jpg,67
00007982.jpg,67
00007983.jpg,67
00007984.jpg,67
00007985.jpg,67
00007986.jpg,67
00007987.jpg,67
00007988.jpg,67
00007989.jpg,67
00007990.jpg,67
00007991.jpg,67
00007992.jpg,67
00007993.jpg,67
00007994.jpg,67
00007995.jpg,67
00007996.jpg,67
00007997.jpg,67
00007998.jpg,67
00007999.jpg,67
00008000.jpg,67
00008001.jpg,67
00008002.jpg,67
00008003.jpg,67
00008004.jpg,67
00008005.jpg,67
00008006.jpg,67
00008007.jpg,67
00008008.jpg,67
00008009.jpg,67
00008010.jpg,67
00008011.jpg,67
00008012.jpg,67
00008013.jpg,67
00008014.jpg,67
00008015.jpg,67
00008016.jpg,67
00008017.jpg,67
00008018.jpg,67
00008019.jpg,67
00008020.jpg,67
00008021.jpg,67
00008022.jpg,67
00008023.jpg,67
00008024.jpg,67
00008025.jpg,68
00008026.jpg,68
00008027.jpg,68
00008028.jpg,68
00008029.jpg,68
00008030.jpg,68
00008031.jpg,68
00008032.jpg,68
00008033.jpg,68
00008034.jpg,68
00008035.jpg,68
00008036.jpg,68
00008037.jpg,68
00008038.jpg,68
00008039.jpg,68
00008040.jpg,68
00008041.jpg,68
00008042.jpg,68
00008043.jpg,68
00008044.jpg,68
00008045.jpg,68
00008046.jpg,68
00008047.jpg,68
00008048.jpg,68
00008049.jpg,68
00008050.jpg,68
00008051.jpg,68
00008052.jpg,68
00008053.jpg,68
00008054.jpg,68
00008055.jpg,68
00008056.jpg,68
00008057.jpg,68
00008058.jpg,68
00008059.jpg,68
00008060.jpg,68
00008061.jpg,68
00008062.jpg,68
00008063.jpg,68
00008064.jpg,68
00008065.jpg,68
00008066.jpg,68
00008067.jpg,68
00008068.jpg,68
00008069.jpg,68
00008070.jpg,68
00008071.jpg,68
00008072.jpg,68
00008073.jpg,68
00008074.jpg,68
00008075.jpg,68
00008076.jpg,68
00008077.jpg,68
00008078.jpg,68
00008079.jpg,68
00008080.jpg,68
00008081.jpg,68
00008082.jpg,68
00008083.jpg,68
00008084.jpg,68
00008085.jpg,68
00008086.jpg,68
00008087.jpg,68
00008088.jpg,68
00008089.jpg,68
00008090.jpg,68
00008091.jpg,68
00008092.jpg,68
00008093.jpg,68
00008094.jpg,68
00008095.jpg,68
00008096.jpg,68
00008097.jpg,68
00008098.jpg,68
00008099.jpg,68
00008100.jpg,68
00008101.jpg,68
00008102.jpg,68
00008103.jpg,68
00008104.jpg,68
00008105.jpg,68
00008106.jpg,68
00008107.jpg,68
00008108.jpg,68
00008109.jpg,68
00008110.jpg,68
00008111.jpg,68
00008112.jpg,68
00008113.jpg,68
00008114.jpg,68
00008115.jpg,68
00008116.jpg,68
00008117.jpg,68
00008118.jpg,68
00008119.jpg,68
00008120.jpg,68
00008121.jpg,68
00008122.jpg,68
00008123.jpg,68
00008124.jpg,68
00008125.jpg,68
00008126.jpg,68
00008127.jpg,68
00008128.jpg,68
00008129.jpg,68
00008130.jpg,68
00008131.jpg,68
00008132.jpg,68
00008133.jpg,68
00008134.jpg,68
00008135.jpg,68
00008136.jpg,68
00008137.jpg,68
00008138.jpg,68
00008139.jpg,68
00008140.jpg,68
00008141.jpg,68
00008142.jpg,68
00008143.jpg,69
00008144.jpg,69
00008145.jpg,69
00008146.jpg,69
00008147.jpg,69
00008148.jpg,69
00008149.jpg,69
00008150.jpg,69
00008151.jpg,69
00008152.jpg,69
00008153.jpg,69
00008154.jpg,69
00008155.jpg,69
00008156.jpg,69
00008157.jpg,69
00008158.jpg,69
00008159.jpg,69
00008160.jpg,69
00008161.jpg,69
00008162.jpg,69
00008163.jpg,69
00008164.jpg,69
00008165.jpg,69
00008166.jpg,69
00008167.jpg,69
00008168.jpg,69
00008169.jpg,69
00008170.jpg,69
00008171.jpg,69
00008172.jpg,69
00008173.jpg,69
00008174.jpg,69
00008175.jpg,69
00008176.jpg,69
00008177.jpg,69
00008178.jpg,69
00008179.jpg,69
00008180.jpg,69
00008181.jpg,69
00008182.jpg,69
00008183.jpg,69
00008184.jpg,69
00008185.jpg,69
00008186.jpg,69
00008187.jpg,69
00008188.jpg,69
00008189.jpg,69
00008190.jpg,69
00008191.jpg,69
00008192.jpg,69
00008193.jpg,69
00008194.jpg,69
00008195.jpg,69
00008196.jpg,69
00008197.jpg,69
00008198.jpg,69
00008199.jpg,69
00008200.jpg,69
00008201.jpg,69
00008202.jpg,69
00008203.jpg,69
00008204.jpg,69
00008205.jpg,69
00008206.jpg,69
00008207.jpg,69
00008208.jpg,69
00008209.jpg,69
00008210.jpg,69
00008211.jpg,69
00008212.jpg,69
00008213.jpg,69
00008214.jpg,69
00008215.jpg,69
00008216.jpg,69
00008217.jpg,69
00008218.jpg,69
00008219.jpg,69
00008220.jpg,69
00008221.jpg,69
00008222.jpg,69
00008223.jpg,69
00008224.jpg,69
00008225.jpg,69
00008226.jpg,69
00008227.jpg,69
00008228.jpg,69
00008229.jpg,69
00008230.jpg,69
00008231.jpg,69
00008232.jpg,69
00008233.jpg,69
00008234.jpg,69
00008235.jpg,69
00008236.jpg,69
00008237.jpg,69
00008238.jpg,69
00008239.jpg,69
00008240.jpg,69
00008241.jpg,69
00008242.jpg,69
00008243.jpg,69
00008244.jpg,69
00008245.jpg,69
00008246.jpg,69
00008247.jpg,69
00008248.jpg,69
00008249.jpg,69
00008250.jpg,69
00008251.jpg,69
00008252.jpg,69
00008253.jpg,69
00008254.jpg,69
00008255.jpg,69
00008256.jpg,69
00008257.jpg,69
00008258.jpg,69
00008259.jpg,69
00008260.jpg,69
00008261.jpg,70
00008262.jpg,70
00008263.jpg,70
00008264.jpg,70
00008265.jpg,70
00008266.jpg,70
00008267.jpg,70
00008268.jpg,70
00008269.jpg,70
00008270.jpg,70
00008271.jpg,70
00008272.jpg,70
00008273.jpg,70
00008274.jpg,70
00008275.jpg,70
00008276.jpg,70
00008277.jpg,70
00008278.jpg,70
00008279.jpg,70
00008280.jpg,70
00008281.jpg,70
00008282.jpg,70
00008283.jpg,70
00008284.jpg,70
00008285.jpg,70
00008286.jpg,70
00008287.jpg,70
00008288.jpg,70
00008289.jpg,70
00008290.jpg,70
00008291.jpg,70
00008292.jpg,70
00008293.jpg,70
00008294.jpg,70
00008295.jpg,70
00008296.jpg,70
00008297.jpg,70
00008298.jpg,70
00008299.jpg,70
00008300.jpg,70
00008301.jpg,70
00008302.jpg,70
00008303.jpg,70
00008304.jpg,70
00008305.jpg,70
00008306.jpg,70
00008307.jpg,70
00008308.jpg,70
00008309.jpg,70
00008310.jpg,70
00008311.jpg,70
00008312.jpg,70
00008313.jpg,70
00008314.jpg,70
00008315.jpg,70
00008316.jpg,70
00008317.jpg,70
00008318.jpg,70
00008319.jpg,70
00008320.jpg,70
00008321.jpg,70
00008322.jpg,70
00008323.jpg,70
00008324.jpg,70
00008325.jpg,70
00008326.jpg,70
00008327.jpg,70
00008328.jpg,70
00008329.jpg,70
00008330.jpg,70
00008331.jpg,70
00008332.jpg,70
00008333.jpg,70
00008334.jpg,70
00008335.jpg,70
00008336.jpg,70
00008337.jpg,70
00008338.jpg,70
00008339.jpg,70
00008340.jpg,70
00008341.jpg,70
00008342.jpg,70
00008343.jpg,70
00008344.jpg,70
00008345.jpg,70
00008346.jpg,70
00008347.jpg,70
00008348.jpg,70
00008349.jpg,70
00008350.jpg,70
00008351.jpg,70
00008352.jpg,70
00008353.jpg,70
00008354.jpg,70
00008355.jpg,70
00008356.jpg,70
00008357.jpg,70
00008358.jpg,70
00008359.jpg,70
00008360.jpg,70
00008361.jpg,70
00008362.jpg,70
00008363.jpg,70
00008364.jpg,70
00008365.jpg,70
00008366.jpg,70
00008367.jpg,70
00008368.jpg,70
00008369.jpg,70
00008370.jpg,70
00008371.jpg,70
00008372.jpg,70
00008373.jpg,70
00008374.jpg,70
00008375.jpg,70
00008376.jpg,70
00008377.jpg,70
00008378.jpg,70
00008379.jpg,71
00008380.jpg,71
00008381.jpg,71
00008382.jpg,71
00008383.jpg,71
00008384.jpg,71
00008385.jpg,71
00008386.jpg,71
00008387.jpg,71
00008388.jpg,71
00008389.jpg,71
00008390.jpg,71
00008391.jpg,71
00008392.jpg,71
00008393.jpg,71
00008394.jpg,71
00008395.jpg,71
00008396.jpg,71
00008397.jpg,71
00008398.jpg,71
00008399.jpg,71
00008400.jpg,71
00008401.jpg,71
00008402.jpg,71
00008403.jpg,71
00008404.jpg,71
00008405.jpg,71
00008406.jpg,71
00008407.jpg,71
00008408.jpg,71
00008409.jpg,71
00008410.jpg,71
00008411.jpg,71
00008412.jpg,71
00008413.jpg,71
00008414.jpg,71
00008415.jpg,71
00008416.jpg,71
00008417.jpg,71
00008418.jpg,71
00008419.jpg,71
00008420.jpg,71
00008421.jpg,71
00008422.jpg,71
00008423.jpg,71
00008424.jpg,71
00008425.jpg,71
00008426.jpg,71
00008427.jpg,71
00008428.jpg,71
00008429.jpg,71
00008430.jpg,71
00008431.jpg,71
00008432.jpg,71
00008433.jpg,71
00008434.jpg,71
00008435.jpg,71
00008436.jpg,71
00008437.jpg,71
00008438.jpg,71
00008439.jpg,71
00008440.jpg,71
00008441.jpg,71
00008442.jpg,71
00008443.jpg,71
00008444.jpg,71
00008445.jpg,71
00008446.jpg,71
00008447.jpg,71
00008448.jpg,71
00008449.jpg,71
00008450.jpg,71
00008451.jpg,71
00008452.jpg,71
00008453.jpg,71
00008454.jpg,71
00008455.jpg,71
00008456.jpg,71
00008457.jpg,71
00008458.jpg,71
00008459.jpg,71
00008460.jpg,71
00008461.jpg,71
00008462.jpg,71
00008463.jpg,71
00008464.jpg,71
00008465.jpg,71
00008466.jpg,71
00008467.jpg,71
00008468.jpg,71
00008469.jpg,71
00008470.jpg,71
00008471.jpg,71
00008472.jpg,71
00008473.jpg,71
00008474.jpg,71
00008475.jpg,71
00008476.jpg,71
00008477.jpg,71
00008478.jpg,71
00008479.jpg,71
00008480.jpg,71
00008481.jpg,71
00008482.jpg,71
00008483.jpg,71
00008484.jpg,71
00008485.jpg,71
00008486.jpg,71
00008487.jpg,71
00008488.jpg,71
00008489.jpg,71
00008490.jpg,71
00008491.jpg,71
00008492.jpg,71
00008493.jpg,71
00008494.jpg,71
00008495.jpg,71
00008496.jpg,71
00008497.jpg,72
00008498.jpg,72
00008499.jpg,72
00008500.jpg,72
00008501.jpg,72
00008502.jpg,72
00008503.jpg,72
00008504.jpg,72
00008505.jpg,72
00008506.jpg,72
00008507.jpg,72
00008508.jpg,72
00008509.jpg,72
00008510.jpg,72
00008511.jpg,72
00008512.jpg,72
00008513.jpg,72
00008514.jpg,72
00008515.jpg,72
00008516.jpg,72
00008517.jpg,72
00008518.jpg,72
00008519.jpg,72
00008520.jpg,72
00008521.jpg,72
00008522.jpg,72
00008523.jpg,72
00008524.jpg,72
00008525.jpg,72
00008526.jpg,72
00008527.jpg,72
00008528.jpg,72
00008529.jpg,72
00008530.jpg,72
00008531.jpg,72
00008532.jpg,72
00008533.jpg,72
00008534.jpg,72
00008535.jpg,72
00008536.jpg,72
00008537.jpg,72
00008538.jpg,72
00008539.jpg,72
00008540.jpg,72
00008541.jpg,72
00008542.jpg,72
00008543.jpg,72
00008544.jpg,72
00008545.jpg,72
00008546.jpg,72
00008547.jpg,72
00008548.jpg,72
00008549.jpg,72
00008550.jpg,72
00008551.jpg,72
00008552.jpg,72
00008553.jpg,72
00008554.jpg,72
00008555.jpg,72
00008556.jpg,72
00008557.jpg,72
00008558.jpg,72
00008559.jpg,72
00008560.jpg,72
00008561.jpg,72
00008562.jpg,72
00008563.jpg,72
00008564.jpg,72
00008565.jpg,72
00008566.jpg,72
00008567.jpg,72
00008568.jpg,72
00008569.jpg,72
00008570.jpg,72
00008571.jpg,72
00008572.jpg,72
00008573.jpg,72
00008574.jpg,72
00008575.jpg,72
00008576.jpg,72
00008577.jpg,72
00008578.jpg,72
00008579.jpg,72
00008580.jpg,72
00008581.jpg,72
00008582.jpg,72
00008583.jpg,72
00008584.jpg,72
00008585.jpg,72
00008586.jpg,72
00008587.jpg,72
00008588.jpg,72
00008589.jpg,72
00008590.jpg,72
00008591.jpg,72
00008592.jpg,72
00008593.jpg,72
00008594.jpg,72
00008595.jpg,72
00008596.jpg,72
00008597.jpg,72
00008598.jpg,72
00008599.jpg,72
00008600.jpg,72
00008601.jpg,72
00008602.jpg,72
00008603.jpg,72
00008604.jpg,72
00008605.jpg,72
00008606.jpg,72
00008607.jpg,72
00008608.jpg,72
00008609.jpg,72
00008610.jpg,72
00008611.jpg,72
00008612.jpg,72
00008613.jpg,72
00008614.jpg,72
00008615.jpg,73
00008616.jpg,73
00008617.jpg,73
00008618.jpg,73
00008619.jpg,73
00008620.jpg,73
00008621.jpg,73
00008622.jpg,73
00008623.jpg,73
00008624.jpg,73
00008625.jpg,73
00008626.jpg,73
00008627.jpg,73
00008628.jpg,73
00008629.jpg,73
00008630.jpg,73
00008631.jpg,73
00008632.jpg,73
00008633.jpg,73
00008634.jpg,73
00008635.jpg,73
00008636.jpg,73
00008637.jpg,73
00008638.jpg,73
00008639.jpg,73
00008640.jpg,73
00008641.jpg,73
00008642.jpg,73
00008643.jpg,73
00008644.jpg,73
00008645.jpg,73
00008646.jpg,73
00008647.jpg,73
00008648.jpg,73
00008649.jpg,73
00008650.jpg,73
00008651.jpg,73
00008652.jpg,73
00008653.jpg,73
00008654.jpg,73
00008655.jpg,73
00008656.jpg,73
00008657.jpg,73
00008658.jpg,73
00008659.jpg,73
00008660.jpg,73
00008661.jpg,73
00008662.jpg,73
00008663.jpg,73
00008664.jpg,73
00008665.jpg,73
00008666.jpg,73
00008667.jpg,73
00008668.jpg,73
00008669.jpg,73
00008670.jpg,73
00008671.jpg,73
00008672.jpg,73
00008673.jpg,73
00008674.jpg,73
00008675.jpg,73
00008676.jpg,73
00008677.jpg,73
00008678.jpg,73
00008679.jpg,73
00008680.jpg,73
00008681.jpg,73
00008682.jpg,73
00008683.jpg,73
00008684.jpg,73
00008685.jpg,73
00008686.jpg,73
00008687.jpg,73
00008688.jpg,73
00008689.jpg,73
00008690.jpg,73
00008691.jpg,73
00008692.jpg,73
00008693.jpg,73
00008694.jpg,73
00008695.jpg,73
00008696.jpg,73
00008697.jpg,73
00008698.jpg,73
00008699.jpg,73
00008700.jpg,73
00008701.jpg,73
00008702.jpg,73
00008703.jpg,73
00008704.jpg,73
00008705.jpg,73
00008706.jpg,73
00008707.jpg,73
00008708.jpg,73
00008709.jpg,73
00008710.jpg,73
00008711.jpg,73
00008712.jpg,73
00008713.jpg,73
00008714.jpg,73
00008715.jpg,73
00008716.jpg,73
00008717.jpg,73
00008718.jpg,73
00008719.jpg,73
00008720.jpg,73
00008721.jpg,73
00008722.jpg,73
00008723.jpg,73
00008724.jpg,73
00008725.jpg,73
00008726.jpg,73
00008727.jpg,73
00008728.jpg,73
00008729.jpg,73
00008730.jpg,73
00008731.jpg,73
00008732.jpg,73
00008733.jpg,74
00008734.jpg,74
00008735.jpg,74
00008736.jpg,74
00008737.jpg,74
00008738.jpg,74
00008739.jpg,74
00008740.jpg,74
00008741.jpg,74
00008742.jpg,74
00008743.jpg,74
00008744.jpg,74
00008745.jpg,74
00008746.jpg,74
00008747.jpg,74
00008748.jpg,74
00008749.jpg,74
00008750.jpg,74
00008751.jpg,74
00008752.jpg,74
00008753.jpg,74
00008754.jpg,74
00008755.jpg,74
00008756.jpg,74
00008757.jpg,74
00008758.jpg,74
00008759.jpg,74
00008760.jpg,74
00008761.jpg,74
00008762.jpg,74
00008763.jpg,74
00008764.jpg,74
00008765.jpg,74
00008766.jpg,74
00008767.jpg,74
00008768.jpg,74
00008769.jpg,74
00008770.jpg,74
00008771.jpg,74
00008772.jpg,74
00008773.jpg,74
00008774.jpg,74
00008775.jpg,74
00008776.jpg,74
00008777.jpg,74
00008778.jpg,74
00008779.jpg,74
00008780.jpg,74
00008781.jpg,74
00008782.jpg,74
00008783.jpg,74
00008784.jpg,74
00008785.jpg,74
00008786.jpg,74
00008787.jpg,74
00008788.jpg,74
00008789.jpg,74
00008790.jpg,74
00008791.jpg,74
00008792.jpg,74
00008793.jpg,74
00008794.jpg,74
00008795.jpg,74
00008796.jpg,74
00008797.jpg,74
00008798.jpg,74
00008799.jpg,74
00008800.jpg,74
00008801.jpg,74
00008802.jpg,74
00008803.jpg,74
00008804.jpg,74
00008805.jpg,74
00008806.jpg,74
00008807.jpg,74
00008808.jpg,74
00008809.jpg,74
00008810.jpg,74
00008811.jpg,74
00008812.jpg,74
00008813.jpg,74
00008814.jpg,74
00008815.jpg,74
00008816.jpg,74
00008817.jpg,74
00008818.jpg,74
00008819.jpg,74
00008820.jpg,74
00008821.jpg,74
00008822.jpg,74
00008823.jpg,74
00008824.jpg,74
00008825.jpg,74
00008826.jpg,74
00008827.jpg,74
00008828.jpg,74
00008829.jpg,74
00008830.jpg,74
00008831.jpg,74
00008832.jpg,74
00008833.jpg,74
00008834.jpg,74
00008835.jpg,74
00008836.jpg,74
00008837.jpg,74
00008838.jpg,74
00008839.jpg,74
00008840.jpg,74
00008841.jpg,74
00008842.jpg,74
00008843.jpg,74
00008844.jpg,74
00008845.jpg,74
00008846.jpg,74
00008847.jpg,74
00008848.jpg,74
00008849.jpg,74
00008850.jpg,74
00008851.jpg,75
00008852.jpg,75
00008853.jpg,75
00008854.jpg,75
00008855.jpg,75
00008856.jpg,75
00008857.jpg,75
00008858.jpg,75
00008859.jpg,75
00008860.jpg,75
00008861.jpg,75
00008862.jpg,75
00008863.jpg,75
00008864.jpg,75
00008865.jpg,75
00008866.jpg,75
00008867.jpg,75
00008868.jpg,75
00008869.jpg,75
00008870.jpg,75
00008871.jpg,75
00008872.jpg,75
00008873.jpg,75
00008874.jpg,75
00008875.jpg,75
00008876.jpg,75
00008877.jpg,75
00008878.jpg,75
00008879.jpg,75
00008880.jpg,75
00008881.jpg,75
00008882.jpg,75
00008883.jpg,75
00008884.jpg,75
00008885.jpg,75
00008886.jpg,75
00008887.jpg,75
00008888.jpg,75
00008889.jpg,75
00008890.jpg,75
00008891.jpg,75
00008892.jpg,75
00008893.jpg,75
00008894.jpg,75
00008895.jpg,75
00008896.jpg,75
00008897.jpg,75
00008898.jpg,75
00008899.jpg,75
00008900.jpg,75
00008901.jpg,75
00008902.jpg,75
00008903.jpg,75
00008904.jpg,75
00008905.jpg,75
00008906.jpg,75
00008907.jpg,75
00008908.jpg,75
00008909.jpg,75
00008910.jpg,75
00008911.jpg,75
00008912.jpg,75
00008913.jpg,75
00008914.jpg,75
00008915.jpg,75
00008916.jpg,75
00008917.jpg,75
00008918.jpg,75
00008919.jpg,75
00008920.jpg,75
00008921.jpg,75
00008922.jpg,75
00008923.jpg,75
00008924.jpg,75
00008925.jpg,75
00008926.jpg,75
00008927.jpg,75
00008928.jpg,75
00008929.jpg,75
00008930.jpg,75
00008931.jpg,75
00008932.jpg,75
00008933.jpg,75
00008934.jpg,75
00008935.jpg,75
00008936.jpg,75
00008937.jpg,75
00008938.jpg,75
00008939.jpg,75
00008940.jpg,75
00008941.jpg,75
00008942.jpg,75
00008943.jpg,75
00008944.jpg,75
00008945.jpg,75
00008946.jpg,75
00008947.jpg,75
00008948.jpg,75
00008949.jpg,75
00008950.jpg,75
00008951.jpg,75
00008952.jpg,75
00008953.jpg,75
00008954.jpg,75
00008955.jpg,75
00008956.jpg,75
00008957.jpg,75
00008958.jpg,75
00008959.jpg,75
00008960.jpg,75
00008961.jpg,75
00008962.jpg,75
00008963.jpg,75
00008964.jpg,75
00008965.jpg,75
00008966.jpg,75
00008967.jpg,75
00008968.jpg,75
00008969.jpg,76
00008970.jpg,76
00008971.jpg,76
00008972.jpg,76
00008973.jpg,76
00008974.jpg,76
00008975.jpg,76
00008976.jpg,76
00008977.jpg,76
00008978.jpg,76
00008979.jpg,76
00008980.jpg,76
00008981.jpg,76
00008982.jpg,76
00008983.jpg,76
00008984.jpg,76
00008985.jpg,76
00008986.jpg,76
00008987.jpg,76
00008988.jpg,76
00008989.jpg,76
00008990.jpg,76
00008991.jpg,76
00008992.jpg,76
00008993.jpg,76
00008994.jpg,76
00008995.jpg,76
00008996.jpg,76
00008997.jpg,76
00008998.jpg,76
00008999.jpg,76
00009000.jpg,76
00009001.jpg,76
00009002.jpg,76
00009003.jpg,76
00009004.jpg,76
00009005.jpg,76
00009006.jpg,76
00009007.jpg,76
00009008.jpg,76
00009009.jpg,76
00009010.jpg,76
00009011.jpg,76
00009012.jpg,76
00009013.jpg,76
00009014.jpg,76
00009015.jpg,76
00009016.jpg,76
00009017.jpg,76
00009018.jpg,76
00009019.jpg,76
00009020.jpg,76
00009021.jpg,76
00009022.jpg,76
00009023.jpg,76
00009024.jpg,76
00009025.jpg,76
00009026.jpg,76
00009027.jpg,76
00009028.jpg,76
00009029.jpg,76
00009030.jpg,76
00009031.jpg,76
00009032.jpg,76
00009033.jpg,76
00009034.jpg,76
00009035.jpg,76
00009036.jpg,76
00009037.jpg,76
00009038.jpg,76
00009039.jpg,76
00009040.jpg,76
00009041.jpg,76
00009042.jpg,76
00009043.jpg,76
00009044.jpg,76
00009045.jpg,76
00009046.jpg,76
00009047.jpg,76
00009048.jpg,76
00009049.jpg,76
00009050.jpg,76
00009051.jpg,76
00009052.jpg,76
00009053.jpg,76
00009054.jpg,76
00009055.jpg,76
00009056.jpg,76
00009057.jpg,76
00009058.jpg,76
00009059.jpg,76
00009060.jpg,76
00009061.jpg,76
00009062.jpg,76
00009063.jpg,76
00009064.jpg,76
00009065.jpg,76
00009066.jpg,76
00009067.jpg,76
00009068.jpg,76
00009069.jpg,76
00009070.jpg,76
00009071.jpg,76
00009072.jpg,76
00009073.jpg,76
00009074.jpg,76
00009075.jpg,76
00009076.jpg,76
00009077.jpg,76
00009078.jpg,76
00009079.jpg,76
00009080.jpg,76
00009081.jpg,76
00009082.jpg,76
00009083.jpg,76
00009084.jpg,76
00009085.jpg,76
00009086.jpg,76
00009087.jpg,77
00009088.jpg,77
00009089.jpg,77
00009090.jpg,77
00009091.jpg,77
00009092.jpg,77
00009093.jpg,77
00009094.jpg,77
00009095.jpg,77
00009096.jpg,77
00009097.jpg,77
00009098.jpg,77
00009099.jpg,77
00009100.jpg,77
00009101.jpg,77
00009102.jpg,77
00009103.jpg,77
00009104.jpg,77
00009105.jpg,77
00009106.jpg,77
00009107.jpg,77
00009108.jpg,77
00009109.jpg,77
00009110.jpg,77
00009111.jpg,77
00009112.jpg,77
00009113.jpg,77
00009114.jpg,77
00009115.jpg,77
00009116.jpg,77
00009117.jpg,77
00009118.jpg,77
00009119.jpg,77
00009120.jpg,77
00009121.jpg,77
00009122.jpg,77
00009123.jpg,77
00009124.jpg,77
00009125.jpg,77
00009126.jpg,77
00009127.jpg,77
00009128.jpg,77
00009129.jpg,77
00009130.jpg,77
00009131.jpg,77
00009132.jpg,77
00009133.jpg,77
00009134.jpg,77
00009135.jpg,77
00009136.jpg,77
00009137.jpg,77
00009138.jpg,77
00009139.jpg,77
00009140.jpg,77
00009141.jpg,77
00009142.jpg,77
00009143.jpg,77
00009144.jpg,77
00009145.jpg,77
00009146.jpg,77
00009147.jpg,77
00009148.jpg,77
00009149.jpg,77
00009150.jpg,77
00009151.jpg,77
00009152.jpg,77
00009153.jpg,77
00009154.jpg,77
00009155.jpg,77
00009156.jpg,77
00009157.jpg,77
00009158.jpg,77
00009159.jpg,77
00009160.jpg,77
00009161.jpg,77
00009162.jpg,77
00009163.jpg,77
00009164.jpg,77
00009165.jpg,77
00009166.jpg,77
00009167.jpg,77
00009168.jpg,77
00009169.jpg,77
00009170.jpg,77
00009171.jpg,77
00009172.jpg,77
00009173.jpg,77
00009174.jpg,77
00009175.jpg,77
00009176.jpg,77
00009177.jpg,77
00009178.jpg,77
00009179.jpg,77
00009180.jpg,77
00009181.jpg,77
00009182.jpg,77
00009183.jpg,77
00009184.jpg,77
00009185.jpg,77
00009186.jpg,77
00009187.jpg,77
00009188.jpg,77
00009189.jpg,77
00009190.jpg,77
00009191.jpg,77
00009192.jpg,77
00009193.jpg,77
00009194.jpg,77
00009195.jpg,77
00009196.jpg,77
00009197.jpg,77
00009198.jpg,77
00009199.jpg,77
00009200.jpg,77
00009201.jpg,77
00009202.jpg,77
00009203.jpg,77
00009204.jpg,77
00009205.jpg,78
00009206.jpg,78
00009207.jpg,78
00009208.jpg,78
00009209.jpg,78
00009210.jpg,78
00009211.jpg,78
00009212.jpg,78
00009213.jpg,78
00009214.jpg,78
00009215.jpg,78
00009216.jpg,78
00009217.jpg,78
00009218.jpg,78
00009219.jpg,78
00009220.jpg,78
00009221.jpg,78
00009222.jpg,78
00009223.jpg,78
00009224.jpg,78
00009225.jpg,78
00009226.jpg,78
00009227.jpg,78
00009228.jpg,78
00009229.jpg,78
00009230.jpg,78
00009231.jpg,78
00009232.jpg,78
00009233.jpg,78
00009234.jpg,78
00009235.jpg,78
00009236.jpg,78
00009237.jpg,78
00009238.jpg,78
00009239.jpg,78
00009240.jpg,78
00009241.jpg,78
00009242.jpg,78
00009243.jpg,78
00009244.jpg,78
00009245.jpg,78
00009246.jpg,78
00009247.jpg,78
00009248.jpg,78
00009249.jpg,78
00009250.jpg,78
00009251.jpg,78
00009252.jpg,78
00009253.jpg,78
00009254.jpg,78
00009255.jpg,78
00009256.jpg,78
00009257.jpg,78
00009258.jpg,78
00009259.jpg,78
00009260.jpg,78
00009261.jpg,78
00009262.jpg,78
00009263.jpg,78
00009264.jpg,78
00009265.jpg,78
00009266.jpg,78
00009267.jpg,78
00009268.jpg,78
00009269.jpg,78
00009270.jpg,78
00009271.jpg,78
00009272.jpg,78
00009273.jpg,78
00009274.jpg,78
00009275.jpg,78
00009276.jpg,78
00009277.jpg,78
00009278.jpg,78
00009279.jpg,78
00009280.jpg,78
00009281.jpg,78
00009282.jpg,78
00009283.jpg,78
00009284.jpg,78
00009285.jpg,78
00009286.jpg,78
00009287.jpg,78
00009288.jpg,78
00009289.jpg,78
00009290.jpg,78
00009291.jpg,78
00009292.jpg,78
00009293.jpg,78
00009294.jpg,78
00009295.jpg,78
00009296.jpg,78
00009297.jpg,78
00009298.jpg,78
00009299.jpg,78
00009300.jpg,78
00009301.jpg,78
00009302.jpg,78
00009303.jpg,78
00009304.jpg,78
00009305.jpg,78
00009306.jpg,78
00009307.jpg,78
00009308.jpg,78
00009309.jpg,78
00009310.jpg,78
00009311.jpg,78
00009312.jpg,78
00009313.jpg,78
00009314.jpg,78
00009315.jpg,78
00009316.jpg,78
00009317.jpg,78
00009318.jpg,78
00009319.jpg,78
00009320.jpg,78
00009321.jpg,78
00009322.jpg,78
00009323.jpg,79
00009324.jpg,79
00009325.jpg,79
00009326.jpg,79
00009327.jpg,79
00009328.jpg,79
00009329.jpg,79
00009330.jpg,79
00009331.jpg,79
00009332.jpg,79
00009333.jpg,79
00009334.jpg,79
00009335.jpg,79
00009336.jpg,79
00009337.jpg,79
00009338.jpg,79
00009339.jpg,79
00009340.jpg,79
00009341.jpg,79
00009342.jpg,79
00009343.jpg,79
00009344.jpg,79
00009345.jpg,79
00009346.jpg,79
00009347.jpg,79
00009348.jpg,79
00009349.jpg,79
00009350.jpg,79
00009351.jpg,79
00009352.jpg,79
00009353.jpg,79
00009354.jpg,79
00009355.jpg,79
00009356.jpg,79
00009357.jpg,79
00009358.jpg,79
00009359.jpg,79
00009360.jpg,79
00009361.jpg,79
00009362.jpg,79
00009363.jpg,79
00009364.jpg,79
00009365.jpg,79
00009366.jpg,79
00009367.jpg,79
00009368.jpg,79
00009369.jpg,79
00009370.jpg,79
00009371.jpg,79
00009372.jpg,79
00009373.jpg,79
00009374.jpg,79
00009375.jpg,79
00009376.jpg,79
00009377.jpg,79
00009378.jpg,79
00009379.jpg,79
00009380.jpg,79
00009381.jpg,79
00009382.jpg,79
00009383.jpg,79
00009384.jpg,79
00009385.jpg,79
00009386.jpg,79
00009387.jpg,79
00009388.jpg,79
00009389.jpg,79
00009390.jpg,79
00009391.jpg,79
00009392.jpg,79
00009393.jpg,79
00009394.jpg,79
00009395.jpg,79
00009396.jpg,79
00009397.jpg,79
00009398.jpg,79
00009399.jpg,79
00009400.jpg,79
00009401.jpg,79
00009402.jpg,79
00009403.jpg,79
00009404.jpg,79
00009405.jpg,79
00009406.jpg,79
00009407.jpg,79
00009408.jpg,79
00009409.jpg,79
00009410.jpg,79
00009411.jpg,79
00009412.jpg,79
00009413.jpg,79
00009414.jpg,79
00009415.jpg,79
00009416.jpg,79
00009417.jpg,79
00009418.jpg,79
00009419.jpg,79
00009420.jpg,79
00009421.jpg,79
00009422.jpg,79
00009423.jpg,79
00009424.jpg,79
00009425.jpg,79
00009426.jpg,79
00009427.jpg,79
00009428.jpg,79
00009429.jpg,79
00009430.jpg,79
00009431.jpg,79
00009432.jpg,79
00009433.jpg,79
00009434.jpg,79
00009435.jpg,79
00009436.jpg,79
00009437.jpg,79
00009438.jpg,79
00009439.jpg,79
00009440.jpg,79
00009441.jpg,80
00009442.jpg,80
00009443.jpg,80
00009444.jpg,80
00009445.jpg,80
00009446.jpg,80
00009447.jpg,80
00009448.jpg,80
00009449.jpg,80
00009450.jpg,80
00009451.jpg,80
00009452.jpg,80
00009453.jpg,80
00009454.jpg,80
00009455.jpg,80
00009456.jpg,80
00009457.jpg,80
00009458.jpg,80
00009459.jpg,80
00009460.jpg,80
00009461.jpg,80
00009462.jpg,80
00009463.jpg,80
00009464.jpg,80
00009465.jpg,80
00009466.jpg,80
00009467.jpg,80
00009468.jpg,80
00009469.jpg,80
00009470.jpg,80
00009471.jpg,80
00009472.jpg,80
00009473.jpg,80
00009474.jpg,80
00009475.jpg,80
00009476.jpg,80
00009477.jpg,80
00009478.jpg,80
00009479.jpg,80
00009480.jpg,80
00009481.jpg,80
00009482.jpg,80
00009483.jpg,80
00009484.jpg,80
00009485.jpg,80
00009486.jpg,80
00009487.jpg,80
00009488.jpg,80
00009489.jpg,80
00009490.jpg,80
00009491.jpg,80
00009492.jpg,80
00009493.jpg,80
00009494.jpg,80
00009495.jpg,80
00009496.jpg,80
00009497.jpg,80
00009498.jpg,80
00009499.jpg,80
00009500.jpg,80
00009501.jpg,80
00009502.jpg,80
00009503.jpg,80
00009504.jpg,80
00009505.jpg,80
00009506.jpg,80
00009507.jpg,80
00009508.jpg,80
00009509.jpg,80
00009510.jpg,80
00009511.jpg,80
00009512.jpg,80
00009513.jpg,80
00009514.jpg,80
00009515.jpg,80
00009516.jpg,80
00009517.jpg,80
00009518.jpg,80
00009519.jpg,80
00009520.jpg,80
00009521.jpg,80
00009522.jpg,80
00009523.jpg,80
00009524.jpg,80
00009525.jpg,80
00009526.jpg,80
00009527.jpg,80
00009528.jpg,80
00009529.jpg,80
00009530.jpg,80
00009531.jpg,80
00009532.jpg,80
00009533.jpg,80
00009534.jpg,80
00009535.jpg,80
00009536.jpg,80
00009537.jpg,80
00009538.jpg,80
00009539.jpg,80
00009540.jpg,80
00009541.jpg,80
00009542.jpg,80
00009543.jpg,80
00009544.jpg,80
00009545.jpg,80
00009546.jpg,80
00009547.jpg,80
00009548.jpg,80
00009549.jpg,80
00009550.jpg,80
00009551.jpg,80
00009552.jpg,80
00009553.jpg,80
00009554.jpg,80
00009555.jpg,80
00009556.jpg,80
00009557.jpg,80
00009558.jpg,80
00009559.jpg,81
00009560.jpg,81
00009561.jpg,81
00009562.jpg,81
00009563.jpg,81
00009564.jpg,81
00009565.jpg,81
00009566.jpg,81
00009567.jpg,81
00009568.jpg,81
00009569.jpg,81
00009570.jpg,81
00009571.jpg,81
00009572.jpg,81
00009573.jpg,81
00009574.jpg,81
00009575.jpg,81
00009576.jpg,81
00009577.jpg,81
00009578.jpg,81
00009579.jpg,81
00009580.jpg,81
00009581.jpg,81
00009582.jpg,81
00009583.jpg,81
00009584.jpg,81
00009585.jpg,81
00009586.jpg,81
00009587.jpg,81
00009588.jpg,81
00009589.jpg,81
00009590.jpg,81
00009591.jpg,81
00009592.jpg,81
00009593.jpg,81
00009594.jpg,81
00009595.jpg,81
00009596.jpg,81
00009597.jpg,81
00009598.jpg,81
00009599.jpg,81
00009600.jpg,81
00009601.jpg,81
00009602.jpg,81
00009603.jpg,81
00009604.jpg,81
00009605.jpg,81
00009606.jpg,81
00009607.jpg,81
00009608.jpg,81
00009609.jpg,81
00009610.jpg,81
00009611.jpg,81
00009612.jpg,81
00009613.jpg,81
00009614.jpg,81
00009615.jpg,81
00009616.jpg,81
00009617.jpg,81
00009618.jpg,81
00009619.jpg,81
00009620.jpg,81
00009621.jpg,81
00009622.jpg,81
00009623.jpg,81
00009624.jpg,81
00009625.jpg,81
00009626.jpg,81
00009627.jpg,81
00009628.jpg,81
00009629.jpg,81
00009630.jpg,81
00009631.jpg,81
00009632.jpg,81
00009633.jpg,81
00009634.jpg,81
00009635.jpg,81
00009636.jpg,81
00009637.jpg,81
00009638.jpg,81
00009639.jpg,81
00009640.jpg,81
00009641.jpg,81
00009642.jpg,81
00009643.jpg,81
00009644.jpg,81
00009645.jpg,81
00009646.jpg,81
00009647.jpg,81
00009648.jpg,81
00009649.jpg,81
00009650.jpg,81
00009651.jpg,81
00009652.jpg,81
00009653.jpg,81
00009654.jpg,81
00009655.jpg,81
00009656.jpg,81
00009657.jpg,81
00009658.jpg,81
00009659.jpg,81
00009660.jpg,81
00009661.jpg,81
00009662.jpg,81
00009663.jpg,81
00009664.jpg,81
00009665.jpg,81
00009666.jpg,81
00009667.jpg,81
00009668.jpg,81
00009669.jpg,81
00009670.jpg,81
00009671.jpg,81
00009672.jpg,81
00009673.jpg,81
00009674.jpg,81
00009675.jpg,81
00009676.jpg,81
00009677.jpg,82
00009678.jpg,82
00009679.jpg,82
00009680.jpg,82
00009681.jpg,82
00009682.jpg,82
00009683.jpg,82
00009684.jpg,82
00009685.jpg,82
00009686.jpg,82
00009687.jpg,82
00009688.jpg,82
00009689.jpg,82
00009690.jpg,82
00009691.jpg,82
00009692.jpg,82
00009693.jpg,82
00009694.jpg,82
00009695.jpg,82
00009696.jpg,82
00009697.jpg,82
00009698.jpg,82
00009699.jpg,82
00009700.jpg,82
00009701.jpg,82
00009702.jpg,82
00009703.jpg,82
00009704.jpg,82
00009705.jpg,82
00009706.jpg,82
00009707.jpg,82
00009708.jpg,82
00009709.jpg,82
00009710.jpg,82
00009711.jpg,82
00009712.jpg,82
00009713.jpg,82
00009714.jpg,82
00009715.jpg,82
00009716.jpg,82
00009717.jpg,82
00009718.jpg,82
00009719.jpg,82
00009720.jpg,82
00009721.jpg,82
00009722.jpg,82
00009723.jpg,82
00009724.jpg,82
00009725.jpg,82
00009726.jpg,82
00009727.jpg,82
00009728.jpg,82
00009729.jpg,82
00009730.jpg,82
00009731.jpg,82
00009732.jpg,82
00009733.jpg,82
00009734.jpg,82
00009735.jpg,82
00009736.jpg,82
00009737.jpg,82
00009738.jpg,82
00009739.jpg,82
00009740.jpg,82
00009741.jpg,82
00009742.jpg,82
00009743.jpg,82
00009744.jpg,82
00009745.jpg,82
00009746.jpg,82
00009747.jpg,82
00009748.jpg,82
00009749.jpg,82
00009750.jpg,82
00009751.jpg,82
00009752.jpg,82
00009753.jpg,82
00009754.jpg,82
00009755.jpg,82
00009756.jpg,82
00009757.jpg,82
00009758.jpg,82
00009759.jpg,82
00009760.jpg,82
00009761.jpg,82
00009762.jpg,82
00009763.jpg,82
00009764.jpg,82
00009765.jpg,82
00009766.jpg,82
00009767.jpg,82
00009768.jpg,82
00009769.jpg,82
00009770.jpg,82
00009771.jpg,82
00009772.jpg,82
00009773.jpg,82
00009774.jpg,82
00009775.jpg,82
00009776.jpg,82
00009777.jpg,82
00009778.jpg,82
00009779.jpg,82
00009780.jpg,82
00009781.jpg,82
00009782.jpg,82
00009783.jpg,82
00009784.jpg,82
00009785.jpg,82
00009786.jpg,82
00009787.jpg,82
00009788.jpg,82
00009789.jpg,82
00009790.jpg,82
00009791.jpg,82
00009792.jpg,82
00009793.jpg,82
00009794.jpg,82
00009795.jpg,83
00009796.jpg,83
00009797.jpg,83
00009798.jpg,83
00009799.jpg,83
00009800.jpg,83
00009801.jpg,83
00009802.jpg,83
00009803.jpg,83
00009804.jpg,83
00009805.jpg,83
00009806.jpg,83
00009807.jpg,83
00009808.jpg,83
00009809.jpg,83
00009810.jpg,83
00009811.jpg,83
00009812.jpg,83
00009813.jpg,83
00009814.jpg,83
00009815.jpg,83
00009816.jpg,83
00009817.jpg,83
00009818.jpg,83
00009819.jpg,83
00009820.jpg,83
00009821.jpg,83
00009822.jpg,83
00009823.jpg,83
00009824.jpg,83
00009825.jpg,83
00009826.jpg,83
00009827.jpg,83
00009828.jpg,83
00009829.jpg,83
00009830.jpg,83
00009831.jpg,83
00009832.jpg,83
00009833.jpg,83
00009834.jpg,83
00009835.jpg,83
00009836.jpg,83
00009837.jpg,83
00009838.jpg,83
00009839.jpg,83
00009840.jpg,83
00009841.jpg,83
00009842.jpg,83
00009843.jpg,83
00009844.jpg,83
00009845.jpg,83
00009846.jpg,83
00009847.jpg,83
00009848.jpg,83
00009849.jpg,83
00009850.jpg,83
00009851.jpg,83
00009852.jpg,83
00009853.jpg,83
00009854.jpg,83
00009855.jpg,83
00009856.jpg,83
00009857.jpg,83
00009858.jpg,83
00009859.jpg,83
00009860.jpg,83
00009861.jpg,83
00009862.jpg,83
00009863.jpg,83
00009864.jpg,83
00009865.jpg,83
00009866.jpg,83
00009867.jpg,83
00009868.jpg,83
00009869.jpg,83
00009870.jpg,83
00009871.jpg,83
00009872.jpg,83
00009873.jpg,83
00009874.jpg,83
00009875.jpg,83
00009876.jpg,83
00009877.jpg,83
00009878.jpg,83
00009879.jpg,83
00009880.jpg,83
00009881.jpg,83
00009882.jpg,83
00009883.jpg,83
00009884.jpg,83
00009885.jpg,83
00009886.jpg,83
00009887.jpg,83
00009888.jpg,83
00009889.jpg,83
00009890.jpg,83
00009891.jpg,83
00009892.jpg,83
00009893.jpg,83
00009894.jpg,83
00009895.jpg,83
00009896.jpg,83
00009897.jpg,83
00009898.jpg,83
00009899.jpg,83
00009900.jpg,83
00009901.jpg,83
00009902.jpg,83
00009903.jpg,83
00009904.jpg,83
00009905.jpg,83
00009906.jpg,83
00009907.jpg,83
00009908.jpg,83
00009909.jpg,83
00009910.jpg,83
00009911.jpg,83
00009912.jpg,83
00009913.jpg,84
00009914.jpg,84
00009915.jpg,84
00009916.jpg,84
00009917.jpg,84
00009918.jpg,84
00009919.jpg,84
00009920.jpg,84
00009921.jpg,84
00009922.jpg,84
00009923.jpg,84
00009924.jpg,84
00009925.jpg,84
00009926.jpg,84
00009927.jpg,84
00009928.jpg,84
00009929.jpg,84
00009930.jpg,84
00009931.jpg,84
00009932.jpg,84
00009933.jpg,84
00009934.jpg,84
00009935.jpg,84
00009936.jpg,84
00009937.jpg,84
00009938.jpg,84
00009939.jpg,84
00009940.jpg,84
00009941.jpg,84
00009942.jpg,84
00009943.jpg,84
00009944.jpg,84
00009945.jpg,84
00009946.jpg,84
00009947.jpg,84
00009948.jpg,84
00009949.jpg,84
00009950.jpg,84
00009951.jpg,84
00009952.jpg,84
00009953.jpg,84
00009954.jpg,84
00009955.jpg,84
00009956.jpg,84
00009957.jpg,84
00009958.jpg,84
00009959.jpg,84
00009960.jpg,84
00009961.jpg,84
00009962.jpg,84
00009963.jpg,84
00009964.jpg,84
00009965.jpg,84
00009966.jpg,84
00009967.jpg,84
00009968.jpg,84
00009969.jpg,84
00009970.jpg,84
00009971.jpg,84
00009972.jpg,84
00009973.jpg,84
00009974.jpg,84
00009975.jpg,84
00009976.jpg,84
00009977.jpg,84
00009978.jpg,84
00009979.jpg,84
00009980.jpg,84
00009981.jpg,84
00009982.jpg,84
00009983.jpg,84
00009984.jpg,84
00009985.jpg,84
00009986.jpg,84
00009987.jpg,84
00009988.jpg,84
00009989.jpg,84
00009990.jpg,84
00009991.jpg,84
00009992.jpg,84
00009993.jpg,84
00009994.jpg,84
00009995.jpg,84
00009996.jpg,84
00009997.jpg,84
00009998.jpg,84
00009999.jpg,84
00010000.jpg,84
00010001.jpg,84
00010002.jpg,84
00010003.jpg,84
00010004.jpg,84
00010005.jpg,84
00010006.jpg,84
00010007.jpg,84
00010008.jpg,84
00010009.jpg,84
00010010.jpg,84
00010011.jpg,84
00010012.jpg,84
00010013.jpg,84
00010014.jpg,84
00010015.jpg,84
00010016.jpg,84
00010017.jpg,84
00010018.jpg,84
00010019.jpg,84
00010020.jpg,84
00010021.jpg,84
00010022.jpg,84
00010023.jpg,84
00010024.jpg,84
00010025.jpg,84
00010026.jpg,84
00010027.jpg,84
00010028.jpg,84
00010029.jpg,84
00010030.jpg,84
00010031.jpg,85
00010032.jpg,85
00010033.jpg,85
00010034.jpg,85
00010035.jpg,85
00010036.jpg,85
00010037.jpg,85
00010038.jpg,85
00010039.jpg,85
00010040.jpg,85
00010041.jpg,85
00010042.jpg,85
00010043.jpg,85
00010044.jpg,85
00010045.jpg,85
00010046.jpg,85
00010047.jpg,85
00010048.jpg,85
00010049.jpg,85
00010050.jpg,85
00010051.jpg,85
00010052.jpg,85
00010053.jpg,85
00010054.jpg,85
00010055.jpg,85
00010056.jpg,85
00010057.jpg,85
00010058.jpg,85
00010059.jpg,85
00010060.jpg,85
00010061.jpg,85
00010062.jpg,85
00010063.jpg,85
00010064.jpg,85
00010065.jpg,85
00010066.jpg,85
00010067.jpg,85
00010068.jpg,85
00010069.jpg,85
00010070.jpg,85
00010071.jpg,85
00010072.jpg,85
00010073.jpg,85
00010074.jpg,85
00010075.jpg,85
00010076.jpg,85
00010077.jpg,85
00010078.jpg,85
00010079.jpg,85
00010080.jpg,85
00010081.jpg,85
00010082.jpg,85
00010083.jpg,85
00010084.jpg,85
00010085.jpg,85
00010086.jpg,85
00010087.jpg,85
00010088.jpg,85
00010089.jpg,85
00010090.jpg,85
00010091.jpg,85
00010092.jpg,85
00010093.jpg,85
00010094.jpg,85
00010095.jpg,85
00010096.jpg,85
00010097.jpg,85
00010098.jpg,85
00010099.jpg,85
00010100.jpg,85
00010101.jpg,85
00010102.jpg,85
00010103.jpg,85
00010104.jpg,85
00010105.jpg,85
00010106.jpg,85
00010107.jpg,85
00010108.jpg,85
00010109.jpg,85
00010110.jpg,85
00010111.jpg,85
00010112.jpg,85
00010113.jpg,85
00010114.jpg,85
00010115.jpg,85
00010116.jpg,85
00010117.jpg,85
00010118.jpg,85
00010119.jpg,85
00010120.jpg,85
00010121.jpg,85
00010122.jpg,85
00010123.jpg,85
00010124.jpg,85
00010125.jpg,85
00010126.jpg,85
00010127.jpg,85
00010128.jpg,85
00010129.jpg,85
00010130.jpg,85
00010131.jpg,85
00010132.jpg,85
00010133.jpg,85
00010134.jpg,85
00010135.jpg,85
00010136.jpg,85
00010137.jpg,85
00010138.jpg,85
00010139.jpg,85
00010140.jpg,85
00010141.jpg,85
00010142.jpg,85
00010143.jpg,85
00010144.jpg,85
00010145.jpg,85
00010146.jpg,85
00010147.jpg,85
00010148.jpg,85
00010149.jpg,86
00010150.jpg,86
00010151.jpg,86
00010152.jpg,86
00010153.jpg,86
00010154.jpg,86
00010155.jpg,86
00010156.jpg,86
00010157.jpg,86
00010158.jpg,86
00010159.jpg,86
00010160.jpg,86
00010161.jpg,86
00010162.jpg,86
00010163.jpg,86
00010164.jpg,86
00010165.jpg,86
00010166.jpg,86
00010167.jpg,86
00010168.jpg,86
00010169.jpg,86
00010170.jpg,86
00010171.jpg,86
00010172.jpg,86
00010173.jpg,86
00010174.jpg,86
00010175.jpg,86
00010176.jpg,86
00010177.jpg,86
00010178.jpg,86
00010179.jpg,86
00010180.jpg,86
00010181.jpg,86
00010182.jpg,86
00010183.jpg,86
00010184.jpg,86
00010185.jpg,86
00010186.jpg,86
00010187.jpg,86
00010188.jpg,86
00010189.jpg,86
00010190.jpg,86
00010191.jpg,86
00010192.jpg,86
00010193.jpg,86
00010194.jpg,86
00010195.jpg,86
00010196.jpg,86
00010197.jpg,86
00010198.jpg,86
00010199.jpg,86
00010200.jpg,86
00010201.jpg,86
00010202.jpg,86
00010203.jpg,86
00010204.jpg,86
00010205.jpg,86
00010206.jpg,86
00010207.jpg,86
00010208.jpg,86
00010209.jpg,86
00010210.jpg,86
00010211.jpg,86
00010212.jpg,86
00010213.jpg,86
00010214.jpg,86
00010215.jpg,86
00010216.jpg,86
00010217.jpg,86
00010218.jpg,86
00010219.jpg,86
00010220.jpg,86
00010221.jpg,86
00010222.jpg,86
00010223.jpg,86
00010224.jpg,86
00010225.jpg,86
00010226.jpg,86
00010227.jpg,86
00010228.jpg,86
00010229.jpg,86
00010230.jpg,86
00010231.jpg,86
00010232.jpg,86
00010233.jpg,86
00010234.jpg,86
00010235.jpg,86
00010236.jpg,86
00010237.jpg,86
00010238.jpg,86
00010239.jpg,86
00010240.jpg,86
00010241.jpg,86
00010242.jpg,86
00010243.jpg,86
00010244.jpg,86
00010245.jpg,86
00010246.jpg,86
00010247.jpg,86
00010248.jpg,86
00010249.jpg,86
00010250.jpg,86
00010251.jpg,86
00010252.jpg,86
00010253.jpg,86
00010254.jpg,86
00010255.jpg,86
00010256.jpg,86
00010257.jpg,86
00010258.jpg,86
00010259.jpg,86
00010260.jpg,86
00010261.jpg,86
00010262.jpg,86
00010263.jpg,86
00010264.jpg,86
00010265.jpg,86
00010266.jpg,86
00010267.jpg,87
00010268.jpg,87
00010269.jpg,87
00010270.jpg,87
00010271.jpg,87
00010272.jpg,87
00010273.jpg,87
00010274.jpg,87
00010275.jpg,87
00010276.jpg,87
00010277.jpg,87
00010278.jpg,87
00010279.jpg,87
00010280.jpg,87
00010281.jpg,87
00010282.jpg,87
00010283.jpg,87
00010284.jpg,87
00010285.jpg,87
00010286.jpg,87
00010287.jpg,87
00010288.jpg,87
00010289.jpg,87
00010290.jpg,87
00010291.jpg,87
00010292.jpg,87
00010293.jpg,87
00010294.jpg,87
00010295.jpg,87
00010296.jpg,87
00010297.jpg,87
00010298.jpg,87
00010299.jpg,87
00010300.jpg,87
00010301.jpg,87
00010302.jpg,87
00010303.jpg,87
00010304.jpg,87
00010305.jpg,87
00010306.jpg,87
00010307.jpg,87
00010308.jpg,87
00010309.jpg,87
00010310.jpg,87
00010311.jpg,87
00010312.jpg,87
00010313.jpg,87
00010314.jpg,87
00010315.jpg,87
00010316.jpg,87
00010317.jpg,87
00010318.jpg,87
00010319.jpg,87
00010320.jpg,87
00010321.jpg,87
00010322.jpg,87
00010323.jpg,87
00010324.jpg,87
00010325.jpg,87
00010326.jpg,87
00010327.jpg,87
00010328.jpg,87
00010329.jpg,87
00010330.jpg,87
00010331.jpg,87
00010332.jpg,87
00010333.jpg,87
00010334.jpg,87
00010335.jpg,87
00010336.jpg,87
00010337.jpg,87
00010338.jpg,87
00010339.jpg,87
00010340.jpg,87
00010341.jpg,87
00010342.jpg,87
00010343.jpg,87
00010344.jpg,87
00010345.jpg,87
00010346.jpg,87
00010347.jpg,87
00010348.jpg,87
00010349.jpg,87
00010350.jpg,87
00010351.jpg,87
00010352.jpg,87
00010353.jpg,87
00010354.jpg,87
00010355.jpg,87
00010356.jpg,87
00010357.jpg,87
00010358.jpg,87
00010359.jpg,87
00010360.jpg,87
00010361.jpg,87
00010362.jpg,87
00010363.jpg,87
00010364.jpg,87
00010365.jpg,87
00010366.jpg,87
00010367.jpg,87
00010368.jpg,87
00010369.jpg,87
00010370.jpg,87
00010371.jpg,87
00010372.jpg,87
00010373.jpg,87
00010374.jpg,87
00010375.jpg,87
00010376.jpg,87
00010377.jpg,87
00010378.jpg,87
00010379.jpg,87
00010380.jpg,87
00010381.jpg,87
00010382.jpg,87
00010383.jpg,87
00010384.jpg,87
00010385.jpg,88
00010386.jpg,88
00010387.jpg,88
00010388.jpg,88
00010389.jpg,88
00010390.jpg,88
00010391.jpg,88
00010392.jpg,88
00010393.jpg,88
00010394.jpg,88
00010395.jpg,88
00010396.jpg,88
00010397.jpg,88
00010398.jpg,88
00010399.jpg,88
00010400.jpg,88
00010401.jpg,88
00010402.jpg,88
00010403.jpg,88
00010404.jpg,88
00010405.jpg,88
00010406.jpg,88
00010407.jpg,88
00010408.jpg,88
00010409.jpg,88
00010410.jpg,88
00010411.jpg,88
00010412.jpg,88
00010413.jpg,88
00010414.jpg,88
00010415.jpg,88
00010416.jpg,88
00010417.jpg,88
00010418.jpg,88
00010419.jpg,88
00010420.jpg,88
00010421.jpg,88
00010422.jpg,88
00010423.jpg,88
00010424.jpg,88
00010425.jpg,88
00010426.jpg,88
00010427.jpg,88
00010428.jpg,88
00010429.jpg,88
00010430.jpg,88
00010431.jpg,88
00010432.jpg,88
00010433.jpg,88
00010434.jpg,88
00010435.jpg,88
00010436.jpg,88
00010437.jpg,88
00010438.jpg,88
00010439.jpg,88
00010440.jpg,88
00010441.jpg,88
00010442.jpg,88
00010443.jpg,88
00010444.jpg,88
00010445.jpg,88
00010446.jpg,88
00010447.jpg,88
00010448.jpg,88
00010449.jpg,88
00010450.jpg,88
00010451.jpg,88
00010452.jpg,88
00010453.jpg,88
00010454.jpg,88
00010455.jpg,88
00010456.jpg,88
00010457.jpg,88
00010458.jpg,88
00010459.jpg,88
00010460.jpg,88
00010461.jpg,88
00010462.jpg,88
00010463.jpg,88
00010464.jpg,88
00010465.jpg,88
00010466.jpg,88
00010467.jpg,88
00010468.jpg,88
00010469.jpg,88
00010470.jpg,88
00010471.jpg,88
00010472.jpg,88
00010473.jpg,88
00010474.jpg,88
00010475.jpg,88
00010476.jpg,88
00010477.jpg,88
00010478.jpg,88
00010479.jpg,88
00010480.jpg,88
00010481.jpg,88
00010482.jpg,88
00010483.jpg,88
00010484.jpg,88
00010485.jpg,88
00010486.jpg,88
00010487.jpg,88
00010488.jpg,88
00010489.jpg,88
00010490.jpg,88
00010491.jpg,88
00010492.jpg,88
00010493.jpg,88
00010494.jpg,88
00010495.jpg,88
00010496.jpg,88
00010497.jpg,88
00010498.jpg,88
00010499.jpg,88
00010500.jpg,88
00010501.jpg,88
00010502.jpg,88
00010503.jpg,89
00010504.jpg,89
00010505.jpg,89
00010506.jpg,89
00010507.jpg,89
00010508.jpg,89
00010509.jpg,89
00010510.jpg,89
00010511.jpg,89
00010512.jpg,89
00010513.jpg,89
00010514.jpg,89
00010515.jpg,89
00010516.jpg,89
00010517.jpg,89
00010518.jpg,89
00010519.jpg,89
00010520.jpg,89
00010521.jpg,89
00010522.jpg,89
00010523.jpg,89
00010524.jpg,89
00010525.jpg,89
00010526.jpg,89
00010527.jpg,89
00010528.jpg,89
00010529.jpg,89
00010530.jpg,89
00010531.jpg,89
00010532.jpg,89
00010533.jpg,89
00010534.jpg,89
00010535.jpg,89
00010536.jpg,89
00010537.jpg,89
00010538.jpg,89
00010539.jpg,89
00010540.jpg,89
00010541.jpg,89
00010542.jpg,89
00010543.jpg,89
00010544.jpg,89
00010545.jpg,89
00010546.jpg,89
00010547.jpg,89
00010548.jpg,89
00010549.jpg,89
00010550.jpg,89
00010551.jpg,89
00010552.jpg,89
00010553.jpg,89
00010554.jpg,89
00010555.jpg,89
00010556.jpg,89
00010557.jpg,89
00010558.jpg,89
00010559.jpg,89
00010560.jpg,89
00010561.jpg,89
00010562.jpg,89
00010563.jpg,89
00010564.jpg,89
00010565.jpg,89
00010566.jpg,89
00010567.jpg,89
00010568.jpg,89
00010569.jpg,89
00010570.jpg,89
00010571.jpg,89
00010572.jpg,89
00010573.jpg,89
00010574.jpg,89
00010575.jpg,89
00010576.jpg,89
00010577.jpg,89
00010578.jpg,89
00010579.jpg,89
00010580.jpg,89
00010581.jpg,89
00010582.jpg,89
00010583.jpg,89
00010584.jpg,89
00010585.jpg,89
00010586.jpg,89
00010587.jpg,89
00010588.jpg,89
00010589.jpg,89
00010590.jpg,89
00010591.jpg,89
00010592.jpg,89
00010593.jpg,89
00010594.jpg,89
00010595.jpg,89
00010596.jpg,89
00010597.jpg,89
00010598.jpg,89
00010599.jpg,89
00010600.jpg,89
00010601.jpg,89
00010602.jpg,89
00010603.jpg,89
00010604.jpg,89
00010605.jpg,89
00010606.jpg,89
00010607.jpg,89
00010608.jpg,89
00010609.jpg,89
00010610.jpg,89
00010611.jpg,89
00010612.jpg,89
00010613.jpg,89
00010614.jpg,89
00010615.jpg,89
00010616.jpg,89
00010617.jpg,89
00010618.jpg,89
00010619.jpg,89
00010620.jpg,89
00010621.jpg,90
00010622.jpg,90
00010623.jpg,90
00010624.jpg,90
00010625.jpg,90
00010626.jpg,90
00010627.jpg,90
00010628.jpg,90
00010629.jpg,90
00010630.jpg,90
00010631.jpg,90
00010632.jpg,90
00010633.jpg,90
00010634.jpg,90
00010635.jpg,90
00010636.jpg,90
00010637.jpg,90
00010638.jpg,90
00010639.jpg,90
00010640.jpg,90
00010641.jpg,90
00010642.jpg,90
00010643.jpg,90
00010644.jpg,90
00010645.jpg,90
00010646.jpg,90
00010647.jpg,90
00010648.jpg,90
00010649.jpg,90
00010650.jpg,90
00010651.jpg,90
00010652.jpg,90
00010653.jpg,90
00010654.jpg,90
00010655.jpg,90
00010656.jpg,90
00010657.jpg,90
00010658.jpg,90
00010659.jpg,90
00010660.jpg,90
00010661.jpg,90
00010662.jpg,90
00010663.jpg,90
00010664.jpg,90
00010665.jpg,90
00010666.jpg,90
00010667.jpg,90
00010668.jpg,90
00010669.jpg,90
00010670.jpg,90
00010671.jpg,90
00010672.jpg,90
00010673.jpg,90
00010674.jpg,90
00010675.jpg,90
00010676.jpg,90
00010677.jpg,90
00010678.jpg,90
00010679.jpg,90
00010680.jpg,90
00010681.jpg,90
00010682.jpg,90
00010683.jpg,90
00010684.jpg,90
00010685.jpg,90
00010686.jpg,90
00010687.jpg,90
00010688.jpg,90
00010689.jpg,90
00010690.jpg,90
00010691.jpg,90
00010692.jpg,90
00010693.jpg,90
00010694.jpg,90
00010695.jpg,90
00010696.jpg,90
00010697.jpg,90
00010698.jpg,90
00010699.jpg,90
00010700.jpg,90
00010701.jpg,90
00010702.jpg,90
00010703.jpg,90
00010704.jpg,90
00010705.jpg,90
00010706.jpg,90
00010707.jpg,90
00010708.jpg,90
00010709.jpg,90
00010710.jpg,90
00010711.jpg,90
00010712.jpg,90
00010713.jpg,90
00010714.jpg,90
00010715.jpg,90
00010716.jpg,90
00010717.jpg,90
00010718.jpg,90
00010719.jpg,90
00010720.jpg,90
00010721.jpg,90
00010722.jpg,90
00010723.jpg,90
00010724.jpg,90
00010725.jpg,90
00010726.jpg,90
00010727.jpg,90
00010728.jpg,90
00010729.jpg,90
00010730.jpg,90
00010731.jpg,90
00010732.jpg,90
00010733.jpg,90
00010734.jpg,90
00010735.jpg,90
00010736.jpg,90
00010737.jpg,90
00010738.jpg,90
00010739.jpg,91
00010740.jpg,91
00010741.jpg,91
00010742.jpg,91
00010743.jpg,91
00010744.jpg,91
00010745.jpg,91
00010746.jpg,91
00010747.jpg,91
00010748.jpg,91
00010749.jpg,91
00010750.jpg,91
00010751.jpg,91
00010752.jpg,91
00010753.jpg,91
00010754.jpg,91
00010755.jpg,91
00010756.jpg,91
00010757.jpg,91
00010758.jpg,91
00010759.jpg,91
00010760.jpg,91
00010761.jpg,91
00010762.jpg,91
00010763.jpg,91
00010764.jpg,91
00010765.jpg,91
00010766.jpg,91
00010767.jpg,91
00010768.jpg,91
00010769.jpg,91
00010770.jpg,91
00010771.jpg,91
00010772.jpg,91
00010773.jpg,91
00010774.jpg,91
00010775.jpg,91
00010776.jpg,91
00010777.jpg,91
00010778.jpg,91
00010779.jpg,91
00010780.jpg,91
00010781.jpg,91
00010782.jpg,91
00010783.jpg,91
00010784.jpg,91
00010785.jpg,91
00010786.jpg,91
00010787.jpg,91
00010788.jpg,91
00010789.jpg,91
00010790.jpg,91
00010791.jpg,91
00010792.jpg,91
00010793.jpg,91
00010794.jpg,91
00010795.jpg,91
00010796.jpg,91
00010797.jpg,91
00010798.jpg,91
00010799.jpg,91
00010800.jpg,91
00010801.jpg,91
00010802.jpg,91
00010803.jpg,91
00010804.jpg,91
00010805.jpg,91
00010806.jpg,91
00010807.jpg,91
00010808.jpg,91
00010809.jpg,91
00010810.jpg,91
00010811.jpg,91
00010812.jpg,91
00010813.jpg,91
00010814.jpg,91
00010815.jpg,91
00010816.jpg,91
00010817.jpg,91
00010818.jpg,91
00010819.jpg,91
00010820.jpg,91
00010821.jpg,91
00010822.jpg,91
00010823.jpg,91
00010824.jpg,91
00010825.jpg,91
00010826.jpg,91
00010827.jpg,91
00010828.jpg,91
00010829.jpg,91
00010830.jpg,91
00010831.jpg,91
00010832.jpg,91
00010833.jpg,91
00010834.jpg,91
00010835.jpg,91
00010836.jpg,91
00010837.jpg,91
00010838.jpg,91
00010839.jpg,91
00010840.jpg,91
00010841.jpg,91
00010842.jpg,91
00010843.jpg,91
00010844.jpg,91
00010845.jpg,91
00010846.jpg,91
00010847.jpg,91
00010848.jpg,91
00010849.jpg,91
00010850.jpg,91
00010851.jpg,91
00010852.jpg,91
00010853.jpg,91
00010854.jpg,91
00010855.jpg,91
00010856.jpg,91
00010857.jpg,92
00010858.jpg,92
00010859.jpg,92
00010860.jpg,92
00010861.jpg,92
00010862.jpg,92
00010863.jpg,92
00010864.jpg,92
00010865.jpg,92
00010866.jpg,92
00010867.jpg,92
00010868.jpg,92
00010869.jpg,92
00010870.jpg,92
00010871.jpg,92
00010872.jpg,92
00010873.jpg,92
00010874.jpg,92
00010875.jpg,92
00010876.jpg,92
00010877.jpg,92
00010878.jpg,92
00010879.jpg,92
00010880.jpg,92
00010881.jpg,92
00010882.jpg,92
00010883.jpg,92
00010884.jpg,92
00010885.jpg,92
00010886.jpg,92
00010887.jpg,92
00010888.jpg,92
00010889.jpg,92
00010890.jpg,92
00010891.jpg,92
00010892.jpg,92
00010893.jpg,92
00010894.jpg,92
00010895.jpg,92
00010896.jpg,92
00010897.jpg,92
00010898.jpg,92
00010899.jpg,92
00010900.jpg,92
00010901.jpg,92
00010902.jpg,92
00010903.jpg,92
00010904.jpg,92
00010905.jpg,92
00010906.jpg,92
00010907.jpg,92
00010908.jpg,92
00010909.jpg,92
00010910.jpg,92
00010911.jpg,92
00010912.jpg,92
00010913.jpg,92
00010914.jpg,92
00010915.jpg,92
00010916.jpg,92
00010917.jpg,92
00010918.jpg,92
00010919.jpg,92
00010920.jpg,92
00010921.jpg,92
00010922.jpg,92
00010923.jpg,92
00010924.jpg,92
00010925.jpg,92
00010926.jpg,92
00010927.jpg,92
00010928.jpg,92
00010929.jpg,92
00010930.jpg,92
00010931.jpg,92
00010932.jpg,92
00010933.jpg,92
00010934.jpg,92
00010935.jpg,92
00010936.jpg,92
00010937.jpg,92
00010938.jpg,92
00010939.jpg,92
00010940.jpg,92
00010941.jpg,92
00010942.jpg,92
00010943.jpg,92
00010944.jpg,92
00010945.jpg,92
00010946.jpg,92
00010947.jpg,92
00010948.jpg,92
00010949.jpg,92
00010950.jpg,92
00010951.jpg,92
00010952.jpg,92
00010953.jpg,92
00010954.jpg,92
00010955.jpg,92
00010956.jpg,92
00010957.jpg,92
00010958.jpg,92
00010959.jpg,92
00010960.jpg,92
00010961.jpg,92
00010962.jpg,92
00010963.jpg,92
00010964.jpg,92
00010965.jpg,92
00010966.jpg,92
00010967.jpg,92
00010968.jpg,92
00010969.jpg,92
00010970.jpg,92
00010971.jpg,92
00010972.jpg,92
00010973.jpg,92
00010974.jpg,92
00010975.jpg,93
00010976.jpg,93
00010977.jpg,93
00010978.jpg,93
00010979.jpg,93
00010980.jpg,93
00010981.jpg,93
00010982.jpg,93
00010983.jpg,93
00010984.jpg,93
00010985.jpg,93
00010986.jpg,93
00010987.jpg,93
00010988.jpg,93
00010989.jpg,93
00010990.jpg,93
00010991.jpg,93
00010992.jpg,93
00010993.jpg,93
00010994.jpg,93
00010995.jpg,93
00010996.jpg,93
00010997.jpg,93
00010998.jpg,93
00010999.jpg,93
00011000.jpg,93
00011001.jpg,93
00011002.jpg,93
00011003.jpg,93
00011004.jpg,93
00011005.jpg,93
00011006.jpg,93
00011007.jpg,93
00011008.jpg,93
00011009.jpg,93
00011010.jpg,93
00011011.jpg,93
00011012.jpg,93
00011013.jpg,93
00011014.jpg,93
00011015.jpg,93
00011016.jpg,93
00011017.jpg,93
00011018.jpg,93
00011019.jpg,93
00011020.jpg,93
00011021.jpg,93
00011022.jpg,93
00011023.jpg,93
00011024.jpg,93
00011025.jpg,93
00011026.jpg,93
00011027.jpg,93
00011028.jpg,93
00011029.jpg,93
00011030.jpg,93
00011031.jpg,93
00011032.jpg,93
00011033.jpg,93
00011034.jpg,93
00011035.jpg,93
00011036.jpg,93
00011037.jpg,93
00011038.jpg,93
00011039.jpg,93
00011040.jpg,93
00011041.jpg,93
00011042.jpg,93
00011043.jpg,93
00011044.jpg,93
00011045.jpg,93
00011046.jpg,93
00011047.jpg,93
00011048.jpg,93
00011049.jpg,93
00011050.jpg,93
00011051.jpg,93
00011052.jpg,93
00011053.jpg,93
00011054.jpg,93
00011055.jpg,93
00011056.jpg,93
00011057.jpg,93
00011058.jpg,93
00011059.jpg,93
00011060.jpg,93
00011061.jpg,93
00011062.jpg,93
00011063.jpg,93
00011064.jpg,93
00011065.jpg,93
00011066.jpg,93
00011067.jpg,93
00011068.jpg,93
00011069.jpg,93
00011070.jpg,93
00011071.jpg,93
00011072.jpg,93
00011073.jpg,93
00011074.jpg,93
00011075.jpg,93
00011076.jpg,93
00011077.jpg,93
00011078.jpg,93
00011079.jpg,93
00011080.jpg,93
00011081.jpg,93
00011082.jpg,93
00011083.jpg,93
00011084.jpg,93
00011085.jpg,93
00011086.jpg,93
00011087.jpg,93
00011088.jpg,93
00011089.jpg,93
00011090.jpg,93
00011091.jpg,93
00011092.jpg,93
00011093.jpg,94
00011094.jpg,94
00011095.jpg,94
00011096.jpg,94
00011097.jpg,94
00011098.jpg,94
00011099.jpg,94
00011100.jpg,94
00011101.jpg,94
00011102.jpg,94
00011103.jpg,94
00011104.jpg,94
00011105.jpg,94
00011106.jpg,94
00011107.jpg,94
00011108.jpg,94
00011109.jpg,94
00011110.jpg,94
00011111.jpg,94
00011112.jpg,94
00011113.jpg,94
00011114.jpg,94
00011115.jpg,94
00011116.jpg,94
00011117.jpg,94
00011118.jpg,94
00011119.jpg,94
00011120.jpg,94
00011121.jpg,94
00011122.jpg,94
00011123.jpg,94
00011124.jpg,94
00011125.jpg,94
00011126.jpg,94
00011127.jpg,94
00011128.jpg,94
00011129.jpg,94
00011130.jpg,94
00011131.jpg,94
00011132.jpg,94
00011133.jpg,94
00011134.jpg,94
00011135.jpg,94
00011136.jpg,94
00011137.jpg,94
00011138.jpg,94
00011139.jpg,94
00011140.jpg,94
00011141.jpg,94
00011142.jpg,94
00011143.jpg,94
00011144.jpg,94
00011145.jpg,94
00011146.jpg,94
00011147.jpg,94
00011148.jpg,94
00011149.jpg,94
00011150.jpg,94
00011151.jpg,94
00011152.jpg,94
00011153.jpg,94
00011154.jpg,94
00011155.jpg,94
00011156.jpg,94
00011157.jpg,94
00011158.jpg,94
00011159.jpg,94
00011160.jpg,94
00011161.jpg,94
00011162.jpg,94
00011163.jpg,94
00011164.jpg,94
00011165.jpg,94
00011166.jpg,94
00011167.jpg,94
00011168.jpg,94
00011169.jpg,94
00011170.jpg,94
00011171.jpg,94
00011172.jpg,94
00011173.jpg,94
00011174.jpg,94
00011175.jpg,94
00011176.jpg,94
00011177.jpg,94
00011178.jpg,94
00011179.jpg,94
00011180.jpg,94
00011181.jpg,94
00011182.jpg,94
00011183.jpg,94
00011184.jpg,94
00011185.jpg,94
00011186.jpg,94
00011187.jpg,94
00011188.jpg,94
00011189.jpg,94
00011190.jpg,94
00011191.jpg,94
00011192.jpg,94
00011193.jpg,94
00011194.jpg,94
00011195.jpg,94
00011196.jpg,94
00011197.jpg,94
00011198.jpg,94
00011199.jpg,94
00011200.jpg,94
00011201.jpg,94
00011202.jpg,94
00011203.jpg,94
00011204.jpg,94
00011205.jpg,94
00011206.jpg,94
00011207.jpg,94
00011208.jpg,94
00011209.jpg,94
00011210.jpg,94
00011211.jpg,95
00011212.jpg,95
00011213.jpg,95
00011214.jpg,95
00011215.jpg,95
00011216.jpg,95
00011217.jpg,95
00011218.jpg,95
00011219.jpg,95
00011220.jpg,95
00011221.jpg,95
00011222.jpg,95
00011223.jpg,95
00011224.jpg,95
00011225.jpg,95
00011226.jpg,95
00011227.jpg,95
00011228.jpg,95
00011229.jpg,95
00011230.jpg,95
00011231.jpg,95
00011232.jpg,95
00011233.jpg,95
00011234.jpg,95
00011235.jpg,95
00011236.jpg,95
00011237.jpg,95
00011238.jpg,95
00011239.jpg,95
00011240.jpg,95
00011241.jpg,95
00011242.jpg,95
00011243.jpg,95
00011244.jpg,95
00011245.jpg,95
00011246.jpg,95
00011247.jpg,95
00011248.jpg,95
00011249.jpg,95
00011250.jpg,95
00011251.jpg,95
00011252.jpg,95
00011253.jpg,95
00011254.jpg,95
00011255.jpg,95
00011256.jpg,95
00011257.jpg,95
00011258.jpg,95
00011259.jpg,95
00011260.jpg,95
00011261.jpg,95
00011262.jpg,95
00011263.jpg,95
00011264.jpg,95
00011265.jpg,95
00011266.jpg,95
00011267.jpg,95
00011268.jpg,95
00011269.jpg,95
00011270.jpg,95
00011271.jpg,95
00011272.jpg,95
00011273.jpg,95
00011274.jpg,95
00011275.jpg,95
00011276.jpg,95
00011277.jpg,95
00011278.jpg,95
00011279.jpg,95
00011280.jpg,95
00011281.jpg,95
00011282.jpg,95
00011283.jpg,95
00011284.jpg,95
00011285.jpg,95
00011286.jpg,95
00011287.jpg,95
00011288.jpg,95
00011289.jpg,95
00011290.jpg,95
00011291.jpg,95
00011292.jpg,95
00011293.jpg,95
00011294.jpg,95
00011295.jpg,95
00011296.jpg,95
00011297.jpg,95
00011298.jpg,95
00011299.jpg,95
00011300.jpg,95
00011301.jpg,95
00011302.jpg,95
00011303.jpg,95
00011304.jpg,95
00011305.jpg,95
00011306.jpg,95
00011307.jpg,95
00011308.jpg,95
00011309.jpg,95
00011310.jpg,95
00011311.jpg,95
00011312.jpg,95
00011313.jpg,95
00011314.jpg,95
00011315.jpg,95
00011316.jpg,95
00011317.jpg,95
00011318.jpg,95
00011319.jpg,95
00011320.jpg,95
00011321.jpg,95
00011322.jpg,95
00011323.jpg,95
00011324.jpg,95
00011325.jpg,95
00011326.jpg,95
00011327.jpg,95
00011328.jpg,95
00011329.jpg,96
00011330.jpg,96
00011331.jpg,96
00011332.jpg,96
00011333.jpg,96
00011334.jpg,96
00011335.jpg,96
00011336.jpg,96
00011337.jpg,96
00011338.jpg,96
00011339.jpg,96
00011340.jpg,96
00011341.jpg,96
00011342.jpg,96
00011343.jpg,96
00011344.jpg,96
00011345.jpg,96
00011346.jpg,96
00011347.jpg,96
00011348.jpg,96
00011349.jpg,96
00011350.jpg,96
00011351.jpg,96
00011352.jpg,96
00011353.jpg,96
00011354.jpg,96
00011355.jpg,96
00011356.jpg,96
00011357.jpg,96
00011358.jpg,96
00011359.jpg,96
00011360.jpg,96
00011361.jpg,96
00011362.jpg,96
00011363.jpg,96
00011364.jpg,96
00011365.jpg,96
00011366.jpg,96
00011367.jpg,96
00011368.jpg,96
00011369.jpg,96
00011370.jpg,96
00011371.jpg,96
00011372.jpg,96
00011373.jpg,96
00011374.jpg,96
00011375.jpg,96
00011376.jpg,96
00011377.jpg,96
00011378.jpg,96
00011379.jpg,96
00011380.jpg,96
00011381.jpg,96
00011382.jpg,96
00011383.jpg,96
00011384.jpg,96
00011385.jpg,96
00011386.jpg,96
00011387.jpg,96
00011388.jpg,96
00011389.jpg,96
00011390.jpg,96
00011391.jpg,96
00011392.jpg,96
00011393.jpg,96
00011394.jpg,96
00011395.jpg,96
00011396.jpg,96
00011397.jpg,96
00011398.jpg,96
00011399.jpg,96
00011400.jpg,96
00011401.jpg,96
00011402.jpg,96
00011403.jpg,96
00011404.jpg,96
00011405.jpg,96
00011406.jpg,96
00011407.jpg,96
00011408.jpg,96
00011409.jpg,96
00011410.jpg,96
00011411.jpg,96
00011412.jpg,96
00011413.jpg,96
00011414.jpg,96
00011415.jpg,96
00011416.jpg,96
00011417.jpg,96
00011418.jpg,96
00011419.jpg,96
00011420.jpg,96
00011421.jpg,96
00011422.jpg,96
00011423.jpg,96
00011424.jpg,96
00011425.jpg,96
00011426.jpg,96
00011427.jpg,96
00011428.jpg,96
00011429.jpg,96
00011430.jpg,96
00011431.jpg,96
00011432.jpg,96
00011433.jpg,96
00011434.jpg,96
00011435.jpg,96
00011436.jpg,96
00011437.jpg,96
00011438.jpg,96
00011439.jpg,96
00011440.jpg,96
00011441.jpg,96
00011442.jpg,96
00011443.jpg,96
00011444.jpg,96
00011445.jpg,96
00011446.jpg,96
00011447.jpg,97
00011448.jpg,97
00011449.jpg,97
00011450.jpg,97
00011451.jpg,97
00011452.jpg,97
00011453.jpg,97
00011454.jpg,97
00011455.jpg,97
00011456.jpg,97
00011457.jpg,97
00011458.jpg,97
00011459.jpg,97
00011460.jpg,97
00011461.jpg,97
00011462.jpg,97
00011463.jpg,97
00011464.jpg,97
00011465.jpg,97
00011466.jpg,97
00011467.jpg,97
00011468.jpg,97
00011469.jpg,97
00011470.jpg,97
00011471.jpg,97
00011472.jpg,97
00011473.jpg,97
00011474.jpg,97
00011475.jpg,97
00011476.jpg,97
00011477.jpg,97
00011478.jpg,97
00011479.jpg,97
00011480.jpg,97
00011481.jpg,97
00011482.jpg,97
00011483.jpg,97
00011484.jpg,97
00011485.jpg,97
00011486.jpg,97
00011487.jpg,97
00011488.jpg,97
00011489.jpg,97
00011490.jpg,97
00011491.jpg,97
00011492.jpg,97
00011493.jpg,97
00011494.jpg,97
00011495.jpg,97
00011496.jpg,97
00011497.jpg,97
00011498.jpg,97
00011499.jpg,97
00011500.jpg,97
00011501.jpg,97
00011502.jpg,97
00011503.jpg,97
00011504.jpg,97
00011505.jpg,97
00011506.jpg,97
00011507.jpg,97
00011508.jpg,97
00011509.jpg,97
00011510.jpg,97
00011511.jpg,97
00011512.jpg,97
00011513.jpg,97
00011514.jpg,97
00011515.jpg,97
00011516.jpg,97
00011517.jpg,97
00011518.jpg,97
00011519.jpg,97
00011520.jpg,97
00011521.jpg,97
00011522.jpg,97
00011523.jpg,97
00011524.jpg,97
00011525.jpg,97
00011526.jpg,97
00011527.jpg,97
00011528.jpg,97
00011529.jpg,97
00011530.jpg,97
00011531.jpg,97
00011532.jpg,97
00011533.jpg,97
00011534.jpg,97
00011535.jpg,97
00011536.jpg,97
00011537.jpg,97
00011538.jpg,97
00011539.jpg,97
00011540.jpg,97
00011541.jpg,97
00011542.jpg,97
00011543.jpg,97
00011544.jpg,97
00011545.jpg,97
00011546.jpg,97
00011547.jpg,97
00011548.jpg,97
00011549.jpg,97
00011550.jpg,97
00011551.jpg,97
00011552.jpg,97
00011553.jpg,97
00011554.jpg,97
00011555.jpg,97
00011556.jpg,97
00011557.jpg,97
00011558.jpg,97
00011559.jpg,97
00011560.jpg,97
00011561.jpg,97
00011562.jpg,97
00011563.jpg,97
00011564.jpg,97
00011565.jpg,98
00011566.jpg,98
00011567.jpg,98
00011568.jpg,98
00011569.jpg,98
00011570.jpg,98
00011571.jpg,98
00011572.jpg,98
00011573.jpg,98
00011574.jpg,98
00011575.jpg,98
00011576.jpg,98
00011577.jpg,98
00011578.jpg,98
00011579.jpg,98
00011580.jpg,98
00011581.jpg,98
00011582.jpg,98
00011583.jpg,98
00011584.jpg,98
00011585.jpg,98
00011586.jpg,98
00011587.jpg,98
00011588.jpg,98
00011589.jpg,98
00011590.jpg,98
00011591.jpg,98
00011592.jpg,98
00011593.jpg,98
00011594.jpg,98
00011595.jpg,98
00011596.jpg,98
00011597.jpg,98
00011598.jpg,98
00011599.jpg,98
00011600.jpg,98
00011601.jpg,98
00011602.jpg,98
00011603.jpg,98
00011604.jpg,98
00011605.jpg,98
00011606.jpg,98
00011607.jpg,98
00011608.jpg,98
00011609.jpg,98
00011610.jpg,98
00011611.jpg,98
00011612.jpg,98
00011613.jpg,98
00011614.jpg,98
00011615.jpg,98
00011616.jpg,98
00011617.jpg,98
00011618.jpg,98
00011619.jpg,98
00011620.jpg,98
00011621.jpg,98
00011622.jpg,98
00011623.jpg,98
00011624.jpg,98
00011625.jpg,98
00011626.jpg,98
00011627.jpg,98
00011628.jpg,98
00011629.jpg,98
00011630.jpg,98
00011631.jpg,98
00011632.jpg,98
00011633.jpg,98
00011634.jpg,98
00011635.jpg,98
00011636.jpg,98
00011637.jpg,98
00011638.jpg,98
00011639.jpg,98
00011640.jpg,98
00011641.jpg,98
00011642.jpg,98
00011643.jpg,98
00011644.jpg,98
00011645.jpg,98
00011646.jpg,98
00011647.jpg,98
00011648.jpg,98
00011649.jpg,98
00011650.jpg,98
00011651.jpg,98
00011652.jpg,98
00011653.jpg,98
00011654.jpg,98
00011655.jpg,98
00011656.jpg,98
00011657.jpg,98
00011658.jpg,98
00011659.jpg,98
00011660.jpg,98
00011661.jpg,98
00011662.jpg,98
00011663.jpg,98
00011664.jpg,98
00011665.jpg,98
00011666.jpg,98
00011667.jpg,98
00011668.jpg,98
00011669.jpg,98
00011670.jpg,98
00011671.jpg,98
00011672.jpg,98
00011673.jpg,98
00011674.jpg,98
00011675.jpg,98
00011676.jpg,98
00011677.jpg,98
00011678.jpg,98
00011679.jpg,98
00011680.jpg,98
00011681.jpg,98
00011682.jpg,98
00011683.jpg,99
00011684.jpg,99
00011685.jpg,99
00011686.jpg,99
00011687.jpg,99
00011688.jpg,99
00011689.jpg,99
00011690.jpg,99
00011691.jpg,99
00011692.jpg,99
00011693.jpg,99
00011694.jpg,99
00011695.jpg,99
00011696.jpg,99
00011697.jpg,99
00011698.jpg,99
00011699.jpg,99
00011700.jpg,99
00011701.jpg,99
00011702.jpg,99
00011703.jpg,99
00011704.jpg,99
00011705.jpg,99
00011706.jpg,99
00011707.jpg,99
00011708.jpg,99
00011709.jpg,99
00011710.jpg,99
00011711.jpg,99
00011712.jpg,99
00011713.jpg,99
00011714.jpg,99
00011715.jpg,99
00011716.jpg,99
00011717.jpg,99
00011718.jpg,99
00011719.jpg,99
00011720.jpg,99
00011721.jpg,99
00011722.jpg,99
00011723.jpg,99
00011724.jpg,99
00011725.jpg,99
00011726.jpg,99
00011727.jpg,99
00011728.jpg,99
00011729.jpg,99
00011730.jpg,99
00011731.jpg,99
00011732.jpg,99
00011733.jpg,99
00011734.jpg,99
00011735.jpg,99
00011736.jpg,99
00011737.jpg,99
00011738.jpg,99
00011739.jpg,99
00011740.jpg,99
00011741.jpg,99
00011742.jpg,99
00011743.jpg,99
00011744.jpg,99
00011745.jpg,99
00011746.jpg,99
00011747.jpg,99
00011748.jpg,99
00011749.jpg,99
00011750.jpg,99
00011751.jpg,99
00011752.jpg,99
00011753.jpg,99
00011754.jpg,99
00011755.jpg,99
00011756.jpg,99
00011757.jpg,99
00011758.jpg,99
00011759.jpg,99
00011760.jpg,99
00011761.jpg,99
00011762.jpg,99
00011763.jpg,99
00011764.jpg,99
00011765.jpg,99
00011766.jpg,99
00011767.jpg,99
00011768.jpg,99
00011769.jpg,99
00011770.jpg,99
00011771.jpg,99
00011772.jpg,99
00011773.jpg,99
00011774.jpg,99
00011775.jpg,99
00011776.jpg,99
00011777.jpg,99
00011778.jpg,99
00011779.jpg,99
00011780.jpg,99
00011781.jpg,99
00011782.jpg,99
00011783.jpg,99
00011784.jpg,99
00011785.jpg,99
00011786.jpg,99
00011787.jpg,99
00011788.jpg,99
00011789.jpg,99
00011790.jpg,99
00011791.jpg,99
00011792.jpg,99
00011793.jpg,99
00011794.jpg,99
00011795.jpg,99
00011796.jpg,99
00011797.jpg,99
00011798.jpg,99
00011799.jpg,99
00011800.jpg,99
00011801.jpg,100
00011802.jpg,100
00011803.jpg,100
00011804.jpg,100
00011805.jpg,100
00011806.jpg,100
00011807.jpg,100
00011808.jpg,100
00011809.jpg,100
00011810.jpg,100
00011811.jpg,100
00011812.jpg,100
00011813.jpg,100
00011814.jpg,100
00011815.jpg,100
00011816.jpg,100
00011817.jpg,100
00011818.jpg,100
00011819.jpg,100
00011820.jpg,100
00011821.jpg,100
00011822.jpg,100
00011823.jpg,100
00011824.jpg,100
00011825.jpg,100
00011826.jpg,100
00011827.jpg,100
00011828.jpg,100
00011829.jpg,100
00011830.jpg,100
00011831.jpg,100
00011832.jpg,100
00011833.jpg,100
00011834.jpg,100
00011835.jpg,100
00011836.jpg,100
00011837.jpg,100
00011838.jpg,100
00011839.jpg,100
00011840.jpg,100
00011841.jpg,100
00011842.jpg,100
00011843.jpg,100
00011844.jpg,100
00011845.jpg,100
00011846.jpg,100
00011847.jpg,100
00011848.jpg,100
00011849.jpg,100
00011850.jpg,100
00011851.jpg,100
00011852.jpg,100
00011853.jpg,100
00011854.jpg,100
00011855.jpg,100
00011856.jpg,100
00011857.jpg,100
00011858.jpg,100
00011859.jpg,100
00011860.jpg,100
00011861.jpg,100
00011862.jpg,100
00011863.jpg,100
00011864.jpg,100
00011865.jpg,100
00011866.jpg,100
00011867.jpg,100
00011868.jpg,100
00011869.jpg,100
00011870.jpg,100
00011871.jpg,100
00011872.jpg,100
00011873.jpg,100
00011874.jpg,100
00011875.jpg,100
00011876.jpg,100
00011877.jpg,100
00011878.jpg,100
00011879.jpg,100
00011880.jpg,100
00011881.jpg,100
00011882.jpg,100
00011883.jpg,100
00011884.jpg,100
00011885.jpg,100
00011886.jpg,100
00011887.jpg,100
00011888.jpg,100
00011889.jpg,100
00011890.jpg,100
00011891.jpg,100
00011892.jpg,100
00011893.jpg,100
00011894.jpg,100
00011895.jpg,100
00011896.jpg,100
00011897.jpg,100
00011898.jpg,100
00011899.jpg,100
00011900.jpg,100
00011901.jpg,100
00011902.jpg,100
00011903.jpg,100
00011904.jpg,100
00011905.jpg,100
00011906.jpg,100
00011907.jpg,100
00011908.jpg,100
00011909.jpg,100
00011910.jpg,100
00011911.jpg,100
00011912.jpg,100
00011913.jpg,100
00011914.jpg,100
00011915.jpg,100
00011916.jpg,100
00011917.jpg,100
00011918.jpg,100
00011919.jpg,101
00011920.jpg,101
00011921.jpg,101
00011922.jpg,101
00011923.jpg,101
00011924.jpg,101
00011925.jpg,101
00011926.jpg,101
00011927.jpg,101
00011928.jpg,101
00011929.jpg,101
00011930.jpg,101
00011931.jpg,101
00011932.jpg,101
00011933.jpg,101
00011934.jpg,101
00011935.jpg,101
00011936.jpg,101
00011937.jpg,101
00011938.jpg,101
00011939.jpg,101
00011940.jpg,101
00011941.jpg,101
00011942.jpg,101
00011943.jpg,101
00011944.jpg,101
00011945.jpg,101
00011946.jpg,101
00011947.jpg,101
00011948.jpg,101
00011949.jpg,101
00011950.jpg,101
00011951.jpg,101
00011952.jpg,101
00011953.jpg,101
00011954.jpg,101
00011955.jpg,101
00011956.jpg,101
00011957.jpg,101
00011958.jpg,101
00011959.jpg,101
00011960.jpg,101
00011961.jpg,101
00011962.jpg,101
00011963.jpg,101
00011964.jpg,101
00011965.jpg,101
00011966.jpg,101
00011967.jpg,101
00011968.jpg,101
00011969.jpg,101
00011970.jpg,101
00011971.jpg,101
00011972.jpg,101
00011973.jpg,101
00011974.jpg,101
00011975.jpg,101
00011976.jpg,101
00011977.jpg,101
00011978.jpg,101
00011979.jpg,101
00011980.jpg,101
00011981.jpg,101
00011982.jpg,101
00011983.jpg,101
00011984.jpg,101
00011985.jpg,101
00011986.jpg,101
00011987.jpg,101
00011988.jpg,101
00011989.jpg,101
00011990.jpg,101
00011991.jpg,101
00011992.jpg,101
00011993.jpg,101
00011994.jpg,101
00011995.jpg,101
00011996.jpg,101
00011997.jpg,101
00011998.jpg,101
00011999.jpg,101
00012000.jpg,101
00012001.jpg,101
00012002.jpg,101
00012003.jpg,101
00012004.jpg,101
00012005.jpg,101
00012006.jpg,101
00012007.jpg,101
00012008.jpg,101
00012009.jpg,101
00012010.jpg,101
00012011.jpg,101
00012012.jpg,101
00012013.jpg,101
00012014.jpg,101
00012015.jpg,101
00012016.jpg,101
00012017.jpg,101
00012018.jpg,101
00012019.jpg,101
00012020.jpg,101
00012021.jpg,101
00012022.jpg,101
00012023.jpg,101
00012024.jpg,101
00012025.jpg,101
00012026.jpg,101
00012027.jpg,101
00012028.jpg,101
00012029.jpg,101
00012030.jpg,101
00012031.jpg,101
00012032.jpg,101
00012033.jpg,101
00012034.jpg,101
00012035.jpg,101
00012036.jpg,101
00012037.jpg,102
00012038.jpg,102
00012039.jpg,102
00012040.jpg,102
00012041.jpg,102
00012042.jpg,102
00012043.jpg,102
00012044.jpg,102
00012045.jpg,102
00012046.jpg,102
00012047.jpg,102
00012048.jpg,102
00012049.jpg,102
00012050.jpg,102
00012051.jpg,102
00012052.jpg,102
00012053.jpg,102
00012054.jpg,102
00012055.jpg,102
00012056.jpg,102
00012057.jpg,102
00012058.jpg,102
00012059.jpg,102
00012060.jpg,102
00012061.jpg,102
00012062.jpg,102
00012063.jpg,102
00012064.jpg,102
00012065.jpg,102
00012066.jpg,102
00012067.jpg,102
00012068.jpg,102
00012069.jpg,102
00012070.jpg,102
00012071.jpg,102
00012072.jpg,102
00012073.jpg,102
00012074.jpg,102
00012075.jpg,102
00012076.jpg,102
00012077.jpg,102
00012078.jpg,102
00012079.jpg,102
00012080.jpg,102
00012081.jpg,102
00012082.jpg,102
00012083.jpg,102
00012084.jpg,102
00012085.jpg,102
00012086.jpg,102
00012087.jpg,102
00012088.jpg,102
00012089.jpg,102
00012090.jpg,102
00012091.jpg,102
00012092.jpg,102
00012093.jpg,102
00012094.jpg,102
00012095.jpg,102
00012096.jpg,102
00012097.jpg,102
00012098.jpg,102
00012099.jpg,102
00012100.jpg,102
00012101.jpg,102
00012102.jpg,102
00012103.jpg,102
00012104.jpg,102
00012105.jpg,102
00012106.jpg,102
00012107.jpg,102
00012108.jpg,102
00012109.jpg,102
00012110.jpg,102
00012111.jpg,102
00012112.jpg,102
00012113.jpg,102
00012114.jpg,102
00012115.jpg,102
00012116.jpg,102
00012117.jpg,102
00012118.jpg,102
00012119.jpg,102
00012120.jpg,102
00012121.jpg,102
00012122.jpg,102
00012123.jpg,102
00012124.jpg,102
00012125.jpg,102
00012126.jpg,102
00012127.jpg,102
00012128.jpg,102
00012129.jpg,102
00012130.jpg,102
00012131.jpg,102
00012132.jpg,102
00012133.jpg,102
00012134.jpg,102
00012135.jpg,102
00012136.jpg,102
00012137.jpg,102
00012138.jpg,102
00012139.jpg,102
00012140.jpg,102
00012141.jpg,102
00012142.jpg,102
00012143.jpg,102
00012144.jpg,102
00012145.jpg,102
00012146.jpg,102
00012147.jpg,102
00012148.jpg,102
00012149.jpg,102
00012150.jpg,102
00012151.jpg,102
00012152.jpg,102
00012153.jpg,102
00012154.jpg,102
00012155.jpg,103
00012156.jpg,103
00012157.jpg,103
00012158.jpg,103
00012159.jpg,103
00012160.jpg,103
00012161.jpg,103
00012162.jpg,103
00012163.jpg,103
00012164.jpg,103
00012165.jpg,103
00012166.jpg,103
00012167.jpg,103
00012168.jpg,103
00012169.jpg,103
00012170.jpg,103
00012171.jpg,103
00012172.jpg,103
00012173.jpg,103
00012174.jpg,103
00012175.jpg,103
00012176.jpg,103
00012177.jpg,103
00012178.jpg,103
00012179.jpg,103
00012180.jpg,103
00012181.jpg,103
00012182.jpg,103
00012183.jpg,103
00012184.jpg,103
00012185.jpg,103
00012186.jpg,103
00012187.jpg,103
00012188.jpg,103
00012189.jpg,103
00012190.jpg,103
00012191.jpg,103
00012192.jpg,103
00012193.jpg,103
00012194.jpg,103
00012195.jpg,103
00012196.jpg,103
00012197.jpg,103
00012198.jpg,103
00012199.jpg,103
00012200.jpg,103
00012201.jpg,103
00012202.jpg,103
00012203.jpg,103
00012204.jpg,103
00012205.jpg,103
00012206.jpg,103
00012207.jpg,103
00012208.jpg,103
00012209.jpg,103
00012210.jpg,103
00012211.jpg,103
00012212.jpg,103
00012213.jpg,103
00012214.jpg,103
00012215.jpg,103
00012216.jpg,103
00012217.jpg,103
00012218.jpg,103
00012219.jpg,103
00012220.jpg,103
00012221.jpg,103
00012222.jpg,103
00012223.jpg,103
00012224.jpg,103
00012225.jpg,103
00012226.jpg,103
00012227.jpg,103
00012228.jpg,103
00012229.jpg,103
00012230.jpg,103
00012231.jpg,103
00012232.jpg,103
00012233.jpg,103
00012234.jpg,103
00012235.jpg,103
00012236.jpg,103
00012237.jpg,103
00012238.jpg,103
00012239.jpg,103
00012240.jpg,103
00012241.jpg,103
00012242.jpg,103
00012243.jpg,103
00012244.jpg,103
00012245.jpg,103
00012246.jpg,103
00012247.jpg,103
00012248.jpg,103
00012249.jpg,103
00012250.jpg,103
00012251.jpg,103
00012252.jpg,103
00012253.jpg,103
00012254.jpg,103
00012255.jpg,103
00012256.jpg,103
00012257.jpg,103
00012258.jpg,103
00012259.jpg,103
00012260.jpg,103
00012261.jpg,103
00012262.jpg,103
00012263.jpg,103
00012264.jpg,103
00012265.jpg,103
00012266.jpg,103
00012267.jpg,103
00012268.jpg,103
00012269.jpg,103
00012270.jpg,103
00012271.jpg,103
00012272.jpg,103
00012273.jpg,104
00012274.jpg,104
00012275.jpg,104
00012276.jpg,104
00012277.jpg,104
00012278.jpg,104
00012279.jpg,104
00012280.jpg,104
00012281.jpg,104
00012282.jpg,104
00012283.jpg,104
00012284.jpg,104
00012285.jpg,104
00012286.jpg,104
00012287.jpg,104
00012288.jpg,104
00012289.jpg,104
00012290.jpg,104
00012291.jpg,104
00012292.jpg,104
00012293.jpg,104
00012294.jpg,104
00012295.jpg,104
00012296.jpg,104
00012297.jpg,104
00012298.jpg,104
00012299.jpg,104
00012300.jpg,104
00012301.jpg,104
00012302.jpg,104
00012303.jpg,104
00012304.jpg,104
00012305.jpg,104
00012306.jpg,104
00012307.jpg,104
00012308.jpg,104
00012309.jpg,104
00012310.jpg,104
00012311.jpg,104
00012312.jpg,104
00012313.jpg,104
00012314.jpg,104
00012315.jpg,104
00012316.jpg,104
00012317.jpg,104
00012318.jpg,104
00012319.jpg,104
00012320.jpg,104
00012321.jpg,104
00012322.jpg,104
00012323.jpg,104
00012324.jpg,104
00012325.jpg,104
00012326.jpg,104
00012327.jpg,104
00012328.jpg,104
00012329.jpg,104
00012330.jpg,104
00012331.jpg,104
00012332.jpg,104
00012333.jpg,104
00012334.jpg,104
00012335.jpg,104
00012336.jpg,104
00012337.jpg,104
00012338.jpg,104
00012339.jpg,104
00012340.jpg,104
00012341.jpg,104
00012342.jpg,104
00012343.jpg,104
00012344.jpg,104
00012345.jpg,104
00012346.jpg,104
00012347.jpg,104
00012348.jpg,104
00012349.jpg,104
00012350.jpg,104
00012351.jpg,104
00012352.jpg,104
00012353.jpg,104
00012354.jpg,104
00012355.jpg,104
00012356.jpg,104
00012357.jpg,104
00012358.jpg,104
00012359.jpg,104
00012360.jpg,104
00012361.jpg,104
00012362.jpg,104
00012363.jpg,104
00012364.jpg,104
00012365.jpg,104
00012366.jpg,104
00012367.jpg,104
00012368.jpg,104
00012369.jpg,104
00012370.jpg,104
00012371.jpg,104
00012372.jpg,104
00012373.jpg,104
00012374.jpg,104
00012375.jpg,104
00012376.jpg,104
00012377.jpg,104
00012378.jpg,104
00012379.jpg,104
00012380.jpg,104
00012381.jpg,104
00012382.jpg,104
00012383.jpg,104
00012384.jpg,104
00012385.jpg,104
00012386.jpg,104
00012387.jpg,104
00012388.jpg,104
00012389.jpg,104
00012390.jpg,104
00012391.jpg,105
00012392.jpg,105
00012393.jpg,105
00012394.jpg,105
00012395.jpg,105
00012396.jpg,105
00012397.jpg,105
00012398.jpg,105
00012399.jpg,105
00012400.jpg,105
00012401.jpg,105
00012402.jpg,105
00012403.jpg,105
00012404.jpg,105
00012405.jpg,105
00012406.jpg,105
00012407.jpg,105
00012408.jpg,105
00012409.jpg,105
00012410.jpg,105
00012411.jpg,105
00012412.jpg,105
00012413.jpg,105
00012414.jpg,105
00012415.jpg,105
00012416.jpg,105
00012417.jpg,105
00012418.jpg,105
00012419.jpg,105
00012420.jpg,105
00012421.jpg,105
00012422.jpg,105
00012423.jpg,105
00012424.jpg,105
00012425.jpg,105
00012426.jpg,105
00012427.jpg,105
00012428.jpg,105
00012429.jpg,105
00012430.jpg,105
00012431.jpg,105
00012432.jpg,105
00012433.jpg,105
00012434.jpg,105
00012435.jpg,105
00012436.jpg,105
00012437.jpg,105
00012438.jpg,105
00012439.jpg,105
00012440.jpg,105
00012441.jpg,105
00012442.jpg,105
00012443.jpg,105
00012444.jpg,105
00012445.jpg,105
00012446.jpg,105
00012447.jpg,105
00012448.jpg,105
00012449.jpg,105
00012450.jpg,105
00012451.jpg,105
00012452.jpg,105
00012453.jpg,105
00012454.jpg,105
00012455.jpg,105
00012456.jpg,105
00012457.jpg,105
00012458.jpg,105
00012459.jpg,105
00012460.jpg,105
00012461.jpg,105
00012462.jpg,105
00012463.jpg,105
00012464.jpg,105
00012465.jpg,105
00012466.jpg,105
00012467.jpg,105
00012468.jpg,105
00012469.jpg,105
00012470.jpg,105
00012471.jpg,105
00012472.jpg,105
00012473.jpg,105
00012474.jpg,105
00012475.jpg,105
00012476.jpg,105
00012477.jpg,105
00012478.jpg,105
00012479.jpg,105
00012480.jpg,105
00012481.jpg,105
00012482.jpg,105
00012483.jpg,105
00012484.jpg,105
00012485.jpg,105
00012486.jpg,105
00012487.jpg,105
00012488.jpg,105
00012489.jpg,105
00012490.jpg,105
00012491.jpg,105
00012492.jpg,105
00012493.jpg,105
00012494.jpg,105
00012495.jpg,105
00012496.jpg,105
00012497.jpg,105
00012498.jpg,105
00012499.jpg,105
00012500.jpg,105
00012501.jpg,105
00012502.jpg,105
00012503.jpg,105
00012504.jpg,105
00012505.jpg,105
00012506.jpg,105
00012507.jpg,105
00012508.jpg,105
00012509.jpg,106
00012510.jpg,106
00012511.jpg,106
00012512.jpg,106
00012513.jpg,106
00012514.jpg,106
00012515.jpg,106
00012516.jpg,106
00012517.jpg,106
00012518.jpg,106
00012519.jpg,106
00012520.jpg,106
00012521.jpg,106
00012522.jpg,106
00012523.jpg,106
00012524.jpg,106
00012525.jpg,106
00012526.jpg,106
00012527.jpg,106
00012528.jpg,106
00012529.jpg,106
00012530.jpg,106
00012531.jpg,106
00012532.jpg,106
00012533.jpg,106
00012534.jpg,106
00012535.jpg,106
00012536.jpg,106
00012537.jpg,106
00012538.jpg,106
00012539.jpg,106
00012540.jpg,106
00012541.jpg,106
00012542.jpg,106
00012543.jpg,106
00012544.jpg,106
00012545.jpg,106
00012546.jpg,106
00012547.jpg,106
00012548.jpg,106
00012549.jpg,106
00012550.jpg,106
00012551.jpg,106
00012552.jpg,106
00012553.jpg,106
00012554.jpg,106
00012555.jpg,106
00012556.jpg,106
00012557.jpg,106
00012558.jpg,106
00012559.jpg,106
00012560.jpg,106
00012561.jpg,106
00012562.jpg,106
00012563.jpg,106
00012564.jpg,106
00012565.jpg,106
00012566.jpg,106
00012567.jpg,106
00012568.jpg,106
00012569.jpg,106
00012570.jpg,106
00012571.jpg,106
00012572.jpg,106
00012573.jpg,106
00012574.jpg,106
00012575.jpg,106
00012576.jpg,106
00012577.jpg,106
00012578.jpg,106
00012579.jpg,106
00012580.jpg,106
00012581.jpg,106
00012582.jpg,106
00012583.jpg,106
00012584.jpg,106
00012585.jpg,106
00012586.jpg,106
00012587.jpg,106
00012588.jpg,106
00012589.jpg,106
00012590.jpg,106
00012591.jpg,106
00012592.jpg,106
00012593.jpg,106
00012594.jpg,106
00012595.jpg,106
00012596.jpg,106
00012597.jpg,106
00012598.jpg,106
00012599.jpg,106
00012600.jpg,106
00012601.jpg,106
00012602.jpg,106
00012603.jpg,106
00012604.jpg,106
00012605.jpg,106
00012606.jpg,106
00012607.jpg,106
00012608.jpg,106
00012609.jpg,106
00012610.jpg,106
00012611.jpg,106
00012612.jpg,106
00012613.jpg,106
00012614.jpg,106
00012615.jpg,106
00012616.jpg,106
00012617.jpg,106
00012618.jpg,106
00012619.jpg,106
00012620.jpg,106
00012621.jpg,106
00012622.jpg,106
00012623.jpg,106
00012624.jpg,106
00012625.jpg,106
00012626.jpg,106
00012627.jpg,107
00012628.jpg,107
00012629.jpg,107
00012630.jpg,107
00012631.jpg,107
00012632.jpg,107
00012633.jpg,107
00012634.jpg,107
00012635.jpg,107
00012636.jpg,107
00012637.jpg,107
00012638.jpg,107
00012639.jpg,107
00012640.jpg,107
00012641.jpg,107
00012642.jpg,107
00012643.jpg,107
00012644.jpg,107
00012645.jpg,107
00012646.jpg,107
00012647.jpg,107
00012648.jpg,107
00012649.jpg,107
00012650.jpg,107
00012651.jpg,107
00012652.jpg,107
00012653.jpg,107
00012654.jpg,107
00012655.jpg,107
00012656.jpg,107
00012657.jpg,107
00012658.jpg,107
00012659.jpg,107
00012660.jpg,107
00012661.jpg,107
00012662.jpg,107
00012663.jpg,107
00012664.jpg,107
00012665.jpg,107
00012666.jpg,107
00012667.jpg,107
00012668.jpg,107
00012669.jpg,107
00012670.jpg,107
00012671.jpg,107
00012672.jpg,107
00012673.jpg,107
00012674.jpg,107
00012675.jpg,107
00012676.jpg,107
00012677.jpg,107
00012678.jpg,107
00012679.jpg,107
00012680.jpg,107
00012681.jpg,107
00012682.jpg,107
00012683.jpg,107
00012684.jpg,107
00012685.jpg,107
00012686.jpg,107
00012687.jpg,107
00012688.jpg,107
00012689.jpg,107
00012690.jpg,107
00012691.jpg,107
00012692.jpg,107
00012693.jpg,107
00012694.jpg,107
00012695.jpg,107
00012696.jpg,107
00012697.jpg,107
00012698.jpg,107
00012699.jpg,107
00012700.jpg,107
00012701.jpg,107
00012702.jpg,107
00012703.jpg,107
00012704.jpg,107
00012705.jpg,107
00012706.jpg,107
00012707.jpg,107
00012708.jpg,107
00012709.jpg,107
00012710.jpg,107
00012711.jpg,107
00012712.jpg,107
00012713.jpg,107
00012714.jpg,107
00012715.jpg,107
00012716.jpg,107
00012717.jpg,107
00012718.jpg,107
00012719.jpg,107
00012720.jpg,107
00012721.jpg,107
00012722.jpg,107
00012723.jpg,107
00012724.jpg,107
00012725.jpg,107
00012726.jpg,107
00012727.jpg,107
00012728.jpg,107
00012729.jpg,107
00012730.jpg,107
00012731.jpg,107
00012732.jpg,107
00012733.jpg,107
00012734.jpg,107
00012735.jpg,107
00012736.jpg,107
00012737.jpg,107
00012738.jpg,107
00012739.jpg,107
00012740.jpg,107
00012741.jpg,107
00012742.jpg,107
00012743.jpg,107
00012744.jpg,107
00012745.jpg,108
00012746.jpg,108
00012747.jpg,108
00012748.jpg,108
00012749.jpg,108
00012750.jpg,108
00012751.jpg,108
00012752.jpg,108
00012753.jpg,108
00012754.jpg,108
00012755.jpg,108
00012756.jpg,108
00012757.jpg,108
00012758.jpg,108
00012759.jpg,108
00012760.jpg,108
00012761.jpg,108
00012762.jpg,108
00012763.jpg,108
00012764.jpg,108
00012765.jpg,108
00012766.jpg,108
00012767.jpg,108
00012768.jpg,108
00012769.jpg,108
00012770.jpg,108
00012771.jpg,108
00012772.jpg,108
00012773.jpg,108
00012774.jpg,108
00012775.jpg,108
00012776.jpg,108
00012777.jpg,108
00012778.jpg,108
00012779.jpg,108
00012780.jpg,108
00012781.jpg,108
00012782.jpg,108
00012783.jpg,108
00012784.jpg,108
00012785.jpg,108
00012786.jpg,108
00012787.jpg,108
00012788.jpg,108
00012789.jpg,108
00012790.jpg,108
00012791.jpg,108
00012792.jpg,108
00012793.jpg,108
00012794.jpg,108
00012795.jpg,108
00012796.jpg,108
00012797.jpg,108
00012798.jpg,108
00012799.jpg,108
00012800.jpg,108
00012801.jpg,108
00012802.jpg,108
00012803.jpg,108
00012804.jpg,108
00012805.jpg,108
00012806.jpg,108
00012807.jpg,108
00012808.jpg,108
00012809.jpg,108
00012810.jpg,108
00012811.jpg,108
00012812.jpg,108
00012813.jpg,108
00012814.jpg,108
00012815.jpg,108
00012816.jpg,108
00012817.jpg,108
00012818.jpg,108
00012819.jpg,108
00012820.jpg,108
00012821.jpg,108
00012822.jpg,108
00012823.jpg,108
00012824.jpg,108
00012825.jpg,108
00012826.jpg,108
00012827.jpg,108
00012828.jpg,108
00012829.jpg,108
00012830.jpg,108
00012831.jpg,108
00012832.jpg,108
00012833.jpg,108
00012834.jpg,108
00012835.jpg,108
00012836.jpg,108
00012837.jpg,108
00012838.jpg,108
00012839.jpg,108
00012840.jpg,108
00012841.jpg,108
00012842.jpg,108
00012843.jpg,108
00012844.jpg,108
00012845.jpg,108
00012846.jpg,108
00012847.jpg,108
00012848.jpg,108
00012849.jpg,108
00012850.jpg,108
00012851.jpg,108
00012852.jpg,108
00012853.jpg,108
00012854.jpg,108
00012855.jpg,108
00012856.jpg,108
00012857.jpg,108
00012858.jpg,108
00012859.jpg,108
00012860.jpg,108
00012861.jpg,108
00012862.jpg,108
00012863.jpg,109
00012864.jpg,109
00012865.jpg,109
00012866.jpg,109
00012867.jpg,109
00012868.jpg,109
00012869.jpg,109
00012870.jpg,109
00012871.jpg,109
00012872.jpg,109
00012873.jpg,109
00012874.jpg,109
00012875.jpg,109
00012876.jpg,109
00012877.jpg,109
00012878.jpg,109
00012879.jpg,109
00012880.jpg,109
00012881.jpg,109
00012882.jpg,109
00012883.jpg,109
00012884.jpg,109
00012885.jpg,109
00012886.jpg,109
00012887.jpg,109
00012888.jpg,109
00012889.jpg,109
00012890.jpg,109
00012891.jpg,109
00012892.jpg,109
00012893.jpg,109
00012894.jpg,109
00012895.jpg,109
00012896.jpg,109
00012897.jpg,109
00012898.jpg,109
00012899.jpg,109
00012900.jpg,109
00012901.jpg,109
00012902.jpg,109
00012903.jpg,109
00012904.jpg,109
00012905.jpg,109
00012906.jpg,109
00012907.jpg,109
00012908.jpg,109
00012909.jpg,109
00012910.jpg,109
00012911.jpg,109
00012912.jpg,109
00012913.jpg,109
00012914.jpg,109
00012915.jpg,109
00012916.jpg,109
00012917.jpg,109
00012918.jpg,109
00012919.jpg,109
00012920.jpg,109
00012921.jpg,109
00012922.jpg,109
00012923.jpg,109
00012924.jpg,109
00012925.jpg,109
00012926.jpg,109
00012927.jpg,109
00012928.jpg,109
00012929.jpg,109
00012930.jpg,109
00012931.jpg,109
00012932.jpg,109
00012933.jpg,109
00012934.jpg,109
00012935.jpg,109
00012936.jpg,109
00012937.jpg,109
00012938.jpg,109
00012939.jpg,109
00012940.jpg,109
00012941.jpg,109
00012942.jpg,109
00012943.jpg,109
00012944.jpg,109
00012945.jpg,109
00012946.jpg,109
00012947.jpg,109
00012948.jpg,109
00012949.jpg,109
00012950.jpg,109
00012951.jpg,109
00012952.jpg,109
00012953.jpg,109
00012954.jpg,109
00012955.jpg,109
00012956.jpg,109
00012957.jpg,109
00012958.jpg,109
00012959.jpg,109
00012960.jpg,109
00012961.jpg,109
00012962.jpg,109
00012963.jpg,109
00012964.jpg,109
00012965.jpg,109
00012966.jpg,109
00012967.jpg,109
00012968.jpg,109
00012969.jpg,109
00012970.jpg,109
00012971.jpg,109
00012972.jpg,109
00012973.jpg,109
00012974.jpg,109
00012975.jpg,109
00012976.jpg,109
00012977.jpg,109
00012978.jpg,109
00012979.jpg,109
00012980.jpg,109
00012981.jpg,110
00012982.jpg,110
00012983.jpg,110
00012984.jpg,110
00012985.jpg,110
00012986.jpg,110
00012987.jpg,110
00012988.jpg,110
00012989.jpg,110
00012990.jpg,110
00012991.jpg,110
00012992.jpg,110
00012993.jpg,110
00012994.jpg,110
00012995.jpg,110
00012996.jpg,110
00012997.jpg,110
00012998.jpg,110
00012999.jpg,110
00013000.jpg,110
00013001.jpg,110
00013002.jpg,110
00013003.jpg,110
00013004.jpg,110
00013005.jpg,110
00013006.jpg,110
00013007.jpg,110
00013008.jpg,110
00013009.jpg,110
00013010.jpg,110
00013011.jpg,110
00013012.jpg,110
00013013.jpg,110
00013014.jpg,110
00013015.jpg,110
00013016.jpg,110
00013017.jpg,110
00013018.jpg,110
00013019.jpg,110
00013020.jpg,110
00013021.jpg,110
00013022.jpg,110
00013023.jpg,110
00013024.jpg,110
00013025.jpg,110
00013026.jpg,110
00013027.jpg,110
00013028.jpg,110
00013029.jpg,110
00013030.jpg,110
00013031.jpg,110
00013032.jpg,110
00013033.jpg,110
00013034.jpg,110
00013035.jpg,110
00013036.jpg,110
00013037.jpg,110
00013038.jpg,110
00013039.jpg,110
00013040.jpg,110
00013041.jpg,110
00013042.jpg,110
00013043.jpg,110
00013044.jpg,110
00013045.jpg,110
00013046.jpg,110
00013047.jpg,110
00013048.jpg,110
00013049.jpg,110
00013050.jpg,110
00013051.jpg,110
00013052.jpg,110
00013053.jpg,110
00013054.jpg,110
00013055.jpg,110
00013056.jpg,110
00013057.jpg,110
00013058.jpg,110
00013059.jpg,110
00013060.jpg,110
00013061.jpg,110
00013062.jpg,110
00013063.jpg,110
00013064.jpg,110
00013065.jpg,110
00013066.jpg,110
00013067.jpg,110
00013068.jpg,110
00013069.jpg,110
00013070.jpg,110
00013071.jpg,110
00013072.jpg,110
00013073.jpg,110
00013074.jpg,110
00013075.jpg,110
00013076.jpg,110
00013077.jpg,110
00013078.jpg,110
00013079.jpg,110
00013080.jpg,110
00013081.jpg,110
00013082.jpg,110
00013083.jpg,110
00013084.jpg,110
00013085.jpg,110
00013086.jpg,110
00013087.jpg,110
00013088.jpg,110
00013089.jpg,110
00013090.jpg,110
00013091.jpg,110
00013092.jpg,110
00013093.jpg,110
00013094.jpg,110
00013095.jpg,110
00013096.jpg,110
00013097.jpg,110
00013098.jpg,110
00013099.jpg,111
00013100.jpg,111
00013101.jpg,111
00013102.jpg,111
00013103.jpg,111
00013104.jpg,111
00013105.jpg,111
00013106.jpg,111
00013107.jpg,111
00013108.jpg,111
00013109.jpg,111
00013110.jpg,111
00013111.jpg,111
00013112.jpg,111
00013113.jpg,111
00013114.jpg,111
00013115.jpg,111
00013116.jpg,111
00013117.jpg,111
00013118.jpg,111
00013119.jpg,111
00013120.jpg,111
00013121.jpg,111
00013122.jpg,111
00013123.jpg,111
00013124.jpg,111
00013125.jpg,111
00013126.jpg,111
00013127.jpg,111
00013128.jpg,111
00013129.jpg,111
00013130.jpg,111
00013131.jpg,111
00013132.jpg,111
00013133.jpg,111
00013134.jpg,111
00013135.jpg,111
00013136.jpg,111
00013137.jpg,111
00013138.jpg,111
00013139.jpg,111
00013140.jpg,111
00013141.jpg,111
00013142.jpg,111
00013143.jpg,111
00013144.jpg,111
00013145.jpg,111
00013146.jpg,111
00013147.jpg,111
00013148.jpg,111
00013149.jpg,111
00013150.jpg,111
00013151.jpg,111
00013152.jpg,111
00013153.jpg,111
00013154.jpg,111
00013155.jpg,111
00013156.jpg,111
00013157.jpg,111
00013158.jpg,111
00013159.jpg,111
00013160.jpg,111
00013161.jpg,111
00013162.jpg,111
00013163.jpg,111
00013164.jpg,111
00013165.jpg,111
00013166.jpg,111
00013167.jpg,111
00013168.jpg,111
00013169.jpg,111
00013170.jpg,111
00013171.jpg,111
00013172.jpg,111
00013173.jpg,111
00013174.jpg,111
00013175.jpg,111
00013176.jpg,111
00013177.jpg,111
00013178.jpg,111
00013179.jpg,111
00013180.jpg,111
00013181.jpg,111
00013182.jpg,111
00013183.jpg,111
00013184.jpg,111
00013185.jpg,111
00013186.jpg,111
00013187.jpg,111
00013188.jpg,111
00013189.jpg,111
00013190.jpg,111
00013191.jpg,111
00013192.jpg,111
00013193.jpg,111
00013194.jpg,111
00013195.jpg,111
00013196.jpg,111
00013197.jpg,111
00013198.jpg,111
00013199.jpg,111
00013200.jpg,111
00013201.jpg,111
00013202.jpg,111
00013203.jpg,111
00013204.jpg,111
00013205.jpg,111
00013206.jpg,111
00013207.jpg,111
00013208.jpg,111
00013209.jpg,111
00013210.jpg,111
00013211.jpg,111
00013212.jpg,111
00013213.jpg,111
00013214.jpg,111
00013215.jpg,111
00013216.jpg,111
00013217.jpg,112
00013218.jpg,112
00013219.jpg,112
00013220.jpg,112
00013221.jpg,112
00013222.jpg,112
00013223.jpg,112
00013224.jpg,112
00013225.jpg,112
00013226.jpg,112
00013227.jpg,112
00013228.jpg,112
00013229.jpg,112
00013230.jpg,112
00013231.jpg,112
00013232.jpg,112
00013233.jpg,112
00013234.jpg,112
00013235.jpg,112
00013236.jpg,112
00013237.jpg,112
00013238.jpg,112
00013239.jpg,112
00013240.jpg,112
00013241.jpg,112
00013242.jpg,112
00013243.jpg,112
00013244.jpg,112
00013245.jpg,112
00013246.jpg,112
00013247.jpg,112
00013248.jpg,112
00013249.jpg,112
00013250.jpg,112
00013251.jpg,112
00013252.jpg,112
00013253.jpg,112
00013254.jpg,112
00013255.jpg,112
00013256.jpg,112
00013257.jpg,112
00013258.jpg,112
00013259.jpg,112
00013260.jpg,112
00013261.jpg,112
00013262.jpg,112
00013263.jpg,112
00013264.jpg,112
00013265.jpg,112
00013266.jpg,112
00013267.jpg,112
00013268.jpg,112
00013269.jpg,112
00013270.jpg,112
00013271.jpg,112
00013272.jpg,112
00013273.jpg,112
00013274.jpg,112
00013275.jpg,112
00013276.jpg,112
00013277.jpg,112
00013278.jpg,112
00013279.jpg,112
00013280.jpg,112
00013281.jpg,112
00013282.jpg,112
00013283.jpg,112
00013284.jpg,112
00013285.jpg,112
00013286.jpg,112
00013287.jpg,112
00013288.jpg,112
00013289.jpg,112
00013290.jpg,112
00013291.jpg,112
00013292.jpg,112
00013293.jpg,112
00013294.jpg,112
00013295.jpg,112
00013296.jpg,112
00013297.jpg,112
00013298.jpg,112
00013299.jpg,112
00013300.jpg,112
00013301.jpg,112
00013302.jpg,112
00013303.jpg,112
00013304.jpg,112
00013305.jpg,112
00013306.jpg,112
00013307.jpg,112
00013308.jpg,112
00013309.jpg,112
00013310.jpg,112
00013311.jpg,112
00013312.jpg,112
00013313.jpg,112
00013314.jpg,112
00013315.jpg,112
00013316.jpg,112
00013317.jpg,112
00013318.jpg,112
00013319.jpg,112
00013320.jpg,112
00013321.jpg,112
00013322.jpg,112
00013323.jpg,112
00013324.jpg,112
00013325.jpg,112
00013326.jpg,112
00013327.jpg,112
00013328.jpg,112
00013329.jpg,112
00013330.jpg,112
00013331.jpg,112
00013332.jpg,112
00013333.jpg,112
00013334.jpg,112
00013335.jpg,113
00013336.jpg,113
00013337.jpg,113
00013338.jpg,113
00013339.jpg,113
00013340.jpg,113
00013341.jpg,113
00013342.jpg,113
00013343.jpg,113
00013344.jpg,113
00013345.jpg,113
00013346.jpg,113
00013347.jpg,113
00013348.jpg,113
00013349.jpg,113
00013350.jpg,113
00013351.jpg,113
00013352.jpg,113
00013353.jpg,113
00013354.jpg,113
00013355.jpg,113
00013356.jpg,113
00013357.jpg,113
00013358.jpg,113
00013359.jpg,113
00013360.jpg,113
00013361.jpg,113
00013362.jpg,113
00013363.jpg,113
00013364.jpg,113
00013365.jpg,113
00013366.jpg,113
00013367.jpg,113
00013368.jpg,113
00013369.jpg,113
00013370.jpg,113
00013371.jpg,113
00013372.jpg,113
00013373.jpg,113
00013374.jpg,113
00013375.jpg,113
00013376.jpg,113
00013377.jpg,113
00013378.jpg,113
00013379.jpg,113
00013380.jpg,113
00013381.jpg,113
00013382.jpg,113
00013383.jpg,113
00013384.jpg,113
00013385.jpg,113
00013386.jpg,113
00013387.jpg,113
00013388.jpg,113
00013389.jpg,113
00013390.jpg,113
00013391.jpg,113
00013392.jpg,113
00013393.jpg,113
00013394.jpg,113
00013395.jpg,113
00013396.jpg,113
00013397.jpg,113
00013398.jpg,113
00013399.jpg,113
00013400.jpg,113
00013401.jpg,113
00013402.jpg,113
00013403.jpg,113
00013404.jpg,113
00013405.jpg,113
00013406.jpg,113
00013407.jpg,113
00013408.jpg,113
00013409.jpg,113
00013410.jpg,113
00013411.jpg,113
00013412.jpg,113
00013413.jpg,113
00013414.jpg,113
00013415.jpg,113
00013416.jpg,113
00013417.jpg,113
00013418.jpg,113
00013419.jpg,113
00013420.jpg,113
00013421.jpg,113
00013422.jpg,113
00013423.jpg,113
00013424.jpg,113
00013425.jpg,113
00013426.jpg,113
00013427.jpg,113
00013428.jpg,113
00013429.jpg,113
00013430.jpg,113
00013431.jpg,113
00013432.jpg,113
00013433.jpg,113
00013434.jpg,113
00013435.jpg,113
00013436.jpg,113
00013437.jpg,113
00013438.jpg,113
00013439.jpg,113
00013440.jpg,113
00013441.jpg,113
00013442.jpg,113
00013443.jpg,113
00013444.jpg,113
00013445.jpg,113
00013446.jpg,113
00013447.jpg,113
00013448.jpg,113
00013449.jpg,113
00013450.jpg,113
00013451.jpg,113
00013452.jpg,113
00013453.jpg,114
00013454.jpg,114
00013455.jpg,114
00013456.jpg,114
00013457.jpg,114
00013458.jpg,114
00013459.jpg,114
00013460.jpg,114
00013461.jpg,114
00013462.jpg,114
00013463.jpg,114
00013464.jpg,114
00013465.jpg,114
00013466.jpg,114
00013467.jpg,114
00013468.jpg,114
00013469.jpg,114
00013470.jpg,114
00013471.jpg,114
00013472.jpg,114
00013473.jpg,114
00013474.jpg,114
00013475.jpg,114
00013476.jpg,114
00013477.jpg,114
00013478.jpg,114
00013479.jpg,114
00013480.jpg,114
00013481.jpg,114
00013482.jpg,114
00013483.jpg,114
00013484.jpg,114
00013485.jpg,114
00013486.jpg,114
00013487.jpg,114
00013488.jpg,114
00013489.jpg,114
00013490.jpg,114
00013491.jpg,114
00013492.jpg,114
00013493.jpg,114
00013494.jpg,114
00013495.jpg,114
00013496.jpg,114
00013497.jpg,114
00013498.jpg,114
00013499.jpg,114
00013500.jpg,114
00013501.jpg,114
00013502.jpg,114
00013503.jpg,114
00013504.jpg,114
00013505.jpg,114
00013506.jpg,114
00013507.jpg,114
00013508.jpg,114
00013509.jpg,114
00013510.jpg,114
00013511.jpg,114
00013512.jpg,114
00013513.jpg,114
00013514.jpg,114
00013515.jpg,114
00013516.jpg,114
00013517.jpg,114
00013518.jpg,114
00013519.jpg,114
00013520.jpg,114
00013521.jpg,114
00013522.jpg,114
00013523.jpg,114
00013524.jpg,114
00013525.jpg,114
00013526.jpg,114
00013527.jpg,114
00013528.jpg,114
00013529.jpg,114
00013530.jpg,114
00013531.jpg,114
00013532.jpg,114
00013533.jpg,114
00013534.jpg,114
00013535.jpg,114
00013536.jpg,114
00013537.jpg,114
00013538.jpg,114
00013539.jpg,114
00013540.jpg,114
00013541.jpg,114
00013542.jpg,114
00013543.jpg,114
00013544.jpg,114
00013545.jpg,114
00013546.jpg,114
00013547.jpg,114
00013548.jpg,114
00013549.jpg,114
00013550.jpg,114
00013551.jpg,114
00013552.jpg,114
00013553.jpg,114
00013554.jpg,114
00013555.jpg,114
00013556.jpg,114
00013557.jpg,114
00013558.jpg,114
00013559.jpg,114
00013560.jpg,114
00013561.jpg,114
00013562.jpg,114
00013563.jpg,114
00013564.jpg,114
00013565.jpg,114
00013566.jpg,114
00013567.jpg,114
00013568.jpg,114
00013569.jpg,114
00013570.jpg,114
00013571.jpg,115
00013572.jpg,115
00013573.jpg,115
00013574.jpg,115
00013575.jpg,115
00013576.jpg,115
00013577.jpg,115
00013578.jpg,115
00013579.jpg,115
00013580.jpg,115
00013581.jpg,115
00013582.jpg,115
00013583.jpg,115
00013584.jpg,115
00013585.jpg,115
00013586.jpg,115
00013587.jpg,115
00013588.jpg,115
00013589.jpg,115
00013590.jpg,115
00013591.jpg,115
00013592.jpg,115
00013593.jpg,115
00013594.jpg,115
00013595.jpg,115
00013596.jpg,115
00013597.jpg,115
00013598.jpg,115
00013599.jpg,115
00013600.jpg,115
00013601.jpg,115
00013602.jpg,115
00013603.jpg,115
00013604.jpg,115
00013605.jpg,115
00013606.jpg,115
00013607.jpg,115
00013608.jpg,115
00013609.jpg,115
00013610.jpg,115
00013611.jpg,115
00013612.jpg,115
00013613.jpg,115
00013614.jpg,115
00013615.jpg,115
00013616.jpg,115
00013617.jpg,115
00013618.jpg,115
00013619.jpg,115
00013620.jpg,115
00013621.jpg,115
00013622.jpg,115
00013623.jpg,115
00013624.jpg,115
00013625.jpg,115
00013626.jpg,115
00013627.jpg,115
00013628.jpg,115
00013629.jpg,115
00013630.jpg,115
00013631.jpg,115
00013632.jpg,115
00013633.jpg,115
00013634.jpg,115
00013635.jpg,115
00013636.jpg,115
00013637.jpg,115
00013638.jpg,115
00013639.jpg,115
00013640.jpg,115
00013641.jpg,115
00013642.jpg,115
00013643.jpg,115
00013644.jpg,115
00013645.jpg,115
00013646.jpg,115
00013647.jpg,115
00013648.jpg,115
00013649.jpg,115
00013650.jpg,115
00013651.jpg,115
00013652.jpg,115
00013653.jpg,115
00013654.jpg,115
00013655.jpg,115
00013656.jpg,115
00013657.jpg,115
00013658.jpg,115
00013659.jpg,115
00013660.jpg,115
00013661.jpg,115
00013662.jpg,115
00013663.jpg,115
00013664.jpg,115
00013665.jpg,115
00013666.jpg,115
00013667.jpg,115
00013668.jpg,115
00013669.jpg,115
00013670.jpg,115
00013671.jpg,115
00013672.jpg,115
00013673.jpg,115
00013674.jpg,115
00013675.jpg,115
00013676.jpg,115
00013677.jpg,115
00013678.jpg,115
00013679.jpg,115
00013680.jpg,115
00013681.jpg,115
00013682.jpg,115
00013683.jpg,115
00013684.jpg,115
00013685.jpg,115
00013686.jpg,115
00013687.jpg,115
00013688.jpg,115
00013689.jpg,116
00013690.jpg,116
00013691.jpg,116
00013692.jpg,116
00013693.jpg,116
00013694.jpg,116
00013695.jpg,116
00013696.jpg,116
00013697.jpg,116
00013698.jpg,116
00013699.jpg,116
00013700.jpg,116
00013701.jpg,116
00013702.jpg,116
00013703.jpg,116
00013704.jpg,116
00013705.jpg,116
00013706.jpg,116
00013707.jpg,116
00013708.jpg,116
00013709.jpg,116
00013710.jpg,116
00013711.jpg,116
00013712.jpg,116
00013713.jpg,116
00013714.jpg,116
00013715.jpg,116
00013716.jpg,116
00013717.jpg,116
00013718.jpg,116
00013719.jpg,116
00013720.jpg,116
00013721.jpg,116
00013722.jpg,116
00013723.jpg,116
00013724.jpg,116
00013725.jpg,116
00013726.jpg,116
00013727.jpg,116
00013728.jpg,116
00013729.jpg,116
00013730.jpg,116
00013731.jpg,116
00013732.jpg,116
00013733.jpg,116
00013734.jpg,116
00013735.jpg,116
00013736.jpg,116
00013737.jpg,116
00013738.jpg,116
00013739.jpg,116
00013740.jpg,116
00013741.jpg,116
00013742.jpg,116
00013743.jpg,116
00013744.jpg,116
00013745.jpg,116
00013746.jpg,116
00013747.jpg,116
00013748.jpg,116
00013749.jpg,116
00013750.jpg,116
00013751.jpg,116
00013752.jpg,116
00013753.jpg,116
00013754.jpg,116
00013755.jpg,116
00013756.jpg,116
00013757.jpg,116
00013758.jpg,116
00013759.jpg,116
00013760.jpg,116
00013761.jpg,116
00013762.jpg,116
00013763.jpg,116
00013764.jpg,116
00013765.jpg,116
00013766.jpg,116
00013767.jpg,116
00013768.jpg,116
00013769.jpg,116
00013770.jpg,116
00013771.jpg,116
00013772.jpg,116
00013773.jpg,116
00013774.jpg,116
00013775.jpg,116
00013776.jpg,116
00013777.jpg,116
00013778.jpg,116
00013779.jpg,116
00013780.jpg,116
00013781.jpg,116
00013782.jpg,116
00013783.jpg,116
00013784.jpg,116
00013785.jpg,116
00013786.jpg,116
00013787.jpg,116
00013788.jpg,116
00013789.jpg,116
00013790.jpg,116
00013791.jpg,116
00013792.jpg,116
00013793.jpg,116
00013794.jpg,116
00013795.jpg,116
00013796.jpg,116
00013797.jpg,116
00013798.jpg,116
00013799.jpg,116
00013800.jpg,116
00013801.jpg,116
00013802.jpg,116
00013803.jpg,116
00013804.jpg,116
00013805.jpg,116
00013806.jpg,116
00013807.jpg,117
00013808.jpg,117
00013809.jpg,117
00013810.jpg,117
00013811.jpg,117
00013812.jpg,117
00013813.jpg,117
00013814.jpg,117
00013815.jpg,117
00013816.jpg,117
00013817.jpg,117
00013818.jpg,117
00013819.jpg,117
00013820.jpg,117
00013821.jpg,117
00013822.jpg,117
00013823.jpg,117
00013824.jpg,117
00013825.jpg,117
00013826.jpg,117
00013827.jpg,117
00013828.jpg,117
00013829.jpg,117
00013830.jpg,117
00013831.jpg,117
00013832.jpg,117
00013833.jpg,117
00013834.jpg,117
00013835.jpg,117
00013836.jpg,117
00013837.jpg,117
00013838.jpg,117
00013839.jpg,117
00013840.jpg,117
00013841.jpg,117
00013842.jpg,117
00013843.jpg,117
00013844.jpg,117
00013845.jpg,117
00013846.jpg,117
00013847.jpg,117
00013848.jpg,117
00013849.jpg,117
00013850.jpg,117
00013851.jpg,117
00013852.jpg,117
00013853.jpg,117
00013854.jpg,117
00013855.jpg,117
00013856.jpg,117
00013857.jpg,117
00013858.jpg,117
00013859.jpg,117
00013860.jpg,117
00013861.jpg,117
00013862.jpg,117
00013863.jpg,117
00013864.jpg,117
00013865.jpg,117
00013866.jpg,117
00013867.jpg,117
00013868.jpg,117
00013869.jpg,117
00013870.jpg,117
00013871.jpg,117
00013872.jpg,117
00013873.jpg,117
00013874.jpg,117
00013875.jpg,117
00013876.jpg,117
00013877.jpg,117
00013878.jpg,117
00013879.jpg,117
00013880.jpg,117
00013881.jpg,117
00013882.jpg,117
00013883.jpg,117
00013884.jpg,117
00013885.jpg,117
00013886.jpg,117
00013887.jpg,117
00013888.jpg,117
00013889.jpg,117
00013890.jpg,117
00013891.jpg,117
00013892.jpg,117
00013893.jpg,117
00013894.jpg,117
00013895.jpg,117
00013896.jpg,117
00013897.jpg,117
00013898.jpg,117
00013899.jpg,117
00013900.jpg,117
00013901.jpg,117
00013902.jpg,117
00013903.jpg,117
00013904.jpg,117
00013905.jpg,117
00013906.jpg,117
00013907.jpg,117
00013908.jpg,117
00013909.jpg,117
00013910.jpg,117
00013911.jpg,117
00013912.jpg,117
00013913.jpg,117
00013914.jpg,117
00013915.jpg,117
00013916.jpg,117
00013917.jpg,117
00013918.jpg,117
00013919.jpg,117
00013920.jpg,117
00013921.jpg,117
00013922.jpg,117
00013923.jpg,117
00013924.jpg,117
00013925.jpg,118
00013926.jpg,118
00013927.jpg,118
00013928.jpg,118
00013929.jpg,118
00013930.jpg,118
00013931.jpg,118
00013932.jpg,118
00013933.jpg,118
00013934.jpg,118
00013935.jpg,118
00013936.jpg,118
00013937.jpg,118
00013938.jpg,118
00013939.jpg,118
00013940.jpg,118
00013941.jpg,118
00013942.jpg,118
00013943.jpg,118
00013944.jpg,118
00013945.jpg,118
00013946.jpg,118
00013947.jpg,118
00013948.jpg,118
00013949.jpg,118
00013950.jpg,118
00013951.jpg,118
00013952.jpg,118
00013953.jpg,118
00013954.jpg,118
00013955.jpg,118
00013956.jpg,118
00013957.jpg,118
00013958.jpg,118
00013959.jpg,118
00013960.jpg,118
00013961.jpg,118
00013962.jpg,118
00013963.jpg,118
00013964.jpg,118
00013965.jpg,118
00013966.jpg,118
00013967.jpg,118
00013968.jpg,118
00013969.jpg,118
00013970.jpg,118
00013971.jpg,118
00013972.jpg,118
00013973.jpg,118
00013974.jpg,118
00013975.jpg,118
00013976.jpg,118
00013977.jpg,118
00013978.jpg,118
00013979.jpg,118
00013980.jpg,118
00013981.jpg,118
00013982.jpg,118
00013983.jpg,118
00013984.jpg,118
00013985.jpg,118
00013986.jpg,118
00013987.jpg,118
00013988.jpg,118
00013989.jpg,118
00013990.jpg,118
00013991.jpg,118
00013992.jpg,118
00013993.jpg,118
00013994.jpg,118
00013995.jpg,118
00013996.jpg,118
00013997.jpg,118
00013998.jpg,118
00013999.jpg,118
00014000.jpg,118
00014001.jpg,118
00014002.jpg,118
00014003.jpg,118
00014004.jpg,118
00014005.jpg,118
00014006.jpg,118
00014007.jpg,118
00014008.jpg,118
00014009.jpg,118
00014010.jpg,118
00014011.jpg,118
00014012.jpg,118
00014013.jpg,118
00014014.jpg,118
00014015.jpg,118
00014016.jpg,118
00014017.jpg,118
00014018.jpg,118
00014019.jpg,118
00014020.jpg,118
00014021.jpg,118
00014022.jpg,118
00014023.jpg,118
00014024.jpg,118
00014025.jpg,118
00014026.jpg,118
00014027.jpg,118
00014028.jpg,118
00014029.jpg,118
00014030.jpg,118
00014031.jpg,118
00014032.jpg,118
00014033.jpg,118
00014034.jpg,118
00014035.jpg,118
00014036.jpg,118
00014037.jpg,118
00014038.jpg,118
00014039.jpg,118
00014040.jpg,118
00014041.jpg,118
00014042.jpg,118
00014043.jpg,119
00014044.jpg,119
00014045.jpg,119
00014046.jpg,119
00014047.jpg,119
00014048.jpg,119
00014049.jpg,119
00014050.jpg,119
00014051.jpg,119
00014052.jpg,119
00014053.jpg,119
00014054.jpg,119
00014055.jpg,119
00014056.jpg,119
00014057.jpg,119
00014058.jpg,119
00014059.jpg,119
00014060.jpg,119
00014061.jpg,119
00014062.jpg,119
00014063.jpg,119
00014064.jpg,119
00014065.jpg,119
00014066.jpg,119
00014067.jpg,119
00014068.jpg,119
00014069.jpg,119
00014070.jpg,119
00014071.jpg,119
00014072.jpg,119
00014073.jpg,119
00014074.jpg,119
00014075.jpg,119
00014076.jpg,119
00014077.jpg,119
00014078.jpg,119
00014079.jpg,119
00014080.jpg,119
00014081.jpg,119
00014082.jpg,119
00014083.jpg,119
00014084.jpg,119
00014085.jpg,119
00014086.jpg,119
00014087.jpg,119
00014088.jpg,119
00014089.jpg,119
00014090.jpg,119
00014091.jpg,119
00014092.jpg,119
00014093.jpg,119
00014094.jpg,119
00014095.jpg,119
00014096.jpg,119
00014097.jpg,119
00014098.jpg,119
00014099.jpg,119
00014100.jpg,119
00014101.jpg,119
00014102.jpg,119
00014103.jpg,119
00014104.jpg,119
00014105.jpg,119
00014106.jpg,119
00014107.jpg,119
00014108.jpg,119
00014109.jpg,119
00014110.jpg,119
00014111.jpg,119
00014112.jpg,119
00014113.jpg,119
00014114.jpg,119
00014115.jpg,119
00014116.jpg,119
00014117.jpg,119
00014118.jpg,119
00014119.jpg,119
00014120.jpg,119
00014121.jpg,119
00014122.jpg,119
00014123.jpg,119
00014124.jpg,119
00014125.jpg,119
00014126.jpg,119
00014127.jpg,119
00014128.jpg,119
00014129.jpg,119
00014130.jpg,119
00014131.jpg,119
00014132.jpg,119
00014133.jpg,119
00014134.jpg,119
00014135.jpg,119
00014136.jpg,119
00014137.jpg,119
00014138.jpg,119
00014139.jpg,119
00014140.jpg,119
00014141.jpg,119
00014142.jpg,119
00014143.jpg,119
00014144.jpg,119
00014145.jpg,119
00014146.jpg,119
00014147.jpg,119
00014148.jpg,119
00014149.jpg,119
00014150.jpg,119
00014151.jpg,119
00014152.jpg,119
00014153.jpg,119
00014154.jpg,119
00014155.jpg,119
00014156.jpg,119
00014157.jpg,119
00014158.jpg,119
00014159.jpg,119
00014160.jpg,119
00014161.jpg,120
00014162.jpg,120
00014163.jpg,120
00014164.jpg,120
00014165.jpg,120
00014166.jpg,120
00014167.jpg,120
00014168.jpg,120
00014169.jpg,120
00014170.jpg,120
00014171.jpg,120
00014172.jpg,120
00014173.jpg,120
00014174.jpg,120
00014175.jpg,120
00014176.jpg,120
00014177.jpg,120
00014178.jpg,120
00014179.jpg,120
00014180.jpg,120
00014181.jpg,120
00014182.jpg,120
00014183.jpg,120
00014184.jpg,120
00014185.jpg,120
00014186.jpg,120
00014187.jpg,120
00014188.jpg,120
00014189.jpg,120
00014190.jpg,120
00014191.jpg,120
00014192.jpg,120
00014193.jpg,120
00014194.jpg,120
00014195.jpg,120
00014196.jpg,120
00014197.jpg,120
00014198.jpg,120
00014199.jpg,120
00014200.jpg,120
00014201.jpg,120
00014202.jpg,120
00014203.jpg,120
00014204.jpg,120
00014205.jpg,120
00014206.jpg,120
00014207.jpg,120
00014208.jpg,120
00014209.jpg,120
00014210.jpg,120
00014211.jpg,120
00014212.jpg,120
00014213.jpg,120
00014214.jpg,120
00014215.jpg,120
00014216.jpg,120
00014217.jpg,120
00014218.jpg,120
00014219.jpg,120
00014220.jpg,120
00014221.jpg,120
00014222.jpg,120
00014223.jpg,120
00014224.jpg,120
00014225.jpg,120
00014226.jpg,120
00014227.jpg,120
00014228.jpg,120
00014229.jpg,120
00014230.jpg,120
00014231.jpg,120
00014232.jpg,120
00014233.jpg,120
00014234.jpg,120
00014235.jpg,120
00014236.jpg,120
00014237.jpg,120
00014238.jpg,120
00014239.jpg,120
00014240.jpg,120
00014241.jpg,120
00014242.jpg,120
00014243.jpg,120
00014244.jpg,120
00014245.jpg,120
00014246.jpg,120
00014247.jpg,120
00014248.jpg,120
00014249.jpg,120
00014250.jpg,120
00014251.jpg,120
00014252.jpg,120
00014253.jpg,120
00014254.jpg,120
00014255.jpg,120
00014256.jpg,120
00014257.jpg,120
00014258.jpg,120
00014259.jpg,120
00014260.jpg,120
00014261.jpg,120
00014262.jpg,120
00014263.jpg,120
00014264.jpg,120
00014265.jpg,120
00014266.jpg,120
00014267.jpg,120
00014268.jpg,120
00014269.jpg,120
00014270.jpg,120
00014271.jpg,120
00014272.jpg,120
00014273.jpg,120
00014274.jpg,120
00014275.jpg,120
00014276.jpg,120
00014277.jpg,120
00014278.jpg,120
00014279.jpg,121
00014280.jpg,121
00014281.jpg,121
00014282.jpg,121
00014283.jpg,121
00014284.jpg,121
00014285.jpg,121
00014286.jpg,121
00014287.jpg,121
00014288.jpg,121
00014289.jpg,121
00014290.jpg,121
00014291.jpg,121
00014292.jpg,121
00014293.jpg,121
00014294.jpg,121
00014295.jpg,121
00014296.jpg,121
00014297.jpg,121
00014298.jpg,121
00014299.jpg,121
00014300.jpg,121
00014301.jpg,121
00014302.jpg,121
00014303.jpg,121
00014304.jpg,121
00014305.jpg,121
00014306.jpg,121
00014307.jpg,121
00014308.jpg,121
00014309.jpg,121
00014310.jpg,121
00014311.jpg,121
00014312.jpg,121
00014313.jpg,121
00014314.jpg,121
00014315.jpg,121
00014316.jpg,121
00014317.jpg,121
00014318.jpg,121
00014319.jpg,121
00014320.jpg,121
00014321.jpg,121
00014322.jpg,121
00014323.jpg,121
00014324.jpg,121
00014325.jpg,121
00014326.jpg,121
00014327.jpg,121
00014328.jpg,121
00014329.jpg,121
00014330.jpg,121
00014331.jpg,121
00014332.jpg,121
00014333.jpg,121
00014334.jpg,121
00014335.jpg,121
00014336.jpg,121
00014337.jpg,121
00014338.jpg,121
00014339.jpg,121
00014340.jpg,121
00014341.jpg,121
00014342.jpg,121
00014343.jpg,121
00014344.jpg,121
00014345.jpg,121
00014346.jpg,121
00014347.jpg,121
00014348.jpg,121
00014349.jpg,121
00014350.jpg,121
00014351.jpg,121
00014352.jpg,121
00014353.jpg,121
00014354.jpg,121
00014355.jpg,121
00014356.jpg,121
00014357.jpg,121
00014358.jpg,121
00014359.jpg,121
00014360.jpg,121
00014361.jpg,121
00014362.jpg,121
00014363.jpg,121
00014364.jpg,121
00014365.jpg,121
00014366.jpg,121
00014367.jpg,121
00014368.jpg,121
00014369.jpg,121
00014370.jpg,121
00014371.jpg,121
00014372.jpg,121
00014373.jpg,121
00014374.jpg,121
00014375.jpg,121
00014376.jpg,121
00014377.jpg,121
00014378.jpg,121
00014379.jpg,121
00014380.jpg,121
00014381.jpg,121
00014382.jpg,121
00014383.jpg,121
00014384.jpg,121
00014385.jpg,121
00014386.jpg,121
00014387.jpg,121
00014388.jpg,121
00014389.jpg,121
00014390.jpg,121
00014391.jpg,121
00014392.jpg,121
00014393.jpg,121
00014394.jpg,121
00014395.jpg,121
00014396.jpg,121
00014397.jpg,122
00014398.jpg,122
00014399.jpg,122
00014400.jpg,122
00014401.jpg,122
00014402.jpg,122
00014403.jpg,122
00014404.jpg,122
00014405.jpg,122
00014406.jpg,122
00014407.jpg,122
00014408.jpg,122
00014409.jpg,122
00014410.jpg,122
00014411.jpg,122
00014412.jpg,122
00014413.jpg,122
00014414.jpg,122
00014415.jpg,122
00014416.jpg,122
00014417.jpg,122
00014418.jpg,122
00014419.jpg,122
00014420.jpg,122
00014421.jpg,122
00014422.jpg,122
00014423.jpg,122
00014424.jpg,122
00014425.jpg,122
00014426.jpg,122
00014427.jpg,122
00014428.jpg,122
00014429.jpg,122
00014430.jpg,122
00014431.jpg,122
00014432.jpg,122
00014433.jpg,122
00014434.jpg,122
00014435.jpg,122
00014436.jpg,122
00014437.jpg,122
00014438.jpg,122
00014439.jpg,122
00014440.jpg,122
00014441.jpg,122
00014442.jpg,122
00014443.jpg,122
00014444.jpg,122
00014445.jpg,122
00014446.jpg,122
00014447.jpg,122
00014448.jpg,122
00014449.jpg,122
00014450.jpg,122
00014451.jpg,122
00014452.jpg,122
00014453.jpg,122
00014454.jpg,122
00014455.jpg,122
00014456.jpg,122
00014457.jpg,122
00014458.jpg,122
00014459.jpg,122
00014460.jpg,122
00014461.jpg,122
00014462.jpg,122
00014463.jpg,122
00014464.jpg,122
00014465.jpg,122
00014466.jpg,122
00014467.jpg,122
00014468.jpg,122
00014469.jpg,122
00014470.jpg,122
00014471.jpg,122
00014472.jpg,122
00014473.jpg,122
00014474.jpg,122
00014475.jpg,122
00014476.jpg,122
00014477.jpg,122
00014478.jpg,122
00014479.jpg,122
00014480.jpg,122
00014481.jpg,122
00014482.jpg,122
00014483.jpg,122
00014484.jpg,122
00014485.jpg,122
00014486.jpg,122
00014487.jpg,122
00014488.jpg,122
00014489.jpg,122
00014490.jpg,122
00014491.jpg,122
00014492.jpg,122
00014493.jpg,122
00014494.jpg,122
00014495.jpg,122
00014496.jpg,122
00014497.jpg,122
00014498.jpg,122
00014499.jpg,122
00014500.jpg,122
00014501.jpg,122
00014502.jpg,122
00014503.jpg,122
00014504.jpg,122
00014505.jpg,122
00014506.jpg,122
00014507.jpg,122
00014508.jpg,122
00014509.jpg,122
00014510.jpg,122
00014511.jpg,122
00014512.jpg,122
00014513.jpg,122
00014514.jpg,122
00014515.jpg,123
00014516.jpg,123
00014517.jpg,123
00014518.jpg,123
00014519.jpg,123
00014520.jpg,123
00014521.jpg,123
00014522.jpg,123
00014523.jpg,123
00014524.jpg,123
00014525.jpg,123
00014526.jpg,123
00014527.jpg,123
00014528.jpg,123
00014529.jpg,123
00014530.jpg,123
00014531.jpg,123
00014532.jpg,123
00014533.jpg,123
00014534.jpg,123
00014535.jpg,123
00014536.jpg,123
00014537.jpg,123
00014538.jpg,123
00014539.jpg,123
00014540.jpg,123
00014541.jpg,123
00014542.jpg,123
00014543.jpg,123
00014544.jpg,123
00014545.jpg,123
00014546.jpg,123
00014547.jpg,123
00014548.jpg,123
00014549.jpg,123
00014550.jpg,123
00014551.jpg,123
00014552.jpg,123
00014553.jpg,123
00014554.jpg,123
00014555.jpg,123
00014556.jpg,123
00014557.jpg,123
00014558.jpg,123
00014559.jpg,123
00014560.jpg,123
00014561.jpg,123
00014562.jpg,123
00014563.jpg,123
00014564.jpg,123
00014565.jpg,123
00014566.jpg,123
00014567.jpg,123
00014568.jpg,123
00014569.jpg,123
00014570.jpg,123
00014571.jpg,123
00014572.jpg,123
00014573.jpg,123
00014574.jpg,123
00014575.jpg,123
00014576.jpg,123
00014577.jpg,123
00014578.jpg,123
00014579.jpg,123
00014580.jpg,123
00014581.jpg,123
00014582.jpg,123
00014583.jpg,123
00014584.jpg,123
00014585.jpg,123
00014586.jpg,123
00014587.jpg,123
00014588.jpg,123
00014589.jpg,123
00014590.jpg,123
00014591.jpg,123
00014592.jpg,123
00014593.jpg,123
00014594.jpg,123
00014595.jpg,123
00014596.jpg,123
00014597.jpg,123
00014598.jpg,123
00014599.jpg,123
00014600.jpg,123
00014601.jpg,123
00014602.jpg,123
00014603.jpg,123
00014604.jpg,123
00014605.jpg,123
00014606.jpg,123
00014607.jpg,123
00014608.jpg,123
00014609.jpg,123
00014610.jpg,123
00014611.jpg,123
00014612.jpg,123
00014613.jpg,123
00014614.jpg,123
00014615.jpg,123
00014616.jpg,123
00014617.jpg,123
00014618.jpg,123
00014619.jpg,123
00014620.jpg,123
00014621.jpg,123
00014622.jpg,123
00014623.jpg,123
00014624.jpg,123
00014625.jpg,123
00014626.jpg,123
00014627.jpg,123
00014628.jpg,123
00014629.jpg,123
00014630.jpg,123
00014631.jpg,123
00014632.jpg,123
00014633.jpg,124
00014634.jpg,124
00014635.jpg,124
00014636.jpg,124
00014637.jpg,124
00014638.jpg,124
00014639.jpg,124
00014640.jpg,124
00014641.jpg,124
00014642.jpg,124
00014643.jpg,124
00014644.jpg,124
00014645.jpg,124
00014646.jpg,124
00014647.jpg,124
00014648.jpg,124
00014649.jpg,124
00014650.jpg,124
00014651.jpg,124
00014652.jpg,124
00014653.jpg,124
00014654.jpg,124
00014655.jpg,124
00014656.jpg,124
00014657.jpg,124
00014658.jpg,124
00014659.jpg,124
00014660.jpg,124
00014661.jpg,124
00014662.jpg,124
00014663.jpg,124
00014664.jpg,124
00014665.jpg,124
00014666.jpg,124
00014667.jpg,124
00014668.jpg,124
00014669.jpg,124
00014670.jpg,124
00014671.jpg,124
00014672.jpg,124
00014673.jpg,124
00014674.jpg,124
00014675.jpg,124
00014676.jpg,124
00014677.jpg,124
00014678.jpg,124
00014679.jpg,124
00014680.jpg,124
00014681.jpg,124
00014682.jpg,124
00014683.jpg,124
00014684.jpg,124
00014685.jpg,124
00014686.jpg,124
00014687.jpg,124
00014688.jpg,124
00014689.jpg,124
00014690.jpg,124
00014691.jpg,124
00014692.jpg,124
00014693.jpg,124
00014694.jpg,124
00014695.jpg,124
00014696.jpg,124
00014697.jpg,124
00014698.jpg,124
00014699.jpg,124
00014700.jpg,124
00014701.jpg,124
00014702.jpg,124
00014703.jpg,124
00014704.jpg,124
00014705.jpg,124
00014706.jpg,124
00014707.jpg,124
00014708.jpg,124
00014709.jpg,124
00014710.jpg,124
00014711.jpg,124
00014712.jpg,124
00014713.jpg,124
00014714.jpg,124
00014715.jpg,124
00014716.jpg,124
00014717.jpg,124
00014718.jpg,124
00014719.jpg,124
00014720.jpg,124
00014721.jpg,124
00014722.jpg,124
00014723.jpg,124
00014724.jpg,124
00014725.jpg,124
00014726.jpg,124
00014727.jpg,124
00014728.jpg,124
00014729.jpg,124
00014730.jpg,124
00014731.jpg,124
00014732.jpg,124
00014733.jpg,124
00014734.jpg,124
00014735.jpg,124
00014736.jpg,124
00014737.jpg,124
00014738.jpg,124
00014739.jpg,124
00014740.jpg,124
00014741.jpg,124
00014742.jpg,124
00014743.jpg,124
00014744.jpg,124
00014745.jpg,124
00014746.jpg,124
00014747.jpg,124
00014748.jpg,124
00014749.jpg,124
00014750.jpg,124
00014751.jpg,125
00014752.jpg,125
00014753.jpg,125
00014754.jpg,125
00014755.jpg,125
00014756.jpg,125
00014757.jpg,125
00014758.jpg,125
00014759.jpg,125
00014760.jpg,125
00014761.jpg,125
00014762.jpg,125
00014763.jpg,125
00014764.jpg,125
00014765.jpg,125
00014766.jpg,125
00014767.jpg,125
00014768.jpg,125
00014769.jpg,125
00014770.jpg,125
00014771.jpg,125
00014772.jpg,125
00014773.jpg,125
00014774.jpg,125
00014775.jpg,125
00014776.jpg,125
00014777.jpg,125
00014778.jpg,125
00014779.jpg,125
00014780.jpg,125
00014781.jpg,125
00014782.jpg,125
00014783.jpg,125
00014784.jpg,125
00014785.jpg,125
00014786.jpg,125
00014787.jpg,125
00014788.jpg,125
00014789.jpg,125
00014790.jpg,125
00014791.jpg,125
00014792.jpg,125
00014793.jpg,125
00014794.jpg,125
00014795.jpg,125
00014796.jpg,125
00014797.jpg,125
00014798.jpg,125
00014799.jpg,125
00014800.jpg,125
00014801.jpg,125
00014802.jpg,125
00014803.jpg,125
00014804.jpg,125
00014805.jpg,125
00014806.jpg,125
00014807.jpg,125
00014808.jpg,125
00014809.jpg,125
00014810.jpg,125
00014811.jpg,125
00014812.jpg,125
00014813.jpg,125
00014814.jpg,125
00014815.jpg,125
00014816.jpg,125
00014817.jpg,125
00014818.jpg,125
00014819.jpg,125
00014820.jpg,125
00014821.jpg,125
00014822.jpg,125
00014823.jpg,125
00014824.jpg,125
00014825.jpg,125
00014826.jpg,125
00014827.jpg,125
00014828.jpg,125
00014829.jpg,125
00014830.jpg,125
00014831.jpg,125
00014832.jpg,125
00014833.jpg,125
00014834.jpg,125
00014835.jpg,125
00014836.jpg,125
00014837.jpg,125
00014838.jpg,125
00014839.jpg,125
00014840.jpg,125
00014841.jpg,125
00014842.jpg,125
00014843.jpg,125
00014844.jpg,125
00014845.jpg,125
00014846.jpg,125
00014847.jpg,125
00014848.jpg,125
00014849.jpg,125
00014850.jpg,125
00014851.jpg,125
00014852.jpg,125
00014853.jpg,125
00014854.jpg,125
00014855.jpg,125
00014856.jpg,125
00014857.jpg,125
00014858.jpg,125
00014859.jpg,125
00014860.jpg,125
00014861.jpg,125
00014862.jpg,125
00014863.jpg,125
00014864.jpg,125
00014865.jpg,125
00014866.jpg,125
00014867.jpg,125
00014868.jpg,125
00014869.jpg,126
00014870.jpg,126
00014871.jpg,126
00014872.jpg,126
00014873.jpg,126
00014874.jpg,126
00014875.jpg,126
00014876.jpg,126
00014877.jpg,126
00014878.jpg,126
00014879.jpg,126
00014880.jpg,126
00014881.jpg,126
00014882.jpg,126
00014883.jpg,126
00014884.jpg,126
00014885.jpg,126
00014886.jpg,126
00014887.jpg,126
00014888.jpg,126
00014889.jpg,126
00014890.jpg,126
00014891.jpg,126
00014892.jpg,126
00014893.jpg,126
00014894.jpg,126
00014895.jpg,126
00014896.jpg,126
00014897.jpg,126
00014898.jpg,126
00014899.jpg,126
00014900.jpg,126
00014901.jpg,126
00014902.jpg,126
00014903.jpg,126
00014904.jpg,126
00014905.jpg,126
00014906.jpg,126
00014907.jpg,126
00014908.jpg,126
00014909.jpg,126
00014910.jpg,126
00014911.jpg,126
00014912.jpg,126
00014913.jpg,126
00014914.jpg,126
00014915.jpg,126
00014916.jpg,126
00014917.jpg,126
00014918.jpg,126
00014919.jpg,126
00014920.jpg,126
00014921.jpg,126
00014922.jpg,126
00014923.jpg,126
00014924.jpg,126
00014925.jpg,126
00014926.jpg,126
00014927.jpg,126
00014928.jpg,126
00014929.jpg,126
00014930.jpg,126
00014931.jpg,126
00014932.jpg,126
00014933.jpg,126
00014934.jpg,126
00014935.jpg,126
00014936.jpg,126
00014937.jpg,126
00014938.jpg,126
00014939.jpg,126
00014940.jpg,126
00014941.jpg,126
00014942.jpg,126
00014943.jpg,126
00014944.jpg,126
00014945.jpg,126
00014946.jpg,126
00014947.jpg,126
00014948.jpg,126
00014949.jpg,126
00014950.jpg,126
00014951.jpg,126
00014952.jpg,126
00014953.jpg,126
00014954.jpg,126
00014955.jpg,126
00014956.jpg,126
00014957.jpg,126
00014958.jpg,126
00014959.jpg,126
00014960.jpg,126
00014961.jpg,126
00014962.jpg,126
00014963.jpg,126
00014964.jpg,126
00014965.jpg,126
00014966.jpg,126
00014967.jpg,126
00014968.jpg,126
00014969.jpg,126
00014970.jpg,126
00014971.jpg,126
00014972.jpg,126
00014973.jpg,126
00014974.jpg,126
00014975.jpg,126
00014976.jpg,126
00014977.jpg,126
00014978.jpg,126
00014979.jpg,126
00014980.jpg,126
00014981.jpg,126
00014982.jpg,126
00014983.jpg,126
00014984.jpg,126
00014985.jpg,126
00014986.jpg,126
00014987.jpg,127
00014988.jpg,127
00014989.jpg,127
00014990.jpg,127
00014991.jpg,127
00014992.jpg,127
00014993.jpg,127
00014994.jpg,127
00014995.jpg,127
00014996.jpg,127
00014997.jpg,127
00014998.jpg,127
00014999.jpg,127
00015000.jpg,127
00015001.jpg,127
00015002.jpg,127
00015003.jpg,127
00015004.jpg,127
00015005.jpg,127
00015006.jpg,127
00015007.jpg,127
00015008.jpg,127
00015009.jpg,127
00015010.jpg,127
00015011.jpg,127
00015012.jpg,127
00015013.jpg,127
00015014.jpg,127
00015015.jpg,127
00015016.jpg,127
00015017.jpg,127
00015018.jpg,127
00015019.jpg,127
00015020.jpg,127
00015021.jpg,127
00015022.jpg,127
00015023.jpg,127
00015024.jpg,127
00015025.jpg,127
00015026.jpg,127
00015027.jpg,127
00015028.jpg,127
00015029.jpg,127
00015030.jpg,127
00015031.jpg,127
00015032.jpg,127
00015033.jpg,127
00015034.jpg,127
00015035.jpg,127
00015036.jpg,127
00015037.jpg,127
00015038.jpg,127
00015039.jpg,127
00015040.jpg,127
00015041.jpg,127
00015042.jpg,127
00015043.jpg,127
00015044.jpg,127
00015045.jpg,127
00015046.jpg,127
00015047.jpg,127
00015048.jpg,127
00015049.jpg,127
00015050.jpg,127
00015051.jpg,127
00015052.jpg,127
00015053.jpg,127
00015054.jpg,127
00015055.jpg,127
00015056.jpg,127
00015057.jpg,127
00015058.jpg,127
00015059.jpg,127
00015060.jpg,127
00015061.jpg,127
00015062.jpg,127
00015063.jpg,127
00015064.jpg,127
00015065.jpg,127
00015066.jpg,127
00015067.jpg,127
00015068.jpg,127
00015069.jpg,127
00015070.jpg,127
00015071.jpg,127
00015072.jpg,127
00015073.jpg,127
00015074.jpg,127
00015075.jpg,127
00015076.jpg,127
00015077.jpg,127
00015078.jpg,127
00015079.jpg,127
00015080.jpg,127
00015081.jpg,127
00015082.jpg,127
00015083.jpg,127
00015084.jpg,127
00015085.jpg,127
00015086.jpg,127
00015087.jpg,127
00015088.jpg,127
00015089.jpg,127
00015090.jpg,127
00015091.jpg,127
00015092.jpg,127
00015093.jpg,127
00015094.jpg,127
00015095.jpg,127
00015096.jpg,127
00015097.jpg,127
00015098.jpg,127
00015099.jpg,127
00015100.jpg,127
00015101.jpg,127
00015102.jpg,127
00015103.jpg,127
00015104.jpg,127
00015105.jpg,128
00015106.jpg,128
00015107.jpg,128
00015108.jpg,128
00015109.jpg,128
00015110.jpg,128
00015111.jpg,128
00015112.jpg,128
00015113.jpg,128
00015114.jpg,128
00015115.jpg,128
00015116.jpg,128
00015117.jpg,128
00015118.jpg,128
00015119.jpg,128
00015120.jpg,128
00015121.jpg,128
00015122.jpg,128
00015123.jpg,128
00015124.jpg,128
00015125.jpg,128
00015126.jpg,128
00015127.jpg,128
00015128.jpg,128
00015129.jpg,128
00015130.jpg,128
00015131.jpg,128
00015132.jpg,128
00015133.jpg,128
00015134.jpg,128
00015135.jpg,128
00015136.jpg,128
00015137.jpg,128
00015138.jpg,128
00015139.jpg,128
00015140.jpg,128
00015141.jpg,128
00015142.jpg,128
00015143.jpg,128
00015144.jpg,128
00015145.jpg,128
00015146.jpg,128
00015147.jpg,128
00015148.jpg,128
00015149.jpg,128
00015150.jpg,128
00015151.jpg,128
00015152.jpg,128
00015153.jpg,128
00015154.jpg,128
00015155.jpg,128
00015156.jpg,128
00015157.jpg,128
00015158.jpg,128
00015159.jpg,128
00015160.jpg,128
00015161.jpg,128
00015162.jpg,128
00015163.jpg,128
00015164.jpg,128
00015165.jpg,128
00015166.jpg,128
00015167.jpg,128
00015168.jpg,128
00015169.jpg,128
00015170.jpg,128
00015171.jpg,128
00015172.jpg,128
00015173.jpg,128
00015174.jpg,128
00015175.jpg,128
00015176.jpg,128
00015177.jpg,128
00015178.jpg,128
00015179.jpg,128
00015180.jpg,128
00015181.jpg,128
00015182.jpg,128
00015183.jpg,128
00015184.jpg,128
00015185.jpg,128
00015186.jpg,128
00015187.jpg,128
00015188.jpg,128
00015189.jpg,128
00015190.jpg,128
00015191.jpg,128
00015192.jpg,128
00015193.jpg,128
00015194.jpg,128
00015195.jpg,128
00015196.jpg,128
00015197.jpg,128
00015198.jpg,128
00015199.jpg,128
00015200.jpg,128
00015201.jpg,128
00015202.jpg,128
00015203.jpg,128
00015204.jpg,128
00015205.jpg,128
00015206.jpg,128
00015207.jpg,128
00015208.jpg,128
00015209.jpg,128
00015210.jpg,128
00015211.jpg,128
00015212.jpg,128
00015213.jpg,128
00015214.jpg,128
00015215.jpg,128
00015216.jpg,128
00015217.jpg,128
00015218.jpg,128
00015219.jpg,128
00015220.jpg,128
00015221.jpg,128
00015222.jpg,128
00015223.jpg,129
00015224.jpg,129
00015225.jpg,129
00015226.jpg,129
00015227.jpg,129
00015228.jpg,129
00015229.jpg,129
00015230.jpg,129
00015231.jpg,129
00015232.jpg,129
00015233.jpg,129
00015234.jpg,129
00015235.jpg,129
00015236.jpg,129
00015237.jpg,129
00015238.jpg,129
00015239.jpg,129
00015240.jpg,129
00015241.jpg,129
00015242.jpg,129
00015243.jpg,129
00015244.jpg,129
00015245.jpg,129
00015246.jpg,129
00015247.jpg,129
00015248.jpg,129
00015249.jpg,129
00015250.jpg,129
00015251.jpg,129
00015252.jpg,129
00015253.jpg,129
00015254.jpg,129
00015255.jpg,129
00015256.jpg,129
00015257.jpg,129
00015258.jpg,129
00015259.jpg,129
00015260.jpg,129
00015261.jpg,129
00015262.jpg,129
00015263.jpg,129
00015264.jpg,129
00015265.jpg,129
00015266.jpg,129
00015267.jpg,129
00015268.jpg,129
00015269.jpg,129
00015270.jpg,129
00015271.jpg,129
00015272.jpg,129
00015273.jpg,129
00015274.jpg,129
00015275.jpg,129
00015276.jpg,129
00015277.jpg,129
00015278.jpg,129
00015279.jpg,129
00015280.jpg,129
00015281.jpg,129
00015282.jpg,129
00015283.jpg,129
00015284.jpg,129
00015285.jpg,129
00015286.jpg,129
00015287.jpg,129
00015288.jpg,129
00015289.jpg,129
00015290.jpg,129
00015291.jpg,129
00015292.jpg,129
00015293.jpg,129
00015294.jpg,129
00015295.jpg,129
00015296.jpg,129
00015297.jpg,129
00015298.jpg,129
00015299.jpg,129
00015300.jpg,129
00015301.jpg,129
00015302.jpg,129
00015303.jpg,129
00015304.jpg,129
00015305.jpg,129
00015306.jpg,129
00015307.jpg,129
00015308.jpg,129
00015309.jpg,129
00015310.jpg,129
00015311.jpg,129
00015312.jpg,129
00015313.jpg,129
00015314.jpg,129
00015315.jpg,129
00015316.jpg,129
00015317.jpg,129
00015318.jpg,129
00015319.jpg,129
00015320.jpg,129
00015321.jpg,129
00015322.jpg,129
00015323.jpg,129
00015324.jpg,129
00015325.jpg,129
00015326.jpg,129
00015327.jpg,129
00015328.jpg,129
00015329.jpg,129
00015330.jpg,129
00015331.jpg,129
00015332.jpg,129
00015333.jpg,129
00015334.jpg,129
00015335.jpg,129
00015336.jpg,129
00015337.jpg,129
00015338.jpg,129
00015339.jpg,129
00015340.jpg,129
00015341.jpg,130
00015342.jpg,130
00015343.jpg,130
00015344.jpg,130
00015345.jpg,130
00015346.jpg,130
00015347.jpg,130
00015348.jpg,130
00015349.jpg,130
00015350.jpg,130
00015351.jpg,130
00015352.jpg,130
00015353.jpg,130
00015354.jpg,130
00015355.jpg,130
00015356.jpg,130
00015357.jpg,130
00015358.jpg,130
00015359.jpg,130
00015360.jpg,130
00015361.jpg,130
00015362.jpg,130
00015363.jpg,130
00015364.jpg,130
00015365.jpg,130
00015366.jpg,130
00015367.jpg,130
00015368.jpg,130
00015369.jpg,130
00015370.jpg,130
00015371.jpg,130
00015372.jpg,130
00015373.jpg,130
00015374.jpg,130
00015375.jpg,130
00015376.jpg,130
00015377.jpg,130
00015378.jpg,130
00015379.jpg,130
00015380.jpg,130
00015381.jpg,130
00015382.jpg,130
00015383.jpg,130
00015384.jpg,130
00015385.jpg,130
00015386.jpg,130
00015387.jpg,130
00015388.jpg,130
00015389.jpg,130
00015390.jpg,130
00015391.jpg,130
00015392.jpg,130
00015393.jpg,130
00015394.jpg,130
00015395.jpg,130
00015396.jpg,130
00015397.jpg,130
00015398.jpg,130
00015399.jpg,130
00015400.jpg,130
00015401.jpg,130
00015402.jpg,130
00015403.jpg,130
00015404.jpg,130
00015405.jpg,130
00015406.jpg,130
00015407.jpg,130
00015408.jpg,130
00015409.jpg,130
00015410.jpg,130
00015411.jpg,130
00015412.jpg,130
00015413.jpg,130
00015414.jpg,130
00015415.jpg,130
00015416.jpg,130
00015417.jpg,130
00015418.jpg,130
00015419.jpg,130
00015420.jpg,130
00015421.jpg,130
00015422.jpg,130
00015423.jpg,130
00015424.jpg,130
00015425.jpg,130
00015426.jpg,130
00015427.jpg,130
00015428.jpg,130
00015429.jpg,130
00015430.jpg,130
00015431.jpg,130
00015432.jpg,130
00015433.jpg,130
00015434.jpg,130
00015435.jpg,130
00015436.jpg,130
00015437.jpg,130
00015438.jpg,130
00015439.jpg,130
00015440.jpg,130
00015441.jpg,130
00015442.jpg,130
00015443.jpg,130
00015444.jpg,130
00015445.jpg,130
00015446.jpg,130
00015447.jpg,130
00015448.jpg,130
00015449.jpg,130
00015450.jpg,130
00015451.jpg,130
00015452.jpg,130
00015453.jpg,130
00015454.jpg,130
00015455.jpg,130
00015456.jpg,130
00015457.jpg,130
00015458.jpg,130
00015459.jpg,131
00015460.jpg,131
00015461.jpg,131
00015462.jpg,131
00015463.jpg,131
00015464.jpg,131
00015465.jpg,131
00015466.jpg,131
00015467.jpg,131
00015468.jpg,131
00015469.jpg,131
00015470.jpg,131
00015471.jpg,131
00015472.jpg,131
00015473.jpg,131
00015474.jpg,131
00015475.jpg,131
00015476.jpg,131
00015477.jpg,131
00015478.jpg,131
00015479.jpg,131
00015480.jpg,131
00015481.jpg,131
00015482.jpg,131
00015483.jpg,131
00015484.jpg,131
00015485.jpg,131
00015486.jpg,131
00015487.jpg,131
00015488.jpg,131
00015489.jpg,131
00015490.jpg,131
00015491.jpg,131
00015492.jpg,131
00015493.jpg,131
00015494.jpg,131
00015495.jpg,131
00015496.jpg,131
00015497.jpg,131
00015498.jpg,131
00015499.jpg,131
00015500.jpg,131
00015501.jpg,131
00015502.jpg,131
00015503.jpg,131
00015504.jpg,131
00015505.jpg,131
00015506.jpg,131
00015507.jpg,131
00015508.jpg,131
00015509.jpg,131
00015510.jpg,131
00015511.jpg,131
00015512.jpg,131
00015513.jpg,131
00015514.jpg,131
00015515.jpg,131
00015516.jpg,131
00015517.jpg,131
00015518.jpg,131
00015519.jpg,131
00015520.jpg,131
00015521.jpg,131
00015522.jpg,131
00015523.jpg,131
00015524.jpg,131
00015525.jpg,131
00015526.jpg,131
00015527.jpg,131
00015528.jpg,131
00015529.jpg,131
00015530.jpg,131
00015531.jpg,131
00015532.jpg,131
00015533.jpg,131
00015534.jpg,131
00015535.jpg,131
00015536.jpg,131
00015537.jpg,131
00015538.jpg,131
00015539.jpg,131
00015540.jpg,131
00015541.jpg,131
00015542.jpg,131
00015543.jpg,131
00015544.jpg,131
00015545.jpg,131
00015546.jpg,131
00015547.jpg,131
00015548.jpg,131
00015549.jpg,131
00015550.jpg,131
00015551.jpg,131
00015552.jpg,131
00015553.jpg,131
00015554.jpg,131
00015555.jpg,131
00015556.jpg,131
00015557.jpg,131
00015558.jpg,131
00015559.jpg,131
00015560.jpg,131
00015561.jpg,131
00015562.jpg,131
00015563.jpg,131
00015564.jpg,131
00015565.jpg,131
00015566.jpg,131
00015567.jpg,131
00015568.jpg,131
00015569.jpg,131
00015570.jpg,131
00015571.jpg,131
00015572.jpg,131
00015573.jpg,131
00015574.jpg,131
00015575.jpg,131
00015576.jpg,131
00015577.jpg,132
00015578.jpg,132
00015579.jpg,132
00015580.jpg,132
00015581.jpg,132
00015582.jpg,132
00015583.jpg,132
00015584.jpg,132
00015585.jpg,132
00015586.jpg,132
00015587.jpg,132
00015588.jpg,132
00015589.jpg,132
00015590.jpg,132
00015591.jpg,132
00015592.jpg,132
00015593.jpg,132
00015594.jpg,132
00015595.jpg,132
00015596.jpg,132
00015597.jpg,132
00015598.jpg,132
00015599.jpg,132
00015600.jpg,132
00015601.jpg,132
00015602.jpg,132
00015603.jpg,132
00015604.jpg,132
00015605.jpg,132
00015606.jpg,132
00015607.jpg,132
00015608.jpg,132
00015609.jpg,132
00015610.jpg,132
00015611.jpg,132
00015612.jpg,132
00015613.jpg,132
00015614.jpg,132
00015615.jpg,132
00015616.jpg,132
00015617.jpg,132
00015618.jpg,132
00015619.jpg,132
00015620.jpg,132
00015621.jpg,132
00015622.jpg,132
00015623.jpg,132
00015624.jpg,132
00015625.jpg,132
00015626.jpg,132
00015627.jpg,132
00015628.jpg,132
00015629.jpg,132
00015630.jpg,132
00015631.jpg,132
00015632.jpg,132
00015633.jpg,132
00015634.jpg,132
00015635.jpg,132
00015636.jpg,132
00015637.jpg,132
00015638.jpg,132
00015639.jpg,132
00015640.jpg,132
00015641.jpg,132
00015642.jpg,132
00015643.jpg,132
00015644.jpg,132
00015645.jpg,132
00015646.jpg,132
00015647.jpg,132
00015648.jpg,132
00015649.jpg,132
00015650.jpg,132
00015651.jpg,132
00015652.jpg,132
00015653.jpg,132
00015654.jpg,132
00015655.jpg,132
00015656.jpg,132
00015657.jpg,132
00015658.jpg,132
00015659.jpg,132
00015660.jpg,132
00015661.jpg,132
00015662.jpg,132
00015663.jpg,132
00015664.jpg,132
00015665.jpg,132
00015666.jpg,132
00015667.jpg,132
00015668.jpg,132
00015669.jpg,132
00015670.jpg,132
00015671.jpg,132
00015672.jpg,132
00015673.jpg,132
00015674.jpg,132
00015675.jpg,132
00015676.jpg,132
00015677.jpg,132
00015678.jpg,132
00015679.jpg,132
00015680.jpg,132
00015681.jpg,132
00015682.jpg,132
00015683.jpg,132
00015684.jpg,132
00015685.jpg,132
00015686.jpg,132
00015687.jpg,132
00015688.jpg,132
00015689.jpg,132
00015690.jpg,132
00015691.jpg,132
00015692.jpg,132
00015693.jpg,132
00015694.jpg,132
00015695.jpg,133
00015696.jpg,133
00015697.jpg,133
00015698.jpg,133
00015699.jpg,133
00015700.jpg,133
00015701.jpg,133
00015702.jpg,133
00015703.jpg,133
00015704.jpg,133
00015705.jpg,133
00015706.jpg,133
00015707.jpg,133
00015708.jpg,133
00015709.jpg,133
00015710.jpg,133
00015711.jpg,133
00015712.jpg,133
00015713.jpg,133
00015714.jpg,133
00015715.jpg,133
00015716.jpg,133
00015717.jpg,133
00015718.jpg,133
00015719.jpg,133
00015720.jpg,133
00015721.jpg,133
00015722.jpg,133
00015723.jpg,133
00015724.jpg,133
00015725.jpg,133
00015726.jpg,133
00015727.jpg,133
00015728.jpg,133
00015729.jpg,133
00015730.jpg,133
00015731.jpg,133
00015732.jpg,133
00015733.jpg,133
00015734.jpg,133
00015735.jpg,133
00015736.jpg,133
00015737.jpg,133
00015738.jpg,133
00015739.jpg,133
00015740.jpg,133
00015741.jpg,133
00015742.jpg,133
00015743.jpg,133
00015744.jpg,133
00015745.jpg,133
00015746.jpg,133
00015747.jpg,133
00015748.jpg,133
00015749.jpg,133
00015750.jpg,133
00015751.jpg,133
00015752.jpg,133
00015753.jpg,133
00015754.jpg,133
00015755.jpg,133
00015756.jpg,133
00015757.jpg,133
00015758.jpg,133
00015759.jpg,133
00015760.jpg,133
00015761.jpg,133
00015762.jpg,133
00015763.jpg,133
00015764.jpg,133
00015765.jpg,133
00015766.jpg,133
00015767.jpg,133
00015768.jpg,133
00015769.jpg,133
00015770.jpg,133
00015771.jpg,133
00015772.jpg,133
00015773.jpg,133
00015774.jpg,133
00015775.jpg,133
00015776.jpg,133
00015777.jpg,133
00015778.jpg,133
00015779.jpg,133
00015780.jpg,133
00015781.jpg,133
00015782.jpg,133
00015783.jpg,133
00015784.jpg,133
00015785.jpg,133
00015786.jpg,133
00015787.jpg,133
00015788.jpg,133
00015789.jpg,133
00015790.jpg,133
00015791.jpg,133
00015792.jpg,133
00015793.jpg,133
00015794.jpg,133
00015795.jpg,133
00015796.jpg,133
00015797.jpg,133
00015798.jpg,133
00015799.jpg,133
00015800.jpg,133
00015801.jpg,133
00015802.jpg,133
00015803.jpg,133
00015804.jpg,133
00015805.jpg,133
00015806.jpg,133
00015807.jpg,133
00015808.jpg,133
00015809.jpg,133
00015810.jpg,133
00015811.jpg,133
00015812.jpg,133
00015813.jpg,134
00015814.jpg,134
00015815.jpg,134
00015816.jpg,134
00015817.jpg,134
00015818.jpg,134
00015819.jpg,134
00015820.jpg,134
00015821.jpg,134
00015822.jpg,134
00015823.jpg,134
00015824.jpg,134
00015825.jpg,134
00015826.jpg,134
00015827.jpg,134
00015828.jpg,134
00015829.jpg,134
00015830.jpg,134
00015831.jpg,134
00015832.jpg,134
00015833.jpg,134
00015834.jpg,134
00015835.jpg,134
00015836.jpg,134
00015837.jpg,134
00015838.jpg,134
00015839.jpg,134
00015840.jpg,134
00015841.jpg,134
00015842.jpg,134
00015843.jpg,134
00015844.jpg,134
00015845.jpg,134
00015846.jpg,134
00015847.jpg,134
00015848.jpg,134
00015849.jpg,134
00015850.jpg,134
00015851.jpg,134
00015852.jpg,134
00015853.jpg,134
00015854.jpg,134
00015855.jpg,134
00015856.jpg,134
00015857.jpg,134
00015858.jpg,134
00015859.jpg,134
00015860.jpg,134
00015861.jpg,134
00015862.jpg,134
00015863.jpg,134
00015864.jpg,134
00015865.jpg,134
00015866.jpg,134
00015867.jpg,134
00015868.jpg,134
00015869.jpg,134
00015870.jpg,134
00015871.jpg,134
00015872.jpg,134
00015873.jpg,134
00015874.jpg,134
00015875.jpg,134
00015876.jpg,134
00015877.jpg,134
00015878.jpg,134
00015879.jpg,134
00015880.jpg,134
00015881.jpg,134
00015882.jpg,134
00015883.jpg,134
00015884.jpg,134
00015885.jpg,134
00015886.jpg,134
00015887.jpg,134
00015888.jpg,134
00015889.jpg,134
00015890.jpg,134
00015891.jpg,134
00015892.jpg,134
00015893.jpg,134
00015894.jpg,134
00015895.jpg,134
00015896.jpg,134
00015897.jpg,134
00015898.jpg,134
00015899.jpg,134
00015900.jpg,134
00015901.jpg,134
00015902.jpg,134
00015903.jpg,134
00015904.jpg,134
00015905.jpg,134
00015906.jpg,134
00015907.jpg,134
00015908.jpg,134
00015909.jpg,134
00015910.jpg,134
00015911.jpg,134
00015912.jpg,134
00015913.jpg,134
00015914.jpg,134
00015915.jpg,134
00015916.jpg,134
00015917.jpg,134
00015918.jpg,134
00015919.jpg,134
00015920.jpg,134
00015921.jpg,134
00015922.jpg,134
00015923.jpg,134
00015924.jpg,134
00015925.jpg,134
00015926.jpg,134
00015927.jpg,134
00015928.jpg,134
00015929.jpg,134
00015930.jpg,134
00015931.jpg,135
00015932.jpg,135
00015933.jpg,135
00015934.jpg,135
00015935.jpg,135
00015936.jpg,135
00015937.jpg,135
00015938.jpg,135
00015939.jpg,135
00015940.jpg,135
00015941.jpg,135
00015942.jpg,135
00015943.jpg,135
00015944.jpg,135
00015945.jpg,135
00015946.jpg,135
00015947.jpg,135
00015948.jpg,135
00015949.jpg,135
00015950.jpg,135
00015951.jpg,135
00015952.jpg,135
00015953.jpg,135
00015954.jpg,135
00015955.jpg,135
00015956.jpg,135
00015957.jpg,135
00015958.jpg,135
00015959.jpg,135
00015960.jpg,135
00015961.jpg,135
00015962.jpg,135
00015963.jpg,135
00015964.jpg,135
00015965.jpg,135
00015966.jpg,135
00015967.jpg,135
00015968.jpg,135
00015969.jpg,135
00015970.jpg,135
00015971.jpg,135
00015972.jpg,135
00015973.jpg,135
00015974.jpg,135
00015975.jpg,135
00015976.jpg,135
00015977.jpg,135
00015978.jpg,135
00015979.jpg,135
00015980.jpg,135
00015981.jpg,135
00015982.jpg,135
00015983.jpg,135
00015984.jpg,135
00015985.jpg,135
00015986.jpg,135
00015987.jpg,135
00015988.jpg,135
00015989.jpg,135
00015990.jpg,135
00015991.jpg,135
00015992.jpg,135
00015993.jpg,135
00015994.jpg,135
00015995.jpg,135
00015996.jpg,135
00015997.jpg,135
00015998.jpg,135
00015999.jpg,135
00016000.jpg,135
00016001.jpg,135
00016002.jpg,135
00016003.jpg,135
00016004.jpg,135
00016005.jpg,135
00016006.jpg,135
00016007.jpg,135
00016008.jpg,135
00016009.jpg,135
00016010.jpg,135
00016011.jpg,135
00016012.jpg,135
00016013.jpg,135
00016014.jpg,135
00016015.jpg,135
00016016.jpg,135
00016017.jpg,135
00016018.jpg,135
00016019.jpg,135
00016020.jpg,135
00016021.jpg,135
00016022.jpg,135
00016023.jpg,135
00016024.jpg,135
00016025.jpg,135
00016026.jpg,135
00016027.jpg,135
00016028.jpg,135
00016029.jpg,135
00016030.jpg,135
00016031.jpg,135
00016032.jpg,135
00016033.jpg,135
00016034.jpg,135
00016035.jpg,135
00016036.jpg,135
00016037.jpg,135
00016038.jpg,135
00016039.jpg,135
00016040.jpg,135
00016041.jpg,135
00016042.jpg,135
00016043.jpg,135
00016044.jpg,135
00016045.jpg,135
00016046.jpg,135
00016047.jpg,135
00016048.jpg,135
00016049.jpg,136
00016050.jpg,136
00016051.jpg,136
00016052.jpg,136
00016053.jpg,136
00016054.jpg,136
00016055.jpg,136
00016056.jpg,136
00016057.jpg,136
00016058.jpg,136
00016059.jpg,136
00016060.jpg,136
00016061.jpg,136
00016062.jpg,136
00016063.jpg,136
00016064.jpg,136
00016065.jpg,136
00016066.jpg,136
00016067.jpg,136
00016068.jpg,136
00016069.jpg,136
00016070.jpg,136
00016071.jpg,136
00016072.jpg,136
00016073.jpg,136
00016074.jpg,136
00016075.jpg,136
00016076.jpg,136
00016077.jpg,136
00016078.jpg,136
00016079.jpg,136
00016080.jpg,136
00016081.jpg,136
00016082.jpg,136
00016083.jpg,136
00016084.jpg,136
00016085.jpg,136
00016086.jpg,136
00016087.jpg,136
00016088.jpg,136
00016089.jpg,136
00016090.jpg,136
00016091.jpg,136
00016092.jpg,136
00016093.jpg,136
00016094.jpg,136
00016095.jpg,136
00016096.jpg,136
00016097.jpg,136
00016098.jpg,136
00016099.jpg,136
00016100.jpg,136
00016101.jpg,136
00016102.jpg,136
00016103.jpg,136
00016104.jpg,136
00016105.jpg,136
00016106.jpg,136
00016107.jpg,136
00016108.jpg,136
00016109.jpg,136
00016110.jpg,136
00016111.jpg,136
00016112.jpg,136
00016113.jpg,136
00016114.jpg,136
00016115.jpg,136
00016116.jpg,136
00016117.jpg,136
00016118.jpg,136
00016119.jpg,136
00016120.jpg,136
00016121.jpg,136
00016122.jpg,136
00016123.jpg,136
00016124.jpg,136
00016125.jpg,136
00016126.jpg,136
00016127.jpg,136
00016128.jpg,136
00016129.jpg,136
00016130.jpg,136
00016131.jpg,136
00016132.jpg,136
00016133.jpg,136
00016134.jpg,136
00016135.jpg,136
00016136.jpg,136
00016137.jpg,136
00016138.jpg,136
00016139.jpg,136
00016140.jpg,136
00016141.jpg,136
00016142.jpg,136
00016143.jpg,136
00016144.jpg,136
00016145.jpg,136
00016146.jpg,136
00016147.jpg,136
00016148.jpg,136
00016149.jpg,136
00016150.jpg,136
00016151.jpg,136
00016152.jpg,136
00016153.jpg,136
00016154.jpg,136
00016155.jpg,136
00016156.jpg,136
00016157.jpg,136
00016158.jpg,136
00016159.jpg,136
00016160.jpg,136
00016161.jpg,136
00016162.jpg,136
00016163.jpg,136
00016164.jpg,136
00016165.jpg,136
00016166.jpg,136
00016167.jpg,137
00016168.jpg,137
00016169.jpg,137
00016170.jpg,137
00016171.jpg,137
00016172.jpg,137
00016173.jpg,137
00016174.jpg,137
00016175.jpg,137
00016176.jpg,137
00016177.jpg,137
00016178.jpg,137
00016179.jpg,137
00016180.jpg,137
00016181.jpg,137
00016182.jpg,137
00016183.jpg,137
00016184.jpg,137
00016185.jpg,137
00016186.jpg,137
00016187.jpg,137
00016188.jpg,137
00016189.jpg,137
00016190.jpg,137
00016191.jpg,137
00016192.jpg,137
00016193.jpg,137
00016194.jpg,137
00016195.jpg,137
00016196.jpg,137
00016197.jpg,137
00016198.jpg,137
00016199.jpg,137
00016200.jpg,137
00016201.jpg,137
00016202.jpg,137
00016203.jpg,137
00016204.jpg,137
00016205.jpg,137
00016206.jpg,137
00016207.jpg,137
00016208.jpg,137
00016209.jpg,137
00016210.jpg,137
00016211.jpg,137
00016212.jpg,137
00016213.jpg,137
00016214.jpg,137
00016215.jpg,137
00016216.jpg,137
00016217.jpg,137
00016218.jpg,137
00016219.jpg,137
00016220.jpg,137
00016221.jpg,137
00016222.jpg,137
00016223.jpg,137
00016224.jpg,137
00016225.jpg,137
00016226.jpg,137
00016227.jpg,137
00016228.jpg,137
00016229.jpg,137
00016230.jpg,137
00016231.jpg,137
00016232.jpg,137
00016233.jpg,137
00016234.jpg,137
00016235.jpg,137
00016236.jpg,137
00016237.jpg,137
00016238.jpg,137
00016239.jpg,137
00016240.jpg,137
00016241.jpg,137
00016242.jpg,137
00016243.jpg,137
00016244.jpg,137
00016245.jpg,137
00016246.jpg,137
00016247.jpg,137
00016248.jpg,137
00016249.jpg,137
00016250.jpg,137
00016251.jpg,137
00016252.jpg,137
00016253.jpg,137
00016254.jpg,137
00016255.jpg,137
00016256.jpg,137
00016257.jpg,137
00016258.jpg,137
00016259.jpg,137
00016260.jpg,137
00016261.jpg,137
00016262.jpg,137
00016263.jpg,137
00016264.jpg,137
00016265.jpg,137
00016266.jpg,137
00016267.jpg,137
00016268.jpg,137
00016269.jpg,137
00016270.jpg,137
00016271.jpg,137
00016272.jpg,137
00016273.jpg,137
00016274.jpg,137
00016275.jpg,137
00016276.jpg,137
00016277.jpg,137
00016278.jpg,137
00016279.jpg,137
00016280.jpg,137
00016281.jpg,137
00016282.jpg,137
00016283.jpg,137
00016284.jpg,137
00016285.jpg,138
00016286.jpg,138
00016287.jpg,138
00016288.jpg,138
00016289.jpg,138
00016290.jpg,138
00016291.jpg,138
00016292.jpg,138
00016293.jpg,138
00016294.jpg,138
00016295.jpg,138
00016296.jpg,138
00016297.jpg,138
00016298.jpg,138
00016299.jpg,138
00016300.jpg,138
00016301.jpg,138
00016302.jpg,138
00016303.jpg,138
00016304.jpg,138
00016305.jpg,138
00016306.jpg,138
00016307.jpg,138
00016308.jpg,138
00016309.jpg,138
00016310.jpg,138
00016311.jpg,138
00016312.jpg,138
00016313.jpg,138
00016314.jpg,138
00016315.jpg,138
00016316.jpg,138
00016317.jpg,138
00016318.jpg,138
00016319.jpg,138
00016320.jpg,138
00016321.jpg,138
00016322.jpg,138
00016323.jpg,138
00016324.jpg,138
00016325.jpg,138
00016326.jpg,138
00016327.jpg,138
00016328.jpg,138
00016329.jpg,138
00016330.jpg,138
00016331.jpg,138
00016332.jpg,138
00016333.jpg,138
00016334.jpg,138
00016335.jpg,138
00016336.jpg,138
00016337.jpg,138
00016338.jpg,138
00016339.jpg,138
00016340.jpg,138
00016341.jpg,138
00016342.jpg,138
00016343.jpg,138
00016344.jpg,138
00016345.jpg,138
00016346.jpg,138
00016347.jpg,138
00016348.jpg,138
00016349.jpg,138
00016350.jpg,138
00016351.jpg,138
00016352.jpg,138
00016353.jpg,138
00016354.jpg,138
00016355.jpg,138
00016356.jpg,138
00016357.jpg,138
00016358.jpg,138
00016359.jpg,138
00016360.jpg,138
00016361.jpg,138
00016362.jpg,138
00016363.jpg,138
00016364.jpg,138
00016365.jpg,138
00016366.jpg,138
00016367.jpg,138
00016368.jpg,138
00016369.jpg,138
00016370.jpg,138
00016371.jpg,138
00016372.jpg,138
00016373.jpg,138
00016374.jpg,138
00016375.jpg,138
00016376.jpg,138
00016377.jpg,138
00016378.jpg,138
00016379.jpg,138
00016380.jpg,138
00016381.jpg,138
00016382.jpg,138
00016383.jpg,138
00016384.jpg,138
00016385.jpg,138
00016386.jpg,138
00016387.jpg,138
00016388.jpg,138
00016389.jpg,138
00016390.jpg,138
00016391.jpg,138
00016392.jpg,138
00016393.jpg,138
00016394.jpg,138
00016395.jpg,138
00016396.jpg,138
00016397.jpg,138
00016398.jpg,138
00016399.jpg,138
00016400.jpg,138
00016401.jpg,138
00016402.jpg,138
00016403.jpg,139
00016404.jpg,139
00016405.jpg,139
00016406.jpg,139
00016407.jpg,139
00016408.jpg,139
00016409.jpg,139
00016410.jpg,139
00016411.jpg,139
00016412.jpg,139
00016413.jpg,139
00016414.jpg,139
00016415.jpg,139
00016416.jpg,139
00016417.jpg,139
00016418.jpg,139
00016419.jpg,139
00016420.jpg,139
00016421.jpg,139
00016422.jpg,139
00016423.jpg,139
00016424.jpg,139
00016425.jpg,139
00016426.jpg,139
00016427.jpg,139
00016428.jpg,139
00016429.jpg,139
00016430.jpg,139
00016431.jpg,139
00016432.jpg,139
00016433.jpg,139
00016434.jpg,139
00016435.jpg,139
00016436.jpg,139
00016437.jpg,139
00016438.jpg,139
00016439.jpg,139
00016440.jpg,139
00016441.jpg,139
00016442.jpg,139
00016443.jpg,139
00016444.jpg,139
00016445.jpg,139
00016446.jpg,139
00016447.jpg,139
00016448.jpg,139
00016449.jpg,139
00016450.jpg,139
00016451.jpg,139
00016452.jpg,139
00016453.jpg,139
00016454.jpg,139
00016455.jpg,139
00016456.jpg,139
00016457.jpg,139
00016458.jpg,139
00016459.jpg,139
00016460.jpg,139
00016461.jpg,139
00016462.jpg,139
00016463.jpg,139
00016464.jpg,139
00016465.jpg,139
00016466.jpg,139
00016467.jpg,139
00016468.jpg,139
00016469.jpg,139
00016470.jpg,139
00016471.jpg,139
00016472.jpg,139
00016473.jpg,139
00016474.jpg,139
00016475.jpg,139
00016476.jpg,139
00016477.jpg,139
00016478.jpg,139
00016479.jpg,139
00016480.jpg,139
00016481.jpg,139
00016482.jpg,139
00016483.jpg,139
00016484.jpg,139
00016485.jpg,139
00016486.jpg,139
00016487.jpg,139
00016488.jpg,139
00016489.jpg,139
00016490.jpg,139
00016491.jpg,139
00016492.jpg,139
00016493.jpg,139
00016494.jpg,139
00016495.jpg,139
00016496.jpg,139
00016497.jpg,139
00016498.jpg,139
00016499.jpg,139
00016500.jpg,139
00016501.jpg,139
00016502.jpg,139
00016503.jpg,139
00016504.jpg,139
00016505.jpg,139
00016506.jpg,139
00016507.jpg,139
00016508.jpg,139
00016509.jpg,139
00016510.jpg,139
00016511.jpg,139
00016512.jpg,139
00016513.jpg,139
00016514.jpg,139
00016515.jpg,139
00016516.jpg,139
00016517.jpg,139
00016518.jpg,139
00016519.jpg,139
00016520.jpg,139
00016521.jpg,140
00016522.jpg,140
00016523.jpg,140
00016524.jpg,140
00016525.jpg,140
00016526.jpg,140
00016527.jpg,140
00016528.jpg,140
00016529.jpg,140
00016530.jpg,140
00016531.jpg,140
00016532.jpg,140
00016533.jpg,140
00016534.jpg,140
00016535.jpg,140
00016536.jpg,140
00016537.jpg,140
00016538.jpg,140
00016539.jpg,140
00016540.jpg,140
00016541.jpg,140
00016542.jpg,140
00016543.jpg,140
00016544.jpg,140
00016545.jpg,140
00016546.jpg,140
00016547.jpg,140
00016548.jpg,140
00016549.jpg,140
00016550.jpg,140
00016551.jpg,140
00016552.jpg,140
00016553.jpg,140
00016554.jpg,140
00016555.jpg,140
00016556.jpg,140
00016557.jpg,140
00016558.jpg,140
00016559.jpg,140
00016560.jpg,140
00016561.jpg,140
00016562.jpg,140
00016563.jpg,140
00016564.jpg,140
00016565.jpg,140
00016566.jpg,140
00016567.jpg,140
00016568.jpg,140
00016569.jpg,140
00016570.jpg,140
00016571.jpg,140
00016572.jpg,140
00016573.jpg,140
00016574.jpg,140
00016575.jpg,140
00016576.jpg,140
00016577.jpg,140
00016578.jpg,140
00016579.jpg,140
00016580.jpg,140
00016581.jpg,140
00016582.jpg,140
00016583.jpg,140
00016584.jpg,140
00016585.jpg,140
00016586.jpg,140
00016587.jpg,140
00016588.jpg,140
00016589.jpg,140
00016590.jpg,140
00016591.jpg,140
00016592.jpg,140
00016593.jpg,140
00016594.jpg,140
00016595.jpg,140
00016596.jpg,140
00016597.jpg,140
00016598.jpg,140
00016599.jpg,140
00016600.jpg,140
00016601.jpg,140
00016602.jpg,140
00016603.jpg,140
00016604.jpg,140
00016605.jpg,140
00016606.jpg,140
00016607.jpg,140
00016608.jpg,140
00016609.jpg,140
00016610.jpg,140
00016611.jpg,140
00016612.jpg,140
00016613.jpg,140
00016614.jpg,140
00016615.jpg,140
00016616.jpg,140
00016617.jpg,140
00016618.jpg,140
00016619.jpg,140
00016620.jpg,140
00016621.jpg,140
00016622.jpg,140
00016623.jpg,140
00016624.jpg,140
00016625.jpg,140
00016626.jpg,140
00016627.jpg,140
00016628.jpg,140
00016629.jpg,140
00016630.jpg,140
00016631.jpg,140
00016632.jpg,140
00016633.jpg,140
00016634.jpg,140
00016635.jpg,140
00016636.jpg,140
00016637.jpg,140
00016638.jpg,140
00016639.jpg,141
00016640.jpg,141
00016641.jpg,141
00016642.jpg,141
00016643.jpg,141
00016644.jpg,141
00016645.jpg,141
00016646.jpg,141
00016647.jpg,141
00016648.jpg,141
00016649.jpg,141
00016650.jpg,141
00016651.jpg,141
00016652.jpg,141
00016653.jpg,141
00016654.jpg,141
00016655.jpg,141
00016656.jpg,141
00016657.jpg,141
00016658.jpg,141
00016659.jpg,141
00016660.jpg,141
00016661.jpg,141
00016662.jpg,141
00016663.jpg,141
00016664.jpg,141
00016665.jpg,141
00016666.jpg,141
00016667.jpg,141
00016668.jpg,141
00016669.jpg,141
00016670.jpg,141
00016671.jpg,141
00016672.jpg,141
00016673.jpg,141
00016674.jpg,141
00016675.jpg,141
00016676.jpg,141
00016677.jpg,141
00016678.jpg,141
00016679.jpg,141
00016680.jpg,141
00016681.jpg,141
00016682.jpg,141
00016683.jpg,141
00016684.jpg,141
00016685.jpg,141
00016686.jpg,141
00016687.jpg,141
00016688.jpg,141
00016689.jpg,141
00016690.jpg,141
00016691.jpg,141
00016692.jpg,141
00016693.jpg,141
00016694.jpg,141
00016695.jpg,141
00016696.jpg,141
00016697.jpg,141
00016698.jpg,141
00016699.jpg,141
00016700.jpg,141
00016701.jpg,141
00016702.jpg,141
00016703.jpg,141
00016704.jpg,141
00016705.jpg,141
00016706.jpg,141
00016707.jpg,141
00016708.jpg,141
00016709.jpg,141
00016710.jpg,141
00016711.jpg,141
00016712.jpg,141
00016713.jpg,141
00016714.jpg,141
00016715.jpg,141
00016716.jpg,141
00016717.jpg,141
00016718.jpg,141
00016719.jpg,141
00016720.jpg,141
00016721.jpg,141
00016722.jpg,141
00016723.jpg,141
00016724.jpg,141
00016725.jpg,141
00016726.jpg,141
00016727.jpg,141
00016728.jpg,141
00016729.jpg,141
00016730.jpg,141
00016731.jpg,141
00016732.jpg,141
00016733.jpg,141
00016734.jpg,141
00016735.jpg,141
00016736.jpg,141
00016737.jpg,141
00016738.jpg,141
00016739.jpg,141
00016740.jpg,141
00016741.jpg,141
00016742.jpg,141
00016743.jpg,141
00016744.jpg,141
00016745.jpg,141
00016746.jpg,141
00016747.jpg,141
00016748.jpg,141
00016749.jpg,141
00016750.jpg,141
00016751.jpg,141
00016752.jpg,141
00016753.jpg,141
00016754.jpg,141
00016755.jpg,141
00016756.jpg,141
00016757.jpg,142
00016758.jpg,142
00016759.jpg,142
00016760.jpg,142
00016761.jpg,142
00016762.jpg,142
00016763.jpg,142
00016764.jpg,142
00016765.jpg,142
00016766.jpg,142
00016767.jpg,142
00016768.jpg,142
00016769.jpg,142
00016770.jpg,142
00016771.jpg,142
00016772.jpg,142
00016773.jpg,142
00016774.jpg,142
00016775.jpg,142
00016776.jpg,142
00016777.jpg,142
00016778.jpg,142
00016779.jpg,142
00016780.jpg,142
00016781.jpg,142
00016782.jpg,142
00016783.jpg,142
00016784.jpg,142
00016785.jpg,142
00016786.jpg,142
00016787.jpg,142
00016788.jpg,142
00016789.jpg,142
00016790.jpg,142
00016791.jpg,142
00016792.jpg,142
00016793.jpg,142
00016794.jpg,142
00016795.jpg,142
00016796.jpg,142
00016797.jpg,142
00016798.jpg,142
00016799.jpg,142
00016800.jpg,142
00016801.jpg,142
00016802.jpg,142
00016803.jpg,142
00016804.jpg,142
00016805.jpg,142
00016806.jpg,142
00016807.jpg,142
00016808.jpg,142
00016809.jpg,142
00016810.jpg,142
00016811.jpg,142
00016812.jpg,142
00016813.jpg,142
00016814.jpg,142
00016815.jpg,142
00016816.jpg,142
00016817.jpg,142
00016818.jpg,142
00016819.jpg,142
00016820.jpg,142
00016821.jpg,142
00016822.jpg,142
00016823.jpg,142
00016824.jpg,142
00016825.jpg,142
00016826.jpg,142
00016827.jpg,142
00016828.jpg,142
00016829.jpg,142
00016830.jpg,142
00016831.jpg,142
00016832.jpg,142
00016833.jpg,142
00016834.jpg,142
00016835.jpg,142
00016836.jpg,142
00016837.jpg,142
00016838.jpg,142
00016839.jpg,142
00016840.jpg,142
00016841.jpg,142
00016842.jpg,142
00016843.jpg,142
00016844.jpg,142
00016845.jpg,142
00016846.jpg,142
00016847.jpg,142
00016848.jpg,142
00016849.jpg,142
00016850.jpg,142
00016851.jpg,142
00016852.jpg,142
00016853.jpg,142
00016854.jpg,142
00016855.jpg,142
00016856.jpg,142
00016857.jpg,142
00016858.jpg,142
00016859.jpg,142
00016860.jpg,142
00016861.jpg,142
00016862.jpg,142
00016863.jpg,142
00016864.jpg,142
00016865.jpg,142
00016866.jpg,142
00016867.jpg,142
00016868.jpg,142
00016869.jpg,142
00016870.jpg,142
00016871.jpg,142
00016872.jpg,142
00016873.jpg,142
00016874.jpg,142
00016875.jpg,143
00016876.jpg,143
00016877.jpg,143
00016878.jpg,143
00016879.jpg,143
00016880.jpg,143
00016881.jpg,143
00016882.jpg,143
00016883.jpg,143
00016884.jpg,143
00016885.jpg,143
00016886.jpg,143
00016887.jpg,143
00016888.jpg,143
00016889.jpg,143
00016890.jpg,143
00016891.jpg,143
00016892.jpg,143
00016893.jpg,143
00016894.jpg,143
00016895.jpg,143
00016896.jpg,143
00016897.jpg,143
00016898.jpg,143
00016899.jpg,143
00016900.jpg,143
00016901.jpg,143
00016902.jpg,143
00016903.jpg,143
00016904.jpg,143
00016905.jpg,143
00016906.jpg,143
00016907.jpg,143
00016908.jpg,143
00016909.jpg,143
00016910.jpg,143
00016911.jpg,143
00016912.jpg,143
00016913.jpg,143
00016914.jpg,143
00016915.jpg,143
00016916.jpg,143
00016917.jpg,143
00016918.jpg,143
00016919.jpg,143
00016920.jpg,143
00016921.jpg,143
00016922.jpg,143
00016923.jpg,143
00016924.jpg,143
00016925.jpg,143
00016926.jpg,143
00016927.jpg,143
00016928.jpg,143
00016929.jpg,143
00016930.jpg,143
00016931.jpg,143
00016932.jpg,143
00016933.jpg,143
00016934.jpg,143
00016935.jpg,143
00016936.jpg,143
00016937.jpg,143
00016938.jpg,143
00016939.jpg,143
00016940.jpg,143
00016941.jpg,143
00016942.jpg,143
00016943.jpg,143
00016944.jpg,143
00016945.jpg,143
00016946.jpg,143
00016947.jpg,143
00016948.jpg,143
00016949.jpg,143
00016950.jpg,143
00016951.jpg,143
00016952.jpg,143
00016953.jpg,143
00016954.jpg,143
00016955.jpg,143
00016956.jpg,143
00016957.jpg,143
00016958.jpg,143
00016959.jpg,143
00016960.jpg,143
00016961.jpg,143
00016962.jpg,143
00016963.jpg,143
00016964.jpg,143
00016965.jpg,143
00016966.jpg,143
00016967.jpg,143
00016968.jpg,143
00016969.jpg,143
00016970.jpg,143
00016971.jpg,143
00016972.jpg,143
00016973.jpg,143
00016974.jpg,143
00016975.jpg,143
00016976.jpg,143
00016977.jpg,143
00016978.jpg,143
00016979.jpg,143
00016980.jpg,143
00016981.jpg,143
00016982.jpg,143
00016983.jpg,143
00016984.jpg,143
00016985.jpg,143
00016986.jpg,143
00016987.jpg,143
00016988.jpg,143
00016989.jpg,143
00016990.jpg,143
00016991.jpg,143
00016992.jpg,143
00016993.jpg,144
00016994.jpg,144
00016995.jpg,144
00016996.jpg,144
00016997.jpg,144
00016998.jpg,144
00016999.jpg,144
00017000.jpg,144
00017001.jpg,144
00017002.jpg,144
00017003.jpg,144
00017004.jpg,144
00017005.jpg,144
00017006.jpg,144
00017007.jpg,144
00017008.jpg,144
00017009.jpg,144
00017010.jpg,144
00017011.jpg,144
00017012.jpg,144
00017013.jpg,144
00017014.jpg,144
00017015.jpg,144
00017016.jpg,144
00017017.jpg,144
00017018.jpg,144
00017019.jpg,144
00017020.jpg,144
00017021.jpg,144
00017022.jpg,144
00017023.jpg,144
00017024.jpg,144
00017025.jpg,144
00017026.jpg,144
00017027.jpg,144
00017028.jpg,144
00017029.jpg,144
00017030.jpg,144
00017031.jpg,144
00017032.jpg,144
00017033.jpg,144
00017034.jpg,144
00017035.jpg,144
00017036.jpg,144
00017037.jpg,144
00017038.jpg,144
00017039.jpg,144
00017040.jpg,144
00017041.jpg,144
00017042.jpg,144
00017043.jpg,144
00017044.jpg,144
00017045.jpg,144
00017046.jpg,144
00017047.jpg,144
00017048.jpg,144
00017049.jpg,144
00017050.jpg,144
00017051.jpg,144
00017052.jpg,144
00017053.jpg,144
00017054.jpg,144
00017055.jpg,144
00017056.jpg,144
00017057.jpg,144
00017058.jpg,144
00017059.jpg,144
00017060.jpg,144
00017061.jpg,144
00017062.jpg,144
00017063.jpg,144
00017064.jpg,144
00017065.jpg,144
00017066.jpg,144
00017067.jpg,144
00017068.jpg,144
00017069.jpg,144
00017070.jpg,144
00017071.jpg,144
00017072.jpg,144
00017073.jpg,144
00017074.jpg,144
00017075.jpg,144
00017076.jpg,144
00017077.jpg,144
00017078.jpg,144
00017079.jpg,144
00017080.jpg,144
00017081.jpg,144
00017082.jpg,144
00017083.jpg,144
00017084.jpg,144
00017085.jpg,144
00017086.jpg,144
00017087.jpg,144
00017088.jpg,144
00017089.jpg,144
00017090.jpg,144
00017091.jpg,144
00017092.jpg,144
00017093.jpg,144
00017094.jpg,144
00017095.jpg,144
00017096.jpg,144
00017097.jpg,144
00017098.jpg,144
00017099.jpg,144
00017100.jpg,144
00017101.jpg,144
00017102.jpg,144
00017103.jpg,144
00017104.jpg,144
00017105.jpg,144
00017106.jpg,144
00017107.jpg,144
00017108.jpg,144
00017109.jpg,144
00017110.jpg,144
00017111.jpg,145
00017112.jpg,145
00017113.jpg,145
00017114.jpg,145
00017115.jpg,145
00017116.jpg,145
00017117.jpg,145
00017118.jpg,145
00017119.jpg,145
00017120.jpg,145
00017121.jpg,145
00017122.jpg,145
00017123.jpg,145
00017124.jpg,145
00017125.jpg,145
00017126.jpg,145
00017127.jpg,145
00017128.jpg,145
00017129.jpg,145
00017130.jpg,145
00017131.jpg,145
00017132.jpg,145
00017133.jpg,145
00017134.jpg,145
00017135.jpg,145
00017136.jpg,145
00017137.jpg,145
00017138.jpg,145
00017139.jpg,145
00017140.jpg,145
00017141.jpg,145
00017142.jpg,145
00017143.jpg,145
00017144.jpg,145
00017145.jpg,145
00017146.jpg,145
00017147.jpg,145
00017148.jpg,145
00017149.jpg,145
00017150.jpg,145
00017151.jpg,145
00017152.jpg,145
00017153.jpg,145
00017154.jpg,145
00017155.jpg,145
00017156.jpg,145
00017157.jpg,145
00017158.jpg,145
00017159.jpg,145
00017160.jpg,145
00017161.jpg,145
00017162.jpg,145
00017163.jpg,145
00017164.jpg,145
00017165.jpg,145
00017166.jpg,145
00017167.jpg,145
00017168.jpg,145
00017169.jpg,145
00017170.jpg,145
00017171.jpg,145
00017172.jpg,145
00017173.jpg,145
00017174.jpg,145
00017175.jpg,145
00017176.jpg,145
00017177.jpg,145
00017178.jpg,145
00017179.jpg,145
00017180.jpg,145
00017181.jpg,145
00017182.jpg,145
00017183.jpg,145
00017184.jpg,145
00017185.jpg,145
00017186.jpg,145
00017187.jpg,145
00017188.jpg,145
00017189.jpg,145
00017190.jpg,145
00017191.jpg,145
00017192.jpg,145
00017193.jpg,145
00017194.jpg,145
00017195.jpg,145
00017196.jpg,145
00017197.jpg,145
00017198.jpg,145
00017199.jpg,145
00017200.jpg,145
00017201.jpg,145
00017202.jpg,145
00017203.jpg,145
00017204.jpg,145
00017205.jpg,145
00017206.jpg,145
00017207.jpg,145
00017208.jpg,145
00017209.jpg,145
00017210.jpg,145
00017211.jpg,145
00017212.jpg,145
00017213.jpg,145
00017214.jpg,145
00017215.jpg,145
00017216.jpg,145
00017217.jpg,145
00017218.jpg,145
00017219.jpg,145
00017220.jpg,145
00017221.jpg,145
00017222.jpg,145
00017223.jpg,145
00017224.jpg,145
00017225.jpg,145
00017226.jpg,145
00017227.jpg,145
00017228.jpg,145
00017229.jpg,146
00017230.jpg,146
00017231.jpg,146
00017232.jpg,146
00017233.jpg,146
00017234.jpg,146
00017235.jpg,146
00017236.jpg,146
00017237.jpg,146
00017238.jpg,146
00017239.jpg,146
00017240.jpg,146
00017241.jpg,146
00017242.jpg,146
00017243.jpg,146
00017244.jpg,146
00017245.jpg,146
00017246.jpg,146
00017247.jpg,146
00017248.jpg,146
00017249.jpg,146
00017250.jpg,146
00017251.jpg,146
00017252.jpg,146
00017253.jpg,146
00017254.jpg,146
00017255.jpg,146
00017256.jpg,146
00017257.jpg,146
00017258.jpg,146
00017259.jpg,146
00017260.jpg,146
00017261.jpg,146
00017262.jpg,146
00017263.jpg,146
00017264.jpg,146
00017265.jpg,146
00017266.jpg,146
00017267.jpg,146
00017268.jpg,146
00017269.jpg,146
00017270.jpg,146
00017271.jpg,146
00017272.jpg,146
00017273.jpg,146
00017274.jpg,146
00017275.jpg,146
00017276.jpg,146
00017277.jpg,146
00017278.jpg,146
00017279.jpg,146
00017280.jpg,146
00017281.jpg,146
00017282.jpg,146
00017283.jpg,146
00017284.jpg,146
00017285.jpg,146
00017286.jpg,146
00017287.jpg,146
00017288.jpg,146
00017289.jpg,146
00017290.jpg,146
00017291.jpg,146
00017292.jpg,146
00017293.jpg,146
00017294.jpg,146
00017295.jpg,146
00017296.jpg,146
00017297.jpg,146
00017298.jpg,146
00017299.jpg,146
00017300.jpg,146
00017301.jpg,146
00017302.jpg,146
00017303.jpg,146
00017304.jpg,146
00017305.jpg,146
00017306.jpg,146
00017307.jpg,146
00017308.jpg,146
00017309.jpg,146
00017310.jpg,146
00017311.jpg,146
00017312.jpg,146
00017313.jpg,146
00017314.jpg,146
00017315.jpg,146
00017316.jpg,146
00017317.jpg,146
00017318.jpg,146
00017319.jpg,146
00017320.jpg,146
00017321.jpg,146
00017322.jpg,146
00017323.jpg,146
00017324.jpg,146
00017325.jpg,146
00017326.jpg,146
00017327.jpg,146
00017328.jpg,146
00017329.jpg,146
00017330.jpg,146
00017331.jpg,146
00017332.jpg,146
00017333.jpg,146
00017334.jpg,146
00017335.jpg,146
00017336.jpg,146
00017337.jpg,146
00017338.jpg,146
00017339.jpg,146
00017340.jpg,146
00017341.jpg,146
00017342.jpg,146
00017343.jpg,146
00017344.jpg,146
00017345.jpg,146
00017346.jpg,146
00017347.jpg,147
00017348.jpg,147
00017349.jpg,147
00017350.jpg,147
00017351.jpg,147
00017352.jpg,147
00017353.jpg,147
00017354.jpg,147
00017355.jpg,147
00017356.jpg,147
00017357.jpg,147
00017358.jpg,147
00017359.jpg,147
00017360.jpg,147
00017361.jpg,147
00017362.jpg,147
00017363.jpg,147
00017364.jpg,147
00017365.jpg,147
00017366.jpg,147
00017367.jpg,147
00017368.jpg,147
00017369.jpg,147
00017370.jpg,147
00017371.jpg,147
00017372.jpg,147
00017373.jpg,147
00017374.jpg,147
00017375.jpg,147
00017376.jpg,147
00017377.jpg,147
00017378.jpg,147
00017379.jpg,147
00017380.jpg,147
00017381.jpg,147
00017382.jpg,147
00017383.jpg,147
00017384.jpg,147
00017385.jpg,147
00017386.jpg,147
00017387.jpg,147
00017388.jpg,147
00017389.jpg,147
00017390.jpg,147
00017391.jpg,147
00017392.jpg,147
00017393.jpg,147
00017394.jpg,147
00017395.jpg,147
00017396.jpg,147
00017397.jpg,147
00017398.jpg,147
00017399.jpg,147
00017400.jpg,147
00017401.jpg,147
00017402.jpg,147
00017403.jpg,147
00017404.jpg,147
00017405.jpg,147
00017406.jpg,147
00017407.jpg,147
00017408.jpg,147
00017409.jpg,147
00017410.jpg,147
00017411.jpg,147
00017412.jpg,147
00017413.jpg,147
00017414.jpg,147
00017415.jpg,147
00017416.jpg,147
00017417.jpg,147
00017418.jpg,147
00017419.jpg,147
00017420.jpg,147
00017421.jpg,147
00017422.jpg,147
00017423.jpg,147
00017424.jpg,147
00017425.jpg,147
00017426.jpg,147
00017427.jpg,147
00017428.jpg,147
00017429.jpg,147
00017430.jpg,147
00017431.jpg,147
00017432.jpg,147
00017433.jpg,147
00017434.jpg,147
00017435.jpg,147
00017436.jpg,147
00017437.jpg,147
00017438.jpg,147
00017439.jpg,147
00017440.jpg,147
00017441.jpg,147
00017442.jpg,147
00017443.jpg,147
00017444.jpg,147
00017445.jpg,147
00017446.jpg,147
00017447.jpg,147
00017448.jpg,147
00017449.jpg,147
00017450.jpg,147
00017451.jpg,147
00017452.jpg,147
00017453.jpg,147
00017454.jpg,147
00017455.jpg,147
00017456.jpg,147
00017457.jpg,147
00017458.jpg,147
00017459.jpg,147
00017460.jpg,147
00017461.jpg,147
00017462.jpg,147
00017463.jpg,147
00017464.jpg,147
00017465.jpg,148
00017466.jpg,148
00017467.jpg,148
00017468.jpg,148
00017469.jpg,148
00017470.jpg,148
00017471.jpg,148
00017472.jpg,148
00017473.jpg,148
00017474.jpg,148
00017475.jpg,148
00017476.jpg,148
00017477.jpg,148
00017478.jpg,148
00017479.jpg,148
00017480.jpg,148
00017481.jpg,148
00017482.jpg,148
00017483.jpg,148
00017484.jpg,148
00017485.jpg,148
00017486.jpg,148
00017487.jpg,148
00017488.jpg,148
00017489.jpg,148
00017490.jpg,148
00017491.jpg,148
00017492.jpg,148
00017493.jpg,148
00017494.jpg,148
00017495.jpg,148
00017496.jpg,148
00017497.jpg,148
00017498.jpg,148
00017499.jpg,148
00017500.jpg,148
00017501.jpg,148
00017502.jpg,148
00017503.jpg,148
00017504.jpg,148
00017505.jpg,148
00017506.jpg,148
00017507.jpg,148
00017508.jpg,148
00017509.jpg,148
00017510.jpg,148
00017511.jpg,148
00017512.jpg,148
00017513.jpg,148
00017514.jpg,148
00017515.jpg,148
00017516.jpg,148
00017517.jpg,148
00017518.jpg,148
00017519.jpg,148
00017520.jpg,148
00017521.jpg,148
00017522.jpg,148
00017523.jpg,148
00017524.jpg,148
00017525.jpg,148
00017526.jpg,148
00017527.jpg,148
00017528.jpg,148
00017529.jpg,148
00017530.jpg,148
00017531.jpg,148
00017532.jpg,148
00017533.jpg,148
00017534.jpg,148
00017535.jpg,148
00017536.jpg,148
00017537.jpg,148
00017538.jpg,148
00017539.jpg,148
00017540.jpg,148
00017541.jpg,148
00017542.jpg,148
00017543.jpg,148
00017544.jpg,148
00017545.jpg,148
00017546.jpg,148
00017547.jpg,148
00017548.jpg,148
00017549.jpg,148
00017550.jpg,148
00017551.jpg,148
00017552.jpg,148
00017553.jpg,148
00017554.jpg,148
00017555.jpg,148
00017556.jpg,148
00017557.jpg,148
00017558.jpg,148
00017559.jpg,148
00017560.jpg,148
00017561.jpg,148
00017562.jpg,148
00017563.jpg,148
00017564.jpg,148
00017565.jpg,148
00017566.jpg,148
00017567.jpg,148
00017568.jpg,148
00017569.jpg,148
00017570.jpg,148
00017571.jpg,148
00017572.jpg,148
00017573.jpg,148
00017574.jpg,148
00017575.jpg,148
00017576.jpg,148
00017577.jpg,148
00017578.jpg,148
00017579.jpg,148
00017580.jpg,148
00017581.jpg,148
00017582.jpg,148
00017583.jpg,149
00017584.jpg,149
00017585.jpg,149
00017586.jpg,149
00017587.jpg,149
00017588.jpg,149
00017589.jpg,149
00017590.jpg,149
00017591.jpg,149
00017592.jpg,149
00017593.jpg,149
00017594.jpg,149
00017595.jpg,149
00017596.jpg,149
00017597.jpg,149
00017598.jpg,149
00017599.jpg,149
00017600.jpg,149
00017601.jpg,149
00017602.jpg,149
00017603.jpg,149
00017604.jpg,149
00017605.jpg,149
00017606.jpg,149
00017607.jpg,149
00017608.jpg,149
00017609.jpg,149
00017610.jpg,149
00017611.jpg,149
00017612.jpg,149
00017613.jpg,149
00017614.jpg,149
00017615.jpg,149
00017616.jpg,149
00017617.jpg,149
00017618.jpg,149
00017619.jpg,149
00017620.jpg,149
00017621.jpg,149
00017622.jpg,149
00017623.jpg,149
00017624.jpg,149
00017625.jpg,149
00017626.jpg,149
00017627.jpg,149
00017628.jpg,149
00017629.jpg,149
00017630.jpg,149
00017631.jpg,149
00017632.jpg,149
00017633.jpg,149
00017634.jpg,149
00017635.jpg,149
00017636.jpg,149
00017637.jpg,149
00017638.jpg,149
00017639.jpg,149
00017640.jpg,149
00017641.jpg,149
00017642.jpg,149
00017643.jpg,149
00017644.jpg,149
00017645.jpg,149
00017646.jpg,149
00017647.jpg,149
00017648.jpg,149
00017649.jpg,149
00017650.jpg,149
00017651.jpg,149
00017652.jpg,149
00017653.jpg,149
00017654.jpg,149
00017655.jpg,149
00017656.jpg,149
00017657.jpg,149
00017658.jpg,149
00017659.jpg,149
00017660.jpg,149
00017661.jpg,149
00017662.jpg,149
00017663.jpg,149
00017664.jpg,149
00017665.jpg,149
00017666.jpg,149
00017667.jpg,149
00017668.jpg,149
00017669.jpg,149
00017670.jpg,149
00017671.jpg,149
00017672.jpg,149
00017673.jpg,149
00017674.jpg,149
00017675.jpg,149
00017676.jpg,149
00017677.jpg,149
00017678.jpg,149
00017679.jpg,149
00017680.jpg,149
00017681.jpg,149
00017682.jpg,149
00017683.jpg,149
00017684.jpg,149
00017685.jpg,149
00017686.jpg,149
00017687.jpg,149
00017688.jpg,149
00017689.jpg,149
00017690.jpg,149
00017691.jpg,149
00017692.jpg,149
00017693.jpg,149
00017694.jpg,149
00017695.jpg,149
00017696.jpg,149
00017697.jpg,149
00017698.jpg,149
00017699.jpg,149
00017700.jpg,149
00017701.jpg,150
00017702.jpg,150
00017703.jpg,150
00017704.jpg,150
00017705.jpg,150
00017706.jpg,150
00017707.jpg,150
00017708.jpg,150
00017709.jpg,150
00017710.jpg,150
00017711.jpg,150
00017712.jpg,150
00017713.jpg,150
00017714.jpg,150
00017715.jpg,150
00017716.jpg,150
00017717.jpg,150
00017718.jpg,150
00017719.jpg,150
00017720.jpg,150
00017721.jpg,150
00017722.jpg,150
00017723.jpg,150
00017724.jpg,150
00017725.jpg,150
00017726.jpg,150
00017727.jpg,150
00017728.jpg,150
00017729.jpg,150
00017730.jpg,150
00017731.jpg,150
00017732.jpg,150
00017733.jpg,150
00017734.jpg,150
00017735.jpg,150
00017736.jpg,150
00017737.jpg,150
00017738.jpg,150
00017739.jpg,150
00017740.jpg,150
00017741.jpg,150
00017742.jpg,150
00017743.jpg,150
00017744.jpg,150
00017745.jpg,150
00017746.jpg,150
00017747.jpg,150
00017748.jpg,150
00017749.jpg,150
00017750.jpg,150
00017751.jpg,150
00017752.jpg,150
00017753.jpg,150
00017754.jpg,150
00017755.jpg,150
00017756.jpg,150
00017757.jpg,150
00017758.jpg,150
00017759.jpg,150
00017760.jpg,150
00017761.jpg,150
00017762.jpg,150
00017763.jpg,150
00017764.jpg,150
00017765.jpg,150
00017766.jpg,150
00017767.jpg,150
00017768.jpg,150
00017769.jpg,150
00017770.jpg,150
00017771.jpg,150
00017772.jpg,150
00017773.jpg,150
00017774.jpg,150
00017775.jpg,150
00017776.jpg,150
00017777.jpg,150
00017778.jpg,150
00017779.jpg,150
00017780.jpg,150
00017781.jpg,150
00017782.jpg,150
00017783.jpg,150
00017784.jpg,150
00017785.jpg,150
00017786.jpg,150
00017787.jpg,150
00017788.jpg,150
00017789.jpg,150
00017790.jpg,150
00017791.jpg,150
00017792.jpg,150
00017793.jpg,150
00017794.jpg,150
00017795.jpg,150
00017796.jpg,150
00017797.jpg,150
00017798.jpg,150
00017799.jpg,150
00017800.jpg,150
00017801.jpg,150
00017802.jpg,150
00017803.jpg,150
00017804.jpg,150
00017805.jpg,150
00017806.jpg,150
00017807.jpg,150
00017808.jpg,150
00017809.jpg,150
00017810.jpg,150
00017811.jpg,150
00017812.jpg,150
00017813.jpg,150
00017814.jpg,150
00017815.jpg,150
00017816.jpg,150
00017817.jpg,150
00017818.jpg,150
00017819.jpg,151
00017820.jpg,151
00017821.jpg,151
00017822.jpg,151
00017823.jpg,151
00017824.jpg,151
00017825.jpg,151
00017826.jpg,151
00017827.jpg,151
00017828.jpg,151
00017829.jpg,151
00017830.jpg,151
00017831.jpg,151
00017832.jpg,151
00017833.jpg,151
00017834.jpg,151
00017835.jpg,151
00017836.jpg,151
00017837.jpg,151
00017838.jpg,151
00017839.jpg,151
00017840.jpg,151
00017841.jpg,151
00017842.jpg,151
00017843.jpg,151
00017844.jpg,151
00017845.jpg,151
00017846.jpg,151
00017847.jpg,151
00017848.jpg,151
00017849.jpg,151
00017850.jpg,151
00017851.jpg,151
00017852.jpg,151
00017853.jpg,151
00017854.jpg,151
00017855.jpg,151
00017856.jpg,151
00017857.jpg,151
00017858.jpg,151
00017859.jpg,151
00017860.jpg,151
00017861.jpg,151
00017862.jpg,151
00017863.jpg,151
00017864.jpg,151
00017865.jpg,151
00017866.jpg,151
00017867.jpg,151
00017868.jpg,151
00017869.jpg,151
00017870.jpg,151
00017871.jpg,151
00017872.jpg,151
00017873.jpg,151
00017874.jpg,151
00017875.jpg,151
00017876.jpg,151
00017877.jpg,151
00017878.jpg,151
00017879.jpg,151
00017880.jpg,151
00017881.jpg,151
00017882.jpg,151
00017883.jpg,151
00017884.jpg,151
00017885.jpg,151
00017886.jpg,151
00017887.jpg,151
00017888.jpg,151
00017889.jpg,151
00017890.jpg,151
00017891.jpg,151
00017892.jpg,151
00017893.jpg,151
00017894.jpg,151
00017895.jpg,151
00017896.jpg,151
00017897.jpg,151
00017898.jpg,151
00017899.jpg,151
00017900.jpg,151
00017901.jpg,151
00017902.jpg,151
00017903.jpg,151
00017904.jpg,151
00017905.jpg,151
00017906.jpg,151
00017907.jpg,151
00017908.jpg,151
00017909.jpg,151
00017910.jpg,151
00017911.jpg,151
00017912.jpg,151
00017913.jpg,151
00017914.jpg,151
00017915.jpg,151
00017916.jpg,151
00017917.jpg,151
00017918.jpg,151
00017919.jpg,151
00017920.jpg,151
00017921.jpg,151
00017922.jpg,151
00017923.jpg,151
00017924.jpg,151
00017925.jpg,151
00017926.jpg,151
00017927.jpg,151
00017928.jpg,151
00017929.jpg,151
00017930.jpg,151
00017931.jpg,151
00017932.jpg,151
00017933.jpg,151
00017934.jpg,151
00017935.jpg,151
00017936.jpg,151
00017937.jpg,152
00017938.jpg,152
00017939.jpg,152
00017940.jpg,152
00017941.jpg,152
00017942.jpg,152
00017943.jpg,152
00017944.jpg,152
00017945.jpg,152
00017946.jpg,152
00017947.jpg,152
00017948.jpg,152
00017949.jpg,152
00017950.jpg,152
00017951.jpg,152
00017952.jpg,152
00017953.jpg,152
00017954.jpg,152
00017955.jpg,152
00017956.jpg,152
00017957.jpg,152
00017958.jpg,152
00017959.jpg,152
00017960.jpg,152
00017961.jpg,152
00017962.jpg,152
00017963.jpg,152
00017964.jpg,152
00017965.jpg,152
00017966.jpg,152
00017967.jpg,152
00017968.jpg,152
00017969.jpg,152
00017970.jpg,152
00017971.jpg,152
00017972.jpg,152
00017973.jpg,152
00017974.jpg,152
00017975.jpg,152
00017976.jpg,152
00017977.jpg,152
00017978.jpg,152
00017979.jpg,152
00017980.jpg,152
00017981.jpg,152
00017982.jpg,152
00017983.jpg,152
00017984.jpg,152
00017985.jpg,152
00017986.jpg,152
00017987.jpg,152
00017988.jpg,152
00017989.jpg,152
00017990.jpg,152
00017991.jpg,152
00017992.jpg,152
00017993.jpg,152
00017994.jpg,152
00017995.jpg,152
00017996.jpg,152
00017997.jpg,152
00017998.jpg,152
00017999.jpg,152
00018000.jpg,152
00018001.jpg,152
00018002.jpg,152
00018003.jpg,152
00018004.jpg,152
00018005.jpg,152
00018006.jpg,152
00018007.jpg,152
00018008.jpg,152
00018009.jpg,152
00018010.jpg,152
00018011.jpg,152
00018012.jpg,152
00018013.jpg,152
00018014.jpg,152
00018015.jpg,152
00018016.jpg,152
00018017.jpg,152
00018018.jpg,152
00018019.jpg,152
00018020.jpg,152
00018021.jpg,152
00018022.jpg,152
00018023.jpg,152
00018024.jpg,152
00018025.jpg,152
00018026.jpg,152
00018027.jpg,152
00018028.jpg,152
00018029.jpg,152
00018030.jpg,152
00018031.jpg,152
00018032.jpg,152
00018033.jpg,152
00018034.jpg,152
00018035.jpg,152
00018036.jpg,152
00018037.jpg,152
00018038.jpg,152
00018039.jpg,152
00018040.jpg,152
00018041.jpg,152
00018042.jpg,152
00018043.jpg,152
00018044.jpg,152
00018045.jpg,152
00018046.jpg,152
00018047.jpg,152
00018048.jpg,152
00018049.jpg,152
00018050.jpg,152
00018051.jpg,152
00018052.jpg,152
00018053.jpg,152
00018054.jpg,152
00018055.jpg,153
00018056.jpg,153
00018057.jpg,153
00018058.jpg,153
00018059.jpg,153
00018060.jpg,153
00018061.jpg,153
00018062.jpg,153
00018063.jpg,153
00018064.jpg,153
00018065.jpg,153
00018066.jpg,153
00018067.jpg,153
00018068.jpg,153
00018069.jpg,153
00018070.jpg,153
00018071.jpg,153
00018072.jpg,153
00018073.jpg,153
00018074.jpg,153
00018075.jpg,153
00018076.jpg,153
00018077.jpg,153
00018078.jpg,153
00018079.jpg,153
00018080.jpg,153
00018081.jpg,153
00018082.jpg,153
00018083.jpg,153
00018084.jpg,153
00018085.jpg,153
00018086.jpg,153
00018087.jpg,153
00018088.jpg,153
00018089.jpg,153
00018090.jpg,153
00018091.jpg,153
00018092.jpg,153
00018093.jpg,153
00018094.jpg,153
00018095.jpg,153
00018096.jpg,153
00018097.jpg,153
00018098.jpg,153
00018099.jpg,153
00018100.jpg,153
00018101.jpg,153
00018102.jpg,153
00018103.jpg,153
00018104.jpg,153
00018105.jpg,153
00018106.jpg,153
00018107.jpg,153
00018108.jpg,153
00018109.jpg,153
00018110.jpg,153
00018111.jpg,153
00018112.jpg,153
00018113.jpg,153
00018114.jpg,153
00018115.jpg,153
00018116.jpg,153
00018117.jpg,153
00018118.jpg,153
00018119.jpg,153
00018120.jpg,153
00018121.jpg,153
00018122.jpg,153
00018123.jpg,153
00018124.jpg,153
00018125.jpg,153
00018126.jpg,153
00018127.jpg,153
00018128.jpg,153
00018129.jpg,153
00018130.jpg,153
00018131.jpg,153
00018132.jpg,153
00018133.jpg,153
00018134.jpg,153
00018135.jpg,153
00018136.jpg,153
00018137.jpg,153
00018138.jpg,153
00018139.jpg,153
00018140.jpg,153
00018141.jpg,153
00018142.jpg,153
00018143.jpg,153
00018144.jpg,153
00018145.jpg,153
00018146.jpg,153
00018147.jpg,153
00018148.jpg,153
00018149.jpg,153
00018150.jpg,153
00018151.jpg,153
00018152.jpg,153
00018153.jpg,153
00018154.jpg,153
00018155.jpg,153
00018156.jpg,153
00018157.jpg,153
00018158.jpg,153
00018159.jpg,153
00018160.jpg,153
00018161.jpg,153
00018162.jpg,153
00018163.jpg,153
00018164.jpg,153
00018165.jpg,153
00018166.jpg,153
00018167.jpg,153
00018168.jpg,153
00018169.jpg,153
00018170.jpg,153
00018171.jpg,153
00018172.jpg,153
00018173.jpg,154
00018174.jpg,154
00018175.jpg,154
00018176.jpg,154
00018177.jpg,154
00018178.jpg,154
00018179.jpg,154
00018180.jpg,154
00018181.jpg,154
00018182.jpg,154
00018183.jpg,154
00018184.jpg,154
00018185.jpg,154
00018186.jpg,154
00018187.jpg,154
00018188.jpg,154
00018189.jpg,154
00018190.jpg,154
00018191.jpg,154
00018192.jpg,154
00018193.jpg,154
00018194.jpg,154
00018195.jpg,154
00018196.jpg,154
00018197.jpg,154
00018198.jpg,154
00018199.jpg,154
00018200.jpg,154
00018201.jpg,154
00018202.jpg,154
00018203.jpg,154
00018204.jpg,154
00018205.jpg,154
00018206.jpg,154
00018207.jpg,154
00018208.jpg,154
00018209.jpg,154
00018210.jpg,154
00018211.jpg,154
00018212.jpg,154
00018213.jpg,154
00018214.jpg,154
00018215.jpg,154
00018216.jpg,154
00018217.jpg,154
00018218.jpg,154
00018219.jpg,154
00018220.jpg,154
00018221.jpg,154
00018222.jpg,154
00018223.jpg,154
00018224.jpg,154
00018225.jpg,154
00018226.jpg,154
00018227.jpg,154
00018228.jpg,154
00018229.jpg,154
00018230.jpg,154
00018231.jpg,154
00018232.jpg,154
00018233.jpg,154
00018234.jpg,154
00018235.jpg,154
00018236.jpg,154
00018237.jpg,154
00018238.jpg,154
00018239.jpg,154
00018240.jpg,154
00018241.jpg,154
00018242.jpg,154
00018243.jpg,154
00018244.jpg,154
00018245.jpg,154
00018246.jpg,154
00018247.jpg,154
00018248.jpg,154
00018249.jpg,154
00018250.jpg,154
00018251.jpg,154
00018252.jpg,154
00018253.jpg,154
00018254.jpg,154
00018255.jpg,154
00018256.jpg,154
00018257.jpg,154
00018258.jpg,154
00018259.jpg,154
00018260.jpg,154
00018261.jpg,154
00018262.jpg,154
00018263.jpg,154
00018264.jpg,154
00018265.jpg,154
00018266.jpg,154
00018267.jpg,154
00018268.jpg,154
00018269.jpg,154
00018270.jpg,154
00018271.jpg,154
00018272.jpg,154
00018273.jpg,154
00018274.jpg,154
00018275.jpg,154
00018276.jpg,154
00018277.jpg,154
00018278.jpg,154
00018279.jpg,154
00018280.jpg,154
00018281.jpg,154
00018282.jpg,154
00018283.jpg,154
00018284.jpg,154
00018285.jpg,154
00018286.jpg,154
00018287.jpg,154
00018288.jpg,154
00018289.jpg,154
00018290.jpg,154
00018291.jpg,155
00018292.jpg,155
00018293.jpg,155
00018294.jpg,155
00018295.jpg,155
00018296.jpg,155
00018297.jpg,155
00018298.jpg,155
00018299.jpg,155
00018300.jpg,155
00018301.jpg,155
00018302.jpg,155
00018303.jpg,155
00018304.jpg,155
00018305.jpg,155
00018306.jpg,155
00018307.jpg,155
00018308.jpg,155
00018309.jpg,155
00018310.jpg,155
00018311.jpg,155
00018312.jpg,155
00018313.jpg,155
00018314.jpg,155
00018315.jpg,155
00018316.jpg,155
00018317.jpg,155
00018318.jpg,155
00018319.jpg,155
00018320.jpg,155
00018321.jpg,155
00018322.jpg,155
00018323.jpg,155
00018324.jpg,155
00018325.jpg,155
00018326.jpg,155
00018327.jpg,155
00018328.jpg,155
00018329.jpg,155
00018330.jpg,155
00018331.jpg,155
00018332.jpg,155
00018333.jpg,155
00018334.jpg,155
00018335.jpg,155
00018336.jpg,155
00018337.jpg,155
00018338.jpg,155
00018339.jpg,155
00018340.jpg,155
00018341.jpg,155
00018342.jpg,155
00018343.jpg,155
00018344.jpg,155
00018345.jpg,155
00018346.jpg,155
00018347.jpg,155
00018348.jpg,155
00018349.jpg,155
00018350.jpg,155
00018351.jpg,155
00018352.jpg,155
00018353.jpg,155
00018354.jpg,155
00018355.jpg,155
00018356.jpg,155
00018357.jpg,155
00018358.jpg,155
00018359.jpg,155
00018360.jpg,155
00018361.jpg,155
00018362.jpg,155
00018363.jpg,155
00018364.jpg,155
00018365.jpg,155
00018366.jpg,155
00018367.jpg,155
00018368.jpg,155
00018369.jpg,155
00018370.jpg,155
00018371.jpg,155
00018372.jpg,155
00018373.jpg,155
00018374.jpg,155
00018375.jpg,155
00018376.jpg,155
00018377.jpg,155
00018378.jpg,155
00018379.jpg,155
00018380.jpg,155
00018381.jpg,155
00018382.jpg,155
00018383.jpg,155
00018384.jpg,155
00018385.jpg,155
00018386.jpg,155
00018387.jpg,155
00018388.jpg,155
00018389.jpg,155
00018390.jpg,155
00018391.jpg,155
00018392.jpg,155
00018393.jpg,155
00018394.jpg,155
00018395.jpg,155
00018396.jpg,155
00018397.jpg,155
00018398.jpg,155
00018399.jpg,155
00018400.jpg,155
00018401.jpg,155
00018402.jpg,155
00018403.jpg,155
00018404.jpg,155
00018405.jpg,155
00018406.jpg,155
00018407.jpg,155
00018408.jpg,155
00018409.jpg,156
00018410.jpg,156
00018411.jpg,156
00018412.jpg,156
00018413.jpg,156
00018414.jpg,156
00018415.jpg,156
00018416.jpg,156
00018417.jpg,156
00018418.jpg,156
00018419.jpg,156
00018420.jpg,156
00018421.jpg,156
00018422.jpg,156
00018423.jpg,156
00018424.jpg,156
00018425.jpg,156
00018426.jpg,156
00018427.jpg,156
00018428.jpg,156
00018429.jpg,156
00018430.jpg,156
00018431.jpg,156
00018432.jpg,156
00018433.jpg,156
00018434.jpg,156
00018435.jpg,156
00018436.jpg,156
00018437.jpg,156
00018438.jpg,156
00018439.jpg,156
00018440.jpg,156
00018441.jpg,156
00018442.jpg,156
00018443.jpg,156
00018444.jpg,156
00018445.jpg,156
00018446.jpg,156
00018447.jpg,156
00018448.jpg,156
00018449.jpg,156
00018450.jpg,156
00018451.jpg,156
00018452.jpg,156
00018453.jpg,156
00018454.jpg,156
00018455.jpg,156
00018456.jpg,156
00018457.jpg,156
00018458.jpg,156
00018459.jpg,156
00018460.jpg,156
00018461.jpg,156
00018462.jpg,156
00018463.jpg,156
00018464.jpg,156
00018465.jpg,156
00018466.jpg,156
00018467.jpg,156
00018468.jpg,156
00018469.jpg,156
00018470.jpg,156
00018471.jpg,156
00018472.jpg,156
00018473.jpg,156
00018474.jpg,156
00018475.jpg,156
00018476.jpg,156
00018477.jpg,156
00018478.jpg,156
00018479.jpg,156
00018480.jpg,156
00018481.jpg,156
00018482.jpg,156
00018483.jpg,156
00018484.jpg,156
00018485.jpg,156
00018486.jpg,156
00018487.jpg,156
00018488.jpg,156
00018489.jpg,156
00018490.jpg,156
00018491.jpg,156
00018492.jpg,156
00018493.jpg,156
00018494.jpg,156
00018495.jpg,156
00018496.jpg,156
00018497.jpg,156
00018498.jpg,156
00018499.jpg,156
00018500.jpg,156
00018501.jpg,156
00018502.jpg,156
00018503.jpg,156
00018504.jpg,156
00018505.jpg,156
00018506.jpg,156
00018507.jpg,156
00018508.jpg,156
00018509.jpg,156
00018510.jpg,156
00018511.jpg,156
00018512.jpg,156
00018513.jpg,156
00018514.jpg,156
00018515.jpg,156
00018516.jpg,156
00018517.jpg,156
00018518.jpg,156
00018519.jpg,156
00018520.jpg,156
00018521.jpg,156
00018522.jpg,156
00018523.jpg,156
00018524.jpg,156
00018525.jpg,156
00018526.jpg,156
00018527.jpg,157
00018528.jpg,157
00018529.jpg,157
00018530.jpg,157
00018531.jpg,157
00018532.jpg,157
00018533.jpg,157
00018534.jpg,157
00018535.jpg,157
00018536.jpg,157
00018537.jpg,157
00018538.jpg,157
00018539.jpg,157
00018540.jpg,157
00018541.jpg,157
00018542.jpg,157
00018543.jpg,157
00018544.jpg,157
00018545.jpg,157
00018546.jpg,157
00018547.jpg,157
00018548.jpg,157
00018549.jpg,157
00018550.jpg,157
00018551.jpg,157
00018552.jpg,157
00018553.jpg,157
00018554.jpg,157
00018555.jpg,157
00018556.jpg,157
00018557.jpg,157
00018558.jpg,157
00018559.jpg,157
00018560.jpg,157
00018561.jpg,157
00018562.jpg,157
00018563.jpg,157
00018564.jpg,157
00018565.jpg,157
00018566.jpg,157
00018567.jpg,157
00018568.jpg,157
00018569.jpg,157
00018570.jpg,157
00018571.jpg,157
00018572.jpg,157
00018573.jpg,157
00018574.jpg,157
00018575.jpg,157
00018576.jpg,157
00018577.jpg,157
00018578.jpg,157
00018579.jpg,157
00018580.jpg,157
00018581.jpg,157
00018582.jpg,157
00018583.jpg,157
00018584.jpg,157
00018585.jpg,157
00018586.jpg,157
00018587.jpg,157
00018588.jpg,157
00018589.jpg,157
00018590.jpg,157
00018591.jpg,157
00018592.jpg,157
00018593.jpg,157
00018594.jpg,157
00018595.jpg,157
00018596.jpg,157
00018597.jpg,157
00018598.jpg,157
00018599.jpg,157
00018600.jpg,157
00018601.jpg,157
00018602.jpg,157
00018603.jpg,157
00018604.jpg,157
00018605.jpg,157
00018606.jpg,157
00018607.jpg,157
00018608.jpg,157
00018609.jpg,157
00018610.jpg,157
00018611.jpg,157
00018612.jpg,157
00018613.jpg,157
00018614.jpg,157
00018615.jpg,157
00018616.jpg,157
00018617.jpg,157
00018618.jpg,157
00018619.jpg,157
00018620.jpg,157
00018621.jpg,157
00018622.jpg,157
00018623.jpg,157
00018624.jpg,157
00018625.jpg,157
00018626.jpg,157
00018627.jpg,157
00018628.jpg,157
00018629.jpg,157
00018630.jpg,157
00018631.jpg,157
00018632.jpg,157
00018633.jpg,157
00018634.jpg,157
00018635.jpg,157
00018636.jpg,157
00018637.jpg,157
00018638.jpg,157
00018639.jpg,157
00018640.jpg,157
00018641.jpg,157
00018642.jpg,157
00018643.jpg,157
00018644.jpg,157
00018645.jpg,158
00018646.jpg,158
00018647.jpg,158
00018648.jpg,158
00018649.jpg,158
00018650.jpg,158
00018651.jpg,158
00018652.jpg,158
00018653.jpg,158
00018654.jpg,158
00018655.jpg,158
00018656.jpg,158
00018657.jpg,158
00018658.jpg,158
00018659.jpg,158
00018660.jpg,158
00018661.jpg,158
00018662.jpg,158
00018663.jpg,158
00018664.jpg,158
00018665.jpg,158
00018666.jpg,158
00018667.jpg,158
00018668.jpg,158
00018669.jpg,158
00018670.jpg,158
00018671.jpg,158
00018672.jpg,158
00018673.jpg,158
00018674.jpg,158
00018675.jpg,158
00018676.jpg,158
00018677.jpg,158
00018678.jpg,158
00018679.jpg,158
00018680.jpg,158
00018681.jpg,158
00018682.jpg,158
00018683.jpg,158
00018684.jpg,158
00018685.jpg,158
00018686.jpg,158
00018687.jpg,158
00018688.jpg,158
00018689.jpg,158
00018690.jpg,158
00018691.jpg,158
00018692.jpg,158
00018693.jpg,158
00018694.jpg,158
00018695.jpg,158
00018696.jpg,158
00018697.jpg,158
00018698.jpg,158
00018699.jpg,158
00018700.jpg,158
00018701.jpg,158
00018702.jpg,158
00018703.jpg,158
00018704.jpg,158
00018705.jpg,158
00018706.jpg,158
00018707.jpg,158
00018708.jpg,158
00018709.jpg,158
00018710.jpg,158
00018711.jpg,158
00018712.jpg,158
00018713.jpg,158
00018714.jpg,158
00018715.jpg,158
00018716.jpg,158
00018717.jpg,158
00018718.jpg,158
00018719.jpg,158
00018720.jpg,158
00018721.jpg,158
00018722.jpg,158
00018723.jpg,158
00018724.jpg,158
00018725.jpg,158
00018726.jpg,158
00018727.jpg,158
00018728.jpg,158
00018729.jpg,158
00018730.jpg,158
00018731.jpg,158
00018732.jpg,158
00018733.jpg,158
00018734.jpg,158
00018735.jpg,158
00018736.jpg,158
00018737.jpg,158
00018738.jpg,158
00018739.jpg,158
00018740.jpg,158
00018741.jpg,158
00018742.jpg,158
00018743.jpg,158
00018744.jpg,158
00018745.jpg,158
00018746.jpg,158
00018747.jpg,158
00018748.jpg,158
00018749.jpg,158
00018750.jpg,158
00018751.jpg,158
00018752.jpg,158
00018753.jpg,158
00018754.jpg,158
00018755.jpg,158
00018756.jpg,158
00018757.jpg,158
00018758.jpg,158
00018759.jpg,158
00018760.jpg,158
00018761.jpg,158
00018762.jpg,158
00018763.jpg,159
00018764.jpg,159
00018765.jpg,159
00018766.jpg,159
00018767.jpg,159
00018768.jpg,159
00018769.jpg,159
00018770.jpg,159
00018771.jpg,159
00018772.jpg,159
00018773.jpg,159
00018774.jpg,159
00018775.jpg,159
00018776.jpg,159
00018777.jpg,159
00018778.jpg,159
00018779.jpg,159
00018780.jpg,159
00018781.jpg,159
00018782.jpg,159
00018783.jpg,159
00018784.jpg,159
00018785.jpg,159
00018786.jpg,159
00018787.jpg,159
00018788.jpg,159
00018789.jpg,159
00018790.jpg,159
00018791.jpg,159
00018792.jpg,159
00018793.jpg,159
00018794.jpg,159
00018795.jpg,159
00018796.jpg,159
00018797.jpg,159
00018798.jpg,159
00018799.jpg,159
00018800.jpg,159
00018801.jpg,159
00018802.jpg,159
00018803.jpg,159
00018804.jpg,159
00018805.jpg,159
00018806.jpg,159
00018807.jpg,159
00018808.jpg,159
00018809.jpg,159
00018810.jpg,159
00018811.jpg,159
00018812.jpg,159
00018813.jpg,159
00018814.jpg,159
00018815.jpg,159
00018816.jpg,159
00018817.jpg,159
00018818.jpg,159
00018819.jpg,159
00018820.jpg,159
00018821.jpg,159
00018822.jpg,159
00018823.jpg,159
00018824.jpg,159
00018825.jpg,159
00018826.jpg,159
00018827.jpg,159
00018828.jpg,159
00018829.jpg,159
00018830.jpg,159
00018831.jpg,159
00018832.jpg,159
00018833.jpg,159
00018834.jpg,159
00018835.jpg,159
00018836.jpg,159
00018837.jpg,159
00018838.jpg,159
00018839.jpg,159
00018840.jpg,159
00018841.jpg,159
00018842.jpg,159
00018843.jpg,159
00018844.jpg,159
00018845.jpg,159
00018846.jpg,159
00018847.jpg,159
00018848.jpg,159
00018849.jpg,159
00018850.jpg,159
00018851.jpg,159
00018852.jpg,159
00018853.jpg,159
00018854.jpg,159
00018855.jpg,159
00018856.jpg,159
00018857.jpg,159
00018858.jpg,159
00018859.jpg,159
00018860.jpg,159
00018861.jpg,159
00018862.jpg,159
00018863.jpg,159
00018864.jpg,159
00018865.jpg,159
00018866.jpg,159
00018867.jpg,159
00018868.jpg,159
00018869.jpg,159
00018870.jpg,159
00018871.jpg,159
00018872.jpg,159
00018873.jpg,159
00018874.jpg,159
00018875.jpg,159
00018876.jpg,159
00018877.jpg,159
00018878.jpg,159
00018879.jpg,159
00018880.jpg,159
00018881.jpg,160
00018882.jpg,160
00018883.jpg,160
00018884.jpg,160
00018885.jpg,160
00018886.jpg,160
00018887.jpg,160
00018888.jpg,160
00018889.jpg,160
00018890.jpg,160
00018891.jpg,160
00018892.jpg,160
00018893.jpg,160
00018894.jpg,160
00018895.jpg,160
00018896.jpg,160
00018897.jpg,160
00018898.jpg,160
00018899.jpg,160
00018900.jpg,160
00018901.jpg,160
00018902.jpg,160
00018903.jpg,160
00018904.jpg,160
00018905.jpg,160
00018906.jpg,160
00018907.jpg,160
00018908.jpg,160
00018909.jpg,160
00018910.jpg,160
00018911.jpg,160
00018912.jpg,160
00018913.jpg,160
00018914.jpg,160
00018915.jpg,160
00018916.jpg,160
00018917.jpg,160
00018918.jpg,160
00018919.jpg,160
00018920.jpg,160
00018921.jpg,160
00018922.jpg,160
00018923.jpg,160
00018924.jpg,160
00018925.jpg,160
00018926.jpg,160
00018927.jpg,160
00018928.jpg,160
00018929.jpg,160
00018930.jpg,160
00018931.jpg,160
00018932.jpg,160
00018933.jpg,160
00018934.jpg,160
00018935.jpg,160
00018936.jpg,160
00018937.jpg,160
00018938.jpg,160
00018939.jpg,160
00018940.jpg,160
00018941.jpg,160
00018942.jpg,160
00018943.jpg,160
00018944.jpg,160
00018945.jpg,160
00018946.jpg,160
00018947.jpg,160
00018948.jpg,160
00018949.jpg,160
00018950.jpg,160
00018951.jpg,160
00018952.jpg,160
00018953.jpg,160
00018954.jpg,160
00018955.jpg,160
00018956.jpg,160
00018957.jpg,160
00018958.jpg,160
00018959.jpg,160
00018960.jpg,160
00018961.jpg,160
00018962.jpg,160
00018963.jpg,160
00018964.jpg,160
00018965.jpg,160
00018966.jpg,160
00018967.jpg,160
00018968.jpg,160
00018969.jpg,160
00018970.jpg,160
00018971.jpg,160
00018972.jpg,160
00018973.jpg,160
00018974.jpg,160
00018975.jpg,160
00018976.jpg,160
00018977.jpg,160
00018978.jpg,160
00018979.jpg,160
00018980.jpg,160
00018981.jpg,160
00018982.jpg,160
00018983.jpg,160
00018984.jpg,160
00018985.jpg,160
00018986.jpg,160
00018987.jpg,160
00018988.jpg,160
00018989.jpg,160
00018990.jpg,160
00018991.jpg,160
00018992.jpg,160
00018993.jpg,160
00018994.jpg,160
00018995.jpg,160
00018996.jpg,160
00018997.jpg,160
00018998.jpg,160
00018999.jpg,161
00019000.jpg,161
00019001.jpg,161
00019002.jpg,161
00019003.jpg,161
00019004.jpg,161
00019005.jpg,161
00019006.jpg,161
00019007.jpg,161
00019008.jpg,161
00019009.jpg,161
00019010.jpg,161
00019011.jpg,161
00019012.jpg,161
00019013.jpg,161
00019014.jpg,161
00019015.jpg,161
00019016.jpg,161
00019017.jpg,161
00019018.jpg,161
00019019.jpg,161
00019020.jpg,161
00019021.jpg,161
00019022.jpg,161
00019023.jpg,161
00019024.jpg,161
00019025.jpg,161
00019026.jpg,161
00019027.jpg,161
00019028.jpg,161
00019029.jpg,161
00019030.jpg,161
00019031.jpg,161
00019032.jpg,161
00019033.jpg,161
00019034.jpg,161
00019035.jpg,161
00019036.jpg,161
00019037.jpg,161
00019038.jpg,161
00019039.jpg,161
00019040.jpg,161
00019041.jpg,161
00019042.jpg,161
00019043.jpg,161
00019044.jpg,161
00019045.jpg,161
00019046.jpg,161
00019047.jpg,161
00019048.jpg,161
00019049.jpg,161
00019050.jpg,161
00019051.jpg,161
00019052.jpg,161
00019053.jpg,161
00019054.jpg,161
00019055.jpg,161
00019056.jpg,161
00019057.jpg,161
00019058.jpg,161
00019059.jpg,161
00019060.jpg,161
00019061.jpg,161
00019062.jpg,161
00019063.jpg,161
00019064.jpg,161
00019065.jpg,161
00019066.jpg,161
00019067.jpg,161
00019068.jpg,161
00019069.jpg,161
00019070.jpg,161
00019071.jpg,161
00019072.jpg,161
00019073.jpg,161
00019074.jpg,161
00019075.jpg,161
00019076.jpg,161
00019077.jpg,161
00019078.jpg,161
00019079.jpg,161
00019080.jpg,161
00019081.jpg,161
00019082.jpg,161
00019083.jpg,161
00019084.jpg,161
00019085.jpg,161
00019086.jpg,161
00019087.jpg,161
00019088.jpg,161
00019089.jpg,161
00019090.jpg,161
00019091.jpg,161
00019092.jpg,161
00019093.jpg,161
00019094.jpg,161
00019095.jpg,161
00019096.jpg,161
00019097.jpg,161
00019098.jpg,161
00019099.jpg,161
00019100.jpg,161
00019101.jpg,161
00019102.jpg,161
00019103.jpg,161
00019104.jpg,161
00019105.jpg,161
00019106.jpg,161
00019107.jpg,161
00019108.jpg,161
00019109.jpg,161
00019110.jpg,161
00019111.jpg,161
00019112.jpg,161
00019113.jpg,161
00019114.jpg,161
00019115.jpg,161
00019116.jpg,161
00019117.jpg,162
00019118.jpg,162
00019119.jpg,162
00019120.jpg,162
00019121.jpg,162
00019122.jpg,162
00019123.jpg,162
00019124.jpg,162
00019125.jpg,162
00019126.jpg,162
00019127.jpg,162
00019128.jpg,162
00019129.jpg,162
00019130.jpg,162
00019131.jpg,162
00019132.jpg,162
00019133.jpg,162
00019134.jpg,162
00019135.jpg,162
00019136.jpg,162
00019137.jpg,162
00019138.jpg,162
00019139.jpg,162
00019140.jpg,162
00019141.jpg,162
00019142.jpg,162
00019143.jpg,162
00019144.jpg,162
00019145.jpg,162
00019146.jpg,162
00019147.jpg,162
00019148.jpg,162
00019149.jpg,162
00019150.jpg,162
00019151.jpg,162
00019152.jpg,162
00019153.jpg,162
00019154.jpg,162
00019155.jpg,162
00019156.jpg,162
00019157.jpg,162
00019158.jpg,162
00019159.jpg,162
00019160.jpg,162
00019161.jpg,162
00019162.jpg,162
00019163.jpg,162
00019164.jpg,162
00019165.jpg,162
00019166.jpg,162
00019167.jpg,162
00019168.jpg,162
00019169.jpg,162
00019170.jpg,162
00019171.jpg,162
00019172.jpg,162
00019173.jpg,162
00019174.jpg,162
00019175.jpg,162
00019176.jpg,162
00019177.jpg,162
00019178.jpg,162
00019179.jpg,162
00019180.jpg,162
00019181.jpg,162
00019182.jpg,162
00019183.jpg,162
00019184.jpg,162
00019185.jpg,162
00019186.jpg,162
00019187.jpg,162
00019188.jpg,162
00019189.jpg,162
00019190.jpg,162
00019191.jpg,162
00019192.jpg,162
00019193.jpg,162
00019194.jpg,162
00019195.jpg,162
00019196.jpg,162
00019197.jpg,162
00019198.jpg,162
00019199.jpg,162
00019200.jpg,162
00019201.jpg,162
00019202.jpg,162
00019203.jpg,162
00019204.jpg,162
00019205.jpg,162
00019206.jpg,162
00019207.jpg,162
00019208.jpg,162
00019209.jpg,162
00019210.jpg,162
00019211.jpg,162
00019212.jpg,162
00019213.jpg,162
00019214.jpg,162
00019215.jpg,162
00019216.jpg,162
00019217.jpg,162
00019218.jpg,162
00019219.jpg,162
00019220.jpg,162
00019221.jpg,162
00019222.jpg,162
00019223.jpg,162
00019224.jpg,162
00019225.jpg,162
00019226.jpg,162
00019227.jpg,162
00019228.jpg,162
00019229.jpg,162
00019230.jpg,162
00019231.jpg,162
00019232.jpg,162
00019233.jpg,162
00019234.jpg,162
00019235.jpg,163
00019236.jpg,163
00019237.jpg,163
00019238.jpg,163
00019239.jpg,163
00019240.jpg,163
00019241.jpg,163
00019242.jpg,163
00019243.jpg,163
00019244.jpg,163
00019245.jpg,163
00019246.jpg,163
00019247.jpg,163
00019248.jpg,163
00019249.jpg,163
00019250.jpg,163
00019251.jpg,163
00019252.jpg,163
00019253.jpg,163
00019254.jpg,163
00019255.jpg,163
00019256.jpg,163
00019257.jpg,163
00019258.jpg,163
00019259.jpg,163
00019260.jpg,163
00019261.jpg,163
00019262.jpg,163
00019263.jpg,163
00019264.jpg,163
00019265.jpg,163
00019266.jpg,163
00019267.jpg,163
00019268.jpg,163
00019269.jpg,163
00019270.jpg,163
00019271.jpg,163
00019272.jpg,163
00019273.jpg,163
00019274.jpg,163
00019275.jpg,163
00019276.jpg,163
00019277.jpg,163
00019278.jpg,163
00019279.jpg,163
00019280.jpg,163
00019281.jpg,163
00019282.jpg,163
00019283.jpg,163
00019284.jpg,163
00019285.jpg,163
00019286.jpg,163
00019287.jpg,163
00019288.jpg,163
00019289.jpg,163
00019290.jpg,163
00019291.jpg,163
00019292.jpg,163
00019293.jpg,163
00019294.jpg,163
00019295.jpg,163
00019296.jpg,163
00019297.jpg,163
00019298.jpg,163
00019299.jpg,163
00019300.jpg,163
00019301.jpg,163
00019302.jpg,163
00019303.jpg,163
00019304.jpg,163
00019305.jpg,163
00019306.jpg,163
00019307.jpg,163
00019308.jpg,163
00019309.jpg,163
00019310.jpg,163
00019311.jpg,163
00019312.jpg,163
00019313.jpg,163
00019314.jpg,163
00019315.jpg,163
00019316.jpg,163
00019317.jpg,163
00019318.jpg,163
00019319.jpg,163
00019320.jpg,163
00019321.jpg,163
00019322.jpg,163
00019323.jpg,163
00019324.jpg,163
00019325.jpg,163
00019326.jpg,163
00019327.jpg,163
00019328.jpg,163
00019329.jpg,163
00019330.jpg,163
00019331.jpg,163
00019332.jpg,163
00019333.jpg,163
00019334.jpg,163
00019335.jpg,163
00019336.jpg,163
00019337.jpg,163
00019338.jpg,163
00019339.jpg,163
00019340.jpg,163
00019341.jpg,163
00019342.jpg,163
00019343.jpg,163
00019344.jpg,163
00019345.jpg,163
00019346.jpg,163
00019347.jpg,163
00019348.jpg,163
00019349.jpg,163
00019350.jpg,163
00019351.jpg,163
00019352.jpg,163
00019353.jpg,164
00019354.jpg,164
00019355.jpg,164
00019356.jpg,164
00019357.jpg,164
00019358.jpg,164
00019359.jpg,164
00019360.jpg,164
00019361.jpg,164
00019362.jpg,164
00019363.jpg,164
00019364.jpg,164
00019365.jpg,164
00019366.jpg,164
00019367.jpg,164
00019368.jpg,164
00019369.jpg,164
00019370.jpg,164
00019371.jpg,164
00019372.jpg,164
00019373.jpg,164
00019374.jpg,164
00019375.jpg,164
00019376.jpg,164
00019377.jpg,164
00019378.jpg,164
00019379.jpg,164
00019380.jpg,164
00019381.jpg,164
00019382.jpg,164
00019383.jpg,164
00019384.jpg,164
00019385.jpg,164
00019386.jpg,164
00019387.jpg,164
00019388.jpg,164
00019389.jpg,164
00019390.jpg,164
00019391.jpg,164
00019392.jpg,164
00019393.jpg,164
00019394.jpg,164
00019395.jpg,164
00019396.jpg,164
00019397.jpg,164
00019398.jpg,164
00019399.jpg,164
00019400.jpg,164
00019401.jpg,164
00019402.jpg,164
00019403.jpg,164
00019404.jpg,164
00019405.jpg,164
00019406.jpg,164
00019407.jpg,164
00019408.jpg,164
00019409.jpg,164
00019410.jpg,164
00019411.jpg,164
00019412.jpg,164
00019413.jpg,164
00019414.jpg,164
00019415.jpg,164
00019416.jpg,164
00019417.jpg,164
00019418.jpg,164
00019419.jpg,164
00019420.jpg,164
00019421.jpg,164
00019422.jpg,164
00019423.jpg,164
00019424.jpg,164
00019425.jpg,164
00019426.jpg,164
00019427.jpg,164
00019428.jpg,164
00019429.jpg,164
00019430.jpg,164
00019431.jpg,164
00019432.jpg,164
00019433.jpg,164
00019434.jpg,164
00019435.jpg,164
00019436.jpg,164
00019437.jpg,164
00019438.jpg,164
00019439.jpg,164
00019440.jpg,164
00019441.jpg,164
00019442.jpg,164
00019443.jpg,164
00019444.jpg,164
00019445.jpg,164
00019446.jpg,164
00019447.jpg,164
00019448.jpg,164
00019449.jpg,164
00019450.jpg,164
00019451.jpg,164
00019452.jpg,164
00019453.jpg,164
00019454.jpg,164
00019455.jpg,164
00019456.jpg,164
00019457.jpg,164
00019458.jpg,164
00019459.jpg,164
00019460.jpg,164
00019461.jpg,164
00019462.jpg,164
00019463.jpg,164
00019464.jpg,164
00019465.jpg,164
00019466.jpg,164
00019467.jpg,164
00019468.jpg,164
00019469.jpg,164
00019470.jpg,164
00019471.jpg,165
00019472.jpg,165
00019473.jpg,165
00019474.jpg,165
00019475.jpg,165
00019476.jpg,165
00019477.jpg,165
00019478.jpg,165
00019479.jpg,165
00019480.jpg,165
00019481.jpg,165
00019482.jpg,165
00019483.jpg,165
00019484.jpg,165
00019485.jpg,165
00019486.jpg,165
00019487.jpg,165
00019488.jpg,165
00019489.jpg,165
00019490.jpg,165
00019491.jpg,165
00019492.jpg,165
00019493.jpg,165
00019494.jpg,165
00019495.jpg,165
00019496.jpg,165
00019497.jpg,165
00019498.jpg,165
00019499.jpg,165
00019500.jpg,165
00019501.jpg,165
00019502.jpg,165
00019503.jpg,165
00019504.jpg,165
00019505.jpg,165
00019506.jpg,165
00019507.jpg,165
00019508.jpg,165
00019509.jpg,165
00019510.jpg,165
00019511.jpg,165
00019512.jpg,165
00019513.jpg,165
00019514.jpg,165
00019515.jpg,165
00019516.jpg,165
00019517.jpg,165
00019518.jpg,165
00019519.jpg,165
00019520.jpg,165
00019521.jpg,165
00019522.jpg,165
00019523.jpg,165
00019524.jpg,165
00019525.jpg,165
00019526.jpg,165
00019527.jpg,165
00019528.jpg,165
00019529.jpg,165
00019530.jpg,165
00019531.jpg,165
00019532.jpg,165
00019533.jpg,165
00019534.jpg,165
00019535.jpg,165
00019536.jpg,165
00019537.jpg,165
00019538.jpg,165
00019539.jpg,165
00019540.jpg,165
00019541.jpg,165
00019542.jpg,165
00019543.jpg,165
00019544.jpg,165
00019545.jpg,165
00019546.jpg,165
00019547.jpg,165
00019548.jpg,165
00019549.jpg,165
00019550.jpg,165
00019551.jpg,165
00019552.jpg,165
00019553.jpg,165
00019554.jpg,165
00019555.jpg,165
00019556.jpg,165
00019557.jpg,165
00019558.jpg,165
00019559.jpg,165
00019560.jpg,165
00019561.jpg,165
00019562.jpg,165
00019563.jpg,165
00019564.jpg,165
00019565.jpg,165
00019566.jpg,165
00019567.jpg,165
00019568.jpg,165
00019569.jpg,165
00019570.jpg,165
00019571.jpg,165
00019572.jpg,165
00019573.jpg,165
00019574.jpg,165
00019575.jpg,165
00019576.jpg,165
00019577.jpg,165
00019578.jpg,165
00019579.jpg,165
00019580.jpg,165
00019581.jpg,165
00019582.jpg,165
00019583.jpg,165
00019584.jpg,165
00019585.jpg,165
00019586.jpg,165
00019587.jpg,165
00019588.jpg,165
00019589.jpg,166
00019590.jpg,166
00019591.jpg,166
00019592.jpg,166
00019593.jpg,166
00019594.jpg,166
00019595.jpg,166
00019596.jpg,166
00019597.jpg,166
00019598.jpg,166
00019599.jpg,166
00019600.jpg,166
00019601.jpg,166
00019602.jpg,166
00019603.jpg,166
00019604.jpg,166
00019605.jpg,166
00019606.jpg,166
00019607.jpg,166
00019608.jpg,166
00019609.jpg,166
00019610.jpg,166
00019611.jpg,166
00019612.jpg,166
00019613.jpg,166
00019614.jpg,166
00019615.jpg,166
00019616.jpg,166
00019617.jpg,166
00019618.jpg,166
00019619.jpg,166
00019620.jpg,166
00019621.jpg,166
00019622.jpg,166
00019623.jpg,166
00019624.jpg,166
00019625.jpg,166
00019626.jpg,166
00019627.jpg,166
00019628.jpg,166
00019629.jpg,166
00019630.jpg,166
00019631.jpg,166
00019632.jpg,166
00019633.jpg,166
00019634.jpg,166
00019635.jpg,166
00019636.jpg,166
00019637.jpg,166
00019638.jpg,166
00019639.jpg,166
00019640.jpg,166
00019641.jpg,166
00019642.jpg,166
00019643.jpg,166
00019644.jpg,166
00019645.jpg,166
00019646.jpg,166
00019647.jpg,166
00019648.jpg,166
00019649.jpg,166
00019650.jpg,166
00019651.jpg,166
00019652.jpg,166
00019653.jpg,166
00019654.jpg,166
00019655.jpg,166
00019656.jpg,166
00019657.jpg,166
00019658.jpg,166
00019659.jpg,166
00019660.jpg,166
00019661.jpg,166
00019662.jpg,166
00019663.jpg,166
00019664.jpg,166
00019665.jpg,166
00019666.jpg,166
00019667.jpg,166
00019668.jpg,166
00019669.jpg,166
00019670.jpg,166
00019671.jpg,166
00019672.jpg,166
00019673.jpg,166
00019674.jpg,166
00019675.jpg,166
00019676.jpg,166
00019677.jpg,166
00019678.jpg,166
00019679.jpg,166
00019680.jpg,166
00019681.jpg,166
00019682.jpg,166
00019683.jpg,166
00019684.jpg,166
00019685.jpg,166
00019686.jpg,166
00019687.jpg,166
00019688.jpg,166
00019689.jpg,166
00019690.jpg,166
00019691.jpg,166
00019692.jpg,166
00019693.jpg,166
00019694.jpg,166
00019695.jpg,166
00019696.jpg,166
00019697.jpg,166
00019698.jpg,166
00019699.jpg,166
00019700.jpg,166
00019701.jpg,166
00019702.jpg,166
00019703.jpg,166
00019704.jpg,166
00019705.jpg,166
00019706.jpg,166
00019707.jpg,167
00019708.jpg,167
00019709.jpg,167
00019710.jpg,167
00019711.jpg,167
00019712.jpg,167
00019713.jpg,167
00019714.jpg,167
00019715.jpg,167
00019716.jpg,167
00019717.jpg,167
00019718.jpg,167
00019719.jpg,167
00019720.jpg,167
00019721.jpg,167
00019722.jpg,167
00019723.jpg,167
00019724.jpg,167
00019725.jpg,167
00019726.jpg,167
00019727.jpg,167
00019728.jpg,167
00019729.jpg,167
00019730.jpg,167
00019731.jpg,167
00019732.jpg,167
00019733.jpg,167
00019734.jpg,167
00019735.jpg,167
00019736.jpg,167
00019737.jpg,167
00019738.jpg,167
00019739.jpg,167
00019740.jpg,167
00019741.jpg,167
00019742.jpg,167
00019743.jpg,167
00019744.jpg,167
00019745.jpg,167
00019746.jpg,167
00019747.jpg,167
00019748.jpg,167
00019749.jpg,167
00019750.jpg,167
00019751.jpg,167
00019752.jpg,167
00019753.jpg,167
00019754.jpg,167
00019755.jpg,167
00019756.jpg,167
00019757.jpg,167
00019758.jpg,167
00019759.jpg,167
00019760.jpg,167
00019761.jpg,167
00019762.jpg,167
00019763.jpg,167
00019764.jpg,167
00019765.jpg,167
00019766.jpg,167
00019767.jpg,167
00019768.jpg,167
00019769.jpg,167
00019770.jpg,167
00019771.jpg,167
00019772.jpg,167
00019773.jpg,167
00019774.jpg,167
00019775.jpg,167
00019776.jpg,167
00019777.jpg,167
00019778.jpg,167
00019779.jpg,167
00019780.jpg,167
00019781.jpg,167
00019782.jpg,167
00019783.jpg,167
00019784.jpg,167
00019785.jpg,167
00019786.jpg,167
00019787.jpg,167
00019788.jpg,167
00019789.jpg,167
00019790.jpg,167
00019791.jpg,167
00019792.jpg,167
00019793.jpg,167
00019794.jpg,167
00019795.jpg,167
00019796.jpg,167
00019797.jpg,167
00019798.jpg,167
00019799.jpg,167
00019800.jpg,167
00019801.jpg,167
00019802.jpg,167
00019803.jpg,167
00019804.jpg,167
00019805.jpg,167
00019806.jpg,167
00019807.jpg,167
00019808.jpg,167
00019809.jpg,167
00019810.jpg,167
00019811.jpg,167
00019812.jpg,167
00019813.jpg,167
00019814.jpg,167
00019815.jpg,167
00019816.jpg,167
00019817.jpg,167
00019818.jpg,167
00019819.jpg,167
00019820.jpg,167
00019821.jpg,167
00019822.jpg,167
00019823.jpg,167
00019824.jpg,167
00019825.jpg,168
00019826.jpg,168
00019827.jpg,168
00019828.jpg,168
00019829.jpg,168
00019830.jpg,168
00019831.jpg,168
00019832.jpg,168
00019833.jpg,168
00019834.jpg,168
00019835.jpg,168
00019836.jpg,168
00019837.jpg,168
00019838.jpg,168
00019839.jpg,168
00019840.jpg,168
00019841.jpg,168
00019842.jpg,168
00019843.jpg,168
00019844.jpg,168
00019845.jpg,168
00019846.jpg,168
00019847.jpg,168
00019848.jpg,168
00019849.jpg,168
00019850.jpg,168
00019851.jpg,168
00019852.jpg,168
00019853.jpg,168
00019854.jpg,168
00019855.jpg,168
00019856.jpg,168
00019857.jpg,168
00019858.jpg,168
00019859.jpg,168
00019860.jpg,168
00019861.jpg,168
00019862.jpg,168
00019863.jpg,168
00019864.jpg,168
00019865.jpg,168
00019866.jpg,168
00019867.jpg,168
00019868.jpg,168
00019869.jpg,168
00019870.jpg,168
00019871.jpg,168
00019872.jpg,168
00019873.jpg,168
00019874.jpg,168
00019875.jpg,168
00019876.jpg,168
00019877.jpg,168
00019878.jpg,168
00019879.jpg,168
00019880.jpg,168
00019881.jpg,168
00019882.jpg,168
00019883.jpg,168
00019884.jpg,168
00019885.jpg,168
00019886.jpg,168
00019887.jpg,168
00019888.jpg,168
00019889.jpg,168
00019890.jpg,168
00019891.jpg,168
00019892.jpg,168
00019893.jpg,168
00019894.jpg,168
00019895.jpg,168
00019896.jpg,168
00019897.jpg,168
00019898.jpg,168
00019899.jpg,168
00019900.jpg,168
00019901.jpg,168
00019902.jpg,168
00019903.jpg,168
00019904.jpg,168
00019905.jpg,168
00019906.jpg,168
00019907.jpg,168
00019908.jpg,168
00019909.jpg,168
00019910.jpg,168
00019911.jpg,168
00019912.jpg,168
00019913.jpg,168
00019914.jpg,168
00019915.jpg,168
00019916.jpg,168
00019917.jpg,168
00019918.jpg,168
00019919.jpg,168
00019920.jpg,168
00019921.jpg,168
00019922.jpg,168
00019923.jpg,168
00019924.jpg,168
00019925.jpg,168
00019926.jpg,168
00019927.jpg,168
00019928.jpg,168
00019929.jpg,168
00019930.jpg,168
00019931.jpg,168
00019932.jpg,168
00019933.jpg,168
00019934.jpg,168
00019935.jpg,168
00019936.jpg,168
00019937.jpg,168
00019938.jpg,168
00019939.jpg,168
00019940.jpg,168
00019941.jpg,168
00019942.jpg,168
00019943.jpg,169
00019944.jpg,169
00019945.jpg,169
00019946.jpg,169
00019947.jpg,169
00019948.jpg,169
00019949.jpg,169
00019950.jpg,169
00019951.jpg,169
00019952.jpg,169
00019953.jpg,169
00019954.jpg,169
00019955.jpg,169
00019956.jpg,169
00019957.jpg,169
00019958.jpg,169
00019959.jpg,169
00019960.jpg,169
00019961.jpg,169
00019962.jpg,169
00019963.jpg,169
00019964.jpg,169
00019965.jpg,169
00019966.jpg,169
00019967.jpg,169
00019968.jpg,169
00019969.jpg,169
00019970.jpg,169
00019971.jpg,169
00019972.jpg,169
00019973.jpg,169
00019974.jpg,169
00019975.jpg,169
00019976.jpg,169
00019977.jpg,169
00019978.jpg,169
00019979.jpg,169
00019980.jpg,169
00019981.jpg,169
00019982.jpg,169
00019983.jpg,169
00019984.jpg,169
00019985.jpg,169
00019986.jpg,169
00019987.jpg,169
00019988.jpg,169
00019989.jpg,169
00019990.jpg,169
00019991.jpg,169
00019992.jpg,169
00019993.jpg,169
00019994.jpg,169
00019995.jpg,169
00019996.jpg,169
00019997.jpg,169
00019998.jpg,169
00019999.jpg,169
00020000.jpg,169
00020001.jpg,169
00020002.jpg,169
00020003.jpg,169
00020004.jpg,169
00020005.jpg,169
00020006.jpg,169
00020007.jpg,169
00020008.jpg,169
00020009.jpg,169
00020010.jpg,169
00020011.jpg,169
00020012.jpg,169
00020013.jpg,169
00020014.jpg,169
00020015.jpg,169
00020016.jpg,169
00020017.jpg,169
00020018.jpg,169
00020019.jpg,169
00020020.jpg,169
00020021.jpg,169
00020022.jpg,169
00020023.jpg,169
00020024.jpg,169
00020025.jpg,169
00020026.jpg,169
00020027.jpg,169
00020028.jpg,169
00020029.jpg,169
00020030.jpg,169
00020031.jpg,169
00020032.jpg,169
00020033.jpg,169
00020034.jpg,169
00020035.jpg,169
00020036.jpg,169
00020037.jpg,169
00020038.jpg,169
00020039.jpg,169
00020040.jpg,169
00020041.jpg,169
00020042.jpg,169
00020043.jpg,169
00020044.jpg,169
00020045.jpg,169
00020046.jpg,169
00020047.jpg,169
00020048.jpg,169
00020049.jpg,169
00020050.jpg,169
00020051.jpg,169
00020052.jpg,169
00020053.jpg,169
00020054.jpg,169
00020055.jpg,169
00020056.jpg,169
00020057.jpg,169
00020058.jpg,169
00020059.jpg,169
00020060.jpg,169
00020061.jpg,170
00020062.jpg,170
00020063.jpg,170
00020064.jpg,170
00020065.jpg,170
00020066.jpg,170
00020067.jpg,170
00020068.jpg,170
00020069.jpg,170
00020070.jpg,170
00020071.jpg,170
00020072.jpg,170
00020073.jpg,170
00020074.jpg,170
00020075.jpg,170
00020076.jpg,170
00020077.jpg,170
00020078.jpg,170
00020079.jpg,170
00020080.jpg,170
00020081.jpg,170
00020082.jpg,170
00020083.jpg,170
00020084.jpg,170
00020085.jpg,170
00020086.jpg,170
00020087.jpg,170
00020088.jpg,170
00020089.jpg,170
00020090.jpg,170
00020091.jpg,170
00020092.jpg,170
00020093.jpg,170
00020094.jpg,170
00020095.jpg,170
00020096.jpg,170
00020097.jpg,170
00020098.jpg,170
00020099.jpg,170
00020100.jpg,170
00020101.jpg,170
00020102.jpg,170
00020103.jpg,170
00020104.jpg,170
00020105.jpg,170
00020106.jpg,170
00020107.jpg,170
00020108.jpg,170
00020109.jpg,170
00020110.jpg,170
00020111.jpg,170
00020112.jpg,170
00020113.jpg,170
00020114.jpg,170
00020115.jpg,170
00020116.jpg,170
00020117.jpg,170
00020118.jpg,170
00020119.jpg,170
00020120.jpg,170
00020121.jpg,170
00020122.jpg,170
00020123.jpg,170
00020124.jpg,170
00020125.jpg,170
00020126.jpg,170
00020127.jpg,170
00020128.jpg,170
00020129.jpg,170
00020130.jpg,170
00020131.jpg,170
00020132.jpg,170
00020133.jpg,170
00020134.jpg,170
00020135.jpg,170
00020136.jpg,170
00020137.jpg,170
00020138.jpg,170
00020139.jpg,170
00020140.jpg,170
00020141.jpg,170
00020142.jpg,170
00020143.jpg,170
00020144.jpg,170
00020145.jpg,170
00020146.jpg,170
00020147.jpg,170
00020148.jpg,170
00020149.jpg,170
00020150.jpg,170
00020151.jpg,170
00020152.jpg,170
00020153.jpg,170
00020154.jpg,170
00020155.jpg,170
00020156.jpg,170
00020157.jpg,170
00020158.jpg,170
00020159.jpg,170
00020160.jpg,170
00020161.jpg,170
00020162.jpg,170
00020163.jpg,170
00020164.jpg,170
00020165.jpg,170
00020166.jpg,170
00020167.jpg,170
00020168.jpg,170
00020169.jpg,170
00020170.jpg,170
00020171.jpg,170
00020172.jpg,170
00020173.jpg,170
00020174.jpg,170
00020175.jpg,170
00020176.jpg,170
00020177.jpg,170
00020178.jpg,170
00020179.jpg,171
00020180.jpg,171
00020181.jpg,171
00020182.jpg,171
00020183.jpg,171
00020184.jpg,171
00020185.jpg,171
00020186.jpg,171
00020187.jpg,171
00020188.jpg,171
00020189.jpg,171
00020190.jpg,171
00020191.jpg,171
00020192.jpg,171
00020193.jpg,171
00020194.jpg,171
00020195.jpg,171
00020196.jpg,171
00020197.jpg,171
00020198.jpg,171
00020199.jpg,171
00020200.jpg,171
00020201.jpg,171
00020202.jpg,171
00020203.jpg,171
00020204.jpg,171
00020205.jpg,171
00020206.jpg,171
00020207.jpg,171
00020208.jpg,171
00020209.jpg,171
00020210.jpg,171
00020211.jpg,171
00020212.jpg,171
00020213.jpg,171
00020214.jpg,171
00020215.jpg,171
00020216.jpg,171
00020217.jpg,171
00020218.jpg,171
00020219.jpg,171
00020220.jpg,171
00020221.jpg,171
00020222.jpg,171
00020223.jpg,171
00020224.jpg,171
00020225.jpg,171
00020226.jpg,171
00020227.jpg,171
00020228.jpg,171
00020229.jpg,171
00020230.jpg,171
00020231.jpg,171
00020232.jpg,171
00020233.jpg,171
00020234.jpg,171
00020235.jpg,171
00020236.jpg,171
00020237.jpg,171
00020238.jpg,171
00020239.jpg,171
00020240.jpg,171
00020241.jpg,171
00020242.jpg,171
00020243.jpg,171
00020244.jpg,171
00020245.jpg,171
00020246.jpg,171
00020247.jpg,171
00020248.jpg,171
00020249.jpg,171
00020250.jpg,171
00020251.jpg,171
00020252.jpg,171
00020253.jpg,171
00020254.jpg,171
00020255.jpg,171
00020256.jpg,171
00020257.jpg,171
00020258.jpg,171
00020259.jpg,171
00020260.jpg,171
00020261.jpg,171
00020262.jpg,171
00020263.jpg,171
00020264.jpg,171
00020265.jpg,171
00020266.jpg,171
00020267.jpg,171
00020268.jpg,171
00020269.jpg,171
00020270.jpg,171
00020271.jpg,171
00020272.jpg,171
00020273.jpg,171
00020274.jpg,171
00020275.jpg,171
00020276.jpg,171
00020277.jpg,171
00020278.jpg,171
00020279.jpg,171
00020280.jpg,171
00020281.jpg,171
00020282.jpg,171
00020283.jpg,171
00020284.jpg,171
00020285.jpg,171
00020286.jpg,171
00020287.jpg,171
00020288.jpg,171
00020289.jpg,171
00020290.jpg,171
00020291.jpg,171
00020292.jpg,171
00020293.jpg,171
00020294.jpg,171
00020295.jpg,171
00020296.jpg,171
00020297.jpg,172
00020298.jpg,172
00020299.jpg,172
00020300.jpg,172
00020301.jpg,172
00020302.jpg,172
00020303.jpg,172
00020304.jpg,172
00020305.jpg,172
00020306.jpg,172
00020307.jpg,172
00020308.jpg,172
00020309.jpg,172
00020310.jpg,172
00020311.jpg,172
00020312.jpg,172
00020313.jpg,172
00020314.jpg,172
00020315.jpg,172
00020316.jpg,172
00020317.jpg,172
00020318.jpg,172
00020319.jpg,172
00020320.jpg,172
00020321.jpg,172
00020322.jpg,172
00020323.jpg,172
00020324.jpg,172
00020325.jpg,172
00020326.jpg,172
00020327.jpg,172
00020328.jpg,172
00020329.jpg,172
00020330.jpg,172
00020331.jpg,172
00020332.jpg,172
00020333.jpg,172
00020334.jpg,172
00020335.jpg,172
00020336.jpg,172
00020337.jpg,172
00020338.jpg,172
00020339.jpg,172
00020340.jpg,172
00020341.jpg,172
00020342.jpg,172
00020343.jpg,172
00020344.jpg,172
00020345.jpg,172
00020346.jpg,172
00020347.jpg,172
00020348.jpg,172
00020349.jpg,172
00020350.jpg,172
00020351.jpg,172
00020352.jpg,172
00020353.jpg,172
00020354.jpg,172
00020355.jpg,172
00020356.jpg,172
00020357.jpg,172
00020358.jpg,172
00020359.jpg,172
00020360.jpg,172
00020361.jpg,172
00020362.jpg,172
00020363.jpg,172
00020364.jpg,172
00020365.jpg,172
00020366.jpg,172
00020367.jpg,172
00020368.jpg,172
00020369.jpg,172
00020370.jpg,172
00020371.jpg,172
00020372.jpg,172
00020373.jpg,172
00020374.jpg,172
00020375.jpg,172
00020376.jpg,172
00020377.jpg,172
00020378.jpg,172
00020379.jpg,172
00020380.jpg,172
00020381.jpg,172
00020382.jpg,172
00020383.jpg,172
00020384.jpg,172
00020385.jpg,172
00020386.jpg,172
00020387.jpg,172
00020388.jpg,172
00020389.jpg,172
00020390.jpg,172
00020391.jpg,172
00020392.jpg,172
00020393.jpg,172
00020394.jpg,172
00020395.jpg,172
00020396.jpg,172
00020397.jpg,172
00020398.jpg,172
00020399.jpg,172
00020400.jpg,172
00020401.jpg,172
00020402.jpg,172
00020403.jpg,172
00020404.jpg,172
00020405.jpg,172
00020406.jpg,172
00020407.jpg,172
00020408.jpg,172
00020409.jpg,172
00020410.jpg,172
00020411.jpg,172
00020412.jpg,172
00020413.jpg,172
00020414.jpg,172
00020415.jpg,173
00020416.jpg,173
00020417.jpg,173
00020418.jpg,173
00020419.jpg,173
00020420.jpg,173
00020421.jpg,173
00020422.jpg,173
00020423.jpg,173
00020424.jpg,173
00020425.jpg,173
00020426.jpg,173
00020427.jpg,173
00020428.jpg,173
00020429.jpg,173
00020430.jpg,173
00020431.jpg,173
00020432.jpg,173
00020433.jpg,173
00020434.jpg,173
00020435.jpg,173
00020436.jpg,173
00020437.jpg,173
00020438.jpg,173
00020439.jpg,173
00020440.jpg,173
00020441.jpg,173
00020442.jpg,173
00020443.jpg,173
00020444.jpg,173
00020445.jpg,173
00020446.jpg,173
00020447.jpg,173
00020448.jpg,173
00020449.jpg,173
00020450.jpg,173
00020451.jpg,173
00020452.jpg,173
00020453.jpg,173
00020454.jpg,173
00020455.jpg,173
00020456.jpg,173
00020457.jpg,173
00020458.jpg,173
00020459.jpg,173
00020460.jpg,173
00020461.jpg,173
00020462.jpg,173
00020463.jpg,173
00020464.jpg,173
00020465.jpg,173
00020466.jpg,173
00020467.jpg,173
00020468.jpg,173
00020469.jpg,173
00020470.jpg,173
00020471.jpg,173
00020472.jpg,173
00020473.jpg,173
00020474.jpg,173
00020475.jpg,173
00020476.jpg,173
00020477.jpg,173
00020478.jpg,173
00020479.jpg,173
00020480.jpg,173
00020481.jpg,173
00020482.jpg,173
00020483.jpg,173
00020484.jpg,173
00020485.jpg,173
00020486.jpg,173
00020487.jpg,173
00020488.jpg,173
00020489.jpg,173
00020490.jpg,173
00020491.jpg,173
00020492.jpg,173
00020493.jpg,173
00020494.jpg,173
00020495.jpg,173
00020496.jpg,173
00020497.jpg,173
00020498.jpg,173
00020499.jpg,173
00020500.jpg,173
00020501.jpg,173
00020502.jpg,173
00020503.jpg,173
00020504.jpg,173
00020505.jpg,173
00020506.jpg,173
00020507.jpg,173
00020508.jpg,173
00020509.jpg,173
00020510.jpg,173
00020511.jpg,173
00020512.jpg,173
00020513.jpg,173
00020514.jpg,173
00020515.jpg,173
00020516.jpg,173
00020517.jpg,173
00020518.jpg,173
00020519.jpg,173
00020520.jpg,173
00020521.jpg,173
00020522.jpg,173
00020523.jpg,173
00020524.jpg,173
00020525.jpg,173
00020526.jpg,173
00020527.jpg,173
00020528.jpg,173
00020529.jpg,173
00020530.jpg,173
00020531.jpg,173
00020532.jpg,173
00020533.jpg,174
00020534.jpg,174
00020535.jpg,174
00020536.jpg,174
00020537.jpg,174
00020538.jpg,174
00020539.jpg,174
00020540.jpg,174
00020541.jpg,174
00020542.jpg,174
00020543.jpg,174
00020544.jpg,174
00020545.jpg,174
00020546.jpg,174
00020547.jpg,174
00020548.jpg,174
00020549.jpg,174
00020550.jpg,174
00020551.jpg,174
00020552.jpg,174
00020553.jpg,174
00020554.jpg,174
00020555.jpg,174
00020556.jpg,174
00020557.jpg,174
00020558.jpg,174
00020559.jpg,174
00020560.jpg,174
00020561.jpg,174
00020562.jpg,174
00020563.jpg,174
00020564.jpg,174
00020565.jpg,174
00020566.jpg,174
00020567.jpg,174
00020568.jpg,174
00020569.jpg,174
00020570.jpg,174
00020571.jpg,174
00020572.jpg,174
00020573.jpg,174
00020574.jpg,174
00020575.jpg,174
00020576.jpg,174
00020577.jpg,174
00020578.jpg,174
00020579.jpg,174
00020580.jpg,174
00020581.jpg,174
00020582.jpg,174
00020583.jpg,174
00020584.jpg,174
00020585.jpg,174
00020586.jpg,174
00020587.jpg,174
00020588.jpg,174
00020589.jpg,174
00020590.jpg,174
00020591.jpg,174
00020592.jpg,174
00020593.jpg,174
00020594.jpg,174
00020595.jpg,174
00020596.jpg,174
00020597.jpg,174
00020598.jpg,174
00020599.jpg,174
00020600.jpg,174
00020601.jpg,174
00020602.jpg,174
00020603.jpg,174
00020604.jpg,174
00020605.jpg,174
00020606.jpg,174
00020607.jpg,174
00020608.jpg,174
00020609.jpg,174
00020610.jpg,174
00020611.jpg,174
00020612.jpg,174
00020613.jpg,174
00020614.jpg,174
00020615.jpg,174
00020616.jpg,174
00020617.jpg,174
00020618.jpg,174
00020619.jpg,174
00020620.jpg,174
00020621.jpg,174
00020622.jpg,174
00020623.jpg,174
00020624.jpg,174
00020625.jpg,174
00020626.jpg,174
00020627.jpg,174
00020628.jpg,174
00020629.jpg,174
00020630.jpg,174
00020631.jpg,174
00020632.jpg,174
00020633.jpg,174
00020634.jpg,174
00020635.jpg,174
00020636.jpg,174
00020637.jpg,174
00020638.jpg,174
00020639.jpg,174
00020640.jpg,174
00020641.jpg,174
00020642.jpg,174
00020643.jpg,174
00020644.jpg,174
00020645.jpg,174
00020646.jpg,174
00020647.jpg,174
00020648.jpg,174
00020649.jpg,174
00020650.jpg,174
00020651.jpg,175
00020652.jpg,175
00020653.jpg,175
00020654.jpg,175
00020655.jpg,175
00020656.jpg,175
00020657.jpg,175
00020658.jpg,175
00020659.jpg,175
00020660.jpg,175
00020661.jpg,175
00020662.jpg,175
00020663.jpg,175
00020664.jpg,175
00020665.jpg,175
00020666.jpg,175
00020667.jpg,175
00020668.jpg,175
00020669.jpg,175
00020670.jpg,175
00020671.jpg,175
00020672.jpg,175
00020673.jpg,175
00020674.jpg,175
00020675.jpg,175
00020676.jpg,175
00020677.jpg,175
00020678.jpg,175
00020679.jpg,175
00020680.jpg,175
00020681.jpg,175
00020682.jpg,175
00020683.jpg,175
00020684.jpg,175
00020685.jpg,175
00020686.jpg,175
00020687.jpg,175
00020688.jpg,175
00020689.jpg,175
00020690.jpg,175
00020691.jpg,175
00020692.jpg,175
00020693.jpg,175
00020694.jpg,175
00020695.jpg,175
00020696.jpg,175
00020697.jpg,175
00020698.jpg,175
00020699.jpg,175
00020700.jpg,175
00020701.jpg,175
00020702.jpg,175
00020703.jpg,175
00020704.jpg,175
00020705.jpg,175
00020706.jpg,175
00020707.jpg,175
00020708.jpg,175
00020709.jpg,175
00020710.jpg,175
00020711.jpg,175
00020712.jpg,175
00020713.jpg,175
00020714.jpg,175
00020715.jpg,175
00020716.jpg,175
00020717.jpg,175
00020718.jpg,175
00020719.jpg,175
00020720.jpg,175
00020721.jpg,175
00020722.jpg,175
00020723.jpg,175
00020724.jpg,175
00020725.jpg,175
00020726.jpg,175
00020727.jpg,175
00020728.jpg,175
00020729.jpg,175
00020730.jpg,175
00020731.jpg,175
00020732.jpg,175
00020733.jpg,175
00020734.jpg,175
00020735.jpg,175
00020736.jpg,175
00020737.jpg,175
00020738.jpg,175
00020739.jpg,175
00020740.jpg,175
00020741.jpg,175
00020742.jpg,175
00020743.jpg,175
00020744.jpg,175
00020745.jpg,175
00020746.jpg,175
00020747.jpg,175
00020748.jpg,175
00020749.jpg,175
00020750.jpg,175
00020751.jpg,175
00020752.jpg,175
00020753.jpg,175
00020754.jpg,175
00020755.jpg,175
00020756.jpg,175
00020757.jpg,175
00020758.jpg,175
00020759.jpg,175
00020760.jpg,175
00020761.jpg,175
00020762.jpg,175
00020763.jpg,175
00020764.jpg,175
00020765.jpg,175
00020766.jpg,175
00020767.jpg,175
00020768.jpg,175
00020769.jpg,176
00020770.jpg,176
00020771.jpg,176
00020772.jpg,176
00020773.jpg,176
00020774.jpg,176
00020775.jpg,176
00020776.jpg,176
00020777.jpg,176
00020778.jpg,176
00020779.jpg,176
00020780.jpg,176
00020781.jpg,176
00020782.jpg,176
00020783.jpg,176
00020784.jpg,176
00020785.jpg,176
00020786.jpg,176
00020787.jpg,176
00020788.jpg,176
00020789.jpg,176
00020790.jpg,176
00020791.jpg,176
00020792.jpg,176
00020793.jpg,176
00020794.jpg,176
00020795.jpg,176
00020796.jpg,176
00020797.jpg,176
00020798.jpg,176
00020799.jpg,176
00020800.jpg,176
00020801.jpg,176
00020802.jpg,176
00020803.jpg,176
00020804.jpg,176
00020805.jpg,176
00020806.jpg,176
00020807.jpg,176
00020808.jpg,176
00020809.jpg,176
00020810.jpg,176
00020811.jpg,176
00020812.jpg,176
00020813.jpg,176
00020814.jpg,176
00020815.jpg,176
00020816.jpg,176
00020817.jpg,176
00020818.jpg,176
00020819.jpg,176
00020820.jpg,176
00020821.jpg,176
00020822.jpg,176
00020823.jpg,176
00020824.jpg,176
00020825.jpg,176
00020826.jpg,176
00020827.jpg,176
00020828.jpg,176
00020829.jpg,176
00020830.jpg,176
00020831.jpg,176
00020832.jpg,176
00020833.jpg,176
00020834.jpg,176
00020835.jpg,176
00020836.jpg,176
00020837.jpg,176
00020838.jpg,176
00020839.jpg,176
00020840.jpg,176
00020841.jpg,176
00020842.jpg,176
00020843.jpg,176
00020844.jpg,176
00020845.jpg,176
00020846.jpg,176
00020847.jpg,176
00020848.jpg,176
00020849.jpg,176
00020850.jpg,176
00020851.jpg,176
00020852.jpg,176
00020853.jpg,176
00020854.jpg,176
00020855.jpg,176
00020856.jpg,176
00020857.jpg,176
00020858.jpg,176
00020859.jpg,176
00020860.jpg,176
00020861.jpg,176
00020862.jpg,176
00020863.jpg,176
00020864.jpg,176
00020865.jpg,176
00020866.jpg,176
00020867.jpg,176
00020868.jpg,176
00020869.jpg,176
00020870.jpg,176
00020871.jpg,176
00020872.jpg,176
00020873.jpg,176
00020874.jpg,176
00020875.jpg,176
00020876.jpg,176
00020877.jpg,176
00020878.jpg,176
00020879.jpg,176
00020880.jpg,176
00020881.jpg,176
00020882.jpg,176
00020883.jpg,176
00020884.jpg,176
00020885.jpg,176
00020886.jpg,176
00020887.jpg,177
00020888.jpg,177
00020889.jpg,177
00020890.jpg,177
00020891.jpg,177
00020892.jpg,177
00020893.jpg,177
00020894.jpg,177
00020895.jpg,177
00020896.jpg,177
00020897.jpg,177
00020898.jpg,177
00020899.jpg,177
00020900.jpg,177
00020901.jpg,177
00020902.jpg,177
00020903.jpg,177
00020904.jpg,177
00020905.jpg,177
00020906.jpg,177
00020907.jpg,177
00020908.jpg,177
00020909.jpg,177
00020910.jpg,177
00020911.jpg,177
00020912.jpg,177
00020913.jpg,177
00020914.jpg,177
00020915.jpg,177
00020916.jpg,177
00020917.jpg,177
00020918.jpg,177
00020919.jpg,177
00020920.jpg,177
00020921.jpg,177
00020922.jpg,177
00020923.jpg,177
00020924.jpg,177
00020925.jpg,177
00020926.jpg,177
00020927.jpg,177
00020928.jpg,177
00020929.jpg,177
00020930.jpg,177
00020931.jpg,177
00020932.jpg,177
00020933.jpg,177
00020934.jpg,177
00020935.jpg,177
00020936.jpg,177
00020937.jpg,177
00020938.jpg,177
00020939.jpg,177
00020940.jpg,177
00020941.jpg,177
00020942.jpg,177
00020943.jpg,177
00020944.jpg,177
00020945.jpg,177
00020946.jpg,177
00020947.jpg,177
00020948.jpg,177
00020949.jpg,177
00020950.jpg,177
00020951.jpg,177
00020952.jpg,177
00020953.jpg,177
00020954.jpg,177
00020955.jpg,177
00020956.jpg,177
00020957.jpg,177
00020958.jpg,177
00020959.jpg,177
00020960.jpg,177
00020961.jpg,177
00020962.jpg,177
00020963.jpg,177
00020964.jpg,177
00020965.jpg,177
00020966.jpg,177
00020967.jpg,177
00020968.jpg,177
00020969.jpg,177
00020970.jpg,177
00020971.jpg,177
00020972.jpg,177
00020973.jpg,177
00020974.jpg,177
00020975.jpg,177
00020976.jpg,177
00020977.jpg,177
00020978.jpg,177
00020979.jpg,177
00020980.jpg,177
00020981.jpg,177
00020982.jpg,177
00020983.jpg,177
00020984.jpg,177
00020985.jpg,177
00020986.jpg,177
00020987.jpg,177
00020988.jpg,177
00020989.jpg,177
00020990.jpg,177
00020991.jpg,177
00020992.jpg,177
00020993.jpg,177
00020994.jpg,177
00020995.jpg,177
00020996.jpg,177
00020997.jpg,177
00020998.jpg,177
00020999.jpg,177
00021000.jpg,177
00021001.jpg,177
00021002.jpg,177
00021003.jpg,177
00021004.jpg,177
00021005.jpg,178
00021006.jpg,178
00021007.jpg,178
00021008.jpg,178
00021009.jpg,178
00021010.jpg,178
00021011.jpg,178
00021012.jpg,178
00021013.jpg,178
00021014.jpg,178
00021015.jpg,178
00021016.jpg,178
00021017.jpg,178
00021018.jpg,178
00021019.jpg,178
00021020.jpg,178
00021021.jpg,178
00021022.jpg,178
00021023.jpg,178
00021024.jpg,178
00021025.jpg,178
00021026.jpg,178
00021027.jpg,178
00021028.jpg,178
00021029.jpg,178
00021030.jpg,178
00021031.jpg,178
00021032.jpg,178
00021033.jpg,178
00021034.jpg,178
00021035.jpg,178
00021036.jpg,178
00021037.jpg,178
00021038.jpg,178
00021039.jpg,178
00021040.jpg,178
00021041.jpg,178
00021042.jpg,178
00021043.jpg,178
00021044.jpg,178
00021045.jpg,178
00021046.jpg,178
00021047.jpg,178
00021048.jpg,178
00021049.jpg,178
00021050.jpg,178
00021051.jpg,178
00021052.jpg,178
00021053.jpg,178
00021054.jpg,178
00021055.jpg,178
00021056.jpg,178
00021057.jpg,178
00021058.jpg,178
00021059.jpg,178
00021060.jpg,178
00021061.jpg,178
00021062.jpg,178
00021063.jpg,178
00021064.jpg,178
00021065.jpg,178
00021066.jpg,178
00021067.jpg,178
00021068.jpg,178
00021069.jpg,178
00021070.jpg,178
00021071.jpg,178
00021072.jpg,178
00021073.jpg,178
00021074.jpg,178
00021075.jpg,178
00021076.jpg,178
00021077.jpg,178
00021078.jpg,178
00021079.jpg,178
00021080.jpg,178
00021081.jpg,178
00021082.jpg,178
00021083.jpg,178
00021084.jpg,178
00021085.jpg,178
00021086.jpg,178
00021087.jpg,178
00021088.jpg,178
00021089.jpg,178
00021090.jpg,178
00021091.jpg,178
00021092.jpg,178
00021093.jpg,178
00021094.jpg,178
00021095.jpg,178
00021096.jpg,178
00021097.jpg,178
00021098.jpg,178
00021099.jpg,178
00021100.jpg,178
00021101.jpg,178
00021102.jpg,178
00021103.jpg,178
00021104.jpg,178
00021105.jpg,178
00021106.jpg,178
00021107.jpg,178
00021108.jpg,178
00021109.jpg,178
00021110.jpg,178
00021111.jpg,178
00021112.jpg,178
00021113.jpg,178
00021114.jpg,178
00021115.jpg,178
00021116.jpg,178
00021117.jpg,178
00021118.jpg,178
00021119.jpg,178
00021120.jpg,178
00021121.jpg,178
00021122.jpg,178
00021123.jpg,179
00021124.jpg,179
00021125.jpg,179
00021126.jpg,179
00021127.jpg,179
00021128.jpg,179
00021129.jpg,179
00021130.jpg,179
00021131.jpg,179
00021132.jpg,179
00021133.jpg,179
00021134.jpg,179
00021135.jpg,179
00021136.jpg,179
00021137.jpg,179
00021138.jpg,179
00021139.jpg,179
00021140.jpg,179
00021141.jpg,179
00021142.jpg,179
00021143.jpg,179
00021144.jpg,179
00021145.jpg,179
00021146.jpg,179
00021147.jpg,179
00021148.jpg,179
00021149.jpg,179
00021150.jpg,179
00021151.jpg,179
00021152.jpg,179
00021153.jpg,179
00021154.jpg,179
00021155.jpg,179
00021156.jpg,179
00021157.jpg,179
00021158.jpg,179
00021159.jpg,179
00021160.jpg,179
00021161.jpg,179
00021162.jpg,179
00021163.jpg,179
00021164.jpg,179
00021165.jpg,179
00021166.jpg,179
00021167.jpg,179
00021168.jpg,179
00021169.jpg,179
00021170.jpg,179
00021171.jpg,179
00021172.jpg,179
00021173.jpg,179
00021174.jpg,179
00021175.jpg,179
00021176.jpg,179
00021177.jpg,179
00021178.jpg,179
00021179.jpg,179
00021180.jpg,179
00021181.jpg,179
00021182.jpg,179
00021183.jpg,179
00021184.jpg,179
00021185.jpg,179
00021186.jpg,179
00021187.jpg,179
00021188.jpg,179
00021189.jpg,179
00021190.jpg,179
00021191.jpg,179
00021192.jpg,179
00021193.jpg,179
00021194.jpg,179
00021195.jpg,179
00021196.jpg,179
00021197.jpg,179
00021198.jpg,179
00021199.jpg,179
00021200.jpg,179
00021201.jpg,179
00021202.jpg,179
00021203.jpg,179
00021204.jpg,179
00021205.jpg,179
00021206.jpg,179
00021207.jpg,179
00021208.jpg,179
00021209.jpg,179
00021210.jpg,179
00021211.jpg,179
00021212.jpg,179
00021213.jpg,179
00021214.jpg,179
00021215.jpg,179
00021216.jpg,179
00021217.jpg,179
00021218.jpg,179
00021219.jpg,179
00021220.jpg,179
00021221.jpg,179
00021222.jpg,179
00021223.jpg,179
00021224.jpg,179
00021225.jpg,179
00021226.jpg,179
00021227.jpg,179
00021228.jpg,179
00021229.jpg,179
00021230.jpg,179
00021231.jpg,179
00021232.jpg,179
00021233.jpg,179
00021234.jpg,179
00021235.jpg,179
00021236.jpg,179
00021237.jpg,179
00021238.jpg,179
00021239.jpg,179
00021240.jpg,179
00021241.jpg,180
00021242.jpg,180
00021243.jpg,180
00021244.jpg,180
00021245.jpg,180
00021246.jpg,180
00021247.jpg,180
00021248.jpg,180
00021249.jpg,180
00021250.jpg,180
00021251.jpg,180
00021252.jpg,180
00021253.jpg,180
00021254.jpg,180
00021255.jpg,180
00021256.jpg,180
00021257.jpg,180
00021258.jpg,180
00021259.jpg,180
00021260.jpg,180
00021261.jpg,180
00021262.jpg,180
00021263.jpg,180
00021264.jpg,180
00021265.jpg,180
00021266.jpg,180
00021267.jpg,180
00021268.jpg,180
00021269.jpg,180
00021270.jpg,180
00021271.jpg,180
00021272.jpg,180
00021273.jpg,180
00021274.jpg,180
00021275.jpg,180
00021276.jpg,180
00021277.jpg,180
00021278.jpg,180
00021279.jpg,180
00021280.jpg,180
00021281.jpg,180
00021282.jpg,180
00021283.jpg,180
00021284.jpg,180
00021285.jpg,180
00021286.jpg,180
00021287.jpg,180
00021288.jpg,180
00021289.jpg,180
00021290.jpg,180
00021291.jpg,180
00021292.jpg,180
00021293.jpg,180
00021294.jpg,180
00021295.jpg,180
00021296.jpg,180
00021297.jpg,180
00021298.jpg,180
00021299.jpg,180
00021300.jpg,180
00021301.jpg,180
00021302.jpg,180
00021303.jpg,180
00021304.jpg,180
00021305.jpg,180
00021306.jpg,180
00021307.jpg,180
00021308.jpg,180
00021309.jpg,180
00021310.jpg,180
00021311.jpg,180
00021312.jpg,180
00021313.jpg,180
00021314.jpg,180
00021315.jpg,180
00021316.jpg,180
00021317.jpg,180
00021318.jpg,180
00021319.jpg,180
00021320.jpg,180
00021321.jpg,180
00021322.jpg,180
00021323.jpg,180
00021324.jpg,180
00021325.jpg,180
00021326.jpg,180
00021327.jpg,180
00021328.jpg,180
00021329.jpg,180
00021330.jpg,180
00021331.jpg,180
00021332.jpg,180
00021333.jpg,180
00021334.jpg,180
00021335.jpg,180
00021336.jpg,180
00021337.jpg,180
00021338.jpg,180
00021339.jpg,180
00021340.jpg,180
00021341.jpg,180
00021342.jpg,180
00021343.jpg,180
00021344.jpg,180
00021345.jpg,180
00021346.jpg,180
00021347.jpg,180
00021348.jpg,180
00021349.jpg,180
00021350.jpg,180
00021351.jpg,180
00021352.jpg,180
00021353.jpg,180
00021354.jpg,180
00021355.jpg,180
00021356.jpg,180
00021357.jpg,180
00021358.jpg,180
00021359.jpg,181
00021360.jpg,181
00021361.jpg,181
00021362.jpg,181
00021363.jpg,181
00021364.jpg,181
00021365.jpg,181
00021366.jpg,181
00021367.jpg,181
00021368.jpg,181
00021369.jpg,181
00021370.jpg,181
00021371.jpg,181
00021372.jpg,181
00021373.jpg,181
00021374.jpg,181
00021375.jpg,181
00021376.jpg,181
00021377.jpg,181
00021378.jpg,181
00021379.jpg,181
00021380.jpg,181
00021381.jpg,181
00021382.jpg,181
00021383.jpg,181
00021384.jpg,181
00021385.jpg,181
00021386.jpg,181
00021387.jpg,181
00021388.jpg,181
00021389.jpg,181
00021390.jpg,181
00021391.jpg,181
00021392.jpg,181
00021393.jpg,181
00021394.jpg,181
00021395.jpg,181
00021396.jpg,181
00021397.jpg,181
00021398.jpg,181
00021399.jpg,181
00021400.jpg,181
00021401.jpg,181
00021402.jpg,181
00021403.jpg,181
00021404.jpg,181
00021405.jpg,181
00021406.jpg,181
00021407.jpg,181
00021408.jpg,181
00021409.jpg,181
00021410.jpg,181
00021411.jpg,181
00021412.jpg,181
00021413.jpg,181
00021414.jpg,181
00021415.jpg,181
00021416.jpg,181
00021417.jpg,181
00021418.jpg,181
00021419.jpg,181
00021420.jpg,181
00021421.jpg,181
00021422.jpg,181
00021423.jpg,181
00021424.jpg,181
00021425.jpg,181
00021426.jpg,181
00021427.jpg,181
00021428.jpg,181
00021429.jpg,181
00021430.jpg,181
00021431.jpg,181
00021432.jpg,181
00021433.jpg,181
00021434.jpg,181
00021435.jpg,181
00021436.jpg,181
00021437.jpg,181
00021438.jpg,181
00021439.jpg,181
00021440.jpg,181
00021441.jpg,181
00021442.jpg,181
00021443.jpg,181
00021444.jpg,181
00021445.jpg,181
00021446.jpg,181
00021447.jpg,181
00021448.jpg,181
00021449.jpg,181
00021450.jpg,181
00021451.jpg,181
00021452.jpg,181
00021453.jpg,181
00021454.jpg,181
00021455.jpg,181
00021456.jpg,181
00021457.jpg,181
00021458.jpg,181
00021459.jpg,181
00021460.jpg,181
00021461.jpg,181
00021462.jpg,181
00021463.jpg,181
00021464.jpg,181
00021465.jpg,181
00021466.jpg,181
00021467.jpg,181
00021468.jpg,181
00021469.jpg,181
00021470.jpg,181
00021471.jpg,181
00021472.jpg,181
00021473.jpg,181
00021474.jpg,181
00021475.jpg,181
00021476.jpg,181
00021477.jpg,182
00021478.jpg,182
00021479.jpg,182
00021480.jpg,182
00021481.jpg,182
00021482.jpg,182
00021483.jpg,182
00021484.jpg,182
00021485.jpg,182
00021486.jpg,182
00021487.jpg,182
00021488.jpg,182
00021489.jpg,182
00021490.jpg,182
00021491.jpg,182
00021492.jpg,182
00021493.jpg,182
00021494.jpg,182
00021495.jpg,182
00021496.jpg,182
00021497.jpg,182
00021498.jpg,182
00021499.jpg,182
00021500.jpg,182
00021501.jpg,182
00021502.jpg,182
00021503.jpg,182
00021504.jpg,182
00021505.jpg,182
00021506.jpg,182
00021507.jpg,182
00021508.jpg,182
00021509.jpg,182
00021510.jpg,182
00021511.jpg,182
00021512.jpg,182
00021513.jpg,182
00021514.jpg,182
00021515.jpg,182
00021516.jpg,182
00021517.jpg,182
00021518.jpg,182
00021519.jpg,182
00021520.jpg,182
00021521.jpg,182
00021522.jpg,182
00021523.jpg,182
00021524.jpg,182
00021525.jpg,182
00021526.jpg,182
00021527.jpg,182
00021528.jpg,182
00021529.jpg,182
00021530.jpg,182
00021531.jpg,182
00021532.jpg,182
00021533.jpg,182
00021534.jpg,182
00021535.jpg,182
00021536.jpg,182
00021537.jpg,182
00021538.jpg,182
00021539.jpg,182
00021540.jpg,182
00021541.jpg,182
00021542.jpg,182
00021543.jpg,182
00021544.jpg,182
00021545.jpg,182
00021546.jpg,182
00021547.jpg,182
00021548.jpg,182
00021549.jpg,182
00021550.jpg,182
00021551.jpg,182
00021552.jpg,182
00021553.jpg,182
00021554.jpg,182
00021555.jpg,182
00021556.jpg,182
00021557.jpg,182
00021558.jpg,182
00021559.jpg,182
00021560.jpg,182
00021561.jpg,182
00021562.jpg,182
00021563.jpg,182
00021564.jpg,182
00021565.jpg,182
00021566.jpg,182
00021567.jpg,182
00021568.jpg,182
00021569.jpg,182
00021570.jpg,182
00021571.jpg,182
00021572.jpg,182
00021573.jpg,182
00021574.jpg,182
00021575.jpg,182
00021576.jpg,182
00021577.jpg,182
00021578.jpg,182
00021579.jpg,182
00021580.jpg,182
00021581.jpg,182
00021582.jpg,182
00021583.jpg,182
00021584.jpg,182
00021585.jpg,182
00021586.jpg,182
00021587.jpg,182
00021588.jpg,182
00021589.jpg,182
00021590.jpg,182
00021591.jpg,182
00021592.jpg,182
00021593.jpg,182
00021594.jpg,182
00021595.jpg,183
00021596.jpg,183
00021597.jpg,183
00021598.jpg,183
00021599.jpg,183
00021600.jpg,183
00021601.jpg,183
00021602.jpg,183
00021603.jpg,183
00021604.jpg,183
00021605.jpg,183
00021606.jpg,183
00021607.jpg,183
00021608.jpg,183
00021609.jpg,183
00021610.jpg,183
00021611.jpg,183
00021612.jpg,183
00021613.jpg,183
00021614.jpg,183
00021615.jpg,183
00021616.jpg,183
00021617.jpg,183
00021618.jpg,183
00021619.jpg,183
00021620.jpg,183
00021621.jpg,183
00021622.jpg,183
00021623.jpg,183
00021624.jpg,183
00021625.jpg,183
00021626.jpg,183
00021627.jpg,183
00021628.jpg,183
00021629.jpg,183
00021630.jpg,183
00021631.jpg,183
00021632.jpg,183
00021633.jpg,183
00021634.jpg,183
00021635.jpg,183
00021636.jpg,183
00021637.jpg,183
00021638.jpg,183
00021639.jpg,183
00021640.jpg,183
00021641.jpg,183
00021642.jpg,183
00021643.jpg,183
00021644.jpg,183
00021645.jpg,183
00021646.jpg,183
00021647.jpg,183
00021648.jpg,183
00021649.jpg,183
00021650.jpg,183
00021651.jpg,183
00021652.jpg,183
00021653.jpg,183
00021654.jpg,183
00021655.jpg,183
00021656.jpg,183
00021657.jpg,183
00021658.jpg,183
00021659.jpg,183
00021660.jpg,183
00021661.jpg,183
00021662.jpg,183
00021663.jpg,183
00021664.jpg,183
00021665.jpg,183
00021666.jpg,183
00021667.jpg,183
00021668.jpg,183
00021669.jpg,183
00021670.jpg,183
00021671.jpg,183
00021672.jpg,183
00021673.jpg,183
00021674.jpg,183
00021675.jpg,183
00021676.jpg,183
00021677.jpg,183
00021678.jpg,183
00021679.jpg,183
00021680.jpg,183
00021681.jpg,183
00021682.jpg,183
00021683.jpg,183
00021684.jpg,183
00021685.jpg,183
00021686.jpg,183
00021687.jpg,183
00021688.jpg,183
00021689.jpg,183
00021690.jpg,183
00021691.jpg,183
00021692.jpg,183
00021693.jpg,183
00021694.jpg,183
00021695.jpg,183
00021696.jpg,183
00021697.jpg,183
00021698.jpg,183
00021699.jpg,183
00021700.jpg,183
00021701.jpg,183
00021702.jpg,183
00021703.jpg,183
00021704.jpg,183
00021705.jpg,183
00021706.jpg,183
00021707.jpg,183
00021708.jpg,183
00021709.jpg,183
00021710.jpg,183
00021711.jpg,183
00021712.jpg,183
00021713.jpg,184
00021714.jpg,184
00021715.jpg,184
00021716.jpg,184
00021717.jpg,184
00021718.jpg,184
00021719.jpg,184
00021720.jpg,184
00021721.jpg,184
00021722.jpg,184
00021723.jpg,184
00021724.jpg,184
00021725.jpg,184
00021726.jpg,184
00021727.jpg,184
00021728.jpg,184
00021729.jpg,184
00021730.jpg,184
00021731.jpg,184
00021732.jpg,184
00021733.jpg,184
00021734.jpg,184
00021735.jpg,184
00021736.jpg,184
00021737.jpg,184
00021738.jpg,184
00021739.jpg,184
00021740.jpg,184
00021741.jpg,184
00021742.jpg,184
00021743.jpg,184
00021744.jpg,184
00021745.jpg,184
00021746.jpg,184
00021747.jpg,184
00021748.jpg,184
00021749.jpg,184
00021750.jpg,184
00021751.jpg,184
00021752.jpg,184
00021753.jpg,184
00021754.jpg,184
00021755.jpg,184
00021756.jpg,184
00021757.jpg,184
00021758.jpg,184
00021759.jpg,184
00021760.jpg,184
00021761.jpg,184
00021762.jpg,184
00021763.jpg,184
00021764.jpg,184
00021765.jpg,184
00021766.jpg,184
00021767.jpg,184
00021768.jpg,184
00021769.jpg,184
00021770.jpg,184
00021771.jpg,184
00021772.jpg,184
00021773.jpg,184
00021774.jpg,184
00021775.jpg,184
00021776.jpg,184
00021777.jpg,184
00021778.jpg,184
00021779.jpg,184
00021780.jpg,184
00021781.jpg,184
00021782.jpg,184
00021783.jpg,184
00021784.jpg,184
00021785.jpg,184
00021786.jpg,184
00021787.jpg,184
00021788.jpg,184
00021789.jpg,184
00021790.jpg,184
00021791.jpg,184
00021792.jpg,184
00021793.jpg,184
00021794.jpg,184
00021795.jpg,184
00021796.jpg,184
00021797.jpg,184
00021798.jpg,184
00021799.jpg,184
00021800.jpg,184
00021801.jpg,184
00021802.jpg,184
00021803.jpg,184
00021804.jpg,184
00021805.jpg,184
00021806.jpg,184
00021807.jpg,184
00021808.jpg,184
00021809.jpg,184
00021810.jpg,184
00021811.jpg,184
00021812.jpg,184
00021813.jpg,184
00021814.jpg,184
00021815.jpg,184
00021816.jpg,184
00021817.jpg,184
00021818.jpg,184
00021819.jpg,184
00021820.jpg,184
00021821.jpg,184
00021822.jpg,184
00021823.jpg,184
00021824.jpg,184
00021825.jpg,184
00021826.jpg,184
00021827.jpg,184
00021828.jpg,184
00021829.jpg,184
00021830.jpg,184
00021831.jpg,185
00021832.jpg,185
00021833.jpg,185
00021834.jpg,185
00021835.jpg,185
00021836.jpg,185
00021837.jpg,185
00021838.jpg,185
00021839.jpg,185
00021840.jpg,185
00021841.jpg,185
00021842.jpg,185
00021843.jpg,185
00021844.jpg,185
00021845.jpg,185
00021846.jpg,185
00021847.jpg,185
00021848.jpg,185
00021849.jpg,185
00021850.jpg,185
00021851.jpg,185
00021852.jpg,185
00021853.jpg,185
00021854.jpg,185
00021855.jpg,185
00021856.jpg,185
00021857.jpg,185
00021858.jpg,185
00021859.jpg,185
00021860.jpg,185
00021861.jpg,185
00021862.jpg,185
00021863.jpg,185
00021864.jpg,185
00021865.jpg,185
00021866.jpg,185
00021867.jpg,185
00021868.jpg,185
00021869.jpg,185
00021870.jpg,185
00021871.jpg,185
00021872.jpg,185
00021873.jpg,185
00021874.jpg,185
00021875.jpg,185
00021876.jpg,185
00021877.jpg,185
00021878.jpg,185
00021879.jpg,185
00021880.jpg,185
00021881.jpg,185
00021882.jpg,185
00021883.jpg,185
00021884.jpg,185
00021885.jpg,185
00021886.jpg,185
00021887.jpg,185
00021888.jpg,185
00021889.jpg,185
00021890.jpg,185
00021891.jpg,185
00021892.jpg,185
00021893.jpg,185
00021894.jpg,185
00021895.jpg,185
00021896.jpg,185
00021897.jpg,185
00021898.jpg,185
00021899.jpg,185
00021900.jpg,185
00021901.jpg,185
00021902.jpg,185
00021903.jpg,185
00021904.jpg,185
00021905.jpg,185
00021906.jpg,185
00021907.jpg,185
00021908.jpg,185
00021909.jpg,185
00021910.jpg,185
00021911.jpg,185
00021912.jpg,185
00021913.jpg,185
00021914.jpg,185
00021915.jpg,185
00021916.jpg,185
00021917.jpg,185
00021918.jpg,185
00021919.jpg,185
00021920.jpg,185
00021921.jpg,185
00021922.jpg,185
00021923.jpg,185
00021924.jpg,185
00021925.jpg,185
00021926.jpg,185
00021927.jpg,185
00021928.jpg,185
00021929.jpg,185
00021930.jpg,185
00021931.jpg,185
00021932.jpg,185
00021933.jpg,185
00021934.jpg,185
00021935.jpg,185
00021936.jpg,185
00021937.jpg,185
00021938.jpg,185
00021939.jpg,185
00021940.jpg,185
00021941.jpg,185
00021942.jpg,185
00021943.jpg,185
00021944.jpg,185
00021945.jpg,185
00021946.jpg,185
00021947.jpg,185
00021948.jpg,185
00021949.jpg,186
00021950.jpg,186
00021951.jpg,186
00021952.jpg,186
00021953.jpg,186
00021954.jpg,186
00021955.jpg,186
00021956.jpg,186
00021957.jpg,186
00021958.jpg,186
00021959.jpg,186
00021960.jpg,186
00021961.jpg,186
00021962.jpg,186
00021963.jpg,186
00021964.jpg,186
00021965.jpg,186
00021966.jpg,186
00021967.jpg,186
00021968.jpg,186
00021969.jpg,186
00021970.jpg,186
00021971.jpg,186
00021972.jpg,186
00021973.jpg,186
00021974.jpg,186
00021975.jpg,186
00021976.jpg,186
00021977.jpg,186
00021978.jpg,186
00021979.jpg,186
00021980.jpg,186
00021981.jpg,186
00021982.jpg,186
00021983.jpg,186
00021984.jpg,186
00021985.jpg,186
00021986.jpg,186
00021987.jpg,186
00021988.jpg,186
00021989.jpg,186
00021990.jpg,186
00021991.jpg,186
00021992.jpg,186
00021993.jpg,186
00021994.jpg,186
00021995.jpg,186
00021996.jpg,186
00021997.jpg,186
00021998.jpg,186
00021999.jpg,186
00022000.jpg,186
00022001.jpg,186
00022002.jpg,186
00022003.jpg,186
00022004.jpg,186
00022005.jpg,186
00022006.jpg,186
00022007.jpg,186
00022008.jpg,186
00022009.jpg,186
00022010.jpg,186
00022011.jpg,186
00022012.jpg,186
00022013.jpg,186
00022014.jpg,186
00022015.jpg,186
00022016.jpg,186
00022017.jpg,186
00022018.jpg,186
00022019.jpg,186
00022020.jpg,186
00022021.jpg,186
00022022.jpg,186
00022023.jpg,186
00022024.jpg,186
00022025.jpg,186
00022026.jpg,186
00022027.jpg,186
00022028.jpg,186
00022029.jpg,186
00022030.jpg,186
00022031.jpg,186
00022032.jpg,186
00022033.jpg,186
00022034.jpg,186
00022035.jpg,186
00022036.jpg,186
00022037.jpg,186
00022038.jpg,186
00022039.jpg,186
00022040.jpg,186
00022041.jpg,186
00022042.jpg,186
00022043.jpg,186
00022044.jpg,186
00022045.jpg,186
00022046.jpg,186
00022047.jpg,186
00022048.jpg,186
00022049.jpg,186
00022050.jpg,186
00022051.jpg,186
00022052.jpg,186
00022053.jpg,186
00022054.jpg,186
00022055.jpg,186
00022056.jpg,186
00022057.jpg,186
00022058.jpg,186
00022059.jpg,186
00022060.jpg,186
00022061.jpg,186
00022062.jpg,186
00022063.jpg,186
00022064.jpg,186
00022065.jpg,186
00022066.jpg,186
00022067.jpg,187
00022068.jpg,187
00022069.jpg,187
00022070.jpg,187
00022071.jpg,187
00022072.jpg,187
00022073.jpg,187
00022074.jpg,187
00022075.jpg,187
00022076.jpg,187
00022077.jpg,187
00022078.jpg,187
00022079.jpg,187
00022080.jpg,187
00022081.jpg,187
00022082.jpg,187
00022083.jpg,187
00022084.jpg,187
00022085.jpg,187
00022086.jpg,187
00022087.jpg,187
00022088.jpg,187
00022089.jpg,187
00022090.jpg,187
00022091.jpg,187
00022092.jpg,187
00022093.jpg,187
00022094.jpg,187
00022095.jpg,187
00022096.jpg,187
00022097.jpg,187
00022098.jpg,187
00022099.jpg,187
00022100.jpg,187
00022101.jpg,187
00022102.jpg,187
00022103.jpg,187
00022104.jpg,187
00022105.jpg,187
00022106.jpg,187
00022107.jpg,187
00022108.jpg,187
00022109.jpg,187
00022110.jpg,187
00022111.jpg,187
00022112.jpg,187
00022113.jpg,187
00022114.jpg,187
00022115.jpg,187
00022116.jpg,187
00022117.jpg,187
00022118.jpg,187
00022119.jpg,187
00022120.jpg,187
00022121.jpg,187
00022122.jpg,187
00022123.jpg,187
00022124.jpg,187
00022125.jpg,187
00022126.jpg,187
00022127.jpg,187
00022128.jpg,187
00022129.jpg,187
00022130.jpg,187
00022131.jpg,187
00022132.jpg,187
00022133.jpg,187
00022134.jpg,187
00022135.jpg,187
00022136.jpg,187
00022137.jpg,187
00022138.jpg,187
00022139.jpg,187
00022140.jpg,187
00022141.jpg,187
00022142.jpg,187
00022143.jpg,187
00022144.jpg,187
00022145.jpg,187
00022146.jpg,187
00022147.jpg,187
00022148.jpg,187
00022149.jpg,187
00022150.jpg,187
00022151.jpg,187
00022152.jpg,187
00022153.jpg,187
00022154.jpg,187
00022155.jpg,187
00022156.jpg,187
00022157.jpg,187
00022158.jpg,187
00022159.jpg,187
00022160.jpg,187
00022161.jpg,187
00022162.jpg,187
00022163.jpg,187
00022164.jpg,187
00022165.jpg,187
00022166.jpg,187
00022167.jpg,187
00022168.jpg,187
00022169.jpg,187
00022170.jpg,187
00022171.jpg,187
00022172.jpg,187
00022173.jpg,187
00022174.jpg,187
00022175.jpg,187
00022176.jpg,187
00022177.jpg,187
00022178.jpg,187
00022179.jpg,187
00022180.jpg,187
00022181.jpg,187
00022182.jpg,187
00022183.jpg,187
00022184.jpg,187
00022185.jpg,188
00022186.jpg,188
00022187.jpg,188
00022188.jpg,188
00022189.jpg,188
00022190.jpg,188
00022191.jpg,188
00022192.jpg,188
00022193.jpg,188
00022194.jpg,188
00022195.jpg,188
00022196.jpg,188
00022197.jpg,188
00022198.jpg,188
00022199.jpg,188
00022200.jpg,188
00022201.jpg,188
00022202.jpg,188
00022203.jpg,188
00022204.jpg,188
00022205.jpg,188
00022206.jpg,188
00022207.jpg,188
00022208.jpg,188
00022209.jpg,188
00022210.jpg,188
00022211.jpg,188
00022212.jpg,188
00022213.jpg,188
00022214.jpg,188
00022215.jpg,188
00022216.jpg,188
00022217.jpg,188
00022218.jpg,188
00022219.jpg,188
00022220.jpg,188
00022221.jpg,188
00022222.jpg,188
00022223.jpg,188
00022224.jpg,188
00022225.jpg,188
00022226.jpg,188
00022227.jpg,188
00022228.jpg,188
00022229.jpg,188
00022230.jpg,188
00022231.jpg,188
00022232.jpg,188
00022233.jpg,188
00022234.jpg,188
00022235.jpg,188
00022236.jpg,188
00022237.jpg,188
00022238.jpg,188
00022239.jpg,188
00022240.jpg,188
00022241.jpg,188
00022242.jpg,188
00022243.jpg,188
00022244.jpg,188
00022245.jpg,188
00022246.jpg,188
00022247.jpg,188
00022248.jpg,188
00022249.jpg,188
00022250.jpg,188
00022251.jpg,188
00022252.jpg,188
00022253.jpg,188
00022254.jpg,188
00022255.jpg,188
00022256.jpg,188
00022257.jpg,188
00022258.jpg,188
00022259.jpg,188
00022260.jpg,188
00022261.jpg,188
00022262.jpg,188
00022263.jpg,188
00022264.jpg,188
00022265.jpg,188
00022266.jpg,188
00022267.jpg,188
00022268.jpg,188
00022269.jpg,188
00022270.jpg,188
00022271.jpg,188
00022272.jpg,188
00022273.jpg,188
00022274.jpg,188
00022275.jpg,188
00022276.jpg,188
00022277.jpg,188
00022278.jpg,188
00022279.jpg,188
00022280.jpg,188
00022281.jpg,188
00022282.jpg,188
00022283.jpg,188
00022284.jpg,188
00022285.jpg,188
00022286.jpg,188
00022287.jpg,188
00022288.jpg,188
00022289.jpg,188
00022290.jpg,188
00022291.jpg,188
00022292.jpg,188
00022293.jpg,188
00022294.jpg,188
00022295.jpg,188
00022296.jpg,188
00022297.jpg,188
00022298.jpg,188
00022299.jpg,188
00022300.jpg,188
00022301.jpg,188
00022302.jpg,188
00022303.jpg,189
00022304.jpg,189
00022305.jpg,189
00022306.jpg,189
00022307.jpg,189
00022308.jpg,189
00022309.jpg,189
00022310.jpg,189
00022311.jpg,189
00022312.jpg,189
00022313.jpg,189
00022314.jpg,189
00022315.jpg,189
00022316.jpg,189
00022317.jpg,189
00022318.jpg,189
00022319.jpg,189
00022320.jpg,189
00022321.jpg,189
00022322.jpg,189
00022323.jpg,189
00022324.jpg,189
00022325.jpg,189
00022326.jpg,189
00022327.jpg,189
00022328.jpg,189
00022329.jpg,189
00022330.jpg,189
00022331.jpg,189
00022332.jpg,189
00022333.jpg,189
00022334.jpg,189
00022335.jpg,189
00022336.jpg,189
00022337.jpg,189
00022338.jpg,189
00022339.jpg,189
00022340.jpg,189
00022341.jpg,189
00022342.jpg,189
00022343.jpg,189
00022344.jpg,189
00022345.jpg,189
00022346.jpg,189
00022347.jpg,189
00022348.jpg,189
00022349.jpg,189
00022350.jpg,189
00022351.jpg,189
00022352.jpg,189
00022353.jpg,189
00022354.jpg,189
00022355.jpg,189
00022356.jpg,189
00022357.jpg,189
00022358.jpg,189
00022359.jpg,189
00022360.jpg,189
00022361.jpg,189
00022362.jpg,189
00022363.jpg,189
00022364.jpg,189
00022365.jpg,189
00022366.jpg,189
00022367.jpg,189
00022368.jpg,189
00022369.jpg,189
00022370.jpg,189
00022371.jpg,189
00022372.jpg,189
00022373.jpg,189
00022374.jpg,189
00022375.jpg,189
00022376.jpg,189
00022377.jpg,189
00022378.jpg,189
00022379.jpg,189
00022380.jpg,189
00022381.jpg,189
00022382.jpg,189
00022383.jpg,189
00022384.jpg,189
00022385.jpg,189
00022386.jpg,189
00022387.jpg,189
00022388.jpg,189
00022389.jpg,189
00022390.jpg,189
00022391.jpg,189
00022392.jpg,189
00022393.jpg,189
00022394.jpg,189
00022395.jpg,189
00022396.jpg,189
00022397.jpg,189
00022398.jpg,189
00022399.jpg,189
00022400.jpg,189
00022401.jpg,189
00022402.jpg,189
00022403.jpg,189
00022404.jpg,189
00022405.jpg,189
00022406.jpg,189
00022407.jpg,189
00022408.jpg,189
00022409.jpg,189
00022410.jpg,189
00022411.jpg,189
00022412.jpg,189
00022413.jpg,189
00022414.jpg,189
00022415.jpg,189
00022416.jpg,189
00022417.jpg,189
00022418.jpg,189
00022419.jpg,189
00022420.jpg,189
00022421.jpg,190
00022422.jpg,190
00022423.jpg,190
00022424.jpg,190
00022425.jpg,190
00022426.jpg,190
00022427.jpg,190
00022428.jpg,190
00022429.jpg,190
00022430.jpg,190
00022431.jpg,190
00022432.jpg,190
00022433.jpg,190
00022434.jpg,190
00022435.jpg,190
00022436.jpg,190
00022437.jpg,190
00022438.jpg,190
00022439.jpg,190
00022440.jpg,190
00022441.jpg,190
00022442.jpg,190
00022443.jpg,190
00022444.jpg,190
00022445.jpg,190
00022446.jpg,190
00022447.jpg,190
00022448.jpg,190
00022449.jpg,190
00022450.jpg,190
00022451.jpg,190
00022452.jpg,190
00022453.jpg,190
00022454.jpg,190
00022455.jpg,190
00022456.jpg,190
00022457.jpg,190
00022458.jpg,190
00022459.jpg,190
00022460.jpg,190
00022461.jpg,190
00022462.jpg,190
00022463.jpg,190
00022464.jpg,190
00022465.jpg,190
00022466.jpg,190
00022467.jpg,190
00022468.jpg,190
00022469.jpg,190
00022470.jpg,190
00022471.jpg,190
00022472.jpg,190
00022473.jpg,190
00022474.jpg,190
00022475.jpg,190
00022476.jpg,190
00022477.jpg,190
00022478.jpg,190
00022479.jpg,190
00022480.jpg,190
00022481.jpg,190
00022482.jpg,190
00022483.jpg,190
00022484.jpg,190
00022485.jpg,190
00022486.jpg,190
00022487.jpg,190
00022488.jpg,190
00022489.jpg,190
00022490.jpg,190
00022491.jpg,190
00022492.jpg,190
00022493.jpg,190
00022494.jpg,190
00022495.jpg,190
00022496.jpg,190
00022497.jpg,190
00022498.jpg,190
00022499.jpg,190
00022500.jpg,190
00022501.jpg,190
00022502.jpg,190
00022503.jpg,190
00022504.jpg,190
00022505.jpg,190
00022506.jpg,190
00022507.jpg,190
00022508.jpg,190
00022509.jpg,190
00022510.jpg,190
00022511.jpg,190
00022512.jpg,190
00022513.jpg,190
00022514.jpg,190
00022515.jpg,190
00022516.jpg,190
00022517.jpg,190
00022518.jpg,190
00022519.jpg,190
00022520.jpg,190
00022521.jpg,190
00022522.jpg,190
00022523.jpg,190
00022524.jpg,190
00022525.jpg,190
00022526.jpg,190
00022527.jpg,190
00022528.jpg,190
00022529.jpg,190
00022530.jpg,190
00022531.jpg,190
00022532.jpg,190
00022533.jpg,190
00022534.jpg,190
00022535.jpg,190
00022536.jpg,190
00022537.jpg,190
00022538.jpg,190
00022539.jpg,191
00022540.jpg,191
00022541.jpg,191
00022542.jpg,191
00022543.jpg,191
00022544.jpg,191
00022545.jpg,191
00022546.jpg,191
00022547.jpg,191
00022548.jpg,191
00022549.jpg,191
00022550.jpg,191
00022551.jpg,191
00022552.jpg,191
00022553.jpg,191
00022554.jpg,191
00022555.jpg,191
00022556.jpg,191
00022557.jpg,191
00022558.jpg,191
00022559.jpg,191
00022560.jpg,191
00022561.jpg,191
00022562.jpg,191
00022563.jpg,191
00022564.jpg,191
00022565.jpg,191
00022566.jpg,191
00022567.jpg,191
00022568.jpg,191
00022569.jpg,191
00022570.jpg,191
00022571.jpg,191
00022572.jpg,191
00022573.jpg,191
00022574.jpg,191
00022575.jpg,191
00022576.jpg,191
00022577.jpg,191
00022578.jpg,191
00022579.jpg,191
00022580.jpg,191
00022581.jpg,191
00022582.jpg,191
00022583.jpg,191
00022584.jpg,191
00022585.jpg,191
00022586.jpg,191
00022587.jpg,191
00022588.jpg,191
00022589.jpg,191
00022590.jpg,191
00022591.jpg,191
00022592.jpg,191
00022593.jpg,191
00022594.jpg,191
00022595.jpg,191
00022596.jpg,191
00022597.jpg,191
00022598.jpg,191
00022599.jpg,191
00022600.jpg,191
00022601.jpg,191
00022602.jpg,191
00022603.jpg,191
00022604.jpg,191
00022605.jpg,191
00022606.jpg,191
00022607.jpg,191
00022608.jpg,191
00022609.jpg,191
00022610.jpg,191
00022611.jpg,191
00022612.jpg,191
00022613.jpg,191
00022614.jpg,191
00022615.jpg,191
00022616.jpg,191
00022617.jpg,191
00022618.jpg,191
00022619.jpg,191
00022620.jpg,191
00022621.jpg,191
00022622.jpg,191
00022623.jpg,191
00022624.jpg,191
00022625.jpg,191
00022626.jpg,191
00022627.jpg,191
00022628.jpg,191
00022629.jpg,191
00022630.jpg,191
00022631.jpg,191
00022632.jpg,191
00022633.jpg,191
00022634.jpg,191
00022635.jpg,191
00022636.jpg,191
00022637.jpg,191
00022638.jpg,191
00022639.jpg,191
00022640.jpg,191
00022641.jpg,191
00022642.jpg,191
00022643.jpg,191
00022644.jpg,191
00022645.jpg,191
00022646.jpg,191
00022647.jpg,191
00022648.jpg,191
00022649.jpg,191
00022650.jpg,191
00022651.jpg,191
00022652.jpg,191
00022653.jpg,191
00022654.jpg,191
00022655.jpg,191
00022656.jpg,191
00022657.jpg,192
00022658.jpg,192
00022659.jpg,192
00022660.jpg,192
00022661.jpg,192
00022662.jpg,192
00022663.jpg,192
00022664.jpg,192
00022665.jpg,192
00022666.jpg,192
00022667.jpg,192
00022668.jpg,192
00022669.jpg,192
00022670.jpg,192
00022671.jpg,192
00022672.jpg,192
00022673.jpg,192
00022674.jpg,192
00022675.jpg,192
00022676.jpg,192
00022677.jpg,192
00022678.jpg,192
00022679.jpg,192
00022680.jpg,192
00022681.jpg,192
00022682.jpg,192
00022683.jpg,192
00022684.jpg,192
00022685.jpg,192
00022686.jpg,192
00022687.jpg,192
00022688.jpg,192
00022689.jpg,192
00022690.jpg,192
00022691.jpg,192
00022692.jpg,192
00022693.jpg,192
00022694.jpg,192
00022695.jpg,192
00022696.jpg,192
00022697.jpg,192
00022698.jpg,192
00022699.jpg,192
00022700.jpg,192
00022701.jpg,192
00022702.jpg,192
00022703.jpg,192
00022704.jpg,192
00022705.jpg,192
00022706.jpg,192
00022707.jpg,192
00022708.jpg,192
00022709.jpg,192
00022710.jpg,192
00022711.jpg,192
00022712.jpg,192
00022713.jpg,192
00022714.jpg,192
00022715.jpg,192
00022716.jpg,192
00022717.jpg,192
00022718.jpg,192
00022719.jpg,192
00022720.jpg,192
00022721.jpg,192
00022722.jpg,192
00022723.jpg,192
00022724.jpg,192
00022725.jpg,192
00022726.jpg,192
00022727.jpg,192
00022728.jpg,192
00022729.jpg,192
00022730.jpg,192
00022731.jpg,192
00022732.jpg,192
00022733.jpg,192
00022734.jpg,192
00022735.jpg,192
00022736.jpg,192
00022737.jpg,192
00022738.jpg,192
00022739.jpg,192
00022740.jpg,192
00022741.jpg,192
00022742.jpg,192
00022743.jpg,192
00022744.jpg,192
00022745.jpg,192
00022746.jpg,192
00022747.jpg,192
00022748.jpg,192
00022749.jpg,192
00022750.jpg,192
00022751.jpg,192
00022752.jpg,192
00022753.jpg,192
00022754.jpg,192
00022755.jpg,192
00022756.jpg,192
00022757.jpg,192
00022758.jpg,192
00022759.jpg,192
00022760.jpg,192
00022761.jpg,192
00022762.jpg,192
00022763.jpg,192
00022764.jpg,192
00022765.jpg,192
00022766.jpg,192
00022767.jpg,192
00022768.jpg,192
00022769.jpg,192
00022770.jpg,192
00022771.jpg,192
00022772.jpg,192
00022773.jpg,192
00022774.jpg,192
00022775.jpg,193
00022776.jpg,193
00022777.jpg,193
00022778.jpg,193
00022779.jpg,193
00022780.jpg,193
00022781.jpg,193
00022782.jpg,193
00022783.jpg,193
00022784.jpg,193
00022785.jpg,193
00022786.jpg,193
00022787.jpg,193
00022788.jpg,193
00022789.jpg,193
00022790.jpg,193
00022791.jpg,193
00022792.jpg,193
00022793.jpg,193
00022794.jpg,193
00022795.jpg,193
00022796.jpg,193
00022797.jpg,193
00022798.jpg,193
00022799.jpg,193
00022800.jpg,193
00022801.jpg,193
00022802.jpg,193
00022803.jpg,193
00022804.jpg,193
00022805.jpg,193
00022806.jpg,193
00022807.jpg,193
00022808.jpg,193
00022809.jpg,193
00022810.jpg,193
00022811.jpg,193
00022812.jpg,193
00022813.jpg,193
00022814.jpg,193
00022815.jpg,193
00022816.jpg,193
00022817.jpg,193
00022818.jpg,193
00022819.jpg,193
00022820.jpg,193
00022821.jpg,193
00022822.jpg,193
00022823.jpg,193
00022824.jpg,193
00022825.jpg,193
00022826.jpg,193
00022827.jpg,193
00022828.jpg,193
00022829.jpg,193
00022830.jpg,193
00022831.jpg,193
00022832.jpg,193
00022833.jpg,193
00022834.jpg,193
00022835.jpg,193
00022836.jpg,193
00022837.jpg,193
00022838.jpg,193
00022839.jpg,193
00022840.jpg,193
00022841.jpg,193
00022842.jpg,193
00022843.jpg,193
00022844.jpg,193
00022845.jpg,193
00022846.jpg,193
00022847.jpg,193
00022848.jpg,193
00022849.jpg,193
00022850.jpg,193
00022851.jpg,193
00022852.jpg,193
00022853.jpg,193
00022854.jpg,193
00022855.jpg,193
00022856.jpg,193
00022857.jpg,193
00022858.jpg,193
00022859.jpg,193
00022860.jpg,193
00022861.jpg,193
00022862.jpg,193
00022863.jpg,193
00022864.jpg,193
00022865.jpg,193
00022866.jpg,193
00022867.jpg,193
00022868.jpg,193
00022869.jpg,193
00022870.jpg,193
00022871.jpg,193
00022872.jpg,193
00022873.jpg,193
00022874.jpg,193
00022875.jpg,193
00022876.jpg,193
00022877.jpg,193
00022878.jpg,193
00022879.jpg,193
00022880.jpg,193
00022881.jpg,193
00022882.jpg,193
00022883.jpg,193
00022884.jpg,193
00022885.jpg,193
00022886.jpg,193
00022887.jpg,193
00022888.jpg,193
00022889.jpg,193
00022890.jpg,193
00022891.jpg,193
00022892.jpg,193
00022893.jpg,194
00022894.jpg,194
00022895.jpg,194
00022896.jpg,194
00022897.jpg,194
00022898.jpg,194
00022899.jpg,194
00022900.jpg,194
00022901.jpg,194
00022902.jpg,194
00022903.jpg,194
00022904.jpg,194
00022905.jpg,194
00022906.jpg,194
00022907.jpg,194
00022908.jpg,194
00022909.jpg,194
00022910.jpg,194
00022911.jpg,194
00022912.jpg,194
00022913.jpg,194
00022914.jpg,194
00022915.jpg,194
00022916.jpg,194
00022917.jpg,194
00022918.jpg,194
00022919.jpg,194
00022920.jpg,194
00022921.jpg,194
00022922.jpg,194
00022923.jpg,194
00022924.jpg,194
00022925.jpg,194
00022926.jpg,194
00022927.jpg,194
00022928.jpg,194
00022929.jpg,194
00022930.jpg,194
00022931.jpg,194
00022932.jpg,194
00022933.jpg,194
00022934.jpg,194
00022935.jpg,194
00022936.jpg,194
00022937.jpg,194
00022938.jpg,194
00022939.jpg,194
00022940.jpg,194
00022941.jpg,194
00022942.jpg,194
00022943.jpg,194
00022944.jpg,194
00022945.jpg,194
00022946.jpg,194
00022947.jpg,194
00022948.jpg,194
00022949.jpg,194
00022950.jpg,194
00022951.jpg,194
00022952.jpg,194
00022953.jpg,194
00022954.jpg,194
00022955.jpg,194
00022956.jpg,194
00022957.jpg,194
00022958.jpg,194
00022959.jpg,194
00022960.jpg,194
00022961.jpg,194
00022962.jpg,194
00022963.jpg,194
00022964.jpg,194
00022965.jpg,194
00022966.jpg,194
00022967.jpg,194
00022968.jpg,194
00022969.jpg,194
00022970.jpg,194
00022971.jpg,194
00022972.jpg,194
00022973.jpg,194
00022974.jpg,194
00022975.jpg,194
00022976.jpg,194
00022977.jpg,194
00022978.jpg,194
00022979.jpg,194
00022980.jpg,194
00022981.jpg,194
00022982.jpg,194
00022983.jpg,194
00022984.jpg,194
00022985.jpg,194
00022986.jpg,194
00022987.jpg,194
00022988.jpg,194
00022989.jpg,194
00022990.jpg,194
00022991.jpg,194
00022992.jpg,194
00022993.jpg,194
00022994.jpg,194
00022995.jpg,194
00022996.jpg,194
00022997.jpg,194
00022998.jpg,194
00022999.jpg,194
00023000.jpg,194
00023001.jpg,194
00023002.jpg,194
00023003.jpg,194
00023004.jpg,194
00023005.jpg,194
00023006.jpg,194
00023007.jpg,194
00023008.jpg,194
00023009.jpg,194
00023010.jpg,194
00023011.jpg,195
00023012.jpg,195
00023013.jpg,195
00023014.jpg,195
00023015.jpg,195
00023016.jpg,195
00023017.jpg,195
00023018.jpg,195
00023019.jpg,195
00023020.jpg,195
00023021.jpg,195
00023022.jpg,195
00023023.jpg,195
00023024.jpg,195
00023025.jpg,195
00023026.jpg,195
00023027.jpg,195
00023028.jpg,195
00023029.jpg,195
00023030.jpg,195
00023031.jpg,195
00023032.jpg,195
00023033.jpg,195
00023034.jpg,195
00023035.jpg,195
00023036.jpg,195
00023037.jpg,195
00023038.jpg,195
00023039.jpg,195
00023040.jpg,195
00023041.jpg,195
00023042.jpg,195
00023043.jpg,195
00023044.jpg,195
00023045.jpg,195
00023046.jpg,195
00023047.jpg,195
00023048.jpg,195
00023049.jpg,195
00023050.jpg,195
00023051.jpg,195
00023052.jpg,195
00023053.jpg,195
00023054.jpg,195
00023055.jpg,195
00023056.jpg,195
00023057.jpg,195
00023058.jpg,195
00023059.jpg,195
00023060.jpg,195
00023061.jpg,195
00023062.jpg,195
00023063.jpg,195
00023064.jpg,195
00023065.jpg,195
00023066.jpg,195
00023067.jpg,195
00023068.jpg,195
00023069.jpg,195
00023070.jpg,195
00023071.jpg,195
00023072.jpg,195
00023073.jpg,195
00023074.jpg,195
00023075.jpg,195
00023076.jpg,195
00023077.jpg,195
00023078.jpg,195
00023079.jpg,195
00023080.jpg,195
00023081.jpg,195
00023082.jpg,195
00023083.jpg,195
00023084.jpg,195
00023085.jpg,195
00023086.jpg,195
00023087.jpg,195
00023088.jpg,195
00023089.jpg,195
00023090.jpg,195
00023091.jpg,195
00023092.jpg,195
00023093.jpg,195
00023094.jpg,195
00023095.jpg,195
00023096.jpg,195
00023097.jpg,195
00023098.jpg,195
00023099.jpg,195
00023100.jpg,195
00023101.jpg,195
00023102.jpg,195
00023103.jpg,195
00023104.jpg,195
00023105.jpg,195
00023106.jpg,195
00023107.jpg,195
00023108.jpg,195
00023109.jpg,195
00023110.jpg,195
00023111.jpg,195
00023112.jpg,195
00023113.jpg,195
00023114.jpg,195
00023115.jpg,195
00023116.jpg,195
00023117.jpg,195
00023118.jpg,195
00023119.jpg,195
00023120.jpg,195
00023121.jpg,195
00023122.jpg,195
00023123.jpg,195
00023124.jpg,195
00023125.jpg,195
00023126.jpg,195
00023127.jpg,195
00023128.jpg,195
00023129.jpg,196
00023130.jpg,196
00023131.jpg,196
00023132.jpg,196
00023133.jpg,196
00023134.jpg,196
00023135.jpg,196
00023136.jpg,196
00023137.jpg,196
00023138.jpg,196
00023139.jpg,196
00023140.jpg,196
00023141.jpg,196
00023142.jpg,196
00023143.jpg,196
00023144.jpg,196
00023145.jpg,196
00023146.jpg,196
00023147.jpg,196
00023148.jpg,196
00023149.jpg,196
00023150.jpg,196
00023151.jpg,196
00023152.jpg,196
00023153.jpg,196
00023154.jpg,196
00023155.jpg,196
00023156.jpg,196
00023157.jpg,196
00023158.jpg,196
00023159.jpg,196
00023160.jpg,196
00023161.jpg,196
00023162.jpg,196
00023163.jpg,196
00023164.jpg,196
00023165.jpg,196
00023166.jpg,196
00023167.jpg,196
00023168.jpg,196
00023169.jpg,196
00023170.jpg,196
00023171.jpg,196
00023172.jpg,196
00023173.jpg,196
00023174.jpg,196
00023175.jpg,196
00023176.jpg,196
00023177.jpg,196
00023178.jpg,196
00023179.jpg,196
00023180.jpg,196
00023181.jpg,196
00023182.jpg,196
00023183.jpg,196
00023184.jpg,196
00023185.jpg,196
00023186.jpg,196
00023187.jpg,196
00023188.jpg,196
00023189.jpg,196
00023190.jpg,196
00023191.jpg,196
00023192.jpg,196
00023193.jpg,196
00023194.jpg,196
00023195.jpg,196
00023196.jpg,196
00023197.jpg,196
00023198.jpg,196
00023199.jpg,196
00023200.jpg,196
00023201.jpg,196
00023202.jpg,196
00023203.jpg,196
00023204.jpg,196
00023205.jpg,196
00023206.jpg,196
00023207.jpg,196
00023208.jpg,196
00023209.jpg,196
00023210.jpg,196
00023211.jpg,196
00023212.jpg,196
00023213.jpg,196
00023214.jpg,196
00023215.jpg,196
00023216.jpg,196
00023217.jpg,196
00023218.jpg,196
00023219.jpg,196
00023220.jpg,196
00023221.jpg,196
00023222.jpg,196
00023223.jpg,196
00023224.jpg,196
00023225.jpg,196
00023226.jpg,196
00023227.jpg,196
00023228.jpg,196
00023229.jpg,196
00023230.jpg,196
00023231.jpg,196
00023232.jpg,196
00023233.jpg,196
00023234.jpg,196
00023235.jpg,196
00023236.jpg,196
00023237.jpg,196
00023238.jpg,196
00023239.jpg,196
00023240.jpg,196
00023241.jpg,196
00023242.jpg,196
00023243.jpg,196
00023244.jpg,196
00023245.jpg,196
00023246.jpg,196
00023247.jpg,197
00023248.jpg,197
00023249.jpg,197
00023250.jpg,197
00023251.jpg,197
00023252.jpg,197
00023253.jpg,197
00023254.jpg,197
00023255.jpg,197
00023256.jpg,197
00023257.jpg,197
00023258.jpg,197
00023259.jpg,197
00023260.jpg,197
00023261.jpg,197
00023262.jpg,197
00023263.jpg,197
00023264.jpg,197
00023265.jpg,197
00023266.jpg,197
00023267.jpg,197
00023268.jpg,197
00023269.jpg,197
00023270.jpg,197
00023271.jpg,197
00023272.jpg,197
00023273.jpg,197
00023274.jpg,197
00023275.jpg,197
00023276.jpg,197
00023277.jpg,197
00023278.jpg,197
00023279.jpg,197
00023280.jpg,197
00023281.jpg,197
00023282.jpg,197
00023283.jpg,197
00023284.jpg,197
00023285.jpg,197
00023286.jpg,197
00023287.jpg,197
00023288.jpg,197
00023289.jpg,197
00023290.jpg,197
00023291.jpg,197
00023292.jpg,197
00023293.jpg,197
00023294.jpg,197
00023295.jpg,197
00023296.jpg,197
00023297.jpg,197
00023298.jpg,197
00023299.jpg,197
00023300.jpg,197
00023301.jpg,197
00023302.jpg,197
00023303.jpg,197
00023304.jpg,197
00023305.jpg,197
00023306.jpg,197
00023307.jpg,197
00023308.jpg,197
00023309.jpg,197
00023310.jpg,197
00023311.jpg,197
00023312.jpg,197
00023313.jpg,197
00023314.jpg,197
00023315.jpg,197
00023316.jpg,197
00023317.jpg,197
00023318.jpg,197
00023319.jpg,197
00023320.jpg,197
00023321.jpg,197
00023322.jpg,197
00023323.jpg,197
00023324.jpg,197
00023325.jpg,197
00023326.jpg,197
00023327.jpg,197
00023328.jpg,197
00023329.jpg,197
00023330.jpg,197
00023331.jpg,197
00023332.jpg,197
00023333.jpg,197
00023334.jpg,197
00023335.jpg,197
00023336.jpg,197
00023337.jpg,197
00023338.jpg,197
00023339.jpg,197
00023340.jpg,197
00023341.jpg,197
00023342.jpg,197
00023343.jpg,197
00023344.jpg,197
00023345.jpg,197
00023346.jpg,197
00023347.jpg,197
00023348.jpg,197
00023349.jpg,197
00023350.jpg,197
00023351.jpg,197
00023352.jpg,197
00023353.jpg,197
00023354.jpg,197
00023355.jpg,197
00023356.jpg,197
00023357.jpg,197
00023358.jpg,197
00023359.jpg,197
00023360.jpg,197
00023361.jpg,197
00023362.jpg,197
00023363.jpg,197
00023364.jpg,197
00023365.jpg,198
00023366.jpg,198
00023367.jpg,198
00023368.jpg,198
00023369.jpg,198
00023370.jpg,198
00023371.jpg,198
00023372.jpg,198
00023373.jpg,198
00023374.jpg,198
00023375.jpg,198
00023376.jpg,198
00023377.jpg,198
00023378.jpg,198
00023379.jpg,198
00023380.jpg,198
00023381.jpg,198
00023382.jpg,198
00023383.jpg,198
00023384.jpg,198
00023385.jpg,198
00023386.jpg,198
00023387.jpg,198
00023388.jpg,198
00023389.jpg,198
00023390.jpg,198
00023391.jpg,198
00023392.jpg,198
00023393.jpg,198
00023394.jpg,198
00023395.jpg,198
00023396.jpg,198
00023397.jpg,198
00023398.jpg,198
00023399.jpg,198
00023400.jpg,198
00023401.jpg,198
00023402.jpg,198
00023403.jpg,198
00023404.jpg,198
00023405.jpg,198
00023406.jpg,198
00023407.jpg,198
00023408.jpg,198
00023409.jpg,198
00023410.jpg,198
00023411.jpg,198
00023412.jpg,198
00023413.jpg,198
00023414.jpg,198
00023415.jpg,198
00023416.jpg,198
00023417.jpg,198
00023418.jpg,198
00023419.jpg,198
00023420.jpg,198
00023421.jpg,198
00023422.jpg,198
00023423.jpg,198
00023424.jpg,198
00023425.jpg,198
00023426.jpg,198
00023427.jpg,198
00023428.jpg,198
00023429.jpg,198
00023430.jpg,198
00023431.jpg,198
00023432.jpg,198
00023433.jpg,198
00023434.jpg,198
00023435.jpg,198
00023436.jpg,198
00023437.jpg,198
00023438.jpg,198
00023439.jpg,198
00023440.jpg,198
00023441.jpg,198
00023442.jpg,198
00023443.jpg,198
00023444.jpg,198
00023445.jpg,198
00023446.jpg,198
00023447.jpg,198
00023448.jpg,198
00023449.jpg,198
00023450.jpg,198
00023451.jpg,198
00023452.jpg,198
00023453.jpg,198
00023454.jpg,198
00023455.jpg,198
00023456.jpg,198
00023457.jpg,198
00023458.jpg,198
00023459.jpg,198
00023460.jpg,198
00023461.jpg,198
00023462.jpg,198
00023463.jpg,198
00023464.jpg,198
00023465.jpg,198
00023466.jpg,198
00023467.jpg,198
00023468.jpg,198
00023469.jpg,198
00023470.jpg,198
00023471.jpg,198
00023472.jpg,198
00023473.jpg,198
00023474.jpg,198
00023475.jpg,198
00023476.jpg,198
00023477.jpg,198
00023478.jpg,198
00023479.jpg,198
00023480.jpg,198
00023481.jpg,198
00023482.jpg,198
00023483.jpg,199
00023484.jpg,199
00023485.jpg,199
00023486.jpg,199
00023487.jpg,199
00023488.jpg,199
00023489.jpg,199
00023490.jpg,199
00023491.jpg,199
00023492.jpg,199
00023493.jpg,199
00023494.jpg,199
00023495.jpg,199
00023496.jpg,199
00023497.jpg,199
00023498.jpg,199
00023499.jpg,199
00023500.jpg,199
00023501.jpg,199
00023502.jpg,199
00023503.jpg,199
00023504.jpg,199
00023505.jpg,199
00023506.jpg,199
00023507.jpg,199
00023508.jpg,199
00023509.jpg,199
00023510.jpg,199
00023511.jpg,199
00023512.jpg,199
00023513.jpg,199
00023514.jpg,199
00023515.jpg,199
00023516.jpg,199
00023517.jpg,199
00023518.jpg,199
00023519.jpg,199
00023520.jpg,199
00023521.jpg,199
00023522.jpg,199
00023523.jpg,199
00023524.jpg,199
00023525.jpg,199
00023526.jpg,199
00023527.jpg,199
00023528.jpg,199
00023529.jpg,199
00023530.jpg,199
00023531.jpg,199
00023532.jpg,199
00023533.jpg,199
00023534.jpg,199
00023535.jpg,199
00023536.jpg,199
00023537.jpg,199
00023538.jpg,199
00023539.jpg,199
00023540.jpg,199
00023541.jpg,199
00023542.jpg,199
00023543.jpg,199
00023544.jpg,199
00023545.jpg,199
00023546.jpg,199
00023547.jpg,199
00023548.jpg,199
00023549.jpg,199
00023550.jpg,199
00023551.jpg,199
00023552.jpg,199
00023553.jpg,199
00023554.jpg,199
00023555.jpg,199
00023556.jpg,199
00023557.jpg,199
00023558.jpg,199
00023559.jpg,199
00023560.jpg,199
00023561.jpg,199
00023562.jpg,199
00023563.jpg,199
00023564.jpg,199
00023565.jpg,199
00023566.jpg,199
00023567.jpg,199
00023568.jpg,199
00023569.jpg,199
00023570.jpg,199
00023571.jpg,199
00023572.jpg,199
00023573.jpg,199
00023574.jpg,199
00023575.jpg,199
00023576.jpg,199
00023577.jpg,199
00023578.jpg,199
00023579.jpg,199
00023580.jpg,199
00023581.jpg,199
00023582.jpg,199
00023583.jpg,199
00023584.jpg,199
00023585.jpg,199
00023586.jpg,199
00023587.jpg,199
00023588.jpg,199
00023589.jpg,199
00023590.jpg,199
00023591.jpg,199
00023592.jpg,199
00023593.jpg,199
00023594.jpg,199
00023595.jpg,199
00023596.jpg,199
00023597.jpg,199
00023598.jpg,199
00023599.jpg,199
00023600.jpg,199
00023601.jpg,200
00023602.jpg,200
00023603.jpg,200
00023604.jpg,200
00023605.jpg,200
00023606.jpg,200
00023607.jpg,200
00023608.jpg,200
00023609.jpg,200
00023610.jpg,200
00023611.jpg,200
00023612.jpg,200
00023613.jpg,200
00023614.jpg,200
00023615.jpg,200
00023616.jpg,200
00023617.jpg,200
00023618.jpg,200
00023619.jpg,200
00023620.jpg,200
00023621.jpg,200
00023622.jpg,200
00023623.jpg,200
00023624.jpg,200
00023625.jpg,200
00023626.jpg,200
00023627.jpg,200
00023628.jpg,200
00023629.jpg,200
00023630.jpg,200
00023631.jpg,200
00023632.jpg,200
00023633.jpg,200
00023634.jpg,200
00023635.jpg,200
00023636.jpg,200
00023637.jpg,200
00023638.jpg,200
00023639.jpg,200
00023640.jpg,200
00023641.jpg,200
00023642.jpg,200
00023643.jpg,200
00023644.jpg,200
00023645.jpg,200
00023646.jpg,200
00023647.jpg,200
00023648.jpg,200
00023649.jpg,200
00023650.jpg,200
00023651.jpg,200
00023652.jpg,200
00023653.jpg,200
00023654.jpg,200
00023655.jpg,200
00023656.jpg,200
00023657.jpg,200
00023658.jpg,200
00023659.jpg,200
00023660.jpg,200
00023661.jpg,200
00023662.jpg,200
00023663.jpg,200
00023664.jpg,200
00023665.jpg,200
00023666.jpg,200
00023667.jpg,200
00023668.jpg,200
00023669.jpg,200
00023670.jpg,200
00023671.jpg,200
00023672.jpg,200
00023673.jpg,200
00023674.jpg,200
00023675.jpg,200
00023676.jpg,200
00023677.jpg,200
00023678.jpg,200
00023679.jpg,200
00023680.jpg,200
00023681.jpg,200
00023682.jpg,200
00023683.jpg,200
00023684.jpg,200
00023685.jpg,200
00023686.jpg,200
00023687.jpg,200
00023688.jpg,200
00023689.jpg,200
00023690.jpg,200
00023691.jpg,200
00023692.jpg,200
00023693.jpg,200
00023694.jpg,200
00023695.jpg,200
00023696.jpg,200
00023697.jpg,200
00023698.jpg,200
00023699.jpg,200
00023700.jpg,200
00023701.jpg,200
00023702.jpg,200
00023703.jpg,200
00023704.jpg,200
00023705.jpg,200
00023706.jpg,200
00023707.jpg,200
00023708.jpg,200
00023709.jpg,200
00023710.jpg,200
00023711.jpg,200
00023712.jpg,200
00023713.jpg,200
00023714.jpg,200
00023715.jpg,200
00023716.jpg,200
00023717.jpg,200
00023718.jpg,200
00023719.jpg,201
00023720.jpg,201
00023721.jpg,201
00023722.jpg,201
00023723.jpg,201
00023724.jpg,201
00023725.jpg,201
00023726.jpg,201
00023727.jpg,201
00023728.jpg,201
00023729.jpg,201
00023730.jpg,201
00023731.jpg,201
00023732.jpg,201
00023733.jpg,201
00023734.jpg,201
00023735.jpg,201
00023736.jpg,201
00023737.jpg,201
00023738.jpg,201
00023739.jpg,201
00023740.jpg,201
00023741.jpg,201
00023742.jpg,201
00023743.jpg,201
00023744.jpg,201
00023745.jpg,201
00023746.jpg,201
00023747.jpg,201
00023748.jpg,201
00023749.jpg,201
00023750.jpg,201
00023751.jpg,201
00023752.jpg,201
00023753.jpg,201
00023754.jpg,201
00023755.jpg,201
00023756.jpg,201
00023757.jpg,201
00023758.jpg,201
00023759.jpg,201
00023760.jpg,201
00023761.jpg,201
00023762.jpg,201
00023763.jpg,201
00023764.jpg,201
00023765.jpg,201
00023766.jpg,201
00023767.jpg,201
00023768.jpg,201
00023769.jpg,201
00023770.jpg,201
00023771.jpg,201
00023772.jpg,201
00023773.jpg,201
00023774.jpg,201
00023775.jpg,201
00023776.jpg,201
00023777.jpg,201
00023778.jpg,201
00023779.jpg,201
00023780.jpg,201
00023781.jpg,201
00023782.jpg,201
00023783.jpg,201
00023784.jpg,201
00023785.jpg,201
00023786.jpg,201
00023787.jpg,201
00023788.jpg,201
00023789.jpg,201
00023790.jpg,201
00023791.jpg,201
00023792.jpg,201
00023793.jpg,201
00023794.jpg,201
00023795.jpg,201
00023796.jpg,201
00023797.jpg,201
00023798.jpg,201
00023799.jpg,201
00023800.jpg,201
00023801.jpg,201
00023802.jpg,201
00023803.jpg,201
00023804.jpg,201
00023805.jpg,201
00023806.jpg,201
00023807.jpg,201
00023808.jpg,201
00023809.jpg,201
00023810.jpg,201
00023811.jpg,201
00023812.jpg,201
00023813.jpg,201
00023814.jpg,201
00023815.jpg,201
00023816.jpg,201
00023817.jpg,201
00023818.jpg,201
00023819.jpg,201
00023820.jpg,201
00023821.jpg,201
00023822.jpg,201
00023823.jpg,201
00023824.jpg,201
00023825.jpg,201
00023826.jpg,201
00023827.jpg,201
00023828.jpg,201
00023829.jpg,201
00023830.jpg,201
00023831.jpg,201
00023832.jpg,201
00023833.jpg,201
00023834.jpg,201
00023835.jpg,201
00023836.jpg,201
00023837.jpg,202
00023838.jpg,202
00023839.jpg,202
00023840.jpg,202
00023841.jpg,202
00023842.jpg,202
00023843.jpg,202
00023844.jpg,202
00023845.jpg,202
00023846.jpg,202
00023847.jpg,202
00023848.jpg,202
00023849.jpg,202
00023850.jpg,202
00023851.jpg,202
00023852.jpg,202
00023853.jpg,202
00023854.jpg,202
00023855.jpg,202
00023856.jpg,202
00023857.jpg,202
00023858.jpg,202
00023859.jpg,202
00023860.jpg,202
00023861.jpg,202
00023862.jpg,202
00023863.jpg,202
00023864.jpg,202
00023865.jpg,202
00023866.jpg,202
00023867.jpg,202
00023868.jpg,202
00023869.jpg,202
00023870.jpg,202
00023871.jpg,202
00023872.jpg,202
00023873.jpg,202
00023874.jpg,202
00023875.jpg,202
00023876.jpg,202
00023877.jpg,202
00023878.jpg,202
00023879.jpg,202
00023880.jpg,202
00023881.jpg,202
00023882.jpg,202
00023883.jpg,202
00023884.jpg,202
00023885.jpg,202
00023886.jpg,202
00023887.jpg,202
00023888.jpg,202
00023889.jpg,202
00023890.jpg,202
00023891.jpg,202
00023892.jpg,202
00023893.jpg,202
00023894.jpg,202
00023895.jpg,202
00023896.jpg,202
00023897.jpg,202
00023898.jpg,202
00023899.jpg,202
00023900.jpg,202
00023901.jpg,202
00023902.jpg,202
00023903.jpg,202
00023904.jpg,202
00023905.jpg,202
00023906.jpg,202
00023907.jpg,202
00023908.jpg,202
00023909.jpg,202
00023910.jpg,202
00023911.jpg,202
00023912.jpg,202
00023913.jpg,202
00023914.jpg,202
00023915.jpg,202
00023916.jpg,202
00023917.jpg,202
00023918.jpg,202
00023919.jpg,202
00023920.jpg,202
00023921.jpg,202
00023922.jpg,202
00023923.jpg,202
00023924.jpg,202
00023925.jpg,202
00023926.jpg,202
00023927.jpg,202
00023928.jpg,202
00023929.jpg,202
00023930.jpg,202
00023931.jpg,202
00023932.jpg,202
00023933.jpg,202
00023934.jpg,202
00023935.jpg,202
00023936.jpg,202
00023937.jpg,202
00023938.jpg,202
00023939.jpg,202
00023940.jpg,202
00023941.jpg,202
00023942.jpg,202
00023943.jpg,202
00023944.jpg,202
00023945.jpg,202
00023946.jpg,202
00023947.jpg,202
00023948.jpg,202
00023949.jpg,202
00023950.jpg,202
00023951.jpg,202
00023952.jpg,202
00023953.jpg,202
00023954.jpg,202
00023955.jpg,203
00023956.jpg,203
00023957.jpg,203
00023958.jpg,203
00023959.jpg,203
00023960.jpg,203
00023961.jpg,203
00023962.jpg,203
00023963.jpg,203
00023964.jpg,203
00023965.jpg,203
00023966.jpg,203
00023967.jpg,203
00023968.jpg,203
00023969.jpg,203
00023970.jpg,203
00023971.jpg,203
00023972.jpg,203
00023973.jpg,203
00023974.jpg,203
00023975.jpg,203
00023976.jpg,203
00023977.jpg,203
00023978.jpg,203
00023979.jpg,203
00023980.jpg,203
00023981.jpg,203
00023982.jpg,203
00023983.jpg,203
00023984.jpg,203
00023985.jpg,203
00023986.jpg,203
00023987.jpg,203
00023988.jpg,203
00023989.jpg,203
00023990.jpg,203
00023991.jpg,203
00023992.jpg,203
00023993.jpg,203
00023994.jpg,203
00023995.jpg,203
00023996.jpg,203
00023997.jpg,203
00023998.jpg,203
00023999.jpg,203
00024000.jpg,203
00024001.jpg,203
00024002.jpg,203
00024003.jpg,203
00024004.jpg,203
00024005.jpg,203
00024006.jpg,203
00024007.jpg,203
00024008.jpg,203
00024009.jpg,203
00024010.jpg,203
00024011.jpg,203
00024012.jpg,203
00024013.jpg,203
00024014.jpg,203
00024015.jpg,203
00024016.jpg,203
00024017.jpg,203
00024018.jpg,203
00024019.jpg,203
00024020.jpg,203
00024021.jpg,203
00024022.jpg,203
00024023.jpg,203
00024024.jpg,203
00024025.jpg,203
00024026.jpg,203
00024027.jpg,203
00024028.jpg,203
00024029.jpg,203
00024030.jpg,203
00024031.jpg,203
00024032.jpg,203
00024033.jpg,203
00024034.jpg,203
00024035.jpg,203
00024036.jpg,203
00024037.jpg,203
00024038.jpg,203
00024039.jpg,203
00024040.jpg,203
00024041.jpg,203
00024042.jpg,203
00024043.jpg,203
00024044.jpg,203
00024045.jpg,203
00024046.jpg,203
00024047.jpg,203
00024048.jpg,203
00024049.jpg,203
00024050.jpg,203
00024051.jpg,203
00024052.jpg,203
00024053.jpg,203
00024054.jpg,203
00024055.jpg,203
00024056.jpg,203
00024057.jpg,203
00024058.jpg,203
00024059.jpg,203
00024060.jpg,203
00024061.jpg,203
00024062.jpg,203
00024063.jpg,203
00024064.jpg,203
00024065.jpg,203
00024066.jpg,203
00024067.jpg,203
00024068.jpg,203
00024069.jpg,203
00024070.jpg,203
00024071.jpg,203
00024072.jpg,203
00024073.jpg,204
00024074.jpg,204
00024075.jpg,204
00024076.jpg,204
00024077.jpg,204
00024078.jpg,204
00024079.jpg,204
00024080.jpg,204
00024081.jpg,204
00024082.jpg,204
00024083.jpg,204
00024084.jpg,204
00024085.jpg,204
00024086.jpg,204
00024087.jpg,204
00024088.jpg,204
00024089.jpg,204
00024090.jpg,204
00024091.jpg,204
00024092.jpg,204
00024093.jpg,204
00024094.jpg,204
00024095.jpg,204
00024096.jpg,204
00024097.jpg,204
00024098.jpg,204
00024099.jpg,204
00024100.jpg,204
00024101.jpg,204
00024102.jpg,204
00024103.jpg,204
00024104.jpg,204
00024105.jpg,204
00024106.jpg,204
00024107.jpg,204
00024108.jpg,204
00024109.jpg,204
00024110.jpg,204
00024111.jpg,204
00024112.jpg,204
00024113.jpg,204
00024114.jpg,204
00024115.jpg,204
00024116.jpg,204
00024117.jpg,204
00024118.jpg,204
00024119.jpg,204
00024120.jpg,204
00024121.jpg,204
00024122.jpg,204
00024123.jpg,204
00024124.jpg,204
00024125.jpg,204
00024126.jpg,204
00024127.jpg,204
00024128.jpg,204
00024129.jpg,204
00024130.jpg,204
00024131.jpg,204
00024132.jpg,204
00024133.jpg,204
00024134.jpg,204
00024135.jpg,204
00024136.jpg,204
00024137.jpg,204
00024138.jpg,204
00024139.jpg,204
00024140.jpg,204
00024141.jpg,204
00024142.jpg,204
00024143.jpg,204
00024144.jpg,204
00024145.jpg,204
00024146.jpg,204
00024147.jpg,204
00024148.jpg,204
00024149.jpg,204
00024150.jpg,204
00024151.jpg,204
00024152.jpg,204
00024153.jpg,204
00024154.jpg,204
00024155.jpg,204
00024156.jpg,204
00024157.jpg,204
00024158.jpg,204
00024159.jpg,204
00024160.jpg,204
00024161.jpg,204
00024162.jpg,204
00024163.jpg,204
00024164.jpg,204
00024165.jpg,204
00024166.jpg,204
00024167.jpg,204
00024168.jpg,204
00024169.jpg,204
00024170.jpg,204
00024171.jpg,204
00024172.jpg,204
00024173.jpg,204
00024174.jpg,204
00024175.jpg,204
00024176.jpg,204
00024177.jpg,204
00024178.jpg,204
00024179.jpg,204
00024180.jpg,204
00024181.jpg,204
00024182.jpg,204
00024183.jpg,204
00024184.jpg,204
00024185.jpg,204
00024186.jpg,204
00024187.jpg,204
00024188.jpg,204
00024189.jpg,204
00024190.jpg,204
00024191.jpg,205
00024192.jpg,205
00024193.jpg,205
00024194.jpg,205
00024195.jpg,205
00024196.jpg,205
00024197.jpg,205
00024198.jpg,205
00024199.jpg,205
00024200.jpg,205
00024201.jpg,205
00024202.jpg,205
00024203.jpg,205
00024204.jpg,205
00024205.jpg,205
00024206.jpg,205
00024207.jpg,205
00024208.jpg,205
00024209.jpg,205
00024210.jpg,205
00024211.jpg,205
00024212.jpg,205
00024213.jpg,205
00024214.jpg,205
00024215.jpg,205
00024216.jpg,205
00024217.jpg,205
00024218.jpg,205
00024219.jpg,205
00024220.jpg,205
00024221.jpg,205
00024222.jpg,205
00024223.jpg,205
00024224.jpg,205
00024225.jpg,205
00024226.jpg,205
00024227.jpg,205
00024228.jpg,205
00024229.jpg,205
00024230.jpg,205
00024231.jpg,205
00024232.jpg,205
00024233.jpg,205
00024234.jpg,205
00024235.jpg,205
00024236.jpg,205
00024237.jpg,205
00024238.jpg,205
00024239.jpg,205
00024240.jpg,205
00024241.jpg,205
00024242.jpg,205
00024243.jpg,205
00024244.jpg,205
00024245.jpg,205
00024246.jpg,205
00024247.jpg,205
00024248.jpg,205
00024249.jpg,205
00024250.jpg,205
00024251.jpg,205
00024252.jpg,205
00024253.jpg,205
00024254.jpg,205
00024255.jpg,205
00024256.jpg,205
00024257.jpg,205
00024258.jpg,205
00024259.jpg,205
00024260.jpg,205
00024261.jpg,205
00024262.jpg,205
00024263.jpg,205
00024264.jpg,205
00024265.jpg,205
00024266.jpg,205
00024267.jpg,205
00024268.jpg,205
00024269.jpg,205
00024270.jpg,205
00024271.jpg,205
00024272.jpg,205
00024273.jpg,205
00024274.jpg,205
00024275.jpg,205
00024276.jpg,205
00024277.jpg,205
00024278.jpg,205
00024279.jpg,205
00024280.jpg,205
00024281.jpg,205
00024282.jpg,205
00024283.jpg,205
00024284.jpg,205
00024285.jpg,205
00024286.jpg,205
00024287.jpg,205
00024288.jpg,205
00024289.jpg,205
00024290.jpg,205
00024291.jpg,205
00024292.jpg,205
00024293.jpg,205
00024294.jpg,205
00024295.jpg,205
00024296.jpg,205
00024297.jpg,205
00024298.jpg,205
00024299.jpg,205
00024300.jpg,205
00024301.jpg,205
00024302.jpg,205
00024303.jpg,205
00024304.jpg,205
00024305.jpg,205
00024306.jpg,205
00024307.jpg,205
00024308.jpg,205
00024309.jpg,206
00024310.jpg,206
00024311.jpg,206
00024312.jpg,206
00024313.jpg,206
00024314.jpg,206
00024315.jpg,206
00024316.jpg,206
00024317.jpg,206
00024318.jpg,206
00024319.jpg,206
00024320.jpg,206
00024321.jpg,206
00024322.jpg,206
00024323.jpg,206
00024324.jpg,206
00024325.jpg,206
00024326.jpg,206
00024327.jpg,206
00024328.jpg,206
00024329.jpg,206
00024330.jpg,206
00024331.jpg,206
00024332.jpg,206
00024333.jpg,206
00024334.jpg,206
00024335.jpg,206
00024336.jpg,206
00024337.jpg,206
00024338.jpg,206
00024339.jpg,206
00024340.jpg,206
00024341.jpg,206
00024342.jpg,206
00024343.jpg,206
00024344.jpg,206
00024345.jpg,206
00024346.jpg,206
00024347.jpg,206
00024348.jpg,206
00024349.jpg,206
00024350.jpg,206
00024351.jpg,206
00024352.jpg,206
00024353.jpg,206
00024354.jpg,206
00024355.jpg,206
00024356.jpg,206
00024357.jpg,206
00024358.jpg,206
00024359.jpg,206
00024360.jpg,206
00024361.jpg,206
00024362.jpg,206
00024363.jpg,206
00024364.jpg,206
00024365.jpg,206
00024366.jpg,206
00024367.jpg,206
00024368.jpg,206
00024369.jpg,206
00024370.jpg,206
00024371.jpg,206
00024372.jpg,206
00024373.jpg,206
00024374.jpg,206
00024375.jpg,206
00024376.jpg,206
00024377.jpg,206
00024378.jpg,206
00024379.jpg,206
00024380.jpg,206
00024381.jpg,206
00024382.jpg,206
00024383.jpg,206
00024384.jpg,206
00024385.jpg,206
00024386.jpg,206
00024387.jpg,206
00024388.jpg,206
00024389.jpg,206
00024390.jpg,206
00024391.jpg,206
00024392.jpg,206
00024393.jpg,206
00024394.jpg,206
00024395.jpg,206
00024396.jpg,206
00024397.jpg,206
00024398.jpg,206
00024399.jpg,206
00024400.jpg,206
00024401.jpg,206
00024402.jpg,206
00024403.jpg,206
00024404.jpg,206
00024405.jpg,206
00024406.jpg,206
00024407.jpg,206
00024408.jpg,206
00024409.jpg,206
00024410.jpg,206
00024411.jpg,206
00024412.jpg,206
00024413.jpg,206
00024414.jpg,206
00024415.jpg,206
00024416.jpg,206
00024417.jpg,206
00024418.jpg,206
00024419.jpg,206
00024420.jpg,206
00024421.jpg,206
00024422.jpg,206
00024423.jpg,206
00024424.jpg,206
00024425.jpg,206
00024426.jpg,206
00024427.jpg,207
00024428.jpg,207
00024429.jpg,207
00024430.jpg,207
00024431.jpg,207
00024432.jpg,207
00024433.jpg,207
00024434.jpg,207
00024435.jpg,207
00024436.jpg,207
00024437.jpg,207
00024438.jpg,207
00024439.jpg,207
00024440.jpg,207
00024441.jpg,207
00024442.jpg,207
00024443.jpg,207
00024444.jpg,207
00024445.jpg,207
00024446.jpg,207
00024447.jpg,207
00024448.jpg,207
00024449.jpg,207
00024450.jpg,207
00024451.jpg,207
00024452.jpg,207
00024453.jpg,207
00024454.jpg,207
00024455.jpg,207
00024456.jpg,207
00024457.jpg,207
00024458.jpg,207
00024459.jpg,207
00024460.jpg,207
00024461.jpg,207
00024462.jpg,207
00024463.jpg,207
00024464.jpg,207
00024465.jpg,207
00024466.jpg,207
00024467.jpg,207
00024468.jpg,207
00024469.jpg,207
00024470.jpg,207
00024471.jpg,207
00024472.jpg,207
00024473.jpg,207
00024474.jpg,207
00024475.jpg,207
00024476.jpg,207
00024477.jpg,207
00024478.jpg,207
00024479.jpg,207
00024480.jpg,207
00024481.jpg,207
00024482.jpg,207
00024483.jpg,207
00024484.jpg,207
00024485.jpg,207
00024486.jpg,207
00024487.jpg,207
00024488.jpg,207
00024489.jpg,207
00024490.jpg,207
00024491.jpg,207
00024492.jpg,207
00024493.jpg,207
00024494.jpg,207
00024495.jpg,207
00024496.jpg,207
00024497.jpg,207
00024498.jpg,207
00024499.jpg,207
00024500.jpg,207
00024501.jpg,207
00024502.jpg,207
00024503.jpg,207
00024504.jpg,207
00024505.jpg,207
00024506.jpg,207
00024507.jpg,207
00024508.jpg,207
00024509.jpg,207
00024510.jpg,207
00024511.jpg,207
00024512.jpg,207
00024513.jpg,207
00024514.jpg,207
00024515.jpg,207
00024516.jpg,207
00024517.jpg,207
00024518.jpg,207
00024519.jpg,207
00024520.jpg,207
00024521.jpg,207
00024522.jpg,207
00024523.jpg,207
00024524.jpg,207
00024525.jpg,207
00024526.jpg,207
00024527.jpg,207
00024528.jpg,207
00024529.jpg,207
00024530.jpg,207
00024531.jpg,207
00024532.jpg,207
00024533.jpg,207
00024534.jpg,207
00024535.jpg,207
00024536.jpg,207
00024537.jpg,207
00024538.jpg,207
00024539.jpg,207
00024540.jpg,207
00024541.jpg,207
00024542.jpg,207
00024543.jpg,207
00024544.jpg,207
00024545.jpg,208
00024546.jpg,208
00024547.jpg,208
00024548.jpg,208
00024549.jpg,208
00024550.jpg,208
00024551.jpg,208
00024552.jpg,208
00024553.jpg,208
00024554.jpg,208
00024555.jpg,208
00024556.jpg,208
00024557.jpg,208
00024558.jpg,208
00024559.jpg,208
00024560.jpg,208
00024561.jpg,208
00024562.jpg,208
00024563.jpg,208
00024564.jpg,208
00024565.jpg,208
00024566.jpg,208
00024567.jpg,208
00024568.jpg,208
00024569.jpg,208
00024570.jpg,208
00024571.jpg,208
00024572.jpg,208
00024573.jpg,208
00024574.jpg,208
00024575.jpg,208
00024576.jpg,208
00024577.jpg,208
00024578.jpg,208
00024579.jpg,208
00024580.jpg,208
00024581.jpg,208
00024582.jpg,208
00024583.jpg,208
00024584.jpg,208
00024585.jpg,208
00024586.jpg,208
00024587.jpg,208
00024588.jpg,208
00024589.jpg,208
00024590.jpg,208
00024591.jpg,208
00024592.jpg,208
00024593.jpg,208
00024594.jpg,208
00024595.jpg,208
00024596.jpg,208
00024597.jpg,208
00024598.jpg,208
00024599.jpg,208
00024600.jpg,208
00024601.jpg,208
00024602.jpg,208
00024603.jpg,208
00024604.jpg,208
00024605.jpg,208
00024606.jpg,208
00024607.jpg,208
00024608.jpg,208
00024609.jpg,208
00024610.jpg,208
00024611.jpg,208
00024612.jpg,208
00024613.jpg,208
00024614.jpg,208
00024615.jpg,208
00024616.jpg,208
00024617.jpg,208
00024618.jpg,208
00024619.jpg,208
00024620.jpg,208
00024621.jpg,208
00024622.jpg,208
00024623.jpg,208
00024624.jpg,208
00024625.jpg,208
00024626.jpg,208
00024627.jpg,208
00024628.jpg,208
00024629.jpg,208
00024630.jpg,208
00024631.jpg,208
00024632.jpg,208
00024633.jpg,208
00024634.jpg,208
00024635.jpg,208
00024636.jpg,208
00024637.jpg,208
00024638.jpg,208
00024639.jpg,208
00024640.jpg,208
00024641.jpg,208
00024642.jpg,208
00024643.jpg,208
00024644.jpg,208
00024645.jpg,208
00024646.jpg,208
00024647.jpg,208
00024648.jpg,208
00024649.jpg,208
00024650.jpg,208
00024651.jpg,208
00024652.jpg,208
00024653.jpg,208
00024654.jpg,208
00024655.jpg,208
00024656.jpg,208
00024657.jpg,208
00024658.jpg,208
00024659.jpg,208
00024660.jpg,208
00024661.jpg,208
00024662.jpg,208
00024663.jpg,209
00024664.jpg,209
00024665.jpg,209
00024666.jpg,209
00024667.jpg,209
00024668.jpg,209
00024669.jpg,209
00024670.jpg,209
00024671.jpg,209
00024672.jpg,209
00024673.jpg,209
00024674.jpg,209
00024675.jpg,209
00024676.jpg,209
00024677.jpg,209
00024678.jpg,209
00024679.jpg,209
00024680.jpg,209
00024681.jpg,209
00024682.jpg,209
00024683.jpg,209
00024684.jpg,209
00024685.jpg,209
00024686.jpg,209
00024687.jpg,209
00024688.jpg,209
00024689.jpg,209
00024690.jpg,209
00024691.jpg,209
00024692.jpg,209
00024693.jpg,209
00024694.jpg,209
00024695.jpg,209
00024696.jpg,209
00024697.jpg,209
00024698.jpg,209
00024699.jpg,209
00024700.jpg,209
00024701.jpg,209
00024702.jpg,209
00024703.jpg,209
00024704.jpg,209
00024705.jpg,209
00024706.jpg,209
00024707.jpg,209
00024708.jpg,209
00024709.jpg,209
00024710.jpg,209
00024711.jpg,209
00024712.jpg,209
00024713.jpg,209
00024714.jpg,209
00024715.jpg,209
00024716.jpg,209
00024717.jpg,209
00024718.jpg,209
00024719.jpg,209
00024720.jpg,209
00024721.jpg,209
00024722.jpg,209
00024723.jpg,209
00024724.jpg,209
00024725.jpg,209
00024726.jpg,209
00024727.jpg,209
00024728.jpg,209
00024729.jpg,209
00024730.jpg,209
00024731.jpg,209
00024732.jpg,209
00024733.jpg,209
00024734.jpg,209
00024735.jpg,209
00024736.jpg,209
00024737.jpg,209
00024738.jpg,209
00024739.jpg,209
00024740.jpg,209
00024741.jpg,209
00024742.jpg,209
00024743.jpg,209
00024744.jpg,209
00024745.jpg,209
00024746.jpg,209
00024747.jpg,209
00024748.jpg,209
00024749.jpg,209
00024750.jpg,209
00024751.jpg,209
00024752.jpg,209
00024753.jpg,209
00024754.jpg,209
00024755.jpg,209
00024756.jpg,209
00024757.jpg,209
00024758.jpg,209
00024759.jpg,209
00024760.jpg,209
00024761.jpg,209
00024762.jpg,209
00024763.jpg,209
00024764.jpg,209
00024765.jpg,209
00024766.jpg,209
00024767.jpg,209
00024768.jpg,209
00024769.jpg,209
00024770.jpg,209
00024771.jpg,209
00024772.jpg,209
00024773.jpg,209
00024774.jpg,209
00024775.jpg,209
00024776.jpg,209
00024777.jpg,209
00024778.jpg,209
00024779.jpg,209
00024780.jpg,209
00024781.jpg,210
00024782.jpg,210
00024783.jpg,210
00024784.jpg,210
00024785.jpg,210
00024786.jpg,210
00024787.jpg,210
00024788.jpg,210
00024789.jpg,210
00024790.jpg,210
00024791.jpg,210
00024792.jpg,210
00024793.jpg,210
00024794.jpg,210
00024795.jpg,210
00024796.jpg,210
00024797.jpg,210
00024798.jpg,210
00024799.jpg,210
00024800.jpg,210
00024801.jpg,210
00024802.jpg,210
00024803.jpg,210
00024804.jpg,210
00024805.jpg,210
00024806.jpg,210
00024807.jpg,210
00024808.jpg,210
00024809.jpg,210
00024810.jpg,210
00024811.jpg,210
00024812.jpg,210
00024813.jpg,210
00024814.jpg,210
00024815.jpg,210
00024816.jpg,210
00024817.jpg,210
00024818.jpg,210
00024819.jpg,210
00024820.jpg,210
00024821.jpg,210
00024822.jpg,210
00024823.jpg,210
00024824.jpg,210
00024825.jpg,210
00024826.jpg,210
00024827.jpg,210
00024828.jpg,210
00024829.jpg,210
00024830.jpg,210
00024831.jpg,210
00024832.jpg,210
00024833.jpg,210
00024834.jpg,210
00024835.jpg,210
00024836.jpg,210
00024837.jpg,210
00024838.jpg,210
00024839.jpg,210
00024840.jpg,210
00024841.jpg,210
00024842.jpg,210
00024843.jpg,210
00024844.jpg,210
00024845.jpg,210
00024846.jpg,210
00024847.jpg,210
00024848.jpg,210
00024849.jpg,210
00024850.jpg,210
00024851.jpg,210
00024852.jpg,210
00024853.jpg,210
00024854.jpg,210
00024855.jpg,210
00024856.jpg,210
00024857.jpg,210
00024858.jpg,210
00024859.jpg,210
00024860.jpg,210
00024861.jpg,210
00024862.jpg,210
00024863.jpg,210
00024864.jpg,210
00024865.jpg,210
00024866.jpg,210
00024867.jpg,210
00024868.jpg,210
00024869.jpg,210
00024870.jpg,210
00024871.jpg,210
00024872.jpg,210
00024873.jpg,210
00024874.jpg,210
00024875.jpg,210
00024876.jpg,210
00024877.jpg,210
00024878.jpg,210
00024879.jpg,210
00024880.jpg,210
00024881.jpg,210
00024882.jpg,210
00024883.jpg,210
00024884.jpg,210
00024885.jpg,210
00024886.jpg,210
00024887.jpg,210
00024888.jpg,210
00024889.jpg,210
00024890.jpg,210
00024891.jpg,210
00024892.jpg,210
00024893.jpg,210
00024894.jpg,210
00024895.jpg,210
00024896.jpg,210
00024897.jpg,210
00024898.jpg,210
00024899.jpg,211
00024900.jpg,211
00024901.jpg,211
00024902.jpg,211
00024903.jpg,211
00024904.jpg,211
00024905.jpg,211
00024906.jpg,211
00024907.jpg,211
00024908.jpg,211
00024909.jpg,211
00024910.jpg,211
00024911.jpg,211
00024912.jpg,211
00024913.jpg,211
00024914.jpg,211
00024915.jpg,211
00024916.jpg,211
00024917.jpg,211
00024918.jpg,211
00024919.jpg,211
00024920.jpg,211
00024921.jpg,211
00024922.jpg,211
00024923.jpg,211
00024924.jpg,211
00024925.jpg,211
00024926.jpg,211
00024927.jpg,211
00024928.jpg,211
00024929.jpg,211
00024930.jpg,211
00024931.jpg,211
00024932.jpg,211
00024933.jpg,211
00024934.jpg,211
00024935.jpg,211
00024936.jpg,211
00024937.jpg,211
00024938.jpg,211
00024939.jpg,211
00024940.jpg,211
00024941.jpg,211
00024942.jpg,211
00024943.jpg,211
00024944.jpg,211
00024945.jpg,211
00024946.jpg,211
00024947.jpg,211
00024948.jpg,211
00024949.jpg,211
00024950.jpg,211
00024951.jpg,211
00024952.jpg,211
00024953.jpg,211
00024954.jpg,211
00024955.jpg,211
00024956.jpg,211
00024957.jpg,211
00024958.jpg,211
00024959.jpg,211
00024960.jpg,211
00024961.jpg,211
00024962.jpg,211
00024963.jpg,211
00024964.jpg,211
00024965.jpg,211
00024966.jpg,211
00024967.jpg,211
00024968.jpg,211
00024969.jpg,211
00024970.jpg,211
00024971.jpg,211
00024972.jpg,211
00024973.jpg,211
00024974.jpg,211
00024975.jpg,211
00024976.jpg,211
00024977.jpg,211
00024978.jpg,211
00024979.jpg,211
00024980.jpg,211
00024981.jpg,211
00024982.jpg,211
00024983.jpg,211
00024984.jpg,211
00024985.jpg,211
00024986.jpg,211
00024987.jpg,211
00024988.jpg,211
00024989.jpg,211
00024990.jpg,211
00024991.jpg,211
00024992.jpg,211
00024993.jpg,211
00024994.jpg,211
00024995.jpg,211
00024996.jpg,211
00024997.jpg,211
00024998.jpg,211
00024999.jpg,211
00025000.jpg,211
00025001.jpg,211
00025002.jpg,211
00025003.jpg,211
00025004.jpg,211
00025005.jpg,211
00025006.jpg,211
00025007.jpg,211
00025008.jpg,211
00025009.jpg,211
00025010.jpg,211
00025011.jpg,211
00025012.jpg,211
00025013.jpg,211
00025014.jpg,211
00025015.jpg,211
00025016.jpg,211
00025017.jpg,212
00025018.jpg,212
00025019.jpg,212
00025020.jpg,212
00025021.jpg,212
00025022.jpg,212
00025023.jpg,212
00025024.jpg,212
00025025.jpg,212
00025026.jpg,212
00025027.jpg,212
00025028.jpg,212
00025029.jpg,212
00025030.jpg,212
00025031.jpg,212
00025032.jpg,212
00025033.jpg,212
00025034.jpg,212
00025035.jpg,212
00025036.jpg,212
00025037.jpg,212
00025038.jpg,212
00025039.jpg,212
00025040.jpg,212
00025041.jpg,212
00025042.jpg,212
00025043.jpg,212
00025044.jpg,212
00025045.jpg,212
00025046.jpg,212
00025047.jpg,212
00025048.jpg,212
00025049.jpg,212
00025050.jpg,212
00025051.jpg,212
00025052.jpg,212
00025053.jpg,212
00025054.jpg,212
00025055.jpg,212
00025056.jpg,212
00025057.jpg,212
00025058.jpg,212
00025059.jpg,212
00025060.jpg,212
00025061.jpg,212
00025062.jpg,212
00025063.jpg,212
00025064.jpg,212
00025065.jpg,212
00025066.jpg,212
00025067.jpg,212
00025068.jpg,212
00025069.jpg,212
00025070.jpg,212
00025071.jpg,212
00025072.jpg,212
00025073.jpg,212
00025074.jpg,212
00025075.jpg,212
00025076.jpg,212
00025077.jpg,212
00025078.jpg,212
00025079.jpg,212
00025080.jpg,212
00025081.jpg,212
00025082.jpg,212
00025083.jpg,212
00025084.jpg,212
00025085.jpg,212
00025086.jpg,212
00025087.jpg,212
00025088.jpg,212
00025089.jpg,212
00025090.jpg,212
00025091.jpg,212
00025092.jpg,212
00025093.jpg,212
00025094.jpg,212
00025095.jpg,212
00025096.jpg,212
00025097.jpg,212
00025098.jpg,212
00025099.jpg,212
00025100.jpg,212
00025101.jpg,212
00025102.jpg,212
00025103.jpg,212
00025104.jpg,212
00025105.jpg,212
00025106.jpg,212
00025107.jpg,212
00025108.jpg,212
00025109.jpg,212
00025110.jpg,212
00025111.jpg,212
00025112.jpg,212
00025113.jpg,212
00025114.jpg,212
00025115.jpg,212
00025116.jpg,212
00025117.jpg,212
00025118.jpg,212
00025119.jpg,212
00025120.jpg,212
00025121.jpg,212
00025122.jpg,212
00025123.jpg,212
00025124.jpg,212
00025125.jpg,212
00025126.jpg,212
00025127.jpg,212
00025128.jpg,212
00025129.jpg,212
00025130.jpg,212
00025131.jpg,212
00025132.jpg,212
00025133.jpg,212
00025134.jpg,212
00025135.jpg,213
00025136.jpg,213
00025137.jpg,213
00025138.jpg,213
00025139.jpg,213
00025140.jpg,213
00025141.jpg,213
00025142.jpg,213
00025143.jpg,213
00025144.jpg,213
00025145.jpg,213
00025146.jpg,213
00025147.jpg,213
00025148.jpg,213
00025149.jpg,213
00025150.jpg,213
00025151.jpg,213
00025152.jpg,213
00025153.jpg,213
00025154.jpg,213
00025155.jpg,213
00025156.jpg,213
00025157.jpg,213
00025158.jpg,213
00025159.jpg,213
00025160.jpg,213
00025161.jpg,213
00025162.jpg,213
00025163.jpg,213
00025164.jpg,213
00025165.jpg,213
00025166.jpg,213
00025167.jpg,213
00025168.jpg,213
00025169.jpg,213
00025170.jpg,213
00025171.jpg,213
00025172.jpg,213
00025173.jpg,213
00025174.jpg,213
00025175.jpg,213
00025176.jpg,213
00025177.jpg,213
00025178.jpg,213
00025179.jpg,213
00025180.jpg,213
00025181.jpg,213
00025182.jpg,213
00025183.jpg,213
00025184.jpg,213
00025185.jpg,213
00025186.jpg,213
00025187.jpg,213
00025188.jpg,213
00025189.jpg,213
00025190.jpg,213
00025191.jpg,213
00025192.jpg,213
00025193.jpg,213
00025194.jpg,213
00025195.jpg,213
00025196.jpg,213
00025197.jpg,213
00025198.jpg,213
00025199.jpg,213
00025200.jpg,213
00025201.jpg,213
00025202.jpg,213
00025203.jpg,213
00025204.jpg,213
00025205.jpg,213
00025206.jpg,213
00025207.jpg,213
00025208.jpg,213
00025209.jpg,213
00025210.jpg,213
00025211.jpg,213
00025212.jpg,213
00025213.jpg,213
00025214.jpg,213
00025215.jpg,213
00025216.jpg,213
00025217.jpg,213
00025218.jpg,213
00025219.jpg,213
00025220.jpg,213
00025221.jpg,213
00025222.jpg,213
00025223.jpg,213
00025224.jpg,213
00025225.jpg,213
00025226.jpg,213
00025227.jpg,213
00025228.jpg,213
00025229.jpg,213
00025230.jpg,213
00025231.jpg,213
00025232.jpg,213
00025233.jpg,213
00025234.jpg,213
00025235.jpg,213
00025236.jpg,213
00025237.jpg,213
00025238.jpg,213
00025239.jpg,213
00025240.jpg,213
00025241.jpg,213
00025242.jpg,213
00025243.jpg,213
00025244.jpg,213
00025245.jpg,213
00025246.jpg,213
00025247.jpg,213
00025248.jpg,213
00025249.jpg,213
00025250.jpg,213
00025251.jpg,213
00025252.jpg,213
00025253.jpg,214
00025254.jpg,214
00025255.jpg,214
00025256.jpg,214
00025257.jpg,214
00025258.jpg,214
00025259.jpg,214
00025260.jpg,214
00025261.jpg,214
00025262.jpg,214
00025263.jpg,214
00025264.jpg,214
00025265.jpg,214
00025266.jpg,214
00025267.jpg,214
00025268.jpg,214
00025269.jpg,214
00025270.jpg,214
00025271.jpg,214
00025272.jpg,214
00025273.jpg,214
00025274.jpg,214
00025275.jpg,214
00025276.jpg,214
00025277.jpg,214
00025278.jpg,214
00025279.jpg,214
00025280.jpg,214
00025281.jpg,214
00025282.jpg,214
00025283.jpg,214
00025284.jpg,214
00025285.jpg,214
00025286.jpg,214
00025287.jpg,214
00025288.jpg,214
00025289.jpg,214
00025290.jpg,214
00025291.jpg,214
00025292.jpg,214
00025293.jpg,214
00025294.jpg,214
00025295.jpg,214
00025296.jpg,214
00025297.jpg,214
00025298.jpg,214
00025299.jpg,214
00025300.jpg,214
00025301.jpg,214
00025302.jpg,214
00025303.jpg,214
00025304.jpg,214
00025305.jpg,214
00025306.jpg,214
00025307.jpg,214
00025308.jpg,214
00025309.jpg,214
00025310.jpg,214
00025311.jpg,214
00025312.jpg,214
00025313.jpg,214
00025314.jpg,214
00025315.jpg,214
00025316.jpg,214
00025317.jpg,214
00025318.jpg,214
00025319.jpg,214
00025320.jpg,214
00025321.jpg,214
00025322.jpg,214
00025323.jpg,214
00025324.jpg,214
00025325.jpg,214
00025326.jpg,214
00025327.jpg,214
00025328.jpg,214
00025329.jpg,214
00025330.jpg,214
00025331.jpg,214
00025332.jpg,214
00025333.jpg,214
00025334.jpg,214
00025335.jpg,214
00025336.jpg,214
00025337.jpg,214
00025338.jpg,214
00025339.jpg,214
00025340.jpg,214
00025341.jpg,214
00025342.jpg,214
00025343.jpg,214
00025344.jpg,214
00025345.jpg,214
00025346.jpg,214
00025347.jpg,214
00025348.jpg,214
00025349.jpg,214
00025350.jpg,214
00025351.jpg,214
00025352.jpg,214
00025353.jpg,214
00025354.jpg,214
00025355.jpg,214
00025356.jpg,214
00025357.jpg,214
00025358.jpg,214
00025359.jpg,214
00025360.jpg,214
00025361.jpg,214
00025362.jpg,214
00025363.jpg,214
00025364.jpg,214
00025365.jpg,214
00025366.jpg,214
00025367.jpg,214
00025368.jpg,214
00025369.jpg,214
00025370.jpg,214
00025371.jpg,215
00025372.jpg,215
00025373.jpg,215
00025374.jpg,215
00025375.jpg,215
00025376.jpg,215
00025377.jpg,215
00025378.jpg,215
00025379.jpg,215
00025380.jpg,215
00025381.jpg,215
00025382.jpg,215
00025383.jpg,215
00025384.jpg,215
00025385.jpg,215
00025386.jpg,215
00025387.jpg,215
00025388.jpg,215
00025389.jpg,215
00025390.jpg,215
00025391.jpg,215
00025392.jpg,215
00025393.jpg,215
00025394.jpg,215
00025395.jpg,215
00025396.jpg,215
00025397.jpg,215
00025398.jpg,215
00025399.jpg,215
00025400.jpg,215
00025401.jpg,215
00025402.jpg,215
00025403.jpg,215
00025404.jpg,215
00025405.jpg,215
00025406.jpg,215
00025407.jpg,215
00025408.jpg,215
00025409.jpg,215
00025410.jpg,215
00025411.jpg,215
00025412.jpg,215
00025413.jpg,215
00025414.jpg,215
00025415.jpg,215
00025416.jpg,215
00025417.jpg,215
00025418.jpg,215
00025419.jpg,215
00025420.jpg,215
00025421.jpg,215
00025422.jpg,215
00025423.jpg,215
00025424.jpg,215
00025425.jpg,215
00025426.jpg,215
00025427.jpg,215
00025428.jpg,215
00025429.jpg,215
00025430.jpg,215
00025431.jpg,215
00025432.jpg,215
00025433.jpg,215
00025434.jpg,215
00025435.jpg,215
00025436.jpg,215
00025437.jpg,215
00025438.jpg,215
00025439.jpg,215
00025440.jpg,215
00025441.jpg,215
00025442.jpg,215
00025443.jpg,215
00025444.jpg,215
00025445.jpg,215
00025446.jpg,215
00025447.jpg,215
00025448.jpg,215
00025449.jpg,215
00025450.jpg,215
00025451.jpg,215
00025452.jpg,215
00025453.jpg,215
00025454.jpg,215
00025455.jpg,215
00025456.jpg,215
00025457.jpg,215
00025458.jpg,215
00025459.jpg,215
00025460.jpg,215
00025461.jpg,215
00025462.jpg,215
00025463.jpg,215
00025464.jpg,215
00025465.jpg,215
00025466.jpg,215
00025467.jpg,215
00025468.jpg,215
00025469.jpg,215
00025470.jpg,215
00025471.jpg,215
00025472.jpg,215
00025473.jpg,215
00025474.jpg,215
00025475.jpg,215
00025476.jpg,215
00025477.jpg,215
00025478.jpg,215
00025479.jpg,215
00025480.jpg,215
00025481.jpg,215
00025482.jpg,215
00025483.jpg,215
00025484.jpg,215
00025485.jpg,215
00025486.jpg,215
00025487.jpg,215
00025488.jpg,215
00025489.jpg,216
00025490.jpg,216
00025491.jpg,216
00025492.jpg,216
00025493.jpg,216
00025494.jpg,216
00025495.jpg,216
00025496.jpg,216
00025497.jpg,216
00025498.jpg,216
00025499.jpg,216
00025500.jpg,216
00025501.jpg,216
00025502.jpg,216
00025503.jpg,216
00025504.jpg,216
00025505.jpg,216
00025506.jpg,216
00025507.jpg,216
00025508.jpg,216
00025509.jpg,216
00025510.jpg,216
00025511.jpg,216
00025512.jpg,216
00025513.jpg,216
00025514.jpg,216
00025515.jpg,216
00025516.jpg,216
00025517.jpg,216
00025518.jpg,216
00025519.jpg,216
00025520.jpg,216
00025521.jpg,216
00025522.jpg,216
00025523.jpg,216
00025524.jpg,216
00025525.jpg,216
00025526.jpg,216
00025527.jpg,216
00025528.jpg,216
00025529.jpg,216
00025530.jpg,216
00025531.jpg,216
00025532.jpg,216
00025533.jpg,216
00025534.jpg,216
00025535.jpg,216
00025536.jpg,216
00025537.jpg,216
00025538.jpg,216
00025539.jpg,216
00025540.jpg,216
00025541.jpg,216
00025542.jpg,216
00025543.jpg,216
00025544.jpg,216
00025545.jpg,216
00025546.jpg,216
00025547.jpg,216
00025548.jpg,216
00025549.jpg,216
00025550.jpg,216
00025551.jpg,216
00025552.jpg,216
00025553.jpg,216
00025554.jpg,216
00025555.jpg,216
00025556.jpg,216
00025557.jpg,216
00025558.jpg,216
00025559.jpg,216
00025560.jpg,216
00025561.jpg,216
00025562.jpg,216
00025563.jpg,216
00025564.jpg,216
00025565.jpg,216
00025566.jpg,216
00025567.jpg,216
00025568.jpg,216
00025569.jpg,216
00025570.jpg,216
00025571.jpg,216
00025572.jpg,216
00025573.jpg,216
00025574.jpg,216
00025575.jpg,216
00025576.jpg,216
00025577.jpg,216
00025578.jpg,216
00025579.jpg,216
00025580.jpg,216
00025581.jpg,216
00025582.jpg,216
00025583.jpg,216
00025584.jpg,216
00025585.jpg,216
00025586.jpg,216
00025587.jpg,216
00025588.jpg,216
00025589.jpg,216
00025590.jpg,216
00025591.jpg,216
00025592.jpg,216
00025593.jpg,216
00025594.jpg,216
00025595.jpg,216
00025596.jpg,216
00025597.jpg,216
00025598.jpg,216
00025599.jpg,216
00025600.jpg,216
00025601.jpg,216
00025602.jpg,216
00025603.jpg,216
00025604.jpg,216
00025605.jpg,216
00025606.jpg,216
00025607.jpg,217
00025608.jpg,217
00025609.jpg,217
00025610.jpg,217
00025611.jpg,217
00025612.jpg,217
00025613.jpg,217
00025614.jpg,217
00025615.jpg,217
00025616.jpg,217
00025617.jpg,217
00025618.jpg,217
00025619.jpg,217
00025620.jpg,217
00025621.jpg,217
00025622.jpg,217
00025623.jpg,217
00025624.jpg,217
00025625.jpg,217
00025626.jpg,217
00025627.jpg,217
00025628.jpg,217
00025629.jpg,217
00025630.jpg,217
00025631.jpg,217
00025632.jpg,217
00025633.jpg,217
00025634.jpg,217
00025635.jpg,217
00025636.jpg,217
00025637.jpg,217
00025638.jpg,217
00025639.jpg,217
00025640.jpg,217
00025641.jpg,217
00025642.jpg,217
00025643.jpg,217
00025644.jpg,217
00025645.jpg,217
00025646.jpg,217
00025647.jpg,217
00025648.jpg,217
00025649.jpg,217
00025650.jpg,217
00025651.jpg,217
00025652.jpg,217
00025653.jpg,217
00025654.jpg,217
00025655.jpg,217
00025656.jpg,217
00025657.jpg,217
00025658.jpg,217
00025659.jpg,217
00025660.jpg,217
00025661.jpg,217
00025662.jpg,217
00025663.jpg,217
00025664.jpg,217
00025665.jpg,217
00025666.jpg,217
00025667.jpg,217
00025668.jpg,217
00025669.jpg,217
00025670.jpg,217
00025671.jpg,217
00025672.jpg,217
00025673.jpg,217
00025674.jpg,217
00025675.jpg,217
00025676.jpg,217
00025677.jpg,217
00025678.jpg,217
00025679.jpg,217
00025680.jpg,217
00025681.jpg,217
00025682.jpg,217
00025683.jpg,217
00025684.jpg,217
00025685.jpg,217
00025686.jpg,217
00025687.jpg,217
00025688.jpg,217
00025689.jpg,217
00025690.jpg,217
00025691.jpg,217
00025692.jpg,217
00025693.jpg,217
00025694.jpg,217
00025695.jpg,217
00025696.jpg,217
00025697.jpg,217
00025698.jpg,217
00025699.jpg,217
00025700.jpg,217
00025701.jpg,217
00025702.jpg,217
00025703.jpg,217
00025704.jpg,217
00025705.jpg,217
00025706.jpg,217
00025707.jpg,217
00025708.jpg,217
00025709.jpg,217
00025710.jpg,217
00025711.jpg,217
00025712.jpg,217
00025713.jpg,217
00025714.jpg,217
00025715.jpg,217
00025716.jpg,217
00025717.jpg,217
00025718.jpg,217
00025719.jpg,217
00025720.jpg,217
00025721.jpg,217
00025722.jpg,217
00025723.jpg,217
00025724.jpg,217
00025725.jpg,218
00025726.jpg,218
00025727.jpg,218
00025728.jpg,218
00025729.jpg,218
00025730.jpg,218
00025731.jpg,218
00025732.jpg,218
00025733.jpg,218
00025734.jpg,218
00025735.jpg,218
00025736.jpg,218
00025737.jpg,218
00025738.jpg,218
00025739.jpg,218
00025740.jpg,218
00025741.jpg,218
00025742.jpg,218
00025743.jpg,218
00025744.jpg,218
00025745.jpg,218
00025746.jpg,218
00025747.jpg,218
00025748.jpg,218
00025749.jpg,218
00025750.jpg,218
00025751.jpg,218
00025752.jpg,218
00025753.jpg,218
00025754.jpg,218
00025755.jpg,218
00025756.jpg,218
00025757.jpg,218
00025758.jpg,218
00025759.jpg,218
00025760.jpg,218
00025761.jpg,218
00025762.jpg,218
00025763.jpg,218
00025764.jpg,218
00025765.jpg,218
00025766.jpg,218
00025767.jpg,218
00025768.jpg,218
00025769.jpg,218
00025770.jpg,218
00025771.jpg,218
00025772.jpg,218
00025773.jpg,218
00025774.jpg,218
00025775.jpg,218
00025776.jpg,218
00025777.jpg,218
00025778.jpg,218
00025779.jpg,218
00025780.jpg,218
00025781.jpg,218
00025782.jpg,218
00025783.jpg,218
00025784.jpg,218
00025785.jpg,218
00025786.jpg,218
00025787.jpg,218
00025788.jpg,218
00025789.jpg,218
00025790.jpg,218
00025791.jpg,218
00025792.jpg,218
00025793.jpg,218
00025794.jpg,218
00025795.jpg,218
00025796.jpg,218
00025797.jpg,218
00025798.jpg,218
00025799.jpg,218
00025800.jpg,218
00025801.jpg,218
00025802.jpg,218
00025803.jpg,218
00025804.jpg,218
00025805.jpg,218
00025806.jpg,218
00025807.jpg,218
00025808.jpg,218
00025809.jpg,218
00025810.jpg,218
00025811.jpg,218
00025812.jpg,218
00025813.jpg,218
00025814.jpg,218
00025815.jpg,218
00025816.jpg,218
00025817.jpg,218
00025818.jpg,218
00025819.jpg,218
00025820.jpg,218
00025821.jpg,218
00025822.jpg,218
00025823.jpg,218
00025824.jpg,218
00025825.jpg,218
00025826.jpg,218
00025827.jpg,218
00025828.jpg,218
00025829.jpg,218
00025830.jpg,218
00025831.jpg,218
00025832.jpg,218
00025833.jpg,218
00025834.jpg,218
00025835.jpg,218
00025836.jpg,218
00025837.jpg,218
00025838.jpg,218
00025839.jpg,218
00025840.jpg,218
00025841.jpg,218
00025842.jpg,218
00025843.jpg,219
00025844.jpg,219
00025845.jpg,219
00025846.jpg,219
00025847.jpg,219
00025848.jpg,219
00025849.jpg,219
00025850.jpg,219
00025851.jpg,219
00025852.jpg,219
00025853.jpg,219
00025854.jpg,219
00025855.jpg,219
00025856.jpg,219
00025857.jpg,219
00025858.jpg,219
00025859.jpg,219
00025860.jpg,219
00025861.jpg,219
00025862.jpg,219
00025863.jpg,219
00025864.jpg,219
00025865.jpg,219
00025866.jpg,219
00025867.jpg,219
00025868.jpg,219
00025869.jpg,219
00025870.jpg,219
00025871.jpg,219
00025872.jpg,219
00025873.jpg,219
00025874.jpg,219
00025875.jpg,219
00025876.jpg,219
00025877.jpg,219
00025878.jpg,219
00025879.jpg,219
00025880.jpg,219
00025881.jpg,219
00025882.jpg,219
00025883.jpg,219
00025884.jpg,219
00025885.jpg,219
00025886.jpg,219
00025887.jpg,219
00025888.jpg,219
00025889.jpg,219
00025890.jpg,219
00025891.jpg,219
00025892.jpg,219
00025893.jpg,219
00025894.jpg,219
00025895.jpg,219
00025896.jpg,219
00025897.jpg,219
00025898.jpg,219
00025899.jpg,219
00025900.jpg,219
00025901.jpg,219
00025902.jpg,219
00025903.jpg,219
00025904.jpg,219
00025905.jpg,219
00025906.jpg,219
00025907.jpg,219
00025908.jpg,219
00025909.jpg,219
00025910.jpg,219
00025911.jpg,219
00025912.jpg,219
00025913.jpg,219
00025914.jpg,219
00025915.jpg,219
00025916.jpg,219
00025917.jpg,219
00025918.jpg,219
00025919.jpg,219
00025920.jpg,219
00025921.jpg,219
00025922.jpg,219
00025923.jpg,219
00025924.jpg,219
00025925.jpg,219
00025926.jpg,219
00025927.jpg,219
00025928.jpg,219
00025929.jpg,219
00025930.jpg,219
00025931.jpg,219
00025932.jpg,219
00025933.jpg,219
00025934.jpg,219
00025935.jpg,219
00025936.jpg,219
00025937.jpg,219
00025938.jpg,219
00025939.jpg,219
00025940.jpg,219
00025941.jpg,219
00025942.jpg,219
00025943.jpg,219
00025944.jpg,219
00025945.jpg,219
00025946.jpg,219
00025947.jpg,219
00025948.jpg,219
00025949.jpg,219
00025950.jpg,219
00025951.jpg,219
00025952.jpg,219
00025953.jpg,219
00025954.jpg,219
00025955.jpg,219
00025956.jpg,219
00025957.jpg,219
00025958.jpg,219
00025959.jpg,219
00025960.jpg,219
00025961.jpg,220
00025962.jpg,220
00025963.jpg,220
00025964.jpg,220
00025965.jpg,220
00025966.jpg,220
00025967.jpg,220
00025968.jpg,220
00025969.jpg,220
00025970.jpg,220
00025971.jpg,220
00025972.jpg,220
00025973.jpg,220
00025974.jpg,220
00025975.jpg,220
00025976.jpg,220
00025977.jpg,220
00025978.jpg,220
00025979.jpg,220
00025980.jpg,220
00025981.jpg,220
00025982.jpg,220
00025983.jpg,220
00025984.jpg,220
00025985.jpg,220
00025986.jpg,220
00025987.jpg,220
00025988.jpg,220
00025989.jpg,220
00025990.jpg,220
00025991.jpg,220
00025992.jpg,220
00025993.jpg,220
00025994.jpg,220
00025995.jpg,220
00025996.jpg,220
00025997.jpg,220
00025998.jpg,220
00025999.jpg,220
00026000.jpg,220
00026001.jpg,220
00026002.jpg,220
00026003.jpg,220
00026004.jpg,220
00026005.jpg,220
00026006.jpg,220
00026007.jpg,220
00026008.jpg,220
00026009.jpg,220
00026010.jpg,220
00026011.jpg,220
00026012.jpg,220
00026013.jpg,220
00026014.jpg,220
00026015.jpg,220
00026016.jpg,220
00026017.jpg,220
00026018.jpg,220
00026019.jpg,220
00026020.jpg,220
00026021.jpg,220
00026022.jpg,220
00026023.jpg,220
00026024.jpg,220
00026025.jpg,220
00026026.jpg,220
00026027.jpg,220
00026028.jpg,220
00026029.jpg,220
00026030.jpg,220
00026031.jpg,220
00026032.jpg,220
00026033.jpg,220
00026034.jpg,220
00026035.jpg,220
00026036.jpg,220
00026037.jpg,220
00026038.jpg,220
00026039.jpg,220
00026040.jpg,220
00026041.jpg,220
00026042.jpg,220
00026043.jpg,220
00026044.jpg,220
00026045.jpg,220
00026046.jpg,220
00026047.jpg,220
00026048.jpg,220
00026049.jpg,220
00026050.jpg,220
00026051.jpg,220
00026052.jpg,220
00026053.jpg,220
00026054.jpg,220
00026055.jpg,220
00026056.jpg,220
00026057.jpg,220
00026058.jpg,220
00026059.jpg,220
00026060.jpg,220
00026061.jpg,220
00026062.jpg,220
00026063.jpg,220
00026064.jpg,220
00026065.jpg,220
00026066.jpg,220
00026067.jpg,220
00026068.jpg,220
00026069.jpg,220
00026070.jpg,220
00026071.jpg,220
00026072.jpg,220
00026073.jpg,220
00026074.jpg,220
00026075.jpg,220
00026076.jpg,220
00026077.jpg,220
00026078.jpg,220
00026079.jpg,221
00026080.jpg,221
00026081.jpg,221
00026082.jpg,221
00026083.jpg,221
00026084.jpg,221
00026085.jpg,221
00026086.jpg,221
00026087.jpg,221
00026088.jpg,221
00026089.jpg,221
00026090.jpg,221
00026091.jpg,221
00026092.jpg,221
00026093.jpg,221
00026094.jpg,221
00026095.jpg,221
00026096.jpg,221
00026097.jpg,221
00026098.jpg,221
00026099.jpg,221
00026100.jpg,221
00026101.jpg,221
00026102.jpg,221
00026103.jpg,221
00026104.jpg,221
00026105.jpg,221
00026106.jpg,221
00026107.jpg,221
00026108.jpg,221
00026109.jpg,221
00026110.jpg,221
00026111.jpg,221
00026112.jpg,221
00026113.jpg,221
00026114.jpg,221
00026115.jpg,221
00026116.jpg,221
00026117.jpg,221
00026118.jpg,221
00026119.jpg,221
00026120.jpg,221
00026121.jpg,221
00026122.jpg,221
00026123.jpg,221
00026124.jpg,221
00026125.jpg,221
00026126.jpg,221
00026127.jpg,221
00026128.jpg,221
00026129.jpg,221
00026130.jpg,221
00026131.jpg,221
00026132.jpg,221
00026133.jpg,221
00026134.jpg,221
00026135.jpg,221
00026136.jpg,221
00026137.jpg,221
00026138.jpg,221
00026139.jpg,221
00026140.jpg,221
00026141.jpg,221
00026142.jpg,221
00026143.jpg,221
00026144.jpg,221
00026145.jpg,221
00026146.jpg,221
00026147.jpg,221
00026148.jpg,221
00026149.jpg,221
00026150.jpg,221
00026151.jpg,221
00026152.jpg,221
00026153.jpg,221
00026154.jpg,221
00026155.jpg,221
00026156.jpg,221
00026157.jpg,221
00026158.jpg,221
00026159.jpg,221
00026160.jpg,221
00026161.jpg,221
00026162.jpg,221
00026163.jpg,221
00026164.jpg,221
00026165.jpg,221
00026166.jpg,221
00026167.jpg,221
00026168.jpg,221
00026169.jpg,221
00026170.jpg,221
00026171.jpg,221
00026172.jpg,221
00026173.jpg,221
00026174.jpg,221
00026175.jpg,221
00026176.jpg,221
00026177.jpg,221
00026178.jpg,221
00026179.jpg,221
00026180.jpg,221
00026181.jpg,221
00026182.jpg,221
00026183.jpg,221
00026184.jpg,221
00026185.jpg,221
00026186.jpg,221
00026187.jpg,221
00026188.jpg,221
00026189.jpg,221
00026190.jpg,221
00026191.jpg,221
00026192.jpg,221
00026193.jpg,221
00026194.jpg,221
00026195.jpg,221
00026196.jpg,221
00026197.jpg,222
00026198.jpg,222
00026199.jpg,222
00026200.jpg,222
00026201.jpg,222
00026202.jpg,222
00026203.jpg,222
00026204.jpg,222
00026205.jpg,222
00026206.jpg,222
00026207.jpg,222
00026208.jpg,222
00026209.jpg,222
00026210.jpg,222
00026211.jpg,222
00026212.jpg,222
00026213.jpg,222
00026214.jpg,222
00026215.jpg,222
00026216.jpg,222
00026217.jpg,222
00026218.jpg,222
00026219.jpg,222
00026220.jpg,222
00026221.jpg,222
00026222.jpg,222
00026223.jpg,222
00026224.jpg,222
00026225.jpg,222
00026226.jpg,222
00026227.jpg,222
00026228.jpg,222
00026229.jpg,222
00026230.jpg,222
00026231.jpg,222
00026232.jpg,222
00026233.jpg,222
00026234.jpg,222
00026235.jpg,222
00026236.jpg,222
00026237.jpg,222
00026238.jpg,222
00026239.jpg,222
00026240.jpg,222
00026241.jpg,222
00026242.jpg,222
00026243.jpg,222
00026244.jpg,222
00026245.jpg,222
00026246.jpg,222
00026247.jpg,222
00026248.jpg,222
00026249.jpg,222
00026250.jpg,222
00026251.jpg,222
00026252.jpg,222
00026253.jpg,222
00026254.jpg,222
00026255.jpg,222
00026256.jpg,222
00026257.jpg,222
00026258.jpg,222
00026259.jpg,222
00026260.jpg,222
00026261.jpg,222
00026262.jpg,222
00026263.jpg,222
00026264.jpg,222
00026265.jpg,222
00026266.jpg,222
00026267.jpg,222
00026268.jpg,222
00026269.jpg,222
00026270.jpg,222
00026271.jpg,222
00026272.jpg,222
00026273.jpg,222
00026274.jpg,222
00026275.jpg,222
00026276.jpg,222
00026277.jpg,222
00026278.jpg,222
00026279.jpg,222
00026280.jpg,222
00026281.jpg,222
00026282.jpg,222
00026283.jpg,222
00026284.jpg,222
00026285.jpg,222
00026286.jpg,222
00026287.jpg,222
00026288.jpg,222
00026289.jpg,222
00026290.jpg,222
00026291.jpg,222
00026292.jpg,222
00026293.jpg,222
00026294.jpg,222
00026295.jpg,222
00026296.jpg,222
00026297.jpg,222
00026298.jpg,222
00026299.jpg,222
00026300.jpg,222
00026301.jpg,222
00026302.jpg,222
00026303.jpg,222
00026304.jpg,222
00026305.jpg,222
00026306.jpg,222
00026307.jpg,222
00026308.jpg,222
00026309.jpg,222
00026310.jpg,222
00026311.jpg,222
00026312.jpg,222
00026313.jpg,222
00026314.jpg,222
00026315.jpg,223
00026316.jpg,223
00026317.jpg,223
00026318.jpg,223
00026319.jpg,223
00026320.jpg,223
00026321.jpg,223
00026322.jpg,223
00026323.jpg,223
00026324.jpg,223
00026325.jpg,223
00026326.jpg,223
00026327.jpg,223
00026328.jpg,223
00026329.jpg,223
00026330.jpg,223
00026331.jpg,223
00026332.jpg,223
00026333.jpg,223
00026334.jpg,223
00026335.jpg,223
00026336.jpg,223
00026337.jpg,223
00026338.jpg,223
00026339.jpg,223
00026340.jpg,223
00026341.jpg,223
00026342.jpg,223
00026343.jpg,223
00026344.jpg,223
00026345.jpg,223
00026346.jpg,223
00026347.jpg,223
00026348.jpg,223
00026349.jpg,223
00026350.jpg,223
00026351.jpg,223
00026352.jpg,223
00026353.jpg,223
00026354.jpg,223
00026355.jpg,223
00026356.jpg,223
00026357.jpg,223
00026358.jpg,223
00026359.jpg,223
00026360.jpg,223
00026361.jpg,223
00026362.jpg,223
00026363.jpg,223
00026364.jpg,223
00026365.jpg,223
00026366.jpg,223
00026367.jpg,223
00026368.jpg,223
00026369.jpg,223
00026370.jpg,223
00026371.jpg,223
00026372.jpg,223
00026373.jpg,223
00026374.jpg,223
00026375.jpg,223
00026376.jpg,223
00026377.jpg,223
00026378.jpg,223
00026379.jpg,223
00026380.jpg,223
00026381.jpg,223
00026382.jpg,223
00026383.jpg,223
00026384.jpg,223
00026385.jpg,223
00026386.jpg,223
00026387.jpg,223
00026388.jpg,223
00026389.jpg,223
00026390.jpg,223
00026391.jpg,223
00026392.jpg,223
00026393.jpg,223
00026394.jpg,223
00026395.jpg,223
00026396.jpg,223
00026397.jpg,223
00026398.jpg,223
00026399.jpg,223
00026400.jpg,223
00026401.jpg,223
00026402.jpg,223
00026403.jpg,223
00026404.jpg,223
00026405.jpg,223
00026406.jpg,223
00026407.jpg,223
00026408.jpg,223
00026409.jpg,223
00026410.jpg,223
00026411.jpg,223
00026412.jpg,223
00026413.jpg,223
00026414.jpg,223
00026415.jpg,223
00026416.jpg,223
00026417.jpg,223
00026418.jpg,223
00026419.jpg,223
00026420.jpg,223
00026421.jpg,223
00026422.jpg,223
00026423.jpg,223
00026424.jpg,223
00026425.jpg,223
00026426.jpg,223
00026427.jpg,223
00026428.jpg,223
00026429.jpg,223
00026430.jpg,223
00026431.jpg,223
00026432.jpg,223
00026433.jpg,224
00026434.jpg,224
00026435.jpg,224
00026436.jpg,224
00026437.jpg,224
00026438.jpg,224
00026439.jpg,224
00026440.jpg,224
00026441.jpg,224
00026442.jpg,224
00026443.jpg,224
00026444.jpg,224
00026445.jpg,224
00026446.jpg,224
00026447.jpg,224
00026448.jpg,224
00026449.jpg,224
00026450.jpg,224
00026451.jpg,224
00026452.jpg,224
00026453.jpg,224
00026454.jpg,224
00026455.jpg,224
00026456.jpg,224
00026457.jpg,224
00026458.jpg,224
00026459.jpg,224
00026460.jpg,224
00026461.jpg,224
00026462.jpg,224
00026463.jpg,224
00026464.jpg,224
00026465.jpg,224
00026466.jpg,224
00026467.jpg,224
00026468.jpg,224
00026469.jpg,224
00026470.jpg,224
00026471.jpg,224
00026472.jpg,224
00026473.jpg,224
00026474.jpg,224
00026475.jpg,224
00026476.jpg,224
00026477.jpg,224
00026478.jpg,224
00026479.jpg,224
00026480.jpg,224
00026481.jpg,224
00026482.jpg,224
00026483.jpg,224
00026484.jpg,224
00026485.jpg,224
00026486.jpg,224
00026487.jpg,224
00026488.jpg,224
00026489.jpg,224
00026490.jpg,224
00026491.jpg,224
00026492.jpg,224
00026493.jpg,224
00026494.jpg,224
00026495.jpg,224
00026496.jpg,224
00026497.jpg,224
00026498.jpg,224
00026499.jpg,224
00026500.jpg,224
00026501.jpg,224
00026502.jpg,224
00026503.jpg,224
00026504.jpg,224
00026505.jpg,224
00026506.jpg,224
00026507.jpg,224
00026508.jpg,224
00026509.jpg,224
00026510.jpg,224
00026511.jpg,224
00026512.jpg,224
00026513.jpg,224
00026514.jpg,224
00026515.jpg,224
00026516.jpg,224
00026517.jpg,224
00026518.jpg,224
00026519.jpg,224
00026520.jpg,224
00026521.jpg,224
00026522.jpg,224
00026523.jpg,224
00026524.jpg,224
00026525.jpg,224
00026526.jpg,224
00026527.jpg,224
00026528.jpg,224
00026529.jpg,224
00026530.jpg,224
00026531.jpg,224
00026532.jpg,224
00026533.jpg,224
00026534.jpg,224
00026535.jpg,224
00026536.jpg,224
00026537.jpg,224
00026538.jpg,224
00026539.jpg,224
00026540.jpg,224
00026541.jpg,224
00026542.jpg,224
00026543.jpg,224
00026544.jpg,224
00026545.jpg,224
00026546.jpg,224
00026547.jpg,224
00026548.jpg,224
00026549.jpg,224
00026550.jpg,224
00026551.jpg,225
00026552.jpg,225
00026553.jpg,225
00026554.jpg,225
00026555.jpg,225
00026556.jpg,225
00026557.jpg,225
00026558.jpg,225
00026559.jpg,225
00026560.jpg,225
00026561.jpg,225
00026562.jpg,225
00026563.jpg,225
00026564.jpg,225
00026565.jpg,225
00026566.jpg,225
00026567.jpg,225
00026568.jpg,225
00026569.jpg,225
00026570.jpg,225
00026571.jpg,225
00026572.jpg,225
00026573.jpg,225
00026574.jpg,225
00026575.jpg,225
00026576.jpg,225
00026577.jpg,225
00026578.jpg,225
00026579.jpg,225
00026580.jpg,225
00026581.jpg,225
00026582.jpg,225
00026583.jpg,225
00026584.jpg,225
00026585.jpg,225
00026586.jpg,225
00026587.jpg,225
00026588.jpg,225
00026589.jpg,225
00026590.jpg,225
00026591.jpg,225
00026592.jpg,225
00026593.jpg,225
00026594.jpg,225
00026595.jpg,225
00026596.jpg,225
00026597.jpg,225
00026598.jpg,225
00026599.jpg,225
00026600.jpg,225
00026601.jpg,225
00026602.jpg,225
00026603.jpg,225
00026604.jpg,225
00026605.jpg,225
00026606.jpg,225
00026607.jpg,225
00026608.jpg,225
00026609.jpg,225
00026610.jpg,225
00026611.jpg,225
00026612.jpg,225
00026613.jpg,225
00026614.jpg,225
00026615.jpg,225
00026616.jpg,225
00026617.jpg,225
00026618.jpg,225
00026619.jpg,225
00026620.jpg,225
00026621.jpg,225
00026622.jpg,225
00026623.jpg,225
00026624.jpg,225
00026625.jpg,225
00026626.jpg,225
00026627.jpg,225
00026628.jpg,225
00026629.jpg,225
00026630.jpg,225
00026631.jpg,225
00026632.jpg,225
00026633.jpg,225
00026634.jpg,225
00026635.jpg,225
00026636.jpg,225
00026637.jpg,225
00026638.jpg,225
00026639.jpg,225
00026640.jpg,225
00026641.jpg,225
00026642.jpg,225
00026643.jpg,225
00026644.jpg,225
00026645.jpg,225
00026646.jpg,225
00026647.jpg,225
00026648.jpg,225
00026649.jpg,225
00026650.jpg,225
00026651.jpg,225
00026652.jpg,225
00026653.jpg,225
00026654.jpg,225
00026655.jpg,225
00026656.jpg,225
00026657.jpg,225
00026658.jpg,225
00026659.jpg,225
00026660.jpg,225
00026661.jpg,225
00026662.jpg,225
00026663.jpg,225
00026664.jpg,225
00026665.jpg,225
00026666.jpg,225
00026667.jpg,225
00026668.jpg,225
00026669.jpg,226
00026670.jpg,226
00026671.jpg,226
00026672.jpg,226
00026673.jpg,226
00026674.jpg,226
00026675.jpg,226
00026676.jpg,226
00026677.jpg,226
00026678.jpg,226
00026679.jpg,226
00026680.jpg,226
00026681.jpg,226
00026682.jpg,226
00026683.jpg,226
00026684.jpg,226
00026685.jpg,226
00026686.jpg,226
00026687.jpg,226
00026688.jpg,226
00026689.jpg,226
00026690.jpg,226
00026691.jpg,226
00026692.jpg,226
00026693.jpg,226
00026694.jpg,226
00026695.jpg,226
00026696.jpg,226
00026697.jpg,226
00026698.jpg,226
00026699.jpg,226
00026700.jpg,226
00026701.jpg,226
00026702.jpg,226
00026703.jpg,226
00026704.jpg,226
00026705.jpg,226
00026706.jpg,226
00026707.jpg,226
00026708.jpg,226
00026709.jpg,226
00026710.jpg,226
00026711.jpg,226
00026712.jpg,226
00026713.jpg,226
00026714.jpg,226
00026715.jpg,226
00026716.jpg,226
00026717.jpg,226
00026718.jpg,226
00026719.jpg,226
00026720.jpg,226
00026721.jpg,226
00026722.jpg,226
00026723.jpg,226
00026724.jpg,226
00026725.jpg,226
00026726.jpg,226
00026727.jpg,226
00026728.jpg,226
00026729.jpg,226
00026730.jpg,226
00026731.jpg,226
00026732.jpg,226
00026733.jpg,226
00026734.jpg,226
00026735.jpg,226
00026736.jpg,226
00026737.jpg,226
00026738.jpg,226
00026739.jpg,226
00026740.jpg,226
00026741.jpg,226
00026742.jpg,226
00026743.jpg,226
00026744.jpg,226
00026745.jpg,226
00026746.jpg,226
00026747.jpg,226
00026748.jpg,226
00026749.jpg,226
00026750.jpg,226
00026751.jpg,226
00026752.jpg,226
00026753.jpg,226
00026754.jpg,226
00026755.jpg,226
00026756.jpg,226
00026757.jpg,226
00026758.jpg,226
00026759.jpg,226
00026760.jpg,226
00026761.jpg,226
00026762.jpg,226
00026763.jpg,226
00026764.jpg,226
00026765.jpg,226
00026766.jpg,226
00026767.jpg,226
00026768.jpg,226
00026769.jpg,226
00026770.jpg,226
00026771.jpg,226
00026772.jpg,226
00026773.jpg,226
00026774.jpg,226
00026775.jpg,226
00026776.jpg,226
00026777.jpg,226
00026778.jpg,226
00026779.jpg,226
00026780.jpg,226
00026781.jpg,226
00026782.jpg,226
00026783.jpg,226
00026784.jpg,226
00026785.jpg,226
00026786.jpg,226
00026787.jpg,227
00026788.jpg,227
00026789.jpg,227
00026790.jpg,227
00026791.jpg,227
00026792.jpg,227
00026793.jpg,227
00026794.jpg,227
00026795.jpg,227
00026796.jpg,227
00026797.jpg,227
00026798.jpg,227
00026799.jpg,227
00026800.jpg,227
00026801.jpg,227
00026802.jpg,227
00026803.jpg,227
00026804.jpg,227
00026805.jpg,227
00026806.jpg,227
00026807.jpg,227
00026808.jpg,227
00026809.jpg,227
00026810.jpg,227
00026811.jpg,227
00026812.jpg,227
00026813.jpg,227
00026814.jpg,227
00026815.jpg,227
00026816.jpg,227
00026817.jpg,227
00026818.jpg,227
00026819.jpg,227
00026820.jpg,227
00026821.jpg,227
00026822.jpg,227
00026823.jpg,227
00026824.jpg,227
00026825.jpg,227
00026826.jpg,227
00026827.jpg,227
00026828.jpg,227
00026829.jpg,227
00026830.jpg,227
00026831.jpg,227
00026832.jpg,227
00026833.jpg,227
00026834.jpg,227
00026835.jpg,227
00026836.jpg,227
00026837.jpg,227
00026838.jpg,227
00026839.jpg,227
00026840.jpg,227
00026841.jpg,227
00026842.jpg,227
00026843.jpg,227
00026844.jpg,227
00026845.jpg,227
00026846.jpg,227
00026847.jpg,227
00026848.jpg,227
00026849.jpg,227
00026850.jpg,227
00026851.jpg,227
00026852.jpg,227
00026853.jpg,227
00026854.jpg,227
00026855.jpg,227
00026856.jpg,227
00026857.jpg,227
00026858.jpg,227
00026859.jpg,227
00026860.jpg,227
00026861.jpg,227
00026862.jpg,227
00026863.jpg,227
00026864.jpg,227
00026865.jpg,227
00026866.jpg,227
00026867.jpg,227
00026868.jpg,227
00026869.jpg,227
00026870.jpg,227
00026871.jpg,227
00026872.jpg,227
00026873.jpg,227
00026874.jpg,227
00026875.jpg,227
00026876.jpg,227
00026877.jpg,227
00026878.jpg,227
00026879.jpg,227
00026880.jpg,227
00026881.jpg,227
00026882.jpg,227
00026883.jpg,227
00026884.jpg,227
00026885.jpg,227
00026886.jpg,227
00026887.jpg,227
00026888.jpg,227
00026889.jpg,227
00026890.jpg,227
00026891.jpg,227
00026892.jpg,227
00026893.jpg,227
00026894.jpg,227
00026895.jpg,227
00026896.jpg,227
00026897.jpg,227
00026898.jpg,227
00026899.jpg,227
00026900.jpg,227
00026901.jpg,227
00026902.jpg,227
00026903.jpg,227
00026904.jpg,227
00026905.jpg,228
00026906.jpg,228
00026907.jpg,228
00026908.jpg,228
00026909.jpg,228
00026910.jpg,228
00026911.jpg,228
00026912.jpg,228
00026913.jpg,228
00026914.jpg,228
00026915.jpg,228
00026916.jpg,228
00026917.jpg,228
00026918.jpg,228
00026919.jpg,228
00026920.jpg,228
00026921.jpg,228
00026922.jpg,228
00026923.jpg,228
00026924.jpg,228
00026925.jpg,228
00026926.jpg,228
00026927.jpg,228
00026928.jpg,228
00026929.jpg,228
00026930.jpg,228
00026931.jpg,228
00026932.jpg,228
00026933.jpg,228
00026934.jpg,228
00026935.jpg,228
00026936.jpg,228
00026937.jpg,228
00026938.jpg,228
00026939.jpg,228
00026940.jpg,228
00026941.jpg,228
00026942.jpg,228
00026943.jpg,228
00026944.jpg,228
00026945.jpg,228
00026946.jpg,228
00026947.jpg,228
00026948.jpg,228
00026949.jpg,228
00026950.jpg,228
00026951.jpg,228
00026952.jpg,228
00026953.jpg,228
00026954.jpg,228
00026955.jpg,228
00026956.jpg,228
00026957.jpg,228
00026958.jpg,228
00026959.jpg,228
00026960.jpg,228
00026961.jpg,228
00026962.jpg,228
00026963.jpg,228
00026964.jpg,228
00026965.jpg,228
00026966.jpg,228
00026967.jpg,228
00026968.jpg,228
00026969.jpg,228
00026970.jpg,228
00026971.jpg,228
00026972.jpg,228
00026973.jpg,228
00026974.jpg,228
00026975.jpg,228
00026976.jpg,228
00026977.jpg,228
00026978.jpg,228
00026979.jpg,228
00026980.jpg,228
00026981.jpg,228
00026982.jpg,228
00026983.jpg,228
00026984.jpg,228
00026985.jpg,228
00026986.jpg,228
00026987.jpg,228
00026988.jpg,228
00026989.jpg,228
00026990.jpg,228
00026991.jpg,228
00026992.jpg,228
00026993.jpg,228
00026994.jpg,228
00026995.jpg,228
00026996.jpg,228
00026997.jpg,228
00026998.jpg,228
00026999.jpg,228
00027000.jpg,228
00027001.jpg,228
00027002.jpg,228
00027003.jpg,228
00027004.jpg,228
00027005.jpg,228
00027006.jpg,228
00027007.jpg,228
00027008.jpg,228
00027009.jpg,228
00027010.jpg,228
00027011.jpg,228
00027012.jpg,228
00027013.jpg,228
00027014.jpg,228
00027015.jpg,228
00027016.jpg,228
00027017.jpg,228
00027018.jpg,228
00027019.jpg,228
00027020.jpg,228
00027021.jpg,228
00027022.jpg,228
00027023.jpg,229
00027024.jpg,229
00027025.jpg,229
00027026.jpg,229
00027027.jpg,229
00027028.jpg,229
00027029.jpg,229
00027030.jpg,229
00027031.jpg,229
00027032.jpg,229
00027033.jpg,229
00027034.jpg,229
00027035.jpg,229
00027036.jpg,229
00027037.jpg,229
00027038.jpg,229
00027039.jpg,229
00027040.jpg,229
00027041.jpg,229
00027042.jpg,229
00027043.jpg,229
00027044.jpg,229
00027045.jpg,229
00027046.jpg,229
00027047.jpg,229
00027048.jpg,229
00027049.jpg,229
00027050.jpg,229
00027051.jpg,229
00027052.jpg,229
00027053.jpg,229
00027054.jpg,229
00027055.jpg,229
00027056.jpg,229
00027057.jpg,229
00027058.jpg,229
00027059.jpg,229
00027060.jpg,229
00027061.jpg,229
00027062.jpg,229
00027063.jpg,229
00027064.jpg,229
00027065.jpg,229
00027066.jpg,229
00027067.jpg,229
00027068.jpg,229
00027069.jpg,229
00027070.jpg,229
00027071.jpg,229
00027072.jpg,229
00027073.jpg,229
00027074.jpg,229
00027075.jpg,229
00027076.jpg,229
00027077.jpg,229
00027078.jpg,229
00027079.jpg,229
00027080.jpg,229
00027081.jpg,229
00027082.jpg,229
00027083.jpg,229
00027084.jpg,229
00027085.jpg,229
00027086.jpg,229
00027087.jpg,229
00027088.jpg,229
00027089.jpg,229
00027090.jpg,229
00027091.jpg,229
00027092.jpg,229
00027093.jpg,229
00027094.jpg,229
00027095.jpg,229
00027096.jpg,229
00027097.jpg,229
00027098.jpg,229
00027099.jpg,229
00027100.jpg,229
00027101.jpg,229
00027102.jpg,229
00027103.jpg,229
00027104.jpg,229
00027105.jpg,229
00027106.jpg,229
00027107.jpg,229
00027108.jpg,229
00027109.jpg,229
00027110.jpg,229
00027111.jpg,229
00027112.jpg,229
00027113.jpg,229
00027114.jpg,229
00027115.jpg,229
00027116.jpg,229
00027117.jpg,229
00027118.jpg,229
00027119.jpg,229
00027120.jpg,229
00027121.jpg,229
00027122.jpg,229
00027123.jpg,229
00027124.jpg,229
00027125.jpg,229
00027126.jpg,229
00027127.jpg,229
00027128.jpg,229
00027129.jpg,229
00027130.jpg,229
00027131.jpg,229
00027132.jpg,229
00027133.jpg,229
00027134.jpg,229
00027135.jpg,229
00027136.jpg,229
00027137.jpg,229
00027138.jpg,229
00027139.jpg,229
00027140.jpg,229
00027141.jpg,230
00027142.jpg,230
00027143.jpg,230
00027144.jpg,230
00027145.jpg,230
00027146.jpg,230
00027147.jpg,230
00027148.jpg,230
00027149.jpg,230
00027150.jpg,230
00027151.jpg,230
00027152.jpg,230
00027153.jpg,230
00027154.jpg,230
00027155.jpg,230
00027156.jpg,230
00027157.jpg,230
00027158.jpg,230
00027159.jpg,230
00027160.jpg,230
00027161.jpg,230
00027162.jpg,230
00027163.jpg,230
00027164.jpg,230
00027165.jpg,230
00027166.jpg,230
00027167.jpg,230
00027168.jpg,230
00027169.jpg,230
00027170.jpg,230
00027171.jpg,230
00027172.jpg,230
00027173.jpg,230
00027174.jpg,230
00027175.jpg,230
00027176.jpg,230
00027177.jpg,230
00027178.jpg,230
00027179.jpg,230
00027180.jpg,230
00027181.jpg,230
00027182.jpg,230
00027183.jpg,230
00027184.jpg,230
00027185.jpg,230
00027186.jpg,230
00027187.jpg,230
00027188.jpg,230
00027189.jpg,230
00027190.jpg,230
00027191.jpg,230
00027192.jpg,230
00027193.jpg,230
00027194.jpg,230
00027195.jpg,230
00027196.jpg,230
00027197.jpg,230
00027198.jpg,230
00027199.jpg,230
00027200.jpg,230
00027201.jpg,230
00027202.jpg,230
00027203.jpg,230
00027204.jpg,230
00027205.jpg,230
00027206.jpg,230
00027207.jpg,230
00027208.jpg,230
00027209.jpg,230
00027210.jpg,230
00027211.jpg,230
00027212.jpg,230
00027213.jpg,230
00027214.jpg,230
00027215.jpg,230
00027216.jpg,230
00027217.jpg,230
00027218.jpg,230
00027219.jpg,230
00027220.jpg,230
00027221.jpg,230
00027222.jpg,230
00027223.jpg,230
00027224.jpg,230
00027225.jpg,230
00027226.jpg,230
00027227.jpg,230
00027228.jpg,230
00027229.jpg,230
00027230.jpg,230
00027231.jpg,230
00027232.jpg,230
00027233.jpg,230
00027234.jpg,230
00027235.jpg,230
00027236.jpg,230
00027237.jpg,230
00027238.jpg,230
00027239.jpg,230
00027240.jpg,230
00027241.jpg,230
00027242.jpg,230
00027243.jpg,230
00027244.jpg,230
00027245.jpg,230
00027246.jpg,230
00027247.jpg,230
00027248.jpg,230
00027249.jpg,230
00027250.jpg,230
00027251.jpg,230
00027252.jpg,230
00027253.jpg,230
00027254.jpg,230
00027255.jpg,230
00027256.jpg,230
00027257.jpg,230
00027258.jpg,230
00027259.jpg,231
00027260.jpg,231
00027261.jpg,231
00027262.jpg,231
00027263.jpg,231
00027264.jpg,231
00027265.jpg,231
00027266.jpg,231
00027267.jpg,231
00027268.jpg,231
00027269.jpg,231
00027270.jpg,231
00027271.jpg,231
00027272.jpg,231
00027273.jpg,231
00027274.jpg,231
00027275.jpg,231
00027276.jpg,231
00027277.jpg,231
00027278.jpg,231
00027279.jpg,231
00027280.jpg,231
00027281.jpg,231
00027282.jpg,231
00027283.jpg,231
00027284.jpg,231
00027285.jpg,231
00027286.jpg,231
00027287.jpg,231
00027288.jpg,231
00027289.jpg,231
00027290.jpg,231
00027291.jpg,231
00027292.jpg,231
00027293.jpg,231
00027294.jpg,231
00027295.jpg,231
00027296.jpg,231
00027297.jpg,231
00027298.jpg,231
00027299.jpg,231
00027300.jpg,231
00027301.jpg,231
00027302.jpg,231
00027303.jpg,231
00027304.jpg,231
00027305.jpg,231
00027306.jpg,231
00027307.jpg,231
00027308.jpg,231
00027309.jpg,231
00027310.jpg,231
00027311.jpg,231
00027312.jpg,231
00027313.jpg,231
00027314.jpg,231
00027315.jpg,231
00027316.jpg,231
00027317.jpg,231
00027318.jpg,231
00027319.jpg,231
00027320.jpg,231
00027321.jpg,231
00027322.jpg,231
00027323.jpg,231
00027324.jpg,231
00027325.jpg,231
00027326.jpg,231
00027327.jpg,231
00027328.jpg,231
00027329.jpg,231
00027330.jpg,231
00027331.jpg,231
00027332.jpg,231
00027333.jpg,231
00027334.jpg,231
00027335.jpg,231
00027336.jpg,231
00027337.jpg,231
00027338.jpg,231
00027339.jpg,231
00027340.jpg,231
00027341.jpg,231
00027342.jpg,231
00027343.jpg,231
00027344.jpg,231
00027345.jpg,231
00027346.jpg,231
00027347.jpg,231
00027348.jpg,231
00027349.jpg,231
00027350.jpg,231
00027351.jpg,231
00027352.jpg,231
00027353.jpg,231
00027354.jpg,231
00027355.jpg,231
00027356.jpg,231
00027357.jpg,231
00027358.jpg,231
00027359.jpg,231
00027360.jpg,231
00027361.jpg,231
00027362.jpg,231
00027363.jpg,231
00027364.jpg,231
00027365.jpg,231
00027366.jpg,231
00027367.jpg,231
00027368.jpg,231
00027369.jpg,231
00027370.jpg,231
00027371.jpg,231
00027372.jpg,231
00027373.jpg,231
00027374.jpg,231
00027375.jpg,231
00027376.jpg,231
00027377.jpg,232
00027378.jpg,232
00027379.jpg,232
00027380.jpg,232
00027381.jpg,232
00027382.jpg,232
00027383.jpg,232
00027384.jpg,232
00027385.jpg,232
00027386.jpg,232
00027387.jpg,232
00027388.jpg,232
00027389.jpg,232
00027390.jpg,232
00027391.jpg,232
00027392.jpg,232
00027393.jpg,232
00027394.jpg,232
00027395.jpg,232
00027396.jpg,232
00027397.jpg,232
00027398.jpg,232
00027399.jpg,232
00027400.jpg,232
00027401.jpg,232
00027402.jpg,232
00027403.jpg,232
00027404.jpg,232
00027405.jpg,232
00027406.jpg,232
00027407.jpg,232
00027408.jpg,232
00027409.jpg,232
00027410.jpg,232
00027411.jpg,232
00027412.jpg,232
00027413.jpg,232
00027414.jpg,232
00027415.jpg,232
00027416.jpg,232
00027417.jpg,232
00027418.jpg,232
00027419.jpg,232
00027420.jpg,232
00027421.jpg,232
00027422.jpg,232
00027423.jpg,232
00027424.jpg,232
00027425.jpg,232
00027426.jpg,232
00027427.jpg,232
00027428.jpg,232
00027429.jpg,232
00027430.jpg,232
00027431.jpg,232
00027432.jpg,232
00027433.jpg,232
00027434.jpg,232
00027435.jpg,232
00027436.jpg,232
00027437.jpg,232
00027438.jpg,232
00027439.jpg,232
00027440.jpg,232
00027441.jpg,232
00027442.jpg,232
00027443.jpg,232
00027444.jpg,232
00027445.jpg,232
00027446.jpg,232
00027447.jpg,232
00027448.jpg,232
00027449.jpg,232
00027450.jpg,232
00027451.jpg,232
00027452.jpg,232
00027453.jpg,232
00027454.jpg,232
00027455.jpg,232
00027456.jpg,232
00027457.jpg,232
00027458.jpg,232
00027459.jpg,232
00027460.jpg,232
00027461.jpg,232
00027462.jpg,232
00027463.jpg,232
00027464.jpg,232
00027465.jpg,232
00027466.jpg,232
00027467.jpg,232
00027468.jpg,232
00027469.jpg,232
00027470.jpg,232
00027471.jpg,232
00027472.jpg,232
00027473.jpg,232
00027474.jpg,232
00027475.jpg,232
00027476.jpg,232
00027477.jpg,232
00027478.jpg,232
00027479.jpg,232
00027480.jpg,232
00027481.jpg,232
00027482.jpg,232
00027483.jpg,232
00027484.jpg,232
00027485.jpg,232
00027486.jpg,232
00027487.jpg,232
00027488.jpg,232
00027489.jpg,232
00027490.jpg,232
00027491.jpg,232
00027492.jpg,232
00027493.jpg,232
00027494.jpg,232
00027495.jpg,233
00027496.jpg,233
00027497.jpg,233
00027498.jpg,233
00027499.jpg,233
00027500.jpg,233
00027501.jpg,233
00027502.jpg,233
00027503.jpg,233
00027504.jpg,233
00027505.jpg,233
00027506.jpg,233
00027507.jpg,233
00027508.jpg,233
00027509.jpg,233
00027510.jpg,233
00027511.jpg,233
00027512.jpg,233
00027513.jpg,233
00027514.jpg,233
00027515.jpg,233
00027516.jpg,233
00027517.jpg,233
00027518.jpg,233
00027519.jpg,233
00027520.jpg,233
00027521.jpg,233
00027522.jpg,233
00027523.jpg,233
00027524.jpg,233
00027525.jpg,233
00027526.jpg,233
00027527.jpg,233
00027528.jpg,233
00027529.jpg,233
00027530.jpg,233
00027531.jpg,233
00027532.jpg,233
00027533.jpg,233
00027534.jpg,233
00027535.jpg,233
00027536.jpg,233
00027537.jpg,233
00027538.jpg,233
00027539.jpg,233
00027540.jpg,233
00027541.jpg,233
00027542.jpg,233
00027543.jpg,233
00027544.jpg,233
00027545.jpg,233
00027546.jpg,233
00027547.jpg,233
00027548.jpg,233
00027549.jpg,233
00027550.jpg,233
00027551.jpg,233
00027552.jpg,233
00027553.jpg,233
00027554.jpg,233
00027555.jpg,233
00027556.jpg,233
00027557.jpg,233
00027558.jpg,233
00027559.jpg,233
00027560.jpg,233
00027561.jpg,233
00027562.jpg,233
00027563.jpg,233
00027564.jpg,233
00027565.jpg,233
00027566.jpg,233
00027567.jpg,233
00027568.jpg,233
00027569.jpg,233
00027570.jpg,233
00027571.jpg,233
00027572.jpg,233
00027573.jpg,233
00027574.jpg,233
00027575.jpg,233
00027576.jpg,233
00027577.jpg,233
00027578.jpg,233
00027579.jpg,233
00027580.jpg,233
00027581.jpg,233
00027582.jpg,233
00027583.jpg,233
00027584.jpg,233
00027585.jpg,233
00027586.jpg,233
00027587.jpg,233
00027588.jpg,233
00027589.jpg,233
00027590.jpg,233
00027591.jpg,233
00027592.jpg,233
00027593.jpg,233
00027594.jpg,233
00027595.jpg,233
00027596.jpg,233
00027597.jpg,233
00027598.jpg,233
00027599.jpg,233
00027600.jpg,233
00027601.jpg,233
00027602.jpg,233
00027603.jpg,233
00027604.jpg,233
00027605.jpg,233
00027606.jpg,233
00027607.jpg,233
00027608.jpg,233
00027609.jpg,233
00027610.jpg,233
00027611.jpg,233
00027612.jpg,233
00027613.jpg,234
00027614.jpg,234
00027615.jpg,234
00027616.jpg,234
00027617.jpg,234
00027618.jpg,234
00027619.jpg,234
00027620.jpg,234
00027621.jpg,234
00027622.jpg,234
00027623.jpg,234
00027624.jpg,234
00027625.jpg,234
00027626.jpg,234
00027627.jpg,234
00027628.jpg,234
00027629.jpg,234
00027630.jpg,234
00027631.jpg,234
00027632.jpg,234
00027633.jpg,234
00027634.jpg,234
00027635.jpg,234
00027636.jpg,234
00027637.jpg,234
00027638.jpg,234
00027639.jpg,234
00027640.jpg,234
00027641.jpg,234
00027642.jpg,234
00027643.jpg,234
00027644.jpg,234
00027645.jpg,234
00027646.jpg,234
00027647.jpg,234
00027648.jpg,234
00027649.jpg,234
00027650.jpg,234
00027651.jpg,234
00027652.jpg,234
00027653.jpg,234
00027654.jpg,234
00027655.jpg,234
00027656.jpg,234
00027657.jpg,234
00027658.jpg,234
00027659.jpg,234
00027660.jpg,234
00027661.jpg,234
00027662.jpg,234
00027663.jpg,234
00027664.jpg,234
00027665.jpg,234
00027666.jpg,234
00027667.jpg,234
00027668.jpg,234
00027669.jpg,234
00027670.jpg,234
00027671.jpg,234
00027672.jpg,234
00027673.jpg,234
00027674.jpg,234
00027675.jpg,234
00027676.jpg,234
00027677.jpg,234
00027678.jpg,234
00027679.jpg,234
00027680.jpg,234
00027681.jpg,234
00027682.jpg,234
00027683.jpg,234
00027684.jpg,234
00027685.jpg,234
00027686.jpg,234
00027687.jpg,234
00027688.jpg,234
00027689.jpg,234
00027690.jpg,234
00027691.jpg,234
00027692.jpg,234
00027693.jpg,234
00027694.jpg,234
00027695.jpg,234
00027696.jpg,234
00027697.jpg,234
00027698.jpg,234
00027699.jpg,234
00027700.jpg,234
00027701.jpg,234
00027702.jpg,234
00027703.jpg,234
00027704.jpg,234
00027705.jpg,234
00027706.jpg,234
00027707.jpg,234
00027708.jpg,234
00027709.jpg,234
00027710.jpg,234
00027711.jpg,234
00027712.jpg,234
00027713.jpg,234
00027714.jpg,234
00027715.jpg,234
00027716.jpg,234
00027717.jpg,234
00027718.jpg,234
00027719.jpg,234
00027720.jpg,234
00027721.jpg,234
00027722.jpg,234
00027723.jpg,234
00027724.jpg,234
00027725.jpg,234
00027726.jpg,234
00027727.jpg,234
00027728.jpg,234
00027729.jpg,234
00027730.jpg,234
00027731.jpg,235
00027732.jpg,235
00027733.jpg,235
00027734.jpg,235
00027735.jpg,235
00027736.jpg,235
00027737.jpg,235
00027738.jpg,235
00027739.jpg,235
00027740.jpg,235
00027741.jpg,235
00027742.jpg,235
00027743.jpg,235
00027744.jpg,235
00027745.jpg,235
00027746.jpg,235
00027747.jpg,235
00027748.jpg,235
00027749.jpg,235
00027750.jpg,235
00027751.jpg,235
00027752.jpg,235
00027753.jpg,235
00027754.jpg,235
00027755.jpg,235
00027756.jpg,235
00027757.jpg,235
00027758.jpg,235
00027759.jpg,235
00027760.jpg,235
00027761.jpg,235
00027762.jpg,235
00027763.jpg,235
00027764.jpg,235
00027765.jpg,235
00027766.jpg,235
00027767.jpg,235
00027768.jpg,235
00027769.jpg,235
00027770.jpg,235
00027771.jpg,235
00027772.jpg,235
00027773.jpg,235
00027774.jpg,235
00027775.jpg,235
00027776.jpg,235
00027777.jpg,235
00027778.jpg,235
00027779.jpg,235
00027780.jpg,235
00027781.jpg,235
00027782.jpg,235
00027783.jpg,235
00027784.jpg,235
00027785.jpg,235
00027786.jpg,235
00027787.jpg,235
00027788.jpg,235
00027789.jpg,235
00027790.jpg,235
00027791.jpg,235
00027792.jpg,235
00027793.jpg,235
00027794.jpg,235
00027795.jpg,235
00027796.jpg,235
00027797.jpg,235
00027798.jpg,235
00027799.jpg,235
00027800.jpg,235
00027801.jpg,235
00027802.jpg,235
00027803.jpg,235
00027804.jpg,235
00027805.jpg,235
00027806.jpg,235
00027807.jpg,235
00027808.jpg,235
00027809.jpg,235
00027810.jpg,235
00027811.jpg,235
00027812.jpg,235
00027813.jpg,235
00027814.jpg,235
00027815.jpg,235
00027816.jpg,235
00027817.jpg,235
00027818.jpg,235
00027819.jpg,235
00027820.jpg,235
00027821.jpg,235
00027822.jpg,235
00027823.jpg,235
00027824.jpg,235
00027825.jpg,235
00027826.jpg,235
00027827.jpg,235
00027828.jpg,235
00027829.jpg,235
00027830.jpg,235
00027831.jpg,235
00027832.jpg,235
00027833.jpg,235
00027834.jpg,235
00027835.jpg,235
00027836.jpg,235
00027837.jpg,235
00027838.jpg,235
00027839.jpg,235
00027840.jpg,235
00027841.jpg,235
00027842.jpg,235
00027843.jpg,235
00027844.jpg,235
00027845.jpg,235
00027846.jpg,235
00027847.jpg,235
00027848.jpg,235
00027849.jpg,236
00027850.jpg,236
00027851.jpg,236
00027852.jpg,236
00027853.jpg,236
00027854.jpg,236
00027855.jpg,236
00027856.jpg,236
00027857.jpg,236
00027858.jpg,236
00027859.jpg,236
00027860.jpg,236
00027861.jpg,236
00027862.jpg,236
00027863.jpg,236
00027864.jpg,236
00027865.jpg,236
00027866.jpg,236
00027867.jpg,236
00027868.jpg,236
00027869.jpg,236
00027870.jpg,236
00027871.jpg,236
00027872.jpg,236
00027873.jpg,236
00027874.jpg,236
00027875.jpg,236
00027876.jpg,236
00027877.jpg,236
00027878.jpg,236
00027879.jpg,236
00027880.jpg,236
00027881.jpg,236
00027882.jpg,236
00027883.jpg,236
00027884.jpg,236
00027885.jpg,236
00027886.jpg,236
00027887.jpg,236
00027888.jpg,236
00027889.jpg,236
00027890.jpg,236
00027891.jpg,236
00027892.jpg,236
00027893.jpg,236
00027894.jpg,236
00027895.jpg,236
00027896.jpg,236
00027897.jpg,236
00027898.jpg,236
00027899.jpg,236
00027900.jpg,236
00027901.jpg,236
00027902.jpg,236
00027903.jpg,236
00027904.jpg,236
00027905.jpg,236
00027906.jpg,236
00027907.jpg,236
00027908.jpg,236
00027909.jpg,236
00027910.jpg,236
00027911.jpg,236
00027912.jpg,236
00027913.jpg,236
00027914.jpg,236
00027915.jpg,236
00027916.jpg,236
00027917.jpg,236
00027918.jpg,236
00027919.jpg,236
00027920.jpg,236
00027921.jpg,236
00027922.jpg,236
00027923.jpg,236
00027924.jpg,236
00027925.jpg,236
00027926.jpg,236
00027927.jpg,236
00027928.jpg,236
00027929.jpg,236
00027930.jpg,236
00027931.jpg,236
00027932.jpg,236
00027933.jpg,236
00027934.jpg,236
00027935.jpg,236
00027936.jpg,236
00027937.jpg,236
00027938.jpg,236
00027939.jpg,236
00027940.jpg,236
00027941.jpg,236
00027942.jpg,236
00027943.jpg,236
00027944.jpg,236
00027945.jpg,236
00027946.jpg,236
00027947.jpg,236
00027948.jpg,236
00027949.jpg,236
00027950.jpg,236
00027951.jpg,236
00027952.jpg,236
00027953.jpg,236
00027954.jpg,236
00027955.jpg,236
00027956.jpg,236
00027957.jpg,236
00027958.jpg,236
00027959.jpg,236
00027960.jpg,236
00027961.jpg,236
00027962.jpg,236
00027963.jpg,236
00027964.jpg,236
00027965.jpg,236
00027966.jpg,236
00027967.jpg,237
00027968.jpg,237
00027969.jpg,237
00027970.jpg,237
00027971.jpg,237
00027972.jpg,237
00027973.jpg,237
00027974.jpg,237
00027975.jpg,237
00027976.jpg,237
00027977.jpg,237
00027978.jpg,237
00027979.jpg,237
00027980.jpg,237
00027981.jpg,237
00027982.jpg,237
00027983.jpg,237
00027984.jpg,237
00027985.jpg,237
00027986.jpg,237
00027987.jpg,237
00027988.jpg,237
00027989.jpg,237
00027990.jpg,237
00027991.jpg,237
00027992.jpg,237
00027993.jpg,237
00027994.jpg,237
00027995.jpg,237
00027996.jpg,237
00027997.jpg,237
00027998.jpg,237
00027999.jpg,237
00028000.jpg,237
00028001.jpg,237
00028002.jpg,237
00028003.jpg,237
00028004.jpg,237
00028005.jpg,237
00028006.jpg,237
00028007.jpg,237
00028008.jpg,237
00028009.jpg,237
00028010.jpg,237
00028011.jpg,237
00028012.jpg,237
00028013.jpg,237
00028014.jpg,237
00028015.jpg,237
00028016.jpg,237
00028017.jpg,237
00028018.jpg,237
00028019.jpg,237
00028020.jpg,237
00028021.jpg,237
00028022.jpg,237
00028023.jpg,237
00028024.jpg,237
00028025.jpg,237
00028026.jpg,237
00028027.jpg,237
00028028.jpg,237
00028029.jpg,237
00028030.jpg,237
00028031.jpg,237
00028032.jpg,237
00028033.jpg,237
00028034.jpg,237
00028035.jpg,237
00028036.jpg,237
00028037.jpg,237
00028038.jpg,237
00028039.jpg,237
00028040.jpg,237
00028041.jpg,237
00028042.jpg,237
00028043.jpg,237
00028044.jpg,237
00028045.jpg,237
00028046.jpg,237
00028047.jpg,237
00028048.jpg,237
00028049.jpg,237
00028050.jpg,237
00028051.jpg,237
00028052.jpg,237
00028053.jpg,237
00028054.jpg,237
00028055.jpg,237
00028056.jpg,237
00028057.jpg,237
00028058.jpg,237
00028059.jpg,237
00028060.jpg,237
00028061.jpg,237
00028062.jpg,237
00028063.jpg,237
00028064.jpg,237
00028065.jpg,237
00028066.jpg,237
00028067.jpg,237
00028068.jpg,237
00028069.jpg,237
00028070.jpg,237
00028071.jpg,237
00028072.jpg,237
00028073.jpg,237
00028074.jpg,237
00028075.jpg,237
00028076.jpg,237
00028077.jpg,237
00028078.jpg,237
00028079.jpg,237
00028080.jpg,237
00028081.jpg,237
00028082.jpg,237
00028083.jpg,237
00028084.jpg,237
00028085.jpg,238
00028086.jpg,238
00028087.jpg,238
00028088.jpg,238
00028089.jpg,238
00028090.jpg,238
00028091.jpg,238
00028092.jpg,238
00028093.jpg,238
00028094.jpg,238
00028095.jpg,238
00028096.jpg,238
00028097.jpg,238
00028098.jpg,238
00028099.jpg,238
00028100.jpg,238
00028101.jpg,238
00028102.jpg,238
00028103.jpg,238
00028104.jpg,238
00028105.jpg,238
00028106.jpg,238
00028107.jpg,238
00028108.jpg,238
00028109.jpg,238
00028110.jpg,238
00028111.jpg,238
00028112.jpg,238
00028113.jpg,238
00028114.jpg,238
00028115.jpg,238
00028116.jpg,238
00028117.jpg,238
00028118.jpg,238
00028119.jpg,238
00028120.jpg,238
00028121.jpg,238
00028122.jpg,238
00028123.jpg,238
00028124.jpg,238
00028125.jpg,238
00028126.jpg,238
00028127.jpg,238
00028128.jpg,238
00028129.jpg,238
00028130.jpg,238
00028131.jpg,238
00028132.jpg,238
00028133.jpg,238
00028134.jpg,238
00028135.jpg,238
00028136.jpg,238
00028137.jpg,238
00028138.jpg,238
00028139.jpg,238
00028140.jpg,238
00028141.jpg,238
00028142.jpg,238
00028143.jpg,238
00028144.jpg,238
00028145.jpg,238
00028146.jpg,238
00028147.jpg,238
00028148.jpg,238
00028149.jpg,238
00028150.jpg,238
00028151.jpg,238
00028152.jpg,238
00028153.jpg,238
00028154.jpg,238
00028155.jpg,238
00028156.jpg,238
00028157.jpg,238
00028158.jpg,238
00028159.jpg,238
00028160.jpg,238
00028161.jpg,238
00028162.jpg,238
00028163.jpg,238
00028164.jpg,238
00028165.jpg,238
00028166.jpg,238
00028167.jpg,238
00028168.jpg,238
00028169.jpg,238
00028170.jpg,238
00028171.jpg,238
00028172.jpg,238
00028173.jpg,238
00028174.jpg,238
00028175.jpg,238
00028176.jpg,238
00028177.jpg,238
00028178.jpg,238
00028179.jpg,238
00028180.jpg,238
00028181.jpg,238
00028182.jpg,238
00028183.jpg,238
00028184.jpg,238
00028185.jpg,238
00028186.jpg,238
00028187.jpg,238
00028188.jpg,238
00028189.jpg,238
00028190.jpg,238
00028191.jpg,238
00028192.jpg,238
00028193.jpg,238
00028194.jpg,238
00028195.jpg,238
00028196.jpg,238
00028197.jpg,238
00028198.jpg,238
00028199.jpg,238
00028200.jpg,238
00028201.jpg,238
00028202.jpg,238
00028203.jpg,239
00028204.jpg,239
00028205.jpg,239
00028206.jpg,239
00028207.jpg,239
00028208.jpg,239
00028209.jpg,239
00028210.jpg,239
00028211.jpg,239
00028212.jpg,239
00028213.jpg,239
00028214.jpg,239
00028215.jpg,239
00028216.jpg,239
00028217.jpg,239
00028218.jpg,239
00028219.jpg,239
00028220.jpg,239
00028221.jpg,239
00028222.jpg,239
00028223.jpg,239
00028224.jpg,239
00028225.jpg,239
00028226.jpg,239
00028227.jpg,239
00028228.jpg,239
00028229.jpg,239
00028230.jpg,239
00028231.jpg,239
00028232.jpg,239
00028233.jpg,239
00028234.jpg,239
00028235.jpg,239
00028236.jpg,239
00028237.jpg,239
00028238.jpg,239
00028239.jpg,239
00028240.jpg,239
00028241.jpg,239
00028242.jpg,239
00028243.jpg,239
00028244.jpg,239
00028245.jpg,239
00028246.jpg,239
00028247.jpg,239
00028248.jpg,239
00028249.jpg,239
00028250.jpg,239
00028251.jpg,239
00028252.jpg,239
00028253.jpg,239
00028254.jpg,239
00028255.jpg,239
00028256.jpg,239
00028257.jpg,239
00028258.jpg,239
00028259.jpg,239
00028260.jpg,239
00028261.jpg,239
00028262.jpg,239
00028263.jpg,239
00028264.jpg,239
00028265.jpg,239
00028266.jpg,239
00028267.jpg,239
00028268.jpg,239
00028269.jpg,239
00028270.jpg,239
00028271.jpg,239
00028272.jpg,239
00028273.jpg,239
00028274.jpg,239
00028275.jpg,239
00028276.jpg,239
00028277.jpg,239
00028278.jpg,239
00028279.jpg,239
00028280.jpg,239
00028281.jpg,239
00028282.jpg,239
00028283.jpg,239
00028284.jpg,239
00028285.jpg,239
00028286.jpg,239
00028287.jpg,239
00028288.jpg,239
00028289.jpg,239
00028290.jpg,239
00028291.jpg,239
00028292.jpg,239
00028293.jpg,239
00028294.jpg,239
00028295.jpg,239
00028296.jpg,239
00028297.jpg,239
00028298.jpg,239
00028299.jpg,239
00028300.jpg,239
00028301.jpg,239
00028302.jpg,239
00028303.jpg,239
00028304.jpg,239
00028305.jpg,239
00028306.jpg,239
00028307.jpg,239
00028308.jpg,239
00028309.jpg,239
00028310.jpg,239
00028311.jpg,239
00028312.jpg,239
00028313.jpg,239
00028314.jpg,239
00028315.jpg,239
00028316.jpg,239
00028317.jpg,239
00028318.jpg,239
00028319.jpg,239
00028320.jpg,239
00028321.jpg,240
00028322.jpg,240
00028323.jpg,240
00028324.jpg,240
00028325.jpg,240
00028326.jpg,240
00028327.jpg,240
00028328.jpg,240
00028329.jpg,240
00028330.jpg,240
00028331.jpg,240
00028332.jpg,240
00028333.jpg,240
00028334.jpg,240
00028335.jpg,240
00028336.jpg,240
00028337.jpg,240
00028338.jpg,240
00028339.jpg,240
00028340.jpg,240
00028341.jpg,240
00028342.jpg,240
00028343.jpg,240
00028344.jpg,240
00028345.jpg,240
00028346.jpg,240
00028347.jpg,240
00028348.jpg,240
00028349.jpg,240
00028350.jpg,240
00028351.jpg,240
00028352.jpg,240
00028353.jpg,240
00028354.jpg,240
00028355.jpg,240
00028356.jpg,240
00028357.jpg,240
00028358.jpg,240
00028359.jpg,240
00028360.jpg,240
00028361.jpg,240
00028362.jpg,240
00028363.jpg,240
00028364.jpg,240
00028365.jpg,240
00028366.jpg,240
00028367.jpg,240
00028368.jpg,240
00028369.jpg,240
00028370.jpg,240
00028371.jpg,240
00028372.jpg,240
00028373.jpg,240
00028374.jpg,240
00028375.jpg,240
00028376.jpg,240
00028377.jpg,240
00028378.jpg,240
00028379.jpg,240
00028380.jpg,240
00028381.jpg,240
00028382.jpg,240
00028383.jpg,240
00028384.jpg,240
00028385.jpg,240
00028386.jpg,240
00028387.jpg,240
00028388.jpg,240
00028389.jpg,240
00028390.jpg,240
00028391.jpg,240
00028392.jpg,240
00028393.jpg,240
00028394.jpg,240
00028395.jpg,240
00028396.jpg,240
00028397.jpg,240
00028398.jpg,240
00028399.jpg,240
00028400.jpg,240
00028401.jpg,240
00028402.jpg,240
00028403.jpg,240
00028404.jpg,240
00028405.jpg,240
00028406.jpg,240
00028407.jpg,240
00028408.jpg,240
00028409.jpg,240
00028410.jpg,240
00028411.jpg,240
00028412.jpg,240
00028413.jpg,240
00028414.jpg,240
00028415.jpg,240
00028416.jpg,240
00028417.jpg,240
00028418.jpg,240
00028419.jpg,240
00028420.jpg,240
00028421.jpg,240
00028422.jpg,240
00028423.jpg,240
00028424.jpg,240
00028425.jpg,240
00028426.jpg,240
00028427.jpg,240
00028428.jpg,240
00028429.jpg,240
00028430.jpg,240
00028431.jpg,240
00028432.jpg,240
00028433.jpg,240
00028434.jpg,240
00028435.jpg,240
00028436.jpg,240
00028437.jpg,240
00028438.jpg,240
00028439.jpg,241
00028440.jpg,241
00028441.jpg,241
00028442.jpg,241
00028443.jpg,241
00028444.jpg,241
00028445.jpg,241
00028446.jpg,241
00028447.jpg,241
00028448.jpg,241
00028449.jpg,241
00028450.jpg,241
00028451.jpg,241
00028452.jpg,241
00028453.jpg,241
00028454.jpg,241
00028455.jpg,241
00028456.jpg,241
00028457.jpg,241
00028458.jpg,241
00028459.jpg,241
00028460.jpg,241
00028461.jpg,241
00028462.jpg,241
00028463.jpg,241
00028464.jpg,241
00028465.jpg,241
00028466.jpg,241
00028467.jpg,241
00028468.jpg,241
00028469.jpg,241
00028470.jpg,241
00028471.jpg,241
00028472.jpg,241
00028473.jpg,241
00028474.jpg,241
00028475.jpg,241
00028476.jpg,241
00028477.jpg,241
00028478.jpg,241
00028479.jpg,241
00028480.jpg,241
00028481.jpg,241
00028482.jpg,241
00028483.jpg,241
00028484.jpg,241
00028485.jpg,241
00028486.jpg,241
00028487.jpg,241
00028488.jpg,241
00028489.jpg,241
00028490.jpg,241
00028491.jpg,241
00028492.jpg,241
00028493.jpg,241
00028494.jpg,241
00028495.jpg,241
00028496.jpg,241
00028497.jpg,241
00028498.jpg,241
00028499.jpg,241
00028500.jpg,241
00028501.jpg,241
00028502.jpg,241
00028503.jpg,241
00028504.jpg,241
00028505.jpg,241
00028506.jpg,241
00028507.jpg,241
00028508.jpg,241
00028509.jpg,241
00028510.jpg,241
00028511.jpg,241
00028512.jpg,241
00028513.jpg,241
00028514.jpg,241
00028515.jpg,241
00028516.jpg,241
00028517.jpg,241
00028518.jpg,241
00028519.jpg,241
00028520.jpg,241
00028521.jpg,241
00028522.jpg,241
00028523.jpg,241
00028524.jpg,241
00028525.jpg,241
00028526.jpg,241
00028527.jpg,241
00028528.jpg,241
00028529.jpg,241
00028530.jpg,241
00028531.jpg,241
00028532.jpg,241
00028533.jpg,241
00028534.jpg,241
00028535.jpg,241
00028536.jpg,241
00028537.jpg,241
00028538.jpg,241
00028539.jpg,241
00028540.jpg,241
00028541.jpg,241
00028542.jpg,241
00028543.jpg,241
00028544.jpg,241
00028545.jpg,241
00028546.jpg,241
00028547.jpg,241
00028548.jpg,241
00028549.jpg,241
00028550.jpg,241
00028551.jpg,241
00028552.jpg,241
00028553.jpg,241
00028554.jpg,241
00028555.jpg,241
00028556.jpg,242
00028557.jpg,242
00028558.jpg,242
00028559.jpg,242
00028560.jpg,242
00028561.jpg,242
00028562.jpg,242
00028563.jpg,242
00028564.jpg,242
00028565.jpg,242
00028566.jpg,242
00028567.jpg,242
00028568.jpg,242
00028569.jpg,242
00028570.jpg,242
00028571.jpg,242
00028572.jpg,242
00028573.jpg,242
00028574.jpg,242
00028575.jpg,242
00028576.jpg,242
00028577.jpg,242
00028578.jpg,242
00028579.jpg,242
00028580.jpg,242
00028581.jpg,242
00028582.jpg,242
00028583.jpg,242
00028584.jpg,242
00028585.jpg,242
00028586.jpg,242
00028587.jpg,242
00028588.jpg,242
00028589.jpg,242
00028590.jpg,242
00028591.jpg,242
00028592.jpg,242
00028593.jpg,242
00028594.jpg,242
00028595.jpg,242
00028596.jpg,242
00028597.jpg,242
00028598.jpg,242
00028599.jpg,242
00028600.jpg,242
00028601.jpg,242
00028602.jpg,242
00028603.jpg,242
00028604.jpg,242
00028605.jpg,242
00028606.jpg,242
00028607.jpg,242
00028608.jpg,242
00028609.jpg,242
00028610.jpg,242
00028611.jpg,242
00028612.jpg,242
00028613.jpg,242
00028614.jpg,242
00028615.jpg,242
00028616.jpg,242
00028617.jpg,242
00028618.jpg,242
00028619.jpg,242
00028620.jpg,242
00028621.jpg,242
00028622.jpg,242
00028623.jpg,242
00028624.jpg,242
00028625.jpg,242
00028626.jpg,242
00028627.jpg,242
00028628.jpg,242
00028629.jpg,242
00028630.jpg,242
00028631.jpg,242
00028632.jpg,242
00028633.jpg,242
00028634.jpg,242
00028635.jpg,242
00028636.jpg,242
00028637.jpg,242
00028638.jpg,242
00028639.jpg,242
00028640.jpg,242
00028641.jpg,242
00028642.jpg,242
00028643.jpg,242
00028644.jpg,242
00028645.jpg,242
00028646.jpg,242
00028647.jpg,242
00028648.jpg,242
00028649.jpg,242
00028650.jpg,242
00028651.jpg,242
00028652.jpg,242
00028653.jpg,242
00028654.jpg,242
00028655.jpg,242
00028656.jpg,242
00028657.jpg,242
00028658.jpg,242
00028659.jpg,242
00028660.jpg,242
00028661.jpg,242
00028662.jpg,242
00028663.jpg,242
00028664.jpg,242
00028665.jpg,242
00028666.jpg,242
00028667.jpg,242
00028668.jpg,242
00028669.jpg,242
00028670.jpg,242
00028671.jpg,242
00028672.jpg,242
00028673.jpg,243
00028674.jpg,243
00028675.jpg,243
00028676.jpg,243
00028677.jpg,243
00028678.jpg,243
00028679.jpg,243
00028680.jpg,243
00028681.jpg,243
00028682.jpg,243
00028683.jpg,243
00028684.jpg,243
00028685.jpg,243
00028686.jpg,243
00028687.jpg,243
00028688.jpg,243
00028689.jpg,243
00028690.jpg,243
00028691.jpg,243
00028692.jpg,243
00028693.jpg,243
00028694.jpg,243
00028695.jpg,243
00028696.jpg,243
00028697.jpg,243
00028698.jpg,243
00028699.jpg,243
00028700.jpg,243
00028701.jpg,243
00028702.jpg,243
00028703.jpg,243
00028704.jpg,243
00028705.jpg,243
00028706.jpg,243
00028707.jpg,243
00028708.jpg,243
00028709.jpg,243
00028710.jpg,243
00028711.jpg,243
00028712.jpg,243
00028713.jpg,243
00028714.jpg,243
00028715.jpg,243
00028716.jpg,243
00028717.jpg,243
00028718.jpg,243
00028719.jpg,243
00028720.jpg,243
00028721.jpg,243
00028722.jpg,243
00028723.jpg,243
00028724.jpg,243
00028725.jpg,243
00028726.jpg,243
00028727.jpg,243
00028728.jpg,243
00028729.jpg,243
00028730.jpg,243
00028731.jpg,243
00028732.jpg,243
00028733.jpg,243
00028734.jpg,243
00028735.jpg,243
00028736.jpg,243
00028737.jpg,243
00028738.jpg,243
00028739.jpg,243
00028740.jpg,243
00028741.jpg,243
00028742.jpg,243
00028743.jpg,243
00028744.jpg,243
00028745.jpg,243
00028746.jpg,243
00028747.jpg,243
00028748.jpg,243
00028749.jpg,243
00028750.jpg,243
00028751.jpg,243
00028752.jpg,243
00028753.jpg,243
00028754.jpg,243
00028755.jpg,243
00028756.jpg,243
00028757.jpg,243
00028758.jpg,243
00028759.jpg,243
00028760.jpg,243
00028761.jpg,243
00028762.jpg,243
00028763.jpg,243
00028764.jpg,243
00028765.jpg,243
00028766.jpg,243
00028767.jpg,243
00028768.jpg,243
00028769.jpg,243
00028770.jpg,243
00028771.jpg,243
00028772.jpg,243
00028773.jpg,243
00028774.jpg,243
00028775.jpg,243
00028776.jpg,243
00028777.jpg,243
00028778.jpg,243
00028779.jpg,243
00028780.jpg,243
00028781.jpg,243
00028782.jpg,243
00028783.jpg,243
00028784.jpg,243
00028785.jpg,243
00028786.jpg,243
00028787.jpg,243
00028788.jpg,243
00028789.jpg,243
00028790.jpg,244
00028791.jpg,244
00028792.jpg,244
00028793.jpg,244
00028794.jpg,244
00028795.jpg,244
00028796.jpg,244
00028797.jpg,244
00028798.jpg,244
00028799.jpg,244
00028800.jpg,244
00028801.jpg,244
00028802.jpg,244
00028803.jpg,244
00028804.jpg,244
00028805.jpg,244
00028806.jpg,244
00028807.jpg,244
00028808.jpg,244
00028809.jpg,244
00028810.jpg,244
00028811.jpg,244
00028812.jpg,244
00028813.jpg,244
00028814.jpg,244
00028815.jpg,244
00028816.jpg,244
00028817.jpg,244
00028818.jpg,244
00028819.jpg,244
00028820.jpg,244
00028821.jpg,244
00028822.jpg,244
00028823.jpg,244
00028824.jpg,244
00028825.jpg,244
00028826.jpg,244
00028827.jpg,244
00028828.jpg,244
00028829.jpg,244
00028830.jpg,244
00028831.jpg,244
00028832.jpg,244
00028833.jpg,244
00028834.jpg,244
00028835.jpg,244
00028836.jpg,244
00028837.jpg,244
00028838.jpg,244
00028839.jpg,244
00028840.jpg,244
00028841.jpg,244
00028842.jpg,244
00028843.jpg,244
00028844.jpg,244
00028845.jpg,244
00028846.jpg,244
00028847.jpg,244
00028848.jpg,244
00028849.jpg,244
00028850.jpg,244
00028851.jpg,244
00028852.jpg,244
00028853.jpg,244
00028854.jpg,244
00028855.jpg,244
00028856.jpg,244
00028857.jpg,244
00028858.jpg,244
00028859.jpg,244
00028860.jpg,244
00028861.jpg,244
00028862.jpg,244
00028863.jpg,244
00028864.jpg,244
00028865.jpg,244
00028866.jpg,244
00028867.jpg,244
00028868.jpg,244
00028869.jpg,244
00028870.jpg,244
00028871.jpg,244
00028872.jpg,244
00028873.jpg,244
00028874.jpg,244
00028875.jpg,244
00028876.jpg,244
00028877.jpg,244
00028878.jpg,244
00028879.jpg,244
00028880.jpg,244
00028881.jpg,244
00028882.jpg,244
00028883.jpg,244
00028884.jpg,244
00028885.jpg,244
00028886.jpg,244
00028887.jpg,244
00028888.jpg,244
00028889.jpg,244
00028890.jpg,244
00028891.jpg,244
00028892.jpg,244
00028893.jpg,244
00028894.jpg,244
00028895.jpg,244
00028896.jpg,244
00028897.jpg,244
00028898.jpg,244
00028899.jpg,244
00028900.jpg,244
00028901.jpg,244
00028902.jpg,244
00028903.jpg,244
00028904.jpg,244
00028905.jpg,244
00028906.jpg,244
00028907.jpg,245
00028908.jpg,245
00028909.jpg,245
00028910.jpg,245
00028911.jpg,245
00028912.jpg,245
00028913.jpg,245
00028914.jpg,245
00028915.jpg,245
00028916.jpg,245
00028917.jpg,245
00028918.jpg,245
00028919.jpg,245
00028920.jpg,245
00028921.jpg,245
00028922.jpg,245
00028923.jpg,245
00028924.jpg,245
00028925.jpg,245
00028926.jpg,245
00028927.jpg,245
00028928.jpg,245
00028929.jpg,245
00028930.jpg,245
00028931.jpg,245
00028932.jpg,245
00028933.jpg,245
00028934.jpg,245
00028935.jpg,245
00028936.jpg,245
00028937.jpg,245
00028938.jpg,245
00028939.jpg,245
00028940.jpg,245
00028941.jpg,245
00028942.jpg,245
00028943.jpg,245
00028944.jpg,245
00028945.jpg,245
00028946.jpg,245
00028947.jpg,245
00028948.jpg,245
00028949.jpg,245
00028950.jpg,245
00028951.jpg,245
00028952.jpg,245
00028953.jpg,245
00028954.jpg,245
00028955.jpg,245
00028956.jpg,245
00028957.jpg,245
00028958.jpg,245
00028959.jpg,245
00028960.jpg,245
00028961.jpg,245
00028962.jpg,245
00028963.jpg,245
00028964.jpg,245
00028965.jpg,245
00028966.jpg,245
00028967.jpg,245
00028968.jpg,245
00028969.jpg,245
00028970.jpg,245
00028971.jpg,245
00028972.jpg,245
00028973.jpg,245
00028974.jpg,245
00028975.jpg,245
00028976.jpg,245
00028977.jpg,245
00028978.jpg,245
00028979.jpg,245
00028980.jpg,245
00028981.jpg,245
00028982.jpg,245
00028983.jpg,245
00028984.jpg,245
00028985.jpg,245
00028986.jpg,245
00028987.jpg,245
00028988.jpg,245
00028989.jpg,245
00028990.jpg,245
00028991.jpg,245
00028992.jpg,245
00028993.jpg,245
00028994.jpg,245
00028995.jpg,245
00028996.jpg,245
00028997.jpg,245
00028998.jpg,245
00028999.jpg,245
00029000.jpg,245
00029001.jpg,245
00029002.jpg,245
00029003.jpg,245
00029004.jpg,245
00029005.jpg,245
00029006.jpg,245
00029007.jpg,245
00029008.jpg,245
00029009.jpg,245
00029010.jpg,245
00029011.jpg,245
00029012.jpg,245
00029013.jpg,245
00029014.jpg,245
00029015.jpg,245
00029016.jpg,245
00029017.jpg,245
00029018.jpg,245
00029019.jpg,245
00029020.jpg,245
00029021.jpg,245
00029022.jpg,245
00029023.jpg,245
00029024.jpg,246
00029025.jpg,246
00029026.jpg,246
00029027.jpg,246
00029028.jpg,246
00029029.jpg,246
00029030.jpg,246
00029031.jpg,246
00029032.jpg,246
00029033.jpg,246
00029034.jpg,246
00029035.jpg,246
00029036.jpg,246
00029037.jpg,246
00029038.jpg,246
00029039.jpg,246
00029040.jpg,246
00029041.jpg,246
00029042.jpg,246
00029043.jpg,246
00029044.jpg,246
00029045.jpg,246
00029046.jpg,246
00029047.jpg,246
00029048.jpg,246
00029049.jpg,246
00029050.jpg,246
00029051.jpg,246
00029052.jpg,246
00029053.jpg,246
00029054.jpg,246
00029055.jpg,246
00029056.jpg,246
00029057.jpg,246
00029058.jpg,246
00029059.jpg,246
00029060.jpg,246
00029061.jpg,246
00029062.jpg,246
00029063.jpg,246
00029064.jpg,246
00029065.jpg,246
00029066.jpg,246
00029067.jpg,246
00029068.jpg,246
00029069.jpg,246
00029070.jpg,246
00029071.jpg,246
00029072.jpg,246
00029073.jpg,246
00029074.jpg,246
00029075.jpg,246
00029076.jpg,246
00029077.jpg,246
00029078.jpg,246
00029079.jpg,246
00029080.jpg,246
00029081.jpg,246
00029082.jpg,246
00029083.jpg,246
00029084.jpg,246
00029085.jpg,246
00029086.jpg,246
00029087.jpg,246
00029088.jpg,246
00029089.jpg,246
00029090.jpg,246
00029091.jpg,246
00029092.jpg,246
00029093.jpg,246
00029094.jpg,246
00029095.jpg,246
00029096.jpg,246
00029097.jpg,246
00029098.jpg,246
00029099.jpg,246
00029100.jpg,246
00029101.jpg,246
00029102.jpg,246
00029103.jpg,246
00029104.jpg,246
00029105.jpg,246
00029106.jpg,246
00029107.jpg,246
00029108.jpg,246
00029109.jpg,246
00029110.jpg,246
00029111.jpg,246
00029112.jpg,246
00029113.jpg,246
00029114.jpg,246
00029115.jpg,246
00029116.jpg,246
00029117.jpg,246
00029118.jpg,246
00029119.jpg,246
00029120.jpg,246
00029121.jpg,246
00029122.jpg,246
00029123.jpg,246
00029124.jpg,246
00029125.jpg,246
00029126.jpg,246
00029127.jpg,246
00029128.jpg,246
00029129.jpg,246
00029130.jpg,246
00029131.jpg,246
00029132.jpg,246
00029133.jpg,246
00029134.jpg,246
00029135.jpg,246
00029136.jpg,246
00029137.jpg,246
00029138.jpg,246
00029139.jpg,246
00029140.jpg,246
00029141.jpg,247
00029142.jpg,247
00029143.jpg,247
00029144.jpg,247
00029145.jpg,247
00029146.jpg,247
00029147.jpg,247
00029148.jpg,247
00029149.jpg,247
00029150.jpg,247
00029151.jpg,247
00029152.jpg,247
00029153.jpg,247
00029154.jpg,247
00029155.jpg,247
00029156.jpg,247
00029157.jpg,247
00029158.jpg,247
00029159.jpg,247
00029160.jpg,247
00029161.jpg,247
00029162.jpg,247
00029163.jpg,247
00029164.jpg,247
00029165.jpg,247
00029166.jpg,247
00029167.jpg,247
00029168.jpg,247
00029169.jpg,247
00029170.jpg,247
00029171.jpg,247
00029172.jpg,247
00029173.jpg,247
00029174.jpg,247
00029175.jpg,247
00029176.jpg,247
00029177.jpg,247
00029178.jpg,247
00029179.jpg,247
00029180.jpg,247
00029181.jpg,247
00029182.jpg,247
00029183.jpg,247
00029184.jpg,247
00029185.jpg,247
00029186.jpg,247
00029187.jpg,247
00029188.jpg,247
00029189.jpg,247
00029190.jpg,247
00029191.jpg,247
00029192.jpg,247
00029193.jpg,247
00029194.jpg,247
00029195.jpg,247
00029196.jpg,247
00029197.jpg,247
00029198.jpg,247
00029199.jpg,247
00029200.jpg,247
00029201.jpg,247
00029202.jpg,247
00029203.jpg,247
00029204.jpg,247
00029205.jpg,247
00029206.jpg,247
00029207.jpg,247
00029208.jpg,247
00029209.jpg,247
00029210.jpg,247
00029211.jpg,247
00029212.jpg,247
00029213.jpg,247
00029214.jpg,247
00029215.jpg,247
00029216.jpg,247
00029217.jpg,247
00029218.jpg,247
00029219.jpg,247
00029220.jpg,247
00029221.jpg,247
00029222.jpg,247
00029223.jpg,247
00029224.jpg,247
00029225.jpg,247
00029226.jpg,247
00029227.jpg,247
00029228.jpg,247
00029229.jpg,247
00029230.jpg,247
00029231.jpg,247
00029232.jpg,247
00029233.jpg,247
00029234.jpg,247
00029235.jpg,247
00029236.jpg,247
00029237.jpg,247
00029238.jpg,247
00029239.jpg,247
00029240.jpg,247
00029241.jpg,247
00029242.jpg,247
00029243.jpg,247
00029244.jpg,247
00029245.jpg,247
00029246.jpg,247
00029247.jpg,247
00029248.jpg,247
00029249.jpg,247
00029250.jpg,247
00029251.jpg,247
00029252.jpg,247
00029253.jpg,247
00029254.jpg,247
00029255.jpg,247
00029256.jpg,247
00029257.jpg,247
00029258.jpg,248
00029259.jpg,248
00029260.jpg,248
00029261.jpg,248
00029262.jpg,248
00029263.jpg,248
00029264.jpg,248
00029265.jpg,248
00029266.jpg,248
00029267.jpg,248
00029268.jpg,248
00029269.jpg,248
00029270.jpg,248
00029271.jpg,248
00029272.jpg,248
00029273.jpg,248
00029274.jpg,248
00029275.jpg,248
00029276.jpg,248
00029277.jpg,248
00029278.jpg,248
00029279.jpg,248
00029280.jpg,248
00029281.jpg,248
00029282.jpg,248
00029283.jpg,248
00029284.jpg,248
00029285.jpg,248
00029286.jpg,248
00029287.jpg,248
00029288.jpg,248
00029289.jpg,248
00029290.jpg,248
00029291.jpg,248
00029292.jpg,248
00029293.jpg,248
00029294.jpg,248
00029295.jpg,248
00029296.jpg,248
00029297.jpg,248
00029298.jpg,248
00029299.jpg,248
00029300.jpg,248
00029301.jpg,248
00029302.jpg,248
00029303.jpg,248
00029304.jpg,248
00029305.jpg,248
00029306.jpg,248
00029307.jpg,248
00029308.jpg,248
00029309.jpg,248
00029310.jpg,248
00029311.jpg,248
00029312.jpg,248
00029313.jpg,248
00029314.jpg,248
00029315.jpg,248
00029316.jpg,248
00029317.jpg,248
00029318.jpg,248
00029319.jpg,248
00029320.jpg,248
00029321.jpg,248
00029322.jpg,248
00029323.jpg,248
00029324.jpg,248
00029325.jpg,248
00029326.jpg,248
00029327.jpg,248
00029328.jpg,248
00029329.jpg,248
00029330.jpg,248
00029331.jpg,248
00029332.jpg,248
00029333.jpg,248
00029334.jpg,248
00029335.jpg,248
00029336.jpg,248
00029337.jpg,248
00029338.jpg,248
00029339.jpg,248
00029340.jpg,248
00029341.jpg,248
00029342.jpg,248
00029343.jpg,248
00029344.jpg,248
00029345.jpg,248
00029346.jpg,248
00029347.jpg,248
00029348.jpg,248
00029349.jpg,248
00029350.jpg,248
00029351.jpg,248
00029352.jpg,248
00029353.jpg,248
00029354.jpg,248
00029355.jpg,248
00029356.jpg,248
00029357.jpg,248
00029358.jpg,248
00029359.jpg,248
00029360.jpg,248
00029361.jpg,248
00029362.jpg,248
00029363.jpg,248
00029364.jpg,248
00029365.jpg,248
00029366.jpg,248
00029367.jpg,248
00029368.jpg,248
00029369.jpg,248
00029370.jpg,248
00029371.jpg,248
00029372.jpg,248
00029373.jpg,248
00029374.jpg,248
00029375.jpg,249
00029376.jpg,249
00029377.jpg,249
00029378.jpg,249
00029379.jpg,249
00029380.jpg,249
00029381.jpg,249
00029382.jpg,249
00029383.jpg,249
00029384.jpg,249
00029385.jpg,249
00029386.jpg,249
00029387.jpg,249
00029388.jpg,249
00029389.jpg,249
00029390.jpg,249
00029391.jpg,249
00029392.jpg,249
00029393.jpg,249
00029394.jpg,249
00029395.jpg,249
00029396.jpg,249
00029397.jpg,249
00029398.jpg,249
00029399.jpg,249
00029400.jpg,249
00029401.jpg,249
00029402.jpg,249
00029403.jpg,249
00029404.jpg,249
00029405.jpg,249
00029406.jpg,249
00029407.jpg,249
00029408.jpg,249
00029409.jpg,249
00029410.jpg,249
00029411.jpg,249
00029412.jpg,249
00029413.jpg,249
00029414.jpg,249
00029415.jpg,249
00029416.jpg,249
00029417.jpg,249
00029418.jpg,249
00029419.jpg,249
00029420.jpg,249
00029421.jpg,249
00029422.jpg,249
00029423.jpg,249
00029424.jpg,249
00029425.jpg,249
00029426.jpg,249
00029427.jpg,249
00029428.jpg,249
00029429.jpg,249
00029430.jpg,249
00029431.jpg,249
00029432.jpg,249
00029433.jpg,249
00029434.jpg,249
00029435.jpg,249
00029436.jpg,249
00029437.jpg,249
00029438.jpg,249
00029439.jpg,249
00029440.jpg,249
00029441.jpg,249
00029442.jpg,249
00029443.jpg,249
00029444.jpg,249
00029445.jpg,249
00029446.jpg,249
00029447.jpg,249
00029448.jpg,249
00029449.jpg,249
00029450.jpg,249
00029451.jpg,249
00029452.jpg,249
00029453.jpg,249
00029454.jpg,249
00029455.jpg,249
00029456.jpg,249
00029457.jpg,249
00029458.jpg,249
00029459.jpg,249
00029460.jpg,249
00029461.jpg,249
00029462.jpg,249
00029463.jpg,249
00029464.jpg,249
00029465.jpg,249
00029466.jpg,249
00029467.jpg,249
00029468.jpg,249
00029469.jpg,249
00029470.jpg,249
00029471.jpg,249
00029472.jpg,249
00029473.jpg,249
00029474.jpg,249
00029475.jpg,249
00029476.jpg,249
00029477.jpg,249
00029478.jpg,249
00029479.jpg,249
00029480.jpg,249
00029481.jpg,249
00029482.jpg,249
00029483.jpg,249
00029484.jpg,249
00029485.jpg,249
00029486.jpg,249
00029487.jpg,249
00029488.jpg,249
00029489.jpg,249
00029490.jpg,249
00029491.jpg,249
00029492.jpg,250
00029493.jpg,250
00029494.jpg,250
00029495.jpg,250
00029496.jpg,250
00029497.jpg,250
00029498.jpg,250
00029499.jpg,250
00029500.jpg,250
00029501.jpg,250
00029502.jpg,250
00029503.jpg,250
00029504.jpg,250
00029505.jpg,250
00029506.jpg,250
00029507.jpg,250
00029508.jpg,250
00029509.jpg,250
00029510.jpg,250
00029511.jpg,250
00029512.jpg,250
00029513.jpg,250
00029514.jpg,250
00029515.jpg,250
00029516.jpg,250
00029517.jpg,250
00029518.jpg,250
00029519.jpg,250
00029520.jpg,250
00029521.jpg,250
00029522.jpg,250
00029523.jpg,250
00029524.jpg,250
00029525.jpg,250
00029526.jpg,250
00029527.jpg,250
00029528.jpg,250
00029529.jpg,250
00029530.jpg,250
00029531.jpg,250
00029532.jpg,250
00029533.jpg,250
00029534.jpg,250
00029535.jpg,250
00029536.jpg,250
00029537.jpg,250
00029538.jpg,250
00029539.jpg,250
00029540.jpg,250
00029541.jpg,250
00029542.jpg,250
00029543.jpg,250
00029544.jpg,250
00029545.jpg,250
00029546.jpg,250
00029547.jpg,250
00029548.jpg,250
00029549.jpg,250
00029550.jpg,250
00029551.jpg,250
00029552.jpg,250
00029553.jpg,250
00029554.jpg,250
00029555.jpg,250
00029556.jpg,250
00029557.jpg,250
00029558.jpg,250
00029559.jpg,250
00029560.jpg,250
00029561.jpg,250
00029562.jpg,250
00029563.jpg,250
00029564.jpg,250
00029565.jpg,250
00029566.jpg,250
00029567.jpg,250
00029568.jpg,250
00029569.jpg,250
00029570.jpg,250
00029571.jpg,250
00029572.jpg,250
00029573.jpg,250
00029574.jpg,250
00029575.jpg,250
00029576.jpg,250
00029577.jpg,250
00029578.jpg,250
00029579.jpg,250
00029580.jpg,250
00029581.jpg,250
00029582.jpg,250
00029583.jpg,250
00029584.jpg,250
00029585.jpg,250
00029586.jpg,250
00029587.jpg,250
00029588.jpg,250
00029589.jpg,250
00029590.jpg,250
00029591.jpg,250
00029592.jpg,250
00029593.jpg,250
00029594.jpg,250
00029595.jpg,250
00029596.jpg,250
00029597.jpg,250
00029598.jpg,250
00029599.jpg,250
00029600.jpg,250
00029601.jpg,250
00029602.jpg,250
00029603.jpg,250
00029604.jpg,250
00029605.jpg,250
00029606.jpg,250
00029607.jpg,250
00029608.jpg,250
00029609.jpg,251
00029610.jpg,251
00029611.jpg,251
00029612.jpg,251
00029613.jpg,251
00029614.jpg,251
00029615.jpg,251
00029616.jpg,251
00029617.jpg,251
00029618.jpg,251
00029619.jpg,251
00029620.jpg,251
00029621.jpg,251
00029622.jpg,251
00029623.jpg,251
00029624.jpg,251
00029625.jpg,251
00029626.jpg,251
00029627.jpg,251
00029628.jpg,251
00029629.jpg,251
00029630.jpg,251
00029631.jpg,251
00029632.jpg,251
00029633.jpg,251
00029634.jpg,251
00029635.jpg,251
00029636.jpg,251
00029637.jpg,251
00029638.jpg,251
00029639.jpg,251
00029640.jpg,251
00029641.jpg,251
00029642.jpg,251
00029643.jpg,251
00029644.jpg,251
00029645.jpg,251
00029646.jpg,251
00029647.jpg,251
00029648.jpg,251
00029649.jpg,251
00029650.jpg,251
00029651.jpg,251
00029652.jpg,251
00029653.jpg,251
00029654.jpg,251
00029655.jpg,251
00029656.jpg,251
00029657.jpg,251
00029658.jpg,251
00029659.jpg,251
00029660.jpg,251
00029661.jpg,251
00029662.jpg,251
00029663.jpg,251
00029664.jpg,251
00029665.jpg,251
00029666.jpg,251
00029667.jpg,251
00029668.jpg,251
00029669.jpg,251
00029670.jpg,251
00029671.jpg,251
00029672.jpg,251
00029673.jpg,251
00029674.jpg,251
00029675.jpg,251
00029676.jpg,251
00029677.jpg,251
00029678.jpg,251
00029679.jpg,251
00029680.jpg,251
00029681.jpg,251
00029682.jpg,251
00029683.jpg,251
00029684.jpg,251
00029685.jpg,251
00029686.jpg,251
00029687.jpg,251
00029688.jpg,251
00029689.jpg,251
00029690.jpg,251
00029691.jpg,251
00029692.jpg,251
00029693.jpg,251
00029694.jpg,251
00029695.jpg,251
00029696.jpg,251
00029697.jpg,251
00029698.jpg,251
00029699.jpg,251
00029700.jpg,251
00029701.jpg,251
00029702.jpg,251
00029703.jpg,251
00029704.jpg,251
00029705.jpg,251
00029706.jpg,251
00029707.jpg,251
00029708.jpg,251
00029709.jpg,251
00029710.jpg,251
00029711.jpg,251
00029712.jpg,251
00029713.jpg,251
00029714.jpg,251
00029715.jpg,251
00029716.jpg,251
00029717.jpg,251
00029718.jpg,251
00029719.jpg,251
00029720.jpg,251
00029721.jpg,251
00029722.jpg,251
00029723.jpg,251
00029724.jpg,251
00029725.jpg,251
00029726.jpg,252
00029727.jpg,252
00029728.jpg,252
00029729.jpg,252
00029730.jpg,252
00029731.jpg,252
00029732.jpg,252
00029733.jpg,252
00029734.jpg,252
00029735.jpg,252
00029736.jpg,252
00029737.jpg,252
00029738.jpg,252
00029739.jpg,252
00029740.jpg,252
00029741.jpg,252
00029742.jpg,252
00029743.jpg,252
00029744.jpg,252
00029745.jpg,252
00029746.jpg,252
00029747.jpg,252
00029748.jpg,252
00029749.jpg,252
00029750.jpg,252
00029751.jpg,252
00029752.jpg,252
00029753.jpg,252
00029754.jpg,252
00029755.jpg,252
00029756.jpg,252
00029757.jpg,252
00029758.jpg,252
00029759.jpg,252
00029760.jpg,252
00029761.jpg,252
00029762.jpg,252
00029763.jpg,252
00029764.jpg,252
00029765.jpg,252
00029766.jpg,252
00029767.jpg,252
00029768.jpg,252
00029769.jpg,252
00029770.jpg,252
00029771.jpg,252
00029772.jpg,252
00029773.jpg,252
00029774.jpg,252
00029775.jpg,252
00029776.jpg,252
00029777.jpg,252
00029778.jpg,252
00029779.jpg,252
00029780.jpg,252
00029781.jpg,252
00029782.jpg,252
00029783.jpg,252
00029784.jpg,252
00029785.jpg,252
00029786.jpg,252
00029787.jpg,252
00029788.jpg,252
00029789.jpg,252
00029790.jpg,252
00029791.jpg,252
00029792.jpg,252
00029793.jpg,252
00029794.jpg,252
00029795.jpg,252
00029796.jpg,252
00029797.jpg,252
00029798.jpg,252
00029799.jpg,252
00029800.jpg,252
00029801.jpg,252
00029802.jpg,252
00029803.jpg,252
00029804.jpg,252
00029805.jpg,252
00029806.jpg,252
00029807.jpg,252
00029808.jpg,252
00029809.jpg,252
00029810.jpg,252
00029811.jpg,252
00029812.jpg,252
00029813.jpg,252
00029814.jpg,252
00029815.jpg,252
00029816.jpg,252
00029817.jpg,252
00029818.jpg,252
00029819.jpg,252
00029820.jpg,252
00029821.jpg,252
00029822.jpg,252
00029823.jpg,252
00029824.jpg,252
00029825.jpg,252
00029826.jpg,252
00029827.jpg,252
00029828.jpg,252
00029829.jpg,252
00029830.jpg,252
00029831.jpg,252
00029832.jpg,252
00029833.jpg,252
00029834.jpg,252
00029835.jpg,252
00029836.jpg,252
00029837.jpg,252
00029838.jpg,252
00029839.jpg,252
00029840.jpg,252
00029841.jpg,252
00029842.jpg,252
00029843.jpg,253
00029844.jpg,253
00029845.jpg,253
00029846.jpg,253
00029847.jpg,253
00029848.jpg,253
00029849.jpg,253
00029850.jpg,253
00029851.jpg,253
00029852.jpg,253
00029853.jpg,253
00029854.jpg,253
00029855.jpg,253
00029856.jpg,253
00029857.jpg,253
00029858.jpg,253
00029859.jpg,253
00029860.jpg,253
00029861.jpg,253
00029862.jpg,253
00029863.jpg,253
00029864.jpg,253
00029865.jpg,253
00029866.jpg,253
00029867.jpg,253
00029868.jpg,253
00029869.jpg,253
00029870.jpg,253
00029871.jpg,253
00029872.jpg,253
00029873.jpg,253
00029874.jpg,253
00029875.jpg,253
00029876.jpg,253
00029877.jpg,253
00029878.jpg,253
00029879.jpg,253
00029880.jpg,253
00029881.jpg,253
00029882.jpg,253
00029883.jpg,253
00029884.jpg,253
00029885.jpg,253
00029886.jpg,253
00029887.jpg,253
00029888.jpg,253
00029889.jpg,253
00029890.jpg,253
00029891.jpg,253
00029892.jpg,253
00029893.jpg,253
00029894.jpg,253
00029895.jpg,253
00029896.jpg,253
00029897.jpg,253
00029898.jpg,253
00029899.jpg,253
00029900.jpg,253
00029901.jpg,253
00029902.jpg,253
00029903.jpg,253
00029904.jpg,253
00029905.jpg,253
00029906.jpg,253
00029907.jpg,253
00029908.jpg,253
00029909.jpg,253
00029910.jpg,253
00029911.jpg,253
00029912.jpg,253
00029913.jpg,253
00029914.jpg,253
00029915.jpg,253
00029916.jpg,253
00029917.jpg,253
00029918.jpg,253
00029919.jpg,253
00029920.jpg,253
00029921.jpg,253
00029922.jpg,253
00029923.jpg,253
00029924.jpg,253
00029925.jpg,253
00029926.jpg,253
00029927.jpg,253
00029928.jpg,253
00029929.jpg,253
00029930.jpg,253
00029931.jpg,253
00029932.jpg,253
00029933.jpg,253
00029934.jpg,253
00029935.jpg,253
00029936.jpg,253
00029937.jpg,253
00029938.jpg,253
00029939.jpg,253
00029940.jpg,253
00029941.jpg,253
00029942.jpg,253
00029943.jpg,253
00029944.jpg,253
00029945.jpg,253
00029946.jpg,253
00029947.jpg,253
00029948.jpg,253
00029949.jpg,253
00029950.jpg,253
00029951.jpg,253
00029952.jpg,253
00029953.jpg,253
00029954.jpg,253
00029955.jpg,253
00029956.jpg,253
00029957.jpg,253
00029958.jpg,253
00029959.jpg,253
00029960.jpg,254
00029961.jpg,254
00029962.jpg,254
00029963.jpg,254
00029964.jpg,254
00029965.jpg,254
00029966.jpg,254
00029967.jpg,254
00029968.jpg,254
00029969.jpg,254
00029970.jpg,254
00029971.jpg,254
00029972.jpg,254
00029973.jpg,254
00029974.jpg,254
00029975.jpg,254
00029976.jpg,254
00029977.jpg,254
00029978.jpg,254
00029979.jpg,254
00029980.jpg,254
00029981.jpg,254
00029982.jpg,254
00029983.jpg,254
00029984.jpg,254
00029985.jpg,254
00029986.jpg,254
00029987.jpg,254
00029988.jpg,254
00029989.jpg,254
00029990.jpg,254
00029991.jpg,254
00029992.jpg,254
00029993.jpg,254
00029994.jpg,254
00029995.jpg,254
00029996.jpg,254
00029997.jpg,254
00029998.jpg,254
00029999.jpg,254
00030000.jpg,254
00030001.jpg,254
00030002.jpg,254
00030003.jpg,254
00030004.jpg,254
00030005.jpg,254
00030006.jpg,254
00030007.jpg,254
00030008.jpg,254
00030009.jpg,254
00030010.jpg,254
00030011.jpg,254
00030012.jpg,254
00030013.jpg,254
00030014.jpg,254
00030015.jpg,254
00030016.jpg,254
00030017.jpg,254
00030018.jpg,254
00030019.jpg,254
00030020.jpg,254
00030021.jpg,254
00030022.jpg,254
00030023.jpg,254
00030024.jpg,254
00030025.jpg,254
00030026.jpg,254
00030027.jpg,254
00030028.jpg,254
00030029.jpg,254
00030030.jpg,254
00030031.jpg,254
00030032.jpg,254
00030033.jpg,254
00030034.jpg,254
00030035.jpg,254
00030036.jpg,254
00030037.jpg,254
00030038.jpg,254
00030039.jpg,254
00030040.jpg,254
00030041.jpg,254
00030042.jpg,254
00030043.jpg,254
00030044.jpg,254
00030045.jpg,254
00030046.jpg,254
00030047.jpg,254
00030048.jpg,254
00030049.jpg,254
00030050.jpg,254
00030051.jpg,254
00030052.jpg,254
00030053.jpg,254
00030054.jpg,254
00030055.jpg,254
00030056.jpg,254
00030057.jpg,254
00030058.jpg,254
00030059.jpg,254
00030060.jpg,254
00030061.jpg,254
00030062.jpg,254
00030063.jpg,254
00030064.jpg,254
00030065.jpg,254
00030066.jpg,254
00030067.jpg,254
00030068.jpg,254
00030069.jpg,254
00030070.jpg,254
00030071.jpg,254
00030072.jpg,254
00030073.jpg,254
00030074.jpg,254
00030075.jpg,254
00030076.jpg,254
00030077.jpg,255
00030078.jpg,255
00030079.jpg,255
00030080.jpg,255
00030081.jpg,255
00030082.jpg,255
00030083.jpg,255
00030084.jpg,255
00030085.jpg,255
00030086.jpg,255
00030087.jpg,255
00030088.jpg,255
00030089.jpg,255
00030090.jpg,255
00030091.jpg,255
00030092.jpg,255
00030093.jpg,255
00030094.jpg,255
00030095.jpg,255
00030096.jpg,255
00030097.jpg,255
00030098.jpg,255
00030099.jpg,255
00030100.jpg,255
00030101.jpg,255
00030102.jpg,255
00030103.jpg,255
00030104.jpg,255
00030105.jpg,255
00030106.jpg,255
00030107.jpg,255
00030108.jpg,255
00030109.jpg,255
00030110.jpg,255
00030111.jpg,255
00030112.jpg,255
00030113.jpg,255
00030114.jpg,255
00030115.jpg,255
00030116.jpg,255
00030117.jpg,255
00030118.jpg,255
00030119.jpg,255
00030120.jpg,255
00030121.jpg,255
00030122.jpg,255
00030123.jpg,255
00030124.jpg,255
00030125.jpg,255
00030126.jpg,255
00030127.jpg,255
00030128.jpg,255
00030129.jpg,255
00030130.jpg,255
00030131.jpg,255
00030132.jpg,255
00030133.jpg,255
00030134.jpg,255
00030135.jpg,255
00030136.jpg,255
00030137.jpg,255
00030138.jpg,255
00030139.jpg,255
00030140.jpg,255
00030141.jpg,255
00030142.jpg,255
00030143.jpg,255
00030144.jpg,255
00030145.jpg,255
00030146.jpg,255
00030147.jpg,255
00030148.jpg,255
00030149.jpg,255
00030150.jpg,255
00030151.jpg,255
00030152.jpg,255
00030153.jpg,255
00030154.jpg,255
00030155.jpg,255
00030156.jpg,255
00030157.jpg,255
00030158.jpg,255
00030159.jpg,255
00030160.jpg,255
00030161.jpg,255
00030162.jpg,255
00030163.jpg,255
00030164.jpg,255
00030165.jpg,255
00030166.jpg,255
00030167.jpg,255
00030168.jpg,255
00030169.jpg,255
00030170.jpg,255
00030171.jpg,255
00030172.jpg,255
00030173.jpg,255
00030174.jpg,255
00030175.jpg,255
00030176.jpg,255
00030177.jpg,255
00030178.jpg,255
00030179.jpg,255
00030180.jpg,255
00030181.jpg,255
00030182.jpg,255
00030183.jpg,255
00030184.jpg,255
00030185.jpg,255
00030186.jpg,255
00030187.jpg,255
00030188.jpg,255
00030189.jpg,255
00030190.jpg,255
00030191.jpg,255
00030192.jpg,255
00030193.jpg,255
00030194.jpg,256
00030195.jpg,256
00030196.jpg,256
00030197.jpg,256
00030198.jpg,256
00030199.jpg,256
00030200.jpg,256
00030201.jpg,256
00030202.jpg,256
00030203.jpg,256
00030204.jpg,256
00030205.jpg,256
00030206.jpg,256
00030207.jpg,256
00030208.jpg,256
00030209.jpg,256
00030210.jpg,256
00030211.jpg,256
00030212.jpg,256
00030213.jpg,256
00030214.jpg,256
00030215.jpg,256
00030216.jpg,256
00030217.jpg,256
00030218.jpg,256
00030219.jpg,256
00030220.jpg,256
00030221.jpg,256
00030222.jpg,256
00030223.jpg,256
00030224.jpg,256
00030225.jpg,256
00030226.jpg,256
00030227.jpg,256
00030228.jpg,256
00030229.jpg,256
00030230.jpg,256
00030231.jpg,256
00030232.jpg,256
00030233.jpg,256
00030234.jpg,256
00030235.jpg,256
00030236.jpg,256
00030237.jpg,256
00030238.jpg,256
00030239.jpg,256
00030240.jpg,256
00030241.jpg,256
00030242.jpg,256
00030243.jpg,256
00030244.jpg,256
00030245.jpg,256
00030246.jpg,256
00030247.jpg,256
00030248.jpg,256
00030249.jpg,256
00030250.jpg,256
00030251.jpg,256
00030252.jpg,256
00030253.jpg,256
00030254.jpg,256
00030255.jpg,256
00030256.jpg,256
00030257.jpg,256
00030258.jpg,256
00030259.jpg,256
00030260.jpg,256
00030261.jpg,256
00030262.jpg,256
00030263.jpg,256
00030264.jpg,256
00030265.jpg,256
00030266.jpg,256
00030267.jpg,256
00030268.jpg,256
00030269.jpg,256
00030270.jpg,256
00030271.jpg,256
00030272.jpg,256
00030273.jpg,256
00030274.jpg,256
00030275.jpg,256
00030276.jpg,256
00030277.jpg,256
00030278.jpg,256
00030279.jpg,256
00030280.jpg,256
00030281.jpg,256
00030282.jpg,256
00030283.jpg,256
00030284.jpg,256
00030285.jpg,256
00030286.jpg,256
00030287.jpg,256
00030288.jpg,256
00030289.jpg,256
00030290.jpg,256
00030291.jpg,256
00030292.jpg,256
00030293.jpg,256
00030294.jpg,256
00030295.jpg,256
00030296.jpg,256
00030297.jpg,256
00030298.jpg,256
00030299.jpg,256
00030300.jpg,256
00030301.jpg,256
00030302.jpg,256
00030303.jpg,256
00030304.jpg,256
00030305.jpg,256
00030306.jpg,256
00030307.jpg,256
00030308.jpg,256
00030309.jpg,256
00030310.jpg,256
00030311.jpg,257
00030312.jpg,257
00030313.jpg,257
00030314.jpg,257
00030315.jpg,257
00030316.jpg,257
00030317.jpg,257
00030318.jpg,257
00030319.jpg,257
00030320.jpg,257
00030321.jpg,257
00030322.jpg,257
00030323.jpg,257
00030324.jpg,257
00030325.jpg,257
00030326.jpg,257
00030327.jpg,257
00030328.jpg,257
00030329.jpg,257
00030330.jpg,257
00030331.jpg,257
00030332.jpg,257
00030333.jpg,257
00030334.jpg,257
00030335.jpg,257
00030336.jpg,257
00030337.jpg,257
00030338.jpg,257
00030339.jpg,257
00030340.jpg,257
00030341.jpg,257
00030342.jpg,257
00030343.jpg,257
00030344.jpg,257
00030345.jpg,257
00030346.jpg,257
00030347.jpg,257
00030348.jpg,257
00030349.jpg,257
00030350.jpg,257
00030351.jpg,257
00030352.jpg,257
00030353.jpg,257
00030354.jpg,257
00030355.jpg,257
00030356.jpg,257
00030357.jpg,257
00030358.jpg,257
00030359.jpg,257
00030360.jpg,257
00030361.jpg,257
00030362.jpg,257
00030363.jpg,257
00030364.jpg,257
00030365.jpg,257
00030366.jpg,257
00030367.jpg,257
00030368.jpg,257
00030369.jpg,257
00030370.jpg,257
00030371.jpg,257
00030372.jpg,257
00030373.jpg,257
00030374.jpg,257
00030375.jpg,257
00030376.jpg,257
00030377.jpg,257
00030378.jpg,257
00030379.jpg,257
00030380.jpg,257
00030381.jpg,257
00030382.jpg,257
00030383.jpg,257
00030384.jpg,257
00030385.jpg,257
00030386.jpg,257
00030387.jpg,257
00030388.jpg,257
00030389.jpg,257
00030390.jpg,257
00030391.jpg,257
00030392.jpg,257
00030393.jpg,257
00030394.jpg,257
00030395.jpg,257
00030396.jpg,257
00030397.jpg,257
00030398.jpg,257
00030399.jpg,257
00030400.jpg,257
00030401.jpg,257
00030402.jpg,257
00030403.jpg,257
00030404.jpg,257
00030405.jpg,257
00030406.jpg,257
00030407.jpg,257
00030408.jpg,257
00030409.jpg,257
00030410.jpg,257
00030411.jpg,257
00030412.jpg,257
00030413.jpg,257
00030414.jpg,257
00030415.jpg,257
00030416.jpg,257
00030417.jpg,257
00030418.jpg,257
00030419.jpg,257
00030420.jpg,257
00030421.jpg,257
00030422.jpg,257
00030423.jpg,257
00030424.jpg,257
00030425.jpg,257
00030426.jpg,257
00030427.jpg,257
00030428.jpg,258
00030429.jpg,258
00030430.jpg,258
00030431.jpg,258
00030432.jpg,258
00030433.jpg,258
00030434.jpg,258
00030435.jpg,258
00030436.jpg,258
00030437.jpg,258
00030438.jpg,258
00030439.jpg,258
00030440.jpg,258
00030441.jpg,258
00030442.jpg,258
00030443.jpg,258
00030444.jpg,258
00030445.jpg,258
00030446.jpg,258
00030447.jpg,258
00030448.jpg,258
00030449.jpg,258
00030450.jpg,258
00030451.jpg,258
00030452.jpg,258
00030453.jpg,258
00030454.jpg,258
00030455.jpg,258
00030456.jpg,258
00030457.jpg,258
00030458.jpg,258
00030459.jpg,258
00030460.jpg,258
00030461.jpg,258
00030462.jpg,258
00030463.jpg,258
00030464.jpg,258
00030465.jpg,258
00030466.jpg,258
00030467.jpg,258
00030468.jpg,258
00030469.jpg,258
00030470.jpg,258
00030471.jpg,258
00030472.jpg,258
00030473.jpg,258
00030474.jpg,258
00030475.jpg,258
00030476.jpg,258
00030477.jpg,258
00030478.jpg,258
00030479.jpg,258
00030480.jpg,258
00030481.jpg,258
00030482.jpg,258
00030483.jpg,258
00030484.jpg,258
00030485.jpg,258
00030486.jpg,258
00030487.jpg,258
00030488.jpg,258
00030489.jpg,258
00030490.jpg,258
00030491.jpg,258
00030492.jpg,258
00030493.jpg,258
00030494.jpg,258
00030495.jpg,258
00030496.jpg,258
00030497.jpg,258
00030498.jpg,258
00030499.jpg,258
00030500.jpg,258
00030501.jpg,258
00030502.jpg,258
00030503.jpg,258
00030504.jpg,258
00030505.jpg,258
00030506.jpg,258
00030507.jpg,258
00030508.jpg,258
00030509.jpg,258
00030510.jpg,258
00030511.jpg,258
00030512.jpg,258
00030513.jpg,258
00030514.jpg,258
00030515.jpg,258
00030516.jpg,258
00030517.jpg,258
00030518.jpg,258
00030519.jpg,258
00030520.jpg,258
00030521.jpg,258
00030522.jpg,258
00030523.jpg,258
00030524.jpg,258
00030525.jpg,258
00030526.jpg,258
00030527.jpg,258
00030528.jpg,258
00030529.jpg,258
00030530.jpg,258
00030531.jpg,258
00030532.jpg,258
00030533.jpg,258
00030534.jpg,258
00030535.jpg,258
00030536.jpg,258
00030537.jpg,258
00030538.jpg,258
00030539.jpg,258
00030540.jpg,258
00030541.jpg,258
00030542.jpg,258
00030543.jpg,258
00030544.jpg,258
00030545.jpg,259
00030546.jpg,259
00030547.jpg,259
00030548.jpg,259
00030549.jpg,259
00030550.jpg,259
00030551.jpg,259
00030552.jpg,259
00030553.jpg,259
00030554.jpg,259
00030555.jpg,259
00030556.jpg,259
00030557.jpg,259
00030558.jpg,259
00030559.jpg,259
00030560.jpg,259
00030561.jpg,259
00030562.jpg,259
00030563.jpg,259
00030564.jpg,259
00030565.jpg,259
00030566.jpg,259
00030567.jpg,259
00030568.jpg,259
00030569.jpg,259
00030570.jpg,259
00030571.jpg,259
00030572.jpg,259
00030573.jpg,259
00030574.jpg,259
00030575.jpg,259
00030576.jpg,259
00030577.jpg,259
00030578.jpg,259
00030579.jpg,259
00030580.jpg,259
00030581.jpg,259
00030582.jpg,259
00030583.jpg,259
00030584.jpg,259
00030585.jpg,259
00030586.jpg,259
00030587.jpg,259
00030588.jpg,259
00030589.jpg,259
00030590.jpg,259
00030591.jpg,259
00030592.jpg,259
00030593.jpg,259
00030594.jpg,259
00030595.jpg,259
00030596.jpg,259
00030597.jpg,259
00030598.jpg,259
00030599.jpg,259
00030600.jpg,259
00030601.jpg,259
00030602.jpg,259
00030603.jpg,259
00030604.jpg,259
00030605.jpg,259
00030606.jpg,259
00030607.jpg,259
00030608.jpg,259
00030609.jpg,259
00030610.jpg,259
00030611.jpg,259
00030612.jpg,259
00030613.jpg,259
00030614.jpg,259
00030615.jpg,259
00030616.jpg,259
00030617.jpg,259
00030618.jpg,259
00030619.jpg,259
00030620.jpg,259
00030621.jpg,259
00030622.jpg,259
00030623.jpg,259
00030624.jpg,259
00030625.jpg,259
00030626.jpg,259
00030627.jpg,259
00030628.jpg,259
00030629.jpg,259
00030630.jpg,259
00030631.jpg,259
00030632.jpg,259
00030633.jpg,259
00030634.jpg,259
00030635.jpg,259
00030636.jpg,259
00030637.jpg,259
00030638.jpg,259
00030639.jpg,259
00030640.jpg,259
00030641.jpg,259
00030642.jpg,259
00030643.jpg,259
00030644.jpg,259
00030645.jpg,259
00030646.jpg,259
00030647.jpg,259
00030648.jpg,259
00030649.jpg,259
00030650.jpg,259
00030651.jpg,259
00030652.jpg,259
00030653.jpg,259
00030654.jpg,259
00030655.jpg,259
00030656.jpg,259
00030657.jpg,259
00030658.jpg,259
00030659.jpg,259
00030660.jpg,259
00030661.jpg,259
00030662.jpg,260
00030663.jpg,260
00030664.jpg,260
00030665.jpg,260
00030666.jpg,260
00030667.jpg,260
00030668.jpg,260
00030669.jpg,260
00030670.jpg,260
00030671.jpg,260
00030672.jpg,260
00030673.jpg,260
00030674.jpg,260
00030675.jpg,260
00030676.jpg,260
00030677.jpg,260
00030678.jpg,260
00030679.jpg,260
00030680.jpg,260
00030681.jpg,260
00030682.jpg,260
00030683.jpg,260
00030684.jpg,260
00030685.jpg,260
00030686.jpg,260
00030687.jpg,260
00030688.jpg,260
00030689.jpg,260
00030690.jpg,260
00030691.jpg,260
00030692.jpg,260
00030693.jpg,260
00030694.jpg,260
00030695.jpg,260
00030696.jpg,260
00030697.jpg,260
00030698.jpg,260
00030699.jpg,260
00030700.jpg,260
00030701.jpg,260
00030702.jpg,260
00030703.jpg,260
00030704.jpg,260
00030705.jpg,260
00030706.jpg,260
00030707.jpg,260
00030708.jpg,260
00030709.jpg,260
00030710.jpg,260
00030711.jpg,260
00030712.jpg,260
00030713.jpg,260
00030714.jpg,260
00030715.jpg,260
00030716.jpg,260
00030717.jpg,260
00030718.jpg,260
00030719.jpg,260
00030720.jpg,260
00030721.jpg,260
00030722.jpg,260
00030723.jpg,260
00030724.jpg,260
00030725.jpg,260
00030726.jpg,260
00030727.jpg,260
00030728.jpg,260
00030729.jpg,260
00030730.jpg,260
00030731.jpg,260
00030732.jpg,260
00030733.jpg,260
00030734.jpg,260
00030735.jpg,260
00030736.jpg,260
00030737.jpg,260
00030738.jpg,260
00030739.jpg,260
00030740.jpg,260
00030741.jpg,260
00030742.jpg,260
00030743.jpg,260
00030744.jpg,260
00030745.jpg,260
00030746.jpg,260
00030747.jpg,260
00030748.jpg,260
00030749.jpg,260
00030750.jpg,260
00030751.jpg,260
00030752.jpg,260
00030753.jpg,260
00030754.jpg,260
00030755.jpg,260
00030756.jpg,260
00030757.jpg,260
00030758.jpg,260
00030759.jpg,260
00030760.jpg,260
00030761.jpg,260
00030762.jpg,260
00030763.jpg,260
00030764.jpg,260
00030765.jpg,260
00030766.jpg,260
00030767.jpg,260
00030768.jpg,260
00030769.jpg,260
00030770.jpg,260
00030771.jpg,260
00030772.jpg,260
00030773.jpg,260
00030774.jpg,260
00030775.jpg,260
00030776.jpg,260
00030777.jpg,260
00030778.jpg,260
00030779.jpg,261
00030780.jpg,261
00030781.jpg,261
00030782.jpg,261
00030783.jpg,261
00030784.jpg,261
00030785.jpg,261
00030786.jpg,261
00030787.jpg,261
00030788.jpg,261
00030789.jpg,261
00030790.jpg,261
00030791.jpg,261
00030792.jpg,261
00030793.jpg,261
00030794.jpg,261
00030795.jpg,261
00030796.jpg,261
00030797.jpg,261
00030798.jpg,261
00030799.jpg,261
00030800.jpg,261
00030801.jpg,261
00030802.jpg,261
00030803.jpg,261
00030804.jpg,261
00030805.jpg,261
00030806.jpg,261
00030807.jpg,261
00030808.jpg,261
00030809.jpg,261
00030810.jpg,261
00030811.jpg,261
00030812.jpg,261
00030813.jpg,261
00030814.jpg,261
00030815.jpg,261
00030816.jpg,261
00030817.jpg,261
00030818.jpg,261
00030819.jpg,261
00030820.jpg,261
00030821.jpg,261
00030822.jpg,261
00030823.jpg,261
00030824.jpg,261
00030825.jpg,261
00030826.jpg,261
00030827.jpg,261
00030828.jpg,261
00030829.jpg,261
00030830.jpg,261
00030831.jpg,261
00030832.jpg,261
00030833.jpg,261
00030834.jpg,261
00030835.jpg,261
00030836.jpg,261
00030837.jpg,261
00030838.jpg,261
00030839.jpg,261
00030840.jpg,261
00030841.jpg,261
00030842.jpg,261
00030843.jpg,261
00030844.jpg,261
00030845.jpg,261
00030846.jpg,261
00030847.jpg,261
00030848.jpg,261
00030849.jpg,261
00030850.jpg,261
00030851.jpg,261
00030852.jpg,261
00030853.jpg,261
00030854.jpg,261
00030855.jpg,261
00030856.jpg,261
00030857.jpg,261
00030858.jpg,261
00030859.jpg,261
00030860.jpg,261
00030861.jpg,261
00030862.jpg,261
00030863.jpg,261
00030864.jpg,261
00030865.jpg,261
00030866.jpg,261
00030867.jpg,261
00030868.jpg,261
00030869.jpg,261
00030870.jpg,261
00030871.jpg,261
00030872.jpg,261
00030873.jpg,261
00030874.jpg,261
00030875.jpg,261
00030876.jpg,261
00030877.jpg,261
00030878.jpg,261
00030879.jpg,261
00030880.jpg,261
00030881.jpg,261
00030882.jpg,261
00030883.jpg,261
00030884.jpg,261
00030885.jpg,261
00030886.jpg,261
00030887.jpg,261
00030888.jpg,261
00030889.jpg,261
00030890.jpg,261
00030891.jpg,261
00030892.jpg,261
00030893.jpg,261
00030894.jpg,261
00030895.jpg,261
00030896.jpg,262
00030897.jpg,262
00030898.jpg,262
00030899.jpg,262
00030900.jpg,262
00030901.jpg,262
00030902.jpg,262
00030903.jpg,262
00030904.jpg,262
00030905.jpg,262
00030906.jpg,262
00030907.jpg,262
00030908.jpg,262
00030909.jpg,262
00030910.jpg,262
00030911.jpg,262
00030912.jpg,262
00030913.jpg,262
00030914.jpg,262
00030915.jpg,262
00030916.jpg,262
00030917.jpg,262
00030918.jpg,262
00030919.jpg,262
00030920.jpg,262
00030921.jpg,262
00030922.jpg,262
00030923.jpg,262
00030924.jpg,262
00030925.jpg,262
00030926.jpg,262
00030927.jpg,262
00030928.jpg,262
00030929.jpg,262
00030930.jpg,262
00030931.jpg,262
00030932.jpg,262
00030933.jpg,262
00030934.jpg,262
00030935.jpg,262
00030936.jpg,262
00030937.jpg,262
00030938.jpg,262
00030939.jpg,262
00030940.jpg,262
00030941.jpg,262
00030942.jpg,262
00030943.jpg,262
00030944.jpg,262
00030945.jpg,262
00030946.jpg,262
00030947.jpg,262
00030948.jpg,262
00030949.jpg,262
00030950.jpg,262
00030951.jpg,262
00030952.jpg,262
00030953.jpg,262
00030954.jpg,262
00030955.jpg,262
00030956.jpg,262
00030957.jpg,262
00030958.jpg,262
00030959.jpg,262
00030960.jpg,262
00030961.jpg,262
00030962.jpg,262
00030963.jpg,262
00030964.jpg,262
00030965.jpg,262
00030966.jpg,262
00030967.jpg,262
00030968.jpg,262
00030969.jpg,262
00030970.jpg,262
00030971.jpg,262
00030972.jpg,262
00030973.jpg,262
00030974.jpg,262
00030975.jpg,262
00030976.jpg,262
00030977.jpg,262
00030978.jpg,262
00030979.jpg,262
00030980.jpg,262
00030981.jpg,262
00030982.jpg,262
00030983.jpg,262
00030984.jpg,262
00030985.jpg,262
00030986.jpg,262
00030987.jpg,262
00030988.jpg,262
00030989.jpg,262
00030990.jpg,262
00030991.jpg,262
00030992.jpg,262
00030993.jpg,262
00030994.jpg,262
00030995.jpg,262
00030996.jpg,262
00030997.jpg,262
00030998.jpg,262
00030999.jpg,262
00031000.jpg,262
00031001.jpg,262
00031002.jpg,262
00031003.jpg,262
00031004.jpg,262
00031005.jpg,262
00031006.jpg,262
00031007.jpg,262
00031008.jpg,262
00031009.jpg,262
00031010.jpg,262
00031011.jpg,262
00031012.jpg,262
00031013.jpg,263
00031014.jpg,263
00031015.jpg,263
00031016.jpg,263
00031017.jpg,263
00031018.jpg,263
00031019.jpg,263
00031020.jpg,263
00031021.jpg,263
00031022.jpg,263
00031023.jpg,263
00031024.jpg,263
00031025.jpg,263
00031026.jpg,263
00031027.jpg,263
00031028.jpg,263
00031029.jpg,263
00031030.jpg,263
00031031.jpg,263
00031032.jpg,263
00031033.jpg,263
00031034.jpg,263
00031035.jpg,263
00031036.jpg,263
00031037.jpg,263
00031038.jpg,263
00031039.jpg,263
00031040.jpg,263
00031041.jpg,263
00031042.jpg,263
00031043.jpg,263
00031044.jpg,263
00031045.jpg,263
00031046.jpg,263
00031047.jpg,263
00031048.jpg,263
00031049.jpg,263
00031050.jpg,263
00031051.jpg,263
00031052.jpg,263
00031053.jpg,263
00031054.jpg,263
00031055.jpg,263
00031056.jpg,263
00031057.jpg,263
00031058.jpg,263
00031059.jpg,263
00031060.jpg,263
00031061.jpg,263
00031062.jpg,263
00031063.jpg,263
00031064.jpg,263
00031065.jpg,263
00031066.jpg,263
00031067.jpg,263
00031068.jpg,263
00031069.jpg,263
00031070.jpg,263
00031071.jpg,263
00031072.jpg,263
00031073.jpg,263
00031074.jpg,263
00031075.jpg,263
00031076.jpg,263
00031077.jpg,263
00031078.jpg,263
00031079.jpg,263
00031080.jpg,263
00031081.jpg,263
00031082.jpg,263
00031083.jpg,263
00031084.jpg,263
00031085.jpg,263
00031086.jpg,263
00031087.jpg,263
00031088.jpg,263
00031089.jpg,263
00031090.jpg,263
00031091.jpg,263
00031092.jpg,263
00031093.jpg,263
00031094.jpg,263
00031095.jpg,263
00031096.jpg,263
00031097.jpg,263
00031098.jpg,263
00031099.jpg,263
00031100.jpg,263
00031101.jpg,263
00031102.jpg,263
00031103.jpg,263
00031104.jpg,263
00031105.jpg,263
00031106.jpg,263
00031107.jpg,263
00031108.jpg,263
00031109.jpg,263
00031110.jpg,263
00031111.jpg,263
00031112.jpg,263
00031113.jpg,263
00031114.jpg,263
00031115.jpg,263
00031116.jpg,263
00031117.jpg,263
00031118.jpg,263
00031119.jpg,263
00031120.jpg,263
00031121.jpg,263
00031122.jpg,263
00031123.jpg,263
00031124.jpg,263
00031125.jpg,263
00031126.jpg,263
00031127.jpg,263
00031128.jpg,263
00031129.jpg,263
00031130.jpg,264
00031131.jpg,264
00031132.jpg,264
00031133.jpg,264
00031134.jpg,264
00031135.jpg,264
00031136.jpg,264
00031137.jpg,264
00031138.jpg,264
00031139.jpg,264
00031140.jpg,264
00031141.jpg,264
00031142.jpg,264
00031143.jpg,264
00031144.jpg,264
00031145.jpg,264
00031146.jpg,264
00031147.jpg,264
00031148.jpg,264
00031149.jpg,264
00031150.jpg,264
00031151.jpg,264
00031152.jpg,264
00031153.jpg,264
00031154.jpg,264
00031155.jpg,264
00031156.jpg,264
00031157.jpg,264
00031158.jpg,264
00031159.jpg,264
00031160.jpg,264
00031161.jpg,264
00031162.jpg,264
00031163.jpg,264
00031164.jpg,264
00031165.jpg,264
00031166.jpg,264
00031167.jpg,264
00031168.jpg,264
00031169.jpg,264
00031170.jpg,264
00031171.jpg,264
00031172.jpg,264
00031173.jpg,264
00031174.jpg,264
00031175.jpg,264
00031176.jpg,264
00031177.jpg,264
00031178.jpg,264
00031179.jpg,264
00031180.jpg,264
00031181.jpg,264
00031182.jpg,264
00031183.jpg,264
00031184.jpg,264
00031185.jpg,264
00031186.jpg,264
00031187.jpg,264
00031188.jpg,264
00031189.jpg,264
00031190.jpg,264
00031191.jpg,264
00031192.jpg,264
00031193.jpg,264
00031194.jpg,264
00031195.jpg,264
00031196.jpg,264
00031197.jpg,264
00031198.jpg,264
00031199.jpg,264
00031200.jpg,264
00031201.jpg,264
00031202.jpg,264
00031203.jpg,264
00031204.jpg,264
00031205.jpg,264
00031206.jpg,264
00031207.jpg,264
00031208.jpg,264
00031209.jpg,264
00031210.jpg,264
00031211.jpg,264
00031212.jpg,264
00031213.jpg,264
00031214.jpg,264
00031215.jpg,264
00031216.jpg,264
00031217.jpg,264
00031218.jpg,264
00031219.jpg,264
00031220.jpg,264
00031221.jpg,264
00031222.jpg,264
00031223.jpg,264
00031224.jpg,264
00031225.jpg,264
00031226.jpg,264
00031227.jpg,264
00031228.jpg,264
00031229.jpg,264
00031230.jpg,264
00031231.jpg,264
00031232.jpg,264
00031233.jpg,264
00031234.jpg,264
00031235.jpg,264
00031236.jpg,264
00031237.jpg,264
00031238.jpg,264
00031239.jpg,264
00031240.jpg,264
00031241.jpg,264
00031242.jpg,264
00031243.jpg,264
00031244.jpg,264
00031245.jpg,264
00031246.jpg,264
00031247.jpg,265
00031248.jpg,265
00031249.jpg,265
00031250.jpg,265
00031251.jpg,265
00031252.jpg,265
00031253.jpg,265
00031254.jpg,265
00031255.jpg,265
00031256.jpg,265
00031257.jpg,265
00031258.jpg,265
00031259.jpg,265
00031260.jpg,265
00031261.jpg,265
00031262.jpg,265
00031263.jpg,265
00031264.jpg,265
00031265.jpg,265
00031266.jpg,265
00031267.jpg,265
00031268.jpg,265
00031269.jpg,265
00031270.jpg,265
00031271.jpg,265
00031272.jpg,265
00031273.jpg,265
00031274.jpg,265
00031275.jpg,265
00031276.jpg,265
00031277.jpg,265
00031278.jpg,265
00031279.jpg,265
00031280.jpg,265
00031281.jpg,265
00031282.jpg,265
00031283.jpg,265
00031284.jpg,265
00031285.jpg,265
00031286.jpg,265
00031287.jpg,265
00031288.jpg,265
00031289.jpg,265
00031290.jpg,265
00031291.jpg,265
00031292.jpg,265
00031293.jpg,265
00031294.jpg,265
00031295.jpg,265
00031296.jpg,265
00031297.jpg,265
00031298.jpg,265
00031299.jpg,265
00031300.jpg,265
00031301.jpg,265
00031302.jpg,265
00031303.jpg,265
00031304.jpg,265
00031305.jpg,265
00031306.jpg,265
00031307.jpg,265
00031308.jpg,265
00031309.jpg,265
00031310.jpg,265
00031311.jpg,265
00031312.jpg,265
00031313.jpg,265
00031314.jpg,265
00031315.jpg,265
00031316.jpg,265
00031317.jpg,265
00031318.jpg,265
00031319.jpg,265
00031320.jpg,265
00031321.jpg,265
00031322.jpg,265
00031323.jpg,265
00031324.jpg,265
00031325.jpg,265
00031326.jpg,265
00031327.jpg,265
00031328.jpg,265
00031329.jpg,265
00031330.jpg,265
00031331.jpg,265
00031332.jpg,265
00031333.jpg,265
00031334.jpg,265
00031335.jpg,265
00031336.jpg,265
00031337.jpg,265
00031338.jpg,265
00031339.jpg,265
00031340.jpg,265
00031341.jpg,265
00031342.jpg,265
00031343.jpg,265
00031344.jpg,265
00031345.jpg,265
00031346.jpg,265
00031347.jpg,265
00031348.jpg,265
00031349.jpg,265
00031350.jpg,265
00031351.jpg,265
00031352.jpg,265
00031353.jpg,265
00031354.jpg,265
00031355.jpg,265
00031356.jpg,265
00031357.jpg,265
00031358.jpg,265
00031359.jpg,265
00031360.jpg,265
00031361.jpg,265
00031362.jpg,265
00031363.jpg,265
00031364.jpg,266
00031365.jpg,266
00031366.jpg,266
00031367.jpg,266
00031368.jpg,266
00031369.jpg,266
00031370.jpg,266
00031371.jpg,266
00031372.jpg,266
00031373.jpg,266
00031374.jpg,266
00031375.jpg,266
00031376.jpg,266
00031377.jpg,266
00031378.jpg,266
00031379.jpg,266
00031380.jpg,266
00031381.jpg,266
00031382.jpg,266
00031383.jpg,266
00031384.jpg,266
00031385.jpg,266
00031386.jpg,266
00031387.jpg,266
00031388.jpg,266
00031389.jpg,266
00031390.jpg,266
00031391.jpg,266
00031392.jpg,266
00031393.jpg,266
00031394.jpg,266
00031395.jpg,266
00031396.jpg,266
00031397.jpg,266
00031398.jpg,266
00031399.jpg,266
00031400.jpg,266
00031401.jpg,266
00031402.jpg,266
00031403.jpg,266
00031404.jpg,266
00031405.jpg,266
00031406.jpg,266
00031407.jpg,266
00031408.jpg,266
00031409.jpg,266
00031410.jpg,266
00031411.jpg,266
00031412.jpg,266
00031413.jpg,266
00031414.jpg,266
00031415.jpg,266
00031416.jpg,266
00031417.jpg,266
00031418.jpg,266
00031419.jpg,266
00031420.jpg,266
00031421.jpg,266
00031422.jpg,266
00031423.jpg,266
00031424.jpg,266
00031425.jpg,266
00031426.jpg,266
00031427.jpg,266
00031428.jpg,266
00031429.jpg,266
00031430.jpg,266
00031431.jpg,266
00031432.jpg,266
00031433.jpg,266
00031434.jpg,266
00031435.jpg,266
00031436.jpg,266
00031437.jpg,266
00031438.jpg,266
00031439.jpg,266
00031440.jpg,266
00031441.jpg,266
00031442.jpg,266
00031443.jpg,266
00031444.jpg,266
00031445.jpg,266
00031446.jpg,266
00031447.jpg,266
00031448.jpg,266
00031449.jpg,266
00031450.jpg,266
00031451.jpg,266
00031452.jpg,266
00031453.jpg,266
00031454.jpg,266
00031455.jpg,266
00031456.jpg,266
00031457.jpg,266
00031458.jpg,266
00031459.jpg,266
00031460.jpg,266
00031461.jpg,266
00031462.jpg,266
00031463.jpg,266
00031464.jpg,266
00031465.jpg,266
00031466.jpg,266
00031467.jpg,266
00031468.jpg,266
00031469.jpg,266
00031470.jpg,266
00031471.jpg,266
00031472.jpg,266
00031473.jpg,266
00031474.jpg,266
00031475.jpg,266
00031476.jpg,266
00031477.jpg,266
00031478.jpg,266
00031479.jpg,266
00031480.jpg,266
00031481.jpg,267
00031482.jpg,267
00031483.jpg,267
00031484.jpg,267
00031485.jpg,267
00031486.jpg,267
00031487.jpg,267
00031488.jpg,267
00031489.jpg,267
00031490.jpg,267
00031491.jpg,267
00031492.jpg,267
00031493.jpg,267
00031494.jpg,267
00031495.jpg,267
00031496.jpg,267
00031497.jpg,267
00031498.jpg,267
00031499.jpg,267
00031500.jpg,267
00031501.jpg,267
00031502.jpg,267
00031503.jpg,267
00031504.jpg,267
00031505.jpg,267
00031506.jpg,267
00031507.jpg,267
00031508.jpg,267
00031509.jpg,267
00031510.jpg,267
00031511.jpg,267
00031512.jpg,267
00031513.jpg,267
00031514.jpg,267
00031515.jpg,267
00031516.jpg,267
00031517.jpg,267
00031518.jpg,267
00031519.jpg,267
00031520.jpg,267
00031521.jpg,267
00031522.jpg,267
00031523.jpg,267
00031524.jpg,267
00031525.jpg,267
00031526.jpg,267
00031527.jpg,267
00031528.jpg,267
00031529.jpg,267
00031530.jpg,267
00031531.jpg,267
00031532.jpg,267
00031533.jpg,267
00031534.jpg,267
00031535.jpg,267
00031536.jpg,267
00031537.jpg,267
00031538.jpg,267
00031539.jpg,267
00031540.jpg,267
00031541.jpg,267
00031542.jpg,267
00031543.jpg,267
00031544.jpg,267
00031545.jpg,267
00031546.jpg,267
00031547.jpg,267
00031548.jpg,267
00031549.jpg,267
00031550.jpg,267
00031551.jpg,267
00031552.jpg,267
00031553.jpg,267
00031554.jpg,267
00031555.jpg,267
00031556.jpg,267
00031557.jpg,267
00031558.jpg,267
00031559.jpg,267
00031560.jpg,267
00031561.jpg,267
00031562.jpg,267
00031563.jpg,267
00031564.jpg,267
00031565.jpg,267
00031566.jpg,267
00031567.jpg,267
00031568.jpg,267
00031569.jpg,267
00031570.jpg,267
00031571.jpg,267
00031572.jpg,267
00031573.jpg,267
00031574.jpg,267
00031575.jpg,267
00031576.jpg,267
00031577.jpg,267
00031578.jpg,267
00031579.jpg,267
00031580.jpg,267
00031581.jpg,267
00031582.jpg,267
00031583.jpg,267
00031584.jpg,267
00031585.jpg,267
00031586.jpg,267
00031587.jpg,267
00031588.jpg,267
00031589.jpg,267
00031590.jpg,267
00031591.jpg,267
00031592.jpg,267
00031593.jpg,267
00031594.jpg,267
00031595.jpg,267
00031596.jpg,267
00031597.jpg,267
00031598.jpg,268
00031599.jpg,268
00031600.jpg,268
00031601.jpg,268
00031602.jpg,268
00031603.jpg,268
00031604.jpg,268
00031605.jpg,268
00031606.jpg,268
00031607.jpg,268
00031608.jpg,268
00031609.jpg,268
00031610.jpg,268
00031611.jpg,268
00031612.jpg,268
00031613.jpg,268
00031614.jpg,268
00031615.jpg,268
00031616.jpg,268
00031617.jpg,268
00031618.jpg,268
00031619.jpg,268
00031620.jpg,268
00031621.jpg,268
00031622.jpg,268
00031623.jpg,268
00031624.jpg,268
00031625.jpg,268
00031626.jpg,268
00031627.jpg,268
00031628.jpg,268
00031629.jpg,268
00031630.jpg,268
00031631.jpg,268
00031632.jpg,268
00031633.jpg,268
00031634.jpg,268
00031635.jpg,268
00031636.jpg,268
00031637.jpg,268
00031638.jpg,268
00031639.jpg,268
00031640.jpg,268
00031641.jpg,268
00031642.jpg,268
00031643.jpg,268
00031644.jpg,268
00031645.jpg,268
00031646.jpg,268
00031647.jpg,268
00031648.jpg,268
00031649.jpg,268
00031650.jpg,268
00031651.jpg,268
00031652.jpg,268
00031653.jpg,268
00031654.jpg,268
00031655.jpg,268
00031656.jpg,268
00031657.jpg,268
00031658.jpg,268
00031659.jpg,268
00031660.jpg,268
00031661.jpg,268
00031662.jpg,268
00031663.jpg,268
00031664.jpg,268
00031665.jpg,268
00031666.jpg,268
00031667.jpg,268
00031668.jpg,268
00031669.jpg,268
00031670.jpg,268
00031671.jpg,268
00031672.jpg,268
00031673.jpg,268
00031674.jpg,268
00031675.jpg,268
00031676.jpg,268
00031677.jpg,268
00031678.jpg,268
00031679.jpg,268
00031680.jpg,268
00031681.jpg,268
00031682.jpg,268
00031683.jpg,268
00031684.jpg,268
00031685.jpg,268
00031686.jpg,268
00031687.jpg,268
00031688.jpg,268
00031689.jpg,268
00031690.jpg,268
00031691.jpg,268
00031692.jpg,268
00031693.jpg,268
00031694.jpg,268
00031695.jpg,268
00031696.jpg,268
00031697.jpg,268
00031698.jpg,268
00031699.jpg,268
00031700.jpg,268
00031701.jpg,268
00031702.jpg,268
00031703.jpg,268
00031704.jpg,268
00031705.jpg,268
00031706.jpg,268
00031707.jpg,268
00031708.jpg,268
00031709.jpg,268
00031710.jpg,268
00031711.jpg,268
00031712.jpg,268
00031713.jpg,268
00031714.jpg,268
00031715.jpg,269
00031716.jpg,269
00031717.jpg,269
00031718.jpg,269
00031719.jpg,269
00031720.jpg,269
00031721.jpg,269
00031722.jpg,269
00031723.jpg,269
00031724.jpg,269
00031725.jpg,269
00031726.jpg,269
00031727.jpg,269
00031728.jpg,269
00031729.jpg,269
00031730.jpg,269
00031731.jpg,269
00031732.jpg,269
00031733.jpg,269
00031734.jpg,269
00031735.jpg,269
00031736.jpg,269
00031737.jpg,269
00031738.jpg,269
00031739.jpg,269
00031740.jpg,269
00031741.jpg,269
00031742.jpg,269
00031743.jpg,269
00031744.jpg,269
00031745.jpg,269
00031746.jpg,269
00031747.jpg,269
00031748.jpg,269
00031749.jpg,269
00031750.jpg,269
00031751.jpg,269
00031752.jpg,269
00031753.jpg,269
00031754.jpg,269
00031755.jpg,269
00031756.jpg,269
00031757.jpg,269
00031758.jpg,269
00031759.jpg,269
00031760.jpg,269
00031761.jpg,269
00031762.jpg,269
00031763.jpg,269
00031764.jpg,269
00031765.jpg,269
00031766.jpg,269
00031767.jpg,269
00031768.jpg,269
00031769.jpg,269
00031770.jpg,269
00031771.jpg,269
00031772.jpg,269
00031773.jpg,269
00031774.jpg,269
00031775.jpg,269
00031776.jpg,269
00031777.jpg,269
00031778.jpg,269
00031779.jpg,269
00031780.jpg,269
00031781.jpg,269
00031782.jpg,269
00031783.jpg,269
00031784.jpg,269
00031785.jpg,269
00031786.jpg,269
00031787.jpg,269
00031788.jpg,269
00031789.jpg,269
00031790.jpg,269
00031791.jpg,269
00031792.jpg,269
00031793.jpg,269
00031794.jpg,269
00031795.jpg,269
00031796.jpg,269
00031797.jpg,269
00031798.jpg,269
00031799.jpg,269
00031800.jpg,269
00031801.jpg,269
00031802.jpg,269
00031803.jpg,269
00031804.jpg,269
00031805.jpg,269
00031806.jpg,269
00031807.jpg,269
00031808.jpg,269
00031809.jpg,269
00031810.jpg,269
00031811.jpg,269
00031812.jpg,269
00031813.jpg,269
00031814.jpg,269
00031815.jpg,269
00031816.jpg,269
00031817.jpg,269
00031818.jpg,269
00031819.jpg,269
00031820.jpg,269
00031821.jpg,269
00031822.jpg,269
00031823.jpg,269
00031824.jpg,269
00031825.jpg,269
00031826.jpg,269
00031827.jpg,269
00031828.jpg,269
00031829.jpg,269
00031830.jpg,269
00031831.jpg,269
00031832.jpg,270
00031833.jpg,270
00031834.jpg,270
00031835.jpg,270
00031836.jpg,270
00031837.jpg,270
00031838.jpg,270
00031839.jpg,270
00031840.jpg,270
00031841.jpg,270
00031842.jpg,270
00031843.jpg,270
00031844.jpg,270
00031845.jpg,270
00031846.jpg,270
00031847.jpg,270
00031848.jpg,270
00031849.jpg,270
00031850.jpg,270
00031851.jpg,270
00031852.jpg,270
00031853.jpg,270
00031854.jpg,270
00031855.jpg,270
00031856.jpg,270
00031857.jpg,270
00031858.jpg,270
00031859.jpg,270
00031860.jpg,270
00031861.jpg,270
00031862.jpg,270
00031863.jpg,270
00031864.jpg,270
00031865.jpg,270
00031866.jpg,270
00031867.jpg,270
00031868.jpg,270
00031869.jpg,270
00031870.jpg,270
00031871.jpg,270
00031872.jpg,270
00031873.jpg,270
00031874.jpg,270
00031875.jpg,270
00031876.jpg,270
00031877.jpg,270
00031878.jpg,270
00031879.jpg,270
00031880.jpg,270
00031881.jpg,270
00031882.jpg,270
00031883.jpg,270
00031884.jpg,270
00031885.jpg,270
00031886.jpg,270
00031887.jpg,270
00031888.jpg,270
00031889.jpg,270
00031890.jpg,270
00031891.jpg,270
00031892.jpg,270
00031893.jpg,270
00031894.jpg,270
00031895.jpg,270
00031896.jpg,270
00031897.jpg,270
00031898.jpg,270
00031899.jpg,270
00031900.jpg,270
00031901.jpg,270
00031902.jpg,270
00031903.jpg,270
00031904.jpg,270
00031905.jpg,270
00031906.jpg,270
00031907.jpg,270
00031908.jpg,270
00031909.jpg,270
00031910.jpg,270
00031911.jpg,270
00031912.jpg,270
00031913.jpg,270
00031914.jpg,270
00031915.jpg,270
00031916.jpg,270
00031917.jpg,270
00031918.jpg,270
00031919.jpg,270
00031920.jpg,270
00031921.jpg,270
00031922.jpg,270
00031923.jpg,270
00031924.jpg,270
00031925.jpg,270
00031926.jpg,270
00031927.jpg,270
00031928.jpg,270
00031929.jpg,270
00031930.jpg,270
00031931.jpg,270
00031932.jpg,270
00031933.jpg,270
00031934.jpg,270
00031935.jpg,270
00031936.jpg,270
00031937.jpg,270
00031938.jpg,270
00031939.jpg,270
00031940.jpg,270
00031941.jpg,270
00031942.jpg,270
00031943.jpg,270
00031944.jpg,270
00031945.jpg,270
00031946.jpg,270
00031947.jpg,270
00031948.jpg,270
00031949.jpg,271
00031950.jpg,271
00031951.jpg,271
00031952.jpg,271
00031953.jpg,271
00031954.jpg,271
00031955.jpg,271
00031956.jpg,271
00031957.jpg,271
00031958.jpg,271
00031959.jpg,271
00031960.jpg,271
00031961.jpg,271
00031962.jpg,271
00031963.jpg,271
00031964.jpg,271
00031965.jpg,271
00031966.jpg,271
00031967.jpg,271
00031968.jpg,271
00031969.jpg,271
00031970.jpg,271
00031971.jpg,271
00031972.jpg,271
00031973.jpg,271
00031974.jpg,271
00031975.jpg,271
00031976.jpg,271
00031977.jpg,271
00031978.jpg,271
00031979.jpg,271
00031980.jpg,271
00031981.jpg,271
00031982.jpg,271
00031983.jpg,271
00031984.jpg,271
00031985.jpg,271
00031986.jpg,271
00031987.jpg,271
00031988.jpg,271
00031989.jpg,271
00031990.jpg,271
00031991.jpg,271
00031992.jpg,271
00031993.jpg,271
00031994.jpg,271
00031995.jpg,271
00031996.jpg,271
00031997.jpg,271
00031998.jpg,271
00031999.jpg,271
00032000.jpg,271
00032001.jpg,271
00032002.jpg,271
00032003.jpg,271
00032004.jpg,271
00032005.jpg,271
00032006.jpg,271
00032007.jpg,271
00032008.jpg,271
00032009.jpg,271
00032010.jpg,271
00032011.jpg,271
00032012.jpg,271
00032013.jpg,271
00032014.jpg,271
00032015.jpg,271
00032016.jpg,271
00032017.jpg,271
00032018.jpg,271
00032019.jpg,271
00032020.jpg,271
00032021.jpg,271
00032022.jpg,271
00032023.jpg,271
00032024.jpg,271
00032025.jpg,271
00032026.jpg,271
00032027.jpg,271
00032028.jpg,271
00032029.jpg,271
00032030.jpg,271
00032031.jpg,271
00032032.jpg,271
00032033.jpg,271
00032034.jpg,271
00032035.jpg,271
00032036.jpg,271
00032037.jpg,271
00032038.jpg,271
00032039.jpg,271
00032040.jpg,271
00032041.jpg,271
00032042.jpg,271
00032043.jpg,271
00032044.jpg,271
00032045.jpg,271
00032046.jpg,271
00032047.jpg,271
00032048.jpg,271
00032049.jpg,271
00032050.jpg,271
00032051.jpg,271
00032052.jpg,271
00032053.jpg,271
00032054.jpg,271
00032055.jpg,271
00032056.jpg,271
00032057.jpg,271
00032058.jpg,271
00032059.jpg,271
00032060.jpg,271
00032061.jpg,271
00032062.jpg,271
00032063.jpg,271
00032064.jpg,271
00032065.jpg,271
00032066.jpg,272
00032067.jpg,272
00032068.jpg,272
00032069.jpg,272
00032070.jpg,272
00032071.jpg,272
00032072.jpg,272
00032073.jpg,272
00032074.jpg,272
00032075.jpg,272
00032076.jpg,272
00032077.jpg,272
00032078.jpg,272
00032079.jpg,272
00032080.jpg,272
00032081.jpg,272
00032082.jpg,272
00032083.jpg,272
00032084.jpg,272
00032085.jpg,272
00032086.jpg,272
00032087.jpg,272
00032088.jpg,272
00032089.jpg,272
00032090.jpg,272
00032091.jpg,272
00032092.jpg,272
00032093.jpg,272
00032094.jpg,272
00032095.jpg,272
00032096.jpg,272
00032097.jpg,272
00032098.jpg,272
00032099.jpg,272
00032100.jpg,272
00032101.jpg,272
00032102.jpg,272
00032103.jpg,272
00032104.jpg,272
00032105.jpg,272
00032106.jpg,272
00032107.jpg,272
00032108.jpg,272
00032109.jpg,272
00032110.jpg,272
00032111.jpg,272
00032112.jpg,272
00032113.jpg,272
00032114.jpg,272
00032115.jpg,272
00032116.jpg,272
00032117.jpg,272
00032118.jpg,272
00032119.jpg,272
00032120.jpg,272
00032121.jpg,272
00032122.jpg,272
00032123.jpg,272
00032124.jpg,272
00032125.jpg,272
00032126.jpg,272
00032127.jpg,272
00032128.jpg,272
00032129.jpg,272
00032130.jpg,272
00032131.jpg,272
00032132.jpg,272
00032133.jpg,272
00032134.jpg,272
00032135.jpg,272
00032136.jpg,272
00032137.jpg,272
00032138.jpg,272
00032139.jpg,272
00032140.jpg,272
00032141.jpg,272
00032142.jpg,272
00032143.jpg,272
00032144.jpg,272
00032145.jpg,272
00032146.jpg,272
00032147.jpg,272
00032148.jpg,272
00032149.jpg,272
00032150.jpg,272
00032151.jpg,272
00032152.jpg,272
00032153.jpg,272
00032154.jpg,272
00032155.jpg,272
00032156.jpg,272
00032157.jpg,272
00032158.jpg,272
00032159.jpg,272
00032160.jpg,272
00032161.jpg,272
00032162.jpg,272
00032163.jpg,272
00032164.jpg,272
00032165.jpg,272
00032166.jpg,272
00032167.jpg,272
00032168.jpg,272
00032169.jpg,272
00032170.jpg,272
00032171.jpg,272
00032172.jpg,272
00032173.jpg,272
00032174.jpg,272
00032175.jpg,272
00032176.jpg,272
00032177.jpg,272
00032178.jpg,272
00032179.jpg,272
00032180.jpg,272
00032181.jpg,272
00032182.jpg,272
00032183.jpg,273
00032184.jpg,273
00032185.jpg,273
00032186.jpg,273
00032187.jpg,273
00032188.jpg,273
00032189.jpg,273
00032190.jpg,273
00032191.jpg,273
00032192.jpg,273
00032193.jpg,273
00032194.jpg,273
00032195.jpg,273
00032196.jpg,273
00032197.jpg,273
00032198.jpg,273
00032199.jpg,273
00032200.jpg,273
00032201.jpg,273
00032202.jpg,273
00032203.jpg,273
00032204.jpg,273
00032205.jpg,273
00032206.jpg,273
00032207.jpg,273
00032208.jpg,273
00032209.jpg,273
00032210.jpg,273
00032211.jpg,273
00032212.jpg,273
00032213.jpg,273
00032214.jpg,273
00032215.jpg,273
00032216.jpg,273
00032217.jpg,273
00032218.jpg,273
00032219.jpg,273
00032220.jpg,273
00032221.jpg,273
00032222.jpg,273
00032223.jpg,273
00032224.jpg,273
00032225.jpg,273
00032226.jpg,273
00032227.jpg,273
00032228.jpg,273
00032229.jpg,273
00032230.jpg,273
00032231.jpg,273
00032232.jpg,273
00032233.jpg,273
00032234.jpg,273
00032235.jpg,273
00032236.jpg,273
00032237.jpg,273
00032238.jpg,273
00032239.jpg,273
00032240.jpg,273
00032241.jpg,273
00032242.jpg,273
00032243.jpg,273
00032244.jpg,273
00032245.jpg,273
00032246.jpg,273
00032247.jpg,273
00032248.jpg,273
00032249.jpg,273
00032250.jpg,273
00032251.jpg,273
00032252.jpg,273
00032253.jpg,273
00032254.jpg,273
00032255.jpg,273
00032256.jpg,273
00032257.jpg,273
00032258.jpg,273
00032259.jpg,273
00032260.jpg,273
00032261.jpg,273
00032262.jpg,273
00032263.jpg,273
00032264.jpg,273
00032265.jpg,273
00032266.jpg,273
00032267.jpg,273
00032268.jpg,273
00032269.jpg,273
00032270.jpg,273
00032271.jpg,273
00032272.jpg,273
00032273.jpg,273
00032274.jpg,273
00032275.jpg,273
00032276.jpg,273
00032277.jpg,273
00032278.jpg,273
00032279.jpg,273
00032280.jpg,273
00032281.jpg,273
00032282.jpg,273
00032283.jpg,273
00032284.jpg,273
00032285.jpg,273
00032286.jpg,273
00032287.jpg,273
00032288.jpg,273
00032289.jpg,273
00032290.jpg,273
00032291.jpg,273
00032292.jpg,273
00032293.jpg,273
00032294.jpg,273
00032295.jpg,273
00032296.jpg,273
00032297.jpg,273
00032298.jpg,273
00032299.jpg,273
00032300.jpg,274
00032301.jpg,274
00032302.jpg,274
00032303.jpg,274
00032304.jpg,274
00032305.jpg,274
00032306.jpg,274
00032307.jpg,274
00032308.jpg,274
00032309.jpg,274
00032310.jpg,274
00032311.jpg,274
00032312.jpg,274
00032313.jpg,274
00032314.jpg,274
00032315.jpg,274
00032316.jpg,274
00032317.jpg,274
00032318.jpg,274
00032319.jpg,274
00032320.jpg,274
00032321.jpg,274
00032322.jpg,274
00032323.jpg,274
00032324.jpg,274
00032325.jpg,274
00032326.jpg,274
00032327.jpg,274
00032328.jpg,274
00032329.jpg,274
00032330.jpg,274
00032331.jpg,274
00032332.jpg,274
00032333.jpg,274
00032334.jpg,274
00032335.jpg,274
00032336.jpg,274
00032337.jpg,274
00032338.jpg,274
00032339.jpg,274
00032340.jpg,274
00032341.jpg,274
00032342.jpg,274
00032343.jpg,274
00032344.jpg,274
00032345.jpg,274
00032346.jpg,274
00032347.jpg,274
00032348.jpg,274
00032349.jpg,274
00032350.jpg,274
00032351.jpg,274
00032352.jpg,274
00032353.jpg,274
00032354.jpg,274
00032355.jpg,274
00032356.jpg,274
00032357.jpg,274
00032358.jpg,274
00032359.jpg,274
00032360.jpg,274
00032361.jpg,274
00032362.jpg,274
00032363.jpg,274
00032364.jpg,274
00032365.jpg,274
00032366.jpg,274
00032367.jpg,274
00032368.jpg,274
00032369.jpg,274
00032370.jpg,274
00032371.jpg,274
00032372.jpg,274
00032373.jpg,274
00032374.jpg,274
00032375.jpg,274
00032376.jpg,274
00032377.jpg,274
00032378.jpg,274
00032379.jpg,274
00032380.jpg,274
00032381.jpg,274
00032382.jpg,274
00032383.jpg,274
00032384.jpg,274
00032385.jpg,274
00032386.jpg,274
00032387.jpg,274
00032388.jpg,274
00032389.jpg,274
00032390.jpg,274
00032391.jpg,274
00032392.jpg,274
00032393.jpg,274
00032394.jpg,274
00032395.jpg,274
00032396.jpg,274
00032397.jpg,274
00032398.jpg,274
00032399.jpg,274
00032400.jpg,274
00032401.jpg,274
00032402.jpg,274
00032403.jpg,274
00032404.jpg,274
00032405.jpg,274
00032406.jpg,274
00032407.jpg,274
00032408.jpg,274
00032409.jpg,274
00032410.jpg,274
00032411.jpg,274
00032412.jpg,274
00032413.jpg,274
00032414.jpg,274
00032415.jpg,274
00032416.jpg,274
00032417.jpg,275
00032418.jpg,275
00032419.jpg,275
00032420.jpg,275
00032421.jpg,275
00032422.jpg,275
00032423.jpg,275
00032424.jpg,275
00032425.jpg,275
00032426.jpg,275
00032427.jpg,275
00032428.jpg,275
00032429.jpg,275
00032430.jpg,275
00032431.jpg,275
00032432.jpg,275
00032433.jpg,275
00032434.jpg,275
00032435.jpg,275
00032436.jpg,275
00032437.jpg,275
00032438.jpg,275
00032439.jpg,275
00032440.jpg,275
00032441.jpg,275
00032442.jpg,275
00032443.jpg,275
00032444.jpg,275
00032445.jpg,275
00032446.jpg,275
00032447.jpg,275
00032448.jpg,275
00032449.jpg,275
00032450.jpg,275
00032451.jpg,275
00032452.jpg,275
00032453.jpg,275
00032454.jpg,275
00032455.jpg,275
00032456.jpg,275
00032457.jpg,275
00032458.jpg,275
00032459.jpg,275
00032460.jpg,275
00032461.jpg,275
00032462.jpg,275
00032463.jpg,275
00032464.jpg,275
00032465.jpg,275
00032466.jpg,275
00032467.jpg,275
00032468.jpg,275
00032469.jpg,275
00032470.jpg,275
00032471.jpg,275
00032472.jpg,275
00032473.jpg,275
00032474.jpg,275
00032475.jpg,275
00032476.jpg,275
00032477.jpg,275
00032478.jpg,275
00032479.jpg,275
00032480.jpg,275
00032481.jpg,275
00032482.jpg,275
00032483.jpg,275
00032484.jpg,275
00032485.jpg,275
00032486.jpg,275
00032487.jpg,275
00032488.jpg,275
00032489.jpg,275
00032490.jpg,275
00032491.jpg,275
00032492.jpg,275
00032493.jpg,275
00032494.jpg,275
00032495.jpg,275
00032496.jpg,275
00032497.jpg,275
00032498.jpg,275
00032499.jpg,275
00032500.jpg,275
00032501.jpg,275
00032502.jpg,275
00032503.jpg,275
00032504.jpg,275
00032505.jpg,275
00032506.jpg,275
00032507.jpg,275
00032508.jpg,275
00032509.jpg,275
00032510.jpg,275
00032511.jpg,275
00032512.jpg,275
00032513.jpg,275
00032514.jpg,275
00032515.jpg,275
00032516.jpg,275
00032517.jpg,275
00032518.jpg,275
00032519.jpg,275
00032520.jpg,275
00032521.jpg,275
00032522.jpg,275
00032523.jpg,275
00032524.jpg,275
00032525.jpg,275
00032526.jpg,275
00032527.jpg,275
00032528.jpg,275
00032529.jpg,275
00032530.jpg,275
00032531.jpg,275
00032532.jpg,275
00032533.jpg,275
00032534.jpg,276
00032535.jpg,276
00032536.jpg,276
00032537.jpg,276
00032538.jpg,276
00032539.jpg,276
00032540.jpg,276
00032541.jpg,276
00032542.jpg,276
00032543.jpg,276
00032544.jpg,276
00032545.jpg,276
00032546.jpg,276
00032547.jpg,276
00032548.jpg,276
00032549.jpg,276
00032550.jpg,276
00032551.jpg,276
00032552.jpg,276
00032553.jpg,276
00032554.jpg,276
00032555.jpg,276
00032556.jpg,276
00032557.jpg,276
00032558.jpg,276
00032559.jpg,276
00032560.jpg,276
00032561.jpg,276
00032562.jpg,276
00032563.jpg,276
00032564.jpg,276
00032565.jpg,276
00032566.jpg,276
00032567.jpg,276
00032568.jpg,276
00032569.jpg,276
00032570.jpg,276
00032571.jpg,276
00032572.jpg,276
00032573.jpg,276
00032574.jpg,276
00032575.jpg,276
00032576.jpg,276
00032577.jpg,276
00032578.jpg,276
00032579.jpg,276
00032580.jpg,276
00032581.jpg,276
00032582.jpg,276
00032583.jpg,276
00032584.jpg,276
00032585.jpg,276
00032586.jpg,276
00032587.jpg,276
00032588.jpg,276
00032589.jpg,276
00032590.jpg,276
00032591.jpg,276
00032592.jpg,276
00032593.jpg,276
00032594.jpg,276
00032595.jpg,276
00032596.jpg,276
00032597.jpg,276
00032598.jpg,276
00032599.jpg,276
00032600.jpg,276
00032601.jpg,276
00032602.jpg,276
00032603.jpg,276
00032604.jpg,276
00032605.jpg,276
00032606.jpg,276
00032607.jpg,276
00032608.jpg,276
00032609.jpg,276
00032610.jpg,276
00032611.jpg,276
00032612.jpg,276
00032613.jpg,276
00032614.jpg,276
00032615.jpg,276
00032616.jpg,276
00032617.jpg,276
00032618.jpg,276
00032619.jpg,276
00032620.jpg,276
00032621.jpg,276
00032622.jpg,276
00032623.jpg,276
00032624.jpg,276
00032625.jpg,276
00032626.jpg,276
00032627.jpg,276
00032628.jpg,276
00032629.jpg,276
00032630.jpg,276
00032631.jpg,276
00032632.jpg,276
00032633.jpg,276
00032634.jpg,276
00032635.jpg,276
00032636.jpg,276
00032637.jpg,276
00032638.jpg,276
00032639.jpg,276
00032640.jpg,276
00032641.jpg,276
00032642.jpg,276
00032643.jpg,276
00032644.jpg,276
00032645.jpg,276
00032646.jpg,276
00032647.jpg,276
00032648.jpg,276
00032649.jpg,276
00032650.jpg,276
00032651.jpg,277
00032652.jpg,277
00032653.jpg,277
00032654.jpg,277
00032655.jpg,277
00032656.jpg,277
00032657.jpg,277
00032658.jpg,277
00032659.jpg,277
00032660.jpg,277
00032661.jpg,277
00032662.jpg,277
00032663.jpg,277
00032664.jpg,277
00032665.jpg,277
00032666.jpg,277
00032667.jpg,277
00032668.jpg,277
00032669.jpg,277
00032670.jpg,277
00032671.jpg,277
00032672.jpg,277
00032673.jpg,277
00032674.jpg,277
00032675.jpg,277
00032676.jpg,277
00032677.jpg,277
00032678.jpg,277
00032679.jpg,277
00032680.jpg,277
00032681.jpg,277
00032682.jpg,277
00032683.jpg,277
00032684.jpg,277
00032685.jpg,277
00032686.jpg,277
00032687.jpg,277
00032688.jpg,277
00032689.jpg,277
00032690.jpg,277
00032691.jpg,277
00032692.jpg,277
00032693.jpg,277
00032694.jpg,277
00032695.jpg,277
00032696.jpg,277
00032697.jpg,277
00032698.jpg,277
00032699.jpg,277
00032700.jpg,277
00032701.jpg,277
00032702.jpg,277
00032703.jpg,277
00032704.jpg,277
00032705.jpg,277
00032706.jpg,277
00032707.jpg,277
00032708.jpg,277
00032709.jpg,277
00032710.jpg,277
00032711.jpg,277
00032712.jpg,277
00032713.jpg,277
00032714.jpg,277
00032715.jpg,277
00032716.jpg,277
00032717.jpg,277
00032718.jpg,277
00032719.jpg,277
00032720.jpg,277
00032721.jpg,277
00032722.jpg,277
00032723.jpg,277
00032724.jpg,277
00032725.jpg,277
00032726.jpg,277
00032727.jpg,277
00032728.jpg,277
00032729.jpg,277
00032730.jpg,277
00032731.jpg,277
00032732.jpg,277
00032733.jpg,277
00032734.jpg,277
00032735.jpg,277
00032736.jpg,277
00032737.jpg,277
00032738.jpg,277
00032739.jpg,277
00032740.jpg,277
00032741.jpg,277
00032742.jpg,277
00032743.jpg,277
00032744.jpg,277
00032745.jpg,277
00032746.jpg,277
00032747.jpg,277
00032748.jpg,277
00032749.jpg,277
00032750.jpg,277
00032751.jpg,277
00032752.jpg,277
00032753.jpg,277
00032754.jpg,277
00032755.jpg,277
00032756.jpg,277
00032757.jpg,277
00032758.jpg,277
00032759.jpg,277
00032760.jpg,277
00032761.jpg,277
00032762.jpg,277
00032763.jpg,277
00032764.jpg,277
00032765.jpg,277
00032766.jpg,277
00032767.jpg,277
00032768.jpg,278
00032769.jpg,278
00032770.jpg,278
00032771.jpg,278
00032772.jpg,278
00032773.jpg,278
00032774.jpg,278
00032775.jpg,278
00032776.jpg,278
00032777.jpg,278
00032778.jpg,278
00032779.jpg,278
00032780.jpg,278
00032781.jpg,278
00032782.jpg,278
00032783.jpg,278
00032784.jpg,278
00032785.jpg,278
00032786.jpg,278
00032787.jpg,278
00032788.jpg,278
00032789.jpg,278
00032790.jpg,278
00032791.jpg,278
00032792.jpg,278
00032793.jpg,278
00032794.jpg,278
00032795.jpg,278
00032796.jpg,278
00032797.jpg,278
00032798.jpg,278
00032799.jpg,278
00032800.jpg,278
00032801.jpg,278
00032802.jpg,278
00032803.jpg,278
00032804.jpg,278
00032805.jpg,278
00032806.jpg,278
00032807.jpg,278
00032808.jpg,278
00032809.jpg,278
00032810.jpg,278
00032811.jpg,278
00032812.jpg,278
00032813.jpg,278
00032814.jpg,278
00032815.jpg,278
00032816.jpg,278
00032817.jpg,278
00032818.jpg,278
00032819.jpg,278
00032820.jpg,278
00032821.jpg,278
00032822.jpg,278
00032823.jpg,278
00032824.jpg,278
00032825.jpg,278
00032826.jpg,278
00032827.jpg,278
00032828.jpg,278
00032829.jpg,278
00032830.jpg,278
00032831.jpg,278
00032832.jpg,278
00032833.jpg,278
00032834.jpg,278
00032835.jpg,278
00032836.jpg,278
00032837.jpg,278
00032838.jpg,278
00032839.jpg,278
00032840.jpg,278
00032841.jpg,278
00032842.jpg,278
00032843.jpg,278
00032844.jpg,278
00032845.jpg,278
00032846.jpg,278
00032847.jpg,278
00032848.jpg,278
00032849.jpg,278
00032850.jpg,278
00032851.jpg,278
00032852.jpg,278
00032853.jpg,278
00032854.jpg,278
00032855.jpg,278
00032856.jpg,278
00032857.jpg,278
00032858.jpg,278
00032859.jpg,278
00032860.jpg,278
00032861.jpg,278
00032862.jpg,278
00032863.jpg,278
00032864.jpg,278
00032865.jpg,278
00032866.jpg,278
00032867.jpg,278
00032868.jpg,278
00032869.jpg,278
00032870.jpg,278
00032871.jpg,278
00032872.jpg,278
00032873.jpg,278
00032874.jpg,278
00032875.jpg,278
00032876.jpg,278
00032877.jpg,278
00032878.jpg,278
00032879.jpg,278
00032880.jpg,278
00032881.jpg,278
00032882.jpg,278
00032883.jpg,278
00032884.jpg,278
00032885.jpg,279
00032886.jpg,279
00032887.jpg,279
00032888.jpg,279
00032889.jpg,279
00032890.jpg,279
00032891.jpg,279
00032892.jpg,279
00032893.jpg,279
00032894.jpg,279
00032895.jpg,279
00032896.jpg,279
00032897.jpg,279
00032898.jpg,279
00032899.jpg,279
00032900.jpg,279
00032901.jpg,279
00032902.jpg,279
00032903.jpg,279
00032904.jpg,279
00032905.jpg,279
00032906.jpg,279
00032907.jpg,279
00032908.jpg,279
00032909.jpg,279
00032910.jpg,279
00032911.jpg,279
00032912.jpg,279
00032913.jpg,279
00032914.jpg,279
00032915.jpg,279
00032916.jpg,279
00032917.jpg,279
00032918.jpg,279
00032919.jpg,279
00032920.jpg,279
00032921.jpg,279
00032922.jpg,279
00032923.jpg,279
00032924.jpg,279
00032925.jpg,279
00032926.jpg,279
00032927.jpg,279
00032928.jpg,279
00032929.jpg,279
00032930.jpg,279
00032931.jpg,279
00032932.jpg,279
00032933.jpg,279
00032934.jpg,279
00032935.jpg,279
00032936.jpg,279
00032937.jpg,279
00032938.jpg,279
00032939.jpg,279
00032940.jpg,279
00032941.jpg,279
00032942.jpg,279
00032943.jpg,279
00032944.jpg,279
00032945.jpg,279
00032946.jpg,279
00032947.jpg,279
00032948.jpg,279
00032949.jpg,279
00032950.jpg,279
00032951.jpg,279
00032952.jpg,279
00032953.jpg,279
00032954.jpg,279
00032955.jpg,279
00032956.jpg,279
00032957.jpg,279
00032958.jpg,279
00032959.jpg,279
00032960.jpg,279
00032961.jpg,279
00032962.jpg,279
00032963.jpg,279
00032964.jpg,279
00032965.jpg,279
00032966.jpg,279
00032967.jpg,279
00032968.jpg,279
00032969.jpg,279
00032970.jpg,279
00032971.jpg,279
00032972.jpg,279
00032973.jpg,279
00032974.jpg,279
00032975.jpg,279
00032976.jpg,279
00032977.jpg,279
00032978.jpg,279
00032979.jpg,279
00032980.jpg,279
00032981.jpg,279
00032982.jpg,279
00032983.jpg,279
00032984.jpg,279
00032985.jpg,279
00032986.jpg,279
00032987.jpg,279
00032988.jpg,279
00032989.jpg,279
00032990.jpg,279
00032991.jpg,279
00032992.jpg,279
00032993.jpg,279
00032994.jpg,279
00032995.jpg,279
00032996.jpg,279
00032997.jpg,279
00032998.jpg,279
00032999.jpg,279
00033000.jpg,279
00033001.jpg,279
00033002.jpg,280
00033003.jpg,280
00033004.jpg,280
00033005.jpg,280
00033006.jpg,280
00033007.jpg,280
00033008.jpg,280
00033009.jpg,280
00033010.jpg,280
00033011.jpg,280
00033012.jpg,280
00033013.jpg,280
00033014.jpg,280
00033015.jpg,280
00033016.jpg,280
00033017.jpg,280
00033018.jpg,280
00033019.jpg,280
00033020.jpg,280
00033021.jpg,280
00033022.jpg,280
00033023.jpg,280
00033024.jpg,280
00033025.jpg,280
00033026.jpg,280
00033027.jpg,280
00033028.jpg,280
00033029.jpg,280
00033030.jpg,280
00033031.jpg,280
00033032.jpg,280
00033033.jpg,280
00033034.jpg,280
00033035.jpg,280
00033036.jpg,280
00033037.jpg,280
00033038.jpg,280
00033039.jpg,280
00033040.jpg,280
00033041.jpg,280
00033042.jpg,280
00033043.jpg,280
00033044.jpg,280
00033045.jpg,280
00033046.jpg,280
00033047.jpg,280
00033048.jpg,280
00033049.jpg,280
00033050.jpg,280
00033051.jpg,280
00033052.jpg,280
00033053.jpg,280
00033054.jpg,280
00033055.jpg,280
00033056.jpg,280
00033057.jpg,280
00033058.jpg,280
00033059.jpg,280
00033060.jpg,280
00033061.jpg,280
00033062.jpg,280
00033063.jpg,280
00033064.jpg,280
00033065.jpg,280
00033066.jpg,280
00033067.jpg,280
00033068.jpg,280
00033069.jpg,280
00033070.jpg,280
00033071.jpg,280
00033072.jpg,280
00033073.jpg,280
00033074.jpg,280
00033075.jpg,280
00033076.jpg,280
00033077.jpg,280
00033078.jpg,280
00033079.jpg,280
00033080.jpg,280
00033081.jpg,280
00033082.jpg,280
00033083.jpg,280
00033084.jpg,280
00033085.jpg,280
00033086.jpg,280
00033087.jpg,280
00033088.jpg,280
00033089.jpg,280
00033090.jpg,280
00033091.jpg,280
00033092.jpg,280
00033093.jpg,280
00033094.jpg,280
00033095.jpg,280
00033096.jpg,280
00033097.jpg,280
00033098.jpg,280
00033099.jpg,280
00033100.jpg,280
00033101.jpg,280
00033102.jpg,280
00033103.jpg,280
00033104.jpg,280
00033105.jpg,280
00033106.jpg,280
00033107.jpg,280
00033108.jpg,280
00033109.jpg,280
00033110.jpg,280
00033111.jpg,280
00033112.jpg,280
00033113.jpg,280
00033114.jpg,280
00033115.jpg,280
00033116.jpg,280
00033117.jpg,280
00033118.jpg,280
00033119.jpg,281
00033120.jpg,281
00033121.jpg,281
00033122.jpg,281
00033123.jpg,281
00033124.jpg,281
00033125.jpg,281
00033126.jpg,281
00033127.jpg,281
00033128.jpg,281
00033129.jpg,281
00033130.jpg,281
00033131.jpg,281
00033132.jpg,281
00033133.jpg,281
00033134.jpg,281
00033135.jpg,281
00033136.jpg,281
00033137.jpg,281
00033138.jpg,281
00033139.jpg,281
00033140.jpg,281
00033141.jpg,281
00033142.jpg,281
00033143.jpg,281
00033144.jpg,281
00033145.jpg,281
00033146.jpg,281
00033147.jpg,281
00033148.jpg,281
00033149.jpg,281
00033150.jpg,281
00033151.jpg,281
00033152.jpg,281
00033153.jpg,281
00033154.jpg,281
00033155.jpg,281
00033156.jpg,281
00033157.jpg,281
00033158.jpg,281
00033159.jpg,281
00033160.jpg,281
00033161.jpg,281
00033162.jpg,281
00033163.jpg,281
00033164.jpg,281
00033165.jpg,281
00033166.jpg,281
00033167.jpg,281
00033168.jpg,281
00033169.jpg,281
00033170.jpg,281
00033171.jpg,281
00033172.jpg,281
00033173.jpg,281
00033174.jpg,281
00033175.jpg,281
00033176.jpg,281
00033177.jpg,281
00033178.jpg,281
00033179.jpg,281
00033180.jpg,281
00033181.jpg,281
00033182.jpg,281
00033183.jpg,281
00033184.jpg,281
00033185.jpg,281
00033186.jpg,281
00033187.jpg,281
00033188.jpg,281
00033189.jpg,281
00033190.jpg,281
00033191.jpg,281
00033192.jpg,281
00033193.jpg,281
00033194.jpg,281
00033195.jpg,281
00033196.jpg,281
00033197.jpg,281
00033198.jpg,281
00033199.jpg,281
00033200.jpg,281
00033201.jpg,281
00033202.jpg,281
00033203.jpg,281
00033204.jpg,281
00033205.jpg,281
00033206.jpg,281
00033207.jpg,281
00033208.jpg,281
00033209.jpg,281
00033210.jpg,281
00033211.jpg,281
00033212.jpg,281
00033213.jpg,281
00033214.jpg,281
00033215.jpg,281
00033216.jpg,281
00033217.jpg,281
00033218.jpg,281
00033219.jpg,281
00033220.jpg,281
00033221.jpg,281
00033222.jpg,281
00033223.jpg,281
00033224.jpg,281
00033225.jpg,281
00033226.jpg,281
00033227.jpg,281
00033228.jpg,281
00033229.jpg,281
00033230.jpg,281
00033231.jpg,281
00033232.jpg,281
00033233.jpg,281
00033234.jpg,281
00033235.jpg,281
00033236.jpg,282
00033237.jpg,282
00033238.jpg,282
00033239.jpg,282
00033240.jpg,282
00033241.jpg,282
00033242.jpg,282
00033243.jpg,282
00033244.jpg,282
00033245.jpg,282
00033246.jpg,282
00033247.jpg,282
00033248.jpg,282
00033249.jpg,282
00033250.jpg,282
00033251.jpg,282
00033252.jpg,282
00033253.jpg,282
00033254.jpg,282
00033255.jpg,282
00033256.jpg,282
00033257.jpg,282
00033258.jpg,282
00033259.jpg,282
00033260.jpg,282
00033261.jpg,282
00033262.jpg,282
00033263.jpg,282
00033264.jpg,282
00033265.jpg,282
00033266.jpg,282
00033267.jpg,282
00033268.jpg,282
00033269.jpg,282
00033270.jpg,282
00033271.jpg,282
00033272.jpg,282
00033273.jpg,282
00033274.jpg,282
00033275.jpg,282
00033276.jpg,282
00033277.jpg,282
00033278.jpg,282
00033279.jpg,282
00033280.jpg,282
00033281.jpg,282
00033282.jpg,282
00033283.jpg,282
00033284.jpg,282
00033285.jpg,282
00033286.jpg,282
00033287.jpg,282
00033288.jpg,282
00033289.jpg,282
00033290.jpg,282
00033291.jpg,282
00033292.jpg,282
00033293.jpg,282
00033294.jpg,282
00033295.jpg,282
00033296.jpg,282
00033297.jpg,282
00033298.jpg,282
00033299.jpg,282
00033300.jpg,282
00033301.jpg,282
00033302.jpg,282
00033303.jpg,282
00033304.jpg,282
00033305.jpg,282
00033306.jpg,282
00033307.jpg,282
00033308.jpg,282
00033309.jpg,282
00033310.jpg,282
00033311.jpg,282
00033312.jpg,282
00033313.jpg,282
00033314.jpg,282
00033315.jpg,282
00033316.jpg,282
00033317.jpg,282
00033318.jpg,282
00033319.jpg,282
00033320.jpg,282
00033321.jpg,282
00033322.jpg,282
00033323.jpg,282
00033324.jpg,282
00033325.jpg,282
00033326.jpg,282
00033327.jpg,282
00033328.jpg,282
00033329.jpg,282
00033330.jpg,282
00033331.jpg,282
00033332.jpg,282
00033333.jpg,282
00033334.jpg,282
00033335.jpg,282
00033336.jpg,282
00033337.jpg,282
00033338.jpg,282
00033339.jpg,282
00033340.jpg,282
00033341.jpg,282
00033342.jpg,282
00033343.jpg,282
00033344.jpg,282
00033345.jpg,282
00033346.jpg,282
00033347.jpg,282
00033348.jpg,282
00033349.jpg,282
00033350.jpg,282
00033351.jpg,282
00033352.jpg,282
00033353.jpg,283
00033354.jpg,283
00033355.jpg,283
00033356.jpg,283
00033357.jpg,283
00033358.jpg,283
00033359.jpg,283
00033360.jpg,283
00033361.jpg,283
00033362.jpg,283
00033363.jpg,283
00033364.jpg,283
00033365.jpg,283
00033366.jpg,283
00033367.jpg,283
00033368.jpg,283
00033369.jpg,283
00033370.jpg,283
00033371.jpg,283
00033372.jpg,283
00033373.jpg,283
00033374.jpg,283
00033375.jpg,283
00033376.jpg,283
00033377.jpg,283
00033378.jpg,283
00033379.jpg,283
00033380.jpg,283
00033381.jpg,283
00033382.jpg,283
00033383.jpg,283
00033384.jpg,283
00033385.jpg,283
00033386.jpg,283
00033387.jpg,283
00033388.jpg,283
00033389.jpg,283
00033390.jpg,283
00033391.jpg,283
00033392.jpg,283
00033393.jpg,283
00033394.jpg,283
00033395.jpg,283
00033396.jpg,283
00033397.jpg,283
00033398.jpg,283
00033399.jpg,283
00033400.jpg,283
00033401.jpg,283
00033402.jpg,283
00033403.jpg,283
00033404.jpg,283
00033405.jpg,283
00033406.jpg,283
00033407.jpg,283
00033408.jpg,283
00033409.jpg,283
00033410.jpg,283
00033411.jpg,283
00033412.jpg,283
00033413.jpg,283
00033414.jpg,283
00033415.jpg,283
00033416.jpg,283
00033417.jpg,283
00033418.jpg,283
00033419.jpg,283
00033420.jpg,283
00033421.jpg,283
00033422.jpg,283
00033423.jpg,283
00033424.jpg,283
00033425.jpg,283
00033426.jpg,283
00033427.jpg,283
00033428.jpg,283
00033429.jpg,283
00033430.jpg,283
00033431.jpg,283
00033432.jpg,283
00033433.jpg,283
00033434.jpg,283
00033435.jpg,283
00033436.jpg,283
00033437.jpg,283
00033438.jpg,283
00033439.jpg,283
00033440.jpg,283
00033441.jpg,283
00033442.jpg,283
00033443.jpg,283
00033444.jpg,283
00033445.jpg,283
00033446.jpg,283
00033447.jpg,283
00033448.jpg,283
00033449.jpg,283
00033450.jpg,283
00033451.jpg,283
00033452.jpg,283
00033453.jpg,283
00033454.jpg,283
00033455.jpg,283
00033456.jpg,283
00033457.jpg,283
00033458.jpg,283
00033459.jpg,283
00033460.jpg,283
00033461.jpg,283
00033462.jpg,283
00033463.jpg,283
00033464.jpg,283
00033465.jpg,283
00033466.jpg,283
00033467.jpg,283
00033468.jpg,283
00033469.jpg,283
00033470.jpg,284
00033471.jpg,284
00033472.jpg,284
00033473.jpg,284
00033474.jpg,284
00033475.jpg,284
00033476.jpg,284
00033477.jpg,284
00033478.jpg,284
00033479.jpg,284
00033480.jpg,284
00033481.jpg,284
00033482.jpg,284
00033483.jpg,284
00033484.jpg,284
00033485.jpg,284
00033486.jpg,284
00033487.jpg,284
00033488.jpg,284
00033489.jpg,284
00033490.jpg,284
00033491.jpg,284
00033492.jpg,284
00033493.jpg,284
00033494.jpg,284
00033495.jpg,284
00033496.jpg,284
00033497.jpg,284
00033498.jpg,284
00033499.jpg,284
00033500.jpg,284
00033501.jpg,284
00033502.jpg,284
00033503.jpg,284
00033504.jpg,284
00033505.jpg,284
00033506.jpg,284
00033507.jpg,284
00033508.jpg,284
00033509.jpg,284
00033510.jpg,284
00033511.jpg,284
00033512.jpg,284
00033513.jpg,284
00033514.jpg,284
00033515.jpg,284
00033516.jpg,284
00033517.jpg,284
00033518.jpg,284
00033519.jpg,284
00033520.jpg,284
00033521.jpg,284
00033522.jpg,284
00033523.jpg,284
00033524.jpg,284
00033525.jpg,284
00033526.jpg,284
00033527.jpg,284
00033528.jpg,284
00033529.jpg,284
00033530.jpg,284
00033531.jpg,284
00033532.jpg,284
00033533.jpg,284
00033534.jpg,284
00033535.jpg,284
00033536.jpg,284
00033537.jpg,284
00033538.jpg,284
00033539.jpg,284
00033540.jpg,284
00033541.jpg,284
00033542.jpg,284
00033543.jpg,284
00033544.jpg,284
00033545.jpg,284
00033546.jpg,284
00033547.jpg,284
00033548.jpg,284
00033549.jpg,284
00033550.jpg,284
00033551.jpg,284
00033552.jpg,284
00033553.jpg,284
00033554.jpg,284
00033555.jpg,284
00033556.jpg,284
00033557.jpg,284
00033558.jpg,284
00033559.jpg,284
00033560.jpg,284
00033561.jpg,284
00033562.jpg,284
00033563.jpg,284
00033564.jpg,284
00033565.jpg,284
00033566.jpg,284
00033567.jpg,284
00033568.jpg,284
00033569.jpg,284
00033570.jpg,284
00033571.jpg,284
00033572.jpg,284
00033573.jpg,284
00033574.jpg,284
00033575.jpg,284
00033576.jpg,284
00033577.jpg,284
00033578.jpg,284
00033579.jpg,284
00033580.jpg,284
00033581.jpg,284
00033582.jpg,284
00033583.jpg,284
00033584.jpg,284
00033585.jpg,284
00033586.jpg,284
00033587.jpg,285
00033588.jpg,285
00033589.jpg,285
00033590.jpg,285
00033591.jpg,285
00033592.jpg,285
00033593.jpg,285
00033594.jpg,285
00033595.jpg,285
00033596.jpg,285
00033597.jpg,285
00033598.jpg,285
00033599.jpg,285
00033600.jpg,285
00033601.jpg,285
00033602.jpg,285
00033603.jpg,285
00033604.jpg,285
00033605.jpg,285
00033606.jpg,285
00033607.jpg,285
00033608.jpg,285
00033609.jpg,285
00033610.jpg,285
00033611.jpg,285
00033612.jpg,285
00033613.jpg,285
00033614.jpg,285
00033615.jpg,285
00033616.jpg,285
00033617.jpg,285
00033618.jpg,285
00033619.jpg,285
00033620.jpg,285
00033621.jpg,285
00033622.jpg,285
00033623.jpg,285
00033624.jpg,285
00033625.jpg,285
00033626.jpg,285
00033627.jpg,285
00033628.jpg,285
00033629.jpg,285
00033630.jpg,285
00033631.jpg,285
00033632.jpg,285
00033633.jpg,285
00033634.jpg,285
00033635.jpg,285
00033636.jpg,285
00033637.jpg,285
00033638.jpg,285
00033639.jpg,285
00033640.jpg,285
00033641.jpg,285
00033642.jpg,285
00033643.jpg,285
00033644.jpg,285
00033645.jpg,285
00033646.jpg,285
00033647.jpg,285
00033648.jpg,285
00033649.jpg,285
00033650.jpg,285
00033651.jpg,285
00033652.jpg,285
00033653.jpg,285
00033654.jpg,285
00033655.jpg,285
00033656.jpg,285
00033657.jpg,285
00033658.jpg,285
00033659.jpg,285
00033660.jpg,285
00033661.jpg,285
00033662.jpg,285
00033663.jpg,285
00033664.jpg,285
00033665.jpg,285
00033666.jpg,285
00033667.jpg,285
00033668.jpg,285
00033669.jpg,285
00033670.jpg,285
00033671.jpg,285
00033672.jpg,285
00033673.jpg,285
00033674.jpg,285
00033675.jpg,285
00033676.jpg,285
00033677.jpg,285
00033678.jpg,285
00033679.jpg,285
00033680.jpg,285
00033681.jpg,285
00033682.jpg,285
00033683.jpg,285
00033684.jpg,285
00033685.jpg,285
00033686.jpg,285
00033687.jpg,285
00033688.jpg,285
00033689.jpg,285
00033690.jpg,285
00033691.jpg,285
00033692.jpg,285
00033693.jpg,285
00033694.jpg,285
00033695.jpg,285
00033696.jpg,285
00033697.jpg,285
00033698.jpg,285
00033699.jpg,285
00033700.jpg,285
00033701.jpg,285
00033702.jpg,285
00033703.jpg,285
00033704.jpg,286
00033705.jpg,286
00033706.jpg,286
00033707.jpg,286
00033708.jpg,286
00033709.jpg,286
00033710.jpg,286
00033711.jpg,286
00033712.jpg,286
00033713.jpg,286
00033714.jpg,286
00033715.jpg,286
00033716.jpg,286
00033717.jpg,286
00033718.jpg,286
00033719.jpg,286
00033720.jpg,286
00033721.jpg,286
00033722.jpg,286
00033723.jpg,286
00033724.jpg,286
00033725.jpg,286
00033726.jpg,286
00033727.jpg,286
00033728.jpg,286
00033729.jpg,286
00033730.jpg,286
00033731.jpg,286
00033732.jpg,286
00033733.jpg,286
00033734.jpg,286
00033735.jpg,286
00033736.jpg,286
00033737.jpg,286
00033738.jpg,286
00033739.jpg,286
00033740.jpg,286
00033741.jpg,286
00033742.jpg,286
00033743.jpg,286
00033744.jpg,286
00033745.jpg,286
00033746.jpg,286
00033747.jpg,286
00033748.jpg,286
00033749.jpg,286
00033750.jpg,286
00033751.jpg,286
00033752.jpg,286
00033753.jpg,286
00033754.jpg,286
00033755.jpg,286
00033756.jpg,286
00033757.jpg,286
00033758.jpg,286
00033759.jpg,286
00033760.jpg,286
00033761.jpg,286
00033762.jpg,286
00033763.jpg,286
00033764.jpg,286
00033765.jpg,286
00033766.jpg,286
00033767.jpg,286
00033768.jpg,286
00033769.jpg,286
00033770.jpg,286
00033771.jpg,286
00033772.jpg,286
00033773.jpg,286
00033774.jpg,286
00033775.jpg,286
00033776.jpg,286
00033777.jpg,286
00033778.jpg,286
00033779.jpg,286
00033780.jpg,286
00033781.jpg,286
00033782.jpg,286
00033783.jpg,286
00033784.jpg,286
00033785.jpg,286
00033786.jpg,286
00033787.jpg,286
00033788.jpg,286
00033789.jpg,286
00033790.jpg,286
00033791.jpg,286
00033792.jpg,286
00033793.jpg,286
00033794.jpg,286
00033795.jpg,286
00033796.jpg,286
00033797.jpg,286
00033798.jpg,286
00033799.jpg,286
00033800.jpg,286
00033801.jpg,286
00033802.jpg,286
00033803.jpg,286
00033804.jpg,286
00033805.jpg,286
00033806.jpg,286
00033807.jpg,286
00033808.jpg,286
00033809.jpg,286
00033810.jpg,286
00033811.jpg,286
00033812.jpg,286
00033813.jpg,286
00033814.jpg,286
00033815.jpg,286
00033816.jpg,286
00033817.jpg,286
00033818.jpg,286
00033819.jpg,286
00033820.jpg,286
00033821.jpg,287
00033822.jpg,287
00033823.jpg,287
00033824.jpg,287
00033825.jpg,287
00033826.jpg,287
00033827.jpg,287
00033828.jpg,287
00033829.jpg,287
00033830.jpg,287
00033831.jpg,287
00033832.jpg,287
00033833.jpg,287
00033834.jpg,287
00033835.jpg,287
00033836.jpg,287
00033837.jpg,287
00033838.jpg,287
00033839.jpg,287
00033840.jpg,287
00033841.jpg,287
00033842.jpg,287
00033843.jpg,287
00033844.jpg,287
00033845.jpg,287
00033846.jpg,287
00033847.jpg,287
00033848.jpg,287
00033849.jpg,287
00033850.jpg,287
00033851.jpg,287
00033852.jpg,287
00033853.jpg,287
00033854.jpg,287
00033855.jpg,287
00033856.jpg,287
00033857.jpg,287
00033858.jpg,287
00033859.jpg,287
00033860.jpg,287
00033861.jpg,287
00033862.jpg,287
00033863.jpg,287
00033864.jpg,287
00033865.jpg,287
00033866.jpg,287
00033867.jpg,287
00033868.jpg,287
00033869.jpg,287
00033870.jpg,287
00033871.jpg,287
00033872.jpg,287
00033873.jpg,287
00033874.jpg,287
00033875.jpg,287
00033876.jpg,287
00033877.jpg,287
00033878.jpg,287
00033879.jpg,287
00033880.jpg,287
00033881.jpg,287
00033882.jpg,287
00033883.jpg,287
00033884.jpg,287
00033885.jpg,287
00033886.jpg,287
00033887.jpg,287
00033888.jpg,287
00033889.jpg,287
00033890.jpg,287
00033891.jpg,287
00033892.jpg,287
00033893.jpg,287
00033894.jpg,287
00033895.jpg,287
00033896.jpg,287
00033897.jpg,287
00033898.jpg,287
00033899.jpg,287
00033900.jpg,287
00033901.jpg,287
00033902.jpg,287
00033903.jpg,287
00033904.jpg,287
00033905.jpg,287
00033906.jpg,287
00033907.jpg,287
00033908.jpg,287
00033909.jpg,287
00033910.jpg,287
00033911.jpg,287
00033912.jpg,287
00033913.jpg,287
00033914.jpg,287
00033915.jpg,287
00033916.jpg,287
00033917.jpg,287
00033918.jpg,287
00033919.jpg,287
00033920.jpg,287
00033921.jpg,287
00033922.jpg,287
00033923.jpg,287
00033924.jpg,287
00033925.jpg,287
00033926.jpg,287
00033927.jpg,287
00033928.jpg,287
00033929.jpg,287
00033930.jpg,287
00033931.jpg,287
00033932.jpg,287
00033933.jpg,287
00033934.jpg,287
00033935.jpg,287
00033936.jpg,287
00033937.jpg,287
00033938.jpg,288
00033939.jpg,288
00033940.jpg,288
00033941.jpg,288
00033942.jpg,288
00033943.jpg,288
00033944.jpg,288
00033945.jpg,288
00033946.jpg,288
00033947.jpg,288
00033948.jpg,288
00033949.jpg,288
00033950.jpg,288
00033951.jpg,288
00033952.jpg,288
00033953.jpg,288
00033954.jpg,288
00033955.jpg,288
00033956.jpg,288
00033957.jpg,288
00033958.jpg,288
00033959.jpg,288
00033960.jpg,288
00033961.jpg,288
00033962.jpg,288
00033963.jpg,288
00033964.jpg,288
00033965.jpg,288
00033966.jpg,288
00033967.jpg,288
00033968.jpg,288
00033969.jpg,288
00033970.jpg,288
00033971.jpg,288
00033972.jpg,288
00033973.jpg,288
00033974.jpg,288
00033975.jpg,288
00033976.jpg,288
00033977.jpg,288
00033978.jpg,288
00033979.jpg,288
00033980.jpg,288
00033981.jpg,288
00033982.jpg,288
00033983.jpg,288
00033984.jpg,288
00033985.jpg,288
00033986.jpg,288
00033987.jpg,288
00033988.jpg,288
00033989.jpg,288
00033990.jpg,288
00033991.jpg,288
00033992.jpg,288
00033993.jpg,288
00033994.jpg,288
00033995.jpg,288
00033996.jpg,288
00033997.jpg,288
00033998.jpg,288
00033999.jpg,288
00034000.jpg,288
00034001.jpg,288
00034002.jpg,288
00034003.jpg,288
00034004.jpg,288
00034005.jpg,288
00034006.jpg,288
00034007.jpg,288
00034008.jpg,288
00034009.jpg,288
00034010.jpg,288
00034011.jpg,288
00034012.jpg,288
00034013.jpg,288
00034014.jpg,288
00034015.jpg,288
00034016.jpg,288
00034017.jpg,288
00034018.jpg,288
00034019.jpg,288
00034020.jpg,288
00034021.jpg,288
00034022.jpg,288
00034023.jpg,288
00034024.jpg,288
00034025.jpg,288
00034026.jpg,288
00034027.jpg,288
00034028.jpg,288
00034029.jpg,288
00034030.jpg,288
00034031.jpg,288
00034032.jpg,288
00034033.jpg,288
00034034.jpg,288
00034035.jpg,288
00034036.jpg,288
00034037.jpg,288
00034038.jpg,288
00034039.jpg,288
00034040.jpg,288
00034041.jpg,288
00034042.jpg,288
00034043.jpg,288
00034044.jpg,288
00034045.jpg,288
00034046.jpg,288
00034047.jpg,288
00034048.jpg,288
00034049.jpg,288
00034050.jpg,288
00034051.jpg,288
00034052.jpg,288
00034053.jpg,288
00034054.jpg,288
00034055.jpg,289
00034056.jpg,289
00034057.jpg,289
00034058.jpg,289
00034059.jpg,289
00034060.jpg,289
00034061.jpg,289
00034062.jpg,289
00034063.jpg,289
00034064.jpg,289
00034065.jpg,289
00034066.jpg,289
00034067.jpg,289
00034068.jpg,289
00034069.jpg,289
00034070.jpg,289
00034071.jpg,289
00034072.jpg,289
00034073.jpg,289
00034074.jpg,289
00034075.jpg,289
00034076.jpg,289
00034077.jpg,289
00034078.jpg,289
00034079.jpg,289
00034080.jpg,289
00034081.jpg,289
00034082.jpg,289
00034083.jpg,289
00034084.jpg,289
00034085.jpg,289
00034086.jpg,289
00034087.jpg,289
00034088.jpg,289
00034089.jpg,289
00034090.jpg,289
00034091.jpg,289
00034092.jpg,289
00034093.jpg,289
00034094.jpg,289
00034095.jpg,289
00034096.jpg,289
00034097.jpg,289
00034098.jpg,289
00034099.jpg,289
00034100.jpg,289
00034101.jpg,289
00034102.jpg,289
00034103.jpg,289
00034104.jpg,289
00034105.jpg,289
00034106.jpg,289
00034107.jpg,289
00034108.jpg,289
00034109.jpg,289
00034110.jpg,289
00034111.jpg,289
00034112.jpg,289
00034113.jpg,289
00034114.jpg,289
00034115.jpg,289
00034116.jpg,289
00034117.jpg,289
00034118.jpg,289
00034119.jpg,289
00034120.jpg,289
00034121.jpg,289
00034122.jpg,289
00034123.jpg,289
00034124.jpg,289
00034125.jpg,289
00034126.jpg,289
00034127.jpg,289
00034128.jpg,289
00034129.jpg,289
00034130.jpg,289
00034131.jpg,289
00034132.jpg,289
00034133.jpg,289
00034134.jpg,289
00034135.jpg,289
00034136.jpg,289
00034137.jpg,289
00034138.jpg,289
00034139.jpg,289
00034140.jpg,289
00034141.jpg,289
00034142.jpg,289
00034143.jpg,289
00034144.jpg,289
00034145.jpg,289
00034146.jpg,289
00034147.jpg,289
00034148.jpg,289
00034149.jpg,289
00034150.jpg,289
00034151.jpg,289
00034152.jpg,289
00034153.jpg,289
00034154.jpg,289
00034155.jpg,289
00034156.jpg,289
00034157.jpg,289
00034158.jpg,289
00034159.jpg,289
00034160.jpg,289
00034161.jpg,289
00034162.jpg,289
00034163.jpg,289
00034164.jpg,289
00034165.jpg,289
00034166.jpg,289
00034167.jpg,289
00034168.jpg,289
00034169.jpg,289
00034170.jpg,289
00034171.jpg,289
00034172.jpg,290
00034173.jpg,290
00034174.jpg,290
00034175.jpg,290
00034176.jpg,290
00034177.jpg,290
00034178.jpg,290
00034179.jpg,290
00034180.jpg,290
00034181.jpg,290
00034182.jpg,290
00034183.jpg,290
00034184.jpg,290
00034185.jpg,290
00034186.jpg,290
00034187.jpg,290
00034188.jpg,290
00034189.jpg,290
00034190.jpg,290
00034191.jpg,290
00034192.jpg,290
00034193.jpg,290
00034194.jpg,290
00034195.jpg,290
00034196.jpg,290
00034197.jpg,290
00034198.jpg,290
00034199.jpg,290
00034200.jpg,290
00034201.jpg,290
00034202.jpg,290
00034203.jpg,290
00034204.jpg,290
00034205.jpg,290
00034206.jpg,290
00034207.jpg,290
00034208.jpg,290
00034209.jpg,290
00034210.jpg,290
00034211.jpg,290
00034212.jpg,290
00034213.jpg,290
00034214.jpg,290
00034215.jpg,290
00034216.jpg,290
00034217.jpg,290
00034218.jpg,290
00034219.jpg,290
00034220.jpg,290
00034221.jpg,290
00034222.jpg,290
00034223.jpg,290
00034224.jpg,290
00034225.jpg,290
00034226.jpg,290
00034227.jpg,290
00034228.jpg,290
00034229.jpg,290
00034230.jpg,290
00034231.jpg,290
00034232.jpg,290
00034233.jpg,290
00034234.jpg,290
00034235.jpg,290
00034236.jpg,290
00034237.jpg,290
00034238.jpg,290
00034239.jpg,290
00034240.jpg,290
00034241.jpg,290
00034242.jpg,290
00034243.jpg,290
00034244.jpg,290
00034245.jpg,290
00034246.jpg,290
00034247.jpg,290
00034248.jpg,290
00034249.jpg,290
00034250.jpg,290
00034251.jpg,290
00034252.jpg,290
00034253.jpg,290
00034254.jpg,290
00034255.jpg,290
00034256.jpg,290
00034257.jpg,290
00034258.jpg,290
00034259.jpg,290
00034260.jpg,290
00034261.jpg,290
00034262.jpg,290
00034263.jpg,290
00034264.jpg,290
00034265.jpg,290
00034266.jpg,290
00034267.jpg,290
00034268.jpg,290
00034269.jpg,290
00034270.jpg,290
00034271.jpg,290
00034272.jpg,290
00034273.jpg,290
00034274.jpg,290
00034275.jpg,290
00034276.jpg,290
00034277.jpg,290
00034278.jpg,290
00034279.jpg,290
00034280.jpg,290
00034281.jpg,290
00034282.jpg,290
00034283.jpg,290
00034284.jpg,290
00034285.jpg,290
00034286.jpg,290
00034287.jpg,290
00034288.jpg,290
00034289.jpg,291
00034290.jpg,291
00034291.jpg,291
00034292.jpg,291
00034293.jpg,291
00034294.jpg,291
00034295.jpg,291
00034296.jpg,291
00034297.jpg,291
00034298.jpg,291
00034299.jpg,291
00034300.jpg,291
00034301.jpg,291
00034302.jpg,291
00034303.jpg,291
00034304.jpg,291
00034305.jpg,291
00034306.jpg,291
00034307.jpg,291
00034308.jpg,291
00034309.jpg,291
00034310.jpg,291
00034311.jpg,291
00034312.jpg,291
00034313.jpg,291
00034314.jpg,291
00034315.jpg,291
00034316.jpg,291
00034317.jpg,291
00034318.jpg,291
00034319.jpg,291
00034320.jpg,291
00034321.jpg,291
00034322.jpg,291
00034323.jpg,291
00034324.jpg,291
00034325.jpg,291
00034326.jpg,291
00034327.jpg,291
00034328.jpg,291
00034329.jpg,291
00034330.jpg,291
00034331.jpg,291
00034332.jpg,291
00034333.jpg,291
00034334.jpg,291
00034335.jpg,291
00034336.jpg,291
00034337.jpg,291
00034338.jpg,291
00034339.jpg,291
00034340.jpg,291
00034341.jpg,291
00034342.jpg,291
00034343.jpg,291
00034344.jpg,291
00034345.jpg,291
00034346.jpg,291
00034347.jpg,291
00034348.jpg,291
00034349.jpg,291
00034350.jpg,291
00034351.jpg,291
00034352.jpg,291
00034353.jpg,291
00034354.jpg,291
00034355.jpg,291
00034356.jpg,291
00034357.jpg,291
00034358.jpg,291
00034359.jpg,291
00034360.jpg,291
00034361.jpg,291
00034362.jpg,291
00034363.jpg,291
00034364.jpg,291
00034365.jpg,291
00034366.jpg,291
00034367.jpg,291
00034368.jpg,291
00034369.jpg,291
00034370.jpg,291
00034371.jpg,291
00034372.jpg,291
00034373.jpg,291
00034374.jpg,291
00034375.jpg,291
00034376.jpg,291
00034377.jpg,291
00034378.jpg,291
00034379.jpg,291
00034380.jpg,291
00034381.jpg,291
00034382.jpg,291
00034383.jpg,291
00034384.jpg,291
00034385.jpg,291
00034386.jpg,291
00034387.jpg,291
00034388.jpg,291
00034389.jpg,291
00034390.jpg,291
00034391.jpg,291
00034392.jpg,291
00034393.jpg,291
00034394.jpg,291
00034395.jpg,291
00034396.jpg,291
00034397.jpg,291
00034398.jpg,291
00034399.jpg,291
00034400.jpg,291
00034401.jpg,291
00034402.jpg,291
00034403.jpg,291
00034404.jpg,291
00034405.jpg,291
00034406.jpg,292
00034407.jpg,292
00034408.jpg,292
00034409.jpg,292
00034410.jpg,292
00034411.jpg,292
00034412.jpg,292
00034413.jpg,292
00034414.jpg,292
00034415.jpg,292
00034416.jpg,292
00034417.jpg,292
00034418.jpg,292
00034419.jpg,292
00034420.jpg,292
00034421.jpg,292
00034422.jpg,292
00034423.jpg,292
00034424.jpg,292
00034425.jpg,292
00034426.jpg,292
00034427.jpg,292
00034428.jpg,292
00034429.jpg,292
00034430.jpg,292
00034431.jpg,292
00034432.jpg,292
00034433.jpg,292
00034434.jpg,292
00034435.jpg,292
00034436.jpg,292
00034437.jpg,292
00034438.jpg,292
00034439.jpg,292
00034440.jpg,292
00034441.jpg,292
00034442.jpg,292
00034443.jpg,292
00034444.jpg,292
00034445.jpg,292
00034446.jpg,292
00034447.jpg,292
00034448.jpg,292
00034449.jpg,292
00034450.jpg,292
00034451.jpg,292
00034452.jpg,292
00034453.jpg,292
00034454.jpg,292
00034455.jpg,292
00034456.jpg,292
00034457.jpg,292
00034458.jpg,292
00034459.jpg,292
00034460.jpg,292
00034461.jpg,292
00034462.jpg,292
00034463.jpg,292
00034464.jpg,292
00034465.jpg,292
00034466.jpg,292
00034467.jpg,292
00034468.jpg,292
00034469.jpg,292
00034470.jpg,292
00034471.jpg,292
00034472.jpg,292
00034473.jpg,292
00034474.jpg,292
00034475.jpg,292
00034476.jpg,292
00034477.jpg,292
00034478.jpg,292
00034479.jpg,292
00034480.jpg,292
00034481.jpg,292
00034482.jpg,292
00034483.jpg,292
00034484.jpg,292
00034485.jpg,292
00034486.jpg,292
00034487.jpg,292
00034488.jpg,292
00034489.jpg,292
00034490.jpg,292
00034491.jpg,292
00034492.jpg,292
00034493.jpg,292
00034494.jpg,292
00034495.jpg,292
00034496.jpg,292
00034497.jpg,292
00034498.jpg,292
00034499.jpg,292
00034500.jpg,292
00034501.jpg,292
00034502.jpg,292
00034503.jpg,292
00034504.jpg,292
00034505.jpg,292
00034506.jpg,292
00034507.jpg,292
00034508.jpg,292
00034509.jpg,292
00034510.jpg,292
00034511.jpg,292
00034512.jpg,292
00034513.jpg,292
00034514.jpg,292
00034515.jpg,292
00034516.jpg,292
00034517.jpg,292
00034518.jpg,292
00034519.jpg,292
00034520.jpg,292
00034521.jpg,292
00034522.jpg,292
00034523.jpg,293
00034524.jpg,293
00034525.jpg,293
00034526.jpg,293
00034527.jpg,293
00034528.jpg,293
00034529.jpg,293
00034530.jpg,293
00034531.jpg,293
00034532.jpg,293
00034533.jpg,293
00034534.jpg,293
00034535.jpg,293
00034536.jpg,293
00034537.jpg,293
00034538.jpg,293
00034539.jpg,293
00034540.jpg,293
00034541.jpg,293
00034542.jpg,293
00034543.jpg,293
00034544.jpg,293
00034545.jpg,293
00034546.jpg,293
00034547.jpg,293
00034548.jpg,293
00034549.jpg,293
00034550.jpg,293
00034551.jpg,293
00034552.jpg,293
00034553.jpg,293
00034554.jpg,293
00034555.jpg,293
00034556.jpg,293
00034557.jpg,293
00034558.jpg,293
00034559.jpg,293
00034560.jpg,293
00034561.jpg,293
00034562.jpg,293
00034563.jpg,293
00034564.jpg,293
00034565.jpg,293
00034566.jpg,293
00034567.jpg,293
00034568.jpg,293
00034569.jpg,293
00034570.jpg,293
00034571.jpg,293
00034572.jpg,293
00034573.jpg,293
00034574.jpg,293
00034575.jpg,293
00034576.jpg,293
00034577.jpg,293
00034578.jpg,293
00034579.jpg,293
00034580.jpg,293
00034581.jpg,293
00034582.jpg,293
00034583.jpg,293
00034584.jpg,293
00034585.jpg,293
00034586.jpg,293
00034587.jpg,293
00034588.jpg,293
00034589.jpg,293
00034590.jpg,293
00034591.jpg,293
00034592.jpg,293
00034593.jpg,293
00034594.jpg,293
00034595.jpg,293
00034596.jpg,293
00034597.jpg,293
00034598.jpg,293
00034599.jpg,293
00034600.jpg,293
00034601.jpg,293
00034602.jpg,293
00034603.jpg,293
00034604.jpg,293
00034605.jpg,293
00034606.jpg,293
00034607.jpg,293
00034608.jpg,293
00034609.jpg,293
00034610.jpg,293
00034611.jpg,293
00034612.jpg,293
00034613.jpg,293
00034614.jpg,293
00034615.jpg,293
00034616.jpg,293
00034617.jpg,293
00034618.jpg,293
00034619.jpg,293
00034620.jpg,293
00034621.jpg,293
00034622.jpg,293
00034623.jpg,293
00034624.jpg,293
00034625.jpg,293
00034626.jpg,293
00034627.jpg,293
00034628.jpg,293
00034629.jpg,293
00034630.jpg,293
00034631.jpg,293
00034632.jpg,293
00034633.jpg,293
00034634.jpg,293
00034635.jpg,293
00034636.jpg,293
00034637.jpg,293
00034638.jpg,293
00034639.jpg,293
00034640.jpg,294
00034641.jpg,294
00034642.jpg,294
00034643.jpg,294
00034644.jpg,294
00034645.jpg,294
00034646.jpg,294
00034647.jpg,294
00034648.jpg,294
00034649.jpg,294
00034650.jpg,294
00034651.jpg,294
00034652.jpg,294
00034653.jpg,294
00034654.jpg,294
00034655.jpg,294
00034656.jpg,294
00034657.jpg,294
00034658.jpg,294
00034659.jpg,294
00034660.jpg,294
00034661.jpg,294
00034662.jpg,294
00034663.jpg,294
00034664.jpg,294
00034665.jpg,294
00034666.jpg,294
00034667.jpg,294
00034668.jpg,294
00034669.jpg,294
00034670.jpg,294
00034671.jpg,294
00034672.jpg,294
00034673.jpg,294
00034674.jpg,294
00034675.jpg,294
00034676.jpg,294
00034677.jpg,294
00034678.jpg,294
00034679.jpg,294
00034680.jpg,294
00034681.jpg,294
00034682.jpg,294
00034683.jpg,294
00034684.jpg,294
00034685.jpg,294
00034686.jpg,294
00034687.jpg,294
00034688.jpg,294
00034689.jpg,294
00034690.jpg,294
00034691.jpg,294
00034692.jpg,294
00034693.jpg,294
00034694.jpg,294
00034695.jpg,294
00034696.jpg,294
00034697.jpg,294
00034698.jpg,294
00034699.jpg,294
00034700.jpg,294
00034701.jpg,294
00034702.jpg,294
00034703.jpg,294
00034704.jpg,294
00034705.jpg,294
00034706.jpg,294
00034707.jpg,294
00034708.jpg,294
00034709.jpg,294
00034710.jpg,294
00034711.jpg,294
00034712.jpg,294
00034713.jpg,294
00034714.jpg,294
00034715.jpg,294
00034716.jpg,294
00034717.jpg,294
00034718.jpg,294
00034719.jpg,294
00034720.jpg,294
00034721.jpg,294
00034722.jpg,294
00034723.jpg,294
00034724.jpg,294
00034725.jpg,294
00034726.jpg,294
00034727.jpg,294
00034728.jpg,294
00034729.jpg,294
00034730.jpg,294
00034731.jpg,294
00034732.jpg,294
00034733.jpg,294
00034734.jpg,294
00034735.jpg,294
00034736.jpg,294
00034737.jpg,294
00034738.jpg,294
00034739.jpg,294
00034740.jpg,294
00034741.jpg,294
00034742.jpg,294
00034743.jpg,294
00034744.jpg,294
00034745.jpg,294
00034746.jpg,294
00034747.jpg,294
00034748.jpg,294
00034749.jpg,294
00034750.jpg,294
00034751.jpg,294
00034752.jpg,294
00034753.jpg,294
00034754.jpg,294
00034755.jpg,294
00034756.jpg,294
00034757.jpg,295
00034758.jpg,295
00034759.jpg,295
00034760.jpg,295
00034761.jpg,295
00034762.jpg,295
00034763.jpg,295
00034764.jpg,295
00034765.jpg,295
00034766.jpg,295
00034767.jpg,295
00034768.jpg,295
00034769.jpg,295
00034770.jpg,295
00034771.jpg,295
00034772.jpg,295
00034773.jpg,295
00034774.jpg,295
00034775.jpg,295
00034776.jpg,295
00034777.jpg,295
00034778.jpg,295
00034779.jpg,295
00034780.jpg,295
00034781.jpg,295
00034782.jpg,295
00034783.jpg,295
00034784.jpg,295
00034785.jpg,295
00034786.jpg,295
00034787.jpg,295
00034788.jpg,295
00034789.jpg,295
00034790.jpg,295
00034791.jpg,295
00034792.jpg,295
00034793.jpg,295
00034794.jpg,295
00034795.jpg,295
00034796.jpg,295
00034797.jpg,295
00034798.jpg,295
00034799.jpg,295
00034800.jpg,295
00034801.jpg,295
00034802.jpg,295
00034803.jpg,295
00034804.jpg,295
00034805.jpg,295
00034806.jpg,295
00034807.jpg,295
00034808.jpg,295
00034809.jpg,295
00034810.jpg,295
00034811.jpg,295
00034812.jpg,295
00034813.jpg,295
00034814.jpg,295
00034815.jpg,295
00034816.jpg,295
00034817.jpg,295
00034818.jpg,295
00034819.jpg,295
00034820.jpg,295
00034821.jpg,295
00034822.jpg,295
00034823.jpg,295
00034824.jpg,295
00034825.jpg,295
00034826.jpg,295
00034827.jpg,295
00034828.jpg,295
00034829.jpg,295
00034830.jpg,295
00034831.jpg,295
00034832.jpg,295
00034833.jpg,295
00034834.jpg,295
00034835.jpg,295
00034836.jpg,295
00034837.jpg,295
00034838.jpg,295
00034839.jpg,295
00034840.jpg,295
00034841.jpg,295
00034842.jpg,295
00034843.jpg,295
00034844.jpg,295
00034845.jpg,295
00034846.jpg,295
00034847.jpg,295
00034848.jpg,295
00034849.jpg,295
00034850.jpg,295
00034851.jpg,295
00034852.jpg,295
00034853.jpg,295
00034854.jpg,295
00034855.jpg,295
00034856.jpg,295
00034857.jpg,295
00034858.jpg,295
00034859.jpg,295
00034860.jpg,295
00034861.jpg,295
00034862.jpg,295
00034863.jpg,295
00034864.jpg,295
00034865.jpg,295
00034866.jpg,295
00034867.jpg,295
00034868.jpg,295
00034869.jpg,295
00034870.jpg,295
00034871.jpg,295
00034872.jpg,295
00034873.jpg,295
00034874.jpg,296
00034875.jpg,296
00034876.jpg,296
00034877.jpg,296
00034878.jpg,296
00034879.jpg,296
00034880.jpg,296
00034881.jpg,296
00034882.jpg,296
00034883.jpg,296
00034884.jpg,296
00034885.jpg,296
00034886.jpg,296
00034887.jpg,296
00034888.jpg,296
00034889.jpg,296
00034890.jpg,296
00034891.jpg,296
00034892.jpg,296
00034893.jpg,296
00034894.jpg,296
00034895.jpg,296
00034896.jpg,296
00034897.jpg,296
00034898.jpg,296
00034899.jpg,296
00034900.jpg,296
00034901.jpg,296
00034902.jpg,296
00034903.jpg,296
00034904.jpg,296
00034905.jpg,296
00034906.jpg,296
00034907.jpg,296
00034908.jpg,296
00034909.jpg,296
00034910.jpg,296
00034911.jpg,296
00034912.jpg,296
00034913.jpg,296
00034914.jpg,296
00034915.jpg,296
00034916.jpg,296
00034917.jpg,296
00034918.jpg,296
00034919.jpg,296
00034920.jpg,296
00034921.jpg,296
00034922.jpg,296
00034923.jpg,296
00034924.jpg,296
00034925.jpg,296
00034926.jpg,296
00034927.jpg,296
00034928.jpg,296
00034929.jpg,296
00034930.jpg,296
00034931.jpg,296
00034932.jpg,296
00034933.jpg,296
00034934.jpg,296
00034935.jpg,296
00034936.jpg,296
00034937.jpg,296
00034938.jpg,296
00034939.jpg,296
00034940.jpg,296
00034941.jpg,296
00034942.jpg,296
00034943.jpg,296
00034944.jpg,296
00034945.jpg,296
00034946.jpg,296
00034947.jpg,296
00034948.jpg,296
00034949.jpg,296
00034950.jpg,296
00034951.jpg,296
00034952.jpg,296
00034953.jpg,296
00034954.jpg,296
00034955.jpg,296
00034956.jpg,296
00034957.jpg,296
00034958.jpg,296
00034959.jpg,296
00034960.jpg,296
00034961.jpg,296
00034962.jpg,296
00034963.jpg,296
00034964.jpg,296
00034965.jpg,296
00034966.jpg,296
00034967.jpg,296
00034968.jpg,296
00034969.jpg,296
00034970.jpg,296
00034971.jpg,296
00034972.jpg,296
00034973.jpg,296
00034974.jpg,296
00034975.jpg,296
00034976.jpg,296
00034977.jpg,296
00034978.jpg,296
00034979.jpg,296
00034980.jpg,296
00034981.jpg,296
00034982.jpg,296
00034983.jpg,296
00034984.jpg,296
00034985.jpg,296
00034986.jpg,296
00034987.jpg,296
00034988.jpg,296
00034989.jpg,296
00034990.jpg,296
00034991.jpg,297
00034992.jpg,297
00034993.jpg,297
00034994.jpg,297
00034995.jpg,297
00034996.jpg,297
00034997.jpg,297
00034998.jpg,297
00034999.jpg,297
00035000.jpg,297
00035001.jpg,297
00035002.jpg,297
00035003.jpg,297
00035004.jpg,297
00035005.jpg,297
00035006.jpg,297
00035007.jpg,297
00035008.jpg,297
00035009.jpg,297
00035010.jpg,297
00035011.jpg,297
00035012.jpg,297
00035013.jpg,297
00035014.jpg,297
00035015.jpg,297
00035016.jpg,297
00035017.jpg,297
00035018.jpg,297
00035019.jpg,297
00035020.jpg,297
00035021.jpg,297
00035022.jpg,297
00035023.jpg,297
00035024.jpg,297
00035025.jpg,297
00035026.jpg,297
00035027.jpg,297
00035028.jpg,297
00035029.jpg,297
00035030.jpg,297
00035031.jpg,297
00035032.jpg,297
00035033.jpg,297
00035034.jpg,297
00035035.jpg,297
00035036.jpg,297
00035037.jpg,297
00035038.jpg,297
00035039.jpg,297
00035040.jpg,297
00035041.jpg,297
00035042.jpg,297
00035043.jpg,297
00035044.jpg,297
00035045.jpg,297
00035046.jpg,297
00035047.jpg,297
00035048.jpg,297
00035049.jpg,297
00035050.jpg,297
00035051.jpg,297
00035052.jpg,297
00035053.jpg,297
00035054.jpg,297
00035055.jpg,297
00035056.jpg,297
00035057.jpg,297
00035058.jpg,297
00035059.jpg,297
00035060.jpg,297
00035061.jpg,297
00035062.jpg,297
00035063.jpg,297
00035064.jpg,297
00035065.jpg,297
00035066.jpg,297
00035067.jpg,297
00035068.jpg,297
00035069.jpg,297
00035070.jpg,297
00035071.jpg,297
00035072.jpg,297
00035073.jpg,297
00035074.jpg,297
00035075.jpg,297
00035076.jpg,297
00035077.jpg,297
00035078.jpg,297
00035079.jpg,297
00035080.jpg,297
00035081.jpg,297
00035082.jpg,297
00035083.jpg,297
00035084.jpg,297
00035085.jpg,297
00035086.jpg,297
00035087.jpg,297
00035088.jpg,297
00035089.jpg,297
00035090.jpg,297
00035091.jpg,297
00035092.jpg,297
00035093.jpg,297
00035094.jpg,297
00035095.jpg,297
00035096.jpg,297
00035097.jpg,297
00035098.jpg,297
00035099.jpg,297
00035100.jpg,297
00035101.jpg,297
00035102.jpg,297
00035103.jpg,297
00035104.jpg,297
00035105.jpg,297
00035106.jpg,297
00035107.jpg,297
00035108.jpg,298
00035109.jpg,298
00035110.jpg,298
00035111.jpg,298
00035112.jpg,298
00035113.jpg,298
00035114.jpg,298
00035115.jpg,298
00035116.jpg,298
00035117.jpg,298
00035118.jpg,298
00035119.jpg,298
00035120.jpg,298
00035121.jpg,298
00035122.jpg,298
00035123.jpg,298
00035124.jpg,298
00035125.jpg,298
00035126.jpg,298
00035127.jpg,298
00035128.jpg,298
00035129.jpg,298
00035130.jpg,298
00035131.jpg,298
00035132.jpg,298
00035133.jpg,298
00035134.jpg,298
00035135.jpg,298
00035136.jpg,298
00035137.jpg,298
00035138.jpg,298
00035139.jpg,298
00035140.jpg,298
00035141.jpg,298
00035142.jpg,298
00035143.jpg,298
00035144.jpg,298
00035145.jpg,298
00035146.jpg,298
00035147.jpg,298
00035148.jpg,298
00035149.jpg,298
00035150.jpg,298
00035151.jpg,298
00035152.jpg,298
00035153.jpg,298
00035154.jpg,298
00035155.jpg,298
00035156.jpg,298
00035157.jpg,298
00035158.jpg,298
00035159.jpg,298
00035160.jpg,298
00035161.jpg,298
00035162.jpg,298
00035163.jpg,298
00035164.jpg,298
00035165.jpg,298
00035166.jpg,298
00035167.jpg,298
00035168.jpg,298
00035169.jpg,298
00035170.jpg,298
00035171.jpg,298
00035172.jpg,298
00035173.jpg,298
00035174.jpg,298
00035175.jpg,298
00035176.jpg,298
00035177.jpg,298
00035178.jpg,298
00035179.jpg,298
00035180.jpg,298
00035181.jpg,298
00035182.jpg,298
00035183.jpg,298
00035184.jpg,298
00035185.jpg,298
00035186.jpg,298
00035187.jpg,298
00035188.jpg,298
00035189.jpg,298
00035190.jpg,298
00035191.jpg,298
00035192.jpg,298
00035193.jpg,298
00035194.jpg,298
00035195.jpg,298
00035196.jpg,298
00035197.jpg,298
00035198.jpg,298
00035199.jpg,298
00035200.jpg,298
00035201.jpg,298
00035202.jpg,298
00035203.jpg,298
00035204.jpg,298
00035205.jpg,298
00035206.jpg,298
00035207.jpg,298
00035208.jpg,298
00035209.jpg,298
00035210.jpg,298
00035211.jpg,298
00035212.jpg,298
00035213.jpg,298
00035214.jpg,298
00035215.jpg,298
00035216.jpg,298
00035217.jpg,298
00035218.jpg,298
00035219.jpg,298
00035220.jpg,298
00035221.jpg,298
00035222.jpg,298
00035223.jpg,298
00035224.jpg,298
00035225.jpg,299
00035226.jpg,299
00035227.jpg,299
00035228.jpg,299
00035229.jpg,299
00035230.jpg,299
00035231.jpg,299
00035232.jpg,299
00035233.jpg,299
00035234.jpg,299
00035235.jpg,299
00035236.jpg,299
00035237.jpg,299
00035238.jpg,299
00035239.jpg,299
00035240.jpg,299
00035241.jpg,299
00035242.jpg,299
00035243.jpg,299
00035244.jpg,299
00035245.jpg,299
00035246.jpg,299
00035247.jpg,299
00035248.jpg,299
00035249.jpg,299
00035250.jpg,299
00035251.jpg,299
00035252.jpg,299
00035253.jpg,299
00035254.jpg,299
00035255.jpg,299
00035256.jpg,299
00035257.jpg,299
00035258.jpg,299
00035259.jpg,299
00035260.jpg,299
00035261.jpg,299
00035262.jpg,299
00035263.jpg,299
00035264.jpg,299
00035265.jpg,299
00035266.jpg,299
00035267.jpg,299
00035268.jpg,299
00035269.jpg,299
00035270.jpg,299
00035271.jpg,299
00035272.jpg,299
00035273.jpg,299
00035274.jpg,299
00035275.jpg,299
00035276.jpg,299
00035277.jpg,299
00035278.jpg,299
00035279.jpg,299
00035280.jpg,299
00035281.jpg,299
00035282.jpg,299
00035283.jpg,299
00035284.jpg,299
00035285.jpg,299
00035286.jpg,299
00035287.jpg,299
00035288.jpg,299
00035289.jpg,299
00035290.jpg,299
00035291.jpg,299
00035292.jpg,299
00035293.jpg,299
00035294.jpg,299
00035295.jpg,299
00035296.jpg,299
00035297.jpg,299
00035298.jpg,299
00035299.jpg,299
00035300.jpg,299
00035301.jpg,299
00035302.jpg,299
00035303.jpg,299
00035304.jpg,299
00035305.jpg,299
00035306.jpg,299
00035307.jpg,299
00035308.jpg,299
00035309.jpg,299
00035310.jpg,299
00035311.jpg,299
00035312.jpg,299
00035313.jpg,299
00035314.jpg,299
00035315.jpg,299
00035316.jpg,299
00035317.jpg,299
00035318.jpg,299
00035319.jpg,299
00035320.jpg,299
00035321.jpg,299
00035322.jpg,299
00035323.jpg,299
00035324.jpg,299
00035325.jpg,299
00035326.jpg,299
00035327.jpg,299
00035328.jpg,299
00035329.jpg,299
00035330.jpg,299
00035331.jpg,299
00035332.jpg,299
00035333.jpg,299
00035334.jpg,299
00035335.jpg,299
00035336.jpg,299
00035337.jpg,299
00035338.jpg,299
00035339.jpg,299
00035340.jpg,299
00035341.jpg,299
00035342.jpg,300
00035343.jpg,300
00035344.jpg,300
00035345.jpg,300
00035346.jpg,300
00035347.jpg,300
00035348.jpg,300
00035349.jpg,300
00035350.jpg,300
00035351.jpg,300
00035352.jpg,300
00035353.jpg,300
00035354.jpg,300
00035355.jpg,300
00035356.jpg,300
00035357.jpg,300
00035358.jpg,300
00035359.jpg,300
00035360.jpg,300
00035361.jpg,300
00035362.jpg,300
00035363.jpg,300
00035364.jpg,300
00035365.jpg,300
00035366.jpg,300
00035367.jpg,300
00035368.jpg,300
00035369.jpg,300
00035370.jpg,300
00035371.jpg,300
00035372.jpg,300
00035373.jpg,300
00035374.jpg,300
00035375.jpg,300
00035376.jpg,300
00035377.jpg,300
00035378.jpg,300
00035379.jpg,300
00035380.jpg,300
00035381.jpg,300
00035382.jpg,300
00035383.jpg,300
00035384.jpg,300
00035385.jpg,300
00035386.jpg,300
00035387.jpg,300
00035388.jpg,300
00035389.jpg,300
00035390.jpg,300
00035391.jpg,300
00035392.jpg,300
00035393.jpg,300
00035394.jpg,300
00035395.jpg,300
00035396.jpg,300
00035397.jpg,300
00035398.jpg,300
00035399.jpg,300
00035400.jpg,300
00035401.jpg,300
00035402.jpg,300
00035403.jpg,300
00035404.jpg,300
00035405.jpg,300
00035406.jpg,300
00035407.jpg,300
00035408.jpg,300
00035409.jpg,300
00035410.jpg,300
00035411.jpg,300
00035412.jpg,300
00035413.jpg,300
00035414.jpg,300
00035415.jpg,300
00035416.jpg,300
00035417.jpg,300
00035418.jpg,300
00035419.jpg,300
00035420.jpg,300
00035421.jpg,300
00035422.jpg,300
00035423.jpg,300
00035424.jpg,300
00035425.jpg,300
00035426.jpg,300
00035427.jpg,300
00035428.jpg,300
00035429.jpg,300
00035430.jpg,300
00035431.jpg,300
00035432.jpg,300
00035433.jpg,300
00035434.jpg,300
00035435.jpg,300
00035436.jpg,300
00035437.jpg,300
00035438.jpg,300
00035439.jpg,300
00035440.jpg,300
00035441.jpg,300
00035442.jpg,300
00035443.jpg,300
00035444.jpg,300
00035445.jpg,300
00035446.jpg,300
00035447.jpg,300
00035448.jpg,300
00035449.jpg,300
00035450.jpg,300
00035451.jpg,300
00035452.jpg,300
00035453.jpg,300
00035454.jpg,300
00035455.jpg,300
00035456.jpg,300
00035457.jpg,300
00035458.jpg,300
00035459.jpg,301
00035460.jpg,301
00035461.jpg,301
00035462.jpg,301
00035463.jpg,301
00035464.jpg,301
00035465.jpg,301
00035466.jpg,301
00035467.jpg,301
00035468.jpg,301
00035469.jpg,301
00035470.jpg,301
00035471.jpg,301
00035472.jpg,301
00035473.jpg,301
00035474.jpg,301
00035475.jpg,301
00035476.jpg,301
00035477.jpg,301
00035478.jpg,301
00035479.jpg,301
00035480.jpg,301
00035481.jpg,301
00035482.jpg,301
00035483.jpg,301
00035484.jpg,301
00035485.jpg,301
00035486.jpg,301
00035487.jpg,301
00035488.jpg,301
00035489.jpg,301
00035490.jpg,301
00035491.jpg,301
00035492.jpg,301
00035493.jpg,301
00035494.jpg,301
00035495.jpg,301
00035496.jpg,301
00035497.jpg,301
00035498.jpg,301
00035499.jpg,301
00035500.jpg,301
00035501.jpg,301
00035502.jpg,301
00035503.jpg,301
00035504.jpg,301
00035505.jpg,301
00035506.jpg,301
00035507.jpg,301
00035508.jpg,301
00035509.jpg,301
00035510.jpg,301
00035511.jpg,301
00035512.jpg,301
00035513.jpg,301
00035514.jpg,301
00035515.jpg,301
00035516.jpg,301
00035517.jpg,301
00035518.jpg,301
00035519.jpg,301
00035520.jpg,301
00035521.jpg,301
00035522.jpg,301
00035523.jpg,301
00035524.jpg,301
00035525.jpg,301
00035526.jpg,301
00035527.jpg,301
00035528.jpg,301
00035529.jpg,301
00035530.jpg,301
00035531.jpg,301
00035532.jpg,301
00035533.jpg,301
00035534.jpg,301
00035535.jpg,301
00035536.jpg,301
00035537.jpg,301
00035538.jpg,301
00035539.jpg,301
00035540.jpg,301
00035541.jpg,301
00035542.jpg,301
00035543.jpg,301
00035544.jpg,301
00035545.jpg,301
00035546.jpg,301
00035547.jpg,301
00035548.jpg,301
00035549.jpg,301
00035550.jpg,301
00035551.jpg,301
00035552.jpg,301
00035553.jpg,301
00035554.jpg,301
00035555.jpg,301
00035556.jpg,301
00035557.jpg,301
00035558.jpg,301
00035559.jpg,301
00035560.jpg,301
00035561.jpg,301
00035562.jpg,301
00035563.jpg,301
00035564.jpg,301
00035565.jpg,301
00035566.jpg,301
00035567.jpg,301
00035568.jpg,301
00035569.jpg,301
00035570.jpg,301
00035571.jpg,301
00035572.jpg,301
00035573.jpg,301
00035574.jpg,301
00035575.jpg,301
00035576.jpg,302
00035577.jpg,302
00035578.jpg,302
00035579.jpg,302
00035580.jpg,302
00035581.jpg,302
00035582.jpg,302
00035583.jpg,302
00035584.jpg,302
00035585.jpg,302
00035586.jpg,302
00035587.jpg,302
00035588.jpg,302
00035589.jpg,302
00035590.jpg,302
00035591.jpg,302
00035592.jpg,302
00035593.jpg,302
00035594.jpg,302
00035595.jpg,302
00035596.jpg,302
00035597.jpg,302
00035598.jpg,302
00035599.jpg,302
00035600.jpg,302
00035601.jpg,302
00035602.jpg,302
00035603.jpg,302
00035604.jpg,302
00035605.jpg,302
00035606.jpg,302
00035607.jpg,302
00035608.jpg,302
00035609.jpg,302
00035610.jpg,302
00035611.jpg,302
00035612.jpg,302
00035613.jpg,302
00035614.jpg,302
00035615.jpg,302
00035616.jpg,302
00035617.jpg,302
00035618.jpg,302
00035619.jpg,302
00035620.jpg,302
00035621.jpg,302
00035622.jpg,302
00035623.jpg,302
00035624.jpg,302
00035625.jpg,302
00035626.jpg,302
00035627.jpg,302
00035628.jpg,302
00035629.jpg,302
00035630.jpg,302
00035631.jpg,302
00035632.jpg,302
00035633.jpg,302
00035634.jpg,302
00035635.jpg,302
00035636.jpg,302
00035637.jpg,302
00035638.jpg,302
00035639.jpg,302
00035640.jpg,302
00035641.jpg,302
00035642.jpg,302
00035643.jpg,302
00035644.jpg,302
00035645.jpg,302
00035646.jpg,302
00035647.jpg,302
00035648.jpg,302
00035649.jpg,302
00035650.jpg,302
00035651.jpg,302
00035652.jpg,302
00035653.jpg,302
00035654.jpg,302
00035655.jpg,302
00035656.jpg,302
00035657.jpg,302
00035658.jpg,302
00035659.jpg,302
00035660.jpg,302
00035661.jpg,302
00035662.jpg,302
00035663.jpg,302
00035664.jpg,302
00035665.jpg,302
00035666.jpg,302
00035667.jpg,302
00035668.jpg,302
00035669.jpg,302
00035670.jpg,302
00035671.jpg,302
00035672.jpg,302
00035673.jpg,302
00035674.jpg,302
00035675.jpg,302
00035676.jpg,302
00035677.jpg,302
00035678.jpg,302
00035679.jpg,302
00035680.jpg,302
00035681.jpg,302
00035682.jpg,302
00035683.jpg,302
00035684.jpg,302
00035685.jpg,302
00035686.jpg,302
00035687.jpg,302
00035688.jpg,302
00035689.jpg,302
00035690.jpg,302
00035691.jpg,302
00035692.jpg,302
00035693.jpg,303
00035694.jpg,303
00035695.jpg,303
00035696.jpg,303
00035697.jpg,303
00035698.jpg,303
00035699.jpg,303
00035700.jpg,303
00035701.jpg,303
00035702.jpg,303
00035703.jpg,303
00035704.jpg,303
00035705.jpg,303
00035706.jpg,303
00035707.jpg,303
00035708.jpg,303
00035709.jpg,303
00035710.jpg,303
00035711.jpg,303
00035712.jpg,303
00035713.jpg,303
00035714.jpg,303
00035715.jpg,303
00035716.jpg,303
00035717.jpg,303
00035718.jpg,303
00035719.jpg,303
00035720.jpg,303
00035721.jpg,303
00035722.jpg,303
00035723.jpg,303
00035724.jpg,303
00035725.jpg,303
00035726.jpg,303
00035727.jpg,303
00035728.jpg,303
00035729.jpg,303
00035730.jpg,303
00035731.jpg,303
00035732.jpg,303
00035733.jpg,303
00035734.jpg,303
00035735.jpg,303
00035736.jpg,303
00035737.jpg,303
00035738.jpg,303
00035739.jpg,303
00035740.jpg,303
00035741.jpg,303
00035742.jpg,303
00035743.jpg,303
00035744.jpg,303
00035745.jpg,303
00035746.jpg,303
00035747.jpg,303
00035748.jpg,303
00035749.jpg,303
00035750.jpg,303
00035751.jpg,303
00035752.jpg,303
00035753.jpg,303
00035754.jpg,303
00035755.jpg,303
00035756.jpg,303
00035757.jpg,303
00035758.jpg,303
00035759.jpg,303
00035760.jpg,303
00035761.jpg,303
00035762.jpg,303
00035763.jpg,303
00035764.jpg,303
00035765.jpg,303
00035766.jpg,303
00035767.jpg,303
00035768.jpg,303
00035769.jpg,303
00035770.jpg,303
00035771.jpg,303
00035772.jpg,303
00035773.jpg,303
00035774.jpg,303
00035775.jpg,303
00035776.jpg,303
00035777.jpg,303
00035778.jpg,303
00035779.jpg,303
00035780.jpg,303
00035781.jpg,303
00035782.jpg,303
00035783.jpg,303
00035784.jpg,303
00035785.jpg,303
00035786.jpg,303
00035787.jpg,303
00035788.jpg,303
00035789.jpg,303
00035790.jpg,303
00035791.jpg,303
00035792.jpg,303
00035793.jpg,303
00035794.jpg,303
00035795.jpg,303
00035796.jpg,303
00035797.jpg,303
00035798.jpg,303
00035799.jpg,303
00035800.jpg,303
00035801.jpg,303
00035802.jpg,303
00035803.jpg,303
00035804.jpg,303
00035805.jpg,303
00035806.jpg,303
00035807.jpg,303
00035808.jpg,303
00035809.jpg,303
00035810.jpg,304
00035811.jpg,304
00035812.jpg,304
00035813.jpg,304
00035814.jpg,304
00035815.jpg,304
00035816.jpg,304
00035817.jpg,304
00035818.jpg,304
00035819.jpg,304
00035820.jpg,304
00035821.jpg,304
00035822.jpg,304
00035823.jpg,304
00035824.jpg,304
00035825.jpg,304
00035826.jpg,304
00035827.jpg,304
00035828.jpg,304
00035829.jpg,304
00035830.jpg,304
00035831.jpg,304
00035832.jpg,304
00035833.jpg,304
00035834.jpg,304
00035835.jpg,304
00035836.jpg,304
00035837.jpg,304
00035838.jpg,304
00035839.jpg,304
00035840.jpg,304
00035841.jpg,304
00035842.jpg,304
00035843.jpg,304
00035844.jpg,304
00035845.jpg,304
00035846.jpg,304
00035847.jpg,304
00035848.jpg,304
00035849.jpg,304
00035850.jpg,304
00035851.jpg,304
00035852.jpg,304
00035853.jpg,304
00035854.jpg,304
00035855.jpg,304
00035856.jpg,304
00035857.jpg,304
00035858.jpg,304
00035859.jpg,304
00035860.jpg,304
00035861.jpg,304
00035862.jpg,304
00035863.jpg,304
00035864.jpg,304
00035865.jpg,304
00035866.jpg,304
00035867.jpg,304
00035868.jpg,304
00035869.jpg,304
00035870.jpg,304
00035871.jpg,304
00035872.jpg,304
00035873.jpg,304
00035874.jpg,304
00035875.jpg,304
00035876.jpg,304
00035877.jpg,304
00035878.jpg,304
00035879.jpg,304
00035880.jpg,304
00035881.jpg,304
00035882.jpg,304
00035883.jpg,304
00035884.jpg,304
00035885.jpg,304
00035886.jpg,304
00035887.jpg,304
00035888.jpg,304
00035889.jpg,304
00035890.jpg,304
00035891.jpg,304
00035892.jpg,304
00035893.jpg,304
00035894.jpg,304
00035895.jpg,304
00035896.jpg,304
00035897.jpg,304
00035898.jpg,304
00035899.jpg,304
00035900.jpg,304
00035901.jpg,304
00035902.jpg,304
00035903.jpg,304
00035904.jpg,304
00035905.jpg,304
00035906.jpg,304
00035907.jpg,304
00035908.jpg,304
00035909.jpg,304
00035910.jpg,304
00035911.jpg,304
00035912.jpg,304
00035913.jpg,304
00035914.jpg,304
00035915.jpg,304
00035916.jpg,304
00035917.jpg,304
00035918.jpg,304
00035919.jpg,304
00035920.jpg,304
00035921.jpg,304
00035922.jpg,304
00035923.jpg,304
00035924.jpg,304
00035925.jpg,304
00035926.jpg,304
00035927.jpg,305
00035928.jpg,305
00035929.jpg,305
00035930.jpg,305
00035931.jpg,305
00035932.jpg,305
00035933.jpg,305
00035934.jpg,305
00035935.jpg,305
00035936.jpg,305
00035937.jpg,305
00035938.jpg,305
00035939.jpg,305
00035940.jpg,305
00035941.jpg,305
00035942.jpg,305
00035943.jpg,305
00035944.jpg,305
00035945.jpg,305
00035946.jpg,305
00035947.jpg,305
00035948.jpg,305
00035949.jpg,305
00035950.jpg,305
00035951.jpg,305
00035952.jpg,305
00035953.jpg,305
00035954.jpg,305
00035955.jpg,305
00035956.jpg,305
00035957.jpg,305
00035958.jpg,305
00035959.jpg,305
00035960.jpg,305
00035961.jpg,305
00035962.jpg,305
00035963.jpg,305
00035964.jpg,305
00035965.jpg,305
00035966.jpg,305
00035967.jpg,305
00035968.jpg,305
00035969.jpg,305
00035970.jpg,305
00035971.jpg,305
00035972.jpg,305
00035973.jpg,305
00035974.jpg,305
00035975.jpg,305
00035976.jpg,305
00035977.jpg,305
00035978.jpg,305
00035979.jpg,305
00035980.jpg,305
00035981.jpg,305
00035982.jpg,305
00035983.jpg,305
00035984.jpg,305
00035985.jpg,305
00035986.jpg,305
00035987.jpg,305
00035988.jpg,305
00035989.jpg,305
00035990.jpg,305
00035991.jpg,305
00035992.jpg,305
00035993.jpg,305
00035994.jpg,305
00035995.jpg,305
00035996.jpg,305
00035997.jpg,305
00035998.jpg,305
00035999.jpg,305
00036000.jpg,305
00036001.jpg,305
00036002.jpg,305
00036003.jpg,305
00036004.jpg,305
00036005.jpg,305
00036006.jpg,305
00036007.jpg,305
00036008.jpg,305
00036009.jpg,305
00036010.jpg,305
00036011.jpg,305
00036012.jpg,305
00036013.jpg,305
00036014.jpg,305
00036015.jpg,305
00036016.jpg,305
00036017.jpg,305
00036018.jpg,305
00036019.jpg,305
00036020.jpg,305
00036021.jpg,305
00036022.jpg,305
00036023.jpg,305
00036024.jpg,305
00036025.jpg,305
00036026.jpg,305
00036027.jpg,305
00036028.jpg,305
00036029.jpg,305
00036030.jpg,305
00036031.jpg,305
00036032.jpg,305
00036033.jpg,305
00036034.jpg,305
00036035.jpg,305
00036036.jpg,305
00036037.jpg,305
00036038.jpg,305
00036039.jpg,305
00036040.jpg,305
00036041.jpg,305
00036042.jpg,305
00036043.jpg,305
00036044.jpg,306
00036045.jpg,306
00036046.jpg,306
00036047.jpg,306
00036048.jpg,306
00036049.jpg,306
00036050.jpg,306
00036051.jpg,306
00036052.jpg,306
00036053.jpg,306
00036054.jpg,306
00036055.jpg,306
00036056.jpg,306
00036057.jpg,306
00036058.jpg,306
00036059.jpg,306
00036060.jpg,306
00036061.jpg,306
00036062.jpg,306
00036063.jpg,306
00036064.jpg,306
00036065.jpg,306
00036066.jpg,306
00036067.jpg,306
00036068.jpg,306
00036069.jpg,306
00036070.jpg,306
00036071.jpg,306
00036072.jpg,306
00036073.jpg,306
00036074.jpg,306
00036075.jpg,306
00036076.jpg,306
00036077.jpg,306
00036078.jpg,306
00036079.jpg,306
00036080.jpg,306
00036081.jpg,306
00036082.jpg,306
00036083.jpg,306
00036084.jpg,306
00036085.jpg,306
00036086.jpg,306
00036087.jpg,306
00036088.jpg,306
00036089.jpg,306
00036090.jpg,306
00036091.jpg,306
00036092.jpg,306
00036093.jpg,306
00036094.jpg,306
00036095.jpg,306
00036096.jpg,306
00036097.jpg,306
00036098.jpg,306
00036099.jpg,306
00036100.jpg,306
00036101.jpg,306
00036102.jpg,306
00036103.jpg,306
00036104.jpg,306
00036105.jpg,306
00036106.jpg,306
00036107.jpg,306
00036108.jpg,306
00036109.jpg,306
00036110.jpg,306
00036111.jpg,306
00036112.jpg,306
00036113.jpg,306
00036114.jpg,306
00036115.jpg,306
00036116.jpg,306
00036117.jpg,306
00036118.jpg,306
00036119.jpg,306
00036120.jpg,306
00036121.jpg,306
00036122.jpg,306
00036123.jpg,306
00036124.jpg,306
00036125.jpg,306
00036126.jpg,306
00036127.jpg,306
00036128.jpg,306
00036129.jpg,306
00036130.jpg,306
00036131.jpg,306
00036132.jpg,306
00036133.jpg,306
00036134.jpg,306
00036135.jpg,306
00036136.jpg,306
00036137.jpg,306
00036138.jpg,306
00036139.jpg,306
00036140.jpg,306
00036141.jpg,306
00036142.jpg,306
00036143.jpg,306
00036144.jpg,306
00036145.jpg,306
00036146.jpg,306
00036147.jpg,306
00036148.jpg,306
00036149.jpg,306
00036150.jpg,306
00036151.jpg,306
00036152.jpg,306
00036153.jpg,306
00036154.jpg,306
00036155.jpg,306
00036156.jpg,306
00036157.jpg,306
00036158.jpg,306
00036159.jpg,306
00036160.jpg,306
00036161.jpg,307
00036162.jpg,307
00036163.jpg,307
00036164.jpg,307
00036165.jpg,307
00036166.jpg,307
00036167.jpg,307
00036168.jpg,307
00036169.jpg,307
00036170.jpg,307
00036171.jpg,307
00036172.jpg,307
00036173.jpg,307
00036174.jpg,307
00036175.jpg,307
00036176.jpg,307
00036177.jpg,307
00036178.jpg,307
00036179.jpg,307
00036180.jpg,307
00036181.jpg,307
00036182.jpg,307
00036183.jpg,307
00036184.jpg,307
00036185.jpg,307
00036186.jpg,307
00036187.jpg,307
00036188.jpg,307
00036189.jpg,307
00036190.jpg,307
00036191.jpg,307
00036192.jpg,307
00036193.jpg,307
00036194.jpg,307
00036195.jpg,307
00036196.jpg,307
00036197.jpg,307
00036198.jpg,307
00036199.jpg,307
00036200.jpg,307
00036201.jpg,307
00036202.jpg,307
00036203.jpg,307
00036204.jpg,307
00036205.jpg,307
00036206.jpg,307
00036207.jpg,307
00036208.jpg,307
00036209.jpg,307
00036210.jpg,307
00036211.jpg,307
00036212.jpg,307
00036213.jpg,307
00036214.jpg,307
00036215.jpg,307
00036216.jpg,307
00036217.jpg,307
00036218.jpg,307
00036219.jpg,307
00036220.jpg,307
00036221.jpg,307
00036222.jpg,307
00036223.jpg,307
00036224.jpg,307
00036225.jpg,307
00036226.jpg,307
00036227.jpg,307
00036228.jpg,307
00036229.jpg,307
00036230.jpg,307
00036231.jpg,307
00036232.jpg,307
00036233.jpg,307
00036234.jpg,307
00036235.jpg,307
00036236.jpg,307
00036237.jpg,307
00036238.jpg,307
00036239.jpg,307
00036240.jpg,307
00036241.jpg,307
00036242.jpg,307
00036243.jpg,307
00036244.jpg,307
00036245.jpg,307
00036246.jpg,307
00036247.jpg,307
00036248.jpg,307
00036249.jpg,307
00036250.jpg,307
00036251.jpg,307
00036252.jpg,307
00036253.jpg,307
00036254.jpg,307
00036255.jpg,307
00036256.jpg,307
00036257.jpg,307
00036258.jpg,307
00036259.jpg,307
00036260.jpg,307
00036261.jpg,307
00036262.jpg,307
00036263.jpg,307
00036264.jpg,307
00036265.jpg,307
00036266.jpg,307
00036267.jpg,307
00036268.jpg,307
00036269.jpg,307
00036270.jpg,307
00036271.jpg,307
00036272.jpg,307
00036273.jpg,307
00036274.jpg,307
00036275.jpg,307
00036276.jpg,307
00036277.jpg,307
00036278.jpg,308
00036279.jpg,308
00036280.jpg,308
00036281.jpg,308
00036282.jpg,308
00036283.jpg,308
00036284.jpg,308
00036285.jpg,308
00036286.jpg,308
00036287.jpg,308
00036288.jpg,308
00036289.jpg,308
00036290.jpg,308
00036291.jpg,308
00036292.jpg,308
00036293.jpg,308
00036294.jpg,308
00036295.jpg,308
00036296.jpg,308
00036297.jpg,308
00036298.jpg,308
00036299.jpg,308
00036300.jpg,308
00036301.jpg,308
00036302.jpg,308
00036303.jpg,308
00036304.jpg,308
00036305.jpg,308
00036306.jpg,308
00036307.jpg,308
00036308.jpg,308
00036309.jpg,308
00036310.jpg,308
00036311.jpg,308
00036312.jpg,308
00036313.jpg,308
00036314.jpg,308
00036315.jpg,308
00036316.jpg,308
00036317.jpg,308
00036318.jpg,308
00036319.jpg,308
00036320.jpg,308
00036321.jpg,308
00036322.jpg,308
00036323.jpg,308
00036324.jpg,308
00036325.jpg,308
00036326.jpg,308
00036327.jpg,308
00036328.jpg,308
00036329.jpg,308
00036330.jpg,308
00036331.jpg,308
00036332.jpg,308
00036333.jpg,308
00036334.jpg,308
00036335.jpg,308
00036336.jpg,308
00036337.jpg,308
00036338.jpg,308
00036339.jpg,308
00036340.jpg,308
00036341.jpg,308
00036342.jpg,308
00036343.jpg,308
00036344.jpg,308
00036345.jpg,308
00036346.jpg,308
00036347.jpg,308
00036348.jpg,308
00036349.jpg,308
00036350.jpg,308
00036351.jpg,308
00036352.jpg,308
00036353.jpg,308
00036354.jpg,308
00036355.jpg,308
00036356.jpg,308
00036357.jpg,308
00036358.jpg,308
00036359.jpg,308
00036360.jpg,308
00036361.jpg,308
00036362.jpg,308
00036363.jpg,308
00036364.jpg,308
00036365.jpg,308
00036366.jpg,308
00036367.jpg,308
00036368.jpg,308
00036369.jpg,308
00036370.jpg,308
00036371.jpg,308
00036372.jpg,308
00036373.jpg,308
00036374.jpg,308
00036375.jpg,308
00036376.jpg,308
00036377.jpg,308
00036378.jpg,308
00036379.jpg,308
00036380.jpg,308
00036381.jpg,308
00036382.jpg,308
00036383.jpg,308
00036384.jpg,308
00036385.jpg,308
00036386.jpg,308
00036387.jpg,308
00036388.jpg,308
00036389.jpg,308
00036390.jpg,308
00036391.jpg,308
00036392.jpg,308
00036393.jpg,308
00036394.jpg,308
00036395.jpg,309
00036396.jpg,309
00036397.jpg,309
00036398.jpg,309
00036399.jpg,309
00036400.jpg,309
00036401.jpg,309
00036402.jpg,309
00036403.jpg,309
00036404.jpg,309
00036405.jpg,309
00036406.jpg,309
00036407.jpg,309
00036408.jpg,309
00036409.jpg,309
00036410.jpg,309
00036411.jpg,309
00036412.jpg,309
00036413.jpg,309
00036414.jpg,309
00036415.jpg,309
00036416.jpg,309
00036417.jpg,309
00036418.jpg,309
00036419.jpg,309
00036420.jpg,309
00036421.jpg,309
00036422.jpg,309
00036423.jpg,309
00036424.jpg,309
00036425.jpg,309
00036426.jpg,309
00036427.jpg,309
00036428.jpg,309
00036429.jpg,309
00036430.jpg,309
00036431.jpg,309
00036432.jpg,309
00036433.jpg,309
00036434.jpg,309
00036435.jpg,309
00036436.jpg,309
00036437.jpg,309
00036438.jpg,309
00036439.jpg,309
00036440.jpg,309
00036441.jpg,309
00036442.jpg,309
00036443.jpg,309
00036444.jpg,309
00036445.jpg,309
00036446.jpg,309
00036447.jpg,309
00036448.jpg,309
00036449.jpg,309
00036450.jpg,309
00036451.jpg,309
00036452.jpg,309
00036453.jpg,309
00036454.jpg,309
00036455.jpg,309
00036456.jpg,309
00036457.jpg,309
00036458.jpg,309
00036459.jpg,309
00036460.jpg,309
00036461.jpg,309
00036462.jpg,309
00036463.jpg,309
00036464.jpg,309
00036465.jpg,309
00036466.jpg,309
00036467.jpg,309
00036468.jpg,309
00036469.jpg,309
00036470.jpg,309
00036471.jpg,309
00036472.jpg,309
00036473.jpg,309
00036474.jpg,309
00036475.jpg,309
00036476.jpg,309
00036477.jpg,309
00036478.jpg,309
00036479.jpg,309
00036480.jpg,309
00036481.jpg,309
00036482.jpg,309
00036483.jpg,309
00036484.jpg,309
00036485.jpg,309
00036486.jpg,309
00036487.jpg,309
00036488.jpg,309
00036489.jpg,309
00036490.jpg,309
00036491.jpg,309
00036492.jpg,309
00036493.jpg,309
00036494.jpg,309
00036495.jpg,309
00036496.jpg,309
00036497.jpg,309
00036498.jpg,309
00036499.jpg,309
00036500.jpg,309
00036501.jpg,309
00036502.jpg,309
00036503.jpg,309
00036504.jpg,309
00036505.jpg,309
00036506.jpg,309
00036507.jpg,309
00036508.jpg,309
00036509.jpg,309
00036510.jpg,309
00036511.jpg,309
00036512.jpg,310
00036513.jpg,310
00036514.jpg,310
00036515.jpg,310
00036516.jpg,310
00036517.jpg,310
00036518.jpg,310
00036519.jpg,310
00036520.jpg,310
00036521.jpg,310
00036522.jpg,310
00036523.jpg,310
00036524.jpg,310
00036525.jpg,310
00036526.jpg,310
00036527.jpg,310
00036528.jpg,310
00036529.jpg,310
00036530.jpg,310
00036531.jpg,310
00036532.jpg,310
00036533.jpg,310
00036534.jpg,310
00036535.jpg,310
00036536.jpg,310
00036537.jpg,310
00036538.jpg,310
00036539.jpg,310
00036540.jpg,310
00036541.jpg,310
00036542.jpg,310
00036543.jpg,310
00036544.jpg,310
00036545.jpg,310
00036546.jpg,310
00036547.jpg,310
00036548.jpg,310
00036549.jpg,310
00036550.jpg,310
00036551.jpg,310
00036552.jpg,310
00036553.jpg,310
00036554.jpg,310
00036555.jpg,310
00036556.jpg,310
00036557.jpg,310
00036558.jpg,310
00036559.jpg,310
00036560.jpg,310
00036561.jpg,310
00036562.jpg,310
00036563.jpg,310
00036564.jpg,310
00036565.jpg,310
00036566.jpg,310
00036567.jpg,310
00036568.jpg,310
00036569.jpg,310
00036570.jpg,310
00036571.jpg,310
00036572.jpg,310
00036573.jpg,310
00036574.jpg,310
00036575.jpg,310
00036576.jpg,310
00036577.jpg,310
00036578.jpg,310
00036579.jpg,310
00036580.jpg,310
00036581.jpg,310
00036582.jpg,310
00036583.jpg,310
00036584.jpg,310
00036585.jpg,310
00036586.jpg,310
00036587.jpg,310
00036588.jpg,310
00036589.jpg,310
00036590.jpg,310
00036591.jpg,310
00036592.jpg,310
00036593.jpg,310
00036594.jpg,310
00036595.jpg,310
00036596.jpg,310
00036597.jpg,310
00036598.jpg,310
00036599.jpg,310
00036600.jpg,310
00036601.jpg,310
00036602.jpg,310
00036603.jpg,310
00036604.jpg,310
00036605.jpg,310
00036606.jpg,310
00036607.jpg,310
00036608.jpg,310
00036609.jpg,310
00036610.jpg,310
00036611.jpg,310
00036612.jpg,310
00036613.jpg,310
00036614.jpg,310
00036615.jpg,310
00036616.jpg,310
00036617.jpg,310
00036618.jpg,310
00036619.jpg,310
00036620.jpg,310
00036621.jpg,310
00036622.jpg,310
00036623.jpg,310
00036624.jpg,310
00036625.jpg,310
00036626.jpg,310
00036627.jpg,310
00036628.jpg,310
00036629.jpg,311
00036630.jpg,311
00036631.jpg,311
00036632.jpg,311
00036633.jpg,311
00036634.jpg,311
00036635.jpg,311
00036636.jpg,311
00036637.jpg,311
00036638.jpg,311
00036639.jpg,311
00036640.jpg,311
00036641.jpg,311
00036642.jpg,311
00036643.jpg,311
00036644.jpg,311
00036645.jpg,311
00036646.jpg,311
00036647.jpg,311
00036648.jpg,311
00036649.jpg,311
00036650.jpg,311
00036651.jpg,311
00036652.jpg,311
00036653.jpg,311
00036654.jpg,311
00036655.jpg,311
00036656.jpg,311
00036657.jpg,311
00036658.jpg,311
00036659.jpg,311
00036660.jpg,311
00036661.jpg,311
00036662.jpg,311
00036663.jpg,311
00036664.jpg,311
00036665.jpg,311
00036666.jpg,311
00036667.jpg,311
00036668.jpg,311
00036669.jpg,311
00036670.jpg,311
00036671.jpg,311
00036672.jpg,311
00036673.jpg,311
00036674.jpg,311
00036675.jpg,311
00036676.jpg,311
00036677.jpg,311
00036678.jpg,311
00036679.jpg,311
00036680.jpg,311
00036681.jpg,311
00036682.jpg,311
00036683.jpg,311
00036684.jpg,311
00036685.jpg,311
00036686.jpg,311
00036687.jpg,311
00036688.jpg,311
00036689.jpg,311
00036690.jpg,311
00036691.jpg,311
00036692.jpg,311
00036693.jpg,311
00036694.jpg,311
00036695.jpg,311
00036696.jpg,311
00036697.jpg,311
00036698.jpg,311
00036699.jpg,311
00036700.jpg,311
00036701.jpg,311
00036702.jpg,311
00036703.jpg,311
00036704.jpg,311
00036705.jpg,311
00036706.jpg,311
00036707.jpg,311
00036708.jpg,311
00036709.jpg,311
00036710.jpg,311
00036711.jpg,311
00036712.jpg,311
00036713.jpg,311
00036714.jpg,311
00036715.jpg,311
00036716.jpg,311
00036717.jpg,311
00036718.jpg,311
00036719.jpg,311
00036720.jpg,311
00036721.jpg,311
00036722.jpg,311
00036723.jpg,311
00036724.jpg,311
00036725.jpg,311
00036726.jpg,311
00036727.jpg,311
00036728.jpg,311
00036729.jpg,311
00036730.jpg,311
00036731.jpg,311
00036732.jpg,311
00036733.jpg,311
00036734.jpg,311
00036735.jpg,311
00036736.jpg,311
00036737.jpg,311
00036738.jpg,311
00036739.jpg,311
00036740.jpg,311
00036741.jpg,311
00036742.jpg,311
00036743.jpg,311
00036744.jpg,311
00036745.jpg,311
00036746.jpg,312
00036747.jpg,312
00036748.jpg,312
00036749.jpg,312
00036750.jpg,312
00036751.jpg,312
00036752.jpg,312
00036753.jpg,312
00036754.jpg,312
00036755.jpg,312
00036756.jpg,312
00036757.jpg,312
00036758.jpg,312
00036759.jpg,312
00036760.jpg,312
00036761.jpg,312
00036762.jpg,312
00036763.jpg,312
00036764.jpg,312
00036765.jpg,312
00036766.jpg,312
00036767.jpg,312
00036768.jpg,312
00036769.jpg,312
00036770.jpg,312
00036771.jpg,312
00036772.jpg,312
00036773.jpg,312
00036774.jpg,312
00036775.jpg,312
00036776.jpg,312
00036777.jpg,312
00036778.jpg,312
00036779.jpg,312
00036780.jpg,312
00036781.jpg,312
00036782.jpg,312
00036783.jpg,312
00036784.jpg,312
00036785.jpg,312
00036786.jpg,312
00036787.jpg,312
00036788.jpg,312
00036789.jpg,312
00036790.jpg,312
00036791.jpg,312
00036792.jpg,312
00036793.jpg,312
00036794.jpg,312
00036795.jpg,312
00036796.jpg,312
00036797.jpg,312
00036798.jpg,312
00036799.jpg,312
00036800.jpg,312
00036801.jpg,312
00036802.jpg,312
00036803.jpg,312
00036804.jpg,312
00036805.jpg,312
00036806.jpg,312
00036807.jpg,312
00036808.jpg,312
00036809.jpg,312
00036810.jpg,312
00036811.jpg,312
00036812.jpg,312
00036813.jpg,312
00036814.jpg,312
00036815.jpg,312
00036816.jpg,312
00036817.jpg,312
00036818.jpg,312
00036819.jpg,312
00036820.jpg,312
00036821.jpg,312
00036822.jpg,312
00036823.jpg,312
00036824.jpg,312
00036825.jpg,312
00036826.jpg,312
00036827.jpg,312
00036828.jpg,312
00036829.jpg,312
00036830.jpg,312
00036831.jpg,312
00036832.jpg,312
00036833.jpg,312
00036834.jpg,312
00036835.jpg,312
00036836.jpg,312
00036837.jpg,312
00036838.jpg,312
00036839.jpg,312
00036840.jpg,312
00036841.jpg,312
00036842.jpg,312
00036843.jpg,312
00036844.jpg,312
00036845.jpg,312
00036846.jpg,312
00036847.jpg,312
00036848.jpg,312
00036849.jpg,312
00036850.jpg,312
00036851.jpg,312
00036852.jpg,312
00036853.jpg,312
00036854.jpg,312
00036855.jpg,312
00036856.jpg,312
00036857.jpg,312
00036858.jpg,312
00036859.jpg,312
00036860.jpg,312
00036861.jpg,312
00036862.jpg,312
00036863.jpg,313
00036864.jpg,313
00036865.jpg,313
00036866.jpg,313
00036867.jpg,313
00036868.jpg,313
00036869.jpg,313
00036870.jpg,313
00036871.jpg,313
00036872.jpg,313
00036873.jpg,313
00036874.jpg,313
00036875.jpg,313
00036876.jpg,313
00036877.jpg,313
00036878.jpg,313
00036879.jpg,313
00036880.jpg,313
00036881.jpg,313
00036882.jpg,313
00036883.jpg,313
00036884.jpg,313
00036885.jpg,313
00036886.jpg,313
00036887.jpg,313
00036888.jpg,313
00036889.jpg,313
00036890.jpg,313
00036891.jpg,313
00036892.jpg,313
00036893.jpg,313
00036894.jpg,313
00036895.jpg,313
00036896.jpg,313
00036897.jpg,313
00036898.jpg,313
00036899.jpg,313
00036900.jpg,313
00036901.jpg,313
00036902.jpg,313
00036903.jpg,313
00036904.jpg,313
00036905.jpg,313
00036906.jpg,313
00036907.jpg,313
00036908.jpg,313
00036909.jpg,313
00036910.jpg,313
00036911.jpg,313
00036912.jpg,313
00036913.jpg,313
00036914.jpg,313
00036915.jpg,313
00036916.jpg,313
00036917.jpg,313
00036918.jpg,313
00036919.jpg,313
00036920.jpg,313
00036921.jpg,313
00036922.jpg,313
00036923.jpg,313
00036924.jpg,313
00036925.jpg,313
00036926.jpg,313
00036927.jpg,313
00036928.jpg,313
00036929.jpg,313
00036930.jpg,313
00036931.jpg,313
00036932.jpg,313
00036933.jpg,313
00036934.jpg,313
00036935.jpg,313
00036936.jpg,313
00036937.jpg,313
00036938.jpg,313
00036939.jpg,313
00036940.jpg,313
00036941.jpg,313
00036942.jpg,313
00036943.jpg,313
00036944.jpg,313
00036945.jpg,313
00036946.jpg,313
00036947.jpg,313
00036948.jpg,313
00036949.jpg,313
00036950.jpg,313
00036951.jpg,313
00036952.jpg,313
00036953.jpg,313
00036954.jpg,313
00036955.jpg,313
00036956.jpg,313
00036957.jpg,313
00036958.jpg,313
00036959.jpg,313
00036960.jpg,313
00036961.jpg,313
00036962.jpg,313
00036963.jpg,313
00036964.jpg,313
00036965.jpg,313
00036966.jpg,313
00036967.jpg,313
00036968.jpg,313
00036969.jpg,313
00036970.jpg,313
00036971.jpg,313
00036972.jpg,313
00036973.jpg,313
00036974.jpg,313
00036975.jpg,313
00036976.jpg,313
00036977.jpg,313
00036978.jpg,313
00036979.jpg,313
00036980.jpg,314
00036981.jpg,314
00036982.jpg,314
00036983.jpg,314
00036984.jpg,314
00036985.jpg,314
00036986.jpg,314
00036987.jpg,314
00036988.jpg,314
00036989.jpg,314
00036990.jpg,314
00036991.jpg,314
00036992.jpg,314
00036993.jpg,314
00036994.jpg,314
00036995.jpg,314
00036996.jpg,314
00036997.jpg,314
00036998.jpg,314
00036999.jpg,314
00037000.jpg,314
00037001.jpg,314
00037002.jpg,314
00037003.jpg,314
00037004.jpg,314
00037005.jpg,314
00037006.jpg,314
00037007.jpg,314
00037008.jpg,314
00037009.jpg,314
00037010.jpg,314
00037011.jpg,314
00037012.jpg,314
00037013.jpg,314
00037014.jpg,314
00037015.jpg,314
00037016.jpg,314
00037017.jpg,314
00037018.jpg,314
00037019.jpg,314
00037020.jpg,314
00037021.jpg,314
00037022.jpg,314
00037023.jpg,314
00037024.jpg,314
00037025.jpg,314
00037026.jpg,314
00037027.jpg,314
00037028.jpg,314
00037029.jpg,314
00037030.jpg,314
00037031.jpg,314
00037032.jpg,314
00037033.jpg,314
00037034.jpg,314
00037035.jpg,314
00037036.jpg,314
00037037.jpg,314
00037038.jpg,314
00037039.jpg,314
00037040.jpg,314
00037041.jpg,314
00037042.jpg,314
00037043.jpg,314
00037044.jpg,314
00037045.jpg,314
00037046.jpg,314
00037047.jpg,314
00037048.jpg,314
00037049.jpg,314
00037050.jpg,314
00037051.jpg,314
00037052.jpg,314
00037053.jpg,314
00037054.jpg,314
00037055.jpg,314
00037056.jpg,314
00037057.jpg,314
00037058.jpg,314
00037059.jpg,314
00037060.jpg,314
00037061.jpg,314
00037062.jpg,314
00037063.jpg,314
00037064.jpg,314
00037065.jpg,314
00037066.jpg,314
00037067.jpg,314
00037068.jpg,314
00037069.jpg,314
00037070.jpg,314
00037071.jpg,314
00037072.jpg,314
00037073.jpg,314
00037074.jpg,314
00037075.jpg,314
00037076.jpg,314
00037077.jpg,314
00037078.jpg,314
00037079.jpg,314
00037080.jpg,314
00037081.jpg,314
00037082.jpg,314
00037083.jpg,314
00037084.jpg,314
00037085.jpg,314
00037086.jpg,314
00037087.jpg,314
00037088.jpg,314
00037089.jpg,314
00037090.jpg,314
00037091.jpg,314
00037092.jpg,314
00037093.jpg,314
00037094.jpg,314
00037095.jpg,314
00037096.jpg,314
00037097.jpg,315
00037098.jpg,315
00037099.jpg,315
00037100.jpg,315
00037101.jpg,315
00037102.jpg,315
00037103.jpg,315
00037104.jpg,315
00037105.jpg,315
00037106.jpg,315
00037107.jpg,315
00037108.jpg,315
00037109.jpg,315
00037110.jpg,315
00037111.jpg,315
00037112.jpg,315
00037113.jpg,315
00037114.jpg,315
00037115.jpg,315
00037116.jpg,315
00037117.jpg,315
00037118.jpg,315
00037119.jpg,315
00037120.jpg,315
00037121.jpg,315
00037122.jpg,315
00037123.jpg,315
00037124.jpg,315
00037125.jpg,315
00037126.jpg,315
00037127.jpg,315
00037128.jpg,315
00037129.jpg,315
00037130.jpg,315
00037131.jpg,315
00037132.jpg,315
00037133.jpg,315
00037134.jpg,315
00037135.jpg,315
00037136.jpg,315
00037137.jpg,315
00037138.jpg,315
00037139.jpg,315
00037140.jpg,315
00037141.jpg,315
00037142.jpg,315
00037143.jpg,315
00037144.jpg,315
00037145.jpg,315
00037146.jpg,315
00037147.jpg,315
00037148.jpg,315
00037149.jpg,315
00037150.jpg,315
00037151.jpg,315
00037152.jpg,315
00037153.jpg,315
00037154.jpg,315
00037155.jpg,315
00037156.jpg,315
00037157.jpg,315
00037158.jpg,315
00037159.jpg,315
00037160.jpg,315
00037161.jpg,315
00037162.jpg,315
00037163.jpg,315
00037164.jpg,315
00037165.jpg,315
00037166.jpg,315
00037167.jpg,315
00037168.jpg,315
00037169.jpg,315
00037170.jpg,315
00037171.jpg,315
00037172.jpg,315
00037173.jpg,315
00037174.jpg,315
00037175.jpg,315
00037176.jpg,315
00037177.jpg,315
00037178.jpg,315
00037179.jpg,315
00037180.jpg,315
00037181.jpg,315
00037182.jpg,315
00037183.jpg,315
00037184.jpg,315
00037185.jpg,315
00037186.jpg,315
00037187.jpg,315
00037188.jpg,315
00037189.jpg,315
00037190.jpg,315
00037191.jpg,315
00037192.jpg,315
00037193.jpg,315
00037194.jpg,315
00037195.jpg,315
00037196.jpg,315
00037197.jpg,315
00037198.jpg,315
00037199.jpg,315
00037200.jpg,315
00037201.jpg,315
00037202.jpg,315
00037203.jpg,315
00037204.jpg,315
00037205.jpg,315
00037206.jpg,315
00037207.jpg,315
00037208.jpg,315
00037209.jpg,315
00037210.jpg,315
00037211.jpg,315
00037212.jpg,315
00037213.jpg,315
00037214.jpg,316
00037215.jpg,316
00037216.jpg,316
00037217.jpg,316
00037218.jpg,316
00037219.jpg,316
00037220.jpg,316
00037221.jpg,316
00037222.jpg,316
00037223.jpg,316
00037224.jpg,316
00037225.jpg,316
00037226.jpg,316
00037227.jpg,316
00037228.jpg,316
00037229.jpg,316
00037230.jpg,316
00037231.jpg,316
00037232.jpg,316
00037233.jpg,316
00037234.jpg,316
00037235.jpg,316
00037236.jpg,316
00037237.jpg,316
00037238.jpg,316
00037239.jpg,316
00037240.jpg,316
00037241.jpg,316
00037242.jpg,316
00037243.jpg,316
00037244.jpg,316
00037245.jpg,316
00037246.jpg,316
00037247.jpg,316
00037248.jpg,316
00037249.jpg,316
00037250.jpg,316
00037251.jpg,316
00037252.jpg,316
00037253.jpg,316
00037254.jpg,316
00037255.jpg,316
00037256.jpg,316
00037257.jpg,316
00037258.jpg,316
00037259.jpg,316
00037260.jpg,316
00037261.jpg,316
00037262.jpg,316
00037263.jpg,316
00037264.jpg,316
00037265.jpg,316
00037266.jpg,316
00037267.jpg,316
00037268.jpg,316
00037269.jpg,316
00037270.jpg,316
00037271.jpg,316
00037272.jpg,316
00037273.jpg,316
00037274.jpg,316
00037275.jpg,316
00037276.jpg,316
00037277.jpg,316
00037278.jpg,316
00037279.jpg,316
00037280.jpg,316
00037281.jpg,316
00037282.jpg,316
00037283.jpg,316
00037284.jpg,316
00037285.jpg,316
00037286.jpg,316
00037287.jpg,316
00037288.jpg,316
00037289.jpg,316
00037290.jpg,316
00037291.jpg,316
00037292.jpg,316
00037293.jpg,316
00037294.jpg,316
00037295.jpg,316
00037296.jpg,316
00037297.jpg,316
00037298.jpg,316
00037299.jpg,316
00037300.jpg,316
00037301.jpg,316
00037302.jpg,316
00037303.jpg,316
00037304.jpg,316
00037305.jpg,316
00037306.jpg,316
00037307.jpg,316
00037308.jpg,316
00037309.jpg,316
00037310.jpg,316
00037311.jpg,316
00037312.jpg,316
00037313.jpg,316
00037314.jpg,316
00037315.jpg,316
00037316.jpg,316
00037317.jpg,316
00037318.jpg,316
00037319.jpg,316
00037320.jpg,316
00037321.jpg,316
00037322.jpg,316
00037323.jpg,316
00037324.jpg,316
00037325.jpg,316
00037326.jpg,316
00037327.jpg,316
00037328.jpg,316
00037329.jpg,316
00037330.jpg,316
00037331.jpg,317
00037332.jpg,317
00037333.jpg,317
00037334.jpg,317
00037335.jpg,317
00037336.jpg,317
00037337.jpg,317
00037338.jpg,317
00037339.jpg,317
00037340.jpg,317
00037341.jpg,317
00037342.jpg,317
00037343.jpg,317
00037344.jpg,317
00037345.jpg,317
00037346.jpg,317
00037347.jpg,317
00037348.jpg,317
00037349.jpg,317
00037350.jpg,317
00037351.jpg,317
00037352.jpg,317
00037353.jpg,317
00037354.jpg,317
00037355.jpg,317
00037356.jpg,317
00037357.jpg,317
00037358.jpg,317
00037359.jpg,317
00037360.jpg,317
00037361.jpg,317
00037362.jpg,317
00037363.jpg,317
00037364.jpg,317
00037365.jpg,317
00037366.jpg,317
00037367.jpg,317
00037368.jpg,317
00037369.jpg,317
00037370.jpg,317
00037371.jpg,317
00037372.jpg,317
00037373.jpg,317
00037374.jpg,317
00037375.jpg,317
00037376.jpg,317
00037377.jpg,317
00037378.jpg,317
00037379.jpg,317
00037380.jpg,317
00037381.jpg,317
00037382.jpg,317
00037383.jpg,317
00037384.jpg,317
00037385.jpg,317
00037386.jpg,317
00037387.jpg,317
00037388.jpg,317
00037389.jpg,317
00037390.jpg,317
00037391.jpg,317
00037392.jpg,317
00037393.jpg,317
00037394.jpg,317
00037395.jpg,317
00037396.jpg,317
00037397.jpg,317
00037398.jpg,317
00037399.jpg,317
00037400.jpg,317
00037401.jpg,317
00037402.jpg,317
00037403.jpg,317
00037404.jpg,317
00037405.jpg,317
00037406.jpg,317
00037407.jpg,317
00037408.jpg,317
00037409.jpg,317
00037410.jpg,317
00037411.jpg,317
00037412.jpg,317
00037413.jpg,317
00037414.jpg,317
00037415.jpg,317
00037416.jpg,317
00037417.jpg,317
00037418.jpg,317
00037419.jpg,317
00037420.jpg,317
00037421.jpg,317
00037422.jpg,317
00037423.jpg,317
00037424.jpg,317
00037425.jpg,317
00037426.jpg,317
00037427.jpg,317
00037428.jpg,317
00037429.jpg,317
00037430.jpg,317
00037431.jpg,317
00037432.jpg,317
00037433.jpg,317
00037434.jpg,317
00037435.jpg,317
00037436.jpg,317
00037437.jpg,317
00037438.jpg,317
00037439.jpg,317
00037440.jpg,317
00037441.jpg,317
00037442.jpg,317
00037443.jpg,317
00037444.jpg,317
00037445.jpg,317
00037446.jpg,317
00037447.jpg,317
00037448.jpg,318
00037449.jpg,318
00037450.jpg,318
00037451.jpg,318
00037452.jpg,318
00037453.jpg,318
00037454.jpg,318
00037455.jpg,318
00037456.jpg,318
00037457.jpg,318
00037458.jpg,318
00037459.jpg,318
00037460.jpg,318
00037461.jpg,318
00037462.jpg,318
00037463.jpg,318
00037464.jpg,318
00037465.jpg,318
00037466.jpg,318
00037467.jpg,318
00037468.jpg,318
00037469.jpg,318
00037470.jpg,318
00037471.jpg,318
00037472.jpg,318
00037473.jpg,318
00037474.jpg,318
00037475.jpg,318
00037476.jpg,318
00037477.jpg,318
00037478.jpg,318
00037479.jpg,318
00037480.jpg,318
00037481.jpg,318
00037482.jpg,318
00037483.jpg,318
00037484.jpg,318
00037485.jpg,318
00037486.jpg,318
00037487.jpg,318
00037488.jpg,318
00037489.jpg,318
00037490.jpg,318
00037491.jpg,318
00037492.jpg,318
00037493.jpg,318
00037494.jpg,318
00037495.jpg,318
00037496.jpg,318
00037497.jpg,318
00037498.jpg,318
00037499.jpg,318
00037500.jpg,318
00037501.jpg,318
00037502.jpg,318
00037503.jpg,318
00037504.jpg,318
00037505.jpg,318
00037506.jpg,318
00037507.jpg,318
00037508.jpg,318
00037509.jpg,318
00037510.jpg,318
00037511.jpg,318
00037512.jpg,318
00037513.jpg,318
00037514.jpg,318
00037515.jpg,318
00037516.jpg,318
00037517.jpg,318
00037518.jpg,318
00037519.jpg,318
00037520.jpg,318
00037521.jpg,318
00037522.jpg,318
00037523.jpg,318
00037524.jpg,318
00037525.jpg,318
00037526.jpg,318
00037527.jpg,318
00037528.jpg,318
00037529.jpg,318
00037530.jpg,318
00037531.jpg,318
00037532.jpg,318
00037533.jpg,318
00037534.jpg,318
00037535.jpg,318
00037536.jpg,318
00037537.jpg,318
00037538.jpg,318
00037539.jpg,318
00037540.jpg,318
00037541.jpg,318
00037542.jpg,318
00037543.jpg,318
00037544.jpg,318
00037545.jpg,318
00037546.jpg,318
00037547.jpg,318
00037548.jpg,318
00037549.jpg,318
00037550.jpg,318
00037551.jpg,318
00037552.jpg,318
00037553.jpg,318
00037554.jpg,318
00037555.jpg,318
00037556.jpg,318
00037557.jpg,318
00037558.jpg,318
00037559.jpg,318
00037560.jpg,318
00037561.jpg,318
00037562.jpg,318
00037563.jpg,318
00037564.jpg,318
00037565.jpg,319
00037566.jpg,319
00037567.jpg,319
00037568.jpg,319
00037569.jpg,319
00037570.jpg,319
00037571.jpg,319
00037572.jpg,319
00037573.jpg,319
00037574.jpg,319
00037575.jpg,319
00037576.jpg,319
00037577.jpg,319
00037578.jpg,319
00037579.jpg,319
00037580.jpg,319
00037581.jpg,319
00037582.jpg,319
00037583.jpg,319
00037584.jpg,319
00037585.jpg,319
00037586.jpg,319
00037587.jpg,319
00037588.jpg,319
00037589.jpg,319
00037590.jpg,319
00037591.jpg,319
00037592.jpg,319
00037593.jpg,319
00037594.jpg,319
00037595.jpg,319
00037596.jpg,319
00037597.jpg,319
00037598.jpg,319
00037599.jpg,319
00037600.jpg,319
00037601.jpg,319
00037602.jpg,319
00037603.jpg,319
00037604.jpg,319
00037605.jpg,319
00037606.jpg,319
00037607.jpg,319
00037608.jpg,319
00037609.jpg,319
00037610.jpg,319
00037611.jpg,319
00037612.jpg,319
00037613.jpg,319
00037614.jpg,319
00037615.jpg,319
00037616.jpg,319
00037617.jpg,319
00037618.jpg,319
00037619.jpg,319
00037620.jpg,319
00037621.jpg,319
00037622.jpg,319
00037623.jpg,319
00037624.jpg,319
00037625.jpg,319
00037626.jpg,319
00037627.jpg,319
00037628.jpg,319
00037629.jpg,319
00037630.jpg,319
00037631.jpg,319
00037632.jpg,319
00037633.jpg,319
00037634.jpg,319
00037635.jpg,319
00037636.jpg,319
00037637.jpg,319
00037638.jpg,319
00037639.jpg,319
00037640.jpg,319
00037641.jpg,319
00037642.jpg,319
00037643.jpg,319
00037644.jpg,319
00037645.jpg,319
00037646.jpg,319
00037647.jpg,319
00037648.jpg,319
00037649.jpg,319
00037650.jpg,319
00037651.jpg,319
00037652.jpg,319
00037653.jpg,319
00037654.jpg,319
00037655.jpg,319
00037656.jpg,319
00037657.jpg,319
00037658.jpg,319
00037659.jpg,319
00037660.jpg,319
00037661.jpg,319
00037662.jpg,319
00037663.jpg,319
00037664.jpg,319
00037665.jpg,319
00037666.jpg,319
00037667.jpg,319
00037668.jpg,319
00037669.jpg,319
00037670.jpg,319
00037671.jpg,319
00037672.jpg,319
00037673.jpg,319
00037674.jpg,319
00037675.jpg,319
00037676.jpg,319
00037677.jpg,319
00037678.jpg,319
00037679.jpg,319
00037680.jpg,319
00037681.jpg,319
00037682.jpg,320
00037683.jpg,320
00037684.jpg,320
00037685.jpg,320
00037686.jpg,320
00037687.jpg,320
00037688.jpg,320
00037689.jpg,320
00037690.jpg,320
00037691.jpg,320
00037692.jpg,320
00037693.jpg,320
00037694.jpg,320
00037695.jpg,320
00037696.jpg,320
00037697.jpg,320
00037698.jpg,320
00037699.jpg,320
00037700.jpg,320
00037701.jpg,320
00037702.jpg,320
00037703.jpg,320
00037704.jpg,320
00037705.jpg,320
00037706.jpg,320
00037707.jpg,320
00037708.jpg,320
00037709.jpg,320
00037710.jpg,320
00037711.jpg,320
00037712.jpg,320
00037713.jpg,320
00037714.jpg,320
00037715.jpg,320
00037716.jpg,320
00037717.jpg,320
00037718.jpg,320
00037719.jpg,320
00037720.jpg,320
00037721.jpg,320
00037722.jpg,320
00037723.jpg,320
00037724.jpg,320
00037725.jpg,320
00037726.jpg,320
00037727.jpg,320
00037728.jpg,320
00037729.jpg,320
00037730.jpg,320
00037731.jpg,320
00037732.jpg,320
00037733.jpg,320
00037734.jpg,320
00037735.jpg,320
00037736.jpg,320
00037737.jpg,320
00037738.jpg,320
00037739.jpg,320
00037740.jpg,320
00037741.jpg,320
00037742.jpg,320
00037743.jpg,320
00037744.jpg,320
00037745.jpg,320
00037746.jpg,320
00037747.jpg,320
00037748.jpg,320
00037749.jpg,320
00037750.jpg,320
00037751.jpg,320
00037752.jpg,320
00037753.jpg,320
00037754.jpg,320
00037755.jpg,320
00037756.jpg,320
00037757.jpg,320
00037758.jpg,320
00037759.jpg,320
00037760.jpg,320
00037761.jpg,320
00037762.jpg,320
00037763.jpg,320
00037764.jpg,320
00037765.jpg,320
00037766.jpg,320
00037767.jpg,320
00037768.jpg,320
00037769.jpg,320
00037770.jpg,320
00037771.jpg,320
00037772.jpg,320
00037773.jpg,320
00037774.jpg,320
00037775.jpg,320
00037776.jpg,320
00037777.jpg,320
00037778.jpg,320
00037779.jpg,320
00037780.jpg,320
00037781.jpg,320
00037782.jpg,320
00037783.jpg,320
00037784.jpg,320
00037785.jpg,320
00037786.jpg,320
00037787.jpg,320
00037788.jpg,320
00037789.jpg,320
00037790.jpg,320
00037791.jpg,320
00037792.jpg,320
00037793.jpg,320
00037794.jpg,320
00037795.jpg,320
00037796.jpg,320
00037797.jpg,320
00037798.jpg,320
00037799.jpg,321
00037800.jpg,321
00037801.jpg,321
00037802.jpg,321
00037803.jpg,321
00037804.jpg,321
00037805.jpg,321
00037806.jpg,321
00037807.jpg,321
00037808.jpg,321
00037809.jpg,321
00037810.jpg,321
00037811.jpg,321
00037812.jpg,321
00037813.jpg,321
00037814.jpg,321
00037815.jpg,321
00037816.jpg,321
00037817.jpg,321
00037818.jpg,321
00037819.jpg,321
00037820.jpg,321
00037821.jpg,321
00037822.jpg,321
00037823.jpg,321
00037824.jpg,321
00037825.jpg,321
00037826.jpg,321
00037827.jpg,321
00037828.jpg,321
00037829.jpg,321
00037830.jpg,321
00037831.jpg,321
00037832.jpg,321
00037833.jpg,321
00037834.jpg,321
00037835.jpg,321
00037836.jpg,321
00037837.jpg,321
00037838.jpg,321
00037839.jpg,321
00037840.jpg,321
00037841.jpg,321
00037842.jpg,321
00037843.jpg,321
00037844.jpg,321
00037845.jpg,321
00037846.jpg,321
00037847.jpg,321
00037848.jpg,321
00037849.jpg,321
00037850.jpg,321
00037851.jpg,321
00037852.jpg,321
00037853.jpg,321
00037854.jpg,321
00037855.jpg,321
00037856.jpg,321
00037857.jpg,321
00037858.jpg,321
00037859.jpg,321
00037860.jpg,321
00037861.jpg,321
00037862.jpg,321
00037863.jpg,321
00037864.jpg,321
00037865.jpg,321
00037866.jpg,321
00037867.jpg,321
00037868.jpg,321
00037869.jpg,321
00037870.jpg,321
00037871.jpg,321
00037872.jpg,321
00037873.jpg,321
00037874.jpg,321
00037875.jpg,321
00037876.jpg,321
00037877.jpg,321
00037878.jpg,321
00037879.jpg,321
00037880.jpg,321
00037881.jpg,321
00037882.jpg,321
00037883.jpg,321
00037884.jpg,321
00037885.jpg,321
00037886.jpg,321
00037887.jpg,321
00037888.jpg,321
00037889.jpg,321
00037890.jpg,321
00037891.jpg,321
00037892.jpg,321
00037893.jpg,321
00037894.jpg,321
00037895.jpg,321
00037896.jpg,321
00037897.jpg,321
00037898.jpg,321
00037899.jpg,321
00037900.jpg,321
00037901.jpg,321
00037902.jpg,321
00037903.jpg,321
00037904.jpg,321
00037905.jpg,321
00037906.jpg,321
00037907.jpg,321
00037908.jpg,321
00037909.jpg,321
00037910.jpg,321
00037911.jpg,321
00037912.jpg,321
00037913.jpg,321
00037914.jpg,321
00037915.jpg,321
00037916.jpg,322
00037917.jpg,322
00037918.jpg,322
00037919.jpg,322
00037920.jpg,322
00037921.jpg,322
00037922.jpg,322
00037923.jpg,322
00037924.jpg,322
00037925.jpg,322
00037926.jpg,322
00037927.jpg,322
00037928.jpg,322
00037929.jpg,322
00037930.jpg,322
00037931.jpg,322
00037932.jpg,322
00037933.jpg,322
00037934.jpg,322
00037935.jpg,322
00037936.jpg,322
00037937.jpg,322
00037938.jpg,322
00037939.jpg,322
00037940.jpg,322
00037941.jpg,322
00037942.jpg,322
00037943.jpg,322
00037944.jpg,322
00037945.jpg,322
00037946.jpg,322
00037947.jpg,322
00037948.jpg,322
00037949.jpg,322
00037950.jpg,322
00037951.jpg,322
00037952.jpg,322
00037953.jpg,322
00037954.jpg,322
00037955.jpg,322
00037956.jpg,322
00037957.jpg,322
00037958.jpg,322
00037959.jpg,322
00037960.jpg,322
00037961.jpg,322
00037962.jpg,322
00037963.jpg,322
00037964.jpg,322
00037965.jpg,322
00037966.jpg,322
00037967.jpg,322
00037968.jpg,322
00037969.jpg,322
00037970.jpg,322
00037971.jpg,322
00037972.jpg,322
00037973.jpg,322
00037974.jpg,322
00037975.jpg,322
00037976.jpg,322
00037977.jpg,322
00037978.jpg,322
00037979.jpg,322
00037980.jpg,322
00037981.jpg,322
00037982.jpg,322
00037983.jpg,322
00037984.jpg,322
00037985.jpg,322
00037986.jpg,322
00037987.jpg,322
00037988.jpg,322
00037989.jpg,322
00037990.jpg,322
00037991.jpg,322
00037992.jpg,322
00037993.jpg,322
00037994.jpg,322
00037995.jpg,322
00037996.jpg,322
00037997.jpg,322
00037998.jpg,322
00037999.jpg,322
00038000.jpg,322
00038001.jpg,322
00038002.jpg,322
00038003.jpg,322
00038004.jpg,322
00038005.jpg,322
00038006.jpg,322
00038007.jpg,322
00038008.jpg,322
00038009.jpg,322
00038010.jpg,322
00038011.jpg,322
00038012.jpg,322
00038013.jpg,322
00038014.jpg,322
00038015.jpg,322
00038016.jpg,322
00038017.jpg,322
00038018.jpg,322
00038019.jpg,322
00038020.jpg,322
00038021.jpg,322
00038022.jpg,322
00038023.jpg,322
00038024.jpg,322
00038025.jpg,322
00038026.jpg,322
00038027.jpg,322
00038028.jpg,322
00038029.jpg,322
00038030.jpg,322
00038031.jpg,322
00038032.jpg,322
00038033.jpg,323
00038034.jpg,323
00038035.jpg,323
00038036.jpg,323
00038037.jpg,323
00038038.jpg,323
00038039.jpg,323
00038040.jpg,323
00038041.jpg,323
00038042.jpg,323
00038043.jpg,323
00038044.jpg,323
00038045.jpg,323
00038046.jpg,323
00038047.jpg,323
00038048.jpg,323
00038049.jpg,323
00038050.jpg,323
00038051.jpg,323
00038052.jpg,323
00038053.jpg,323
00038054.jpg,323
00038055.jpg,323
00038056.jpg,323
00038057.jpg,323
00038058.jpg,323
00038059.jpg,323
00038060.jpg,323
00038061.jpg,323
00038062.jpg,323
00038063.jpg,323
00038064.jpg,323
00038065.jpg,323
00038066.jpg,323
00038067.jpg,323
00038068.jpg,323
00038069.jpg,323
00038070.jpg,323
00038071.jpg,323
00038072.jpg,323
00038073.jpg,323
00038074.jpg,323
00038075.jpg,323
00038076.jpg,323
00038077.jpg,323
00038078.jpg,323
00038079.jpg,323
00038080.jpg,323
00038081.jpg,323
00038082.jpg,323
00038083.jpg,323
00038084.jpg,323
00038085.jpg,323
00038086.jpg,323
00038087.jpg,323
00038088.jpg,323
00038089.jpg,323
00038090.jpg,323
00038091.jpg,323
00038092.jpg,323
00038093.jpg,323
00038094.jpg,323
00038095.jpg,323
00038096.jpg,323
00038097.jpg,323
00038098.jpg,323
00038099.jpg,323
00038100.jpg,323
00038101.jpg,323
00038102.jpg,323
00038103.jpg,323
00038104.jpg,323
00038105.jpg,323
00038106.jpg,323
00038107.jpg,323
00038108.jpg,323
00038109.jpg,323
00038110.jpg,323
00038111.jpg,323
00038112.jpg,323
00038113.jpg,323
00038114.jpg,323
00038115.jpg,323
00038116.jpg,323
00038117.jpg,323
00038118.jpg,323
00038119.jpg,323
00038120.jpg,323
00038121.jpg,323
00038122.jpg,323
00038123.jpg,323
00038124.jpg,323
00038125.jpg,323
00038126.jpg,323
00038127.jpg,323
00038128.jpg,323
00038129.jpg,323
00038130.jpg,323
00038131.jpg,323
00038132.jpg,323
00038133.jpg,323
00038134.jpg,323
00038135.jpg,323
00038136.jpg,323
00038137.jpg,323
00038138.jpg,323
00038139.jpg,323
00038140.jpg,323
00038141.jpg,323
00038142.jpg,323
00038143.jpg,323
00038144.jpg,323
00038145.jpg,323
00038146.jpg,323
00038147.jpg,323
00038148.jpg,323
00038149.jpg,323
00038150.jpg,324
00038151.jpg,324
00038152.jpg,324
00038153.jpg,324
00038154.jpg,324
00038155.jpg,324
00038156.jpg,324
00038157.jpg,324
00038158.jpg,324
00038159.jpg,324
00038160.jpg,324
00038161.jpg,324
00038162.jpg,324
00038163.jpg,324
00038164.jpg,324
00038165.jpg,324
00038166.jpg,324
00038167.jpg,324
00038168.jpg,324
00038169.jpg,324
00038170.jpg,324
00038171.jpg,324
00038172.jpg,324
00038173.jpg,324
00038174.jpg,324
00038175.jpg,324
00038176.jpg,324
00038177.jpg,324
00038178.jpg,324
00038179.jpg,324
00038180.jpg,324
00038181.jpg,324
00038182.jpg,324
00038183.jpg,324
00038184.jpg,324
00038185.jpg,324
00038186.jpg,324
00038187.jpg,324
00038188.jpg,324
00038189.jpg,324
00038190.jpg,324
00038191.jpg,324
00038192.jpg,324
00038193.jpg,324
00038194.jpg,324
00038195.jpg,324
00038196.jpg,324
00038197.jpg,324
00038198.jpg,324
00038199.jpg,324
00038200.jpg,324
00038201.jpg,324
00038202.jpg,324
00038203.jpg,324
00038204.jpg,324
00038205.jpg,324
00038206.jpg,324
00038207.jpg,324
00038208.jpg,324
00038209.jpg,324
00038210.jpg,324
00038211.jpg,324
00038212.jpg,324
00038213.jpg,324
00038214.jpg,324
00038215.jpg,324
00038216.jpg,324
00038217.jpg,324
00038218.jpg,324
00038219.jpg,324
00038220.jpg,324
00038221.jpg,324
00038222.jpg,324
00038223.jpg,324
00038224.jpg,324
00038225.jpg,324
00038226.jpg,324
00038227.jpg,324
00038228.jpg,324
00038229.jpg,324
00038230.jpg,324
00038231.jpg,324
00038232.jpg,324
00038233.jpg,324
00038234.jpg,324
00038235.jpg,324
00038236.jpg,324
00038237.jpg,324
00038238.jpg,324
00038239.jpg,324
00038240.jpg,324
00038241.jpg,324
00038242.jpg,324
00038243.jpg,324
00038244.jpg,324
00038245.jpg,324
00038246.jpg,324
00038247.jpg,324
00038248.jpg,324
00038249.jpg,324
00038250.jpg,324
00038251.jpg,324
00038252.jpg,324
00038253.jpg,324
00038254.jpg,324
00038255.jpg,324
00038256.jpg,324
00038257.jpg,324
00038258.jpg,324
00038259.jpg,324
00038260.jpg,324
00038261.jpg,324
00038262.jpg,324
00038263.jpg,324
00038264.jpg,324
00038265.jpg,324
00038266.jpg,324
00038267.jpg,325
00038268.jpg,325
00038269.jpg,325
00038270.jpg,325
00038271.jpg,325
00038272.jpg,325
00038273.jpg,325
00038274.jpg,325
00038275.jpg,325
00038276.jpg,325
00038277.jpg,325
00038278.jpg,325
00038279.jpg,325
00038280.jpg,325
00038281.jpg,325
00038282.jpg,325
00038283.jpg,325
00038284.jpg,325
00038285.jpg,325
00038286.jpg,325
00038287.jpg,325
00038288.jpg,325
00038289.jpg,325
00038290.jpg,325
00038291.jpg,325
00038292.jpg,325
00038293.jpg,325
00038294.jpg,325
00038295.jpg,325
00038296.jpg,325
00038297.jpg,325
00038298.jpg,325
00038299.jpg,325
00038300.jpg,325
00038301.jpg,325
00038302.jpg,325
00038303.jpg,325
00038304.jpg,325
00038305.jpg,325
00038306.jpg,325
00038307.jpg,325
00038308.jpg,325
00038309.jpg,325
00038310.jpg,325
00038311.jpg,325
00038312.jpg,325
00038313.jpg,325
00038314.jpg,325
00038315.jpg,325
00038316.jpg,325
00038317.jpg,325
00038318.jpg,325
00038319.jpg,325
00038320.jpg,325
00038321.jpg,325
00038322.jpg,325
00038323.jpg,325
00038324.jpg,325
00038325.jpg,325
00038326.jpg,325
00038327.jpg,325
00038328.jpg,325
00038329.jpg,325
00038330.jpg,325
00038331.jpg,325
00038332.jpg,325
00038333.jpg,325
00038334.jpg,325
00038335.jpg,325
00038336.jpg,325
00038337.jpg,325
00038338.jpg,325
00038339.jpg,325
00038340.jpg,325
00038341.jpg,325
00038342.jpg,325
00038343.jpg,325
00038344.jpg,325
00038345.jpg,325
00038346.jpg,325
00038347.jpg,325
00038348.jpg,325
00038349.jpg,325
00038350.jpg,325
00038351.jpg,325
00038352.jpg,325
00038353.jpg,325
00038354.jpg,325
00038355.jpg,325
00038356.jpg,325
00038357.jpg,325
00038358.jpg,325
00038359.jpg,325
00038360.jpg,325
00038361.jpg,325
00038362.jpg,325
00038363.jpg,325
00038364.jpg,325
00038365.jpg,325
00038366.jpg,325
00038367.jpg,325
00038368.jpg,325
00038369.jpg,325
00038370.jpg,325
00038371.jpg,325
00038372.jpg,325
00038373.jpg,325
00038374.jpg,325
00038375.jpg,325
00038376.jpg,325
00038377.jpg,325
00038378.jpg,325
00038379.jpg,325
00038380.jpg,325
00038381.jpg,325
00038382.jpg,325
00038383.jpg,325
00038384.jpg,326
00038385.jpg,326
00038386.jpg,326
00038387.jpg,326
00038388.jpg,326
00038389.jpg,326
00038390.jpg,326
00038391.jpg,326
00038392.jpg,326
00038393.jpg,326
00038394.jpg,326
00038395.jpg,326
00038396.jpg,326
00038397.jpg,326
00038398.jpg,326
00038399.jpg,326
00038400.jpg,326
00038401.jpg,326
00038402.jpg,326
00038403.jpg,326
00038404.jpg,326
00038405.jpg,326
00038406.jpg,326
00038407.jpg,326
00038408.jpg,326
00038409.jpg,326
00038410.jpg,326
00038411.jpg,326
00038412.jpg,326
00038413.jpg,326
00038414.jpg,326
00038415.jpg,326
00038416.jpg,326
00038417.jpg,326
00038418.jpg,326
00038419.jpg,326
00038420.jpg,326
00038421.jpg,326
00038422.jpg,326
00038423.jpg,326
00038424.jpg,326
00038425.jpg,326
00038426.jpg,326
00038427.jpg,326
00038428.jpg,326
00038429.jpg,326
00038430.jpg,326
00038431.jpg,326
00038432.jpg,326
00038433.jpg,326
00038434.jpg,326
00038435.jpg,326
00038436.jpg,326
00038437.jpg,326
00038438.jpg,326
00038439.jpg,326
00038440.jpg,326
00038441.jpg,326
00038442.jpg,326
00038443.jpg,326
00038444.jpg,326
00038445.jpg,326
00038446.jpg,326
00038447.jpg,326
00038448.jpg,326
00038449.jpg,326
00038450.jpg,326
00038451.jpg,326
00038452.jpg,326
00038453.jpg,326
00038454.jpg,326
00038455.jpg,326
00038456.jpg,326
00038457.jpg,326
00038458.jpg,326
00038459.jpg,326
00038460.jpg,326
00038461.jpg,326
00038462.jpg,326
00038463.jpg,326
00038464.jpg,326
00038465.jpg,326
00038466.jpg,326
00038467.jpg,326
00038468.jpg,326
00038469.jpg,326
00038470.jpg,326
00038471.jpg,326
00038472.jpg,326
00038473.jpg,326
00038474.jpg,326
00038475.jpg,326
00038476.jpg,326
00038477.jpg,326
00038478.jpg,326
00038479.jpg,326
00038480.jpg,326
00038481.jpg,326
00038482.jpg,326
00038483.jpg,326
00038484.jpg,326
00038485.jpg,326
00038486.jpg,326
00038487.jpg,326
00038488.jpg,326
00038489.jpg,326
00038490.jpg,326
00038491.jpg,326
00038492.jpg,326
00038493.jpg,326
00038494.jpg,326
00038495.jpg,326
00038496.jpg,326
00038497.jpg,326
00038498.jpg,326
00038499.jpg,326
00038500.jpg,326
00038501.jpg,327
00038502.jpg,327
00038503.jpg,327
00038504.jpg,327
00038505.jpg,327
00038506.jpg,327
00038507.jpg,327
00038508.jpg,327
00038509.jpg,327
00038510.jpg,327
00038511.jpg,327
00038512.jpg,327
00038513.jpg,327
00038514.jpg,327
00038515.jpg,327
00038516.jpg,327
00038517.jpg,327
00038518.jpg,327
00038519.jpg,327
00038520.jpg,327
00038521.jpg,327
00038522.jpg,327
00038523.jpg,327
00038524.jpg,327
00038525.jpg,327
00038526.jpg,327
00038527.jpg,327
00038528.jpg,327
00038529.jpg,327
00038530.jpg,327
00038531.jpg,327
00038532.jpg,327
00038533.jpg,327
00038534.jpg,327
00038535.jpg,327
00038536.jpg,327
00038537.jpg,327
00038538.jpg,327
00038539.jpg,327
00038540.jpg,327
00038541.jpg,327
00038542.jpg,327
00038543.jpg,327
00038544.jpg,327
00038545.jpg,327
00038546.jpg,327
00038547.jpg,327
00038548.jpg,327
00038549.jpg,327
00038550.jpg,327
00038551.jpg,327
00038552.jpg,327
00038553.jpg,327
00038554.jpg,327
00038555.jpg,327
00038556.jpg,327
00038557.jpg,327
00038558.jpg,327
00038559.jpg,327
00038560.jpg,327
00038561.jpg,327
00038562.jpg,327
00038563.jpg,327
00038564.jpg,327
00038565.jpg,327
00038566.jpg,327
00038567.jpg,327
00038568.jpg,327
00038569.jpg,327
00038570.jpg,327
00038571.jpg,327
00038572.jpg,327
00038573.jpg,327
00038574.jpg,327
00038575.jpg,327
00038576.jpg,327
00038577.jpg,327
00038578.jpg,327
00038579.jpg,327
00038580.jpg,327
00038581.jpg,327
00038582.jpg,327
00038583.jpg,327
00038584.jpg,327
00038585.jpg,327
00038586.jpg,327
00038587.jpg,327
00038588.jpg,327
00038589.jpg,327
00038590.jpg,327
00038591.jpg,327
00038592.jpg,327
00038593.jpg,327
00038594.jpg,327
00038595.jpg,327
00038596.jpg,327
00038597.jpg,327
00038598.jpg,327
00038599.jpg,327
00038600.jpg,327
00038601.jpg,327
00038602.jpg,327
00038603.jpg,327
00038604.jpg,327
00038605.jpg,327
00038606.jpg,327
00038607.jpg,327
00038608.jpg,327
00038609.jpg,327
00038610.jpg,327
00038611.jpg,327
00038612.jpg,327
00038613.jpg,327
00038614.jpg,327
00038615.jpg,327
00038616.jpg,327
00038617.jpg,327
00038618.jpg,328
00038619.jpg,328
00038620.jpg,328
00038621.jpg,328
00038622.jpg,328
00038623.jpg,328
00038624.jpg,328
00038625.jpg,328
00038626.jpg,328
00038627.jpg,328
00038628.jpg,328
00038629.jpg,328
00038630.jpg,328
00038631.jpg,328
00038632.jpg,328
00038633.jpg,328
00038634.jpg,328
00038635.jpg,328
00038636.jpg,328
00038637.jpg,328
00038638.jpg,328
00038639.jpg,328
00038640.jpg,328
00038641.jpg,328
00038642.jpg,328
00038643.jpg,328
00038644.jpg,328
00038645.jpg,328
00038646.jpg,328
00038647.jpg,328
00038648.jpg,328
00038649.jpg,328
00038650.jpg,328
00038651.jpg,328
00038652.jpg,328
00038653.jpg,328
00038654.jpg,328
00038655.jpg,328
00038656.jpg,328
00038657.jpg,328
00038658.jpg,328
00038659.jpg,328
00038660.jpg,328
00038661.jpg,328
00038662.jpg,328
00038663.jpg,328
00038664.jpg,328
00038665.jpg,328
00038666.jpg,328
00038667.jpg,328
00038668.jpg,328
00038669.jpg,328
00038670.jpg,328
00038671.jpg,328
00038672.jpg,328
00038673.jpg,328
00038674.jpg,328
00038675.jpg,328
00038676.jpg,328
00038677.jpg,328
00038678.jpg,328
00038679.jpg,328
00038680.jpg,328
00038681.jpg,328
00038682.jpg,328
00038683.jpg,328
00038684.jpg,328
00038685.jpg,328
00038686.jpg,328
00038687.jpg,328
00038688.jpg,328
00038689.jpg,328
00038690.jpg,328
00038691.jpg,328
00038692.jpg,328
00038693.jpg,328
00038694.jpg,328
00038695.jpg,328
00038696.jpg,328
00038697.jpg,328
00038698.jpg,328
00038699.jpg,328
00038700.jpg,328
00038701.jpg,328
00038702.jpg,328
00038703.jpg,328
00038704.jpg,328
00038705.jpg,328
00038706.jpg,328
00038707.jpg,328
00038708.jpg,328
00038709.jpg,328
00038710.jpg,328
00038711.jpg,328
00038712.jpg,328
00038713.jpg,328
00038714.jpg,328
00038715.jpg,328
00038716.jpg,328
00038717.jpg,328
00038718.jpg,328
00038719.jpg,328
00038720.jpg,328
00038721.jpg,328
00038722.jpg,328
00038723.jpg,328
00038724.jpg,328
00038725.jpg,328
00038726.jpg,328
00038727.jpg,328
00038728.jpg,328
00038729.jpg,328
00038730.jpg,328
00038731.jpg,328
00038732.jpg,328
00038733.jpg,328
00038734.jpg,328
00038735.jpg,329
00038736.jpg,329
00038737.jpg,329
00038738.jpg,329
00038739.jpg,329
00038740.jpg,329
00038741.jpg,329
00038742.jpg,329
00038743.jpg,329
00038744.jpg,329
00038745.jpg,329
00038746.jpg,329
00038747.jpg,329
00038748.jpg,329
00038749.jpg,329
00038750.jpg,329
00038751.jpg,329
00038752.jpg,329
00038753.jpg,329
00038754.jpg,329
00038755.jpg,329
00038756.jpg,329
00038757.jpg,329
00038758.jpg,329
00038759.jpg,329
00038760.jpg,329
00038761.jpg,329
00038762.jpg,329
00038763.jpg,329
00038764.jpg,329
00038765.jpg,329
00038766.jpg,329
00038767.jpg,329
00038768.jpg,329
00038769.jpg,329
00038770.jpg,329
00038771.jpg,329
00038772.jpg,329
00038773.jpg,329
00038774.jpg,329
00038775.jpg,329
00038776.jpg,329
00038777.jpg,329
00038778.jpg,329
00038779.jpg,329
00038780.jpg,329
00038781.jpg,329
00038782.jpg,329
00038783.jpg,329
00038784.jpg,329
00038785.jpg,329
00038786.jpg,329
00038787.jpg,329
00038788.jpg,329
00038789.jpg,329
00038790.jpg,329
00038791.jpg,329
00038792.jpg,329
00038793.jpg,329
00038794.jpg,329
00038795.jpg,329
00038796.jpg,329
00038797.jpg,329
00038798.jpg,329
00038799.jpg,329
00038800.jpg,329
00038801.jpg,329
00038802.jpg,329
00038803.jpg,329
00038804.jpg,329
00038805.jpg,329
00038806.jpg,329
00038807.jpg,329
00038808.jpg,329
00038809.jpg,329
00038810.jpg,329
00038811.jpg,329
00038812.jpg,329
00038813.jpg,329
00038814.jpg,329
00038815.jpg,329
00038816.jpg,329
00038817.jpg,329
00038818.jpg,329
00038819.jpg,329
00038820.jpg,329
00038821.jpg,329
00038822.jpg,329
00038823.jpg,329
00038824.jpg,329
00038825.jpg,329
00038826.jpg,329
00038827.jpg,329
00038828.jpg,329
00038829.jpg,329
00038830.jpg,329
00038831.jpg,329
00038832.jpg,329
00038833.jpg,329
00038834.jpg,329
00038835.jpg,329
00038836.jpg,329
00038837.jpg,329
00038838.jpg,329
00038839.jpg,329
00038840.jpg,329
00038841.jpg,329
00038842.jpg,329
00038843.jpg,329
00038844.jpg,329
00038845.jpg,329
00038846.jpg,329
00038847.jpg,329
00038848.jpg,329
00038849.jpg,329
00038850.jpg,329
00038851.jpg,329
00038852.jpg,330
00038853.jpg,330
00038854.jpg,330
00038855.jpg,330
00038856.jpg,330
00038857.jpg,330
00038858.jpg,330
00038859.jpg,330
00038860.jpg,330
00038861.jpg,330
00038862.jpg,330
00038863.jpg,330
00038864.jpg,330
00038865.jpg,330
00038866.jpg,330
00038867.jpg,330
00038868.jpg,330
00038869.jpg,330
00038870.jpg,330
00038871.jpg,330
00038872.jpg,330
00038873.jpg,330
00038874.jpg,330
00038875.jpg,330
00038876.jpg,330
00038877.jpg,330
00038878.jpg,330
00038879.jpg,330
00038880.jpg,330
00038881.jpg,330
00038882.jpg,330
00038883.jpg,330
00038884.jpg,330
00038885.jpg,330
00038886.jpg,330
00038887.jpg,330
00038888.jpg,330
00038889.jpg,330
00038890.jpg,330
00038891.jpg,330
00038892.jpg,330
00038893.jpg,330
00038894.jpg,330
00038895.jpg,330
00038896.jpg,330
00038897.jpg,330
00038898.jpg,330
00038899.jpg,330
00038900.jpg,330
00038901.jpg,330
00038902.jpg,330
00038903.jpg,330
00038904.jpg,330
00038905.jpg,330
00038906.jpg,330
00038907.jpg,330
00038908.jpg,330
00038909.jpg,330
00038910.jpg,330
00038911.jpg,330
00038912.jpg,330
00038913.jpg,330
00038914.jpg,330
00038915.jpg,330
00038916.jpg,330
00038917.jpg,330
00038918.jpg,330
00038919.jpg,330
00038920.jpg,330
00038921.jpg,330
00038922.jpg,330
00038923.jpg,330
00038924.jpg,330
00038925.jpg,330
00038926.jpg,330
00038927.jpg,330
00038928.jpg,330
00038929.jpg,330
00038930.jpg,330
00038931.jpg,330
00038932.jpg,330
00038933.jpg,330
00038934.jpg,330
00038935.jpg,330
00038936.jpg,330
00038937.jpg,330
00038938.jpg,330
00038939.jpg,330
00038940.jpg,330
00038941.jpg,330
00038942.jpg,330
00038943.jpg,330
00038944.jpg,330
00038945.jpg,330
00038946.jpg,330
00038947.jpg,330
00038948.jpg,330
00038949.jpg,330
00038950.jpg,330
00038951.jpg,330
00038952.jpg,330
00038953.jpg,330
00038954.jpg,330
00038955.jpg,330
00038956.jpg,330
00038957.jpg,330
00038958.jpg,330
00038959.jpg,330
00038960.jpg,330
00038961.jpg,330
00038962.jpg,330
00038963.jpg,330
00038964.jpg,330
00038965.jpg,330
00038966.jpg,330
00038967.jpg,330
00038968.jpg,330
00038969.jpg,331
00038970.jpg,331
00038971.jpg,331
00038972.jpg,331
00038973.jpg,331
00038974.jpg,331
00038975.jpg,331
00038976.jpg,331
00038977.jpg,331
00038978.jpg,331
00038979.jpg,331
00038980.jpg,331
00038981.jpg,331
00038982.jpg,331
00038983.jpg,331
00038984.jpg,331
00038985.jpg,331
00038986.jpg,331
00038987.jpg,331
00038988.jpg,331
00038989.jpg,331
00038990.jpg,331
00038991.jpg,331
00038992.jpg,331
00038993.jpg,331
00038994.jpg,331
00038995.jpg,331
00038996.jpg,331
00038997.jpg,331
00038998.jpg,331
00038999.jpg,331
00039000.jpg,331
00039001.jpg,331
00039002.jpg,331
00039003.jpg,331
00039004.jpg,331
00039005.jpg,331
00039006.jpg,331
00039007.jpg,331
00039008.jpg,331
00039009.jpg,331
00039010.jpg,331
00039011.jpg,331
00039012.jpg,331
00039013.jpg,331
00039014.jpg,331
00039015.jpg,331
00039016.jpg,331
00039017.jpg,331
00039018.jpg,331
00039019.jpg,331
00039020.jpg,331
00039021.jpg,331
00039022.jpg,331
00039023.jpg,331
00039024.jpg,331
00039025.jpg,331
00039026.jpg,331
00039027.jpg,331
00039028.jpg,331
00039029.jpg,331
00039030.jpg,331
00039031.jpg,331
00039032.jpg,331
00039033.jpg,331
00039034.jpg,331
00039035.jpg,331
00039036.jpg,331
00039037.jpg,331
00039038.jpg,331
00039039.jpg,331
00039040.jpg,331
00039041.jpg,331
00039042.jpg,331
00039043.jpg,331
00039044.jpg,331
00039045.jpg,331
00039046.jpg,331
00039047.jpg,331
00039048.jpg,331
00039049.jpg,331
00039050.jpg,331
00039051.jpg,331
00039052.jpg,331
00039053.jpg,331
00039054.jpg,331
00039055.jpg,331
00039056.jpg,331
00039057.jpg,331
00039058.jpg,331
00039059.jpg,331
00039060.jpg,331
00039061.jpg,331
00039062.jpg,331
00039063.jpg,331
00039064.jpg,331
00039065.jpg,331
00039066.jpg,331
00039067.jpg,331
00039068.jpg,331
00039069.jpg,331
00039070.jpg,331
00039071.jpg,331
00039072.jpg,331
00039073.jpg,331
00039074.jpg,331
00039075.jpg,331
00039076.jpg,331
00039077.jpg,331
00039078.jpg,331
00039079.jpg,331
00039080.jpg,331
00039081.jpg,331
00039082.jpg,331
00039083.jpg,331
00039084.jpg,331
00039085.jpg,331
00039086.jpg,332
00039087.jpg,332
00039088.jpg,332
00039089.jpg,332
00039090.jpg,332
00039091.jpg,332
00039092.jpg,332
00039093.jpg,332
00039094.jpg,332
00039095.jpg,332
00039096.jpg,332
00039097.jpg,332
00039098.jpg,332
00039099.jpg,332
00039100.jpg,332
00039101.jpg,332
00039102.jpg,332
00039103.jpg,332
00039104.jpg,332
00039105.jpg,332
00039106.jpg,332
00039107.jpg,332
00039108.jpg,332
00039109.jpg,332
00039110.jpg,332
00039111.jpg,332
00039112.jpg,332
00039113.jpg,332
00039114.jpg,332
00039115.jpg,332
00039116.jpg,332
00039117.jpg,332
00039118.jpg,332
00039119.jpg,332
00039120.jpg,332
00039121.jpg,332
00039122.jpg,332
00039123.jpg,332
00039124.jpg,332
00039125.jpg,332
00039126.jpg,332
00039127.jpg,332
00039128.jpg,332
00039129.jpg,332
00039130.jpg,332
00039131.jpg,332
00039132.jpg,332
00039133.jpg,332
00039134.jpg,332
00039135.jpg,332
00039136.jpg,332
00039137.jpg,332
00039138.jpg,332
00039139.jpg,332
00039140.jpg,332
00039141.jpg,332
00039142.jpg,332
00039143.jpg,332
00039144.jpg,332
00039145.jpg,332
00039146.jpg,332
00039147.jpg,332
00039148.jpg,332
00039149.jpg,332
00039150.jpg,332
00039151.jpg,332
00039152.jpg,332
00039153.jpg,332
00039154.jpg,332
00039155.jpg,332
00039156.jpg,332
00039157.jpg,332
00039158.jpg,332
00039159.jpg,332
00039160.jpg,332
00039161.jpg,332
00039162.jpg,332
00039163.jpg,332
00039164.jpg,332
00039165.jpg,332
00039166.jpg,332
00039167.jpg,332
00039168.jpg,332
00039169.jpg,332
00039170.jpg,332
00039171.jpg,332
00039172.jpg,332
00039173.jpg,332
00039174.jpg,332
00039175.jpg,332
00039176.jpg,332
00039177.jpg,332
00039178.jpg,332
00039179.jpg,332
00039180.jpg,332
00039181.jpg,332
00039182.jpg,332
00039183.jpg,332
00039184.jpg,332
00039185.jpg,332
00039186.jpg,332
00039187.jpg,332
00039188.jpg,332
00039189.jpg,332
00039190.jpg,332
00039191.jpg,332
00039192.jpg,332
00039193.jpg,332
00039194.jpg,332
00039195.jpg,332
00039196.jpg,332
00039197.jpg,332
00039198.jpg,332
00039199.jpg,332
00039200.jpg,332
00039201.jpg,332
00039202.jpg,332
00039203.jpg,333
00039204.jpg,333
00039205.jpg,333
00039206.jpg,333
00039207.jpg,333
00039208.jpg,333
00039209.jpg,333
00039210.jpg,333
00039211.jpg,333
00039212.jpg,333
00039213.jpg,333
00039214.jpg,333
00039215.jpg,333
00039216.jpg,333
00039217.jpg,333
00039218.jpg,333
00039219.jpg,333
00039220.jpg,333
00039221.jpg,333
00039222.jpg,333
00039223.jpg,333
00039224.jpg,333
00039225.jpg,333
00039226.jpg,333
00039227.jpg,333
00039228.jpg,333
00039229.jpg,333
00039230.jpg,333
00039231.jpg,333
00039232.jpg,333
00039233.jpg,333
00039234.jpg,333
00039235.jpg,333
00039236.jpg,333
00039237.jpg,333
00039238.jpg,333
00039239.jpg,333
00039240.jpg,333
00039241.jpg,333
00039242.jpg,333
00039243.jpg,333
00039244.jpg,333
00039245.jpg,333
00039246.jpg,333
00039247.jpg,333
00039248.jpg,333
00039249.jpg,333
00039250.jpg,333
00039251.jpg,333
00039252.jpg,333
00039253.jpg,333
00039254.jpg,333
00039255.jpg,333
00039256.jpg,333
00039257.jpg,333
00039258.jpg,333
00039259.jpg,333
00039260.jpg,333
00039261.jpg,333
00039262.jpg,333
00039263.jpg,333
00039264.jpg,333
00039265.jpg,333
00039266.jpg,333
00039267.jpg,333
00039268.jpg,333
00039269.jpg,333
00039270.jpg,333
00039271.jpg,333
00039272.jpg,333
00039273.jpg,333
00039274.jpg,333
00039275.jpg,333
00039276.jpg,333
00039277.jpg,333
00039278.jpg,333
00039279.jpg,333
00039280.jpg,333
00039281.jpg,333
00039282.jpg,333
00039283.jpg,333
00039284.jpg,333
00039285.jpg,333
00039286.jpg,333
00039287.jpg,333
00039288.jpg,333
00039289.jpg,333
00039290.jpg,333
00039291.jpg,333
00039292.jpg,333
00039293.jpg,333
00039294.jpg,333
00039295.jpg,333
00039296.jpg,333
00039297.jpg,333
00039298.jpg,333
00039299.jpg,333
00039300.jpg,333
00039301.jpg,333
00039302.jpg,333
00039303.jpg,333
00039304.jpg,333
00039305.jpg,333
00039306.jpg,333
00039307.jpg,333
00039308.jpg,333
00039309.jpg,333
00039310.jpg,333
00039311.jpg,333
00039312.jpg,333
00039313.jpg,333
00039314.jpg,333
00039315.jpg,333
00039316.jpg,333
00039317.jpg,333
00039318.jpg,333
00039319.jpg,333
00039320.jpg,334
00039321.jpg,334
00039322.jpg,334
00039323.jpg,334
00039324.jpg,334
00039325.jpg,334
00039326.jpg,334
00039327.jpg,334
00039328.jpg,334
00039329.jpg,334
00039330.jpg,334
00039331.jpg,334
00039332.jpg,334
00039333.jpg,334
00039334.jpg,334
00039335.jpg,334
00039336.jpg,334
00039337.jpg,334
00039338.jpg,334
00039339.jpg,334
00039340.jpg,334
00039341.jpg,334
00039342.jpg,334
00039343.jpg,334
00039344.jpg,334
00039345.jpg,334
00039346.jpg,334
00039347.jpg,334
00039348.jpg,334
00039349.jpg,334
00039350.jpg,334
00039351.jpg,334
00039352.jpg,334
00039353.jpg,334
00039354.jpg,334
00039355.jpg,334
00039356.jpg,334
00039357.jpg,334
00039358.jpg,334
00039359.jpg,334
00039360.jpg,334
00039361.jpg,334
00039362.jpg,334
00039363.jpg,334
00039364.jpg,334
00039365.jpg,334
00039366.jpg,334
00039367.jpg,334
00039368.jpg,334
00039369.jpg,334
00039370.jpg,334
00039371.jpg,334
00039372.jpg,334
00039373.jpg,334
00039374.jpg,334
00039375.jpg,334
00039376.jpg,334
00039377.jpg,334
00039378.jpg,334
00039379.jpg,334
00039380.jpg,334
00039381.jpg,334
00039382.jpg,334
00039383.jpg,334
00039384.jpg,334
00039385.jpg,334
00039386.jpg,334
00039387.jpg,334
00039388.jpg,334
00039389.jpg,334
00039390.jpg,334
00039391.jpg,334
00039392.jpg,334
00039393.jpg,334
00039394.jpg,334
00039395.jpg,334
00039396.jpg,334
00039397.jpg,334
00039398.jpg,334
00039399.jpg,334
00039400.jpg,334
00039401.jpg,334
00039402.jpg,334
00039403.jpg,334
00039404.jpg,334
00039405.jpg,334
00039406.jpg,334
00039407.jpg,334
00039408.jpg,334
00039409.jpg,334
00039410.jpg,334
00039411.jpg,334
00039412.jpg,334
00039413.jpg,334
00039414.jpg,334
00039415.jpg,334
00039416.jpg,334
00039417.jpg,334
00039418.jpg,334
00039419.jpg,334
00039420.jpg,334
00039421.jpg,334
00039422.jpg,334
00039423.jpg,334
00039424.jpg,334
00039425.jpg,334
00039426.jpg,334
00039427.jpg,334
00039428.jpg,334
00039429.jpg,334
00039430.jpg,334
00039431.jpg,334
00039432.jpg,334
00039433.jpg,334
00039434.jpg,334
00039435.jpg,334
00039436.jpg,334
00039437.jpg,335
00039438.jpg,335
00039439.jpg,335
00039440.jpg,335
00039441.jpg,335
00039442.jpg,335
00039443.jpg,335
00039444.jpg,335
00039445.jpg,335
00039446.jpg,335
00039447.jpg,335
00039448.jpg,335
00039449.jpg,335
00039450.jpg,335
00039451.jpg,335
00039452.jpg,335
00039453.jpg,335
00039454.jpg,335
00039455.jpg,335
00039456.jpg,335
00039457.jpg,335
00039458.jpg,335
00039459.jpg,335
00039460.jpg,335
00039461.jpg,335
00039462.jpg,335
00039463.jpg,335
00039464.jpg,335
00039465.jpg,335
00039466.jpg,335
00039467.jpg,335
00039468.jpg,335
00039469.jpg,335
00039470.jpg,335
00039471.jpg,335
00039472.jpg,335
00039473.jpg,335
00039474.jpg,335
00039475.jpg,335
00039476.jpg,335
00039477.jpg,335
00039478.jpg,335
00039479.jpg,335
00039480.jpg,335
00039481.jpg,335
00039482.jpg,335
00039483.jpg,335
00039484.jpg,335
00039485.jpg,335
00039486.jpg,335
00039487.jpg,335
00039488.jpg,335
00039489.jpg,335
00039490.jpg,335
00039491.jpg,335
00039492.jpg,335
00039493.jpg,335
00039494.jpg,335
00039495.jpg,335
00039496.jpg,335
00039497.jpg,335
00039498.jpg,335
00039499.jpg,335
00039500.jpg,335
00039501.jpg,335
00039502.jpg,335
00039503.jpg,335
00039504.jpg,335
00039505.jpg,335
00039506.jpg,335
00039507.jpg,335
00039508.jpg,335
00039509.jpg,335
00039510.jpg,335
00039511.jpg,335
00039512.jpg,335
00039513.jpg,335
00039514.jpg,335
00039515.jpg,335
00039516.jpg,335
00039517.jpg,335
00039518.jpg,335
00039519.jpg,335
00039520.jpg,335
00039521.jpg,335
00039522.jpg,335
00039523.jpg,335
00039524.jpg,335
00039525.jpg,335
00039526.jpg,335
00039527.jpg,335
00039528.jpg,335
00039529.jpg,335
00039530.jpg,335
00039531.jpg,335
00039532.jpg,335
00039533.jpg,335
00039534.jpg,335
00039535.jpg,335
00039536.jpg,335
00039537.jpg,335
00039538.jpg,335
00039539.jpg,335
00039540.jpg,335
00039541.jpg,335
00039542.jpg,335
00039543.jpg,335
00039544.jpg,335
00039545.jpg,335
00039546.jpg,335
00039547.jpg,335
00039548.jpg,335
00039549.jpg,335
00039550.jpg,335
00039551.jpg,335
00039552.jpg,335
00039553.jpg,335
00039554.jpg,336
00039555.jpg,336
00039556.jpg,336
00039557.jpg,336
00039558.jpg,336
00039559.jpg,336
00039560.jpg,336
00039561.jpg,336
00039562.jpg,336
00039563.jpg,336
00039564.jpg,336
00039565.jpg,336
00039566.jpg,336
00039567.jpg,336
00039568.jpg,336
00039569.jpg,336
00039570.jpg,336
00039571.jpg,336
00039572.jpg,336
00039573.jpg,336
00039574.jpg,336
00039575.jpg,336
00039576.jpg,336
00039577.jpg,336
00039578.jpg,336
00039579.jpg,336
00039580.jpg,336
00039581.jpg,336
00039582.jpg,336
00039583.jpg,336
00039584.jpg,336
00039585.jpg,336
00039586.jpg,336
00039587.jpg,336
00039588.jpg,336
00039589.jpg,336
00039590.jpg,336
00039591.jpg,336
00039592.jpg,336
00039593.jpg,336
00039594.jpg,336
00039595.jpg,336
00039596.jpg,336
00039597.jpg,336
00039598.jpg,336
00039599.jpg,336
00039600.jpg,336
00039601.jpg,336
00039602.jpg,336
00039603.jpg,336
00039604.jpg,336
00039605.jpg,336
00039606.jpg,336
00039607.jpg,336
00039608.jpg,336
00039609.jpg,336
00039610.jpg,336
00039611.jpg,336
00039612.jpg,336
00039613.jpg,336
00039614.jpg,336
00039615.jpg,336
00039616.jpg,336
00039617.jpg,336
00039618.jpg,336
00039619.jpg,336
00039620.jpg,336
00039621.jpg,336
00039622.jpg,336
00039623.jpg,336
00039624.jpg,336
00039625.jpg,336
00039626.jpg,336
00039627.jpg,336
00039628.jpg,336
00039629.jpg,336
00039630.jpg,336
00039631.jpg,336
00039632.jpg,336
00039633.jpg,336
00039634.jpg,336
00039635.jpg,336
00039636.jpg,336
00039637.jpg,336
00039638.jpg,336
00039639.jpg,336
00039640.jpg,336
00039641.jpg,336
00039642.jpg,336
00039643.jpg,336
00039644.jpg,336
00039645.jpg,336
00039646.jpg,336
00039647.jpg,336
00039648.jpg,336
00039649.jpg,336
00039650.jpg,336
00039651.jpg,336
00039652.jpg,336
00039653.jpg,336
00039654.jpg,336
00039655.jpg,336
00039656.jpg,336
00039657.jpg,336
00039658.jpg,336
00039659.jpg,336
00039660.jpg,336
00039661.jpg,336
00039662.jpg,336
00039663.jpg,336
00039664.jpg,336
00039665.jpg,336
00039666.jpg,336
00039667.jpg,336
00039668.jpg,336
00039669.jpg,336
00039670.jpg,336
00039671.jpg,337
00039672.jpg,337
00039673.jpg,337
00039674.jpg,337
00039675.jpg,337
00039676.jpg,337
00039677.jpg,337
00039678.jpg,337
00039679.jpg,337
00039680.jpg,337
00039681.jpg,337
00039682.jpg,337
00039683.jpg,337
00039684.jpg,337
00039685.jpg,337
00039686.jpg,337
00039687.jpg,337
00039688.jpg,337
00039689.jpg,337
00039690.jpg,337
00039691.jpg,337
00039692.jpg,337
00039693.jpg,337
00039694.jpg,337
00039695.jpg,337
00039696.jpg,337
00039697.jpg,337
00039698.jpg,337
00039699.jpg,337
00039700.jpg,337
00039701.jpg,337
00039702.jpg,337
00039703.jpg,337
00039704.jpg,337
00039705.jpg,337
00039706.jpg,337
00039707.jpg,337
00039708.jpg,337
00039709.jpg,337
00039710.jpg,337
00039711.jpg,337
00039712.jpg,337
00039713.jpg,337
00039714.jpg,337
00039715.jpg,337
00039716.jpg,337
00039717.jpg,337
00039718.jpg,337
00039719.jpg,337
00039720.jpg,337
00039721.jpg,337
00039722.jpg,337
00039723.jpg,337
00039724.jpg,337
00039725.jpg,337
00039726.jpg,337
00039727.jpg,337
00039728.jpg,337
00039729.jpg,337
00039730.jpg,337
00039731.jpg,337
00039732.jpg,337
00039733.jpg,337
00039734.jpg,337
00039735.jpg,337
00039736.jpg,337
00039737.jpg,337
00039738.jpg,337
00039739.jpg,337
00039740.jpg,337
00039741.jpg,337
00039742.jpg,337
00039743.jpg,337
00039744.jpg,337
00039745.jpg,337
00039746.jpg,337
00039747.jpg,337
00039748.jpg,337
00039749.jpg,337
00039750.jpg,337
00039751.jpg,337
00039752.jpg,337
00039753.jpg,337
00039754.jpg,337
00039755.jpg,337
00039756.jpg,337
00039757.jpg,337
00039758.jpg,337
00039759.jpg,337
00039760.jpg,337
00039761.jpg,337
00039762.jpg,337
00039763.jpg,337
00039764.jpg,337
00039765.jpg,337
00039766.jpg,337
00039767.jpg,337
00039768.jpg,337
00039769.jpg,337
00039770.jpg,337
00039771.jpg,337
00039772.jpg,337
00039773.jpg,337
00039774.jpg,337
00039775.jpg,337
00039776.jpg,337
00039777.jpg,337
00039778.jpg,337
00039779.jpg,337
00039780.jpg,337
00039781.jpg,337
00039782.jpg,337
00039783.jpg,337
00039784.jpg,337
00039785.jpg,337
00039786.jpg,337
00039787.jpg,337
00039788.jpg,338
00039789.jpg,338
00039790.jpg,338
00039791.jpg,338
00039792.jpg,338
00039793.jpg,338
00039794.jpg,338
00039795.jpg,338
00039796.jpg,338
00039797.jpg,338
00039798.jpg,338
00039799.jpg,338
00039800.jpg,338
00039801.jpg,338
00039802.jpg,338
00039803.jpg,338
00039804.jpg,338
00039805.jpg,338
00039806.jpg,338
00039807.jpg,338
00039808.jpg,338
00039809.jpg,338
00039810.jpg,338
00039811.jpg,338
00039812.jpg,338
00039813.jpg,338
00039814.jpg,338
00039815.jpg,338
00039816.jpg,338
00039817.jpg,338
00039818.jpg,338
00039819.jpg,338
00039820.jpg,338
00039821.jpg,338
00039822.jpg,338
00039823.jpg,338
00039824.jpg,338
00039825.jpg,338
00039826.jpg,338
00039827.jpg,338
00039828.jpg,338
00039829.jpg,338
00039830.jpg,338
00039831.jpg,338
00039832.jpg,338
00039833.jpg,338
00039834.jpg,338
00039835.jpg,338
00039836.jpg,338
00039837.jpg,338
00039838.jpg,338
00039839.jpg,338
00039840.jpg,338
00039841.jpg,338
00039842.jpg,338
00039843.jpg,338
00039844.jpg,338
00039845.jpg,338
00039846.jpg,338
00039847.jpg,338
00039848.jpg,338
00039849.jpg,338
00039850.jpg,338
00039851.jpg,338
00039852.jpg,338
00039853.jpg,338
00039854.jpg,338
00039855.jpg,338
00039856.jpg,338
00039857.jpg,338
00039858.jpg,338
00039859.jpg,338
00039860.jpg,338
00039861.jpg,338
00039862.jpg,338
00039863.jpg,338
00039864.jpg,338
00039865.jpg,338
00039866.jpg,338
00039867.jpg,338
00039868.jpg,338
00039869.jpg,338
00039870.jpg,338
00039871.jpg,338
00039872.jpg,338
00039873.jpg,338
00039874.jpg,338
00039875.jpg,338
00039876.jpg,338
00039877.jpg,338
00039878.jpg,338
00039879.jpg,338
00039880.jpg,338
00039881.jpg,338
00039882.jpg,338
00039883.jpg,338
00039884.jpg,338
00039885.jpg,338
00039886.jpg,338
00039887.jpg,338
00039888.jpg,338
00039889.jpg,338
00039890.jpg,338
00039891.jpg,338
00039892.jpg,338
00039893.jpg,338
00039894.jpg,338
00039895.jpg,338
00039896.jpg,338
00039897.jpg,338
00039898.jpg,338
00039899.jpg,338
00039900.jpg,338
00039901.jpg,338
00039902.jpg,338
00039903.jpg,338
00039904.jpg,338
00039905.jpg,339
00039906.jpg,339
00039907.jpg,339
00039908.jpg,339
00039909.jpg,339
00039910.jpg,339
00039911.jpg,339
00039912.jpg,339
00039913.jpg,339
00039914.jpg,339
00039915.jpg,339
00039916.jpg,339
00039917.jpg,339
00039918.jpg,339
00039919.jpg,339
00039920.jpg,339
00039921.jpg,339
00039922.jpg,339
00039923.jpg,339
00039924.jpg,339
00039925.jpg,339
00039926.jpg,339
00039927.jpg,339
00039928.jpg,339
00039929.jpg,339
00039930.jpg,339
00039931.jpg,339
00039932.jpg,339
00039933.jpg,339
00039934.jpg,339
00039935.jpg,339
00039936.jpg,339
00039937.jpg,339
00039938.jpg,339
00039939.jpg,339
00039940.jpg,339
00039941.jpg,339
00039942.jpg,339
00039943.jpg,339
00039944.jpg,339
00039945.jpg,339
00039946.jpg,339
00039947.jpg,339
00039948.jpg,339
00039949.jpg,339
00039950.jpg,339
00039951.jpg,339
00039952.jpg,339
00039953.jpg,339
00039954.jpg,339
00039955.jpg,339
00039956.jpg,339
00039957.jpg,339
00039958.jpg,339
00039959.jpg,339
00039960.jpg,339
00039961.jpg,339
00039962.jpg,339
00039963.jpg,339
00039964.jpg,339
00039965.jpg,339
00039966.jpg,339
00039967.jpg,339
00039968.jpg,339
00039969.jpg,339
00039970.jpg,339
00039971.jpg,339
00039972.jpg,339
00039973.jpg,339
00039974.jpg,339
00039975.jpg,339
00039976.jpg,339
00039977.jpg,339
00039978.jpg,339
00039979.jpg,339
00039980.jpg,339
00039981.jpg,339
00039982.jpg,339
00039983.jpg,339
00039984.jpg,339
00039985.jpg,339
00039986.jpg,339
00039987.jpg,339
00039988.jpg,339
00039989.jpg,339
00039990.jpg,339
00039991.jpg,339
00039992.jpg,339
00039993.jpg,339
00039994.jpg,339
00039995.jpg,339
00039996.jpg,339
00039997.jpg,339
00039998.jpg,339
00039999.jpg,339
00040000.jpg,339
00040001.jpg,339
00040002.jpg,339
00040003.jpg,339
00040004.jpg,339
00040005.jpg,339
00040006.jpg,339
00040007.jpg,339
00040008.jpg,339
00040009.jpg,339
00040010.jpg,339
00040011.jpg,339
00040012.jpg,339
00040013.jpg,339
00040014.jpg,339
00040015.jpg,339
00040016.jpg,339
00040017.jpg,339
00040018.jpg,339
00040019.jpg,339
00040020.jpg,339
00040021.jpg,339
00040022.jpg,340
00040023.jpg,340
00040024.jpg,340
00040025.jpg,340
00040026.jpg,340
00040027.jpg,340
00040028.jpg,340
00040029.jpg,340
00040030.jpg,340
00040031.jpg,340
00040032.jpg,340
00040033.jpg,340
00040034.jpg,340
00040035.jpg,340
00040036.jpg,340
00040037.jpg,340
00040038.jpg,340
00040039.jpg,340
00040040.jpg,340
00040041.jpg,340
00040042.jpg,340
00040043.jpg,340
00040044.jpg,340
00040045.jpg,340
00040046.jpg,340
00040047.jpg,340
00040048.jpg,340
00040049.jpg,340
00040050.jpg,340
00040051.jpg,340
00040052.jpg,340
00040053.jpg,340
00040054.jpg,340
00040055.jpg,340
00040056.jpg,340
00040057.jpg,340
00040058.jpg,340
00040059.jpg,340
00040060.jpg,340
00040061.jpg,340
00040062.jpg,340
00040063.jpg,340
00040064.jpg,340
00040065.jpg,340
00040066.jpg,340
00040067.jpg,340
00040068.jpg,340
00040069.jpg,340
00040070.jpg,340
00040071.jpg,340
00040072.jpg,340
00040073.jpg,340
00040074.jpg,340
00040075.jpg,340
00040076.jpg,340
00040077.jpg,340
00040078.jpg,340
00040079.jpg,340
00040080.jpg,340
00040081.jpg,340
00040082.jpg,340
00040083.jpg,340
00040084.jpg,340
00040085.jpg,340
00040086.jpg,340
00040087.jpg,340
00040088.jpg,340
00040089.jpg,340
00040090.jpg,340
00040091.jpg,340
00040092.jpg,340
00040093.jpg,340
00040094.jpg,340
00040095.jpg,340
00040096.jpg,340
00040097.jpg,340
00040098.jpg,340
00040099.jpg,340
00040100.jpg,340
00040101.jpg,340
00040102.jpg,340
00040103.jpg,340
00040104.jpg,340
00040105.jpg,340
00040106.jpg,340
00040107.jpg,340
00040108.jpg,340
00040109.jpg,340
00040110.jpg,340
00040111.jpg,340
00040112.jpg,340
00040113.jpg,340
00040114.jpg,340
00040115.jpg,340
00040116.jpg,340
00040117.jpg,340
00040118.jpg,340
00040119.jpg,340
00040120.jpg,340
00040121.jpg,340
00040122.jpg,340
00040123.jpg,340
00040124.jpg,340
00040125.jpg,340
00040126.jpg,340
00040127.jpg,340
00040128.jpg,340
00040129.jpg,340
00040130.jpg,340
00040131.jpg,340
00040132.jpg,340
00040133.jpg,340
00040134.jpg,340
00040135.jpg,340
00040136.jpg,340
00040137.jpg,340
00040138.jpg,340
00040139.jpg,341
00040140.jpg,341
00040141.jpg,341
00040142.jpg,341
00040143.jpg,341
00040144.jpg,341
00040145.jpg,341
00040146.jpg,341
00040147.jpg,341
00040148.jpg,341
00040149.jpg,341
00040150.jpg,341
00040151.jpg,341
00040152.jpg,341
00040153.jpg,341
00040154.jpg,341
00040155.jpg,341
00040156.jpg,341
00040157.jpg,341
00040158.jpg,341
00040159.jpg,341
00040160.jpg,341
00040161.jpg,341
00040162.jpg,341
00040163.jpg,341
00040164.jpg,341
00040165.jpg,341
00040166.jpg,341
00040167.jpg,341
00040168.jpg,341
00040169.jpg,341
00040170.jpg,341
00040171.jpg,341
00040172.jpg,341
00040173.jpg,341
00040174.jpg,341
00040175.jpg,341
00040176.jpg,341
00040177.jpg,341
00040178.jpg,341
00040179.jpg,341
00040180.jpg,341
00040181.jpg,341
00040182.jpg,341
00040183.jpg,341
00040184.jpg,341
00040185.jpg,341
00040186.jpg,341
00040187.jpg,341
00040188.jpg,341
00040189.jpg,341
00040190.jpg,341
00040191.jpg,341
00040192.jpg,341
00040193.jpg,341
00040194.jpg,341
00040195.jpg,341
00040196.jpg,341
00040197.jpg,341
00040198.jpg,341
00040199.jpg,341
00040200.jpg,341
00040201.jpg,341
00040202.jpg,341
00040203.jpg,341
00040204.jpg,341
00040205.jpg,341
00040206.jpg,341
00040207.jpg,341
00040208.jpg,341
00040209.jpg,341
00040210.jpg,341
00040211.jpg,341
00040212.jpg,341
00040213.jpg,341
00040214.jpg,341
00040215.jpg,341
00040216.jpg,341
00040217.jpg,341
00040218.jpg,341
00040219.jpg,341
00040220.jpg,341
00040221.jpg,341
00040222.jpg,341
00040223.jpg,341
00040224.jpg,341
00040225.jpg,341
00040226.jpg,341
00040227.jpg,341
00040228.jpg,341
00040229.jpg,341
00040230.jpg,341
00040231.jpg,341
00040232.jpg,341
00040233.jpg,341
00040234.jpg,341
00040235.jpg,341
00040236.jpg,341
00040237.jpg,341
00040238.jpg,341
00040239.jpg,341
00040240.jpg,341
00040241.jpg,341
00040242.jpg,341
00040243.jpg,341
00040244.jpg,341
00040245.jpg,341
00040246.jpg,341
00040247.jpg,341
00040248.jpg,341
00040249.jpg,341
00040250.jpg,341
00040251.jpg,341
00040252.jpg,341
00040253.jpg,341
00040254.jpg,341
00040255.jpg,341
00040256.jpg,342
00040257.jpg,342
00040258.jpg,342
00040259.jpg,342
00040260.jpg,342
00040261.jpg,342
00040262.jpg,342
00040263.jpg,342
00040264.jpg,342
00040265.jpg,342
00040266.jpg,342
00040267.jpg,342
00040268.jpg,342
00040269.jpg,342
00040270.jpg,342
00040271.jpg,342
00040272.jpg,342
00040273.jpg,342
00040274.jpg,342
00040275.jpg,342
00040276.jpg,342
00040277.jpg,342
00040278.jpg,342
00040279.jpg,342
00040280.jpg,342
00040281.jpg,342
00040282.jpg,342
00040283.jpg,342
00040284.jpg,342
00040285.jpg,342
00040286.jpg,342
00040287.jpg,342
00040288.jpg,342
00040289.jpg,342
00040290.jpg,342
00040291.jpg,342
00040292.jpg,342
00040293.jpg,342
00040294.jpg,342
00040295.jpg,342
00040296.jpg,342
00040297.jpg,342
00040298.jpg,342
00040299.jpg,342
00040300.jpg,342
00040301.jpg,342
00040302.jpg,342
00040303.jpg,342
00040304.jpg,342
00040305.jpg,342
00040306.jpg,342
00040307.jpg,342
00040308.jpg,342
00040309.jpg,342
00040310.jpg,342
00040311.jpg,342
00040312.jpg,342
00040313.jpg,342
00040314.jpg,342
00040315.jpg,342
00040316.jpg,342
00040317.jpg,342
00040318.jpg,342
00040319.jpg,342
00040320.jpg,342
00040321.jpg,342
00040322.jpg,342
00040323.jpg,342
00040324.jpg,342
00040325.jpg,342
00040326.jpg,342
00040327.jpg,342
00040328.jpg,342
00040329.jpg,342
00040330.jpg,342
00040331.jpg,342
00040332.jpg,342
00040333.jpg,342
00040334.jpg,342
00040335.jpg,342
00040336.jpg,342
00040337.jpg,342
00040338.jpg,342
00040339.jpg,342
00040340.jpg,342
00040341.jpg,342
00040342.jpg,342
00040343.jpg,342
00040344.jpg,342
00040345.jpg,342
00040346.jpg,342
00040347.jpg,342
00040348.jpg,342
00040349.jpg,342
00040350.jpg,342
00040351.jpg,342
00040352.jpg,342
00040353.jpg,342
00040354.jpg,342
00040355.jpg,342
00040356.jpg,342
00040357.jpg,342
00040358.jpg,342
00040359.jpg,342
00040360.jpg,342
00040361.jpg,342
00040362.jpg,342
00040363.jpg,342
00040364.jpg,342
00040365.jpg,342
00040366.jpg,342
00040367.jpg,342
00040368.jpg,342
00040369.jpg,342
00040370.jpg,342
00040371.jpg,342
00040372.jpg,342
00040373.jpg,343
00040374.jpg,343
00040375.jpg,343
00040376.jpg,343
00040377.jpg,343
00040378.jpg,343
00040379.jpg,343
00040380.jpg,343
00040381.jpg,343
00040382.jpg,343
00040383.jpg,343
00040384.jpg,343
00040385.jpg,343
00040386.jpg,343
00040387.jpg,343
00040388.jpg,343
00040389.jpg,343
00040390.jpg,343
00040391.jpg,343
00040392.jpg,343
00040393.jpg,343
00040394.jpg,343
00040395.jpg,343
00040396.jpg,343
00040397.jpg,343
00040398.jpg,343
00040399.jpg,343
00040400.jpg,343
00040401.jpg,343
00040402.jpg,343
00040403.jpg,343
00040404.jpg,343
00040405.jpg,343
00040406.jpg,343
00040407.jpg,343
00040408.jpg,343
00040409.jpg,343
00040410.jpg,343
00040411.jpg,343
00040412.jpg,343
00040413.jpg,343
00040414.jpg,343
00040415.jpg,343
00040416.jpg,343
00040417.jpg,343
00040418.jpg,343
00040419.jpg,343
00040420.jpg,343
00040421.jpg,343
00040422.jpg,343
00040423.jpg,343
00040424.jpg,343
00040425.jpg,343
00040426.jpg,343
00040427.jpg,343
00040428.jpg,343
00040429.jpg,343
00040430.jpg,343
00040431.jpg,343
00040432.jpg,343
00040433.jpg,343
00040434.jpg,343
00040435.jpg,343
00040436.jpg,343
00040437.jpg,343
00040438.jpg,343
00040439.jpg,343
00040440.jpg,343
00040441.jpg,343
00040442.jpg,343
00040443.jpg,343
00040444.jpg,343
00040445.jpg,343
00040446.jpg,343
00040447.jpg,343
00040448.jpg,343
00040449.jpg,343
00040450.jpg,343
00040451.jpg,343
00040452.jpg,343
00040453.jpg,343
00040454.jpg,343
00040455.jpg,343
00040456.jpg,343
00040457.jpg,343
00040458.jpg,343
00040459.jpg,343
00040460.jpg,343
00040461.jpg,343
00040462.jpg,343
00040463.jpg,343
00040464.jpg,343
00040465.jpg,343
00040466.jpg,343
00040467.jpg,343
00040468.jpg,343
00040469.jpg,343
00040470.jpg,343
00040471.jpg,343
00040472.jpg,343
00040473.jpg,343
00040474.jpg,343
00040475.jpg,343
00040476.jpg,343
00040477.jpg,343
00040478.jpg,343
00040479.jpg,343
00040480.jpg,343
00040481.jpg,343
00040482.jpg,343
00040483.jpg,343
00040484.jpg,343
00040485.jpg,343
00040486.jpg,343
00040487.jpg,343
00040488.jpg,343
00040489.jpg,343
00040490.jpg,344
00040491.jpg,344
00040492.jpg,344
00040493.jpg,344
00040494.jpg,344
00040495.jpg,344
00040496.jpg,344
00040497.jpg,344
00040498.jpg,344
00040499.jpg,344
00040500.jpg,344
00040501.jpg,344
00040502.jpg,344
00040503.jpg,344
00040504.jpg,344
00040505.jpg,344
00040506.jpg,344
00040507.jpg,344
00040508.jpg,344
00040509.jpg,344
00040510.jpg,344
00040511.jpg,344
00040512.jpg,344
00040513.jpg,344
00040514.jpg,344
00040515.jpg,344
00040516.jpg,344
00040517.jpg,344
00040518.jpg,344
00040519.jpg,344
00040520.jpg,344
00040521.jpg,344
00040522.jpg,344
00040523.jpg,344
00040524.jpg,344
00040525.jpg,344
00040526.jpg,344
00040527.jpg,344
00040528.jpg,344
00040529.jpg,344
00040530.jpg,344
00040531.jpg,344
00040532.jpg,344
00040533.jpg,344
00040534.jpg,344
00040535.jpg,344
00040536.jpg,344
00040537.jpg,344
00040538.jpg,344
00040539.jpg,344
00040540.jpg,344
00040541.jpg,344
00040542.jpg,344
00040543.jpg,344
00040544.jpg,344
00040545.jpg,344
00040546.jpg,344
00040547.jpg,344
00040548.jpg,344
00040549.jpg,344
00040550.jpg,344
00040551.jpg,344
00040552.jpg,344
00040553.jpg,344
00040554.jpg,344
00040555.jpg,344
00040556.jpg,344
00040557.jpg,344
00040558.jpg,344
00040559.jpg,344
00040560.jpg,344
00040561.jpg,344
00040562.jpg,344
00040563.jpg,344
00040564.jpg,344
00040565.jpg,344
00040566.jpg,344
00040567.jpg,344
00040568.jpg,344
00040569.jpg,344
00040570.jpg,344
00040571.jpg,344
00040572.jpg,344
00040573.jpg,344
00040574.jpg,344
00040575.jpg,344
00040576.jpg,344
00040577.jpg,344
00040578.jpg,344
00040579.jpg,344
00040580.jpg,344
00040581.jpg,344
00040582.jpg,344
00040583.jpg,344
00040584.jpg,344
00040585.jpg,344
00040586.jpg,344
00040587.jpg,344
00040588.jpg,344
00040589.jpg,344
00040590.jpg,344
00040591.jpg,344
00040592.jpg,344
00040593.jpg,344
00040594.jpg,344
00040595.jpg,344
00040596.jpg,344
00040597.jpg,344
00040598.jpg,344
00040599.jpg,344
00040600.jpg,344
00040601.jpg,344
00040602.jpg,344
00040603.jpg,344
00040604.jpg,344
00040605.jpg,344
00040606.jpg,344
00040607.jpg,345
00040608.jpg,345
00040609.jpg,345
00040610.jpg,345
00040611.jpg,345
00040612.jpg,345
00040613.jpg,345
00040614.jpg,345
00040615.jpg,345
00040616.jpg,345
00040617.jpg,345
00040618.jpg,345
00040619.jpg,345
00040620.jpg,345
00040621.jpg,345
00040622.jpg,345
00040623.jpg,345
00040624.jpg,345
00040625.jpg,345
00040626.jpg,345
00040627.jpg,345
00040628.jpg,345
00040629.jpg,345
00040630.jpg,345
00040631.jpg,345
00040632.jpg,345
00040633.jpg,345
00040634.jpg,345
00040635.jpg,345
00040636.jpg,345
00040637.jpg,345
00040638.jpg,345
00040639.jpg,345
00040640.jpg,345
00040641.jpg,345
00040642.jpg,345
00040643.jpg,345
00040644.jpg,345
00040645.jpg,345
00040646.jpg,345
00040647.jpg,345
00040648.jpg,345
00040649.jpg,345
00040650.jpg,345
00040651.jpg,345
00040652.jpg,345
00040653.jpg,345
00040654.jpg,345
00040655.jpg,345
00040656.jpg,345
00040657.jpg,345
00040658.jpg,345
00040659.jpg,345
00040660.jpg,345
00040661.jpg,345
00040662.jpg,345
00040663.jpg,345
00040664.jpg,345
00040665.jpg,345
00040666.jpg,345
00040667.jpg,345
00040668.jpg,345
00040669.jpg,345
00040670.jpg,345
00040671.jpg,345
00040672.jpg,345
00040673.jpg,345
00040674.jpg,345
00040675.jpg,345
00040676.jpg,345
00040677.jpg,345
00040678.jpg,345
00040679.jpg,345
00040680.jpg,345
00040681.jpg,345
00040682.jpg,345
00040683.jpg,345
00040684.jpg,345
00040685.jpg,345
00040686.jpg,345
00040687.jpg,345
00040688.jpg,345
00040689.jpg,345
00040690.jpg,345
00040691.jpg,345
00040692.jpg,345
00040693.jpg,345
00040694.jpg,345
00040695.jpg,345
00040696.jpg,345
00040697.jpg,345
00040698.jpg,345
00040699.jpg,345
00040700.jpg,345
00040701.jpg,345
00040702.jpg,345
00040703.jpg,345
00040704.jpg,345
00040705.jpg,345
00040706.jpg,345
00040707.jpg,345
00040708.jpg,345
00040709.jpg,345
00040710.jpg,345
00040711.jpg,345
00040712.jpg,345
00040713.jpg,345
00040714.jpg,345
00040715.jpg,345
00040716.jpg,345
00040717.jpg,345
00040718.jpg,345
00040719.jpg,345
00040720.jpg,345
00040721.jpg,345
00040722.jpg,345
00040723.jpg,345
00040724.jpg,346
00040725.jpg,346
00040726.jpg,346
00040727.jpg,346
00040728.jpg,346
00040729.jpg,346
00040730.jpg,346
00040731.jpg,346
00040732.jpg,346
00040733.jpg,346
00040734.jpg,346
00040735.jpg,346
00040736.jpg,346
00040737.jpg,346
00040738.jpg,346
00040739.jpg,346
00040740.jpg,346
00040741.jpg,346
00040742.jpg,346
00040743.jpg,346
00040744.jpg,346
00040745.jpg,346
00040746.jpg,346
00040747.jpg,346
00040748.jpg,346
00040749.jpg,346
00040750.jpg,346
00040751.jpg,346
00040752.jpg,346
00040753.jpg,346
00040754.jpg,346
00040755.jpg,346
00040756.jpg,346
00040757.jpg,346
00040758.jpg,346
00040759.jpg,346
00040760.jpg,346
00040761.jpg,346
00040762.jpg,346
00040763.jpg,346
00040764.jpg,346
00040765.jpg,346
00040766.jpg,346
00040767.jpg,346
00040768.jpg,346
00040769.jpg,346
00040770.jpg,346
00040771.jpg,346
00040772.jpg,346
00040773.jpg,346
00040774.jpg,346
00040775.jpg,346
00040776.jpg,346
00040777.jpg,346
00040778.jpg,346
00040779.jpg,346
00040780.jpg,346
00040781.jpg,346
00040782.jpg,346
00040783.jpg,346
00040784.jpg,346
00040785.jpg,346
00040786.jpg,346
00040787.jpg,346
00040788.jpg,346
00040789.jpg,346
00040790.jpg,346
00040791.jpg,346
00040792.jpg,346
00040793.jpg,346
00040794.jpg,346
00040795.jpg,346
00040796.jpg,346
00040797.jpg,346
00040798.jpg,346
00040799.jpg,346
00040800.jpg,346
00040801.jpg,346
00040802.jpg,346
00040803.jpg,346
00040804.jpg,346
00040805.jpg,346
00040806.jpg,346
00040807.jpg,346
00040808.jpg,346
00040809.jpg,346
00040810.jpg,346
00040811.jpg,346
00040812.jpg,346
00040813.jpg,346
00040814.jpg,346
00040815.jpg,346
00040816.jpg,346
00040817.jpg,346
00040818.jpg,346
00040819.jpg,346
00040820.jpg,346
00040821.jpg,346
00040822.jpg,346
00040823.jpg,346
00040824.jpg,346
00040825.jpg,346
00040826.jpg,346
00040827.jpg,346
00040828.jpg,346
00040829.jpg,346
00040830.jpg,346
00040831.jpg,346
00040832.jpg,346
00040833.jpg,346
00040834.jpg,346
00040835.jpg,346
00040836.jpg,346
00040837.jpg,346
00040838.jpg,346
00040839.jpg,346
00040840.jpg,346
00040841.jpg,347
00040842.jpg,347
00040843.jpg,347
00040844.jpg,347
00040845.jpg,347
00040846.jpg,347
00040847.jpg,347
00040848.jpg,347
00040849.jpg,347
00040850.jpg,347
00040851.jpg,347
00040852.jpg,347
00040853.jpg,347
00040854.jpg,347
00040855.jpg,347
00040856.jpg,347
00040857.jpg,347
00040858.jpg,347
00040859.jpg,347
00040860.jpg,347
00040861.jpg,347
00040862.jpg,347
00040863.jpg,347
00040864.jpg,347
00040865.jpg,347
00040866.jpg,347
00040867.jpg,347
00040868.jpg,347
00040869.jpg,347
00040870.jpg,347
00040871.jpg,347
00040872.jpg,347
00040873.jpg,347
00040874.jpg,347
00040875.jpg,347
00040876.jpg,347
00040877.jpg,347
00040878.jpg,347
00040879.jpg,347
00040880.jpg,347
00040881.jpg,347
00040882.jpg,347
00040883.jpg,347
00040884.jpg,347
00040885.jpg,347
00040886.jpg,347
00040887.jpg,347
00040888.jpg,347
00040889.jpg,347
00040890.jpg,347
00040891.jpg,347
00040892.jpg,347
00040893.jpg,347
00040894.jpg,347
00040895.jpg,347
00040896.jpg,347
00040897.jpg,347
00040898.jpg,347
00040899.jpg,347
00040900.jpg,347
00040901.jpg,347
00040902.jpg,347
00040903.jpg,347
00040904.jpg,347
00040905.jpg,347
00040906.jpg,347
00040907.jpg,347
00040908.jpg,347
00040909.jpg,347
00040910.jpg,347
00040911.jpg,347
00040912.jpg,347
00040913.jpg,347
00040914.jpg,347
00040915.jpg,347
00040916.jpg,347
00040917.jpg,347
00040918.jpg,347
00040919.jpg,347
00040920.jpg,347
00040921.jpg,347
00040922.jpg,347
00040923.jpg,347
00040924.jpg,347
00040925.jpg,347
00040926.jpg,347
00040927.jpg,347
00040928.jpg,347
00040929.jpg,347
00040930.jpg,347
00040931.jpg,347
00040932.jpg,347
00040933.jpg,347
00040934.jpg,347
00040935.jpg,347
00040936.jpg,347
00040937.jpg,347
00040938.jpg,347
00040939.jpg,347
00040940.jpg,347
00040941.jpg,347
00040942.jpg,347
00040943.jpg,347
00040944.jpg,347
00040945.jpg,347
00040946.jpg,347
00040947.jpg,347
00040948.jpg,347
00040949.jpg,347
00040950.jpg,347
00040951.jpg,347
00040952.jpg,347
00040953.jpg,347
00040954.jpg,347
00040955.jpg,347
00040956.jpg,347
00040957.jpg,347
00040958.jpg,348
00040959.jpg,348
00040960.jpg,348
00040961.jpg,348
00040962.jpg,348
00040963.jpg,348
00040964.jpg,348
00040965.jpg,348
00040966.jpg,348
00040967.jpg,348
00040968.jpg,348
00040969.jpg,348
00040970.jpg,348
00040971.jpg,348
00040972.jpg,348
00040973.jpg,348
00040974.jpg,348
00040975.jpg,348
00040976.jpg,348
00040977.jpg,348
00040978.jpg,348
00040979.jpg,348
00040980.jpg,348
00040981.jpg,348
00040982.jpg,348
00040983.jpg,348
00040984.jpg,348
00040985.jpg,348
00040986.jpg,348
00040987.jpg,348
00040988.jpg,348
00040989.jpg,348
00040990.jpg,348
00040991.jpg,348
00040992.jpg,348
00040993.jpg,348
00040994.jpg,348
00040995.jpg,348
00040996.jpg,348
00040997.jpg,348
00040998.jpg,348
00040999.jpg,348
00041000.jpg,348
00041001.jpg,348
00041002.jpg,348
00041003.jpg,348
00041004.jpg,348
00041005.jpg,348
00041006.jpg,348
00041007.jpg,348
00041008.jpg,348
00041009.jpg,348
00041010.jpg,348
00041011.jpg,348
00041012.jpg,348
00041013.jpg,348
00041014.jpg,348
00041015.jpg,348
00041016.jpg,348
00041017.jpg,348
00041018.jpg,348
00041019.jpg,348
00041020.jpg,348
00041021.jpg,348
00041022.jpg,348
00041023.jpg,348
00041024.jpg,348
00041025.jpg,348
00041026.jpg,348
00041027.jpg,348
00041028.jpg,348
00041029.jpg,348
00041030.jpg,348
00041031.jpg,348
00041032.jpg,348
00041033.jpg,348
00041034.jpg,348
00041035.jpg,348
00041036.jpg,348
00041037.jpg,348
00041038.jpg,348
00041039.jpg,348
00041040.jpg,348
00041041.jpg,348
00041042.jpg,348
00041043.jpg,348
00041044.jpg,348
00041045.jpg,348
00041046.jpg,348
00041047.jpg,348
00041048.jpg,348
00041049.jpg,348
00041050.jpg,348
00041051.jpg,348
00041052.jpg,348
00041053.jpg,348
00041054.jpg,348
00041055.jpg,348
00041056.jpg,348
00041057.jpg,348
00041058.jpg,348
00041059.jpg,348
00041060.jpg,348
00041061.jpg,348
00041062.jpg,348
00041063.jpg,348
00041064.jpg,348
00041065.jpg,348
00041066.jpg,348
00041067.jpg,348
00041068.jpg,348
00041069.jpg,348
00041070.jpg,348
00041071.jpg,348
00041072.jpg,348
00041073.jpg,348
00041074.jpg,348
00041075.jpg,349
00041076.jpg,349
00041077.jpg,349
00041078.jpg,349
00041079.jpg,349
00041080.jpg,349
00041081.jpg,349
00041082.jpg,349
00041083.jpg,349
00041084.jpg,349
00041085.jpg,349
00041086.jpg,349
00041087.jpg,349
00041088.jpg,349
00041089.jpg,349
00041090.jpg,349
00041091.jpg,349
00041092.jpg,349
00041093.jpg,349
00041094.jpg,349
00041095.jpg,349
00041096.jpg,349
00041097.jpg,349
00041098.jpg,349
00041099.jpg,349
00041100.jpg,349
00041101.jpg,349
00041102.jpg,349
00041103.jpg,349
00041104.jpg,349
00041105.jpg,349
00041106.jpg,349
00041107.jpg,349
00041108.jpg,349
00041109.jpg,349
00041110.jpg,349
00041111.jpg,349
00041112.jpg,349
00041113.jpg,349
00041114.jpg,349
00041115.jpg,349
00041116.jpg,349
00041117.jpg,349
00041118.jpg,349
00041119.jpg,349
00041120.jpg,349
00041121.jpg,349
00041122.jpg,349
00041123.jpg,349
00041124.jpg,349
00041125.jpg,349
00041126.jpg,349
00041127.jpg,349
00041128.jpg,349
00041129.jpg,349
00041130.jpg,349
00041131.jpg,349
00041132.jpg,349
00041133.jpg,349
00041134.jpg,349
00041135.jpg,349
00041136.jpg,349
00041137.jpg,349
00041138.jpg,349
00041139.jpg,349
00041140.jpg,349
00041141.jpg,349
00041142.jpg,349
00041143.jpg,349
00041144.jpg,349
00041145.jpg,349
00041146.jpg,349
00041147.jpg,349
00041148.jpg,349
00041149.jpg,349
00041150.jpg,349
00041151.jpg,349
00041152.jpg,349
00041153.jpg,349
00041154.jpg,349
00041155.jpg,349
00041156.jpg,349
00041157.jpg,349
00041158.jpg,349
00041159.jpg,349
00041160.jpg,349
00041161.jpg,349
00041162.jpg,349
00041163.jpg,349
00041164.jpg,349
00041165.jpg,349
00041166.jpg,349
00041167.jpg,349
00041168.jpg,349
00041169.jpg,349
00041170.jpg,349
00041171.jpg,349
00041172.jpg,349
00041173.jpg,349
00041174.jpg,349
00041175.jpg,349
00041176.jpg,349
00041177.jpg,349
00041178.jpg,349
00041179.jpg,349
00041180.jpg,349
00041181.jpg,349
00041182.jpg,349
00041183.jpg,349
00041184.jpg,349
00041185.jpg,349
00041186.jpg,349
00041187.jpg,349
00041188.jpg,349
00041189.jpg,349
00041190.jpg,349
00041191.jpg,349
00041192.jpg,350
00041193.jpg,350
00041194.jpg,350
00041195.jpg,350
00041196.jpg,350
00041197.jpg,350
00041198.jpg,350
00041199.jpg,350
00041200.jpg,350
00041201.jpg,350
00041202.jpg,350
00041203.jpg,350
00041204.jpg,350
00041205.jpg,350
00041206.jpg,350
00041207.jpg,350
00041208.jpg,350
00041209.jpg,350
00041210.jpg,350
00041211.jpg,350
00041212.jpg,350
00041213.jpg,350
00041214.jpg,350
00041215.jpg,350
00041216.jpg,350
00041217.jpg,350
00041218.jpg,350
00041219.jpg,350
00041220.jpg,350
00041221.jpg,350
00041222.jpg,350
00041223.jpg,350
00041224.jpg,350
00041225.jpg,350
00041226.jpg,350
00041227.jpg,350
00041228.jpg,350
00041229.jpg,350
00041230.jpg,350
00041231.jpg,350
00041232.jpg,350
00041233.jpg,350
00041234.jpg,350
00041235.jpg,350
00041236.jpg,350
00041237.jpg,350
00041238.jpg,350
00041239.jpg,350
00041240.jpg,350
00041241.jpg,350
00041242.jpg,350
00041243.jpg,350
00041244.jpg,350
00041245.jpg,350
00041246.jpg,350
00041247.jpg,350
00041248.jpg,350
00041249.jpg,350
00041250.jpg,350
00041251.jpg,350
00041252.jpg,350
00041253.jpg,350
00041254.jpg,350
00041255.jpg,350
00041256.jpg,350
00041257.jpg,350
00041258.jpg,350
00041259.jpg,350
00041260.jpg,350
00041261.jpg,350
00041262.jpg,350
00041263.jpg,350
00041264.jpg,350
00041265.jpg,350
00041266.jpg,350
00041267.jpg,350
00041268.jpg,350
00041269.jpg,350
00041270.jpg,350
00041271.jpg,350
00041272.jpg,350
00041273.jpg,350
00041274.jpg,350
00041275.jpg,350
00041276.jpg,350
00041277.jpg,350
00041278.jpg,350
00041279.jpg,350
00041280.jpg,350
00041281.jpg,350
00041282.jpg,350
00041283.jpg,350
00041284.jpg,350
00041285.jpg,350
00041286.jpg,350
00041287.jpg,350
00041288.jpg,350
00041289.jpg,350
00041290.jpg,350
00041291.jpg,350
00041292.jpg,350
00041293.jpg,350
00041294.jpg,350
00041295.jpg,350
00041296.jpg,350
00041297.jpg,350
00041298.jpg,350
00041299.jpg,350
00041300.jpg,350
00041301.jpg,350
00041302.jpg,350
00041303.jpg,350
00041304.jpg,350
00041305.jpg,350
00041306.jpg,350
00041307.jpg,350
00041308.jpg,350
00041309.jpg,351
00041310.jpg,351
00041311.jpg,351
00041312.jpg,351
00041313.jpg,351
00041314.jpg,351
00041315.jpg,351
00041316.jpg,351
00041317.jpg,351
00041318.jpg,351
00041319.jpg,351
00041320.jpg,351
00041321.jpg,351
00041322.jpg,351
00041323.jpg,351
00041324.jpg,351
00041325.jpg,351
00041326.jpg,351
00041327.jpg,351
00041328.jpg,351
00041329.jpg,351
00041330.jpg,351
00041331.jpg,351
00041332.jpg,351
00041333.jpg,351
00041334.jpg,351
00041335.jpg,351
00041336.jpg,351
00041337.jpg,351
00041338.jpg,351
00041339.jpg,351
00041340.jpg,351
00041341.jpg,351
00041342.jpg,351
00041343.jpg,351
00041344.jpg,351
00041345.jpg,351
00041346.jpg,351
00041347.jpg,351
00041348.jpg,351
00041349.jpg,351
00041350.jpg,351
00041351.jpg,351
00041352.jpg,351
00041353.jpg,351
00041354.jpg,351
00041355.jpg,351
00041356.jpg,351
00041357.jpg,351
00041358.jpg,351
00041359.jpg,351
00041360.jpg,351
00041361.jpg,351
00041362.jpg,351
00041363.jpg,351
00041364.jpg,351
00041365.jpg,351
00041366.jpg,351
00041367.jpg,351
00041368.jpg,351
00041369.jpg,351
00041370.jpg,351
00041371.jpg,351
00041372.jpg,351
00041373.jpg,351
00041374.jpg,351
00041375.jpg,351
00041376.jpg,351
00041377.jpg,351
00041378.jpg,351
00041379.jpg,351
00041380.jpg,351
00041381.jpg,351
00041382.jpg,351
00041383.jpg,351
00041384.jpg,351
00041385.jpg,351
00041386.jpg,351
00041387.jpg,351
00041388.jpg,351
00041389.jpg,351
00041390.jpg,351
00041391.jpg,351
00041392.jpg,351
00041393.jpg,351
00041394.jpg,351
00041395.jpg,351
00041396.jpg,351
00041397.jpg,351
00041398.jpg,351
00041399.jpg,351
00041400.jpg,351
00041401.jpg,351
00041402.jpg,351
00041403.jpg,351
00041404.jpg,351
00041405.jpg,351
00041406.jpg,351
00041407.jpg,351
00041408.jpg,351
00041409.jpg,351
00041410.jpg,351
00041411.jpg,351
00041412.jpg,351
00041413.jpg,351
00041414.jpg,351
00041415.jpg,351
00041416.jpg,351
00041417.jpg,351
00041418.jpg,351
00041419.jpg,351
00041420.jpg,351
00041421.jpg,351
00041422.jpg,351
00041423.jpg,351
00041424.jpg,351
00041425.jpg,351
00041426.jpg,352
00041427.jpg,352
00041428.jpg,352
00041429.jpg,352
00041430.jpg,352
00041431.jpg,352
00041432.jpg,352
00041433.jpg,352
00041434.jpg,352
00041435.jpg,352
00041436.jpg,352
00041437.jpg,352
00041438.jpg,352
00041439.jpg,352
00041440.jpg,352
00041441.jpg,352
00041442.jpg,352
00041443.jpg,352
00041444.jpg,352
00041445.jpg,352
00041446.jpg,352
00041447.jpg,352
00041448.jpg,352
00041449.jpg,352
00041450.jpg,352
00041451.jpg,352
00041452.jpg,352
00041453.jpg,352
00041454.jpg,352
00041455.jpg,352
00041456.jpg,352
00041457.jpg,352
00041458.jpg,352
00041459.jpg,352
00041460.jpg,352
00041461.jpg,352
00041462.jpg,352
00041463.jpg,352
00041464.jpg,352
00041465.jpg,352
00041466.jpg,352
00041467.jpg,352
00041468.jpg,352
00041469.jpg,352
00041470.jpg,352
00041471.jpg,352
00041472.jpg,352
00041473.jpg,352
00041474.jpg,352
00041475.jpg,352
00041476.jpg,352
00041477.jpg,352
00041478.jpg,352
00041479.jpg,352
00041480.jpg,352
00041481.jpg,352
00041482.jpg,352
00041483.jpg,352
00041484.jpg,352
00041485.jpg,352
00041486.jpg,352
00041487.jpg,352
00041488.jpg,352
00041489.jpg,352
00041490.jpg,352
00041491.jpg,352
00041492.jpg,352
00041493.jpg,352
00041494.jpg,352
00041495.jpg,352
00041496.jpg,352
00041497.jpg,352
00041498.jpg,352
00041499.jpg,352
00041500.jpg,352
00041501.jpg,352
00041502.jpg,352
00041503.jpg,352
00041504.jpg,352
00041505.jpg,352
00041506.jpg,352
00041507.jpg,352
00041508.jpg,352
00041509.jpg,352
00041510.jpg,352
00041511.jpg,352
00041512.jpg,352
00041513.jpg,352
00041514.jpg,352
00041515.jpg,352
00041516.jpg,352
00041517.jpg,352
00041518.jpg,352
00041519.jpg,352
00041520.jpg,352
00041521.jpg,352
00041522.jpg,352
00041523.jpg,352
00041524.jpg,352
00041525.jpg,352
00041526.jpg,352
00041527.jpg,352
00041528.jpg,352
00041529.jpg,352
00041530.jpg,352
00041531.jpg,352
00041532.jpg,352
00041533.jpg,352
00041534.jpg,352
00041535.jpg,352
00041536.jpg,352
00041537.jpg,352
00041538.jpg,352
00041539.jpg,352
00041540.jpg,352
00041541.jpg,352
00041542.jpg,352
00041543.jpg,353
00041544.jpg,353
00041545.jpg,353
00041546.jpg,353
00041547.jpg,353
00041548.jpg,353
00041549.jpg,353
00041550.jpg,353
00041551.jpg,353
00041552.jpg,353
00041553.jpg,353
00041554.jpg,353
00041555.jpg,353
00041556.jpg,353
00041557.jpg,353
00041558.jpg,353
00041559.jpg,353
00041560.jpg,353
00041561.jpg,353
00041562.jpg,353
00041563.jpg,353
00041564.jpg,353
00041565.jpg,353
00041566.jpg,353
00041567.jpg,353
00041568.jpg,353
00041569.jpg,353
00041570.jpg,353
00041571.jpg,353
00041572.jpg,353
00041573.jpg,353
00041574.jpg,353
00041575.jpg,353
00041576.jpg,353
00041577.jpg,353
00041578.jpg,353
00041579.jpg,353
00041580.jpg,353
00041581.jpg,353
00041582.jpg,353
00041583.jpg,353
00041584.jpg,353
00041585.jpg,353
00041586.jpg,353
00041587.jpg,353
00041588.jpg,353
00041589.jpg,353
00041590.jpg,353
00041591.jpg,353
00041592.jpg,353
00041593.jpg,353
00041594.jpg,353
00041595.jpg,353
00041596.jpg,353
00041597.jpg,353
00041598.jpg,353
00041599.jpg,353
00041600.jpg,353
00041601.jpg,353
00041602.jpg,353
00041603.jpg,353
00041604.jpg,353
00041605.jpg,353
00041606.jpg,353
00041607.jpg,353
00041608.jpg,353
00041609.jpg,353
00041610.jpg,353
00041611.jpg,353
00041612.jpg,353
00041613.jpg,353
00041614.jpg,353
00041615.jpg,353
00041616.jpg,353
00041617.jpg,353
00041618.jpg,353
00041619.jpg,353
00041620.jpg,353
00041621.jpg,353
00041622.jpg,353
00041623.jpg,353
00041624.jpg,353
00041625.jpg,353
00041626.jpg,353
00041627.jpg,353
00041628.jpg,353
00041629.jpg,353
00041630.jpg,353
00041631.jpg,353
00041632.jpg,353
00041633.jpg,353
00041634.jpg,353
00041635.jpg,353
00041636.jpg,353
00041637.jpg,353
00041638.jpg,353
00041639.jpg,353
00041640.jpg,353
00041641.jpg,353
00041642.jpg,353
00041643.jpg,353
00041644.jpg,353
00041645.jpg,353
00041646.jpg,353
00041647.jpg,353
00041648.jpg,353
00041649.jpg,353
00041650.jpg,353
00041651.jpg,353
00041652.jpg,353
00041653.jpg,353
00041654.jpg,353
00041655.jpg,353
00041656.jpg,353
00041657.jpg,353
00041658.jpg,353
00041659.jpg,353
00041660.jpg,354
00041661.jpg,354
00041662.jpg,354
00041663.jpg,354
00041664.jpg,354
00041665.jpg,354
00041666.jpg,354
00041667.jpg,354
00041668.jpg,354
00041669.jpg,354
00041670.jpg,354
00041671.jpg,354
00041672.jpg,354
00041673.jpg,354
00041674.jpg,354
00041675.jpg,354
00041676.jpg,354
00041677.jpg,354
00041678.jpg,354
00041679.jpg,354
00041680.jpg,354
00041681.jpg,354
00041682.jpg,354
00041683.jpg,354
00041684.jpg,354
00041685.jpg,354
00041686.jpg,354
00041687.jpg,354
00041688.jpg,354
00041689.jpg,354
00041690.jpg,354
00041691.jpg,354
00041692.jpg,354
00041693.jpg,354
00041694.jpg,354
00041695.jpg,354
00041696.jpg,354
00041697.jpg,354
00041698.jpg,354
00041699.jpg,354
00041700.jpg,354
00041701.jpg,354
00041702.jpg,354
00041703.jpg,354
00041704.jpg,354
00041705.jpg,354
00041706.jpg,354
00041707.jpg,354
00041708.jpg,354
00041709.jpg,354
00041710.jpg,354
00041711.jpg,354
00041712.jpg,354
00041713.jpg,354
00041714.jpg,354
00041715.jpg,354
00041716.jpg,354
00041717.jpg,354
00041718.jpg,354
00041719.jpg,354
00041720.jpg,354
00041721.jpg,354
00041722.jpg,354
00041723.jpg,354
00041724.jpg,354
00041725.jpg,354
00041726.jpg,354
00041727.jpg,354
00041728.jpg,354
00041729.jpg,354
00041730.jpg,354
00041731.jpg,354
00041732.jpg,354
00041733.jpg,354
00041734.jpg,354
00041735.jpg,354
00041736.jpg,354
00041737.jpg,354
00041738.jpg,354
00041739.jpg,354
00041740.jpg,354
00041741.jpg,354
00041742.jpg,354
00041743.jpg,354
00041744.jpg,354
00041745.jpg,354
00041746.jpg,354
00041747.jpg,354
00041748.jpg,354
00041749.jpg,354
00041750.jpg,354
00041751.jpg,354
00041752.jpg,354
00041753.jpg,354
00041754.jpg,354
00041755.jpg,354
00041756.jpg,354
00041757.jpg,354
00041758.jpg,354
00041759.jpg,354
00041760.jpg,354
00041761.jpg,354
00041762.jpg,354
00041763.jpg,354
00041764.jpg,354
00041765.jpg,354
00041766.jpg,354
00041767.jpg,354
00041768.jpg,354
00041769.jpg,354
00041770.jpg,354
00041771.jpg,354
00041772.jpg,354
00041773.jpg,354
00041774.jpg,354
00041775.jpg,354
00041776.jpg,354
00041777.jpg,355
00041778.jpg,355
00041779.jpg,355
00041780.jpg,355
00041781.jpg,355
00041782.jpg,355
00041783.jpg,355
00041784.jpg,355
00041785.jpg,355
00041786.jpg,355
00041787.jpg,355
00041788.jpg,355
00041789.jpg,355
00041790.jpg,355
00041791.jpg,355
00041792.jpg,355
00041793.jpg,355
00041794.jpg,355
00041795.jpg,355
00041796.jpg,355
00041797.jpg,355
00041798.jpg,355
00041799.jpg,355
00041800.jpg,355
00041801.jpg,355
00041802.jpg,355
00041803.jpg,355
00041804.jpg,355
00041805.jpg,355
00041806.jpg,355
00041807.jpg,355
00041808.jpg,355
00041809.jpg,355
00041810.jpg,355
00041811.jpg,355
00041812.jpg,355
00041813.jpg,355
00041814.jpg,355
00041815.jpg,355
00041816.jpg,355
00041817.jpg,355
00041818.jpg,355
00041819.jpg,355
00041820.jpg,355
00041821.jpg,355
00041822.jpg,355
00041823.jpg,355
00041824.jpg,355
00041825.jpg,355
00041826.jpg,355
00041827.jpg,355
00041828.jpg,355
00041829.jpg,355
00041830.jpg,355
00041831.jpg,355
00041832.jpg,355
00041833.jpg,355
00041834.jpg,355
00041835.jpg,355
00041836.jpg,355
00041837.jpg,355
00041838.jpg,355
00041839.jpg,355
00041840.jpg,355
00041841.jpg,355
00041842.jpg,355
00041843.jpg,355
00041844.jpg,355
00041845.jpg,355
00041846.jpg,355
00041847.jpg,355
00041848.jpg,355
00041849.jpg,355
00041850.jpg,355
00041851.jpg,355
00041852.jpg,355
00041853.jpg,355
00041854.jpg,355
00041855.jpg,355
00041856.jpg,355
00041857.jpg,355
00041858.jpg,355
00041859.jpg,355
00041860.jpg,355
00041861.jpg,355
00041862.jpg,355
00041863.jpg,355
00041864.jpg,355
00041865.jpg,355
00041866.jpg,355
00041867.jpg,355
00041868.jpg,355
00041869.jpg,355
00041870.jpg,355
00041871.jpg,355
00041872.jpg,355
00041873.jpg,355
00041874.jpg,355
00041875.jpg,355
00041876.jpg,355
00041877.jpg,355
00041878.jpg,355
00041879.jpg,355
00041880.jpg,355
00041881.jpg,355
00041882.jpg,355
00041883.jpg,355
00041884.jpg,355
00041885.jpg,355
00041886.jpg,355
00041887.jpg,355
00041888.jpg,355
00041889.jpg,355
00041890.jpg,355
00041891.jpg,355
00041892.jpg,355
00041893.jpg,355
00041894.jpg,356
00041895.jpg,356
00041896.jpg,356
00041897.jpg,356
00041898.jpg,356
00041899.jpg,356
00041900.jpg,356
00041901.jpg,356
00041902.jpg,356
00041903.jpg,356
00041904.jpg,356
00041905.jpg,356
00041906.jpg,356
00041907.jpg,356
00041908.jpg,356
00041909.jpg,356
00041910.jpg,356
00041911.jpg,356
00041912.jpg,356
00041913.jpg,356
00041914.jpg,356
00041915.jpg,356
00041916.jpg,356
00041917.jpg,356
00041918.jpg,356
00041919.jpg,356
00041920.jpg,356
00041921.jpg,356
00041922.jpg,356
00041923.jpg,356
00041924.jpg,356
00041925.jpg,356
00041926.jpg,356
00041927.jpg,356
00041928.jpg,356
00041929.jpg,356
00041930.jpg,356
00041931.jpg,356
00041932.jpg,356
00041933.jpg,356
00041934.jpg,356
00041935.jpg,356
00041936.jpg,356
00041937.jpg,356
00041938.jpg,356
00041939.jpg,356
00041940.jpg,356
00041941.jpg,356
00041942.jpg,356
00041943.jpg,356
00041944.jpg,356
00041945.jpg,356
00041946.jpg,356
00041947.jpg,356
00041948.jpg,356
00041949.jpg,356
00041950.jpg,356
00041951.jpg,356
00041952.jpg,356
00041953.jpg,356
00041954.jpg,356
00041955.jpg,356
00041956.jpg,356
00041957.jpg,356
00041958.jpg,356
00041959.jpg,356
00041960.jpg,356
00041961.jpg,356
00041962.jpg,356
00041963.jpg,356
00041964.jpg,356
00041965.jpg,356
00041966.jpg,356
00041967.jpg,356
00041968.jpg,356
00041969.jpg,356
00041970.jpg,356
00041971.jpg,356
00041972.jpg,356
00041973.jpg,356
00041974.jpg,356
00041975.jpg,356
00041976.jpg,356
00041977.jpg,356
00041978.jpg,356
00041979.jpg,356
00041980.jpg,356
00041981.jpg,356
00041982.jpg,356
00041983.jpg,356
00041984.jpg,356
00041985.jpg,356
00041986.jpg,356
00041987.jpg,356
00041988.jpg,356
00041989.jpg,356
00041990.jpg,356
00041991.jpg,356
00041992.jpg,356
00041993.jpg,356
00041994.jpg,356
00041995.jpg,356
00041996.jpg,356
00041997.jpg,356
00041998.jpg,356
00041999.jpg,356
00042000.jpg,356
00042001.jpg,356
00042002.jpg,356
00042003.jpg,356
00042004.jpg,356
00042005.jpg,356
00042006.jpg,356
00042007.jpg,356
00042008.jpg,356
00042009.jpg,356
00042010.jpg,356
00042011.jpg,357
00042012.jpg,357
00042013.jpg,357
00042014.jpg,357
00042015.jpg,357
00042016.jpg,357
00042017.jpg,357
00042018.jpg,357
00042019.jpg,357
00042020.jpg,357
00042021.jpg,357
00042022.jpg,357
00042023.jpg,357
00042024.jpg,357
00042025.jpg,357
00042026.jpg,357
00042027.jpg,357
00042028.jpg,357
00042029.jpg,357
00042030.jpg,357
00042031.jpg,357
00042032.jpg,357
00042033.jpg,357
00042034.jpg,357
00042035.jpg,357
00042036.jpg,357
00042037.jpg,357
00042038.jpg,357
00042039.jpg,357
00042040.jpg,357
00042041.jpg,357
00042042.jpg,357
00042043.jpg,357
00042044.jpg,357
00042045.jpg,357
00042046.jpg,357
00042047.jpg,357
00042048.jpg,357
00042049.jpg,357
00042050.jpg,357
00042051.jpg,357
00042052.jpg,357
00042053.jpg,357
00042054.jpg,357
00042055.jpg,357
00042056.jpg,357
00042057.jpg,357
00042058.jpg,357
00042059.jpg,357
00042060.jpg,357
00042061.jpg,357
00042062.jpg,357
00042063.jpg,357
00042064.jpg,357
00042065.jpg,357
00042066.jpg,357
00042067.jpg,357
00042068.jpg,357
00042069.jpg,357
00042070.jpg,357
00042071.jpg,357
00042072.jpg,357
00042073.jpg,357
00042074.jpg,357
00042075.jpg,357
00042076.jpg,357
00042077.jpg,357
00042078.jpg,357
00042079.jpg,357
00042080.jpg,357
00042081.jpg,357
00042082.jpg,357
00042083.jpg,357
00042084.jpg,357
00042085.jpg,357
00042086.jpg,357
00042087.jpg,357
00042088.jpg,357
00042089.jpg,357
00042090.jpg,357
00042091.jpg,357
00042092.jpg,357
00042093.jpg,357
00042094.jpg,357
00042095.jpg,357
00042096.jpg,357
00042097.jpg,357
00042098.jpg,357
00042099.jpg,357
00042100.jpg,357
00042101.jpg,357
00042102.jpg,357
00042103.jpg,357
00042104.jpg,357
00042105.jpg,357
00042106.jpg,357
00042107.jpg,357
00042108.jpg,357
00042109.jpg,357
00042110.jpg,357
00042111.jpg,357
00042112.jpg,357
00042113.jpg,357
00042114.jpg,357
00042115.jpg,357
00042116.jpg,357
00042117.jpg,357
00042118.jpg,357
00042119.jpg,357
00042120.jpg,357
00042121.jpg,357
00042122.jpg,357
00042123.jpg,357
00042124.jpg,357
00042125.jpg,357
00042126.jpg,357
00042127.jpg,357
00042128.jpg,358
00042129.jpg,358
00042130.jpg,358
00042131.jpg,358
00042132.jpg,358
00042133.jpg,358
00042134.jpg,358
00042135.jpg,358
00042136.jpg,358
00042137.jpg,358
00042138.jpg,358
00042139.jpg,358
00042140.jpg,358
00042141.jpg,358
00042142.jpg,358
00042143.jpg,358
00042144.jpg,358
00042145.jpg,358
00042146.jpg,358
00042147.jpg,358
00042148.jpg,358
00042149.jpg,358
00042150.jpg,358
00042151.jpg,358
00042152.jpg,358
00042153.jpg,358
00042154.jpg,358
00042155.jpg,358
00042156.jpg,358
00042157.jpg,358
00042158.jpg,358
00042159.jpg,358
00042160.jpg,358
00042161.jpg,358
00042162.jpg,358
00042163.jpg,358
00042164.jpg,358
00042165.jpg,358
00042166.jpg,358
00042167.jpg,358
00042168.jpg,358
00042169.jpg,358
00042170.jpg,358
00042171.jpg,358
00042172.jpg,358
00042173.jpg,358
00042174.jpg,358
00042175.jpg,358
00042176.jpg,358
00042177.jpg,358
00042178.jpg,358
00042179.jpg,358
00042180.jpg,358
00042181.jpg,358
00042182.jpg,358
00042183.jpg,358
00042184.jpg,358
00042185.jpg,358
00042186.jpg,358
00042187.jpg,358
00042188.jpg,358
00042189.jpg,358
00042190.jpg,358
00042191.jpg,358
00042192.jpg,358
00042193.jpg,358
00042194.jpg,358
00042195.jpg,358
00042196.jpg,358
00042197.jpg,358
00042198.jpg,358
00042199.jpg,358
00042200.jpg,358
00042201.jpg,358
00042202.jpg,358
00042203.jpg,358
00042204.jpg,358
00042205.jpg,358
00042206.jpg,358
00042207.jpg,358
00042208.jpg,358
00042209.jpg,358
00042210.jpg,358
00042211.jpg,358
00042212.jpg,358
00042213.jpg,358
00042214.jpg,358
00042215.jpg,358
00042216.jpg,358
00042217.jpg,358
00042218.jpg,358
00042219.jpg,358
00042220.jpg,358
00042221.jpg,358
00042222.jpg,358
00042223.jpg,358
00042224.jpg,358
00042225.jpg,358
00042226.jpg,358
00042227.jpg,358
00042228.jpg,358
00042229.jpg,358
00042230.jpg,358
00042231.jpg,358
00042232.jpg,358
00042233.jpg,358
00042234.jpg,358
00042235.jpg,358
00042236.jpg,358
00042237.jpg,358
00042238.jpg,358
00042239.jpg,358
00042240.jpg,358
00042241.jpg,358
00042242.jpg,358
00042243.jpg,358
00042244.jpg,358
00042245.jpg,359
00042246.jpg,359
00042247.jpg,359
00042248.jpg,359
00042249.jpg,359
00042250.jpg,359
00042251.jpg,359
00042252.jpg,359
00042253.jpg,359
00042254.jpg,359
00042255.jpg,359
00042256.jpg,359
00042257.jpg,359
00042258.jpg,359
00042259.jpg,359
00042260.jpg,359
00042261.jpg,359
00042262.jpg,359
00042263.jpg,359
00042264.jpg,359
00042265.jpg,359
00042266.jpg,359
00042267.jpg,359
00042268.jpg,359
00042269.jpg,359
00042270.jpg,359
00042271.jpg,359
00042272.jpg,359
00042273.jpg,359
00042274.jpg,359
00042275.jpg,359
00042276.jpg,359
00042277.jpg,359
00042278.jpg,359
00042279.jpg,359
00042280.jpg,359
00042281.jpg,359
00042282.jpg,359
00042283.jpg,359
00042284.jpg,359
00042285.jpg,359
00042286.jpg,359
00042287.jpg,359
00042288.jpg,359
00042289.jpg,359
00042290.jpg,359
00042291.jpg,359
00042292.jpg,359
00042293.jpg,359
00042294.jpg,359
00042295.jpg,359
00042296.jpg,359
00042297.jpg,359
00042298.jpg,359
00042299.jpg,359
00042300.jpg,359
00042301.jpg,359
00042302.jpg,359
00042303.jpg,359
00042304.jpg,359
00042305.jpg,359
00042306.jpg,359
00042307.jpg,359
00042308.jpg,359
00042309.jpg,359
00042310.jpg,359
00042311.jpg,359
00042312.jpg,359
00042313.jpg,359
00042314.jpg,359
00042315.jpg,359
00042316.jpg,359
00042317.jpg,359
00042318.jpg,359
00042319.jpg,359
00042320.jpg,359
00042321.jpg,359
00042322.jpg,359
00042323.jpg,359
00042324.jpg,359
00042325.jpg,359
00042326.jpg,359
00042327.jpg,359
00042328.jpg,359
00042329.jpg,359
00042330.jpg,359
00042331.jpg,359
00042332.jpg,359
00042333.jpg,359
00042334.jpg,359
00042335.jpg,359
00042336.jpg,359
00042337.jpg,359
00042338.jpg,359
00042339.jpg,359
00042340.jpg,359
00042341.jpg,359
00042342.jpg,359
00042343.jpg,359
00042344.jpg,359
00042345.jpg,359
00042346.jpg,359
00042347.jpg,359
00042348.jpg,359
00042349.jpg,359
00042350.jpg,359
00042351.jpg,359
00042352.jpg,359
00042353.jpg,359
00042354.jpg,359
00042355.jpg,359
00042356.jpg,359
00042357.jpg,359
00042358.jpg,359
00042359.jpg,359
00042360.jpg,359
00042361.jpg,359
00042362.jpg,360
00042363.jpg,360
00042364.jpg,360
00042365.jpg,360
00042366.jpg,360
00042367.jpg,360
00042368.jpg,360
00042369.jpg,360
00042370.jpg,360
00042371.jpg,360
00042372.jpg,360
00042373.jpg,360
00042374.jpg,360
00042375.jpg,360
00042376.jpg,360
00042377.jpg,360
00042378.jpg,360
00042379.jpg,360
00042380.jpg,360
00042381.jpg,360
00042382.jpg,360
00042383.jpg,360
00042384.jpg,360
00042385.jpg,360
00042386.jpg,360
00042387.jpg,360
00042388.jpg,360
00042389.jpg,360
00042390.jpg,360
00042391.jpg,360
00042392.jpg,360
00042393.jpg,360
00042394.jpg,360
00042395.jpg,360
00042396.jpg,360
00042397.jpg,360
00042398.jpg,360
00042399.jpg,360
00042400.jpg,360
00042401.jpg,360
00042402.jpg,360
00042403.jpg,360
00042404.jpg,360
00042405.jpg,360
00042406.jpg,360
00042407.jpg,360
00042408.jpg,360
00042409.jpg,360
00042410.jpg,360
00042411.jpg,360
00042412.jpg,360
00042413.jpg,360
00042414.jpg,360
00042415.jpg,360
00042416.jpg,360
00042417.jpg,360
00042418.jpg,360
00042419.jpg,360
00042420.jpg,360
00042421.jpg,360
00042422.jpg,360
00042423.jpg,360
00042424.jpg,360
00042425.jpg,360
00042426.jpg,360
00042427.jpg,360
00042428.jpg,360
00042429.jpg,360
00042430.jpg,360
00042431.jpg,360
00042432.jpg,360
00042433.jpg,360
00042434.jpg,360
00042435.jpg,360
00042436.jpg,360
00042437.jpg,360
00042438.jpg,360
00042439.jpg,360
00042440.jpg,360
00042441.jpg,360
00042442.jpg,360
00042443.jpg,360
00042444.jpg,360
00042445.jpg,360
00042446.jpg,360
00042447.jpg,360
00042448.jpg,360
00042449.jpg,360
00042450.jpg,360
00042451.jpg,360
00042452.jpg,360
00042453.jpg,360
00042454.jpg,360
00042455.jpg,360
00042456.jpg,360
00042457.jpg,360
00042458.jpg,360
00042459.jpg,360
00042460.jpg,360
00042461.jpg,360
00042462.jpg,360
00042463.jpg,360
00042464.jpg,360
00042465.jpg,360
00042466.jpg,360
00042467.jpg,360
00042468.jpg,360
00042469.jpg,360
00042470.jpg,360
00042471.jpg,360
00042472.jpg,360
00042473.jpg,360
00042474.jpg,360
00042475.jpg,360
00042476.jpg,360
00042477.jpg,360
00042478.jpg,360
00042479.jpg,361
00042480.jpg,361
00042481.jpg,361
00042482.jpg,361
00042483.jpg,361
00042484.jpg,361
00042485.jpg,361
00042486.jpg,361
00042487.jpg,361
00042488.jpg,361
00042489.jpg,361
00042490.jpg,361
00042491.jpg,361
00042492.jpg,361
00042493.jpg,361
00042494.jpg,361
00042495.jpg,361
00042496.jpg,361
00042497.jpg,361
00042498.jpg,361
00042499.jpg,361
00042500.jpg,361
00042501.jpg,361
00042502.jpg,361
00042503.jpg,361
00042504.jpg,361
00042505.jpg,361
00042506.jpg,361
00042507.jpg,361
00042508.jpg,361
00042509.jpg,361
00042510.jpg,361
00042511.jpg,361
00042512.jpg,361
00042513.jpg,361
00042514.jpg,361
00042515.jpg,361
00042516.jpg,361
00042517.jpg,361
00042518.jpg,361
00042519.jpg,361
00042520.jpg,361
00042521.jpg,361
00042522.jpg,361
00042523.jpg,361
00042524.jpg,361
00042525.jpg,361
00042526.jpg,361
00042527.jpg,361
00042528.jpg,361
00042529.jpg,361
00042530.jpg,361
00042531.jpg,361
00042532.jpg,361
00042533.jpg,361
00042534.jpg,361
00042535.jpg,361
00042536.jpg,361
00042537.jpg,361
00042538.jpg,361
00042539.jpg,361
00042540.jpg,361
00042541.jpg,361
00042542.jpg,361
00042543.jpg,361
00042544.jpg,361
00042545.jpg,361
00042546.jpg,361
00042547.jpg,361
00042548.jpg,361
00042549.jpg,361
00042550.jpg,361
00042551.jpg,361
00042552.jpg,361
00042553.jpg,361
00042554.jpg,361
00042555.jpg,361
00042556.jpg,361
00042557.jpg,361
00042558.jpg,361
00042559.jpg,361
00042560.jpg,361
00042561.jpg,361
00042562.jpg,361
00042563.jpg,361
00042564.jpg,361
00042565.jpg,361
00042566.jpg,361
00042567.jpg,361
00042568.jpg,361
00042569.jpg,361
00042570.jpg,361
00042571.jpg,361
00042572.jpg,361
00042573.jpg,361
00042574.jpg,361
00042575.jpg,361
00042576.jpg,361
00042577.jpg,361
00042578.jpg,361
00042579.jpg,361
00042580.jpg,361
00042581.jpg,361
00042582.jpg,361
00042583.jpg,361
00042584.jpg,361
00042585.jpg,361
00042586.jpg,361
00042587.jpg,361
00042588.jpg,361
00042589.jpg,361
00042590.jpg,361
00042591.jpg,361
00042592.jpg,361
00042593.jpg,361
00042594.jpg,361
00042595.jpg,361
00042596.jpg,362
00042597.jpg,362
00042598.jpg,362
00042599.jpg,362
00042600.jpg,362
00042601.jpg,362
00042602.jpg,362
00042603.jpg,362
00042604.jpg,362
00042605.jpg,362
00042606.jpg,362
00042607.jpg,362
00042608.jpg,362
00042609.jpg,362
00042610.jpg,362
00042611.jpg,362
00042612.jpg,362
00042613.jpg,362
00042614.jpg,362
00042615.jpg,362
00042616.jpg,362
00042617.jpg,362
00042618.jpg,362
00042619.jpg,362
00042620.jpg,362
00042621.jpg,362
00042622.jpg,362
00042623.jpg,362
00042624.jpg,362
00042625.jpg,362
00042626.jpg,362
00042627.jpg,362
00042628.jpg,362
00042629.jpg,362
00042630.jpg,362
00042631.jpg,362
00042632.jpg,362
00042633.jpg,362
00042634.jpg,362
00042635.jpg,362
00042636.jpg,362
00042637.jpg,362
00042638.jpg,362
00042639.jpg,362
00042640.jpg,362
00042641.jpg,362
00042642.jpg,362
00042643.jpg,362
00042644.jpg,362
00042645.jpg,362
00042646.jpg,362
00042647.jpg,362
00042648.jpg,362
00042649.jpg,362
00042650.jpg,362
00042651.jpg,362
00042652.jpg,362
00042653.jpg,362
00042654.jpg,362
00042655.jpg,362
00042656.jpg,362
00042657.jpg,362
00042658.jpg,362
00042659.jpg,362
00042660.jpg,362
00042661.jpg,362
00042662.jpg,362
00042663.jpg,362
00042664.jpg,362
00042665.jpg,362
00042666.jpg,362
00042667.jpg,362
00042668.jpg,362
00042669.jpg,362
00042670.jpg,362
00042671.jpg,362
00042672.jpg,362
00042673.jpg,362
00042674.jpg,362
00042675.jpg,362
00042676.jpg,362
00042677.jpg,362
00042678.jpg,362
00042679.jpg,362
00042680.jpg,362
00042681.jpg,362
00042682.jpg,362
00042683.jpg,362
00042684.jpg,362
00042685.jpg,362
00042686.jpg,362
00042687.jpg,362
00042688.jpg,362
00042689.jpg,362
00042690.jpg,362
00042691.jpg,362
00042692.jpg,362
00042693.jpg,362
00042694.jpg,362
00042695.jpg,362
00042696.jpg,362
00042697.jpg,362
00042698.jpg,362
00042699.jpg,362
00042700.jpg,362
00042701.jpg,362
00042702.jpg,362
00042703.jpg,362
00042704.jpg,362
00042705.jpg,362
00042706.jpg,362
00042707.jpg,362
00042708.jpg,362
00042709.jpg,362
00042710.jpg,362
00042711.jpg,362
00042712.jpg,362
00042713.jpg,363
00042714.jpg,363
00042715.jpg,363
00042716.jpg,363
00042717.jpg,363
00042718.jpg,363
00042719.jpg,363
00042720.jpg,363
00042721.jpg,363
00042722.jpg,363
00042723.jpg,363
00042724.jpg,363
00042725.jpg,363
00042726.jpg,363
00042727.jpg,363
00042728.jpg,363
00042729.jpg,363
00042730.jpg,363
00042731.jpg,363
00042732.jpg,363
00042733.jpg,363
00042734.jpg,363
00042735.jpg,363
00042736.jpg,363
00042737.jpg,363
00042738.jpg,363
00042739.jpg,363
00042740.jpg,363
00042741.jpg,363
00042742.jpg,363
00042743.jpg,363
00042744.jpg,363
00042745.jpg,363
00042746.jpg,363
00042747.jpg,363
00042748.jpg,363
00042749.jpg,363
00042750.jpg,363
00042751.jpg,363
00042752.jpg,363
00042753.jpg,363
00042754.jpg,363
00042755.jpg,363
00042756.jpg,363
00042757.jpg,363
00042758.jpg,363
00042759.jpg,363
00042760.jpg,363
00042761.jpg,363
00042762.jpg,363
00042763.jpg,363
00042764.jpg,363
00042765.jpg,363
00042766.jpg,363
00042767.jpg,363
00042768.jpg,363
00042769.jpg,363
00042770.jpg,363
00042771.jpg,363
00042772.jpg,363
00042773.jpg,363
00042774.jpg,363
00042775.jpg,363
00042776.jpg,363
00042777.jpg,363
00042778.jpg,363
00042779.jpg,363
00042780.jpg,363
00042781.jpg,363
00042782.jpg,363
00042783.jpg,363
00042784.jpg,363
00042785.jpg,363
00042786.jpg,363
00042787.jpg,363
00042788.jpg,363
00042789.jpg,363
00042790.jpg,363
00042791.jpg,363
00042792.jpg,363
00042793.jpg,363
00042794.jpg,363
00042795.jpg,363
00042796.jpg,363
00042797.jpg,363
00042798.jpg,363
00042799.jpg,363
00042800.jpg,363
00042801.jpg,363
00042802.jpg,363
00042803.jpg,363
00042804.jpg,363
00042805.jpg,363
00042806.jpg,363
00042807.jpg,363
00042808.jpg,363
00042809.jpg,363
00042810.jpg,363
00042811.jpg,363
00042812.jpg,363
00042813.jpg,363
00042814.jpg,363
00042815.jpg,363
00042816.jpg,363
00042817.jpg,363
00042818.jpg,363
00042819.jpg,363
00042820.jpg,363
00042821.jpg,363
00042822.jpg,363
00042823.jpg,363
00042824.jpg,363
00042825.jpg,363
00042826.jpg,363
00042827.jpg,363
00042828.jpg,363
00042829.jpg,363
00042830.jpg,364
00042831.jpg,364
00042832.jpg,364
00042833.jpg,364
00042834.jpg,364
00042835.jpg,364
00042836.jpg,364
00042837.jpg,364
00042838.jpg,364
00042839.jpg,364
00042840.jpg,364
00042841.jpg,364
00042842.jpg,364
00042843.jpg,364
00042844.jpg,364
00042845.jpg,364
00042846.jpg,364
00042847.jpg,364
00042848.jpg,364
00042849.jpg,364
00042850.jpg,364
00042851.jpg,364
00042852.jpg,364
00042853.jpg,364
00042854.jpg,364
00042855.jpg,364
00042856.jpg,364
00042857.jpg,364
00042858.jpg,364
00042859.jpg,364
00042860.jpg,364
00042861.jpg,364
00042862.jpg,364
00042863.jpg,364
00042864.jpg,364
00042865.jpg,364
00042866.jpg,364
00042867.jpg,364
00042868.jpg,364
00042869.jpg,364
00042870.jpg,364
00042871.jpg,364
00042872.jpg,364
00042873.jpg,364
00042874.jpg,364
00042875.jpg,364
00042876.jpg,364
00042877.jpg,364
00042878.jpg,364
00042879.jpg,364
00042880.jpg,364
00042881.jpg,364
00042882.jpg,364
00042883.jpg,364
00042884.jpg,364
00042885.jpg,364
00042886.jpg,364
00042887.jpg,364
00042888.jpg,364
00042889.jpg,364
00042890.jpg,364
00042891.jpg,364
00042892.jpg,364
00042893.jpg,364
00042894.jpg,364
00042895.jpg,364
00042896.jpg,364
00042897.jpg,364
00042898.jpg,364
00042899.jpg,364
00042900.jpg,364
00042901.jpg,364
00042902.jpg,364
00042903.jpg,364
00042904.jpg,364
00042905.jpg,364
00042906.jpg,364
00042907.jpg,364
00042908.jpg,364
00042909.jpg,364
00042910.jpg,364
00042911.jpg,364
00042912.jpg,364
00042913.jpg,364
00042914.jpg,364
00042915.jpg,364
00042916.jpg,364
00042917.jpg,364
00042918.jpg,364
00042919.jpg,364
00042920.jpg,364
00042921.jpg,364
00042922.jpg,364
00042923.jpg,364
00042924.jpg,364
00042925.jpg,364
00042926.jpg,364
00042927.jpg,364
00042928.jpg,364
00042929.jpg,364
00042930.jpg,364
00042931.jpg,364
00042932.jpg,364
00042933.jpg,364
00042934.jpg,364
00042935.jpg,364
00042936.jpg,364
00042937.jpg,364
00042938.jpg,364
00042939.jpg,364
00042940.jpg,364
00042941.jpg,364
00042942.jpg,364
00042943.jpg,364
00042944.jpg,364
00042945.jpg,364
00042946.jpg,364
00042947.jpg,365
00042948.jpg,365
00042949.jpg,365
00042950.jpg,365
00042951.jpg,365
00042952.jpg,365
00042953.jpg,365
00042954.jpg,365
00042955.jpg,365
00042956.jpg,365
00042957.jpg,365
00042958.jpg,365
00042959.jpg,365
00042960.jpg,365
00042961.jpg,365
00042962.jpg,365
00042963.jpg,365
00042964.jpg,365
00042965.jpg,365
00042966.jpg,365
00042967.jpg,365
00042968.jpg,365
00042969.jpg,365
00042970.jpg,365
00042971.jpg,365
00042972.jpg,365
00042973.jpg,365
00042974.jpg,365
00042975.jpg,365
00042976.jpg,365
00042977.jpg,365
00042978.jpg,365
00042979.jpg,365
00042980.jpg,365
00042981.jpg,365
00042982.jpg,365
00042983.jpg,365
00042984.jpg,365
00042985.jpg,365
00042986.jpg,365
00042987.jpg,365
00042988.jpg,365
00042989.jpg,365
00042990.jpg,365
00042991.jpg,365
00042992.jpg,365
00042993.jpg,365
00042994.jpg,365
00042995.jpg,365
00042996.jpg,365
00042997.jpg,365
00042998.jpg,365
00042999.jpg,365
00043000.jpg,365
00043001.jpg,365
00043002.jpg,365
00043003.jpg,365
00043004.jpg,365
00043005.jpg,365
00043006.jpg,365
00043007.jpg,365
00043008.jpg,365
00043009.jpg,365
00043010.jpg,365
00043011.jpg,365
00043012.jpg,365
00043013.jpg,365
00043014.jpg,365
00043015.jpg,365
00043016.jpg,365
00043017.jpg,365
00043018.jpg,365
00043019.jpg,365
00043020.jpg,365
00043021.jpg,365
00043022.jpg,365
00043023.jpg,365
00043024.jpg,365
00043025.jpg,365
00043026.jpg,365
00043027.jpg,365
00043028.jpg,365
00043029.jpg,365
00043030.jpg,365
00043031.jpg,365
00043032.jpg,365
00043033.jpg,365
00043034.jpg,365
00043035.jpg,365
00043036.jpg,365
00043037.jpg,365
00043038.jpg,365
00043039.jpg,365
00043040.jpg,365
00043041.jpg,365
00043042.jpg,365
00043043.jpg,365
00043044.jpg,365
00043045.jpg,365
00043046.jpg,365
00043047.jpg,365
00043048.jpg,365
00043049.jpg,365
00043050.jpg,365
00043051.jpg,365
00043052.jpg,365
00043053.jpg,365
00043054.jpg,365
00043055.jpg,365
00043056.jpg,365
00043057.jpg,365
00043058.jpg,365
00043059.jpg,365
00043060.jpg,365
00043061.jpg,365
00043062.jpg,365
00043063.jpg,365
00043064.jpg,366
00043065.jpg,366
00043066.jpg,366
00043067.jpg,366
00043068.jpg,366
00043069.jpg,366
00043070.jpg,366
00043071.jpg,366
00043072.jpg,366
00043073.jpg,366
00043074.jpg,366
00043075.jpg,366
00043076.jpg,366
00043077.jpg,366
00043078.jpg,366
00043079.jpg,366
00043080.jpg,366
00043081.jpg,366
00043082.jpg,366
00043083.jpg,366
00043084.jpg,366
00043085.jpg,366
00043086.jpg,366
00043087.jpg,366
00043088.jpg,366
00043089.jpg,366
00043090.jpg,366
00043091.jpg,366
00043092.jpg,366
00043093.jpg,366
00043094.jpg,366
00043095.jpg,366
00043096.jpg,366
00043097.jpg,366
00043098.jpg,366
00043099.jpg,366
00043100.jpg,366
00043101.jpg,366
00043102.jpg,366
00043103.jpg,366
00043104.jpg,366
00043105.jpg,366
00043106.jpg,366
00043107.jpg,366
00043108.jpg,366
00043109.jpg,366
00043110.jpg,366
00043111.jpg,366
00043112.jpg,366
00043113.jpg,366
00043114.jpg,366
00043115.jpg,366
00043116.jpg,366
00043117.jpg,366
00043118.jpg,366
00043119.jpg,366
00043120.jpg,366
00043121.jpg,366
00043122.jpg,366
00043123.jpg,366
00043124.jpg,366
00043125.jpg,366
00043126.jpg,366
00043127.jpg,366
00043128.jpg,366
00043129.jpg,366
00043130.jpg,366
00043131.jpg,366
00043132.jpg,366
00043133.jpg,366
00043134.jpg,366
00043135.jpg,366
00043136.jpg,366
00043137.jpg,366
00043138.jpg,366
00043139.jpg,366
00043140.jpg,366
00043141.jpg,366
00043142.jpg,366
00043143.jpg,366
00043144.jpg,366
00043145.jpg,366
00043146.jpg,366
00043147.jpg,366
00043148.jpg,366
00043149.jpg,366
00043150.jpg,366
00043151.jpg,366
00043152.jpg,366
00043153.jpg,366
00043154.jpg,366
00043155.jpg,366
00043156.jpg,366
00043157.jpg,366
00043158.jpg,366
00043159.jpg,366
00043160.jpg,366
00043161.jpg,366
00043162.jpg,366
00043163.jpg,366
00043164.jpg,366
00043165.jpg,366
00043166.jpg,366
00043167.jpg,366
00043168.jpg,366
00043169.jpg,366
00043170.jpg,366
00043171.jpg,366
00043172.jpg,366
00043173.jpg,366
00043174.jpg,366
00043175.jpg,366
00043176.jpg,366
00043177.jpg,366
00043178.jpg,366
00043179.jpg,366
00043180.jpg,366
00043181.jpg,367
00043182.jpg,367
00043183.jpg,367
00043184.jpg,367
00043185.jpg,367
00043186.jpg,367
00043187.jpg,367
00043188.jpg,367
00043189.jpg,367
00043190.jpg,367
00043191.jpg,367
00043192.jpg,367
00043193.jpg,367
00043194.jpg,367
00043195.jpg,367
00043196.jpg,367
00043197.jpg,367
00043198.jpg,367
00043199.jpg,367
00043200.jpg,367
00043201.jpg,367
00043202.jpg,367
00043203.jpg,367
00043204.jpg,367
00043205.jpg,367
00043206.jpg,367
00043207.jpg,367
00043208.jpg,367
00043209.jpg,367
00043210.jpg,367
00043211.jpg,367
00043212.jpg,367
00043213.jpg,367
00043214.jpg,367
00043215.jpg,367
00043216.jpg,367
00043217.jpg,367
00043218.jpg,367
00043219.jpg,367
00043220.jpg,367
00043221.jpg,367
00043222.jpg,367
00043223.jpg,367
00043224.jpg,367
00043225.jpg,367
00043226.jpg,367
00043227.jpg,367
00043228.jpg,367
00043229.jpg,367
00043230.jpg,367
00043231.jpg,367
00043232.jpg,367
00043233.jpg,367
00043234.jpg,367
00043235.jpg,367
00043236.jpg,367
00043237.jpg,367
00043238.jpg,367
00043239.jpg,367
00043240.jpg,367
00043241.jpg,367
00043242.jpg,367
00043243.jpg,367
00043244.jpg,367
00043245.jpg,367
00043246.jpg,367
00043247.jpg,367
00043248.jpg,367
00043249.jpg,367
00043250.jpg,367
00043251.jpg,367
00043252.jpg,367
00043253.jpg,367
00043254.jpg,367
00043255.jpg,367
00043256.jpg,367
00043257.jpg,367
00043258.jpg,367
00043259.jpg,367
00043260.jpg,367
00043261.jpg,367
00043262.jpg,367
00043263.jpg,367
00043264.jpg,367
00043265.jpg,367
00043266.jpg,367
00043267.jpg,367
00043268.jpg,367
00043269.jpg,367
00043270.jpg,367
00043271.jpg,367
00043272.jpg,367
00043273.jpg,367
00043274.jpg,367
00043275.jpg,367
00043276.jpg,367
00043277.jpg,367
00043278.jpg,367
00043279.jpg,367
00043280.jpg,367
00043281.jpg,367
00043282.jpg,367
00043283.jpg,367
00043284.jpg,367
00043285.jpg,367
00043286.jpg,367
00043287.jpg,367
00043288.jpg,367
00043289.jpg,367
00043290.jpg,367
00043291.jpg,367
00043292.jpg,367
00043293.jpg,367
00043294.jpg,367
00043295.jpg,367
00043296.jpg,367
00043297.jpg,367
00043298.jpg,368
00043299.jpg,368
00043300.jpg,368
00043301.jpg,368
00043302.jpg,368
00043303.jpg,368
00043304.jpg,368
00043305.jpg,368
00043306.jpg,368
00043307.jpg,368
00043308.jpg,368
00043309.jpg,368
00043310.jpg,368
00043311.jpg,368
00043312.jpg,368
00043313.jpg,368
00043314.jpg,368
00043315.jpg,368
00043316.jpg,368
00043317.jpg,368
00043318.jpg,368
00043319.jpg,368
00043320.jpg,368
00043321.jpg,368
00043322.jpg,368
00043323.jpg,368
00043324.jpg,368
00043325.jpg,368
00043326.jpg,368
00043327.jpg,368
00043328.jpg,368
00043329.jpg,368
00043330.jpg,368
00043331.jpg,368
00043332.jpg,368
00043333.jpg,368
00043334.jpg,368
00043335.jpg,368
00043336.jpg,368
00043337.jpg,368
00043338.jpg,368
00043339.jpg,368
00043340.jpg,368
00043341.jpg,368
00043342.jpg,368
00043343.jpg,368
00043344.jpg,368
00043345.jpg,368
00043346.jpg,368
00043347.jpg,368
00043348.jpg,368
00043349.jpg,368
00043350.jpg,368
00043351.jpg,368
00043352.jpg,368
00043353.jpg,368
00043354.jpg,368
00043355.jpg,368
00043356.jpg,368
00043357.jpg,368
00043358.jpg,368
00043359.jpg,368
00043360.jpg,368
00043361.jpg,368
00043362.jpg,368
00043363.jpg,368
00043364.jpg,368
00043365.jpg,368
00043366.jpg,368
00043367.jpg,368
00043368.jpg,368
00043369.jpg,368
00043370.jpg,368
00043371.jpg,368
00043372.jpg,368
00043373.jpg,368
00043374.jpg,368
00043375.jpg,368
00043376.jpg,368
00043377.jpg,368
00043378.jpg,368
00043379.jpg,368
00043380.jpg,368
00043381.jpg,368
00043382.jpg,368
00043383.jpg,368
00043384.jpg,368
00043385.jpg,368
00043386.jpg,368
00043387.jpg,368
00043388.jpg,368
00043389.jpg,368
00043390.jpg,368
00043391.jpg,368
00043392.jpg,368
00043393.jpg,368
00043394.jpg,368
00043395.jpg,368
00043396.jpg,368
00043397.jpg,368
00043398.jpg,368
00043399.jpg,368
00043400.jpg,368
00043401.jpg,368
00043402.jpg,368
00043403.jpg,368
00043404.jpg,368
00043405.jpg,368
00043406.jpg,368
00043407.jpg,368
00043408.jpg,368
00043409.jpg,368
00043410.jpg,368
00043411.jpg,368
00043412.jpg,368
00043413.jpg,368
00043414.jpg,368
00043415.jpg,369
00043416.jpg,369
00043417.jpg,369
00043418.jpg,369
00043419.jpg,369
00043420.jpg,369
00043421.jpg,369
00043422.jpg,369
00043423.jpg,369
00043424.jpg,369
00043425.jpg,369
00043426.jpg,369
00043427.jpg,369
00043428.jpg,369
00043429.jpg,369
00043430.jpg,369
00043431.jpg,369
00043432.jpg,369
00043433.jpg,369
00043434.jpg,369
00043435.jpg,369
00043436.jpg,369
00043437.jpg,369
00043438.jpg,369
00043439.jpg,369
00043440.jpg,369
00043441.jpg,369
00043442.jpg,369
00043443.jpg,369
00043444.jpg,369
00043445.jpg,369
00043446.jpg,369
00043447.jpg,369
00043448.jpg,369
00043449.jpg,369
00043450.jpg,369
00043451.jpg,369
00043452.jpg,369
00043453.jpg,369
00043454.jpg,369
00043455.jpg,369
00043456.jpg,369
00043457.jpg,369
00043458.jpg,369
00043459.jpg,369
00043460.jpg,369
00043461.jpg,369
00043462.jpg,369
00043463.jpg,369
00043464.jpg,369
00043465.jpg,369
00043466.jpg,369
00043467.jpg,369
00043468.jpg,369
00043469.jpg,369
00043470.jpg,369
00043471.jpg,369
00043472.jpg,369
00043473.jpg,369
00043474.jpg,369
00043475.jpg,369
00043476.jpg,369
00043477.jpg,369
00043478.jpg,369
00043479.jpg,369
00043480.jpg,369
00043481.jpg,369
00043482.jpg,369
00043483.jpg,369
00043484.jpg,369
00043485.jpg,369
00043486.jpg,369
00043487.jpg,369
00043488.jpg,369
00043489.jpg,369
00043490.jpg,369
00043491.jpg,369
00043492.jpg,369
00043493.jpg,369
00043494.jpg,369
00043495.jpg,369
00043496.jpg,369
00043497.jpg,369
00043498.jpg,369
00043499.jpg,369
00043500.jpg,369
00043501.jpg,369
00043502.jpg,369
00043503.jpg,369
00043504.jpg,369
00043505.jpg,369
00043506.jpg,369
00043507.jpg,369
00043508.jpg,369
00043509.jpg,369
00043510.jpg,369
00043511.jpg,369
00043512.jpg,369
00043513.jpg,369
00043514.jpg,369
00043515.jpg,369
00043516.jpg,369
00043517.jpg,369
00043518.jpg,369
00043519.jpg,369
00043520.jpg,369
00043521.jpg,369
00043522.jpg,369
00043523.jpg,369
00043524.jpg,369
00043525.jpg,369
00043526.jpg,369
00043527.jpg,369
00043528.jpg,369
00043529.jpg,369
00043530.jpg,369
00043531.jpg,369
00043532.jpg,370
00043533.jpg,370
00043534.jpg,370
00043535.jpg,370
00043536.jpg,370
00043537.jpg,370
00043538.jpg,370
00043539.jpg,370
00043540.jpg,370
00043541.jpg,370
00043542.jpg,370
00043543.jpg,370
00043544.jpg,370
00043545.jpg,370
00043546.jpg,370
00043547.jpg,370
00043548.jpg,370
00043549.jpg,370
00043550.jpg,370
00043551.jpg,370
00043552.jpg,370
00043553.jpg,370
00043554.jpg,370
00043555.jpg,370
00043556.jpg,370
00043557.jpg,370
00043558.jpg,370
00043559.jpg,370
00043560.jpg,370
00043561.jpg,370
00043562.jpg,370
00043563.jpg,370
00043564.jpg,370
00043565.jpg,370
00043566.jpg,370
00043567.jpg,370
00043568.jpg,370
00043569.jpg,370
00043570.jpg,370
00043571.jpg,370
00043572.jpg,370
00043573.jpg,370
00043574.jpg,370
00043575.jpg,370
00043576.jpg,370
00043577.jpg,370
00043578.jpg,370
00043579.jpg,370
00043580.jpg,370
00043581.jpg,370
00043582.jpg,370
00043583.jpg,370
00043584.jpg,370
00043585.jpg,370
00043586.jpg,370
00043587.jpg,370
00043588.jpg,370
00043589.jpg,370
00043590.jpg,370
00043591.jpg,370
00043592.jpg,370
00043593.jpg,370
00043594.jpg,370
00043595.jpg,370
00043596.jpg,370
00043597.jpg,370
00043598.jpg,370
00043599.jpg,370
00043600.jpg,370
00043601.jpg,370
00043602.jpg,370
00043603.jpg,370
00043604.jpg,370
00043605.jpg,370
00043606.jpg,370
00043607.jpg,370
00043608.jpg,370
00043609.jpg,370
00043610.jpg,370
00043611.jpg,370
00043612.jpg,370
00043613.jpg,370
00043614.jpg,370
00043615.jpg,370
00043616.jpg,370
00043617.jpg,370
00043618.jpg,370
00043619.jpg,370
00043620.jpg,370
00043621.jpg,370
00043622.jpg,370
00043623.jpg,370
00043624.jpg,370
00043625.jpg,370
00043626.jpg,370
00043627.jpg,370
00043628.jpg,370
00043629.jpg,370
00043630.jpg,370
00043631.jpg,370
00043632.jpg,370
00043633.jpg,370
00043634.jpg,370
00043635.jpg,370
00043636.jpg,370
00043637.jpg,370
00043638.jpg,370
00043639.jpg,370
00043640.jpg,370
00043641.jpg,370
00043642.jpg,370
00043643.jpg,370
00043644.jpg,370
00043645.jpg,370
00043646.jpg,370
00043647.jpg,370
00043648.jpg,370
00043649.jpg,371
00043650.jpg,371
00043651.jpg,371
00043652.jpg,371
00043653.jpg,371
00043654.jpg,371
00043655.jpg,371
00043656.jpg,371
00043657.jpg,371
00043658.jpg,371
00043659.jpg,371
00043660.jpg,371
00043661.jpg,371
00043662.jpg,371
00043663.jpg,371
00043664.jpg,371
00043665.jpg,371
00043666.jpg,371
00043667.jpg,371
00043668.jpg,371
00043669.jpg,371
00043670.jpg,371
00043671.jpg,371
00043672.jpg,371
00043673.jpg,371
00043674.jpg,371
00043675.jpg,371
00043676.jpg,371
00043677.jpg,371
00043678.jpg,371
00043679.jpg,371
00043680.jpg,371
00043681.jpg,371
00043682.jpg,371
00043683.jpg,371
00043684.jpg,371
00043685.jpg,371
00043686.jpg,371
00043687.jpg,371
00043688.jpg,371
00043689.jpg,371
00043690.jpg,371
00043691.jpg,371
00043692.jpg,371
00043693.jpg,371
00043694.jpg,371
00043695.jpg,371
00043696.jpg,371
00043697.jpg,371
00043698.jpg,371
00043699.jpg,371
00043700.jpg,371
00043701.jpg,371
00043702.jpg,371
00043703.jpg,371
00043704.jpg,371
00043705.jpg,371
00043706.jpg,371
00043707.jpg,371
00043708.jpg,371
00043709.jpg,371
00043710.jpg,371
00043711.jpg,371
00043712.jpg,371
00043713.jpg,371
00043714.jpg,371
00043715.jpg,371
00043716.jpg,371
00043717.jpg,371
00043718.jpg,371
00043719.jpg,371
00043720.jpg,371
00043721.jpg,371
00043722.jpg,371
00043723.jpg,371
00043724.jpg,371
00043725.jpg,371
00043726.jpg,371
00043727.jpg,371
00043728.jpg,371
00043729.jpg,371
00043730.jpg,371
00043731.jpg,371
00043732.jpg,371
00043733.jpg,371
00043734.jpg,371
00043735.jpg,371
00043736.jpg,371
00043737.jpg,371
00043738.jpg,371
00043739.jpg,371
00043740.jpg,371
00043741.jpg,371
00043742.jpg,371
00043743.jpg,371
00043744.jpg,371
00043745.jpg,371
00043746.jpg,371
00043747.jpg,371
00043748.jpg,371
00043749.jpg,371
00043750.jpg,371
00043751.jpg,371
00043752.jpg,371
00043753.jpg,371
00043754.jpg,371
00043755.jpg,371
00043756.jpg,371
00043757.jpg,371
00043758.jpg,371
00043759.jpg,371
00043760.jpg,371
00043761.jpg,371
00043762.jpg,371
00043763.jpg,371
00043764.jpg,371
00043765.jpg,371
00043766.jpg,372
00043767.jpg,372
00043768.jpg,372
00043769.jpg,372
00043770.jpg,372
00043771.jpg,372
00043772.jpg,372
00043773.jpg,372
00043774.jpg,372
00043775.jpg,372
00043776.jpg,372
00043777.jpg,372
00043778.jpg,372
00043779.jpg,372
00043780.jpg,372
00043781.jpg,372
00043782.jpg,372
00043783.jpg,372
00043784.jpg,372
00043785.jpg,372
00043786.jpg,372
00043787.jpg,372
00043788.jpg,372
00043789.jpg,372
00043790.jpg,372
00043791.jpg,372
00043792.jpg,372
00043793.jpg,372
00043794.jpg,372
00043795.jpg,372
00043796.jpg,372
00043797.jpg,372
00043798.jpg,372
00043799.jpg,372
00043800.jpg,372
00043801.jpg,372
00043802.jpg,372
00043803.jpg,372
00043804.jpg,372
00043805.jpg,372
00043806.jpg,372
00043807.jpg,372
00043808.jpg,372
00043809.jpg,372
00043810.jpg,372
00043811.jpg,372
00043812.jpg,372
00043813.jpg,372
00043814.jpg,372
00043815.jpg,372
00043816.jpg,372
00043817.jpg,372
00043818.jpg,372
00043819.jpg,372
00043820.jpg,372
00043821.jpg,372
00043822.jpg,372
00043823.jpg,372
00043824.jpg,372
00043825.jpg,372
00043826.jpg,372
00043827.jpg,372
00043828.jpg,372
00043829.jpg,372
00043830.jpg,372
00043831.jpg,372
00043832.jpg,372
00043833.jpg,372
00043834.jpg,372
00043835.jpg,372
00043836.jpg,372
00043837.jpg,372
00043838.jpg,372
00043839.jpg,372
00043840.jpg,372
00043841.jpg,372
00043842.jpg,372
00043843.jpg,372
00043844.jpg,372
00043845.jpg,372
00043846.jpg,372
00043847.jpg,372
00043848.jpg,372
00043849.jpg,372
00043850.jpg,372
00043851.jpg,372
00043852.jpg,372
00043853.jpg,372
00043854.jpg,372
00043855.jpg,372
00043856.jpg,372
00043857.jpg,372
00043858.jpg,372
00043859.jpg,372
00043860.jpg,372
00043861.jpg,372
00043862.jpg,372
00043863.jpg,372
00043864.jpg,372
00043865.jpg,372
00043866.jpg,372
00043867.jpg,372
00043868.jpg,372
00043869.jpg,372
00043870.jpg,372
00043871.jpg,372
00043872.jpg,372
00043873.jpg,372
00043874.jpg,372
00043875.jpg,372
00043876.jpg,372
00043877.jpg,372
00043878.jpg,372
00043879.jpg,372
00043880.jpg,372
00043881.jpg,372
00043882.jpg,372
00043883.jpg,373
00043884.jpg,373
00043885.jpg,373
00043886.jpg,373
00043887.jpg,373
00043888.jpg,373
00043889.jpg,373
00043890.jpg,373
00043891.jpg,373
00043892.jpg,373
00043893.jpg,373
00043894.jpg,373
00043895.jpg,373
00043896.jpg,373
00043897.jpg,373
00043898.jpg,373
00043899.jpg,373
00043900.jpg,373
00043901.jpg,373
00043902.jpg,373
00043903.jpg,373
00043904.jpg,373
00043905.jpg,373
00043906.jpg,373
00043907.jpg,373
00043908.jpg,373
00043909.jpg,373
00043910.jpg,373
00043911.jpg,373
00043912.jpg,373
00043913.jpg,373
00043914.jpg,373
00043915.jpg,373
00043916.jpg,373
00043917.jpg,373
00043918.jpg,373
00043919.jpg,373
00043920.jpg,373
00043921.jpg,373
00043922.jpg,373
00043923.jpg,373
00043924.jpg,373
00043925.jpg,373
00043926.jpg,373
00043927.jpg,373
00043928.jpg,373
00043929.jpg,373
00043930.jpg,373
00043931.jpg,373
00043932.jpg,373
00043933.jpg,373
00043934.jpg,373
00043935.jpg,373
00043936.jpg,373
00043937.jpg,373
00043938.jpg,373
00043939.jpg,373
00043940.jpg,373
00043941.jpg,373
00043942.jpg,373
00043943.jpg,373
00043944.jpg,373
00043945.jpg,373
00043946.jpg,373
00043947.jpg,373
00043948.jpg,373
00043949.jpg,373
00043950.jpg,373
00043951.jpg,373
00043952.jpg,373
00043953.jpg,373
00043954.jpg,373
00043955.jpg,373
00043956.jpg,373
00043957.jpg,373
00043958.jpg,373
00043959.jpg,373
00043960.jpg,373
00043961.jpg,373
00043962.jpg,373
00043963.jpg,373
00043964.jpg,373
00043965.jpg,373
00043966.jpg,373
00043967.jpg,373
00043968.jpg,373
00043969.jpg,373
00043970.jpg,373
00043971.jpg,373
00043972.jpg,373
00043973.jpg,373
00043974.jpg,373
00043975.jpg,373
00043976.jpg,373
00043977.jpg,373
00043978.jpg,373
00043979.jpg,373
00043980.jpg,373
00043981.jpg,373
00043982.jpg,373
00043983.jpg,373
00043984.jpg,373
00043985.jpg,373
00043986.jpg,373
00043987.jpg,373
00043988.jpg,373
00043989.jpg,373
00043990.jpg,373
00043991.jpg,373
00043992.jpg,373
00043993.jpg,373
00043994.jpg,373
00043995.jpg,373
00043996.jpg,373
00043997.jpg,373
00043998.jpg,373
00043999.jpg,373
00044000.jpg,374
00044001.jpg,374
00044002.jpg,374
00044003.jpg,374
00044004.jpg,374
00044005.jpg,374
00044006.jpg,374
00044007.jpg,374
00044008.jpg,374
00044009.jpg,374
00044010.jpg,374
00044011.jpg,374
00044012.jpg,374
00044013.jpg,374
00044014.jpg,374
00044015.jpg,374
00044016.jpg,374
00044017.jpg,374
00044018.jpg,374
00044019.jpg,374
00044020.jpg,374
00044021.jpg,374
00044022.jpg,374
00044023.jpg,374
00044024.jpg,374
00044025.jpg,374
00044026.jpg,374
00044027.jpg,374
00044028.jpg,374
00044029.jpg,374
00044030.jpg,374
00044031.jpg,374
00044032.jpg,374
00044033.jpg,374
00044034.jpg,374
00044035.jpg,374
00044036.jpg,374
00044037.jpg,374
00044038.jpg,374
00044039.jpg,374
00044040.jpg,374
00044041.jpg,374
00044042.jpg,374
00044043.jpg,374
00044044.jpg,374
00044045.jpg,374
00044046.jpg,374
00044047.jpg,374
00044048.jpg,374
00044049.jpg,374
00044050.jpg,374
00044051.jpg,374
00044052.jpg,374
00044053.jpg,374
00044054.jpg,374
00044055.jpg,374
00044056.jpg,374
00044057.jpg,374
00044058.jpg,374
00044059.jpg,374
00044060.jpg,374
00044061.jpg,374
00044062.jpg,374
00044063.jpg,374
00044064.jpg,374
00044065.jpg,374
00044066.jpg,374
00044067.jpg,374
00044068.jpg,374
00044069.jpg,374
00044070.jpg,374
00044071.jpg,374
00044072.jpg,374
00044073.jpg,374
00044074.jpg,374
00044075.jpg,374
00044076.jpg,374
00044077.jpg,374
00044078.jpg,374
00044079.jpg,374
00044080.jpg,374
00044081.jpg,374
00044082.jpg,374
00044083.jpg,374
00044084.jpg,374
00044085.jpg,374
00044086.jpg,374
00044087.jpg,374
00044088.jpg,374
00044089.jpg,374
00044090.jpg,374
00044091.jpg,374
00044092.jpg,374
00044093.jpg,374
00044094.jpg,374
00044095.jpg,374
00044096.jpg,374
00044097.jpg,374
00044098.jpg,374
00044099.jpg,374
00044100.jpg,374
00044101.jpg,374
00044102.jpg,374
00044103.jpg,374
00044104.jpg,374
00044105.jpg,374
00044106.jpg,374
00044107.jpg,374
00044108.jpg,374
00044109.jpg,374
00044110.jpg,374
00044111.jpg,374
00044112.jpg,374
00044113.jpg,374
00044114.jpg,374
00044115.jpg,374
00044116.jpg,374
00044117.jpg,375
00044118.jpg,375
00044119.jpg,375
00044120.jpg,375
00044121.jpg,375
00044122.jpg,375
00044123.jpg,375
00044124.jpg,375
00044125.jpg,375
00044126.jpg,375
00044127.jpg,375
00044128.jpg,375
00044129.jpg,375
00044130.jpg,375
00044131.jpg,375
00044132.jpg,375
00044133.jpg,375
00044134.jpg,375
00044135.jpg,375
00044136.jpg,375
00044137.jpg,375
00044138.jpg,375
00044139.jpg,375
00044140.jpg,375
00044141.jpg,375
00044142.jpg,375
00044143.jpg,375
00044144.jpg,375
00044145.jpg,375
00044146.jpg,375
00044147.jpg,375
00044148.jpg,375
00044149.jpg,375
00044150.jpg,375
00044151.jpg,375
00044152.jpg,375
00044153.jpg,375
00044154.jpg,375
00044155.jpg,375
00044156.jpg,375
00044157.jpg,375
00044158.jpg,375
00044159.jpg,375
00044160.jpg,375
00044161.jpg,375
00044162.jpg,375
00044163.jpg,375
00044164.jpg,375
00044165.jpg,375
00044166.jpg,375
00044167.jpg,375
00044168.jpg,375
00044169.jpg,375
00044170.jpg,375
00044171.jpg,375
00044172.jpg,375
00044173.jpg,375
00044174.jpg,375
00044175.jpg,375
00044176.jpg,375
00044177.jpg,375
00044178.jpg,375
00044179.jpg,375
00044180.jpg,375
00044181.jpg,375
00044182.jpg,375
00044183.jpg,375
00044184.jpg,375
00044185.jpg,375
00044186.jpg,375
00044187.jpg,375
00044188.jpg,375
00044189.jpg,375
00044190.jpg,375
00044191.jpg,375
00044192.jpg,375
00044193.jpg,375
00044194.jpg,375
00044195.jpg,375
00044196.jpg,375
00044197.jpg,375
00044198.jpg,375
00044199.jpg,375
00044200.jpg,375
00044201.jpg,375
00044202.jpg,375
00044203.jpg,375
00044204.jpg,375
00044205.jpg,375
00044206.jpg,375
00044207.jpg,375
00044208.jpg,375
00044209.jpg,375
00044210.jpg,375
00044211.jpg,375
00044212.jpg,375
00044213.jpg,375
00044214.jpg,375
00044215.jpg,375
00044216.jpg,375
00044217.jpg,375
00044218.jpg,375
00044219.jpg,375
00044220.jpg,375
00044221.jpg,375
00044222.jpg,375
00044223.jpg,375
00044224.jpg,375
00044225.jpg,375
00044226.jpg,375
00044227.jpg,375
00044228.jpg,375
00044229.jpg,375
00044230.jpg,375
00044231.jpg,375
00044232.jpg,375
00044233.jpg,375
00044234.jpg,376
00044235.jpg,376
00044236.jpg,376
00044237.jpg,376
00044238.jpg,376
00044239.jpg,376
00044240.jpg,376
00044241.jpg,376
00044242.jpg,376
00044243.jpg,376
00044244.jpg,376
00044245.jpg,376
00044246.jpg,376
00044247.jpg,376
00044248.jpg,376
00044249.jpg,376
00044250.jpg,376
00044251.jpg,376
00044252.jpg,376
00044253.jpg,376
00044254.jpg,376
00044255.jpg,376
00044256.jpg,376
00044257.jpg,376
00044258.jpg,376
00044259.jpg,376
00044260.jpg,376
00044261.jpg,376
00044262.jpg,376
00044263.jpg,376
00044264.jpg,376
00044265.jpg,376
00044266.jpg,376
00044267.jpg,376
00044268.jpg,376
00044269.jpg,376
00044270.jpg,376
00044271.jpg,376
00044272.jpg,376
00044273.jpg,376
00044274.jpg,376
00044275.jpg,376
00044276.jpg,376
00044277.jpg,376
00044278.jpg,376
00044279.jpg,376
00044280.jpg,376
00044281.jpg,376
00044282.jpg,376
00044283.jpg,376
00044284.jpg,376
00044285.jpg,376
00044286.jpg,376
00044287.jpg,376
00044288.jpg,376
00044289.jpg,376
00044290.jpg,376
00044291.jpg,376
00044292.jpg,376
00044293.jpg,376
00044294.jpg,376
00044295.jpg,376
00044296.jpg,376
00044297.jpg,376
00044298.jpg,376
00044299.jpg,376
00044300.jpg,376
00044301.jpg,376
00044302.jpg,376
00044303.jpg,376
00044304.jpg,376
00044305.jpg,376
00044306.jpg,376
00044307.jpg,376
00044308.jpg,376
00044309.jpg,376
00044310.jpg,376
00044311.jpg,376
00044312.jpg,376
00044313.jpg,376
00044314.jpg,376
00044315.jpg,376
00044316.jpg,376
00044317.jpg,376
00044318.jpg,376
00044319.jpg,376
00044320.jpg,376
00044321.jpg,376
00044322.jpg,376
00044323.jpg,376
00044324.jpg,376
00044325.jpg,376
00044326.jpg,376
00044327.jpg,376
00044328.jpg,376
00044329.jpg,376
00044330.jpg,376
00044331.jpg,376
00044332.jpg,376
00044333.jpg,376
00044334.jpg,376
00044335.jpg,376
00044336.jpg,376
00044337.jpg,376
00044338.jpg,376
00044339.jpg,376
00044340.jpg,376
00044341.jpg,376
00044342.jpg,376
00044343.jpg,376
00044344.jpg,376
00044345.jpg,376
00044346.jpg,376
00044347.jpg,376
00044348.jpg,376
00044349.jpg,376
00044350.jpg,376
00044351.jpg,377
00044352.jpg,377
00044353.jpg,377
00044354.jpg,377
00044355.jpg,377
00044356.jpg,377
00044357.jpg,377
00044358.jpg,377
00044359.jpg,377
00044360.jpg,377
00044361.jpg,377
00044362.jpg,377
00044363.jpg,377
00044364.jpg,377
00044365.jpg,377
00044366.jpg,377
00044367.jpg,377
00044368.jpg,377
00044369.jpg,377
00044370.jpg,377
00044371.jpg,377
00044372.jpg,377
00044373.jpg,377
00044374.jpg,377
00044375.jpg,377
00044376.jpg,377
00044377.jpg,377
00044378.jpg,377
00044379.jpg,377
00044380.jpg,377
00044381.jpg,377
00044382.jpg,377
00044383.jpg,377
00044384.jpg,377
00044385.jpg,377
00044386.jpg,377
00044387.jpg,377
00044388.jpg,377
00044389.jpg,377
00044390.jpg,377
00044391.jpg,377
00044392.jpg,377
00044393.jpg,377
00044394.jpg,377
00044395.jpg,377
00044396.jpg,377
00044397.jpg,377
00044398.jpg,377
00044399.jpg,377
00044400.jpg,377
00044401.jpg,377
00044402.jpg,377
00044403.jpg,377
00044404.jpg,377
00044405.jpg,377
00044406.jpg,377
00044407.jpg,377
00044408.jpg,377
00044409.jpg,377
00044410.jpg,377
00044411.jpg,377
00044412.jpg,377
00044413.jpg,377
00044414.jpg,377
00044415.jpg,377
00044416.jpg,377
00044417.jpg,377
00044418.jpg,377
00044419.jpg,377
00044420.jpg,377
00044421.jpg,377
00044422.jpg,377
00044423.jpg,377
00044424.jpg,377
00044425.jpg,377
00044426.jpg,377
00044427.jpg,377
00044428.jpg,377
00044429.jpg,377
00044430.jpg,377
00044431.jpg,377
00044432.jpg,377
00044433.jpg,377
00044434.jpg,377
00044435.jpg,377
00044436.jpg,377
00044437.jpg,377
00044438.jpg,377
00044439.jpg,377
00044440.jpg,377
00044441.jpg,377
00044442.jpg,377
00044443.jpg,377
00044444.jpg,377
00044445.jpg,377
00044446.jpg,377
00044447.jpg,377
00044448.jpg,377
00044449.jpg,377
00044450.jpg,377
00044451.jpg,377
00044452.jpg,377
00044453.jpg,377
00044454.jpg,377
00044455.jpg,377
00044456.jpg,377
00044457.jpg,377
00044458.jpg,377
00044459.jpg,377
00044460.jpg,377
00044461.jpg,377
00044462.jpg,377
00044463.jpg,377
00044464.jpg,377
00044465.jpg,377
00044466.jpg,377
00044467.jpg,377
00044468.jpg,378
00044469.jpg,378
00044470.jpg,378
00044471.jpg,378
00044472.jpg,378
00044473.jpg,378
00044474.jpg,378
00044475.jpg,378
00044476.jpg,378
00044477.jpg,378
00044478.jpg,378
00044479.jpg,378
00044480.jpg,378
00044481.jpg,378
00044482.jpg,378
00044483.jpg,378
00044484.jpg,378
00044485.jpg,378
00044486.jpg,378
00044487.jpg,378
00044488.jpg,378
00044489.jpg,378
00044490.jpg,378
00044491.jpg,378
00044492.jpg,378
00044493.jpg,378
00044494.jpg,378
00044495.jpg,378
00044496.jpg,378
00044497.jpg,378
00044498.jpg,378
00044499.jpg,378
00044500.jpg,378
00044501.jpg,378
00044502.jpg,378
00044503.jpg,378
00044504.jpg,378
00044505.jpg,378
00044506.jpg,378
00044507.jpg,378
00044508.jpg,378
00044509.jpg,378
00044510.jpg,378
00044511.jpg,378
00044512.jpg,378
00044513.jpg,378
00044514.jpg,378
00044515.jpg,378
00044516.jpg,378
00044517.jpg,378
00044518.jpg,378
00044519.jpg,378
00044520.jpg,378
00044521.jpg,378
00044522.jpg,378
00044523.jpg,378
00044524.jpg,378
00044525.jpg,378
00044526.jpg,378
00044527.jpg,378
00044528.jpg,378
00044529.jpg,378
00044530.jpg,378
00044531.jpg,378
00044532.jpg,378
00044533.jpg,378
00044534.jpg,378
00044535.jpg,378
00044536.jpg,378
00044537.jpg,378
00044538.jpg,378
00044539.jpg,378
00044540.jpg,378
00044541.jpg,378
00044542.jpg,378
00044543.jpg,378
00044544.jpg,378
00044545.jpg,378
00044546.jpg,378
00044547.jpg,378
00044548.jpg,378
00044549.jpg,378
00044550.jpg,378
00044551.jpg,378
00044552.jpg,378
00044553.jpg,378
00044554.jpg,378
00044555.jpg,378
00044556.jpg,378
00044557.jpg,378
00044558.jpg,378
00044559.jpg,378
00044560.jpg,378
00044561.jpg,378
00044562.jpg,378
00044563.jpg,378
00044564.jpg,378
00044565.jpg,378
00044566.jpg,378
00044567.jpg,378
00044568.jpg,378
00044569.jpg,378
00044570.jpg,378
00044571.jpg,378
00044572.jpg,378
00044573.jpg,378
00044574.jpg,378
00044575.jpg,378
00044576.jpg,378
00044577.jpg,378
00044578.jpg,378
00044579.jpg,378
00044580.jpg,378
00044581.jpg,378
00044582.jpg,378
00044583.jpg,378
00044584.jpg,378
00044585.jpg,379
00044586.jpg,379
00044587.jpg,379
00044588.jpg,379
00044589.jpg,379
00044590.jpg,379
00044591.jpg,379
00044592.jpg,379
00044593.jpg,379
00044594.jpg,379
00044595.jpg,379
00044596.jpg,379
00044597.jpg,379
00044598.jpg,379
00044599.jpg,379
00044600.jpg,379
00044601.jpg,379
00044602.jpg,379
00044603.jpg,379
00044604.jpg,379
00044605.jpg,379
00044606.jpg,379
00044607.jpg,379
00044608.jpg,379
00044609.jpg,379
00044610.jpg,379
00044611.jpg,379
00044612.jpg,379
00044613.jpg,379
00044614.jpg,379
00044615.jpg,379
00044616.jpg,379
00044617.jpg,379
00044618.jpg,379
00044619.jpg,379
00044620.jpg,379
00044621.jpg,379
00044622.jpg,379
00044623.jpg,379
00044624.jpg,379
00044625.jpg,379
00044626.jpg,379
00044627.jpg,379
00044628.jpg,379
00044629.jpg,379
00044630.jpg,379
00044631.jpg,379
00044632.jpg,379
00044633.jpg,379
00044634.jpg,379
00044635.jpg,379
00044636.jpg,379
00044637.jpg,379
00044638.jpg,379
00044639.jpg,379
00044640.jpg,379
00044641.jpg,379
00044642.jpg,379
00044643.jpg,379
00044644.jpg,379
00044645.jpg,379
00044646.jpg,379
00044647.jpg,379
00044648.jpg,379
00044649.jpg,379
00044650.jpg,379
00044651.jpg,379
00044652.jpg,379
00044653.jpg,379
00044654.jpg,379
00044655.jpg,379
00044656.jpg,379
00044657.jpg,379
00044658.jpg,379
00044659.jpg,379
00044660.jpg,379
00044661.jpg,379
00044662.jpg,379
00044663.jpg,379
00044664.jpg,379
00044665.jpg,379
00044666.jpg,379
00044667.jpg,379
00044668.jpg,379
00044669.jpg,379
00044670.jpg,379
00044671.jpg,379
00044672.jpg,379
00044673.jpg,379
00044674.jpg,379
00044675.jpg,379
00044676.jpg,379
00044677.jpg,379
00044678.jpg,379
00044679.jpg,379
00044680.jpg,379
00044681.jpg,379
00044682.jpg,379
00044683.jpg,379
00044684.jpg,379
00044685.jpg,379
00044686.jpg,379
00044687.jpg,379
00044688.jpg,379
00044689.jpg,379
00044690.jpg,379
00044691.jpg,379
00044692.jpg,379
00044693.jpg,379
00044694.jpg,379
00044695.jpg,379
00044696.jpg,379
00044697.jpg,379
00044698.jpg,379
00044699.jpg,379
00044700.jpg,379
00044701.jpg,379
00044702.jpg,380
00044703.jpg,380
00044704.jpg,380
00044705.jpg,380
00044706.jpg,380
00044707.jpg,380
00044708.jpg,380
00044709.jpg,380
00044710.jpg,380
00044711.jpg,380
00044712.jpg,380
00044713.jpg,380
00044714.jpg,380
00044715.jpg,380
00044716.jpg,380
00044717.jpg,380
00044718.jpg,380
00044719.jpg,380
00044720.jpg,380
00044721.jpg,380
00044722.jpg,380
00044723.jpg,380
00044724.jpg,380
00044725.jpg,380
00044726.jpg,380
00044727.jpg,380
00044728.jpg,380
00044729.jpg,380
00044730.jpg,380
00044731.jpg,380
00044732.jpg,380
00044733.jpg,380
00044734.jpg,380
00044735.jpg,380
00044736.jpg,380
00044737.jpg,380
00044738.jpg,380
00044739.jpg,380
00044740.jpg,380
00044741.jpg,380
00044742.jpg,380
00044743.jpg,380
00044744.jpg,380
00044745.jpg,380
00044746.jpg,380
00044747.jpg,380
00044748.jpg,380
00044749.jpg,380
00044750.jpg,380
00044751.jpg,380
00044752.jpg,380
00044753.jpg,380
00044754.jpg,380
00044755.jpg,380
00044756.jpg,380
00044757.jpg,380
00044758.jpg,380
00044759.jpg,380
00044760.jpg,380
00044761.jpg,380
00044762.jpg,380
00044763.jpg,380
00044764.jpg,380
00044765.jpg,380
00044766.jpg,380
00044767.jpg,380
00044768.jpg,380
00044769.jpg,380
00044770.jpg,380
00044771.jpg,380
00044772.jpg,380
00044773.jpg,380
00044774.jpg,380
00044775.jpg,380
00044776.jpg,380
00044777.jpg,380
00044778.jpg,380
00044779.jpg,380
00044780.jpg,380
00044781.jpg,380
00044782.jpg,380
00044783.jpg,380
00044784.jpg,380
00044785.jpg,380
00044786.jpg,380
00044787.jpg,380
00044788.jpg,380
00044789.jpg,380
00044790.jpg,380
00044791.jpg,380
00044792.jpg,380
00044793.jpg,380
00044794.jpg,380
00044795.jpg,380
00044796.jpg,380
00044797.jpg,380
00044798.jpg,380
00044799.jpg,380
00044800.jpg,380
00044801.jpg,380
00044802.jpg,380
00044803.jpg,380
00044804.jpg,380
00044805.jpg,380
00044806.jpg,380
00044807.jpg,380
00044808.jpg,380
00044809.jpg,380
00044810.jpg,380
00044811.jpg,380
00044812.jpg,380
00044813.jpg,380
00044814.jpg,380
00044815.jpg,380
00044816.jpg,380
00044817.jpg,380
00044818.jpg,380
00044819.jpg,381
00044820.jpg,381
00044821.jpg,381
00044822.jpg,381
00044823.jpg,381
00044824.jpg,381
00044825.jpg,381
00044826.jpg,381
00044827.jpg,381
00044828.jpg,381
00044829.jpg,381
00044830.jpg,381
00044831.jpg,381
00044832.jpg,381
00044833.jpg,381
00044834.jpg,381
00044835.jpg,381
00044836.jpg,381
00044837.jpg,381
00044838.jpg,381
00044839.jpg,381
00044840.jpg,381
00044841.jpg,381
00044842.jpg,381
00044843.jpg,381
00044844.jpg,381
00044845.jpg,381
00044846.jpg,381
00044847.jpg,381
00044848.jpg,381
00044849.jpg,381
00044850.jpg,381
00044851.jpg,381
00044852.jpg,381
00044853.jpg,381
00044854.jpg,381
00044855.jpg,381
00044856.jpg,381
00044857.jpg,381
00044858.jpg,381
00044859.jpg,381
00044860.jpg,381
00044861.jpg,381
00044862.jpg,381
00044863.jpg,381
00044864.jpg,381
00044865.jpg,381
00044866.jpg,381
00044867.jpg,381
00044868.jpg,381
00044869.jpg,381
00044870.jpg,381
00044871.jpg,381
00044872.jpg,381
00044873.jpg,381
00044874.jpg,381
00044875.jpg,381
00044876.jpg,381
00044877.jpg,381
00044878.jpg,381
00044879.jpg,381
00044880.jpg,381
00044881.jpg,381
00044882.jpg,381
00044883.jpg,381
00044884.jpg,381
00044885.jpg,381
00044886.jpg,381
00044887.jpg,381
00044888.jpg,381
00044889.jpg,381
00044890.jpg,381
00044891.jpg,381
00044892.jpg,381
00044893.jpg,381
00044894.jpg,381
00044895.jpg,381
00044896.jpg,381
00044897.jpg,381
00044898.jpg,381
00044899.jpg,381
00044900.jpg,381
00044901.jpg,381
00044902.jpg,381
00044903.jpg,381
00044904.jpg,381
00044905.jpg,381
00044906.jpg,381
00044907.jpg,381
00044908.jpg,381
00044909.jpg,381
00044910.jpg,381
00044911.jpg,381
00044912.jpg,381
00044913.jpg,381
00044914.jpg,381
00044915.jpg,381
00044916.jpg,381
00044917.jpg,381
00044918.jpg,381
00044919.jpg,381
00044920.jpg,381
00044921.jpg,381
00044922.jpg,381
00044923.jpg,381
00044924.jpg,381
00044925.jpg,381
00044926.jpg,381
00044927.jpg,381
00044928.jpg,381
00044929.jpg,381
00044930.jpg,381
00044931.jpg,381
00044932.jpg,381
00044933.jpg,381
00044934.jpg,381
00044935.jpg,381
00044936.jpg,382
00044937.jpg,382
00044938.jpg,382
00044939.jpg,382
00044940.jpg,382
00044941.jpg,382
00044942.jpg,382
00044943.jpg,382
00044944.jpg,382
00044945.jpg,382
00044946.jpg,382
00044947.jpg,382
00044948.jpg,382
00044949.jpg,382
00044950.jpg,382
00044951.jpg,382
00044952.jpg,382
00044953.jpg,382
00044954.jpg,382
00044955.jpg,382
00044956.jpg,382
00044957.jpg,382
00044958.jpg,382
00044959.jpg,382
00044960.jpg,382
00044961.jpg,382
00044962.jpg,382
00044963.jpg,382
00044964.jpg,382
00044965.jpg,382
00044966.jpg,382
00044967.jpg,382
00044968.jpg,382
00044969.jpg,382
00044970.jpg,382
00044971.jpg,382
00044972.jpg,382
00044973.jpg,382
00044974.jpg,382
00044975.jpg,382
00044976.jpg,382
00044977.jpg,382
00044978.jpg,382
00044979.jpg,382
00044980.jpg,382
00044981.jpg,382
00044982.jpg,382
00044983.jpg,382
00044984.jpg,382
00044985.jpg,382
00044986.jpg,382
00044987.jpg,382
00044988.jpg,382
00044989.jpg,382
00044990.jpg,382
00044991.jpg,382
00044992.jpg,382
00044993.jpg,382
00044994.jpg,382
00044995.jpg,382
00044996.jpg,382
00044997.jpg,382
00044998.jpg,382
00044999.jpg,382
00045000.jpg,382
00045001.jpg,382
00045002.jpg,382
00045003.jpg,382
00045004.jpg,382
00045005.jpg,382
00045006.jpg,382
00045007.jpg,382
00045008.jpg,382
00045009.jpg,382
00045010.jpg,382
00045011.jpg,382
00045012.jpg,382
00045013.jpg,382
00045014.jpg,382
00045015.jpg,382
00045016.jpg,382
00045017.jpg,382
00045018.jpg,382
00045019.jpg,382
00045020.jpg,382
00045021.jpg,382
00045022.jpg,382
00045023.jpg,382
00045024.jpg,382
00045025.jpg,382
00045026.jpg,382
00045027.jpg,382
00045028.jpg,382
00045029.jpg,382
00045030.jpg,382
00045031.jpg,382
00045032.jpg,382
00045033.jpg,382
00045034.jpg,382
00045035.jpg,382
00045036.jpg,382
00045037.jpg,382
00045038.jpg,382
00045039.jpg,382
00045040.jpg,382
00045041.jpg,382
00045042.jpg,382
00045043.jpg,382
00045044.jpg,382
00045045.jpg,382
00045046.jpg,382
00045047.jpg,382
00045048.jpg,382
00045049.jpg,382
00045050.jpg,382
00045051.jpg,382
00045052.jpg,382
00045053.jpg,383
00045054.jpg,383
00045055.jpg,383
00045056.jpg,383
00045057.jpg,383
00045058.jpg,383
00045059.jpg,383
00045060.jpg,383
00045061.jpg,383
00045062.jpg,383
00045063.jpg,383
00045064.jpg,383
00045065.jpg,383
00045066.jpg,383
00045067.jpg,383
00045068.jpg,383
00045069.jpg,383
00045070.jpg,383
00045071.jpg,383
00045072.jpg,383
00045073.jpg,383
00045074.jpg,383
00045075.jpg,383
00045076.jpg,383
00045077.jpg,383
00045078.jpg,383
00045079.jpg,383
00045080.jpg,383
00045081.jpg,383
00045082.jpg,383
00045083.jpg,383
00045084.jpg,383
00045085.jpg,383
00045086.jpg,383
00045087.jpg,383
00045088.jpg,383
00045089.jpg,383
00045090.jpg,383
00045091.jpg,383
00045092.jpg,383
00045093.jpg,383
00045094.jpg,383
00045095.jpg,383
00045096.jpg,383
00045097.jpg,383
00045098.jpg,383
00045099.jpg,383
00045100.jpg,383
00045101.jpg,383
00045102.jpg,383
00045103.jpg,383
00045104.jpg,383
00045105.jpg,383
00045106.jpg,383
00045107.jpg,383
00045108.jpg,383
00045109.jpg,383
00045110.jpg,383
00045111.jpg,383
00045112.jpg,383
00045113.jpg,383
00045114.jpg,383
00045115.jpg,383
00045116.jpg,383
00045117.jpg,383
00045118.jpg,383
00045119.jpg,383
00045120.jpg,383
00045121.jpg,383
00045122.jpg,383
00045123.jpg,383
00045124.jpg,383
00045125.jpg,383
00045126.jpg,383
00045127.jpg,383
00045128.jpg,383
00045129.jpg,383
00045130.jpg,383
00045131.jpg,383
00045132.jpg,383
00045133.jpg,383
00045134.jpg,383
00045135.jpg,383
00045136.jpg,383
00045137.jpg,383
00045138.jpg,383
00045139.jpg,383
00045140.jpg,383
00045141.jpg,383
00045142.jpg,383
00045143.jpg,383
00045144.jpg,383
00045145.jpg,383
00045146.jpg,383
00045147.jpg,383
00045148.jpg,383
00045149.jpg,383
00045150.jpg,383
00045151.jpg,383
00045152.jpg,383
00045153.jpg,383
00045154.jpg,383
00045155.jpg,383
00045156.jpg,383
00045157.jpg,383
00045158.jpg,383
00045159.jpg,383
00045160.jpg,383
00045161.jpg,383
00045162.jpg,383
00045163.jpg,383
00045164.jpg,383
00045165.jpg,383
00045166.jpg,383
00045167.jpg,383
00045168.jpg,383
00045169.jpg,383
00045170.jpg,384
00045171.jpg,384
00045172.jpg,384
00045173.jpg,384
00045174.jpg,384
00045175.jpg,384
00045176.jpg,384
00045177.jpg,384
00045178.jpg,384
00045179.jpg,384
00045180.jpg,384
00045181.jpg,384
00045182.jpg,384
00045183.jpg,384
00045184.jpg,384
00045185.jpg,384
00045186.jpg,384
00045187.jpg,384
00045188.jpg,384
00045189.jpg,384
00045190.jpg,384
00045191.jpg,384
00045192.jpg,384
00045193.jpg,384
00045194.jpg,384
00045195.jpg,384
00045196.jpg,384
00045197.jpg,384
00045198.jpg,384
00045199.jpg,384
00045200.jpg,384
00045201.jpg,384
00045202.jpg,384
00045203.jpg,384
00045204.jpg,384
00045205.jpg,384
00045206.jpg,384
00045207.jpg,384
00045208.jpg,384
00045209.jpg,384
00045210.jpg,384
00045211.jpg,384
00045212.jpg,384
00045213.jpg,384
00045214.jpg,384
00045215.jpg,384
00045216.jpg,384
00045217.jpg,384
00045218.jpg,384
00045219.jpg,384
00045220.jpg,384
00045221.jpg,384
00045222.jpg,384
00045223.jpg,384
00045224.jpg,384
00045225.jpg,384
00045226.jpg,384
00045227.jpg,384
00045228.jpg,384
00045229.jpg,384
00045230.jpg,384
00045231.jpg,384
00045232.jpg,384
00045233.jpg,384
00045234.jpg,384
00045235.jpg,384
00045236.jpg,384
00045237.jpg,384
00045238.jpg,384
00045239.jpg,384
00045240.jpg,384
00045241.jpg,384
00045242.jpg,384
00045243.jpg,384
00045244.jpg,384
00045245.jpg,384
00045246.jpg,384
00045247.jpg,384
00045248.jpg,384
00045249.jpg,384
00045250.jpg,384
00045251.jpg,384
00045252.jpg,384
00045253.jpg,384
00045254.jpg,384
00045255.jpg,384
00045256.jpg,384
00045257.jpg,384
00045258.jpg,384
00045259.jpg,384
00045260.jpg,384
00045261.jpg,384
00045262.jpg,384
00045263.jpg,384
00045264.jpg,384
00045265.jpg,384
00045266.jpg,384
00045267.jpg,384
00045268.jpg,384
00045269.jpg,384
00045270.jpg,384
00045271.jpg,384
00045272.jpg,384
00045273.jpg,384
00045274.jpg,384
00045275.jpg,384
00045276.jpg,384
00045277.jpg,384
00045278.jpg,384
00045279.jpg,384
00045280.jpg,384
00045281.jpg,384
00045282.jpg,384
00045283.jpg,384
00045284.jpg,384
00045285.jpg,384
00045286.jpg,384
00045287.jpg,385
00045288.jpg,385
00045289.jpg,385
00045290.jpg,385
00045291.jpg,385
00045292.jpg,385
00045293.jpg,385
00045294.jpg,385
00045295.jpg,385
00045296.jpg,385
00045297.jpg,385
00045298.jpg,385
00045299.jpg,385
00045300.jpg,385
00045301.jpg,385
00045302.jpg,385
00045303.jpg,385
00045304.jpg,385
00045305.jpg,385
00045306.jpg,385
00045307.jpg,385
00045308.jpg,385
00045309.jpg,385
00045310.jpg,385
00045311.jpg,385
00045312.jpg,385
00045313.jpg,385
00045314.jpg,385
00045315.jpg,385
00045316.jpg,385
00045317.jpg,385
00045318.jpg,385
00045319.jpg,385
00045320.jpg,385
00045321.jpg,385
00045322.jpg,385
00045323.jpg,385
00045324.jpg,385
00045325.jpg,385
00045326.jpg,385
00045327.jpg,385
00045328.jpg,385
00045329.jpg,385
00045330.jpg,385
00045331.jpg,385
00045332.jpg,385
00045333.jpg,385
00045334.jpg,385
00045335.jpg,385
00045336.jpg,385
00045337.jpg,385
00045338.jpg,385
00045339.jpg,385
00045340.jpg,385
00045341.jpg,385
00045342.jpg,385
00045343.jpg,385
00045344.jpg,385
00045345.jpg,385
00045346.jpg,385
00045347.jpg,385
00045348.jpg,385
00045349.jpg,385
00045350.jpg,385
00045351.jpg,385
00045352.jpg,385
00045353.jpg,385
00045354.jpg,385
00045355.jpg,385
00045356.jpg,385
00045357.jpg,385
00045358.jpg,385
00045359.jpg,385
00045360.jpg,385
00045361.jpg,385
00045362.jpg,385
00045363.jpg,385
00045364.jpg,385
00045365.jpg,385
00045366.jpg,385
00045367.jpg,385
00045368.jpg,385
00045369.jpg,385
00045370.jpg,385
00045371.jpg,385
00045372.jpg,385
00045373.jpg,385
00045374.jpg,385
00045375.jpg,385
00045376.jpg,385
00045377.jpg,385
00045378.jpg,385
00045379.jpg,385
00045380.jpg,385
00045381.jpg,385
00045382.jpg,385
00045383.jpg,385
00045384.jpg,385
00045385.jpg,385
00045386.jpg,385
00045387.jpg,385
00045388.jpg,385
00045389.jpg,385
00045390.jpg,385
00045391.jpg,385
00045392.jpg,385
00045393.jpg,385
00045394.jpg,385
00045395.jpg,385
00045396.jpg,385
00045397.jpg,385
00045398.jpg,385
00045399.jpg,385
00045400.jpg,385
00045401.jpg,385
00045402.jpg,385
00045403.jpg,385
00045404.jpg,386
00045405.jpg,386
00045406.jpg,386
00045407.jpg,386
00045408.jpg,386
00045409.jpg,386
00045410.jpg,386
00045411.jpg,386
00045412.jpg,386
00045413.jpg,386
00045414.jpg,386
00045415.jpg,386
00045416.jpg,386
00045417.jpg,386
00045418.jpg,386
00045419.jpg,386
00045420.jpg,386
00045421.jpg,386
00045422.jpg,386
00045423.jpg,386
00045424.jpg,386
00045425.jpg,386
00045426.jpg,386
00045427.jpg,386
00045428.jpg,386
00045429.jpg,386
00045430.jpg,386
00045431.jpg,386
00045432.jpg,386
00045433.jpg,386
00045434.jpg,386
00045435.jpg,386
00045436.jpg,386
00045437.jpg,386
00045438.jpg,386
00045439.jpg,386
00045440.jpg,386
00045441.jpg,386
00045442.jpg,386
00045443.jpg,386
00045444.jpg,386
00045445.jpg,386
00045446.jpg,386
00045447.jpg,386
00045448.jpg,386
00045449.jpg,386
00045450.jpg,386
00045451.jpg,386
00045452.jpg,386
00045453.jpg,386
00045454.jpg,386
00045455.jpg,386
00045456.jpg,386
00045457.jpg,386
00045458.jpg,386
00045459.jpg,386
00045460.jpg,386
00045461.jpg,386
00045462.jpg,386
00045463.jpg,386
00045464.jpg,386
00045465.jpg,386
00045466.jpg,386
00045467.jpg,386
00045468.jpg,386
00045469.jpg,386
00045470.jpg,386
00045471.jpg,386
00045472.jpg,386
00045473.jpg,386
00045474.jpg,386
00045475.jpg,386
00045476.jpg,386
00045477.jpg,386
00045478.jpg,386
00045479.jpg,386
00045480.jpg,386
00045481.jpg,386
00045482.jpg,386
00045483.jpg,386
00045484.jpg,386
00045485.jpg,386
00045486.jpg,386
00045487.jpg,386
00045488.jpg,386
00045489.jpg,386
00045490.jpg,386
00045491.jpg,386
00045492.jpg,386
00045493.jpg,386
00045494.jpg,386
00045495.jpg,386
00045496.jpg,386
00045497.jpg,386
00045498.jpg,386
00045499.jpg,386
00045500.jpg,386
00045501.jpg,386
00045502.jpg,386
00045503.jpg,386
00045504.jpg,386
00045505.jpg,386
00045506.jpg,386
00045507.jpg,386
00045508.jpg,386
00045509.jpg,386
00045510.jpg,386
00045511.jpg,386
00045512.jpg,386
00045513.jpg,386
00045514.jpg,386
00045515.jpg,386
00045516.jpg,386
00045517.jpg,386
00045518.jpg,386
00045519.jpg,386
00045520.jpg,386
00045521.jpg,387
00045522.jpg,387
00045523.jpg,387
00045524.jpg,387
00045525.jpg,387
00045526.jpg,387
00045527.jpg,387
00045528.jpg,387
00045529.jpg,387
00045530.jpg,387
00045531.jpg,387
00045532.jpg,387
00045533.jpg,387
00045534.jpg,387
00045535.jpg,387
00045536.jpg,387
00045537.jpg,387
00045538.jpg,387
00045539.jpg,387
00045540.jpg,387
00045541.jpg,387
00045542.jpg,387
00045543.jpg,387
00045544.jpg,387
00045545.jpg,387
00045546.jpg,387
00045547.jpg,387
00045548.jpg,387
00045549.jpg,387
00045550.jpg,387
00045551.jpg,387
00045552.jpg,387
00045553.jpg,387
00045554.jpg,387
00045555.jpg,387
00045556.jpg,387
00045557.jpg,387
00045558.jpg,387
00045559.jpg,387
00045560.jpg,387
00045561.jpg,387
00045562.jpg,387
00045563.jpg,387
00045564.jpg,387
00045565.jpg,387
00045566.jpg,387
00045567.jpg,387
00045568.jpg,387
00045569.jpg,387
00045570.jpg,387
00045571.jpg,387
00045572.jpg,387
00045573.jpg,387
00045574.jpg,387
00045575.jpg,387
00045576.jpg,387
00045577.jpg,387
00045578.jpg,387
00045579.jpg,387
00045580.jpg,387
00045581.jpg,387
00045582.jpg,387
00045583.jpg,387
00045584.jpg,387
00045585.jpg,387
00045586.jpg,387
00045587.jpg,387
00045588.jpg,387
00045589.jpg,387
00045590.jpg,387
00045591.jpg,387
00045592.jpg,387
00045593.jpg,387
00045594.jpg,387
00045595.jpg,387
00045596.jpg,387
00045597.jpg,387
00045598.jpg,387
00045599.jpg,387
00045600.jpg,387
00045601.jpg,387
00045602.jpg,387
00045603.jpg,387
00045604.jpg,387
00045605.jpg,387
00045606.jpg,387
00045607.jpg,387
00045608.jpg,387
00045609.jpg,387
00045610.jpg,387
00045611.jpg,387
00045612.jpg,387
00045613.jpg,387
00045614.jpg,387
00045615.jpg,387
00045616.jpg,387
00045617.jpg,387
00045618.jpg,387
00045619.jpg,387
00045620.jpg,387
00045621.jpg,387
00045622.jpg,387
00045623.jpg,387
00045624.jpg,387
00045625.jpg,387
00045626.jpg,387
00045627.jpg,387
00045628.jpg,387
00045629.jpg,387
00045630.jpg,387
00045631.jpg,387
00045632.jpg,387
00045633.jpg,387
00045634.jpg,387
00045635.jpg,387
00045636.jpg,387
00045637.jpg,387
00045638.jpg,388
00045639.jpg,388
00045640.jpg,388
00045641.jpg,388
00045642.jpg,388
00045643.jpg,388
00045644.jpg,388
00045645.jpg,388
00045646.jpg,388
00045647.jpg,388
00045648.jpg,388
00045649.jpg,388
00045650.jpg,388
00045651.jpg,388
00045652.jpg,388
00045653.jpg,388
00045654.jpg,388
00045655.jpg,388
00045656.jpg,388
00045657.jpg,388
00045658.jpg,388
00045659.jpg,388
00045660.jpg,388
00045661.jpg,388
00045662.jpg,388
00045663.jpg,388
00045664.jpg,388
00045665.jpg,388
00045666.jpg,388
00045667.jpg,388
00045668.jpg,388
00045669.jpg,388
00045670.jpg,388
00045671.jpg,388
00045672.jpg,388
00045673.jpg,388
00045674.jpg,388
00045675.jpg,388
00045676.jpg,388
00045677.jpg,388
00045678.jpg,388
00045679.jpg,388
00045680.jpg,388
00045681.jpg,388
00045682.jpg,388
00045683.jpg,388
00045684.jpg,388
00045685.jpg,388
00045686.jpg,388
00045687.jpg,388
00045688.jpg,388
00045689.jpg,388
00045690.jpg,388
00045691.jpg,388
00045692.jpg,388
00045693.jpg,388
00045694.jpg,388
00045695.jpg,388
00045696.jpg,388
00045697.jpg,388
00045698.jpg,388
00045699.jpg,388
00045700.jpg,388
00045701.jpg,388
00045702.jpg,388
00045703.jpg,388
00045704.jpg,388
00045705.jpg,388
00045706.jpg,388
00045707.jpg,388
00045708.jpg,388
00045709.jpg,388
00045710.jpg,388
00045711.jpg,388
00045712.jpg,388
00045713.jpg,388
00045714.jpg,388
00045715.jpg,388
00045716.jpg,388
00045717.jpg,388
00045718.jpg,388
00045719.jpg,388
00045720.jpg,388
00045721.jpg,388
00045722.jpg,388
00045723.jpg,388
00045724.jpg,388
00045725.jpg,388
00045726.jpg,388
00045727.jpg,388
00045728.jpg,388
00045729.jpg,388
00045730.jpg,388
00045731.jpg,388
00045732.jpg,388
00045733.jpg,388
00045734.jpg,388
00045735.jpg,388
00045736.jpg,388
00045737.jpg,388
00045738.jpg,388
00045739.jpg,388
00045740.jpg,388
00045741.jpg,388
00045742.jpg,388
00045743.jpg,388
00045744.jpg,388
00045745.jpg,388
00045746.jpg,388
00045747.jpg,388
00045748.jpg,388
00045749.jpg,388
00045750.jpg,388
00045751.jpg,388
00045752.jpg,388
00045753.jpg,388
00045754.jpg,388
00045755.jpg,389
00045756.jpg,389
00045757.jpg,389
00045758.jpg,389
00045759.jpg,389
00045760.jpg,389
00045761.jpg,389
00045762.jpg,389
00045763.jpg,389
00045764.jpg,389
00045765.jpg,389
00045766.jpg,389
00045767.jpg,389
00045768.jpg,389
00045769.jpg,389
00045770.jpg,389
00045771.jpg,389
00045772.jpg,389
00045773.jpg,389
00045774.jpg,389
00045775.jpg,389
00045776.jpg,389
00045777.jpg,389
00045778.jpg,389
00045779.jpg,389
00045780.jpg,389
00045781.jpg,389
00045782.jpg,389
00045783.jpg,389
00045784.jpg,389
00045785.jpg,389
00045786.jpg,389
00045787.jpg,389
00045788.jpg,389
00045789.jpg,389
00045790.jpg,389
00045791.jpg,389
00045792.jpg,389
00045793.jpg,389
00045794.jpg,389
00045795.jpg,389
00045796.jpg,389
00045797.jpg,389
00045798.jpg,389
00045799.jpg,389
00045800.jpg,389
00045801.jpg,389
00045802.jpg,389
00045803.jpg,389
00045804.jpg,389
00045805.jpg,389
00045806.jpg,389
00045807.jpg,389
00045808.jpg,389
00045809.jpg,389
00045810.jpg,389
00045811.jpg,389
00045812.jpg,389
00045813.jpg,389
00045814.jpg,389
00045815.jpg,389
00045816.jpg,389
00045817.jpg,389
00045818.jpg,389
00045819.jpg,389
00045820.jpg,389
00045821.jpg,389
00045822.jpg,389
00045823.jpg,389
00045824.jpg,389
00045825.jpg,389
00045826.jpg,389
00045827.jpg,389
00045828.jpg,389
00045829.jpg,389
00045830.jpg,389
00045831.jpg,389
00045832.jpg,389
00045833.jpg,389
00045834.jpg,389
00045835.jpg,389
00045836.jpg,389
00045837.jpg,389
00045838.jpg,389
00045839.jpg,389
00045840.jpg,389
00045841.jpg,389
00045842.jpg,389
00045843.jpg,389
00045844.jpg,389
00045845.jpg,389
00045846.jpg,389
00045847.jpg,389
00045848.jpg,389
00045849.jpg,389
00045850.jpg,389
00045851.jpg,389
00045852.jpg,389
00045853.jpg,389
00045854.jpg,389
00045855.jpg,389
00045856.jpg,389
00045857.jpg,389
00045858.jpg,389
00045859.jpg,389
00045860.jpg,389
00045861.jpg,389
00045862.jpg,389
00045863.jpg,389
00045864.jpg,389
00045865.jpg,389
00045866.jpg,389
00045867.jpg,389
00045868.jpg,389
00045869.jpg,389
00045870.jpg,389
00045871.jpg,389
00045872.jpg,390
00045873.jpg,390
00045874.jpg,390
00045875.jpg,390
00045876.jpg,390
00045877.jpg,390
00045878.jpg,390
00045879.jpg,390
00045880.jpg,390
00045881.jpg,390
00045882.jpg,390
00045883.jpg,390
00045884.jpg,390
00045885.jpg,390
00045886.jpg,390
00045887.jpg,390
00045888.jpg,390
00045889.jpg,390
00045890.jpg,390
00045891.jpg,390
00045892.jpg,390
00045893.jpg,390
00045894.jpg,390
00045895.jpg,390
00045896.jpg,390
00045897.jpg,390
00045898.jpg,390
00045899.jpg,390
00045900.jpg,390
00045901.jpg,390
00045902.jpg,390
00045903.jpg,390
00045904.jpg,390
00045905.jpg,390
00045906.jpg,390
00045907.jpg,390
00045908.jpg,390
00045909.jpg,390
00045910.jpg,390
00045911.jpg,390
00045912.jpg,390
00045913.jpg,390
00045914.jpg,390
00045915.jpg,390
00045916.jpg,390
00045917.jpg,390
00045918.jpg,390
00045919.jpg,390
00045920.jpg,390
00045921.jpg,390
00045922.jpg,390
00045923.jpg,390
00045924.jpg,390
00045925.jpg,390
00045926.jpg,390
00045927.jpg,390
00045928.jpg,390
00045929.jpg,390
00045930.jpg,390
00045931.jpg,390
00045932.jpg,390
00045933.jpg,390
00045934.jpg,390
00045935.jpg,390
00045936.jpg,390
00045937.jpg,390
00045938.jpg,390
00045939.jpg,390
00045940.jpg,390
00045941.jpg,390
00045942.jpg,390
00045943.jpg,390
00045944.jpg,390
00045945.jpg,390
00045946.jpg,390
00045947.jpg,390
00045948.jpg,390
00045949.jpg,390
00045950.jpg,390
00045951.jpg,390
00045952.jpg,390
00045953.jpg,390
00045954.jpg,390
00045955.jpg,390
00045956.jpg,390
00045957.jpg,390
00045958.jpg,390
00045959.jpg,390
00045960.jpg,390
00045961.jpg,390
00045962.jpg,390
00045963.jpg,390
00045964.jpg,390
00045965.jpg,390
00045966.jpg,390
00045967.jpg,390
00045968.jpg,390
00045969.jpg,390
00045970.jpg,390
00045971.jpg,390
00045972.jpg,390
00045973.jpg,390
00045974.jpg,390
00045975.jpg,390
00045976.jpg,390
00045977.jpg,390
00045978.jpg,390
00045979.jpg,390
00045980.jpg,390
00045981.jpg,390
00045982.jpg,390
00045983.jpg,390
00045984.jpg,390
00045985.jpg,390
00045986.jpg,390
00045987.jpg,390
00045988.jpg,390
00045989.jpg,391
00045990.jpg,391
00045991.jpg,391
00045992.jpg,391
00045993.jpg,391
00045994.jpg,391
00045995.jpg,391
00045996.jpg,391
00045997.jpg,391
00045998.jpg,391
00045999.jpg,391
00046000.jpg,391
00046001.jpg,391
00046002.jpg,391
00046003.jpg,391
00046004.jpg,391
00046005.jpg,391
00046006.jpg,391
00046007.jpg,391
00046008.jpg,391
00046009.jpg,391
00046010.jpg,391
00046011.jpg,391
00046012.jpg,391
00046013.jpg,391
00046014.jpg,391
00046015.jpg,391
00046016.jpg,391
00046017.jpg,391
00046018.jpg,391
00046019.jpg,391
00046020.jpg,391
00046021.jpg,391
00046022.jpg,391
00046023.jpg,391
00046024.jpg,391
00046025.jpg,391
00046026.jpg,391
00046027.jpg,391
00046028.jpg,391
00046029.jpg,391
00046030.jpg,391
00046031.jpg,391
00046032.jpg,391
00046033.jpg,391
00046034.jpg,391
00046035.jpg,391
00046036.jpg,391
00046037.jpg,391
00046038.jpg,391
00046039.jpg,391
00046040.jpg,391
00046041.jpg,391
00046042.jpg,391
00046043.jpg,391
00046044.jpg,391
00046045.jpg,391
00046046.jpg,391
00046047.jpg,391
00046048.jpg,391
00046049.jpg,391
00046050.jpg,391
00046051.jpg,391
00046052.jpg,391
00046053.jpg,391
00046054.jpg,391
00046055.jpg,391
00046056.jpg,391
00046057.jpg,391
00046058.jpg,391
00046059.jpg,391
00046060.jpg,391
00046061.jpg,391
00046062.jpg,391
00046063.jpg,391
00046064.jpg,391
00046065.jpg,391
00046066.jpg,391
00046067.jpg,391
00046068.jpg,391
00046069.jpg,391
00046070.jpg,391
00046071.jpg,391
00046072.jpg,391
00046073.jpg,391
00046074.jpg,391
00046075.jpg,391
00046076.jpg,391
00046077.jpg,391
00046078.jpg,391
00046079.jpg,391
00046080.jpg,391
00046081.jpg,391
00046082.jpg,391
00046083.jpg,391
00046084.jpg,391
00046085.jpg,391
00046086.jpg,391
00046087.jpg,391
00046088.jpg,391
00046089.jpg,391
00046090.jpg,391
00046091.jpg,391
00046092.jpg,391
00046093.jpg,391
00046094.jpg,391
00046095.jpg,391
00046096.jpg,391
00046097.jpg,391
00046098.jpg,391
00046099.jpg,391
00046100.jpg,391
00046101.jpg,391
00046102.jpg,391
00046103.jpg,391
00046104.jpg,391
00046105.jpg,391
00046106.jpg,392
00046107.jpg,392
00046108.jpg,392
00046109.jpg,392
00046110.jpg,392
00046111.jpg,392
00046112.jpg,392
00046113.jpg,392
00046114.jpg,392
00046115.jpg,392
00046116.jpg,392
00046117.jpg,392
00046118.jpg,392
00046119.jpg,392
00046120.jpg,392
00046121.jpg,392
00046122.jpg,392
00046123.jpg,392
00046124.jpg,392
00046125.jpg,392
00046126.jpg,392
00046127.jpg,392
00046128.jpg,392
00046129.jpg,392
00046130.jpg,392
00046131.jpg,392
00046132.jpg,392
00046133.jpg,392
00046134.jpg,392
00046135.jpg,392
00046136.jpg,392
00046137.jpg,392
00046138.jpg,392
00046139.jpg,392
00046140.jpg,392
00046141.jpg,392
00046142.jpg,392
00046143.jpg,392
00046144.jpg,392
00046145.jpg,392
00046146.jpg,392
00046147.jpg,392
00046148.jpg,392
00046149.jpg,392
00046150.jpg,392
00046151.jpg,392
00046152.jpg,392
00046153.jpg,392
00046154.jpg,392
00046155.jpg,392
00046156.jpg,392
00046157.jpg,392
00046158.jpg,392
00046159.jpg,392
00046160.jpg,392
00046161.jpg,392
00046162.jpg,392
00046163.jpg,392
00046164.jpg,392
00046165.jpg,392
00046166.jpg,392
00046167.jpg,392
00046168.jpg,392
00046169.jpg,392
00046170.jpg,392
00046171.jpg,392
00046172.jpg,392
00046173.jpg,392
00046174.jpg,392
00046175.jpg,392
00046176.jpg,392
00046177.jpg,392
00046178.jpg,392
00046179.jpg,392
00046180.jpg,392
00046181.jpg,392
00046182.jpg,392
00046183.jpg,392
00046184.jpg,392
00046185.jpg,392
00046186.jpg,392
00046187.jpg,392
00046188.jpg,392
00046189.jpg,392
00046190.jpg,392
00046191.jpg,392
00046192.jpg,392
00046193.jpg,392
00046194.jpg,392
00046195.jpg,392
00046196.jpg,392
00046197.jpg,392
00046198.jpg,392
00046199.jpg,392
00046200.jpg,392
00046201.jpg,392
00046202.jpg,392
00046203.jpg,392
00046204.jpg,392
00046205.jpg,392
00046206.jpg,392
00046207.jpg,392
00046208.jpg,392
00046209.jpg,392
00046210.jpg,392
00046211.jpg,392
00046212.jpg,392
00046213.jpg,392
00046214.jpg,392
00046215.jpg,392
00046216.jpg,392
00046217.jpg,392
00046218.jpg,392
00046219.jpg,392
00046220.jpg,392
00046221.jpg,392
00046222.jpg,392
00046223.jpg,393
00046224.jpg,393
00046225.jpg,393
00046226.jpg,393
00046227.jpg,393
00046228.jpg,393
00046229.jpg,393
00046230.jpg,393
00046231.jpg,393
00046232.jpg,393
00046233.jpg,393
00046234.jpg,393
00046235.jpg,393
00046236.jpg,393
00046237.jpg,393
00046238.jpg,393
00046239.jpg,393
00046240.jpg,393
00046241.jpg,393
00046242.jpg,393
00046243.jpg,393
00046244.jpg,393
00046245.jpg,393
00046246.jpg,393
00046247.jpg,393
00046248.jpg,393
00046249.jpg,393
00046250.jpg,393
00046251.jpg,393
00046252.jpg,393
00046253.jpg,393
00046254.jpg,393
00046255.jpg,393
00046256.jpg,393
00046257.jpg,393
00046258.jpg,393
00046259.jpg,393
00046260.jpg,393
00046261.jpg,393
00046262.jpg,393
00046263.jpg,393
00046264.jpg,393
00046265.jpg,393
00046266.jpg,393
00046267.jpg,393
00046268.jpg,393
00046269.jpg,393
00046270.jpg,393
00046271.jpg,393
00046272.jpg,393
00046273.jpg,393
00046274.jpg,393
00046275.jpg,393
00046276.jpg,393
00046277.jpg,393
00046278.jpg,393
00046279.jpg,393
00046280.jpg,393
00046281.jpg,393
00046282.jpg,393
00046283.jpg,393
00046284.jpg,393
00046285.jpg,393
00046286.jpg,393
00046287.jpg,393
00046288.jpg,393
00046289.jpg,393
00046290.jpg,393
00046291.jpg,393
00046292.jpg,393
00046293.jpg,393
00046294.jpg,393
00046295.jpg,393
00046296.jpg,393
00046297.jpg,393
00046298.jpg,393
00046299.jpg,393
00046300.jpg,393
00046301.jpg,393
00046302.jpg,393
00046303.jpg,393
00046304.jpg,393
00046305.jpg,393
00046306.jpg,393
00046307.jpg,393
00046308.jpg,393
00046309.jpg,393
00046310.jpg,393
00046311.jpg,393
00046312.jpg,393
00046313.jpg,393
00046314.jpg,393
00046315.jpg,393
00046316.jpg,393
00046317.jpg,393
00046318.jpg,393
00046319.jpg,393
00046320.jpg,393
00046321.jpg,393
00046322.jpg,393
00046323.jpg,393
00046324.jpg,393
00046325.jpg,393
00046326.jpg,393
00046327.jpg,393
00046328.jpg,393
00046329.jpg,393
00046330.jpg,393
00046331.jpg,393
00046332.jpg,393
00046333.jpg,393
00046334.jpg,393
00046335.jpg,393
00046336.jpg,393
00046337.jpg,393
00046338.jpg,393
00046339.jpg,393
00046340.jpg,394
00046341.jpg,394
00046342.jpg,394
00046343.jpg,394
00046344.jpg,394
00046345.jpg,394
00046346.jpg,394
00046347.jpg,394
00046348.jpg,394
00046349.jpg,394
00046350.jpg,394
00046351.jpg,394
00046352.jpg,394
00046353.jpg,394
00046354.jpg,394
00046355.jpg,394
00046356.jpg,394
00046357.jpg,394
00046358.jpg,394
00046359.jpg,394
00046360.jpg,394
00046361.jpg,394
00046362.jpg,394
00046363.jpg,394
00046364.jpg,394
00046365.jpg,394
00046366.jpg,394
00046367.jpg,394
00046368.jpg,394
00046369.jpg,394
00046370.jpg,394
00046371.jpg,394
00046372.jpg,394
00046373.jpg,394
00046374.jpg,394
00046375.jpg,394
00046376.jpg,394
00046377.jpg,394
00046378.jpg,394
00046379.jpg,394
00046380.jpg,394
00046381.jpg,394
00046382.jpg,394
00046383.jpg,394
00046384.jpg,394
00046385.jpg,394
00046386.jpg,394
00046387.jpg,394
00046388.jpg,394
00046389.jpg,394
00046390.jpg,394
00046391.jpg,394
00046392.jpg,394
00046393.jpg,394
00046394.jpg,394
00046395.jpg,394
00046396.jpg,394
00046397.jpg,394
00046398.jpg,394
00046399.jpg,394
00046400.jpg,394
00046401.jpg,394
00046402.jpg,394
00046403.jpg,394
00046404.jpg,394
00046405.jpg,394
00046406.jpg,394
00046407.jpg,394
00046408.jpg,394
00046409.jpg,394
00046410.jpg,394
00046411.jpg,394
00046412.jpg,394
00046413.jpg,394
00046414.jpg,394
00046415.jpg,394
00046416.jpg,394
00046417.jpg,394
00046418.jpg,394
00046419.jpg,394
00046420.jpg,394
00046421.jpg,394
00046422.jpg,394
00046423.jpg,394
00046424.jpg,394
00046425.jpg,394
00046426.jpg,394
00046427.jpg,394
00046428.jpg,394
00046429.jpg,394
00046430.jpg,394
00046431.jpg,394
00046432.jpg,394
00046433.jpg,394
00046434.jpg,394
00046435.jpg,394
00046436.jpg,394
00046437.jpg,394
00046438.jpg,394
00046439.jpg,394
00046440.jpg,394
00046441.jpg,394
00046442.jpg,394
00046443.jpg,394
00046444.jpg,394
00046445.jpg,394
00046446.jpg,394
00046447.jpg,394
00046448.jpg,394
00046449.jpg,394
00046450.jpg,394
00046451.jpg,394
00046452.jpg,394
00046453.jpg,394
00046454.jpg,394
00046455.jpg,394
00046456.jpg,394
00046457.jpg,395
00046458.jpg,395
00046459.jpg,395
00046460.jpg,395
00046461.jpg,395
00046462.jpg,395
00046463.jpg,395
00046464.jpg,395
00046465.jpg,395
00046466.jpg,395
00046467.jpg,395
00046468.jpg,395
00046469.jpg,395
00046470.jpg,395
00046471.jpg,395
00046472.jpg,395
00046473.jpg,395
00046474.jpg,395
00046475.jpg,395
00046476.jpg,395
00046477.jpg,395
00046478.jpg,395
00046479.jpg,395
00046480.jpg,395
00046481.jpg,395
00046482.jpg,395
00046483.jpg,395
00046484.jpg,395
00046485.jpg,395
00046486.jpg,395
00046487.jpg,395
00046488.jpg,395
00046489.jpg,395
00046490.jpg,395
00046491.jpg,395
00046492.jpg,395
00046493.jpg,395
00046494.jpg,395
00046495.jpg,395
00046496.jpg,395
00046497.jpg,395
00046498.jpg,395
00046499.jpg,395
00046500.jpg,395
00046501.jpg,395
00046502.jpg,395
00046503.jpg,395
00046504.jpg,395
00046505.jpg,395
00046506.jpg,395
00046507.jpg,395
00046508.jpg,395
00046509.jpg,395
00046510.jpg,395
00046511.jpg,395
00046512.jpg,395
00046513.jpg,395
00046514.jpg,395
00046515.jpg,395
00046516.jpg,395
00046517.jpg,395
00046518.jpg,395
00046519.jpg,395
00046520.jpg,395
00046521.jpg,395
00046522.jpg,395
00046523.jpg,395
00046524.jpg,395
00046525.jpg,395
00046526.jpg,395
00046527.jpg,395
00046528.jpg,395
00046529.jpg,395
00046530.jpg,395
00046531.jpg,395
00046532.jpg,395
00046533.jpg,395
00046534.jpg,395
00046535.jpg,395
00046536.jpg,395
00046537.jpg,395
00046538.jpg,395
00046539.jpg,395
00046540.jpg,395
00046541.jpg,395
00046542.jpg,395
00046543.jpg,395
00046544.jpg,395
00046545.jpg,395
00046546.jpg,395
00046547.jpg,395
00046548.jpg,395
00046549.jpg,395
00046550.jpg,395
00046551.jpg,395
00046552.jpg,395
00046553.jpg,395
00046554.jpg,395
00046555.jpg,395
00046556.jpg,395
00046557.jpg,395
00046558.jpg,395
00046559.jpg,395
00046560.jpg,395
00046561.jpg,395
00046562.jpg,395
00046563.jpg,395
00046564.jpg,395
00046565.jpg,395
00046566.jpg,395
00046567.jpg,395
00046568.jpg,395
00046569.jpg,395
00046570.jpg,395
00046571.jpg,395
00046572.jpg,395
00046573.jpg,395
00046574.jpg,396
00046575.jpg,396
00046576.jpg,396
00046577.jpg,396
00046578.jpg,396
00046579.jpg,396
00046580.jpg,396
00046581.jpg,396
00046582.jpg,396
00046583.jpg,396
00046584.jpg,396
00046585.jpg,396
00046586.jpg,396
00046587.jpg,396
00046588.jpg,396
00046589.jpg,396
00046590.jpg,396
00046591.jpg,396
00046592.jpg,396
00046593.jpg,396
00046594.jpg,396
00046595.jpg,396
00046596.jpg,396
00046597.jpg,396
00046598.jpg,396
00046599.jpg,396
00046600.jpg,396
00046601.jpg,396
00046602.jpg,396
00046603.jpg,396
00046604.jpg,396
00046605.jpg,396
00046606.jpg,396
00046607.jpg,396
00046608.jpg,396
00046609.jpg,396
00046610.jpg,396
00046611.jpg,396
00046612.jpg,396
00046613.jpg,396
00046614.jpg,396
00046615.jpg,396
00046616.jpg,396
00046617.jpg,396
00046618.jpg,396
00046619.jpg,396
00046620.jpg,396
00046621.jpg,396
00046622.jpg,396
00046623.jpg,396
00046624.jpg,396
00046625.jpg,396
00046626.jpg,396
00046627.jpg,396
00046628.jpg,396
00046629.jpg,396
00046630.jpg,396
00046631.jpg,396
00046632.jpg,396
00046633.jpg,396
00046634.jpg,396
00046635.jpg,396
00046636.jpg,396
00046637.jpg,396
00046638.jpg,396
00046639.jpg,396
00046640.jpg,396
00046641.jpg,396
00046642.jpg,396
00046643.jpg,396
00046644.jpg,396
00046645.jpg,396
00046646.jpg,396
00046647.jpg,396
00046648.jpg,396
00046649.jpg,396
00046650.jpg,396
00046651.jpg,396
00046652.jpg,396
00046653.jpg,396
00046654.jpg,396
00046655.jpg,396
00046656.jpg,396
00046657.jpg,396
00046658.jpg,396
00046659.jpg,396
00046660.jpg,396
00046661.jpg,396
00046662.jpg,396
00046663.jpg,396
00046664.jpg,396
00046665.jpg,396
00046666.jpg,396
00046667.jpg,396
00046668.jpg,396
00046669.jpg,396
00046670.jpg,396
00046671.jpg,396
00046672.jpg,396
00046673.jpg,396
00046674.jpg,396
00046675.jpg,396
00046676.jpg,396
00046677.jpg,396
00046678.jpg,396
00046679.jpg,396
00046680.jpg,396
00046681.jpg,396
00046682.jpg,396
00046683.jpg,396
00046684.jpg,396
00046685.jpg,396
00046686.jpg,396
00046687.jpg,396
00046688.jpg,396
00046689.jpg,396
00046690.jpg,396
00046691.jpg,397
00046692.jpg,397
00046693.jpg,397
00046694.jpg,397
00046695.jpg,397
00046696.jpg,397
00046697.jpg,397
00046698.jpg,397
00046699.jpg,397
00046700.jpg,397
00046701.jpg,397
00046702.jpg,397
00046703.jpg,397
00046704.jpg,397
00046705.jpg,397
00046706.jpg,397
00046707.jpg,397
00046708.jpg,397
00046709.jpg,397
00046710.jpg,397
00046711.jpg,397
00046712.jpg,397
00046713.jpg,397
00046714.jpg,397
00046715.jpg,397
00046716.jpg,397
00046717.jpg,397
00046718.jpg,397
00046719.jpg,397
00046720.jpg,397
00046721.jpg,397
00046722.jpg,397
00046723.jpg,397
00046724.jpg,397
00046725.jpg,397
00046726.jpg,397
00046727.jpg,397
00046728.jpg,397
00046729.jpg,397
00046730.jpg,397
00046731.jpg,397
00046732.jpg,397
00046733.jpg,397
00046734.jpg,397
00046735.jpg,397
00046736.jpg,397
00046737.jpg,397
00046738.jpg,397
00046739.jpg,397
00046740.jpg,397
00046741.jpg,397
00046742.jpg,397
00046743.jpg,397
00046744.jpg,397
00046745.jpg,397
00046746.jpg,397
00046747.jpg,397
00046748.jpg,397
00046749.jpg,397
00046750.jpg,397
00046751.jpg,397
00046752.jpg,397
00046753.jpg,397
00046754.jpg,397
00046755.jpg,397
00046756.jpg,397
00046757.jpg,397
00046758.jpg,397
00046759.jpg,397
00046760.jpg,397
00046761.jpg,397
00046762.jpg,397
00046763.jpg,397
00046764.jpg,397
00046765.jpg,397
00046766.jpg,397
00046767.jpg,397
00046768.jpg,397
00046769.jpg,397
00046770.jpg,397
00046771.jpg,397
00046772.jpg,397
00046773.jpg,397
00046774.jpg,397
00046775.jpg,397
00046776.jpg,397
00046777.jpg,397
00046778.jpg,397
00046779.jpg,397
00046780.jpg,397
00046781.jpg,397
00046782.jpg,397
00046783.jpg,397
00046784.jpg,397
00046785.jpg,397
00046786.jpg,397
00046787.jpg,397
00046788.jpg,397
00046789.jpg,397
00046790.jpg,397
00046791.jpg,397
00046792.jpg,397
00046793.jpg,397
00046794.jpg,397
00046795.jpg,397
00046796.jpg,397
00046797.jpg,397
00046798.jpg,397
00046799.jpg,397
00046800.jpg,397
00046801.jpg,397
00046802.jpg,397
00046803.jpg,397
00046804.jpg,397
00046805.jpg,397
00046806.jpg,397
00046807.jpg,397
00046808.jpg,398
00046809.jpg,398
00046810.jpg,398
00046811.jpg,398
00046812.jpg,398
00046813.jpg,398
00046814.jpg,398
00046815.jpg,398
00046816.jpg,398
00046817.jpg,398
00046818.jpg,398
00046819.jpg,398
00046820.jpg,398
00046821.jpg,398
00046822.jpg,398
00046823.jpg,398
00046824.jpg,398
00046825.jpg,398
00046826.jpg,398
00046827.jpg,398
00046828.jpg,398
00046829.jpg,398
00046830.jpg,398
00046831.jpg,398
00046832.jpg,398
00046833.jpg,398
00046834.jpg,398
00046835.jpg,398
00046836.jpg,398
00046837.jpg,398
00046838.jpg,398
00046839.jpg,398
00046840.jpg,398
00046841.jpg,398
00046842.jpg,398
00046843.jpg,398
00046844.jpg,398
00046845.jpg,398
00046846.jpg,398
00046847.jpg,398
00046848.jpg,398
00046849.jpg,398
00046850.jpg,398
00046851.jpg,398
00046852.jpg,398
00046853.jpg,398
00046854.jpg,398
00046855.jpg,398
00046856.jpg,398
00046857.jpg,398
00046858.jpg,398
00046859.jpg,398
00046860.jpg,398
00046861.jpg,398
00046862.jpg,398
00046863.jpg,398
00046864.jpg,398
00046865.jpg,398
00046866.jpg,398
00046867.jpg,398
00046868.jpg,398
00046869.jpg,398
00046870.jpg,398
00046871.jpg,398
00046872.jpg,398
00046873.jpg,398
00046874.jpg,398
00046875.jpg,398
00046876.jpg,398
00046877.jpg,398
00046878.jpg,398
00046879.jpg,398
00046880.jpg,398
00046881.jpg,398
00046882.jpg,398
00046883.jpg,398
00046884.jpg,398
00046885.jpg,398
00046886.jpg,398
00046887.jpg,398
00046888.jpg,398
00046889.jpg,398
00046890.jpg,398
00046891.jpg,398
00046892.jpg,398
00046893.jpg,398
00046894.jpg,398
00046895.jpg,398
00046896.jpg,398
00046897.jpg,398
00046898.jpg,398
00046899.jpg,398
00046900.jpg,398
00046901.jpg,398
00046902.jpg,398
00046903.jpg,398
00046904.jpg,398
00046905.jpg,398
00046906.jpg,398
00046907.jpg,398
00046908.jpg,398
00046909.jpg,398
00046910.jpg,398
00046911.jpg,398
00046912.jpg,398
00046913.jpg,398
00046914.jpg,398
00046915.jpg,398
00046916.jpg,398
00046917.jpg,398
00046918.jpg,398
00046919.jpg,398
00046920.jpg,398
00046921.jpg,398
00046922.jpg,398
00046923.jpg,398
00046924.jpg,398
00046925.jpg,399
00046926.jpg,399
00046927.jpg,399
00046928.jpg,399
00046929.jpg,399
00046930.jpg,399
00046931.jpg,399
00046932.jpg,399
00046933.jpg,399
00046934.jpg,399
00046935.jpg,399
00046936.jpg,399
00046937.jpg,399
00046938.jpg,399
00046939.jpg,399
00046940.jpg,399
00046941.jpg,399
00046942.jpg,399
00046943.jpg,399
00046944.jpg,399
00046945.jpg,399
00046946.jpg,399
00046947.jpg,399
00046948.jpg,399
00046949.jpg,399
00046950.jpg,399
00046951.jpg,399
00046952.jpg,399
00046953.jpg,399
00046954.jpg,399
00046955.jpg,399
00046956.jpg,399
00046957.jpg,399
00046958.jpg,399
00046959.jpg,399
00046960.jpg,399
00046961.jpg,399
00046962.jpg,399
00046963.jpg,399
00046964.jpg,399
00046965.jpg,399
00046966.jpg,399
00046967.jpg,399
00046968.jpg,399
00046969.jpg,399
00046970.jpg,399
00046971.jpg,399
00046972.jpg,399
00046973.jpg,399
00046974.jpg,399
00046975.jpg,399
00046976.jpg,399
00046977.jpg,399
00046978.jpg,399
00046979.jpg,399
00046980.jpg,399
00046981.jpg,399
00046982.jpg,399
00046983.jpg,399
00046984.jpg,399
00046985.jpg,399
00046986.jpg,399
00046987.jpg,399
00046988.jpg,399
00046989.jpg,399
00046990.jpg,399
00046991.jpg,399
00046992.jpg,399
00046993.jpg,399
00046994.jpg,399
00046995.jpg,399
00046996.jpg,399
00046997.jpg,399
00046998.jpg,399
00046999.jpg,399
00047000.jpg,399
00047001.jpg,399
00047002.jpg,399
00047003.jpg,399
00047004.jpg,399
00047005.jpg,399
00047006.jpg,399
00047007.jpg,399
00047008.jpg,399
00047009.jpg,399
00047010.jpg,399
00047011.jpg,399
00047012.jpg,399
00047013.jpg,399
00047014.jpg,399
00047015.jpg,399
00047016.jpg,399
00047017.jpg,399
00047018.jpg,399
00047019.jpg,399
00047020.jpg,399
00047021.jpg,399
00047022.jpg,399
00047023.jpg,399
00047024.jpg,399
00047025.jpg,399
00047026.jpg,399
00047027.jpg,399
00047028.jpg,399
00047029.jpg,399
00047030.jpg,399
00047031.jpg,399
00047032.jpg,399
00047033.jpg,399
00047034.jpg,399
00047035.jpg,399
00047036.jpg,399
00047037.jpg,399
00047038.jpg,399
00047039.jpg,399
00047040.jpg,399
00047041.jpg,399
00047042.jpg,400
00047043.jpg,400
00047044.jpg,400
00047045.jpg,400
00047046.jpg,400
00047047.jpg,400
00047048.jpg,400
00047049.jpg,400
00047050.jpg,400
00047051.jpg,400
00047052.jpg,400
00047053.jpg,400
00047054.jpg,400
00047055.jpg,400
00047056.jpg,400
00047057.jpg,400
00047058.jpg,400
00047059.jpg,400
00047060.jpg,400
00047061.jpg,400
00047062.jpg,400
00047063.jpg,400
00047064.jpg,400
00047065.jpg,400
00047066.jpg,400
00047067.jpg,400
00047068.jpg,400
00047069.jpg,400
00047070.jpg,400
00047071.jpg,400
00047072.jpg,400
00047073.jpg,400
00047074.jpg,400
00047075.jpg,400
00047076.jpg,400
00047077.jpg,400
00047078.jpg,400
00047079.jpg,400
00047080.jpg,400
00047081.jpg,400
00047082.jpg,400
00047083.jpg,400
00047084.jpg,400
00047085.jpg,400
00047086.jpg,400
00047087.jpg,400
00047088.jpg,400
00047089.jpg,400
00047090.jpg,400
00047091.jpg,400
00047092.jpg,400
00047093.jpg,400
00047094.jpg,400
00047095.jpg,400
00047096.jpg,400
00047097.jpg,400
00047098.jpg,400
00047099.jpg,400
00047100.jpg,400
00047101.jpg,400
00047102.jpg,400
00047103.jpg,400
00047104.jpg,400
00047105.jpg,400
00047106.jpg,400
00047107.jpg,400
00047108.jpg,400
00047109.jpg,400
00047110.jpg,400
00047111.jpg,400
00047112.jpg,400
00047113.jpg,400
00047114.jpg,400
00047115.jpg,400
00047116.jpg,400
00047117.jpg,400
00047118.jpg,400
00047119.jpg,400
00047120.jpg,400
00047121.jpg,400
00047122.jpg,400
00047123.jpg,400
00047124.jpg,400
00047125.jpg,400
00047126.jpg,400
00047127.jpg,400
00047128.jpg,400
00047129.jpg,400
00047130.jpg,400
00047131.jpg,400
00047132.jpg,400
00047133.jpg,400
00047134.jpg,400
00047135.jpg,400
00047136.jpg,400
00047137.jpg,400
00047138.jpg,400
00047139.jpg,400
00047140.jpg,400
00047141.jpg,400
00047142.jpg,400
00047143.jpg,400
00047144.jpg,400
00047145.jpg,400
00047146.jpg,400
00047147.jpg,400
00047148.jpg,400
00047149.jpg,400
00047150.jpg,400
00047151.jpg,400
00047152.jpg,400
00047153.jpg,400
00047154.jpg,400
00047155.jpg,400
00047156.jpg,400
00047157.jpg,400
00047158.jpg,400
00047159.jpg,401
00047160.jpg,401
00047161.jpg,401
00047162.jpg,401
00047163.jpg,401
00047164.jpg,401
00047165.jpg,401
00047166.jpg,401
00047167.jpg,401
00047168.jpg,401
00047169.jpg,401
00047170.jpg,401
00047171.jpg,401
00047172.jpg,401
00047173.jpg,401
00047174.jpg,401
00047175.jpg,401
00047176.jpg,401
00047177.jpg,401
00047178.jpg,401
00047179.jpg,401
00047180.jpg,401
00047181.jpg,401
00047182.jpg,401
00047183.jpg,401
00047184.jpg,401
00047185.jpg,401
00047186.jpg,401
00047187.jpg,401
00047188.jpg,401
00047189.jpg,401
00047190.jpg,401
00047191.jpg,401
00047192.jpg,401
00047193.jpg,401
00047194.jpg,401
00047195.jpg,401
00047196.jpg,401
00047197.jpg,401
00047198.jpg,401
00047199.jpg,401
00047200.jpg,401
00047201.jpg,401
00047202.jpg,401
00047203.jpg,401
00047204.jpg,401
00047205.jpg,401
00047206.jpg,401
00047207.jpg,401
00047208.jpg,401
00047209.jpg,401
00047210.jpg,401
00047211.jpg,401
00047212.jpg,401
00047213.jpg,401
00047214.jpg,401
00047215.jpg,401
00047216.jpg,401
00047217.jpg,401
00047218.jpg,401
00047219.jpg,401
00047220.jpg,401
00047221.jpg,401
00047222.jpg,401
00047223.jpg,401
00047224.jpg,401
00047225.jpg,401
00047226.jpg,401
00047227.jpg,401
00047228.jpg,401
00047229.jpg,401
00047230.jpg,401
00047231.jpg,401
00047232.jpg,401
00047233.jpg,401
00047234.jpg,401
00047235.jpg,401
00047236.jpg,401
00047237.jpg,401
00047238.jpg,401
00047239.jpg,401
00047240.jpg,401
00047241.jpg,401
00047242.jpg,401
00047243.jpg,401
00047244.jpg,401
00047245.jpg,401
00047246.jpg,401
00047247.jpg,401
00047248.jpg,401
00047249.jpg,401
00047250.jpg,401
00047251.jpg,401
00047252.jpg,401
00047253.jpg,401
00047254.jpg,401
00047255.jpg,401
00047256.jpg,401
00047257.jpg,401
00047258.jpg,401
00047259.jpg,401
00047260.jpg,401
00047261.jpg,401
00047262.jpg,401
00047263.jpg,401
00047264.jpg,401
00047265.jpg,401
00047266.jpg,401
00047267.jpg,401
00047268.jpg,401
00047269.jpg,401
00047270.jpg,401
00047271.jpg,401
00047272.jpg,401
00047273.jpg,401
00047274.jpg,401
00047275.jpg,401
00047276.jpg,402
00047277.jpg,402
00047278.jpg,402
00047279.jpg,402
00047280.jpg,402
00047281.jpg,402
00047282.jpg,402
00047283.jpg,402
00047284.jpg,402
00047285.jpg,402
00047286.jpg,402
00047287.jpg,402
00047288.jpg,402
00047289.jpg,402
00047290.jpg,402
00047291.jpg,402
00047292.jpg,402
00047293.jpg,402
00047294.jpg,402
00047295.jpg,402
00047296.jpg,402
00047297.jpg,402
00047298.jpg,402
00047299.jpg,402
00047300.jpg,402
00047301.jpg,402
00047302.jpg,402
00047303.jpg,402
00047304.jpg,402
00047305.jpg,402
00047306.jpg,402
00047307.jpg,402
00047308.jpg,402
00047309.jpg,402
00047310.jpg,402
00047311.jpg,402
00047312.jpg,402
00047313.jpg,402
00047314.jpg,402
00047315.jpg,402
00047316.jpg,402
00047317.jpg,402
00047318.jpg,402
00047319.jpg,402
00047320.jpg,402
00047321.jpg,402
00047322.jpg,402
00047323.jpg,402
00047324.jpg,402
00047325.jpg,402
00047326.jpg,402
00047327.jpg,402
00047328.jpg,402
00047329.jpg,402
00047330.jpg,402
00047331.jpg,402
00047332.jpg,402
00047333.jpg,402
00047334.jpg,402
00047335.jpg,402
00047336.jpg,402
00047337.jpg,402
00047338.jpg,402
00047339.jpg,402
00047340.jpg,402
00047341.jpg,402
00047342.jpg,402
00047343.jpg,402
00047344.jpg,402
00047345.jpg,402
00047346.jpg,402
00047347.jpg,402
00047348.jpg,402
00047349.jpg,402
00047350.jpg,402
00047351.jpg,402
00047352.jpg,402
00047353.jpg,402
00047354.jpg,402
00047355.jpg,402
00047356.jpg,402
00047357.jpg,402
00047358.jpg,402
00047359.jpg,402
00047360.jpg,402
00047361.jpg,402
00047362.jpg,402
00047363.jpg,402
00047364.jpg,402
00047365.jpg,402
00047366.jpg,402
00047367.jpg,402
00047368.jpg,402
00047369.jpg,402
00047370.jpg,402
00047371.jpg,402
00047372.jpg,402
00047373.jpg,402
00047374.jpg,402
00047375.jpg,402
00047376.jpg,402
00047377.jpg,402
00047378.jpg,402
00047379.jpg,402
00047380.jpg,402
00047381.jpg,402
00047382.jpg,402
00047383.jpg,402
00047384.jpg,402
00047385.jpg,402
00047386.jpg,402
00047387.jpg,402
00047388.jpg,402
00047389.jpg,402
00047390.jpg,402
00047391.jpg,402
00047392.jpg,402
00047393.jpg,403
00047394.jpg,403
00047395.jpg,403
00047396.jpg,403
00047397.jpg,403
00047398.jpg,403
00047399.jpg,403
00047400.jpg,403
00047401.jpg,403
00047402.jpg,403
00047403.jpg,403
00047404.jpg,403
00047405.jpg,403
00047406.jpg,403
00047407.jpg,403
00047408.jpg,403
00047409.jpg,403
00047410.jpg,403
00047411.jpg,403
00047412.jpg,403
00047413.jpg,403
00047414.jpg,403
00047415.jpg,403
00047416.jpg,403
00047417.jpg,403
00047418.jpg,403
00047419.jpg,403
00047420.jpg,403
00047421.jpg,403
00047422.jpg,403
00047423.jpg,403
00047424.jpg,403
00047425.jpg,403
00047426.jpg,403
00047427.jpg,403
00047428.jpg,403
00047429.jpg,403
00047430.jpg,403
00047431.jpg,403
00047432.jpg,403
00047433.jpg,403
00047434.jpg,403
00047435.jpg,403
00047436.jpg,403
00047437.jpg,403
00047438.jpg,403
00047439.jpg,403
00047440.jpg,403
00047441.jpg,403
00047442.jpg,403
00047443.jpg,403
00047444.jpg,403
00047445.jpg,403
00047446.jpg,403
00047447.jpg,403
00047448.jpg,403
00047449.jpg,403
00047450.jpg,403
00047451.jpg,403
00047452.jpg,403
00047453.jpg,403
00047454.jpg,403
00047455.jpg,403
00047456.jpg,403
00047457.jpg,403
00047458.jpg,403
00047459.jpg,403
00047460.jpg,403
00047461.jpg,403
00047462.jpg,403
00047463.jpg,403
00047464.jpg,403
00047465.jpg,403
00047466.jpg,403
00047467.jpg,403
00047468.jpg,403
00047469.jpg,403
00047470.jpg,403
00047471.jpg,403
00047472.jpg,403
00047473.jpg,403
00047474.jpg,403
00047475.jpg,403
00047476.jpg,403
00047477.jpg,403
00047478.jpg,403
00047479.jpg,403
00047480.jpg,403
00047481.jpg,403
00047482.jpg,403
00047483.jpg,403
00047484.jpg,403
00047485.jpg,403
00047486.jpg,403
00047487.jpg,403
00047488.jpg,403
00047489.jpg,403
00047490.jpg,403
00047491.jpg,403
00047492.jpg,403
00047493.jpg,403
00047494.jpg,403
00047495.jpg,403
00047496.jpg,403
00047497.jpg,403
00047498.jpg,403
00047499.jpg,403
00047500.jpg,403
00047501.jpg,403
00047502.jpg,403
00047503.jpg,403
00047504.jpg,403
00047505.jpg,403
00047506.jpg,403
00047507.jpg,403
00047508.jpg,403
00047509.jpg,403
00047510.jpg,404
00047511.jpg,404
00047512.jpg,404
00047513.jpg,404
00047514.jpg,404
00047515.jpg,404
00047516.jpg,404
00047517.jpg,404
00047518.jpg,404
00047519.jpg,404
00047520.jpg,404
00047521.jpg,404
00047522.jpg,404
00047523.jpg,404
00047524.jpg,404
00047525.jpg,404
00047526.jpg,404
00047527.jpg,404
00047528.jpg,404
00047529.jpg,404
00047530.jpg,404
00047531.jpg,404
00047532.jpg,404
00047533.jpg,404
00047534.jpg,404
00047535.jpg,404
00047536.jpg,404
00047537.jpg,404
00047538.jpg,404
00047539.jpg,404
00047540.jpg,404
00047541.jpg,404
00047542.jpg,404
00047543.jpg,404
00047544.jpg,404
00047545.jpg,404
00047546.jpg,404
00047547.jpg,404
00047548.jpg,404
00047549.jpg,404
00047550.jpg,404
00047551.jpg,404
00047552.jpg,404
00047553.jpg,404
00047554.jpg,404
00047555.jpg,404
00047556.jpg,404
00047557.jpg,404
00047558.jpg,404
00047559.jpg,404
00047560.jpg,404
00047561.jpg,404
00047562.jpg,404
00047563.jpg,404
00047564.jpg,404
00047565.jpg,404
00047566.jpg,404
00047567.jpg,404
00047568.jpg,404
00047569.jpg,404
00047570.jpg,404
00047571.jpg,404
00047572.jpg,404
00047573.jpg,404
00047574.jpg,404
00047575.jpg,404
00047576.jpg,404
00047577.jpg,404
00047578.jpg,404
00047579.jpg,404
00047580.jpg,404
00047581.jpg,404
00047582.jpg,404
00047583.jpg,404
00047584.jpg,404
00047585.jpg,404
00047586.jpg,404
00047587.jpg,404
00047588.jpg,404
00047589.jpg,404
00047590.jpg,404
00047591.jpg,404
00047592.jpg,404
00047593.jpg,404
00047594.jpg,404
00047595.jpg,404
00047596.jpg,404
00047597.jpg,404
00047598.jpg,404
00047599.jpg,404
00047600.jpg,404
00047601.jpg,404
00047602.jpg,404
00047603.jpg,404
00047604.jpg,404
00047605.jpg,404
00047606.jpg,404
00047607.jpg,404
00047608.jpg,404
00047609.jpg,404
00047610.jpg,404
00047611.jpg,404
00047612.jpg,404
00047613.jpg,404
00047614.jpg,404
00047615.jpg,404
00047616.jpg,404
00047617.jpg,404
00047618.jpg,404
00047619.jpg,404
00047620.jpg,404
00047621.jpg,404
00047622.jpg,404
00047623.jpg,404
00047624.jpg,404
00047625.jpg,404
00047626.jpg,404
00047627.jpg,405
00047628.jpg,405
00047629.jpg,405
00047630.jpg,405
00047631.jpg,405
00047632.jpg,405
00047633.jpg,405
00047634.jpg,405
00047635.jpg,405
00047636.jpg,405
00047637.jpg,405
00047638.jpg,405
00047639.jpg,405
00047640.jpg,405
00047641.jpg,405
00047642.jpg,405
00047643.jpg,405
00047644.jpg,405
00047645.jpg,405
00047646.jpg,405
00047647.jpg,405
00047648.jpg,405
00047649.jpg,405
00047650.jpg,405
00047651.jpg,405
00047652.jpg,405
00047653.jpg,405
00047654.jpg,405
00047655.jpg,405
00047656.jpg,405
00047657.jpg,405
00047658.jpg,405
00047659.jpg,405
00047660.jpg,405
00047661.jpg,405
00047662.jpg,405
00047663.jpg,405
00047664.jpg,405
00047665.jpg,405
00047666.jpg,405
00047667.jpg,405
00047668.jpg,405
00047669.jpg,405
00047670.jpg,405
00047671.jpg,405
00047672.jpg,405
00047673.jpg,405
00047674.jpg,405
00047675.jpg,405
00047676.jpg,405
00047677.jpg,405
00047678.jpg,405
00047679.jpg,405
00047680.jpg,405
00047681.jpg,405
00047682.jpg,405
00047683.jpg,405
00047684.jpg,405
00047685.jpg,405
00047686.jpg,405
00047687.jpg,405
00047688.jpg,405
00047689.jpg,405
00047690.jpg,405
00047691.jpg,405
00047692.jpg,405
00047693.jpg,405
00047694.jpg,405
00047695.jpg,405
00047696.jpg,405
00047697.jpg,405
00047698.jpg,405
00047699.jpg,405
00047700.jpg,405
00047701.jpg,405
00047702.jpg,405
00047703.jpg,405
00047704.jpg,405
00047705.jpg,405
00047706.jpg,405
00047707.jpg,405
00047708.jpg,405
00047709.jpg,405
00047710.jpg,405
00047711.jpg,405
00047712.jpg,405
00047713.jpg,405
00047714.jpg,405
00047715.jpg,405
00047716.jpg,405
00047717.jpg,405
00047718.jpg,405
00047719.jpg,405
00047720.jpg,405
00047721.jpg,405
00047722.jpg,405
00047723.jpg,405
00047724.jpg,405
00047725.jpg,405
00047726.jpg,405
00047727.jpg,405
00047728.jpg,405
00047729.jpg,405
00047730.jpg,405
00047731.jpg,405
00047732.jpg,405
00047733.jpg,405
00047734.jpg,405
00047735.jpg,405
00047736.jpg,405
00047737.jpg,405
00047738.jpg,405
00047739.jpg,405
00047740.jpg,405
00047741.jpg,405
00047742.jpg,405
00047743.jpg,405
00047744.jpg,406
00047745.jpg,406
00047746.jpg,406
00047747.jpg,406
00047748.jpg,406
00047749.jpg,406
00047750.jpg,406
00047751.jpg,406
00047752.jpg,406
00047753.jpg,406
00047754.jpg,406
00047755.jpg,406
00047756.jpg,406
00047757.jpg,406
00047758.jpg,406
00047759.jpg,406
00047760.jpg,406
00047761.jpg,406
00047762.jpg,406
00047763.jpg,406
00047764.jpg,406
00047765.jpg,406
00047766.jpg,406
00047767.jpg,406
00047768.jpg,406
00047769.jpg,406
00047770.jpg,406
00047771.jpg,406
00047772.jpg,406
00047773.jpg,406
00047774.jpg,406
00047775.jpg,406
00047776.jpg,406
00047777.jpg,406
00047778.jpg,406
00047779.jpg,406
00047780.jpg,406
00047781.jpg,406
00047782.jpg,406
00047783.jpg,406
00047784.jpg,406
00047785.jpg,406
00047786.jpg,406
00047787.jpg,406
00047788.jpg,406
00047789.jpg,406
00047790.jpg,406
00047791.jpg,406
00047792.jpg,406
00047793.jpg,406
00047794.jpg,406
00047795.jpg,406
00047796.jpg,406
00047797.jpg,406
00047798.jpg,406
00047799.jpg,406
00047800.jpg,406
00047801.jpg,406
00047802.jpg,406
00047803.jpg,406
00047804.jpg,406
00047805.jpg,406
00047806.jpg,406
00047807.jpg,406
00047808.jpg,406
00047809.jpg,406
00047810.jpg,406
00047811.jpg,406
00047812.jpg,406
00047813.jpg,406
00047814.jpg,406
00047815.jpg,406
00047816.jpg,406
00047817.jpg,406
00047818.jpg,406
00047819.jpg,406
00047820.jpg,406
00047821.jpg,406
00047822.jpg,406
00047823.jpg,406
00047824.jpg,406
00047825.jpg,406
00047826.jpg,406
00047827.jpg,406
00047828.jpg,406
00047829.jpg,406
00047830.jpg,406
00047831.jpg,406
00047832.jpg,406
00047833.jpg,406
00047834.jpg,406
00047835.jpg,406
00047836.jpg,406
00047837.jpg,406
00047838.jpg,406
00047839.jpg,406
00047840.jpg,406
00047841.jpg,406
00047842.jpg,406
00047843.jpg,406
00047844.jpg,406
00047845.jpg,406
00047846.jpg,406
00047847.jpg,406
00047848.jpg,406
00047849.jpg,406
00047850.jpg,406
00047851.jpg,406
00047852.jpg,406
00047853.jpg,406
00047854.jpg,406
00047855.jpg,406
00047856.jpg,406
00047857.jpg,406
00047858.jpg,406
00047859.jpg,406
00047860.jpg,406
00047861.jpg,407
00047862.jpg,407
00047863.jpg,407
00047864.jpg,407
00047865.jpg,407
00047866.jpg,407
00047867.jpg,407
00047868.jpg,407
00047869.jpg,407
00047870.jpg,407
00047871.jpg,407
00047872.jpg,407
00047873.jpg,407
00047874.jpg,407
00047875.jpg,407
00047876.jpg,407
00047877.jpg,407
00047878.jpg,407
00047879.jpg,407
00047880.jpg,407
00047881.jpg,407
00047882.jpg,407
00047883.jpg,407
00047884.jpg,407
00047885.jpg,407
00047886.jpg,407
00047887.jpg,407
00047888.jpg,407
00047889.jpg,407
00047890.jpg,407
00047891.jpg,407
00047892.jpg,407
00047893.jpg,407
00047894.jpg,407
00047895.jpg,407
00047896.jpg,407
00047897.jpg,407
00047898.jpg,407
00047899.jpg,407
00047900.jpg,407
00047901.jpg,407
00047902.jpg,407
00047903.jpg,407
00047904.jpg,407
00047905.jpg,407
00047906.jpg,407
00047907.jpg,407
00047908.jpg,407
00047909.jpg,407
00047910.jpg,407
00047911.jpg,407
00047912.jpg,407
00047913.jpg,407
00047914.jpg,407
00047915.jpg,407
00047916.jpg,407
00047917.jpg,407
00047918.jpg,407
00047919.jpg,407
00047920.jpg,407
00047921.jpg,407
00047922.jpg,407
00047923.jpg,407
00047924.jpg,407
00047925.jpg,407
00047926.jpg,407
00047927.jpg,407
00047928.jpg,407
00047929.jpg,407
00047930.jpg,407
00047931.jpg,407
00047932.jpg,407
00047933.jpg,407
00047934.jpg,407
00047935.jpg,407
00047936.jpg,407
00047937.jpg,407
00047938.jpg,407
00047939.jpg,407
00047940.jpg,407
00047941.jpg,407
00047942.jpg,407
00047943.jpg,407
00047944.jpg,407
00047945.jpg,407
00047946.jpg,407
00047947.jpg,407
00047948.jpg,407
00047949.jpg,407
00047950.jpg,407
00047951.jpg,407
00047952.jpg,407
00047953.jpg,407
00047954.jpg,407
00047955.jpg,407
00047956.jpg,407
00047957.jpg,407
00047958.jpg,407
00047959.jpg,407
00047960.jpg,407
00047961.jpg,407
00047962.jpg,407
00047963.jpg,407
00047964.jpg,407
00047965.jpg,407
00047966.jpg,407
00047967.jpg,407
00047968.jpg,407
00047969.jpg,407
00047970.jpg,407
00047971.jpg,407
00047972.jpg,407
00047973.jpg,407
00047974.jpg,407
00047975.jpg,407
00047976.jpg,407
00047977.jpg,407
00047978.jpg,408
00047979.jpg,408
00047980.jpg,408
00047981.jpg,408
00047982.jpg,408
00047983.jpg,408
00047984.jpg,408
00047985.jpg,408
00047986.jpg,408
00047987.jpg,408
00047988.jpg,408
00047989.jpg,408
00047990.jpg,408
00047991.jpg,408
00047992.jpg,408
00047993.jpg,408
00047994.jpg,408
00047995.jpg,408
00047996.jpg,408
00047997.jpg,408
00047998.jpg,408
00047999.jpg,408
00048000.jpg,408
00048001.jpg,408
00048002.jpg,408
00048003.jpg,408
00048004.jpg,408
00048005.jpg,408
00048006.jpg,408
00048007.jpg,408
00048008.jpg,408
00048009.jpg,408
00048010.jpg,408
00048011.jpg,408
00048012.jpg,408
00048013.jpg,408
00048014.jpg,408
00048015.jpg,408
00048016.jpg,408
00048017.jpg,408
00048018.jpg,408
00048019.jpg,408
00048020.jpg,408
00048021.jpg,408
00048022.jpg,408
00048023.jpg,408
00048024.jpg,408
00048025.jpg,408
00048026.jpg,408
00048027.jpg,408
00048028.jpg,408
00048029.jpg,408
00048030.jpg,408
00048031.jpg,408
00048032.jpg,408
00048033.jpg,408
00048034.jpg,408
00048035.jpg,408
00048036.jpg,408
00048037.jpg,408
00048038.jpg,408
00048039.jpg,408
00048040.jpg,408
00048041.jpg,408
00048042.jpg,408
00048043.jpg,408
00048044.jpg,408
00048045.jpg,408
00048046.jpg,408
00048047.jpg,408
00048048.jpg,408
00048049.jpg,408
00048050.jpg,408
00048051.jpg,408
00048052.jpg,408
00048053.jpg,408
00048054.jpg,408
00048055.jpg,408
00048056.jpg,408
00048057.jpg,408
00048058.jpg,408
00048059.jpg,408
00048060.jpg,408
00048061.jpg,408
00048062.jpg,408
00048063.jpg,408
00048064.jpg,408
00048065.jpg,408
00048066.jpg,408
00048067.jpg,408
00048068.jpg,408
00048069.jpg,408
00048070.jpg,408
00048071.jpg,408
00048072.jpg,408
00048073.jpg,408
00048074.jpg,408
00048075.jpg,408
00048076.jpg,408
00048077.jpg,408
00048078.jpg,408
00048079.jpg,408
00048080.jpg,408
00048081.jpg,408
00048082.jpg,408
00048083.jpg,408
00048084.jpg,408
00048085.jpg,408
00048086.jpg,408
00048087.jpg,408
00048088.jpg,408
00048089.jpg,408
00048090.jpg,408
00048091.jpg,408
00048092.jpg,408
00048093.jpg,408
00048094.jpg,408
00048095.jpg,409
00048096.jpg,409
00048097.jpg,409
00048098.jpg,409
00048099.jpg,409
00048100.jpg,409
00048101.jpg,409
00048102.jpg,409
00048103.jpg,409
00048104.jpg,409
00048105.jpg,409
00048106.jpg,409
00048107.jpg,409
00048108.jpg,409
00048109.jpg,409
00048110.jpg,409
00048111.jpg,409
00048112.jpg,409
00048113.jpg,409
00048114.jpg,409
00048115.jpg,409
00048116.jpg,409
00048117.jpg,409
00048118.jpg,409
00048119.jpg,409
00048120.jpg,409
00048121.jpg,409
00048122.jpg,409
00048123.jpg,409
00048124.jpg,409
00048125.jpg,409
00048126.jpg,409
00048127.jpg,409
00048128.jpg,409
00048129.jpg,409
00048130.jpg,409
00048131.jpg,409
00048132.jpg,409
00048133.jpg,409
00048134.jpg,409
00048135.jpg,409
00048136.jpg,409
00048137.jpg,409
00048138.jpg,409
00048139.jpg,409
00048140.jpg,409
00048141.jpg,409
00048142.jpg,409
00048143.jpg,409
00048144.jpg,409
00048145.jpg,409
00048146.jpg,409
00048147.jpg,409
00048148.jpg,409
00048149.jpg,409
00048150.jpg,409
00048151.jpg,409
00048152.jpg,409
00048153.jpg,409
00048154.jpg,409
00048155.jpg,409
00048156.jpg,409
00048157.jpg,409
00048158.jpg,409
00048159.jpg,409
00048160.jpg,409
00048161.jpg,409
00048162.jpg,409
00048163.jpg,409
00048164.jpg,409
00048165.jpg,409
00048166.jpg,409
00048167.jpg,409
00048168.jpg,409
00048169.jpg,409
00048170.jpg,409
00048171.jpg,409
00048172.jpg,409
00048173.jpg,409
00048174.jpg,409
00048175.jpg,409
00048176.jpg,409
00048177.jpg,409
00048178.jpg,409
00048179.jpg,409
00048180.jpg,409
00048181.jpg,409
00048182.jpg,409
00048183.jpg,409
00048184.jpg,409
00048185.jpg,409
00048186.jpg,409
00048187.jpg,409
00048188.jpg,409
00048189.jpg,409
00048190.jpg,409
00048191.jpg,409
00048192.jpg,409
00048193.jpg,409
00048194.jpg,409
00048195.jpg,409
00048196.jpg,409
00048197.jpg,409
00048198.jpg,409
00048199.jpg,409
00048200.jpg,409
00048201.jpg,409
00048202.jpg,409
00048203.jpg,409
00048204.jpg,409
00048205.jpg,409
00048206.jpg,409
00048207.jpg,409
00048208.jpg,409
00048209.jpg,409
00048210.jpg,409
00048211.jpg,409
00048212.jpg,410
00048213.jpg,410
00048214.jpg,410
00048215.jpg,410
00048216.jpg,410
00048217.jpg,410
00048218.jpg,410
00048219.jpg,410
00048220.jpg,410
00048221.jpg,410
00048222.jpg,410
00048223.jpg,410
00048224.jpg,410
00048225.jpg,410
00048226.jpg,410
00048227.jpg,410
00048228.jpg,410
00048229.jpg,410
00048230.jpg,410
00048231.jpg,410
00048232.jpg,410
00048233.jpg,410
00048234.jpg,410
00048235.jpg,410
00048236.jpg,410
00048237.jpg,410
00048238.jpg,410
00048239.jpg,410
00048240.jpg,410
00048241.jpg,410
00048242.jpg,410
00048243.jpg,410
00048244.jpg,410
00048245.jpg,410
00048246.jpg,410
00048247.jpg,410
00048248.jpg,410
00048249.jpg,410
00048250.jpg,410
00048251.jpg,410
00048252.jpg,410
00048253.jpg,410
00048254.jpg,410
00048255.jpg,410
00048256.jpg,410
00048257.jpg,410
00048258.jpg,410
00048259.jpg,410
00048260.jpg,410
00048261.jpg,410
00048262.jpg,410
00048263.jpg,410
00048264.jpg,410
00048265.jpg,410
00048266.jpg,410
00048267.jpg,410
00048268.jpg,410
00048269.jpg,410
00048270.jpg,410
00048271.jpg,410
00048272.jpg,410
00048273.jpg,410
00048274.jpg,410
00048275.jpg,410
00048276.jpg,410
00048277.jpg,410
00048278.jpg,410
00048279.jpg,410
00048280.jpg,410
00048281.jpg,410
00048282.jpg,410
00048283.jpg,410
00048284.jpg,410
00048285.jpg,410
00048286.jpg,410
00048287.jpg,410
00048288.jpg,410
00048289.jpg,410
00048290.jpg,410
00048291.jpg,410
00048292.jpg,410
00048293.jpg,410
00048294.jpg,410
00048295.jpg,410
00048296.jpg,410
00048297.jpg,410
00048298.jpg,410
00048299.jpg,410
00048300.jpg,410
00048301.jpg,410
00048302.jpg,410
00048303.jpg,410
00048304.jpg,410
00048305.jpg,410
00048306.jpg,410
00048307.jpg,410
00048308.jpg,410
00048309.jpg,410
00048310.jpg,410
00048311.jpg,410
00048312.jpg,410
00048313.jpg,410
00048314.jpg,410
00048315.jpg,410
00048316.jpg,410
00048317.jpg,410
00048318.jpg,410
00048319.jpg,410
00048320.jpg,410
00048321.jpg,410
00048322.jpg,410
00048323.jpg,410
00048324.jpg,410
00048325.jpg,410
00048326.jpg,410
00048327.jpg,410
00048328.jpg,410
00048329.jpg,411
00048330.jpg,411
00048331.jpg,411
00048332.jpg,411
00048333.jpg,411
00048334.jpg,411
00048335.jpg,411
00048336.jpg,411
00048337.jpg,411
00048338.jpg,411
00048339.jpg,411
00048340.jpg,411
00048341.jpg,411
00048342.jpg,411
00048343.jpg,411
00048344.jpg,411
00048345.jpg,411
00048346.jpg,411
00048347.jpg,411
00048348.jpg,411
00048349.jpg,411
00048350.jpg,411
00048351.jpg,411
00048352.jpg,411
00048353.jpg,411
00048354.jpg,411
00048355.jpg,411
00048356.jpg,411
00048357.jpg,411
00048358.jpg,411
00048359.jpg,411
00048360.jpg,411
00048361.jpg,411
00048362.jpg,411
00048363.jpg,411
00048364.jpg,411
00048365.jpg,411
00048366.jpg,411
00048367.jpg,411
00048368.jpg,411
00048369.jpg,411
00048370.jpg,411
00048371.jpg,411
00048372.jpg,411
00048373.jpg,411
00048374.jpg,411
00048375.jpg,411
00048376.jpg,411
00048377.jpg,411
00048378.jpg,411
00048379.jpg,411
00048380.jpg,411
00048381.jpg,411
00048382.jpg,411
00048383.jpg,411
00048384.jpg,411
00048385.jpg,411
00048386.jpg,411
00048387.jpg,411
00048388.jpg,411
00048389.jpg,411
00048390.jpg,411
00048391.jpg,411
00048392.jpg,411
00048393.jpg,411
00048394.jpg,411
00048395.jpg,411
00048396.jpg,411
00048397.jpg,411
00048398.jpg,411
00048399.jpg,411
00048400.jpg,411
00048401.jpg,411
00048402.jpg,411
00048403.jpg,411
00048404.jpg,411
00048405.jpg,411
00048406.jpg,411
00048407.jpg,411
00048408.jpg,411
00048409.jpg,411
00048410.jpg,411
00048411.jpg,411
00048412.jpg,411
00048413.jpg,411
00048414.jpg,411
00048415.jpg,411
00048416.jpg,411
00048417.jpg,411
00048418.jpg,411
00048419.jpg,411
00048420.jpg,411
00048421.jpg,411
00048422.jpg,411
00048423.jpg,411
00048424.jpg,411
00048425.jpg,411
00048426.jpg,411
00048427.jpg,411
00048428.jpg,411
00048429.jpg,411
00048430.jpg,411
00048431.jpg,411
00048432.jpg,411
00048433.jpg,411
00048434.jpg,411
00048435.jpg,411
00048436.jpg,411
00048437.jpg,411
00048438.jpg,411
00048439.jpg,411
00048440.jpg,411
00048441.jpg,411
00048442.jpg,411
00048443.jpg,411
00048444.jpg,411
00048445.jpg,411
00048446.jpg,412
00048447.jpg,412
00048448.jpg,412
00048449.jpg,412
00048450.jpg,412
00048451.jpg,412
00048452.jpg,412
00048453.jpg,412
00048454.jpg,412
00048455.jpg,412
00048456.jpg,412
00048457.jpg,412
00048458.jpg,412
00048459.jpg,412
00048460.jpg,412
00048461.jpg,412
00048462.jpg,412
00048463.jpg,412
00048464.jpg,412
00048465.jpg,412
00048466.jpg,412
00048467.jpg,412
00048468.jpg,412
00048469.jpg,412
00048470.jpg,412
00048471.jpg,412
00048472.jpg,412
00048473.jpg,412
00048474.jpg,412
00048475.jpg,412
00048476.jpg,412
00048477.jpg,412
00048478.jpg,412
00048479.jpg,412
00048480.jpg,412
00048481.jpg,412
00048482.jpg,412
00048483.jpg,412
00048484.jpg,412
00048485.jpg,412
00048486.jpg,412
00048487.jpg,412
00048488.jpg,412
00048489.jpg,412
00048490.jpg,412
00048491.jpg,412
00048492.jpg,412
00048493.jpg,412
00048494.jpg,412
00048495.jpg,412
00048496.jpg,412
00048497.jpg,412
00048498.jpg,412
00048499.jpg,412
00048500.jpg,412
00048501.jpg,412
00048502.jpg,412
00048503.jpg,412
00048504.jpg,412
00048505.jpg,412
00048506.jpg,412
00048507.jpg,412
00048508.jpg,412
00048509.jpg,412
00048510.jpg,412
00048511.jpg,412
00048512.jpg,412
00048513.jpg,412
00048514.jpg,412
00048515.jpg,412
00048516.jpg,412
00048517.jpg,412
00048518.jpg,412
00048519.jpg,412
00048520.jpg,412
00048521.jpg,412
00048522.jpg,412
00048523.jpg,412
00048524.jpg,412
00048525.jpg,412
00048526.jpg,412
00048527.jpg,412
00048528.jpg,412
00048529.jpg,412
00048530.jpg,412
00048531.jpg,412
00048532.jpg,412
00048533.jpg,412
00048534.jpg,412
00048535.jpg,412
00048536.jpg,412
00048537.jpg,412
00048538.jpg,412
00048539.jpg,412
00048540.jpg,412
00048541.jpg,412
00048542.jpg,412
00048543.jpg,412
00048544.jpg,412
00048545.jpg,412
00048546.jpg,412
00048547.jpg,412
00048548.jpg,412
00048549.jpg,412
00048550.jpg,412
00048551.jpg,412
00048552.jpg,412
00048553.jpg,412
00048554.jpg,412
00048555.jpg,412
00048556.jpg,412
00048557.jpg,412
00048558.jpg,412
00048559.jpg,412
00048560.jpg,412
00048561.jpg,412
00048562.jpg,412
00048563.jpg,413
00048564.jpg,413
00048565.jpg,413
00048566.jpg,413
00048567.jpg,413
00048568.jpg,413
00048569.jpg,413
00048570.jpg,413
00048571.jpg,413
00048572.jpg,413
00048573.jpg,413
00048574.jpg,413
00048575.jpg,413
00048576.jpg,413
00048577.jpg,413
00048578.jpg,413
00048579.jpg,413
00048580.jpg,413
00048581.jpg,413
00048582.jpg,413
00048583.jpg,413
00048584.jpg,413
00048585.jpg,413
00048586.jpg,413
00048587.jpg,413
00048588.jpg,413
00048589.jpg,413
00048590.jpg,413
00048591.jpg,413
00048592.jpg,413
00048593.jpg,413
00048594.jpg,413
00048595.jpg,413
00048596.jpg,413
00048597.jpg,413
00048598.jpg,413
00048599.jpg,413
00048600.jpg,413
00048601.jpg,413
00048602.jpg,413
00048603.jpg,413
00048604.jpg,413
00048605.jpg,413
00048606.jpg,413
00048607.jpg,413
00048608.jpg,413
00048609.jpg,413
00048610.jpg,413
00048611.jpg,413
00048612.jpg,413
00048613.jpg,413
00048614.jpg,413
00048615.jpg,413
00048616.jpg,413
00048617.jpg,413
00048618.jpg,413
00048619.jpg,413
00048620.jpg,413
00048621.jpg,413
00048622.jpg,413
00048623.jpg,413
00048624.jpg,413
00048625.jpg,413
00048626.jpg,413
00048627.jpg,413
00048628.jpg,413
00048629.jpg,413
00048630.jpg,413
00048631.jpg,413
00048632.jpg,413
00048633.jpg,413
00048634.jpg,413
00048635.jpg,413
00048636.jpg,413
00048637.jpg,413
00048638.jpg,413
00048639.jpg,413
00048640.jpg,413
00048641.jpg,413
00048642.jpg,413
00048643.jpg,413
00048644.jpg,413
00048645.jpg,413
00048646.jpg,413
00048647.jpg,413
00048648.jpg,413
00048649.jpg,413
00048650.jpg,413
00048651.jpg,413
00048652.jpg,413
00048653.jpg,413
00048654.jpg,413
00048655.jpg,413
00048656.jpg,413
00048657.jpg,413
00048658.jpg,413
00048659.jpg,413
00048660.jpg,413
00048661.jpg,413
00048662.jpg,413
00048663.jpg,413
00048664.jpg,413
00048665.jpg,413
00048666.jpg,413
00048667.jpg,413
00048668.jpg,413
00048669.jpg,413
00048670.jpg,413
00048671.jpg,413
00048672.jpg,413
00048673.jpg,413
00048674.jpg,413
00048675.jpg,413
00048676.jpg,413
00048677.jpg,413
00048678.jpg,413
00048679.jpg,413
00048680.jpg,414
00048681.jpg,414
00048682.jpg,414
00048683.jpg,414
00048684.jpg,414
00048685.jpg,414
00048686.jpg,414
00048687.jpg,414
00048688.jpg,414
00048689.jpg,414
00048690.jpg,414
00048691.jpg,414
00048692.jpg,414
00048693.jpg,414
00048694.jpg,414
00048695.jpg,414
00048696.jpg,414
00048697.jpg,414
00048698.jpg,414
00048699.jpg,414
00048700.jpg,414
00048701.jpg,414
00048702.jpg,414
00048703.jpg,414
00048704.jpg,414
00048705.jpg,414
00048706.jpg,414
00048707.jpg,414
00048708.jpg,414
00048709.jpg,414
00048710.jpg,414
00048711.jpg,414
00048712.jpg,414
00048713.jpg,414
00048714.jpg,414
00048715.jpg,414
00048716.jpg,414
00048717.jpg,414
00048718.jpg,414
00048719.jpg,414
00048720.jpg,414
00048721.jpg,414
00048722.jpg,414
00048723.jpg,414
00048724.jpg,414
00048725.jpg,414
00048726.jpg,414
00048727.jpg,414
00048728.jpg,414
00048729.jpg,414
00048730.jpg,414
00048731.jpg,414
00048732.jpg,414
00048733.jpg,414
00048734.jpg,414
00048735.jpg,414
00048736.jpg,414
00048737.jpg,414
00048738.jpg,414
00048739.jpg,414
00048740.jpg,414
00048741.jpg,414
00048742.jpg,414
00048743.jpg,414
00048744.jpg,414
00048745.jpg,414
00048746.jpg,414
00048747.jpg,414
00048748.jpg,414
00048749.jpg,414
00048750.jpg,414
00048751.jpg,414
00048752.jpg,414
00048753.jpg,414
00048754.jpg,414
00048755.jpg,414
00048756.jpg,414
00048757.jpg,414
00048758.jpg,414
00048759.jpg,414
00048760.jpg,414
00048761.jpg,414
00048762.jpg,414
00048763.jpg,414
00048764.jpg,414
00048765.jpg,414
00048766.jpg,414
00048767.jpg,414
00048768.jpg,414
00048769.jpg,414
00048770.jpg,414
00048771.jpg,414
00048772.jpg,414
00048773.jpg,414
00048774.jpg,414
00048775.jpg,414
00048776.jpg,414
00048777.jpg,414
00048778.jpg,414
00048779.jpg,414
00048780.jpg,414
00048781.jpg,414
00048782.jpg,414
00048783.jpg,414
00048784.jpg,414
00048785.jpg,414
00048786.jpg,414
00048787.jpg,414
00048788.jpg,414
00048789.jpg,414
00048790.jpg,414
00048791.jpg,414
00048792.jpg,414
00048793.jpg,414
00048794.jpg,414
00048795.jpg,414
00048796.jpg,414
00048797.jpg,415
00048798.jpg,415
00048799.jpg,415
00048800.jpg,415
00048801.jpg,415
00048802.jpg,415
00048803.jpg,415
00048804.jpg,415
00048805.jpg,415
00048806.jpg,415
00048807.jpg,415
00048808.jpg,415
00048809.jpg,415
00048810.jpg,415
00048811.jpg,415
00048812.jpg,415
00048813.jpg,415
00048814.jpg,415
00048815.jpg,415
00048816.jpg,415
00048817.jpg,415
00048818.jpg,415
00048819.jpg,415
00048820.jpg,415
00048821.jpg,415
00048822.jpg,415
00048823.jpg,415
00048824.jpg,415
00048825.jpg,415
00048826.jpg,415
00048827.jpg,415
00048828.jpg,415
00048829.jpg,415
00048830.jpg,415
00048831.jpg,415
00048832.jpg,415
00048833.jpg,415
00048834.jpg,415
00048835.jpg,415
00048836.jpg,415
00048837.jpg,415
00048838.jpg,415
00048839.jpg,415
00048840.jpg,415
00048841.jpg,415
00048842.jpg,415
00048843.jpg,415
00048844.jpg,415
00048845.jpg,415
00048846.jpg,415
00048847.jpg,415
00048848.jpg,415
00048849.jpg,415
00048850.jpg,415
00048851.jpg,415
00048852.jpg,415
00048853.jpg,415
00048854.jpg,415
00048855.jpg,415
00048856.jpg,415
00048857.jpg,415
00048858.jpg,415
00048859.jpg,415
00048860.jpg,415
00048861.jpg,415
00048862.jpg,415
00048863.jpg,415
00048864.jpg,415
00048865.jpg,415
00048866.jpg,415
00048867.jpg,415
00048868.jpg,415
00048869.jpg,415
00048870.jpg,415
00048871.jpg,415
00048872.jpg,415
00048873.jpg,415
00048874.jpg,415
00048875.jpg,415
00048876.jpg,415
00048877.jpg,415
00048878.jpg,415
00048879.jpg,415
00048880.jpg,415
00048881.jpg,415
00048882.jpg,415
00048883.jpg,415
00048884.jpg,415
00048885.jpg,415
00048886.jpg,415
00048887.jpg,415
00048888.jpg,415
00048889.jpg,415
00048890.jpg,415
00048891.jpg,415
00048892.jpg,415
00048893.jpg,415
00048894.jpg,415
00048895.jpg,415
00048896.jpg,415
00048897.jpg,415
00048898.jpg,415
00048899.jpg,415
00048900.jpg,415
00048901.jpg,415
00048902.jpg,415
00048903.jpg,415
00048904.jpg,415
00048905.jpg,415
00048906.jpg,415
00048907.jpg,415
00048908.jpg,415
00048909.jpg,415
00048910.jpg,415
00048911.jpg,415
00048912.jpg,415
00048913.jpg,415
00048914.jpg,416
00048915.jpg,416
00048916.jpg,416
00048917.jpg,416
00048918.jpg,416
00048919.jpg,416
00048920.jpg,416
00048921.jpg,416
00048922.jpg,416
00048923.jpg,416
00048924.jpg,416
00048925.jpg,416
00048926.jpg,416
00048927.jpg,416
00048928.jpg,416
00048929.jpg,416
00048930.jpg,416
00048931.jpg,416
00048932.jpg,416
00048933.jpg,416
00048934.jpg,416
00048935.jpg,416
00048936.jpg,416
00048937.jpg,416
00048938.jpg,416
00048939.jpg,416
00048940.jpg,416
00048941.jpg,416
00048942.jpg,416
00048943.jpg,416
00048944.jpg,416
00048945.jpg,416
00048946.jpg,416
00048947.jpg,416
00048948.jpg,416
00048949.jpg,416
00048950.jpg,416
00048951.jpg,416
00048952.jpg,416
00048953.jpg,416
00048954.jpg,416
00048955.jpg,416
00048956.jpg,416
00048957.jpg,416
00048958.jpg,416
00048959.jpg,416
00048960.jpg,416
00048961.jpg,416
00048962.jpg,416
00048963.jpg,416
00048964.jpg,416
00048965.jpg,416
00048966.jpg,416
00048967.jpg,416
00048968.jpg,416
00048969.jpg,416
00048970.jpg,416
00048971.jpg,416
00048972.jpg,416
00048973.jpg,416
00048974.jpg,416
00048975.jpg,416
00048976.jpg,416
00048977.jpg,416
00048978.jpg,416
00048979.jpg,416
00048980.jpg,416
00048981.jpg,416
00048982.jpg,416
00048983.jpg,416
00048984.jpg,416
00048985.jpg,416
00048986.jpg,416
00048987.jpg,416
00048988.jpg,416
00048989.jpg,416
00048990.jpg,416
00048991.jpg,416
00048992.jpg,416
00048993.jpg,416
00048994.jpg,416
00048995.jpg,416
00048996.jpg,416
00048997.jpg,416
00048998.jpg,416
00048999.jpg,416
00049000.jpg,416
00049001.jpg,416
00049002.jpg,416
00049003.jpg,416
00049004.jpg,416
00049005.jpg,416
00049006.jpg,416
00049007.jpg,416
00049008.jpg,416
00049009.jpg,416
00049010.jpg,416
00049011.jpg,416
00049012.jpg,416
00049013.jpg,416
00049014.jpg,416
00049015.jpg,416
00049016.jpg,416
00049017.jpg,416
00049018.jpg,416
00049019.jpg,416
00049020.jpg,416
00049021.jpg,416
00049022.jpg,416
00049023.jpg,416
00049024.jpg,416
00049025.jpg,416
00049026.jpg,416
00049027.jpg,416
00049028.jpg,416
00049029.jpg,416
00049030.jpg,416
00049031.jpg,417
00049032.jpg,417
00049033.jpg,417
00049034.jpg,417
00049035.jpg,417
00049036.jpg,417
00049037.jpg,417
00049038.jpg,417
00049039.jpg,417
00049040.jpg,417
00049041.jpg,417
00049042.jpg,417
00049043.jpg,417
00049044.jpg,417
00049045.jpg,417
00049046.jpg,417
00049047.jpg,417
00049048.jpg,417
00049049.jpg,417
00049050.jpg,417
00049051.jpg,417
00049052.jpg,417
00049053.jpg,417
00049054.jpg,417
00049055.jpg,417
00049056.jpg,417
00049057.jpg,417
00049058.jpg,417
00049059.jpg,417
00049060.jpg,417
00049061.jpg,417
00049062.jpg,417
00049063.jpg,417
00049064.jpg,417
00049065.jpg,417
00049066.jpg,417
00049067.jpg,417
00049068.jpg,417
00049069.jpg,417
00049070.jpg,417
00049071.jpg,417
00049072.jpg,417
00049073.jpg,417
00049074.jpg,417
00049075.jpg,417
00049076.jpg,417
00049077.jpg,417
00049078.jpg,417
00049079.jpg,417
00049080.jpg,417
00049081.jpg,417
00049082.jpg,417
00049083.jpg,417
00049084.jpg,417
00049085.jpg,417
00049086.jpg,417
00049087.jpg,417
00049088.jpg,417
00049089.jpg,417
00049090.jpg,417
00049091.jpg,417
00049092.jpg,417
00049093.jpg,417
00049094.jpg,417
00049095.jpg,417
00049096.jpg,417
00049097.jpg,417
00049098.jpg,417
00049099.jpg,417
00049100.jpg,417
00049101.jpg,417
00049102.jpg,417
00049103.jpg,417
00049104.jpg,417
00049105.jpg,417
00049106.jpg,417
00049107.jpg,417
00049108.jpg,417
00049109.jpg,417
00049110.jpg,417
00049111.jpg,417
00049112.jpg,417
00049113.jpg,417
00049114.jpg,417
00049115.jpg,417
00049116.jpg,417
00049117.jpg,417
00049118.jpg,417
00049119.jpg,417
00049120.jpg,417
00049121.jpg,417
00049122.jpg,417
00049123.jpg,417
00049124.jpg,417
00049125.jpg,417
00049126.jpg,417
00049127.jpg,417
00049128.jpg,417
00049129.jpg,417
00049130.jpg,417
00049131.jpg,417
00049132.jpg,417
00049133.jpg,417
00049134.jpg,417
00049135.jpg,417
00049136.jpg,417
00049137.jpg,417
00049138.jpg,417
00049139.jpg,417
00049140.jpg,417
00049141.jpg,417
00049142.jpg,417
00049143.jpg,417
00049144.jpg,417
00049145.jpg,417
00049146.jpg,417
00049147.jpg,417
00049148.jpg,418
00049149.jpg,418
00049150.jpg,418
00049151.jpg,418
00049152.jpg,418
00049153.jpg,418
00049154.jpg,418
00049155.jpg,418
00049156.jpg,418
00049157.jpg,418
00049158.jpg,418
00049159.jpg,418
00049160.jpg,418
00049161.jpg,418
00049162.jpg,418
00049163.jpg,418
00049164.jpg,418
00049165.jpg,418
00049166.jpg,418
00049167.jpg,418
00049168.jpg,418
00049169.jpg,418
00049170.jpg,418
00049171.jpg,418
00049172.jpg,418
00049173.jpg,418
00049174.jpg,418
00049175.jpg,418
00049176.jpg,418
00049177.jpg,418
00049178.jpg,418
00049179.jpg,418
00049180.jpg,418
00049181.jpg,418
00049182.jpg,418
00049183.jpg,418
00049184.jpg,418
00049185.jpg,418
00049186.jpg,418
00049187.jpg,418
00049188.jpg,418
00049189.jpg,418
00049190.jpg,418
00049191.jpg,418
00049192.jpg,418
00049193.jpg,418
00049194.jpg,418
00049195.jpg,418
00049196.jpg,418
00049197.jpg,418
00049198.jpg,418
00049199.jpg,418
00049200.jpg,418
00049201.jpg,418
00049202.jpg,418
00049203.jpg,418
00049204.jpg,418
00049205.jpg,418
00049206.jpg,418
00049207.jpg,418
00049208.jpg,418
00049209.jpg,418
00049210.jpg,418
00049211.jpg,418
00049212.jpg,418
00049213.jpg,418
00049214.jpg,418
00049215.jpg,418
00049216.jpg,418
00049217.jpg,418
00049218.jpg,418
00049219.jpg,418
00049220.jpg,418
00049221.jpg,418
00049222.jpg,418
00049223.jpg,418
00049224.jpg,418
00049225.jpg,418
00049226.jpg,418
00049227.jpg,418
00049228.jpg,418
00049229.jpg,418
00049230.jpg,418
00049231.jpg,418
00049232.jpg,418
00049233.jpg,418
00049234.jpg,418
00049235.jpg,418
00049236.jpg,418
00049237.jpg,418
00049238.jpg,418
00049239.jpg,418
00049240.jpg,418
00049241.jpg,418
00049242.jpg,418
00049243.jpg,418
00049244.jpg,418
00049245.jpg,418
00049246.jpg,418
00049247.jpg,418
00049248.jpg,418
00049249.jpg,418
00049250.jpg,418
00049251.jpg,418
00049252.jpg,418
00049253.jpg,418
00049254.jpg,418
00049255.jpg,418
00049256.jpg,418
00049257.jpg,418
00049258.jpg,418
00049259.jpg,418
00049260.jpg,418
00049261.jpg,418
00049262.jpg,418
00049263.jpg,418
00049264.jpg,418
00049265.jpg,419
00049266.jpg,419
00049267.jpg,419
00049268.jpg,419
00049269.jpg,419
00049270.jpg,419
00049271.jpg,419
00049272.jpg,419
00049273.jpg,419
00049274.jpg,419
00049275.jpg,419
00049276.jpg,419
00049277.jpg,419
00049278.jpg,419
00049279.jpg,419
00049280.jpg,419
00049281.jpg,419
00049282.jpg,419
00049283.jpg,419
00049284.jpg,419
00049285.jpg,419
00049286.jpg,419
00049287.jpg,419
00049288.jpg,419
00049289.jpg,419
00049290.jpg,419
00049291.jpg,419
00049292.jpg,419
00049293.jpg,419
00049294.jpg,419
00049295.jpg,419
00049296.jpg,419
00049297.jpg,419
00049298.jpg,419
00049299.jpg,419
00049300.jpg,419
00049301.jpg,419
00049302.jpg,419
00049303.jpg,419
00049304.jpg,419
00049305.jpg,419
00049306.jpg,419
00049307.jpg,419
00049308.jpg,419
00049309.jpg,419
00049310.jpg,419
00049311.jpg,419
00049312.jpg,419
00049313.jpg,419
00049314.jpg,419
00049315.jpg,419
00049316.jpg,419
00049317.jpg,419
00049318.jpg,419
00049319.jpg,419
00049320.jpg,419
00049321.jpg,419
00049322.jpg,419
00049323.jpg,419
00049324.jpg,419
00049325.jpg,419
00049326.jpg,419
00049327.jpg,419
00049328.jpg,419
00049329.jpg,419
00049330.jpg,419
00049331.jpg,419
00049332.jpg,419
00049333.jpg,419
00049334.jpg,419
00049335.jpg,419
00049336.jpg,419
00049337.jpg,419
00049338.jpg,419
00049339.jpg,419
00049340.jpg,419
00049341.jpg,419
00049342.jpg,419
00049343.jpg,419
00049344.jpg,419
00049345.jpg,419
00049346.jpg,419
00049347.jpg,419
00049348.jpg,419
00049349.jpg,419
00049350.jpg,419
00049351.jpg,419
00049352.jpg,419
00049353.jpg,419
00049354.jpg,419
00049355.jpg,419
00049356.jpg,419
00049357.jpg,419
00049358.jpg,419
00049359.jpg,419
00049360.jpg,419
00049361.jpg,419
00049362.jpg,419
00049363.jpg,419
00049364.jpg,419
00049365.jpg,419
00049366.jpg,419
00049367.jpg,419
00049368.jpg,419
00049369.jpg,419
00049370.jpg,419
00049371.jpg,419
00049372.jpg,419
00049373.jpg,419
00049374.jpg,419
00049375.jpg,419
00049376.jpg,419
00049377.jpg,419
00049378.jpg,419
00049379.jpg,419
00049380.jpg,419
00049381.jpg,419
00049382.jpg,420
00049383.jpg,420
00049384.jpg,420
00049385.jpg,420
00049386.jpg,420
00049387.jpg,420
00049388.jpg,420
00049389.jpg,420
00049390.jpg,420
00049391.jpg,420
00049392.jpg,420
00049393.jpg,420
00049394.jpg,420
00049395.jpg,420
00049396.jpg,420
00049397.jpg,420
00049398.jpg,420
00049399.jpg,420
00049400.jpg,420
00049401.jpg,420
00049402.jpg,420
00049403.jpg,420
00049404.jpg,420
00049405.jpg,420
00049406.jpg,420
00049407.jpg,420
00049408.jpg,420
00049409.jpg,420
00049410.jpg,420
00049411.jpg,420
00049412.jpg,420
00049413.jpg,420
00049414.jpg,420
00049415.jpg,420
00049416.jpg,420
00049417.jpg,420
00049418.jpg,420
00049419.jpg,420
00049420.jpg,420
00049421.jpg,420
00049422.jpg,420
00049423.jpg,420
00049424.jpg,420
00049425.jpg,420
00049426.jpg,420
00049427.jpg,420
00049428.jpg,420
00049429.jpg,420
00049430.jpg,420
00049431.jpg,420
00049432.jpg,420
00049433.jpg,420
00049434.jpg,420
00049435.jpg,420
00049436.jpg,420
00049437.jpg,420
00049438.jpg,420
00049439.jpg,420
00049440.jpg,420
00049441.jpg,420
00049442.jpg,420
00049443.jpg,420
00049444.jpg,420
00049445.jpg,420
00049446.jpg,420
00049447.jpg,420
00049448.jpg,420
00049449.jpg,420
00049450.jpg,420
00049451.jpg,420
00049452.jpg,420
00049453.jpg,420
00049454.jpg,420
00049455.jpg,420
00049456.jpg,420
00049457.jpg,420
00049458.jpg,420
00049459.jpg,420
00049460.jpg,420
00049461.jpg,420
00049462.jpg,420
00049463.jpg,420
00049464.jpg,420
00049465.jpg,420
00049466.jpg,420
00049467.jpg,420
00049468.jpg,420
00049469.jpg,420
00049470.jpg,420
00049471.jpg,420
00049472.jpg,420
00049473.jpg,420
00049474.jpg,420
00049475.jpg,420
00049476.jpg,420
00049477.jpg,420
00049478.jpg,420
00049479.jpg,420
00049480.jpg,420
00049481.jpg,420
00049482.jpg,420
00049483.jpg,420
00049484.jpg,420
00049485.jpg,420
00049486.jpg,420
00049487.jpg,420
00049488.jpg,420
00049489.jpg,420
00049490.jpg,420
00049491.jpg,420
00049492.jpg,420
00049493.jpg,420
00049494.jpg,420
00049495.jpg,420
00049496.jpg,420
00049497.jpg,420
00049498.jpg,420
00049499.jpg,421
00049500.jpg,421
00049501.jpg,421
00049502.jpg,421
00049503.jpg,421
00049504.jpg,421
00049505.jpg,421
00049506.jpg,421
00049507.jpg,421
00049508.jpg,421
00049509.jpg,421
00049510.jpg,421
00049511.jpg,421
00049512.jpg,421
00049513.jpg,421
00049514.jpg,421
00049515.jpg,421
00049516.jpg,421
00049517.jpg,421
00049518.jpg,421
00049519.jpg,421
00049520.jpg,421
00049521.jpg,421
00049522.jpg,421
00049523.jpg,421
00049524.jpg,421
00049525.jpg,421
00049526.jpg,421
00049527.jpg,421
00049528.jpg,421
00049529.jpg,421
00049530.jpg,421
00049531.jpg,421
00049532.jpg,421
00049533.jpg,421
00049534.jpg,421
00049535.jpg,421
00049536.jpg,421
00049537.jpg,421
00049538.jpg,421
00049539.jpg,421
00049540.jpg,421
00049541.jpg,421
00049542.jpg,421
00049543.jpg,421
00049544.jpg,421
00049545.jpg,421
00049546.jpg,421
00049547.jpg,421
00049548.jpg,421
00049549.jpg,421
00049550.jpg,421
00049551.jpg,421
00049552.jpg,421
00049553.jpg,421
00049554.jpg,421
00049555.jpg,421
00049556.jpg,421
00049557.jpg,421
00049558.jpg,421
00049559.jpg,421
00049560.jpg,421
00049561.jpg,421
00049562.jpg,421
00049563.jpg,421
00049564.jpg,421
00049565.jpg,421
00049566.jpg,421
00049567.jpg,421
00049568.jpg,421
00049569.jpg,421
00049570.jpg,421
00049571.jpg,421
00049572.jpg,421
00049573.jpg,421
00049574.jpg,421
00049575.jpg,421
00049576.jpg,421
00049577.jpg,421
00049578.jpg,421
00049579.jpg,421
00049580.jpg,421
00049581.jpg,421
00049582.jpg,421
00049583.jpg,421
00049584.jpg,421
00049585.jpg,421
00049586.jpg,421
00049587.jpg,421
00049588.jpg,421
00049589.jpg,421
00049590.jpg,421
00049591.jpg,421
00049592.jpg,421
00049593.jpg,421
00049594.jpg,421
00049595.jpg,421
00049596.jpg,421
00049597.jpg,421
00049598.jpg,421
00049599.jpg,421
00049600.jpg,421
00049601.jpg,421
00049602.jpg,421
00049603.jpg,421
00049604.jpg,421
00049605.jpg,421
00049606.jpg,421
00049607.jpg,421
00049608.jpg,421
00049609.jpg,421
00049610.jpg,421
00049611.jpg,421
00049612.jpg,421
00049613.jpg,421
00049614.jpg,421
00049615.jpg,421
00049616.jpg,422
00049617.jpg,422
00049618.jpg,422
00049619.jpg,422
00049620.jpg,422
00049621.jpg,422
00049622.jpg,422
00049623.jpg,422
00049624.jpg,422
00049625.jpg,422
00049626.jpg,422
00049627.jpg,422
00049628.jpg,422
00049629.jpg,422
00049630.jpg,422
00049631.jpg,422
00049632.jpg,422
00049633.jpg,422
00049634.jpg,422
00049635.jpg,422
00049636.jpg,422
00049637.jpg,422
00049638.jpg,422
00049639.jpg,422
00049640.jpg,422
00049641.jpg,422
00049642.jpg,422
00049643.jpg,422
00049644.jpg,422
00049645.jpg,422
00049646.jpg,422
00049647.jpg,422
00049648.jpg,422
00049649.jpg,422
00049650.jpg,422
00049651.jpg,422
00049652.jpg,422
00049653.jpg,422
00049654.jpg,422
00049655.jpg,422
00049656.jpg,422
00049657.jpg,422
00049658.jpg,422
00049659.jpg,422
00049660.jpg,422
00049661.jpg,422
00049662.jpg,422
00049663.jpg,422
00049664.jpg,422
00049665.jpg,422
00049666.jpg,422
00049667.jpg,422
00049668.jpg,422
00049669.jpg,422
00049670.jpg,422
00049671.jpg,422
00049672.jpg,422
00049673.jpg,422
00049674.jpg,422
00049675.jpg,422
00049676.jpg,422
00049677.jpg,422
00049678.jpg,422
00049679.jpg,422
00049680.jpg,422
00049681.jpg,422
00049682.jpg,422
00049683.jpg,422
00049684.jpg,422
00049685.jpg,422
00049686.jpg,422
00049687.jpg,422
00049688.jpg,422
00049689.jpg,422
00049690.jpg,422
00049691.jpg,422
00049692.jpg,422
00049693.jpg,422
00049694.jpg,422
00049695.jpg,422
00049696.jpg,422
00049697.jpg,422
00049698.jpg,422
00049699.jpg,422
00049700.jpg,422
00049701.jpg,422
00049702.jpg,422
00049703.jpg,422
00049704.jpg,422
00049705.jpg,422
00049706.jpg,422
00049707.jpg,422
00049708.jpg,422
00049709.jpg,422
00049710.jpg,422
00049711.jpg,422
00049712.jpg,422
00049713.jpg,422
00049714.jpg,422
00049715.jpg,422
00049716.jpg,422
00049717.jpg,422
00049718.jpg,422
00049719.jpg,422
00049720.jpg,422
00049721.jpg,422
00049722.jpg,422
00049723.jpg,422
00049724.jpg,422
00049725.jpg,422
00049726.jpg,422
00049727.jpg,422
00049728.jpg,422
00049729.jpg,422
00049730.jpg,422
00049731.jpg,422
00049732.jpg,422
00049733.jpg,423
00049734.jpg,423
00049735.jpg,423
00049736.jpg,423
00049737.jpg,423
00049738.jpg,423
00049739.jpg,423
00049740.jpg,423
00049741.jpg,423
00049742.jpg,423
00049743.jpg,423
00049744.jpg,423
00049745.jpg,423
00049746.jpg,423
00049747.jpg,423
00049748.jpg,423
00049749.jpg,423
00049750.jpg,423
00049751.jpg,423
00049752.jpg,423
00049753.jpg,423
00049754.jpg,423
00049755.jpg,423
00049756.jpg,423
00049757.jpg,423
00049758.jpg,423
00049759.jpg,423
00049760.jpg,423
00049761.jpg,423
00049762.jpg,423
00049763.jpg,423
00049764.jpg,423
00049765.jpg,423
00049766.jpg,423
00049767.jpg,423
00049768.jpg,423
00049769.jpg,423
00049770.jpg,423
00049771.jpg,423
00049772.jpg,423
00049773.jpg,423
00049774.jpg,423
00049775.jpg,423
00049776.jpg,423
00049777.jpg,423
00049778.jpg,423
00049779.jpg,423
00049780.jpg,423
00049781.jpg,423
00049782.jpg,423
00049783.jpg,423
00049784.jpg,423
00049785.jpg,423
00049786.jpg,423
00049787.jpg,423
00049788.jpg,423
00049789.jpg,423
00049790.jpg,423
00049791.jpg,423
00049792.jpg,423
00049793.jpg,423
00049794.jpg,423
00049795.jpg,423
00049796.jpg,423
00049797.jpg,423
00049798.jpg,423
00049799.jpg,423
00049800.jpg,423
00049801.jpg,423
00049802.jpg,423
00049803.jpg,423
00049804.jpg,423
00049805.jpg,423
00049806.jpg,423
00049807.jpg,423
00049808.jpg,423
00049809.jpg,423
00049810.jpg,423
00049811.jpg,423
00049812.jpg,423
00049813.jpg,423
00049814.jpg,423
00049815.jpg,423
00049816.jpg,423
00049817.jpg,423
00049818.jpg,423
00049819.jpg,423
00049820.jpg,423
00049821.jpg,423
00049822.jpg,423
00049823.jpg,423
00049824.jpg,423
00049825.jpg,423
00049826.jpg,423
00049827.jpg,423
00049828.jpg,423
00049829.jpg,423
00049830.jpg,423
00049831.jpg,423
00049832.jpg,423
00049833.jpg,423
00049834.jpg,423
00049835.jpg,423
00049836.jpg,423
00049837.jpg,423
00049838.jpg,423
00049839.jpg,423
00049840.jpg,423
00049841.jpg,423
00049842.jpg,423
00049843.jpg,423
00049844.jpg,423
00049845.jpg,423
00049846.jpg,423
00049847.jpg,423
00049848.jpg,423
00049849.jpg,423
00049850.jpg,424
00049851.jpg,424
00049852.jpg,424
00049853.jpg,424
00049854.jpg,424
00049855.jpg,424
00049856.jpg,424
00049857.jpg,424
00049858.jpg,424
00049859.jpg,424
00049860.jpg,424
00049861.jpg,424
00049862.jpg,424
00049863.jpg,424
00049864.jpg,424
00049865.jpg,424
00049866.jpg,424
00049867.jpg,424
00049868.jpg,424
00049869.jpg,424
00049870.jpg,424
00049871.jpg,424
00049872.jpg,424
00049873.jpg,424
00049874.jpg,424
00049875.jpg,424
00049876.jpg,424
00049877.jpg,424
00049878.jpg,424
00049879.jpg,424
00049880.jpg,424
00049881.jpg,424
00049882.jpg,424
00049883.jpg,424
00049884.jpg,424
00049885.jpg,424
00049886.jpg,424
00049887.jpg,424
00049888.jpg,424
00049889.jpg,424
00049890.jpg,424
00049891.jpg,424
00049892.jpg,424
00049893.jpg,424
00049894.jpg,424
00049895.jpg,424
00049896.jpg,424
00049897.jpg,424
00049898.jpg,424
00049899.jpg,424
00049900.jpg,424
00049901.jpg,424
00049902.jpg,424
00049903.jpg,424
00049904.jpg,424
00049905.jpg,424
00049906.jpg,424
00049907.jpg,424
00049908.jpg,424
00049909.jpg,424
00049910.jpg,424
00049911.jpg,424
00049912.jpg,424
00049913.jpg,424
00049914.jpg,424
00049915.jpg,424
00049916.jpg,424
00049917.jpg,424
00049918.jpg,424
00049919.jpg,424
00049920.jpg,424
00049921.jpg,424
00049922.jpg,424
00049923.jpg,424
00049924.jpg,424
00049925.jpg,424
00049926.jpg,424
00049927.jpg,424
00049928.jpg,424
00049929.jpg,424
00049930.jpg,424
00049931.jpg,424
00049932.jpg,424
00049933.jpg,424
00049934.jpg,424
00049935.jpg,424
00049936.jpg,424
00049937.jpg,424
00049938.jpg,424
00049939.jpg,424
00049940.jpg,424
00049941.jpg,424
00049942.jpg,424
00049943.jpg,424
00049944.jpg,424
00049945.jpg,424
00049946.jpg,424
00049947.jpg,424
00049948.jpg,424
00049949.jpg,424
00049950.jpg,424
00049951.jpg,424
00049952.jpg,424
00049953.jpg,424
00049954.jpg,424
00049955.jpg,424
00049956.jpg,424
00049957.jpg,424
00049958.jpg,424
00049959.jpg,424
00049960.jpg,424
00049961.jpg,424
00049962.jpg,424
00049963.jpg,424
00049964.jpg,424
00049965.jpg,424
00049966.jpg,424
00049967.jpg,425
00049968.jpg,425
00049969.jpg,425
00049970.jpg,425
00049971.jpg,425
00049972.jpg,425
00049973.jpg,425
00049974.jpg,425
00049975.jpg,425
00049976.jpg,425
00049977.jpg,425
00049978.jpg,425
00049979.jpg,425
00049980.jpg,425
00049981.jpg,425
00049982.jpg,425
00049983.jpg,425
00049984.jpg,425
00049985.jpg,425
00049986.jpg,425
00049987.jpg,425
00049988.jpg,425
00049989.jpg,425
00049990.jpg,425
00049991.jpg,425
00049992.jpg,425
00049993.jpg,425
00049994.jpg,425
00049995.jpg,425
00049996.jpg,425
00049997.jpg,425
00049998.jpg,425
00049999.jpg,425
00050000.jpg,425
00050001.jpg,425
00050002.jpg,425
00050003.jpg,425
00050004.jpg,425
00050005.jpg,425
00050006.jpg,425
00050007.jpg,425
00050008.jpg,425
00050009.jpg,425
00050010.jpg,425
00050011.jpg,425
00050012.jpg,425
00050013.jpg,425
00050014.jpg,425
00050015.jpg,425
00050016.jpg,425
00050017.jpg,425
00050018.jpg,425
00050019.jpg,425
00050020.jpg,425
00050021.jpg,425
00050022.jpg,425
00050023.jpg,425
00050024.jpg,425
00050025.jpg,425
00050026.jpg,425
00050027.jpg,425
00050028.jpg,425
00050029.jpg,425
00050030.jpg,425
00050031.jpg,425
00050032.jpg,425
00050033.jpg,425
00050034.jpg,425
00050035.jpg,425
00050036.jpg,425
00050037.jpg,425
00050038.jpg,425
00050039.jpg,425
00050040.jpg,425
00050041.jpg,425
00050042.jpg,425
00050043.jpg,425
00050044.jpg,425
00050045.jpg,425
00050046.jpg,425
00050047.jpg,425
00050048.jpg,425
00050049.jpg,425
00050050.jpg,425
00050051.jpg,425
00050052.jpg,425
00050053.jpg,425
00050054.jpg,425
00050055.jpg,425
00050056.jpg,425
00050057.jpg,425
00050058.jpg,425
00050059.jpg,425
00050060.jpg,425
00050061.jpg,425
00050062.jpg,425
00050063.jpg,425
00050064.jpg,425
00050065.jpg,425
00050066.jpg,425
00050067.jpg,425
00050068.jpg,425
00050069.jpg,425
00050070.jpg,425
00050071.jpg,425
00050072.jpg,425
00050073.jpg,425
00050074.jpg,425
00050075.jpg,425
00050076.jpg,425
00050077.jpg,425
00050078.jpg,425
00050079.jpg,425
00050080.jpg,425
00050081.jpg,425
00050082.jpg,425
00050083.jpg,425
00050084.jpg,426
00050085.jpg,426
00050086.jpg,426
00050087.jpg,426
00050088.jpg,426
00050089.jpg,426
00050090.jpg,426
00050091.jpg,426
00050092.jpg,426
00050093.jpg,426
00050094.jpg,426
00050095.jpg,426
00050096.jpg,426
00050097.jpg,426
00050098.jpg,426
00050099.jpg,426
00050100.jpg,426
00050101.jpg,426
00050102.jpg,426
00050103.jpg,426
00050104.jpg,426
00050105.jpg,426
00050106.jpg,426
00050107.jpg,426
00050108.jpg,426
00050109.jpg,426
00050110.jpg,426
00050111.jpg,426
00050112.jpg,426
00050113.jpg,426
00050114.jpg,426
00050115.jpg,426
00050116.jpg,426
00050117.jpg,426
00050118.jpg,426
00050119.jpg,426
00050120.jpg,426
00050121.jpg,426
00050122.jpg,426
00050123.jpg,426
00050124.jpg,426
00050125.jpg,426
00050126.jpg,426
00050127.jpg,426
00050128.jpg,426
00050129.jpg,426
00050130.jpg,426
00050131.jpg,426
00050132.jpg,426
00050133.jpg,426
00050134.jpg,426
00050135.jpg,426
00050136.jpg,426
00050137.jpg,426
00050138.jpg,426
00050139.jpg,426
00050140.jpg,426
00050141.jpg,426
00050142.jpg,426
00050143.jpg,426
00050144.jpg,426
00050145.jpg,426
00050146.jpg,426
00050147.jpg,426
00050148.jpg,426
00050149.jpg,426
00050150.jpg,426
00050151.jpg,426
00050152.jpg,426
00050153.jpg,426
00050154.jpg,426
00050155.jpg,426
00050156.jpg,426
00050157.jpg,426
00050158.jpg,426
00050159.jpg,426
00050160.jpg,426
00050161.jpg,426
00050162.jpg,426
00050163.jpg,426
00050164.jpg,426
00050165.jpg,426
00050166.jpg,426
00050167.jpg,426
00050168.jpg,426
00050169.jpg,426
00050170.jpg,426
00050171.jpg,426
00050172.jpg,426
00050173.jpg,426
00050174.jpg,426
00050175.jpg,426
00050176.jpg,426
00050177.jpg,426
00050178.jpg,426
00050179.jpg,426
00050180.jpg,426
00050181.jpg,426
00050182.jpg,426
00050183.jpg,426
00050184.jpg,426
00050185.jpg,426
00050186.jpg,426
00050187.jpg,426
00050188.jpg,426
00050189.jpg,426
00050190.jpg,426
00050191.jpg,426
00050192.jpg,426
00050193.jpg,426
00050194.jpg,426
00050195.jpg,426
00050196.jpg,426
00050197.jpg,426
00050198.jpg,426
00050199.jpg,426
00050200.jpg,426
00050201.jpg,427
00050202.jpg,427
00050203.jpg,427
00050204.jpg,427
00050205.jpg,427
00050206.jpg,427
00050207.jpg,427
00050208.jpg,427
00050209.jpg,427
00050210.jpg,427
00050211.jpg,427
00050212.jpg,427
00050213.jpg,427
00050214.jpg,427
00050215.jpg,427
00050216.jpg,427
00050217.jpg,427
00050218.jpg,427
00050219.jpg,427
00050220.jpg,427
00050221.jpg,427
00050222.jpg,427
00050223.jpg,427
00050224.jpg,427
00050225.jpg,427
00050226.jpg,427
00050227.jpg,427
00050228.jpg,427
00050229.jpg,427
00050230.jpg,427
00050231.jpg,427
00050232.jpg,427
00050233.jpg,427
00050234.jpg,427
00050235.jpg,427
00050236.jpg,427
00050237.jpg,427
00050238.jpg,427
00050239.jpg,427
00050240.jpg,427
00050241.jpg,427
00050242.jpg,427
00050243.jpg,427
00050244.jpg,427
00050245.jpg,427
00050246.jpg,427
00050247.jpg,427
00050248.jpg,427
00050249.jpg,427
00050250.jpg,427
00050251.jpg,427
00050252.jpg,427
00050253.jpg,427
00050254.jpg,427
00050255.jpg,427
00050256.jpg,427
00050257.jpg,427
00050258.jpg,427
00050259.jpg,427
00050260.jpg,427
00050261.jpg,427
00050262.jpg,427
00050263.jpg,427
00050264.jpg,427
00050265.jpg,427
00050266.jpg,427
00050267.jpg,427
00050268.jpg,427
00050269.jpg,427
00050270.jpg,427
00050271.jpg,427
00050272.jpg,427
00050273.jpg,427
00050274.jpg,427
00050275.jpg,427
00050276.jpg,427
00050277.jpg,427
00050278.jpg,427
00050279.jpg,427
00050280.jpg,427
00050281.jpg,427
00050282.jpg,427
00050283.jpg,427
00050284.jpg,427
00050285.jpg,427
00050286.jpg,427
00050287.jpg,427
00050288.jpg,427
00050289.jpg,427
00050290.jpg,427
00050291.jpg,427
00050292.jpg,427
00050293.jpg,427
00050294.jpg,427
00050295.jpg,427
00050296.jpg,427
00050297.jpg,427
00050298.jpg,427
00050299.jpg,427
00050300.jpg,427
00050301.jpg,427
00050302.jpg,427
00050303.jpg,427
00050304.jpg,427
00050305.jpg,427
00050306.jpg,427
00050307.jpg,427
00050308.jpg,427
00050309.jpg,427
00050310.jpg,427
00050311.jpg,427
00050312.jpg,427
00050313.jpg,427
00050314.jpg,427
00050315.jpg,427
00050316.jpg,427
00050317.jpg,427
00050318.jpg,428
00050319.jpg,428
00050320.jpg,428
00050321.jpg,428
00050322.jpg,428
00050323.jpg,428
00050324.jpg,428
00050325.jpg,428
00050326.jpg,428
00050327.jpg,428
00050328.jpg,428
00050329.jpg,428
00050330.jpg,428
00050331.jpg,428
00050332.jpg,428
00050333.jpg,428
00050334.jpg,428
00050335.jpg,428
00050336.jpg,428
00050337.jpg,428
00050338.jpg,428
00050339.jpg,428
00050340.jpg,428
00050341.jpg,428
00050342.jpg,428
00050343.jpg,428
00050344.jpg,428
00050345.jpg,428
00050346.jpg,428
00050347.jpg,428
00050348.jpg,428
00050349.jpg,428
00050350.jpg,428
00050351.jpg,428
00050352.jpg,428
00050353.jpg,428
00050354.jpg,428
00050355.jpg,428
00050356.jpg,428
00050357.jpg,428
00050358.jpg,428
00050359.jpg,428
00050360.jpg,428
00050361.jpg,428
00050362.jpg,428
00050363.jpg,428
00050364.jpg,428
00050365.jpg,428
00050366.jpg,428
00050367.jpg,428
00050368.jpg,428
00050369.jpg,428
00050370.jpg,428
00050371.jpg,428
00050372.jpg,428
00050373.jpg,428
00050374.jpg,428
00050375.jpg,428
00050376.jpg,428
00050377.jpg,428
00050378.jpg,428
00050379.jpg,428
00050380.jpg,428
00050381.jpg,428
00050382.jpg,428
00050383.jpg,428
00050384.jpg,428
00050385.jpg,428
00050386.jpg,428
00050387.jpg,428
00050388.jpg,428
00050389.jpg,428
00050390.jpg,428
00050391.jpg,428
00050392.jpg,428
00050393.jpg,428
00050394.jpg,428
00050395.jpg,428
00050396.jpg,428
00050397.jpg,428
00050398.jpg,428
00050399.jpg,428
00050400.jpg,428
00050401.jpg,428
00050402.jpg,428
00050403.jpg,428
00050404.jpg,428
00050405.jpg,428
00050406.jpg,428
00050407.jpg,428
00050408.jpg,428
00050409.jpg,428
00050410.jpg,428
00050411.jpg,428
00050412.jpg,428
00050413.jpg,428
00050414.jpg,428
00050415.jpg,428
00050416.jpg,428
00050417.jpg,428
00050418.jpg,428
00050419.jpg,428
00050420.jpg,428
00050421.jpg,428
00050422.jpg,428
00050423.jpg,428
00050424.jpg,428
00050425.jpg,428
00050426.jpg,428
00050427.jpg,428
00050428.jpg,428
00050429.jpg,428
00050430.jpg,428
00050431.jpg,428
00050432.jpg,428
00050433.jpg,428
00050434.jpg,428
00050435.jpg,429
00050436.jpg,429
00050437.jpg,429
00050438.jpg,429
00050439.jpg,429
00050440.jpg,429
00050441.jpg,429
00050442.jpg,429
00050443.jpg,429
00050444.jpg,429
00050445.jpg,429
00050446.jpg,429
00050447.jpg,429
00050448.jpg,429
00050449.jpg,429
00050450.jpg,429
00050451.jpg,429
00050452.jpg,429
00050453.jpg,429
00050454.jpg,429
00050455.jpg,429
00050456.jpg,429
00050457.jpg,429
00050458.jpg,429
00050459.jpg,429
00050460.jpg,429
00050461.jpg,429
00050462.jpg,429
00050463.jpg,429
00050464.jpg,429
00050465.jpg,429
00050466.jpg,429
00050467.jpg,429
00050468.jpg,429
00050469.jpg,429
00050470.jpg,429
00050471.jpg,429
00050472.jpg,429
00050473.jpg,429
00050474.jpg,429
00050475.jpg,429
00050476.jpg,429
00050477.jpg,429
00050478.jpg,429
00050479.jpg,429
00050480.jpg,429
00050481.jpg,429
00050482.jpg,429
00050483.jpg,429
00050484.jpg,429
00050485.jpg,429
00050486.jpg,429
00050487.jpg,429
00050488.jpg,429
00050489.jpg,429
00050490.jpg,429
00050491.jpg,429
00050492.jpg,429
00050493.jpg,429
00050494.jpg,429
00050495.jpg,429
00050496.jpg,429
00050497.jpg,429
00050498.jpg,429
00050499.jpg,429
00050500.jpg,429
00050501.jpg,429
00050502.jpg,429
00050503.jpg,429
00050504.jpg,429
00050505.jpg,429
00050506.jpg,429
00050507.jpg,429
00050508.jpg,429
00050509.jpg,429
00050510.jpg,429
00050511.jpg,429
00050512.jpg,429
00050513.jpg,429
00050514.jpg,429
00050515.jpg,429
00050516.jpg,429
00050517.jpg,429
00050518.jpg,429
00050519.jpg,429
00050520.jpg,429
00050521.jpg,429
00050522.jpg,429
00050523.jpg,429
00050524.jpg,429
00050525.jpg,429
00050526.jpg,429
00050527.jpg,429
00050528.jpg,429
00050529.jpg,429
00050530.jpg,429
00050531.jpg,429
00050532.jpg,429
00050533.jpg,429
00050534.jpg,429
00050535.jpg,429
00050536.jpg,429
00050537.jpg,429
00050538.jpg,429
00050539.jpg,429
00050540.jpg,429
00050541.jpg,429
00050542.jpg,429
00050543.jpg,429
00050544.jpg,429
00050545.jpg,429
00050546.jpg,429
00050547.jpg,429
00050548.jpg,429
00050549.jpg,429
00050550.jpg,429
00050551.jpg,429
00050552.jpg,430
00050553.jpg,430
00050554.jpg,430
00050555.jpg,430
00050556.jpg,430
00050557.jpg,430
00050558.jpg,430
00050559.jpg,430
00050560.jpg,430
00050561.jpg,430
00050562.jpg,430
00050563.jpg,430
00050564.jpg,430
00050565.jpg,430
00050566.jpg,430
00050567.jpg,430
00050568.jpg,430
00050569.jpg,430
00050570.jpg,430
00050571.jpg,430
00050572.jpg,430
00050573.jpg,430
00050574.jpg,430
00050575.jpg,430
00050576.jpg,430
00050577.jpg,430
00050578.jpg,430
00050579.jpg,430
00050580.jpg,430
00050581.jpg,430
00050582.jpg,430
00050583.jpg,430
00050584.jpg,430
00050585.jpg,430
00050586.jpg,430
00050587.jpg,430
00050588.jpg,430
00050589.jpg,430
00050590.jpg,430
00050591.jpg,430
00050592.jpg,430
00050593.jpg,430
00050594.jpg,430
00050595.jpg,430
00050596.jpg,430
00050597.jpg,430
00050598.jpg,430
00050599.jpg,430
00050600.jpg,430
00050601.jpg,430
00050602.jpg,430
00050603.jpg,430
00050604.jpg,430
00050605.jpg,430
00050606.jpg,430
00050607.jpg,430
00050608.jpg,430
00050609.jpg,430
00050610.jpg,430
00050611.jpg,430
00050612.jpg,430
00050613.jpg,430
00050614.jpg,430
00050615.jpg,430
00050616.jpg,430
00050617.jpg,430
00050618.jpg,430
00050619.jpg,430
00050620.jpg,430
00050621.jpg,430
00050622.jpg,430
00050623.jpg,430
00050624.jpg,430
00050625.jpg,430
00050626.jpg,430
00050627.jpg,430
00050628.jpg,430
00050629.jpg,430
00050630.jpg,430
00050631.jpg,430
00050632.jpg,430
00050633.jpg,430
00050634.jpg,430
00050635.jpg,430
00050636.jpg,430
00050637.jpg,430
00050638.jpg,430
00050639.jpg,430
00050640.jpg,430
00050641.jpg,430
00050642.jpg,430
00050643.jpg,430
00050644.jpg,430
00050645.jpg,430
00050646.jpg,430
00050647.jpg,430
00050648.jpg,430
00050649.jpg,430
00050650.jpg,430
00050651.jpg,430
00050652.jpg,430
00050653.jpg,430
00050654.jpg,430
00050655.jpg,430
00050656.jpg,430
00050657.jpg,430
00050658.jpg,430
00050659.jpg,430
00050660.jpg,430
00050661.jpg,430
00050662.jpg,430
00050663.jpg,430
00050664.jpg,430
00050665.jpg,430
00050666.jpg,430
00050667.jpg,430
00050668.jpg,430
00050669.jpg,431
00050670.jpg,431
00050671.jpg,431
00050672.jpg,431
00050673.jpg,431
00050674.jpg,431
00050675.jpg,431
00050676.jpg,431
00050677.jpg,431
00050678.jpg,431
00050679.jpg,431
00050680.jpg,431
00050681.jpg,431
00050682.jpg,431
00050683.jpg,431
00050684.jpg,431
00050685.jpg,431
00050686.jpg,431
00050687.jpg,431
00050688.jpg,431
00050689.jpg,431
00050690.jpg,431
00050691.jpg,431
00050692.jpg,431
00050693.jpg,431
00050694.jpg,431
00050695.jpg,431
00050696.jpg,431
00050697.jpg,431
00050698.jpg,431
00050699.jpg,431
00050700.jpg,431
00050701.jpg,431
00050702.jpg,431
00050703.jpg,431
00050704.jpg,431
00050705.jpg,431
00050706.jpg,431
00050707.jpg,431
00050708.jpg,431
00050709.jpg,431
00050710.jpg,431
00050711.jpg,431
00050712.jpg,431
00050713.jpg,431
00050714.jpg,431
00050715.jpg,431
00050716.jpg,431
00050717.jpg,431
00050718.jpg,431
00050719.jpg,431
00050720.jpg,431
00050721.jpg,431
00050722.jpg,431
00050723.jpg,431
00050724.jpg,431
00050725.jpg,431
00050726.jpg,431
00050727.jpg,431
00050728.jpg,431
00050729.jpg,431
00050730.jpg,431
00050731.jpg,431
00050732.jpg,431
00050733.jpg,431
00050734.jpg,431
00050735.jpg,431
00050736.jpg,431
00050737.jpg,431
00050738.jpg,431
00050739.jpg,431
00050740.jpg,431
00050741.jpg,431
00050742.jpg,431
00050743.jpg,431
00050744.jpg,431
00050745.jpg,431
00050746.jpg,431
00050747.jpg,431
00050748.jpg,431
00050749.jpg,431
00050750.jpg,431
00050751.jpg,431
00050752.jpg,431
00050753.jpg,431
00050754.jpg,431
00050755.jpg,431
00050756.jpg,431
00050757.jpg,431
00050758.jpg,431
00050759.jpg,431
00050760.jpg,431
00050761.jpg,431
00050762.jpg,431
00050763.jpg,431
00050764.jpg,431
00050765.jpg,431
00050766.jpg,431
00050767.jpg,431
00050768.jpg,431
00050769.jpg,431
00050770.jpg,431
00050771.jpg,431
00050772.jpg,431
00050773.jpg,431
00050774.jpg,431
00050775.jpg,431
00050776.jpg,431
00050777.jpg,431
00050778.jpg,431
00050779.jpg,431
00050780.jpg,431
00050781.jpg,431
00050782.jpg,431
00050783.jpg,431
00050784.jpg,431
00050785.jpg,431
00050786.jpg,432
00050787.jpg,432
00050788.jpg,432
00050789.jpg,432
00050790.jpg,432
00050791.jpg,432
00050792.jpg,432
00050793.jpg,432
00050794.jpg,432
00050795.jpg,432
00050796.jpg,432
00050797.jpg,432
00050798.jpg,432
00050799.jpg,432
00050800.jpg,432
00050801.jpg,432
00050802.jpg,432
00050803.jpg,432
00050804.jpg,432
00050805.jpg,432
00050806.jpg,432
00050807.jpg,432
00050808.jpg,432
00050809.jpg,432
00050810.jpg,432
00050811.jpg,432
00050812.jpg,432
00050813.jpg,432
00050814.jpg,432
00050815.jpg,432
00050816.jpg,432
00050817.jpg,432
00050818.jpg,432
00050819.jpg,432
00050820.jpg,432
00050821.jpg,432
00050822.jpg,432
00050823.jpg,432
00050824.jpg,432
00050825.jpg,432
00050826.jpg,432
00050827.jpg,432
00050828.jpg,432
00050829.jpg,432
00050830.jpg,432
00050831.jpg,432
00050832.jpg,432
00050833.jpg,432
00050834.jpg,432
00050835.jpg,432
00050836.jpg,432
00050837.jpg,432
00050838.jpg,432
00050839.jpg,432
00050840.jpg,432
00050841.jpg,432
00050842.jpg,432
00050843.jpg,432
00050844.jpg,432
00050845.jpg,432
00050846.jpg,432
00050847.jpg,432
00050848.jpg,432
00050849.jpg,432
00050850.jpg,432
00050851.jpg,432
00050852.jpg,432
00050853.jpg,432
00050854.jpg,432
00050855.jpg,432
00050856.jpg,432
00050857.jpg,432
00050858.jpg,432
00050859.jpg,432
00050860.jpg,432
00050861.jpg,432
00050862.jpg,432
00050863.jpg,432
00050864.jpg,432
00050865.jpg,432
00050866.jpg,432
00050867.jpg,432
00050868.jpg,432
00050869.jpg,432
00050870.jpg,432
00050871.jpg,432
00050872.jpg,432
00050873.jpg,432
00050874.jpg,432
00050875.jpg,432
00050876.jpg,432
00050877.jpg,432
00050878.jpg,432
00050879.jpg,432
00050880.jpg,432
00050881.jpg,432
00050882.jpg,432
00050883.jpg,432
00050884.jpg,432
00050885.jpg,432
00050886.jpg,432
00050887.jpg,432
00050888.jpg,432
00050889.jpg,432
00050890.jpg,432
00050891.jpg,432
00050892.jpg,432
00050893.jpg,432
00050894.jpg,432
00050895.jpg,432
00050896.jpg,432
00050897.jpg,432
00050898.jpg,432
00050899.jpg,432
00050900.jpg,432
00050901.jpg,432
00050902.jpg,432
00050903.jpg,433
00050904.jpg,433
00050905.jpg,433
00050906.jpg,433
00050907.jpg,433
00050908.jpg,433
00050909.jpg,433
00050910.jpg,433
00050911.jpg,433
00050912.jpg,433
00050913.jpg,433
00050914.jpg,433
00050915.jpg,433
00050916.jpg,433
00050917.jpg,433
00050918.jpg,433
00050919.jpg,433
00050920.jpg,433
00050921.jpg,433
00050922.jpg,433
00050923.jpg,433
00050924.jpg,433
00050925.jpg,433
00050926.jpg,433
00050927.jpg,433
00050928.jpg,433
00050929.jpg,433
00050930.jpg,433
00050931.jpg,433
00050932.jpg,433
00050933.jpg,433
00050934.jpg,433
00050935.jpg,433
00050936.jpg,433
00050937.jpg,433
00050938.jpg,433
00050939.jpg,433
00050940.jpg,433
00050941.jpg,433
00050942.jpg,433
00050943.jpg,433
00050944.jpg,433
00050945.jpg,433
00050946.jpg,433
00050947.jpg,433
00050948.jpg,433
00050949.jpg,433
00050950.jpg,433
00050951.jpg,433
00050952.jpg,433
00050953.jpg,433
00050954.jpg,433
00050955.jpg,433
00050956.jpg,433
00050957.jpg,433
00050958.jpg,433
00050959.jpg,433
00050960.jpg,433
00050961.jpg,433
00050962.jpg,433
00050963.jpg,433
00050964.jpg,433
00050965.jpg,433
00050966.jpg,433
00050967.jpg,433
00050968.jpg,433
00050969.jpg,433
00050970.jpg,433
00050971.jpg,433
00050972.jpg,433
00050973.jpg,433
00050974.jpg,433
00050975.jpg,433
00050976.jpg,433
00050977.jpg,433
00050978.jpg,433
00050979.jpg,433
00050980.jpg,433
00050981.jpg,433
00050982.jpg,433
00050983.jpg,433
00050984.jpg,433
00050985.jpg,433
00050986.jpg,433
00050987.jpg,433
00050988.jpg,433
00050989.jpg,433
00050990.jpg,433
00050991.jpg,433
00050992.jpg,433
00050993.jpg,433
00050994.jpg,433
00050995.jpg,433
00050996.jpg,433
00050997.jpg,433
00050998.jpg,433
00050999.jpg,433
00051000.jpg,433
00051001.jpg,433
00051002.jpg,433
00051003.jpg,433
00051004.jpg,433
00051005.jpg,433
00051006.jpg,433
00051007.jpg,433
00051008.jpg,433
00051009.jpg,433
00051010.jpg,433
00051011.jpg,433
00051012.jpg,433
00051013.jpg,433
00051014.jpg,433
00051015.jpg,433
00051016.jpg,433
00051017.jpg,433
00051018.jpg,433
00051019.jpg,433
00051020.jpg,434
00051021.jpg,434
00051022.jpg,434
00051023.jpg,434
00051024.jpg,434
00051025.jpg,434
00051026.jpg,434
00051027.jpg,434
00051028.jpg,434
00051029.jpg,434
00051030.jpg,434
00051031.jpg,434
00051032.jpg,434
00051033.jpg,434
00051034.jpg,434
00051035.jpg,434
00051036.jpg,434
00051037.jpg,434
00051038.jpg,434
00051039.jpg,434
00051040.jpg,434
00051041.jpg,434
00051042.jpg,434
00051043.jpg,434
00051044.jpg,434
00051045.jpg,434
00051046.jpg,434
00051047.jpg,434
00051048.jpg,434
00051049.jpg,434
00051050.jpg,434
00051051.jpg,434
00051052.jpg,434
00051053.jpg,434
00051054.jpg,434
00051055.jpg,434
00051056.jpg,434
00051057.jpg,434
00051058.jpg,434
00051059.jpg,434
00051060.jpg,434
00051061.jpg,434
00051062.jpg,434
00051063.jpg,434
00051064.jpg,434
00051065.jpg,434
00051066.jpg,434
00051067.jpg,434
00051068.jpg,434
00051069.jpg,434
00051070.jpg,434
00051071.jpg,434
00051072.jpg,434
00051073.jpg,434
00051074.jpg,434
00051075.jpg,434
00051076.jpg,434
00051077.jpg,434
00051078.jpg,434
00051079.jpg,434
00051080.jpg,434
00051081.jpg,434
00051082.jpg,434
00051083.jpg,434
00051084.jpg,434
00051085.jpg,434
00051086.jpg,434
00051087.jpg,434
00051088.jpg,434
00051089.jpg,434
00051090.jpg,434
00051091.jpg,434
00051092.jpg,434
00051093.jpg,434
00051094.jpg,434
00051095.jpg,434
00051096.jpg,434
00051097.jpg,434
00051098.jpg,434
00051099.jpg,434
00051100.jpg,434
00051101.jpg,434
00051102.jpg,434
00051103.jpg,434
00051104.jpg,434
00051105.jpg,434
00051106.jpg,434
00051107.jpg,434
00051108.jpg,434
00051109.jpg,434
00051110.jpg,434
00051111.jpg,434
00051112.jpg,434
00051113.jpg,434
00051114.jpg,434
00051115.jpg,434
00051116.jpg,434
00051117.jpg,434
00051118.jpg,434
00051119.jpg,434
00051120.jpg,434
00051121.jpg,434
00051122.jpg,434
00051123.jpg,434
00051124.jpg,434
00051125.jpg,434
00051126.jpg,434
00051127.jpg,434
00051128.jpg,434
00051129.jpg,434
00051130.jpg,434
00051131.jpg,434
00051132.jpg,434
00051133.jpg,434
00051134.jpg,434
00051135.jpg,434
00051136.jpg,434
00051137.jpg,435
00051138.jpg,435
00051139.jpg,435
00051140.jpg,435
00051141.jpg,435
00051142.jpg,435
00051143.jpg,435
00051144.jpg,435
00051145.jpg,435
00051146.jpg,435
00051147.jpg,435
00051148.jpg,435
00051149.jpg,435
00051150.jpg,435
00051151.jpg,435
00051152.jpg,435
00051153.jpg,435
00051154.jpg,435
00051155.jpg,435
00051156.jpg,435
00051157.jpg,435
00051158.jpg,435
00051159.jpg,435
00051160.jpg,435
00051161.jpg,435
00051162.jpg,435
00051163.jpg,435
00051164.jpg,435
00051165.jpg,435
00051166.jpg,435
00051167.jpg,435
00051168.jpg,435
00051169.jpg,435
00051170.jpg,435
00051171.jpg,435
00051172.jpg,435
00051173.jpg,435
00051174.jpg,435
00051175.jpg,435
00051176.jpg,435
00051177.jpg,435
00051178.jpg,435
00051179.jpg,435
00051180.jpg,435
00051181.jpg,435
00051182.jpg,435
00051183.jpg,435
00051184.jpg,435
00051185.jpg,435
00051186.jpg,435
00051187.jpg,435
00051188.jpg,435
00051189.jpg,435
00051190.jpg,435
00051191.jpg,435
00051192.jpg,435
00051193.jpg,435
00051194.jpg,435
00051195.jpg,435
00051196.jpg,435
00051197.jpg,435
00051198.jpg,435
00051199.jpg,435
00051200.jpg,435
00051201.jpg,435
00051202.jpg,435
00051203.jpg,435
00051204.jpg,435
00051205.jpg,435
00051206.jpg,435
00051207.jpg,435
00051208.jpg,435
00051209.jpg,435
00051210.jpg,435
00051211.jpg,435
00051212.jpg,435
00051213.jpg,435
00051214.jpg,435
00051215.jpg,435
00051216.jpg,435
00051217.jpg,435
00051218.jpg,435
00051219.jpg,435
00051220.jpg,435
00051221.jpg,435
00051222.jpg,435
00051223.jpg,435
00051224.jpg,435
00051225.jpg,435
00051226.jpg,435
00051227.jpg,435
00051228.jpg,435
00051229.jpg,435
00051230.jpg,435
00051231.jpg,435
00051232.jpg,435
00051233.jpg,435
00051234.jpg,435
00051235.jpg,435
00051236.jpg,435
00051237.jpg,435
00051238.jpg,435
00051239.jpg,435
00051240.jpg,435
00051241.jpg,435
00051242.jpg,435
00051243.jpg,435
00051244.jpg,435
00051245.jpg,435
00051246.jpg,435
00051247.jpg,435
00051248.jpg,435
00051249.jpg,435
00051250.jpg,435
00051251.jpg,435
00051252.jpg,435
00051253.jpg,435
00051254.jpg,436
00051255.jpg,436
00051256.jpg,436
00051257.jpg,436
00051258.jpg,436
00051259.jpg,436
00051260.jpg,436
00051261.jpg,436
00051262.jpg,436
00051263.jpg,436
00051264.jpg,436
00051265.jpg,436
00051266.jpg,436
00051267.jpg,436
00051268.jpg,436
00051269.jpg,436
00051270.jpg,436
00051271.jpg,436
00051272.jpg,436
00051273.jpg,436
00051274.jpg,436
00051275.jpg,436
00051276.jpg,436
00051277.jpg,436
00051278.jpg,436
00051279.jpg,436
00051280.jpg,436
00051281.jpg,436
00051282.jpg,436
00051283.jpg,436
00051284.jpg,436
00051285.jpg,436
00051286.jpg,436
00051287.jpg,436
00051288.jpg,436
00051289.jpg,436
00051290.jpg,436
00051291.jpg,436
00051292.jpg,436
00051293.jpg,436
00051294.jpg,436
00051295.jpg,436
00051296.jpg,436
00051297.jpg,436
00051298.jpg,436
00051299.jpg,436
00051300.jpg,436
00051301.jpg,436
00051302.jpg,436
00051303.jpg,436
00051304.jpg,436
00051305.jpg,436
00051306.jpg,436
00051307.jpg,436
00051308.jpg,436
00051309.jpg,436
00051310.jpg,436
00051311.jpg,436
00051312.jpg,436
00051313.jpg,436
00051314.jpg,436
00051315.jpg,436
00051316.jpg,436
00051317.jpg,436
00051318.jpg,436
00051319.jpg,436
00051320.jpg,436
00051321.jpg,436
00051322.jpg,436
00051323.jpg,436
00051324.jpg,436
00051325.jpg,436
00051326.jpg,436
00051327.jpg,436
00051328.jpg,436
00051329.jpg,436
00051330.jpg,436
00051331.jpg,436
00051332.jpg,436
00051333.jpg,436
00051334.jpg,436
00051335.jpg,436
00051336.jpg,436
00051337.jpg,436
00051338.jpg,436
00051339.jpg,436
00051340.jpg,436
00051341.jpg,436
00051342.jpg,436
00051343.jpg,436
00051344.jpg,436
00051345.jpg,436
00051346.jpg,436
00051347.jpg,436
00051348.jpg,436
00051349.jpg,436
00051350.jpg,436
00051351.jpg,436
00051352.jpg,436
00051353.jpg,436
00051354.jpg,436
00051355.jpg,436
00051356.jpg,436
00051357.jpg,436
00051358.jpg,436
00051359.jpg,436
00051360.jpg,436
00051361.jpg,436
00051362.jpg,436
00051363.jpg,436
00051364.jpg,436
00051365.jpg,436
00051366.jpg,436
00051367.jpg,436
00051368.jpg,436
00051369.jpg,436
00051370.jpg,436
00051371.jpg,437
00051372.jpg,437
00051373.jpg,437
00051374.jpg,437
00051375.jpg,437
00051376.jpg,437
00051377.jpg,437
00051378.jpg,437
00051379.jpg,437
00051380.jpg,437
00051381.jpg,437
00051382.jpg,437
00051383.jpg,437
00051384.jpg,437
00051385.jpg,437
00051386.jpg,437
00051387.jpg,437
00051388.jpg,437
00051389.jpg,437
00051390.jpg,437
00051391.jpg,437
00051392.jpg,437
00051393.jpg,437
00051394.jpg,437
00051395.jpg,437
00051396.jpg,437
00051397.jpg,437
00051398.jpg,437
00051399.jpg,437
00051400.jpg,437
00051401.jpg,437
00051402.jpg,437
00051403.jpg,437
00051404.jpg,437
00051405.jpg,437
00051406.jpg,437
00051407.jpg,437
00051408.jpg,437
00051409.jpg,437
00051410.jpg,437
00051411.jpg,437
00051412.jpg,437
00051413.jpg,437
00051414.jpg,437
00051415.jpg,437
00051416.jpg,437
00051417.jpg,437
00051418.jpg,437
00051419.jpg,437
00051420.jpg,437
00051421.jpg,437
00051422.jpg,437
00051423.jpg,437
00051424.jpg,437
00051425.jpg,437
00051426.jpg,437
00051427.jpg,437
00051428.jpg,437
00051429.jpg,437
00051430.jpg,437
00051431.jpg,437
00051432.jpg,437
00051433.jpg,437
00051434.jpg,437
00051435.jpg,437
00051436.jpg,437
00051437.jpg,437
00051438.jpg,437
00051439.jpg,437
00051440.jpg,437
00051441.jpg,437
00051442.jpg,437
00051443.jpg,437
00051444.jpg,437
00051445.jpg,437
00051446.jpg,437
00051447.jpg,437
00051448.jpg,437
00051449.jpg,437
00051450.jpg,437
00051451.jpg,437
00051452.jpg,437
00051453.jpg,437
00051454.jpg,437
00051455.jpg,437
00051456.jpg,437
00051457.jpg,437
00051458.jpg,437
00051459.jpg,437
00051460.jpg,437
00051461.jpg,437
00051462.jpg,437
00051463.jpg,437
00051464.jpg,437
00051465.jpg,437
00051466.jpg,437
00051467.jpg,437
00051468.jpg,437
00051469.jpg,437
00051470.jpg,437
00051471.jpg,437
00051472.jpg,437
00051473.jpg,437
00051474.jpg,437
00051475.jpg,437
00051476.jpg,437
00051477.jpg,437
00051478.jpg,437
00051479.jpg,437
00051480.jpg,437
00051481.jpg,437
00051482.jpg,437
00051483.jpg,437
00051484.jpg,437
00051485.jpg,437
00051486.jpg,437
00051487.jpg,437
00051488.jpg,438
00051489.jpg,438
00051490.jpg,438
00051491.jpg,438
00051492.jpg,438
00051493.jpg,438
00051494.jpg,438
00051495.jpg,438
00051496.jpg,438
00051497.jpg,438
00051498.jpg,438
00051499.jpg,438
00051500.jpg,438
00051501.jpg,438
00051502.jpg,438
00051503.jpg,438
00051504.jpg,438
00051505.jpg,438
00051506.jpg,438
00051507.jpg,438
00051508.jpg,438
00051509.jpg,438
00051510.jpg,438
00051511.jpg,438
00051512.jpg,438
00051513.jpg,438
00051514.jpg,438
00051515.jpg,438
00051516.jpg,438
00051517.jpg,438
00051518.jpg,438
00051519.jpg,438
00051520.jpg,438
00051521.jpg,438
00051522.jpg,438
00051523.jpg,438
00051524.jpg,438
00051525.jpg,438
00051526.jpg,438
00051527.jpg,438
00051528.jpg,438
00051529.jpg,438
00051530.jpg,438
00051531.jpg,438
00051532.jpg,438
00051533.jpg,438
00051534.jpg,438
00051535.jpg,438
00051536.jpg,438
00051537.jpg,438
00051538.jpg,438
00051539.jpg,438
00051540.jpg,438
00051541.jpg,438
00051542.jpg,438
00051543.jpg,438
00051544.jpg,438
00051545.jpg,438
00051546.jpg,438
00051547.jpg,438
00051548.jpg,438
00051549.jpg,438
00051550.jpg,438
00051551.jpg,438
00051552.jpg,438
00051553.jpg,438
00051554.jpg,438
00051555.jpg,438
00051556.jpg,438
00051557.jpg,438
00051558.jpg,438
00051559.jpg,438
00051560.jpg,438
00051561.jpg,438
00051562.jpg,438
00051563.jpg,438
00051564.jpg,438
00051565.jpg,438
00051566.jpg,438
00051567.jpg,438
00051568.jpg,438
00051569.jpg,438
00051570.jpg,438
00051571.jpg,438
00051572.jpg,438
00051573.jpg,438
00051574.jpg,438
00051575.jpg,438
00051576.jpg,438
00051577.jpg,438
00051578.jpg,438
00051579.jpg,438
00051580.jpg,438
00051581.jpg,438
00051582.jpg,438
00051583.jpg,438
00051584.jpg,438
00051585.jpg,438
00051586.jpg,438
00051587.jpg,438
00051588.jpg,438
00051589.jpg,438
00051590.jpg,438
00051591.jpg,438
00051592.jpg,438
00051593.jpg,438
00051594.jpg,438
00051595.jpg,438
00051596.jpg,438
00051597.jpg,438
00051598.jpg,438
00051599.jpg,438
00051600.jpg,438
00051601.jpg,438
00051602.jpg,438
00051603.jpg,438
00051604.jpg,438
00051605.jpg,439
00051606.jpg,439
00051607.jpg,439
00051608.jpg,439
00051609.jpg,439
00051610.jpg,439
00051611.jpg,439
00051612.jpg,439
00051613.jpg,439
00051614.jpg,439
00051615.jpg,439
00051616.jpg,439
00051617.jpg,439
00051618.jpg,439
00051619.jpg,439
00051620.jpg,439
00051621.jpg,439
00051622.jpg,439
00051623.jpg,439
00051624.jpg,439
00051625.jpg,439
00051626.jpg,439
00051627.jpg,439
00051628.jpg,439
00051629.jpg,439
00051630.jpg,439
00051631.jpg,439
00051632.jpg,439
00051633.jpg,439
00051634.jpg,439
00051635.jpg,439
00051636.jpg,439
00051637.jpg,439
00051638.jpg,439
00051639.jpg,439
00051640.jpg,439
00051641.jpg,439
00051642.jpg,439
00051643.jpg,439
00051644.jpg,439
00051645.jpg,439
00051646.jpg,439
00051647.jpg,439
00051648.jpg,439
00051649.jpg,439
00051650.jpg,439
00051651.jpg,439
00051652.jpg,439
00051653.jpg,439
00051654.jpg,439
00051655.jpg,439
00051656.jpg,439
00051657.jpg,439
00051658.jpg,439
00051659.jpg,439
00051660.jpg,439
00051661.jpg,439
00051662.jpg,439
00051663.jpg,439
00051664.jpg,439
00051665.jpg,439
00051666.jpg,439
00051667.jpg,439
00051668.jpg,439
00051669.jpg,439
00051670.jpg,439
00051671.jpg,439
00051672.jpg,439
00051673.jpg,439
00051674.jpg,439
00051675.jpg,439
00051676.jpg,439
00051677.jpg,439
00051678.jpg,439
00051679.jpg,439
00051680.jpg,439
00051681.jpg,439
00051682.jpg,439
00051683.jpg,439
00051684.jpg,439
00051685.jpg,439
00051686.jpg,439
00051687.jpg,439
00051688.jpg,439
00051689.jpg,439
00051690.jpg,439
00051691.jpg,439
00051692.jpg,439
00051693.jpg,439
00051694.jpg,439
00051695.jpg,439
00051696.jpg,439
00051697.jpg,439
00051698.jpg,439
00051699.jpg,439
00051700.jpg,439
00051701.jpg,439
00051702.jpg,439
00051703.jpg,439
00051704.jpg,439
00051705.jpg,439
00051706.jpg,439
00051707.jpg,439
00051708.jpg,439
00051709.jpg,439
00051710.jpg,439
00051711.jpg,439
00051712.jpg,439
00051713.jpg,439
00051714.jpg,439
00051715.jpg,439
00051716.jpg,439
00051717.jpg,439
00051718.jpg,439
00051719.jpg,439
00051720.jpg,439
00051721.jpg,439
00051722.jpg,440
00051723.jpg,440
00051724.jpg,440
00051725.jpg,440
00051726.jpg,440
00051727.jpg,440
00051728.jpg,440
00051729.jpg,440
00051730.jpg,440
00051731.jpg,440
00051732.jpg,440
00051733.jpg,440
00051734.jpg,440
00051735.jpg,440
00051736.jpg,440
00051737.jpg,440
00051738.jpg,440
00051739.jpg,440
00051740.jpg,440
00051741.jpg,440
00051742.jpg,440
00051743.jpg,440
00051744.jpg,440
00051745.jpg,440
00051746.jpg,440
00051747.jpg,440
00051748.jpg,440
00051749.jpg,440
00051750.jpg,440
00051751.jpg,440
00051752.jpg,440
00051753.jpg,440
00051754.jpg,440
00051755.jpg,440
00051756.jpg,440
00051757.jpg,440
00051758.jpg,440
00051759.jpg,440
00051760.jpg,440
00051761.jpg,440
00051762.jpg,440
00051763.jpg,440
00051764.jpg,440
00051765.jpg,440
00051766.jpg,440
00051767.jpg,440
00051768.jpg,440
00051769.jpg,440
00051770.jpg,440
00051771.jpg,440
00051772.jpg,440
00051773.jpg,440
00051774.jpg,440
00051775.jpg,440
00051776.jpg,440
00051777.jpg,440
00051778.jpg,440
00051779.jpg,440
00051780.jpg,440
00051781.jpg,440
00051782.jpg,440
00051783.jpg,440
00051784.jpg,440
00051785.jpg,440
00051786.jpg,440
00051787.jpg,440
00051788.jpg,440
00051789.jpg,440
00051790.jpg,440
00051791.jpg,440
00051792.jpg,440
00051793.jpg,440
00051794.jpg,440
00051795.jpg,440
00051796.jpg,440
00051797.jpg,440
00051798.jpg,440
00051799.jpg,440
00051800.jpg,440
00051801.jpg,440
00051802.jpg,440
00051803.jpg,440
00051804.jpg,440
00051805.jpg,440
00051806.jpg,440
00051807.jpg,440
00051808.jpg,440
00051809.jpg,440
00051810.jpg,440
00051811.jpg,440
00051812.jpg,440
00051813.jpg,440
00051814.jpg,440
00051815.jpg,440
00051816.jpg,440
00051817.jpg,440
00051818.jpg,440
00051819.jpg,440
00051820.jpg,440
00051821.jpg,440
00051822.jpg,440
00051823.jpg,440
00051824.jpg,440
00051825.jpg,440
00051826.jpg,440
00051827.jpg,440
00051828.jpg,440
00051829.jpg,440
00051830.jpg,440
00051831.jpg,440
00051832.jpg,440
00051833.jpg,440
00051834.jpg,440
00051835.jpg,440
00051836.jpg,440
00051837.jpg,440
00051838.jpg,440
00051839.jpg,441
00051840.jpg,441
00051841.jpg,441
00051842.jpg,441
00051843.jpg,441
00051844.jpg,441
00051845.jpg,441
00051846.jpg,441
00051847.jpg,441
00051848.jpg,441
00051849.jpg,441
00051850.jpg,441
00051851.jpg,441
00051852.jpg,441
00051853.jpg,441
00051854.jpg,441
00051855.jpg,441
00051856.jpg,441
00051857.jpg,441
00051858.jpg,441
00051859.jpg,441
00051860.jpg,441
00051861.jpg,441
00051862.jpg,441
00051863.jpg,441
00051864.jpg,441
00051865.jpg,441
00051866.jpg,441
00051867.jpg,441
00051868.jpg,441
00051869.jpg,441
00051870.jpg,441
00051871.jpg,441
00051872.jpg,441
00051873.jpg,441
00051874.jpg,441
00051875.jpg,441
00051876.jpg,441
00051877.jpg,441
00051878.jpg,441
00051879.jpg,441
00051880.jpg,441
00051881.jpg,441
00051882.jpg,441
00051883.jpg,441
00051884.jpg,441
00051885.jpg,441
00051886.jpg,441
00051887.jpg,441
00051888.jpg,441
00051889.jpg,441
00051890.jpg,441
00051891.jpg,441
00051892.jpg,441
00051893.jpg,441
00051894.jpg,441
00051895.jpg,441
00051896.jpg,441
00051897.jpg,441
00051898.jpg,441
00051899.jpg,441
00051900.jpg,441
00051901.jpg,441
00051902.jpg,441
00051903.jpg,441
00051904.jpg,441
00051905.jpg,441
00051906.jpg,441
00051907.jpg,441
00051908.jpg,441
00051909.jpg,441
00051910.jpg,441
00051911.jpg,441
00051912.jpg,441
00051913.jpg,441
00051914.jpg,441
00051915.jpg,441
00051916.jpg,441
00051917.jpg,441
00051918.jpg,441
00051919.jpg,441
00051920.jpg,441
00051921.jpg,441
00051922.jpg,441
00051923.jpg,441
00051924.jpg,441
00051925.jpg,441
00051926.jpg,441
00051927.jpg,441
00051928.jpg,441
00051929.jpg,441
00051930.jpg,441
00051931.jpg,441
00051932.jpg,441
00051933.jpg,441
00051934.jpg,441
00051935.jpg,441
00051936.jpg,441
00051937.jpg,441
00051938.jpg,441
00051939.jpg,441
00051940.jpg,441
00051941.jpg,441
00051942.jpg,441
00051943.jpg,441
00051944.jpg,441
00051945.jpg,441
00051946.jpg,441
00051947.jpg,441
00051948.jpg,441
00051949.jpg,441
00051950.jpg,441
00051951.jpg,441
00051952.jpg,441
00051953.jpg,441
00051954.jpg,441
00051955.jpg,441
00051956.jpg,442
00051957.jpg,442
00051958.jpg,442
00051959.jpg,442
00051960.jpg,442
00051961.jpg,442
00051962.jpg,442
00051963.jpg,442
00051964.jpg,442
00051965.jpg,442
00051966.jpg,442
00051967.jpg,442
00051968.jpg,442
00051969.jpg,442
00051970.jpg,442
00051971.jpg,442
00051972.jpg,442
00051973.jpg,442
00051974.jpg,442
00051975.jpg,442
00051976.jpg,442
00051977.jpg,442
00051978.jpg,442
00051979.jpg,442
00051980.jpg,442
00051981.jpg,442
00051982.jpg,442
00051983.jpg,442
00051984.jpg,442
00051985.jpg,442
00051986.jpg,442
00051987.jpg,442
00051988.jpg,442
00051989.jpg,442
00051990.jpg,442
00051991.jpg,442
00051992.jpg,442
00051993.jpg,442
00051994.jpg,442
00051995.jpg,442
00051996.jpg,442
00051997.jpg,442
00051998.jpg,442
00051999.jpg,442
00052000.jpg,442
00052001.jpg,442
00052002.jpg,442
00052003.jpg,442
00052004.jpg,442
00052005.jpg,442
00052006.jpg,442
00052007.jpg,442
00052008.jpg,442
00052009.jpg,442
00052010.jpg,442
00052011.jpg,442
00052012.jpg,442
00052013.jpg,442
00052014.jpg,442
00052015.jpg,442
00052016.jpg,442
00052017.jpg,442
00052018.jpg,442
00052019.jpg,442
00052020.jpg,442
00052021.jpg,442
00052022.jpg,442
00052023.jpg,442
00052024.jpg,442
00052025.jpg,442
00052026.jpg,442
00052027.jpg,442
00052028.jpg,442
00052029.jpg,442
00052030.jpg,442
00052031.jpg,442
00052032.jpg,442
00052033.jpg,442
00052034.jpg,442
00052035.jpg,442
00052036.jpg,442
00052037.jpg,442
00052038.jpg,442
00052039.jpg,442
00052040.jpg,442
00052041.jpg,442
00052042.jpg,442
00052043.jpg,442
00052044.jpg,442
00052045.jpg,442
00052046.jpg,442
00052047.jpg,442
00052048.jpg,442
00052049.jpg,442
00052050.jpg,442
00052051.jpg,442
00052052.jpg,442
00052053.jpg,442
00052054.jpg,442
00052055.jpg,442
00052056.jpg,442
00052057.jpg,442
00052058.jpg,442
00052059.jpg,442
00052060.jpg,442
00052061.jpg,442
00052062.jpg,442
00052063.jpg,442
00052064.jpg,442
00052065.jpg,442
00052066.jpg,442
00052067.jpg,442
00052068.jpg,442
00052069.jpg,442
00052070.jpg,442
00052071.jpg,442
00052072.jpg,442
00052073.jpg,443
00052074.jpg,443
00052075.jpg,443
00052076.jpg,443
00052077.jpg,443
00052078.jpg,443
00052079.jpg,443
00052080.jpg,443
00052081.jpg,443
00052082.jpg,443
00052083.jpg,443
00052084.jpg,443
00052085.jpg,443
00052086.jpg,443
00052087.jpg,443
00052088.jpg,443
00052089.jpg,443
00052090.jpg,443
00052091.jpg,443
00052092.jpg,443
00052093.jpg,443
00052094.jpg,443
00052095.jpg,443
00052096.jpg,443
00052097.jpg,443
00052098.jpg,443
00052099.jpg,443
00052100.jpg,443
00052101.jpg,443
00052102.jpg,443
00052103.jpg,443
00052104.jpg,443
00052105.jpg,443
00052106.jpg,443
00052107.jpg,443
00052108.jpg,443
00052109.jpg,443
00052110.jpg,443
00052111.jpg,443
00052112.jpg,443
00052113.jpg,443
00052114.jpg,443
00052115.jpg,443
00052116.jpg,443
00052117.jpg,443
00052118.jpg,443
00052119.jpg,443
00052120.jpg,443
00052121.jpg,443
00052122.jpg,443
00052123.jpg,443
00052124.jpg,443
00052125.jpg,443
00052126.jpg,443
00052127.jpg,443
00052128.jpg,443
00052129.jpg,443
00052130.jpg,443
00052131.jpg,443
00052132.jpg,443
00052133.jpg,443
00052134.jpg,443
00052135.jpg,443
00052136.jpg,443
00052137.jpg,443
00052138.jpg,443
00052139.jpg,443
00052140.jpg,443
00052141.jpg,443
00052142.jpg,443
00052143.jpg,443
00052144.jpg,443
00052145.jpg,443
00052146.jpg,443
00052147.jpg,443
00052148.jpg,443
00052149.jpg,443
00052150.jpg,443
00052151.jpg,443
00052152.jpg,443
00052153.jpg,443
00052154.jpg,443
00052155.jpg,443
00052156.jpg,443
00052157.jpg,443
00052158.jpg,443
00052159.jpg,443
00052160.jpg,443
00052161.jpg,443
00052162.jpg,443
00052163.jpg,443
00052164.jpg,443
00052165.jpg,443
00052166.jpg,443
00052167.jpg,443
00052168.jpg,443
00052169.jpg,443
00052170.jpg,443
00052171.jpg,443
00052172.jpg,443
00052173.jpg,443
00052174.jpg,443
00052175.jpg,443
00052176.jpg,443
00052177.jpg,443
00052178.jpg,443
00052179.jpg,443
00052180.jpg,443
00052181.jpg,443
00052182.jpg,443
00052183.jpg,443
00052184.jpg,443
00052185.jpg,443
00052186.jpg,443
00052187.jpg,443
00052188.jpg,443
00052189.jpg,443
00052190.jpg,444
00052191.jpg,444
00052192.jpg,444
00052193.jpg,444
00052194.jpg,444
00052195.jpg,444
00052196.jpg,444
00052197.jpg,444
00052198.jpg,444
00052199.jpg,444
00052200.jpg,444
00052201.jpg,444
00052202.jpg,444
00052203.jpg,444
00052204.jpg,444
00052205.jpg,444
00052206.jpg,444
00052207.jpg,444
00052208.jpg,444
00052209.jpg,444
00052210.jpg,444
00052211.jpg,444
00052212.jpg,444
00052213.jpg,444
00052214.jpg,444
00052215.jpg,444
00052216.jpg,444
00052217.jpg,444
00052218.jpg,444
00052219.jpg,444
00052220.jpg,444
00052221.jpg,444
00052222.jpg,444
00052223.jpg,444
00052224.jpg,444
00052225.jpg,444
00052226.jpg,444
00052227.jpg,444
00052228.jpg,444
00052229.jpg,444
00052230.jpg,444
00052231.jpg,444
00052232.jpg,444
00052233.jpg,444
00052234.jpg,444
00052235.jpg,444
00052236.jpg,444
00052237.jpg,444
00052238.jpg,444
00052239.jpg,444
00052240.jpg,444
00052241.jpg,444
00052242.jpg,444
00052243.jpg,444
00052244.jpg,444
00052245.jpg,444
00052246.jpg,444
00052247.jpg,444
00052248.jpg,444
00052249.jpg,444
00052250.jpg,444
00052251.jpg,444
00052252.jpg,444
00052253.jpg,444
00052254.jpg,444
00052255.jpg,444
00052256.jpg,444
00052257.jpg,444
00052258.jpg,444
00052259.jpg,444
00052260.jpg,444
00052261.jpg,444
00052262.jpg,444
00052263.jpg,444
00052264.jpg,444
00052265.jpg,444
00052266.jpg,444
00052267.jpg,444
00052268.jpg,444
00052269.jpg,444
00052270.jpg,444
00052271.jpg,444
00052272.jpg,444
00052273.jpg,444
00052274.jpg,444
00052275.jpg,444
00052276.jpg,444
00052277.jpg,444
00052278.jpg,444
00052279.jpg,444
00052280.jpg,444
00052281.jpg,444
00052282.jpg,444
00052283.jpg,444
00052284.jpg,444
00052285.jpg,444
00052286.jpg,444
00052287.jpg,444
00052288.jpg,444
00052289.jpg,444
00052290.jpg,444
00052291.jpg,444
00052292.jpg,444
00052293.jpg,444
00052294.jpg,444
00052295.jpg,444
00052296.jpg,444
00052297.jpg,444
00052298.jpg,444
00052299.jpg,444
00052300.jpg,444
00052301.jpg,444
00052302.jpg,444
00052303.jpg,444
00052304.jpg,444
00052305.jpg,444
00052306.jpg,444
00052307.jpg,445
00052308.jpg,445
00052309.jpg,445
00052310.jpg,445
00052311.jpg,445
00052312.jpg,445
00052313.jpg,445
00052314.jpg,445
00052315.jpg,445
00052316.jpg,445
00052317.jpg,445
00052318.jpg,445
00052319.jpg,445
00052320.jpg,445
00052321.jpg,445
00052322.jpg,445
00052323.jpg,445
00052324.jpg,445
00052325.jpg,445
00052326.jpg,445
00052327.jpg,445
00052328.jpg,445
00052329.jpg,445
00052330.jpg,445
00052331.jpg,445
00052332.jpg,445
00052333.jpg,445
00052334.jpg,445
00052335.jpg,445
00052336.jpg,445
00052337.jpg,445
00052338.jpg,445
00052339.jpg,445
00052340.jpg,445
00052341.jpg,445
00052342.jpg,445
00052343.jpg,445
00052344.jpg,445
00052345.jpg,445
00052346.jpg,445
00052347.jpg,445
00052348.jpg,445
00052349.jpg,445
00052350.jpg,445
00052351.jpg,445
00052352.jpg,445
00052353.jpg,445
00052354.jpg,445
00052355.jpg,445
00052356.jpg,445
00052357.jpg,445
00052358.jpg,445
00052359.jpg,445
00052360.jpg,445
00052361.jpg,445
00052362.jpg,445
00052363.jpg,445
00052364.jpg,445
00052365.jpg,445
00052366.jpg,445
00052367.jpg,445
00052368.jpg,445
00052369.jpg,445
00052370.jpg,445
00052371.jpg,445
00052372.jpg,445
00052373.jpg,445
00052374.jpg,445
00052375.jpg,445
00052376.jpg,445
00052377.jpg,445
00052378.jpg,445
00052379.jpg,445
00052380.jpg,445
00052381.jpg,445
00052382.jpg,445
00052383.jpg,445
00052384.jpg,445
00052385.jpg,445
00052386.jpg,445
00052387.jpg,445
00052388.jpg,445
00052389.jpg,445
00052390.jpg,445
00052391.jpg,445
00052392.jpg,445
00052393.jpg,445
00052394.jpg,445
00052395.jpg,445
00052396.jpg,445
00052397.jpg,445
00052398.jpg,445
00052399.jpg,445
00052400.jpg,445
00052401.jpg,445
00052402.jpg,445
00052403.jpg,445
00052404.jpg,445
00052405.jpg,445
00052406.jpg,445
00052407.jpg,445
00052408.jpg,445
00052409.jpg,445
00052410.jpg,445
00052411.jpg,445
00052412.jpg,445
00052413.jpg,445
00052414.jpg,445
00052415.jpg,445
00052416.jpg,445
00052417.jpg,445
00052418.jpg,445
00052419.jpg,445
00052420.jpg,445
00052421.jpg,445
00052422.jpg,445
00052423.jpg,445
00052424.jpg,446
00052425.jpg,446
00052426.jpg,446
00052427.jpg,446
00052428.jpg,446
00052429.jpg,446
00052430.jpg,446
00052431.jpg,446
00052432.jpg,446
00052433.jpg,446
00052434.jpg,446
00052435.jpg,446
00052436.jpg,446
00052437.jpg,446
00052438.jpg,446
00052439.jpg,446
00052440.jpg,446
00052441.jpg,446
00052442.jpg,446
00052443.jpg,446
00052444.jpg,446
00052445.jpg,446
00052446.jpg,446
00052447.jpg,446
00052448.jpg,446
00052449.jpg,446
00052450.jpg,446
00052451.jpg,446
00052452.jpg,446
00052453.jpg,446
00052454.jpg,446
00052455.jpg,446
00052456.jpg,446
00052457.jpg,446
00052458.jpg,446
00052459.jpg,446
00052460.jpg,446
00052461.jpg,446
00052462.jpg,446
00052463.jpg,446
00052464.jpg,446
00052465.jpg,446
00052466.jpg,446
00052467.jpg,446
00052468.jpg,446
00052469.jpg,446
00052470.jpg,446
00052471.jpg,446
00052472.jpg,446
00052473.jpg,446
00052474.jpg,446
00052475.jpg,446
00052476.jpg,446
00052477.jpg,446
00052478.jpg,446
00052479.jpg,446
00052480.jpg,446
00052481.jpg,446
00052482.jpg,446
00052483.jpg,446
00052484.jpg,446
00052485.jpg,446
00052486.jpg,446
00052487.jpg,446
00052488.jpg,446
00052489.jpg,446
00052490.jpg,446
00052491.jpg,446
00052492.jpg,446
00052493.jpg,446
00052494.jpg,446
00052495.jpg,446
00052496.jpg,446
00052497.jpg,446
00052498.jpg,446
00052499.jpg,446
00052500.jpg,446
00052501.jpg,446
00052502.jpg,446
00052503.jpg,446
00052504.jpg,446
00052505.jpg,446
00052506.jpg,446
00052507.jpg,446
00052508.jpg,446
00052509.jpg,446
00052510.jpg,446
00052511.jpg,446
00052512.jpg,446
00052513.jpg,446
00052514.jpg,446
00052515.jpg,446
00052516.jpg,446
00052517.jpg,446
00052518.jpg,446
00052519.jpg,446
00052520.jpg,446
00052521.jpg,446
00052522.jpg,446
00052523.jpg,446
00052524.jpg,446
00052525.jpg,446
00052526.jpg,446
00052527.jpg,446
00052528.jpg,446
00052529.jpg,446
00052530.jpg,446
00052531.jpg,446
00052532.jpg,446
00052533.jpg,446
00052534.jpg,446
00052535.jpg,446
00052536.jpg,446
00052537.jpg,446
00052538.jpg,446
00052539.jpg,446
00052540.jpg,446
00052541.jpg,447
00052542.jpg,447
00052543.jpg,447
00052544.jpg,447
00052545.jpg,447
00052546.jpg,447
00052547.jpg,447
00052548.jpg,447
00052549.jpg,447
00052550.jpg,447
00052551.jpg,447
00052552.jpg,447
00052553.jpg,447
00052554.jpg,447
00052555.jpg,447
00052556.jpg,447
00052557.jpg,447
00052558.jpg,447
00052559.jpg,447
00052560.jpg,447
00052561.jpg,447
00052562.jpg,447
00052563.jpg,447
00052564.jpg,447
00052565.jpg,447
00052566.jpg,447
00052567.jpg,447
00052568.jpg,447
00052569.jpg,447
00052570.jpg,447
00052571.jpg,447
00052572.jpg,447
00052573.jpg,447
00052574.jpg,447
00052575.jpg,447
00052576.jpg,447
00052577.jpg,447
00052578.jpg,447
00052579.jpg,447
00052580.jpg,447
00052581.jpg,447
00052582.jpg,447
00052583.jpg,447
00052584.jpg,447
00052585.jpg,447
00052586.jpg,447
00052587.jpg,447
00052588.jpg,447
00052589.jpg,447
00052590.jpg,447
00052591.jpg,447
00052592.jpg,447
00052593.jpg,447
00052594.jpg,447
00052595.jpg,447
00052596.jpg,447
00052597.jpg,447
00052598.jpg,447
00052599.jpg,447
00052600.jpg,447
00052601.jpg,447
00052602.jpg,447
00052603.jpg,447
00052604.jpg,447
00052605.jpg,447
00052606.jpg,447
00052607.jpg,447
00052608.jpg,447
00052609.jpg,447
00052610.jpg,447
00052611.jpg,447
00052612.jpg,447
00052613.jpg,447
00052614.jpg,447
00052615.jpg,447
00052616.jpg,447
00052617.jpg,447
00052618.jpg,447
00052619.jpg,447
00052620.jpg,447
00052621.jpg,447
00052622.jpg,447
00052623.jpg,447
00052624.jpg,447
00052625.jpg,447
00052626.jpg,447
00052627.jpg,447
00052628.jpg,447
00052629.jpg,447
00052630.jpg,447
00052631.jpg,447
00052632.jpg,447
00052633.jpg,447
00052634.jpg,447
00052635.jpg,447
00052636.jpg,447
00052637.jpg,447
00052638.jpg,447
00052639.jpg,447
00052640.jpg,447
00052641.jpg,447
00052642.jpg,447
00052643.jpg,447
00052644.jpg,447
00052645.jpg,447
00052646.jpg,447
00052647.jpg,447
00052648.jpg,447
00052649.jpg,447
00052650.jpg,447
00052651.jpg,447
00052652.jpg,447
00052653.jpg,447
00052654.jpg,447
00052655.jpg,447
00052656.jpg,447
00052657.jpg,447
00052658.jpg,448
00052659.jpg,448
00052660.jpg,448
00052661.jpg,448
00052662.jpg,448
00052663.jpg,448
00052664.jpg,448
00052665.jpg,448
00052666.jpg,448
00052667.jpg,448
00052668.jpg,448
00052669.jpg,448
00052670.jpg,448
00052671.jpg,448
00052672.jpg,448
00052673.jpg,448
00052674.jpg,448
00052675.jpg,448
00052676.jpg,448
00052677.jpg,448
00052678.jpg,448
00052679.jpg,448
00052680.jpg,448
00052681.jpg,448
00052682.jpg,448
00052683.jpg,448
00052684.jpg,448
00052685.jpg,448
00052686.jpg,448
00052687.jpg,448
00052688.jpg,448
00052689.jpg,448
00052690.jpg,448
00052691.jpg,448
00052692.jpg,448
00052693.jpg,448
00052694.jpg,448
00052695.jpg,448
00052696.jpg,448
00052697.jpg,448
00052698.jpg,448
00052699.jpg,448
00052700.jpg,448
00052701.jpg,448
00052702.jpg,448
00052703.jpg,448
00052704.jpg,448
00052705.jpg,448
00052706.jpg,448
00052707.jpg,448
00052708.jpg,448
00052709.jpg,448
00052710.jpg,448
00052711.jpg,448
00052712.jpg,448
00052713.jpg,448
00052714.jpg,448
00052715.jpg,448
00052716.jpg,448
00052717.jpg,448
00052718.jpg,448
00052719.jpg,448
00052720.jpg,448
00052721.jpg,448
00052722.jpg,448
00052723.jpg,448
00052724.jpg,448
00052725.jpg,448
00052726.jpg,448
00052727.jpg,448
00052728.jpg,448
00052729.jpg,448
00052730.jpg,448
00052731.jpg,448
00052732.jpg,448
00052733.jpg,448
00052734.jpg,448
00052735.jpg,448
00052736.jpg,448
00052737.jpg,448
00052738.jpg,448
00052739.jpg,448
00052740.jpg,448
00052741.jpg,448
00052742.jpg,448
00052743.jpg,448
00052744.jpg,448
00052745.jpg,448
00052746.jpg,448
00052747.jpg,448
00052748.jpg,448
00052749.jpg,448
00052750.jpg,448
00052751.jpg,448
00052752.jpg,448
00052753.jpg,448
00052754.jpg,448
00052755.jpg,448
00052756.jpg,448
00052757.jpg,448
00052758.jpg,448
00052759.jpg,448
00052760.jpg,448
00052761.jpg,448
00052762.jpg,448
00052763.jpg,448
00052764.jpg,448
00052765.jpg,448
00052766.jpg,448
00052767.jpg,448
00052768.jpg,448
00052769.jpg,448
00052770.jpg,448
00052771.jpg,448
00052772.jpg,448
00052773.jpg,448
00052774.jpg,448
00052775.jpg,449
00052776.jpg,449
00052777.jpg,449
00052778.jpg,449
00052779.jpg,449
00052780.jpg,449
00052781.jpg,449
00052782.jpg,449
00052783.jpg,449
00052784.jpg,449
00052785.jpg,449
00052786.jpg,449
00052787.jpg,449
00052788.jpg,449
00052789.jpg,449
00052790.jpg,449
00052791.jpg,449
00052792.jpg,449
00052793.jpg,449
00052794.jpg,449
00052795.jpg,449
00052796.jpg,449
00052797.jpg,449
00052798.jpg,449
00052799.jpg,449
00052800.jpg,449
00052801.jpg,449
00052802.jpg,449
00052803.jpg,449
00052804.jpg,449
00052805.jpg,449
00052806.jpg,449
00052807.jpg,449
00052808.jpg,449
00052809.jpg,449
00052810.jpg,449
00052811.jpg,449
00052812.jpg,449
00052813.jpg,449
00052814.jpg,449
00052815.jpg,449
00052816.jpg,449
00052817.jpg,449
00052818.jpg,449
00052819.jpg,449
00052820.jpg,449
00052821.jpg,449
00052822.jpg,449
00052823.jpg,449
00052824.jpg,449
00052825.jpg,449
00052826.jpg,449
00052827.jpg,449
00052828.jpg,449
00052829.jpg,449
00052830.jpg,449
00052831.jpg,449
00052832.jpg,449
00052833.jpg,449
00052834.jpg,449
00052835.jpg,449
00052836.jpg,449
00052837.jpg,449
00052838.jpg,449
00052839.jpg,449
00052840.jpg,449
00052841.jpg,449
00052842.jpg,449
00052843.jpg,449
00052844.jpg,449
00052845.jpg,449
00052846.jpg,449
00052847.jpg,449
00052848.jpg,449
00052849.jpg,449
00052850.jpg,449
00052851.jpg,449
00052852.jpg,449
00052853.jpg,449
00052854.jpg,449
00052855.jpg,449
00052856.jpg,449
00052857.jpg,449
00052858.jpg,449
00052859.jpg,449
00052860.jpg,449
00052861.jpg,449
00052862.jpg,449
00052863.jpg,449
00052864.jpg,449
00052865.jpg,449
00052866.jpg,449
00052867.jpg,449
00052868.jpg,449
00052869.jpg,449
00052870.jpg,449
00052871.jpg,449
00052872.jpg,449
00052873.jpg,449
00052874.jpg,449
00052875.jpg,449
00052876.jpg,449
00052877.jpg,449
00052878.jpg,449
00052879.jpg,449
00052880.jpg,449
00052881.jpg,449
00052882.jpg,449
00052883.jpg,449
00052884.jpg,449
00052885.jpg,449
00052886.jpg,449
00052887.jpg,449
00052888.jpg,449
00052889.jpg,449
00052890.jpg,449
00052891.jpg,449
00052892.jpg,450
00052893.jpg,450
00052894.jpg,450
00052895.jpg,450
00052896.jpg,450
00052897.jpg,450
00052898.jpg,450
00052899.jpg,450
00052900.jpg,450
00052901.jpg,450
00052902.jpg,450
00052903.jpg,450
00052904.jpg,450
00052905.jpg,450
00052906.jpg,450
00052907.jpg,450
00052908.jpg,450
00052909.jpg,450
00052910.jpg,450
00052911.jpg,450
00052912.jpg,450
00052913.jpg,450
00052914.jpg,450
00052915.jpg,450
00052916.jpg,450
00052917.jpg,450
00052918.jpg,450
00052919.jpg,450
00052920.jpg,450
00052921.jpg,450
00052922.jpg,450
00052923.jpg,450
00052924.jpg,450
00052925.jpg,450
00052926.jpg,450
00052927.jpg,450
00052928.jpg,450
00052929.jpg,450
00052930.jpg,450
00052931.jpg,450
00052932.jpg,450
00052933.jpg,450
00052934.jpg,450
00052935.jpg,450
00052936.jpg,450
00052937.jpg,450
00052938.jpg,450
00052939.jpg,450
00052940.jpg,450
00052941.jpg,450
00052942.jpg,450
00052943.jpg,450
00052944.jpg,450
00052945.jpg,450
00052946.jpg,450
00052947.jpg,450
00052948.jpg,450
00052949.jpg,450
00052950.jpg,450
00052951.jpg,450
00052952.jpg,450
00052953.jpg,450
00052954.jpg,450
00052955.jpg,450
00052956.jpg,450
00052957.jpg,450
00052958.jpg,450
00052959.jpg,450
00052960.jpg,450
00052961.jpg,450
00052962.jpg,450
00052963.jpg,450
00052964.jpg,450
00052965.jpg,450
00052966.jpg,450
00052967.jpg,450
00052968.jpg,450
00052969.jpg,450
00052970.jpg,450
00052971.jpg,450
00052972.jpg,450
00052973.jpg,450
00052974.jpg,450
00052975.jpg,450
00052976.jpg,450
00052977.jpg,450
00052978.jpg,450
00052979.jpg,450
00052980.jpg,450
00052981.jpg,450
00052982.jpg,450
00052983.jpg,450
00052984.jpg,450
00052985.jpg,450
00052986.jpg,450
00052987.jpg,450
00052988.jpg,450
00052989.jpg,450
00052990.jpg,450
00052991.jpg,450
00052992.jpg,450
00052993.jpg,450
00052994.jpg,450
00052995.jpg,450
00052996.jpg,450
00052997.jpg,450
00052998.jpg,450
00052999.jpg,450
00053000.jpg,450
00053001.jpg,450
00053002.jpg,450
00053003.jpg,450
00053004.jpg,450
00053005.jpg,450
00053006.jpg,450
00053007.jpg,450
00053008.jpg,450
00053009.jpg,451
00053010.jpg,451
00053011.jpg,451
00053012.jpg,451
00053013.jpg,451
00053014.jpg,451
00053015.jpg,451
00053016.jpg,451
00053017.jpg,451
00053018.jpg,451
00053019.jpg,451
00053020.jpg,451
00053021.jpg,451
00053022.jpg,451
00053023.jpg,451
00053024.jpg,451
00053025.jpg,451
00053026.jpg,451
00053027.jpg,451
00053028.jpg,451
00053029.jpg,451
00053030.jpg,451
00053031.jpg,451
00053032.jpg,451
00053033.jpg,451
00053034.jpg,451
00053035.jpg,451
00053036.jpg,451
00053037.jpg,451
00053038.jpg,451
00053039.jpg,451
00053040.jpg,451
00053041.jpg,451
00053042.jpg,451
00053043.jpg,451
00053044.jpg,451
00053045.jpg,451
00053046.jpg,451
00053047.jpg,451
00053048.jpg,451
00053049.jpg,451
00053050.jpg,451
00053051.jpg,451
00053052.jpg,451
00053053.jpg,451
00053054.jpg,451
00053055.jpg,451
00053056.jpg,451
00053057.jpg,451
00053058.jpg,451
00053059.jpg,451
00053060.jpg,451
00053061.jpg,451
00053062.jpg,451
00053063.jpg,451
00053064.jpg,451
00053065.jpg,451
00053066.jpg,451
00053067.jpg,451
00053068.jpg,451
00053069.jpg,451
00053070.jpg,451
00053071.jpg,451
00053072.jpg,451
00053073.jpg,451
00053074.jpg,451
00053075.jpg,451
00053076.jpg,451
00053077.jpg,451
00053078.jpg,451
00053079.jpg,451
00053080.jpg,451
00053081.jpg,451
00053082.jpg,451
00053083.jpg,451
00053084.jpg,451
00053085.jpg,451
00053086.jpg,451
00053087.jpg,451
00053088.jpg,451
00053089.jpg,451
00053090.jpg,451
00053091.jpg,451
00053092.jpg,451
00053093.jpg,451
00053094.jpg,451
00053095.jpg,451
00053096.jpg,451
00053097.jpg,451
00053098.jpg,451
00053099.jpg,451
00053100.jpg,451
00053101.jpg,451
00053102.jpg,451
00053103.jpg,451
00053104.jpg,451
00053105.jpg,451
00053106.jpg,451
00053107.jpg,451
00053108.jpg,451
00053109.jpg,451
00053110.jpg,451
00053111.jpg,451
00053112.jpg,451
00053113.jpg,451
00053114.jpg,451
00053115.jpg,451
00053116.jpg,451
00053117.jpg,451
00053118.jpg,451
00053119.jpg,451
00053120.jpg,451
00053121.jpg,451
00053122.jpg,451
00053123.jpg,451
00053124.jpg,451
00053125.jpg,451
00053126.jpg,452
00053127.jpg,452
00053128.jpg,452
00053129.jpg,452
00053130.jpg,452
00053131.jpg,452
00053132.jpg,452
00053133.jpg,452
00053134.jpg,452
00053135.jpg,452
00053136.jpg,452
00053137.jpg,452
00053138.jpg,452
00053139.jpg,452
00053140.jpg,452
00053141.jpg,452
00053142.jpg,452
00053143.jpg,452
00053144.jpg,452
00053145.jpg,452
00053146.jpg,452
00053147.jpg,452
00053148.jpg,452
00053149.jpg,452
00053150.jpg,452
00053151.jpg,452
00053152.jpg,452
00053153.jpg,452
00053154.jpg,452
00053155.jpg,452
00053156.jpg,452
00053157.jpg,452
00053158.jpg,452
00053159.jpg,452
00053160.jpg,452
00053161.jpg,452
00053162.jpg,452
00053163.jpg,452
00053164.jpg,452
00053165.jpg,452
00053166.jpg,452
00053167.jpg,452
00053168.jpg,452
00053169.jpg,452
00053170.jpg,452
00053171.jpg,452
00053172.jpg,452
00053173.jpg,452
00053174.jpg,452
00053175.jpg,452
00053176.jpg,452
00053177.jpg,452
00053178.jpg,452
00053179.jpg,452
00053180.jpg,452
00053181.jpg,452
00053182.jpg,452
00053183.jpg,452
00053184.jpg,452
00053185.jpg,452
00053186.jpg,452
00053187.jpg,452
00053188.jpg,452
00053189.jpg,452
00053190.jpg,452
00053191.jpg,452
00053192.jpg,452
00053193.jpg,452
00053194.jpg,452
00053195.jpg,452
00053196.jpg,452
00053197.jpg,452
00053198.jpg,452
00053199.jpg,452
00053200.jpg,452
00053201.jpg,452
00053202.jpg,452
00053203.jpg,452
00053204.jpg,452
00053205.jpg,452
00053206.jpg,452
00053207.jpg,452
00053208.jpg,452
00053209.jpg,452
00053210.jpg,452
00053211.jpg,452
00053212.jpg,452
00053213.jpg,452
00053214.jpg,452
00053215.jpg,452
00053216.jpg,452
00053217.jpg,452
00053218.jpg,452
00053219.jpg,452
00053220.jpg,452
00053221.jpg,452
00053222.jpg,452
00053223.jpg,452
00053224.jpg,452
00053225.jpg,452
00053226.jpg,452
00053227.jpg,452
00053228.jpg,452
00053229.jpg,452
00053230.jpg,452
00053231.jpg,452
00053232.jpg,452
00053233.jpg,452
00053234.jpg,452
00053235.jpg,452
00053236.jpg,452
00053237.jpg,452
00053238.jpg,452
00053239.jpg,452
00053240.jpg,452
00053241.jpg,452
00053242.jpg,452
00053243.jpg,453
00053244.jpg,453
00053245.jpg,453
00053246.jpg,453
00053247.jpg,453
00053248.jpg,453
00053249.jpg,453
00053250.jpg,453
00053251.jpg,453
00053252.jpg,453
00053253.jpg,453
00053254.jpg,453
00053255.jpg,453
00053256.jpg,453
00053257.jpg,453
00053258.jpg,453
00053259.jpg,453
00053260.jpg,453
00053261.jpg,453
00053262.jpg,453
00053263.jpg,453
00053264.jpg,453
00053265.jpg,453
00053266.jpg,453
00053267.jpg,453
00053268.jpg,453
00053269.jpg,453
00053270.jpg,453
00053271.jpg,453
00053272.jpg,453
00053273.jpg,453
00053274.jpg,453
00053275.jpg,453
00053276.jpg,453
00053277.jpg,453
00053278.jpg,453
00053279.jpg,453
00053280.jpg,453
00053281.jpg,453
00053282.jpg,453
00053283.jpg,453
00053284.jpg,453
00053285.jpg,453
00053286.jpg,453
00053287.jpg,453
00053288.jpg,453
00053289.jpg,453
00053290.jpg,453
00053291.jpg,453
00053292.jpg,453
00053293.jpg,453
00053294.jpg,453
00053295.jpg,453
00053296.jpg,453
00053297.jpg,453
00053298.jpg,453
00053299.jpg,453
00053300.jpg,453
00053301.jpg,453
00053302.jpg,453
00053303.jpg,453
00053304.jpg,453
00053305.jpg,453
00053306.jpg,453
00053307.jpg,453
00053308.jpg,453
00053309.jpg,453
00053310.jpg,453
00053311.jpg,453
00053312.jpg,453
00053313.jpg,453
00053314.jpg,453
00053315.jpg,453
00053316.jpg,453
00053317.jpg,453
00053318.jpg,453
00053319.jpg,453
00053320.jpg,453
00053321.jpg,453
00053322.jpg,453
00053323.jpg,453
00053324.jpg,453
00053325.jpg,453
00053326.jpg,453
00053327.jpg,453
00053328.jpg,453
00053329.jpg,453
00053330.jpg,453
00053331.jpg,453
00053332.jpg,453
00053333.jpg,453
00053334.jpg,453
00053335.jpg,453
00053336.jpg,453
00053337.jpg,453
00053338.jpg,453
00053339.jpg,453
00053340.jpg,453
00053341.jpg,453
00053342.jpg,453
00053343.jpg,453
00053344.jpg,453
00053345.jpg,453
00053346.jpg,453
00053347.jpg,453
00053348.jpg,453
00053349.jpg,453
00053350.jpg,453
00053351.jpg,453
00053352.jpg,453
00053353.jpg,453
00053354.jpg,453
00053355.jpg,453
00053356.jpg,453
00053357.jpg,453
00053358.jpg,453
00053359.jpg,453
00053360.jpg,454
00053361.jpg,454
00053362.jpg,454
00053363.jpg,454
00053364.jpg,454
00053365.jpg,454
00053366.jpg,454
00053367.jpg,454
00053368.jpg,454
00053369.jpg,454
00053370.jpg,454
00053371.jpg,454
00053372.jpg,454
00053373.jpg,454
00053374.jpg,454
00053375.jpg,454
00053376.jpg,454
00053377.jpg,454
00053378.jpg,454
00053379.jpg,454
00053380.jpg,454
00053381.jpg,454
00053382.jpg,454
00053383.jpg,454
00053384.jpg,454
00053385.jpg,454
00053386.jpg,454
00053387.jpg,454
00053388.jpg,454
00053389.jpg,454
00053390.jpg,454
00053391.jpg,454
00053392.jpg,454
00053393.jpg,454
00053394.jpg,454
00053395.jpg,454
00053396.jpg,454
00053397.jpg,454
00053398.jpg,454
00053399.jpg,454
00053400.jpg,454
00053401.jpg,454
00053402.jpg,454
00053403.jpg,454
00053404.jpg,454
00053405.jpg,454
00053406.jpg,454
00053407.jpg,454
00053408.jpg,454
00053409.jpg,454
00053410.jpg,454
00053411.jpg,454
00053412.jpg,454
00053413.jpg,454
00053414.jpg,454
00053415.jpg,454
00053416.jpg,454
00053417.jpg,454
00053418.jpg,454
00053419.jpg,454
00053420.jpg,454
00053421.jpg,454
00053422.jpg,454
00053423.jpg,454
00053424.jpg,454
00053425.jpg,454
00053426.jpg,454
00053427.jpg,454
00053428.jpg,454
00053429.jpg,454
00053430.jpg,454
00053431.jpg,454
00053432.jpg,454
00053433.jpg,454
00053434.jpg,454
00053435.jpg,454
00053436.jpg,454
00053437.jpg,454
00053438.jpg,454
00053439.jpg,454
00053440.jpg,454
00053441.jpg,454
00053442.jpg,454
00053443.jpg,454
00053444.jpg,454
00053445.jpg,454
00053446.jpg,454
00053447.jpg,454
00053448.jpg,454
00053449.jpg,454
00053450.jpg,454
00053451.jpg,454
00053452.jpg,454
00053453.jpg,454
00053454.jpg,454
00053455.jpg,454
00053456.jpg,454
00053457.jpg,454
00053458.jpg,454
00053459.jpg,454
00053460.jpg,454
00053461.jpg,454
00053462.jpg,454
00053463.jpg,454
00053464.jpg,454
00053465.jpg,454
00053466.jpg,454
00053467.jpg,454
00053468.jpg,454
00053469.jpg,454
00053470.jpg,454
00053471.jpg,454
00053472.jpg,454
00053473.jpg,454
00053474.jpg,454
00053475.jpg,454
00053476.jpg,454
00053477.jpg,455
00053478.jpg,455
00053479.jpg,455
00053480.jpg,455
00053481.jpg,455
00053482.jpg,455
00053483.jpg,455
00053484.jpg,455
00053485.jpg,455
00053486.jpg,455
00053487.jpg,455
00053488.jpg,455
00053489.jpg,455
00053490.jpg,455
00053491.jpg,455
00053492.jpg,455
00053493.jpg,455
00053494.jpg,455
00053495.jpg,455
00053496.jpg,455
00053497.jpg,455
00053498.jpg,455
00053499.jpg,455
00053500.jpg,455
00053501.jpg,455
00053502.jpg,455
00053503.jpg,455
00053504.jpg,455
00053505.jpg,455
00053506.jpg,455
00053507.jpg,455
00053508.jpg,455
00053509.jpg,455
00053510.jpg,455
00053511.jpg,455
00053512.jpg,455
00053513.jpg,455
00053514.jpg,455
00053515.jpg,455
00053516.jpg,455
00053517.jpg,455
00053518.jpg,455
00053519.jpg,455
00053520.jpg,455
00053521.jpg,455
00053522.jpg,455
00053523.jpg,455
00053524.jpg,455
00053525.jpg,455
00053526.jpg,455
00053527.jpg,455
00053528.jpg,455
00053529.jpg,455
00053530.jpg,455
00053531.jpg,455
00053532.jpg,455
00053533.jpg,455
00053534.jpg,455
00053535.jpg,455
00053536.jpg,455
00053537.jpg,455
00053538.jpg,455
00053539.jpg,455
00053540.jpg,455
00053541.jpg,455
00053542.jpg,455
00053543.jpg,455
00053544.jpg,455
00053545.jpg,455
00053546.jpg,455
00053547.jpg,455
00053548.jpg,455
00053549.jpg,455
00053550.jpg,455
00053551.jpg,455
00053552.jpg,455
00053553.jpg,455
00053554.jpg,455
00053555.jpg,455
00053556.jpg,455
00053557.jpg,455
00053558.jpg,455
00053559.jpg,455
00053560.jpg,455
00053561.jpg,455
00053562.jpg,455
00053563.jpg,455
00053564.jpg,455
00053565.jpg,455
00053566.jpg,455
00053567.jpg,455
00053568.jpg,455
00053569.jpg,455
00053570.jpg,455
00053571.jpg,455
00053572.jpg,455
00053573.jpg,455
00053574.jpg,455
00053575.jpg,455
00053576.jpg,455
00053577.jpg,455
00053578.jpg,455
00053579.jpg,455
00053580.jpg,455
00053581.jpg,455
00053582.jpg,455
00053583.jpg,455
00053584.jpg,455
00053585.jpg,455
00053586.jpg,455
00053587.jpg,455
00053588.jpg,455
00053589.jpg,455
00053590.jpg,455
00053591.jpg,455
00053592.jpg,455
00053593.jpg,455
00053594.jpg,456
00053595.jpg,456
00053596.jpg,456
00053597.jpg,456
00053598.jpg,456
00053599.jpg,456
00053600.jpg,456
00053601.jpg,456
00053602.jpg,456
00053603.jpg,456
00053604.jpg,456
00053605.jpg,456
00053606.jpg,456
00053607.jpg,456
00053608.jpg,456
00053609.jpg,456
00053610.jpg,456
00053611.jpg,456
00053612.jpg,456
00053613.jpg,456
00053614.jpg,456
00053615.jpg,456
00053616.jpg,456
00053617.jpg,456
00053618.jpg,456
00053619.jpg,456
00053620.jpg,456
00053621.jpg,456
00053622.jpg,456
00053623.jpg,456
00053624.jpg,456
00053625.jpg,456
00053626.jpg,456
00053627.jpg,456
00053628.jpg,456
00053629.jpg,456
00053630.jpg,456
00053631.jpg,456
00053632.jpg,456
00053633.jpg,456
00053634.jpg,456
00053635.jpg,456
00053636.jpg,456
00053637.jpg,456
00053638.jpg,456
00053639.jpg,456
00053640.jpg,456
00053641.jpg,456
00053642.jpg,456
00053643.jpg,456
00053644.jpg,456
00053645.jpg,456
00053646.jpg,456
00053647.jpg,456
00053648.jpg,456
00053649.jpg,456
00053650.jpg,456
00053651.jpg,456
00053652.jpg,456
00053653.jpg,456
00053654.jpg,456
00053655.jpg,456
00053656.jpg,456
00053657.jpg,456
00053658.jpg,456
00053659.jpg,456
00053660.jpg,456
00053661.jpg,456
00053662.jpg,456
00053663.jpg,456
00053664.jpg,456
00053665.jpg,456
00053666.jpg,456
00053667.jpg,456
00053668.jpg,456
00053669.jpg,456
00053670.jpg,456
00053671.jpg,456
00053672.jpg,456
00053673.jpg,456
00053674.jpg,456
00053675.jpg,456
00053676.jpg,456
00053677.jpg,456
00053678.jpg,456
00053679.jpg,456
00053680.jpg,456
00053681.jpg,456
00053682.jpg,456
00053683.jpg,456
00053684.jpg,456
00053685.jpg,456
00053686.jpg,456
00053687.jpg,456
00053688.jpg,456
00053689.jpg,456
00053690.jpg,456
00053691.jpg,456
00053692.jpg,456
00053693.jpg,456
00053694.jpg,456
00053695.jpg,456
00053696.jpg,456
00053697.jpg,456
00053698.jpg,456
00053699.jpg,456
00053700.jpg,456
00053701.jpg,456
00053702.jpg,456
00053703.jpg,456
00053704.jpg,456
00053705.jpg,456
00053706.jpg,456
00053707.jpg,456
00053708.jpg,456
00053709.jpg,456
00053710.jpg,456
00053711.jpg,457
00053712.jpg,457
00053713.jpg,457
00053714.jpg,457
00053715.jpg,457
00053716.jpg,457
00053717.jpg,457
00053718.jpg,457
00053719.jpg,457
00053720.jpg,457
00053721.jpg,457
00053722.jpg,457
00053723.jpg,457
00053724.jpg,457
00053725.jpg,457
00053726.jpg,457
00053727.jpg,457
00053728.jpg,457
00053729.jpg,457
00053730.jpg,457
00053731.jpg,457
00053732.jpg,457
00053733.jpg,457
00053734.jpg,457
00053735.jpg,457
00053736.jpg,457
00053737.jpg,457
00053738.jpg,457
00053739.jpg,457
00053740.jpg,457
00053741.jpg,457
00053742.jpg,457
00053743.jpg,457
00053744.jpg,457
00053745.jpg,457
00053746.jpg,457
00053747.jpg,457
00053748.jpg,457
00053749.jpg,457
00053750.jpg,457
00053751.jpg,457
00053752.jpg,457
00053753.jpg,457
00053754.jpg,457
00053755.jpg,457
00053756.jpg,457
00053757.jpg,457
00053758.jpg,457
00053759.jpg,457
00053760.jpg,457
00053761.jpg,457
00053762.jpg,457
00053763.jpg,457
00053764.jpg,457
00053765.jpg,457
00053766.jpg,457
00053767.jpg,457
00053768.jpg,457
00053769.jpg,457
00053770.jpg,457
00053771.jpg,457
00053772.jpg,457
00053773.jpg,457
00053774.jpg,457
00053775.jpg,457
00053776.jpg,457
00053777.jpg,457
00053778.jpg,457
00053779.jpg,457
00053780.jpg,457
00053781.jpg,457
00053782.jpg,457
00053783.jpg,457
00053784.jpg,457
00053785.jpg,457
00053786.jpg,457
00053787.jpg,457
00053788.jpg,457
00053789.jpg,457
00053790.jpg,457
00053791.jpg,457
00053792.jpg,457
00053793.jpg,457
00053794.jpg,457
00053795.jpg,457
00053796.jpg,457
00053797.jpg,457
00053798.jpg,457
00053799.jpg,457
00053800.jpg,457
00053801.jpg,457
00053802.jpg,457
00053803.jpg,457
00053804.jpg,457
00053805.jpg,457
00053806.jpg,457
00053807.jpg,457
00053808.jpg,457
00053809.jpg,457
00053810.jpg,457
00053811.jpg,457
00053812.jpg,457
00053813.jpg,457
00053814.jpg,457
00053815.jpg,457
00053816.jpg,457
00053817.jpg,457
00053818.jpg,457
00053819.jpg,457
00053820.jpg,457
00053821.jpg,457
00053822.jpg,457
00053823.jpg,457
00053824.jpg,457
00053825.jpg,457
00053826.jpg,457
00053827.jpg,457
00053828.jpg,458
00053829.jpg,458
00053830.jpg,458
00053831.jpg,458
00053832.jpg,458
00053833.jpg,458
00053834.jpg,458
00053835.jpg,458
00053836.jpg,458
00053837.jpg,458
00053838.jpg,458
00053839.jpg,458
00053840.jpg,458
00053841.jpg,458
00053842.jpg,458
00053843.jpg,458
00053844.jpg,458
00053845.jpg,458
00053846.jpg,458
00053847.jpg,458
00053848.jpg,458
00053849.jpg,458
00053850.jpg,458
00053851.jpg,458
00053852.jpg,458
00053853.jpg,458
00053854.jpg,458
00053855.jpg,458
00053856.jpg,458
00053857.jpg,458
00053858.jpg,458
00053859.jpg,458
00053860.jpg,458
00053861.jpg,458
00053862.jpg,458
00053863.jpg,458
00053864.jpg,458
00053865.jpg,458
00053866.jpg,458
00053867.jpg,458
00053868.jpg,458
00053869.jpg,458
00053870.jpg,458
00053871.jpg,458
00053872.jpg,458
00053873.jpg,458
00053874.jpg,458
00053875.jpg,458
00053876.jpg,458
00053877.jpg,458
00053878.jpg,458
00053879.jpg,458
00053880.jpg,458
00053881.jpg,458
00053882.jpg,458
00053883.jpg,458
00053884.jpg,458
00053885.jpg,458
00053886.jpg,458
00053887.jpg,458
00053888.jpg,458
00053889.jpg,458
00053890.jpg,458
00053891.jpg,458
00053892.jpg,458
00053893.jpg,458
00053894.jpg,458
00053895.jpg,458
00053896.jpg,458
00053897.jpg,458
00053898.jpg,458
00053899.jpg,458
00053900.jpg,458
00053901.jpg,458
00053902.jpg,458
00053903.jpg,458
00053904.jpg,458
00053905.jpg,458
00053906.jpg,458
00053907.jpg,458
00053908.jpg,458
00053909.jpg,458
00053910.jpg,458
00053911.jpg,458
00053912.jpg,458
00053913.jpg,458
00053914.jpg,458
00053915.jpg,458
00053916.jpg,458
00053917.jpg,458
00053918.jpg,458
00053919.jpg,458
00053920.jpg,458
00053921.jpg,458
00053922.jpg,458
00053923.jpg,458
00053924.jpg,458
00053925.jpg,458
00053926.jpg,458
00053927.jpg,458
00053928.jpg,458
00053929.jpg,458
00053930.jpg,458
00053931.jpg,458
00053932.jpg,458
00053933.jpg,458
00053934.jpg,458
00053935.jpg,458
00053936.jpg,458
00053937.jpg,458
00053938.jpg,458
00053939.jpg,458
00053940.jpg,458
00053941.jpg,458
00053942.jpg,458
00053943.jpg,458
00053944.jpg,458
00053945.jpg,459
00053946.jpg,459
00053947.jpg,459
00053948.jpg,459
00053949.jpg,459
00053950.jpg,459
00053951.jpg,459
00053952.jpg,459
00053953.jpg,459
00053954.jpg,459
00053955.jpg,459
00053956.jpg,459
00053957.jpg,459
00053958.jpg,459
00053959.jpg,459
00053960.jpg,459
00053961.jpg,459
00053962.jpg,459
00053963.jpg,459
00053964.jpg,459
00053965.jpg,459
00053966.jpg,459
00053967.jpg,459
00053968.jpg,459
00053969.jpg,459
00053970.jpg,459
00053971.jpg,459
00053972.jpg,459
00053973.jpg,459
00053974.jpg,459
00053975.jpg,459
00053976.jpg,459
00053977.jpg,459
00053978.jpg,459
00053979.jpg,459
00053980.jpg,459
00053981.jpg,459
00053982.jpg,459
00053983.jpg,459
00053984.jpg,459
00053985.jpg,459
00053986.jpg,459
00053987.jpg,459
00053988.jpg,459
00053989.jpg,459
00053990.jpg,459
00053991.jpg,459
00053992.jpg,459
00053993.jpg,459
00053994.jpg,459
00053995.jpg,459
00053996.jpg,459
00053997.jpg,459
00053998.jpg,459
00053999.jpg,459
00054000.jpg,459
00054001.jpg,459
00054002.jpg,459
00054003.jpg,459
00054004.jpg,459
00054005.jpg,459
00054006.jpg,459
00054007.jpg,459
00054008.jpg,459
00054009.jpg,459
00054010.jpg,459
00054011.jpg,459
00054012.jpg,459
00054013.jpg,459
00054014.jpg,459
00054015.jpg,459
00054016.jpg,459
00054017.jpg,459
00054018.jpg,459
00054019.jpg,459
00054020.jpg,459
00054021.jpg,459
00054022.jpg,459
00054023.jpg,459
00054024.jpg,459
00054025.jpg,459
00054026.jpg,459
00054027.jpg,459
00054028.jpg,459
00054029.jpg,459
00054030.jpg,459
00054031.jpg,459
00054032.jpg,459
00054033.jpg,459
00054034.jpg,459
00054035.jpg,459
00054036.jpg,459
00054037.jpg,459
00054038.jpg,459
00054039.jpg,459
00054040.jpg,459
00054041.jpg,459
00054042.jpg,459
00054043.jpg,459
00054044.jpg,459
00054045.jpg,459
00054046.jpg,459
00054047.jpg,459
00054048.jpg,459
00054049.jpg,459
00054050.jpg,459
00054051.jpg,459
00054052.jpg,459
00054053.jpg,459
00054054.jpg,459
00054055.jpg,459
00054056.jpg,459
00054057.jpg,459
00054058.jpg,459
00054059.jpg,459
00054060.jpg,459
00054061.jpg,459
00054062.jpg,460
00054063.jpg,460
00054064.jpg,460
00054065.jpg,460
00054066.jpg,460
00054067.jpg,460
00054068.jpg,460
00054069.jpg,460
00054070.jpg,460
00054071.jpg,460
00054072.jpg,460
00054073.jpg,460
00054074.jpg,460
00054075.jpg,460
00054076.jpg,460
00054077.jpg,460
00054078.jpg,460
00054079.jpg,460
00054080.jpg,460
00054081.jpg,460
00054082.jpg,460
00054083.jpg,460
00054084.jpg,460
00054085.jpg,460
00054086.jpg,460
00054087.jpg,460
00054088.jpg,460
00054089.jpg,460
00054090.jpg,460
00054091.jpg,460
00054092.jpg,460
00054093.jpg,460
00054094.jpg,460
00054095.jpg,460
00054096.jpg,460
00054097.jpg,460
00054098.jpg,460
00054099.jpg,460
00054100.jpg,460
00054101.jpg,460
00054102.jpg,460
00054103.jpg,460
00054104.jpg,460
00054105.jpg,460
00054106.jpg,460
00054107.jpg,460
00054108.jpg,460
00054109.jpg,460
00054110.jpg,460
00054111.jpg,460
00054112.jpg,460
00054113.jpg,460
00054114.jpg,460
00054115.jpg,460
00054116.jpg,460
00054117.jpg,460
00054118.jpg,460
00054119.jpg,460
00054120.jpg,460
00054121.jpg,460
00054122.jpg,460
00054123.jpg,460
00054124.jpg,460
00054125.jpg,460
00054126.jpg,460
00054127.jpg,460
00054128.jpg,460
00054129.jpg,460
00054130.jpg,460
00054131.jpg,460
00054132.jpg,460
00054133.jpg,460
00054134.jpg,460
00054135.jpg,460
00054136.jpg,460
00054137.jpg,460
00054138.jpg,460
00054139.jpg,460
00054140.jpg,460
00054141.jpg,460
00054142.jpg,460
00054143.jpg,460
00054144.jpg,460
00054145.jpg,460
00054146.jpg,460
00054147.jpg,460
00054148.jpg,460
00054149.jpg,460
00054150.jpg,460
00054151.jpg,460
00054152.jpg,460
00054153.jpg,460
00054154.jpg,460
00054155.jpg,460
00054156.jpg,460
00054157.jpg,460
00054158.jpg,460
00054159.jpg,460
00054160.jpg,460
00054161.jpg,460
00054162.jpg,460
00054163.jpg,460
00054164.jpg,460
00054165.jpg,460
00054166.jpg,460
00054167.jpg,460
00054168.jpg,460
00054169.jpg,460
00054170.jpg,460
00054171.jpg,460
00054172.jpg,460
00054173.jpg,460
00054174.jpg,460
00054175.jpg,460
00054176.jpg,460
00054177.jpg,460
00054178.jpg,460
00054179.jpg,461
00054180.jpg,461
00054181.jpg,461
00054182.jpg,461
00054183.jpg,461
00054184.jpg,461
00054185.jpg,461
00054186.jpg,461
00054187.jpg,461
00054188.jpg,461
00054189.jpg,461
00054190.jpg,461
00054191.jpg,461
00054192.jpg,461
00054193.jpg,461
00054194.jpg,461
00054195.jpg,461
00054196.jpg,461
00054197.jpg,461
00054198.jpg,461
00054199.jpg,461
00054200.jpg,461
00054201.jpg,461
00054202.jpg,461
00054203.jpg,461
00054204.jpg,461
00054205.jpg,461
00054206.jpg,461
00054207.jpg,461
00054208.jpg,461
00054209.jpg,461
00054210.jpg,461
00054211.jpg,461
00054212.jpg,461
00054213.jpg,461
00054214.jpg,461
00054215.jpg,461
00054216.jpg,461
00054217.jpg,461
00054218.jpg,461
00054219.jpg,461
00054220.jpg,461
00054221.jpg,461
00054222.jpg,461
00054223.jpg,461
00054224.jpg,461
00054225.jpg,461
00054226.jpg,461
00054227.jpg,461
00054228.jpg,461
00054229.jpg,461
00054230.jpg,461
00054231.jpg,461
00054232.jpg,461
00054233.jpg,461
00054234.jpg,461
00054235.jpg,461
00054236.jpg,461
00054237.jpg,461
00054238.jpg,461
00054239.jpg,461
00054240.jpg,461
00054241.jpg,461
00054242.jpg,461
00054243.jpg,461
00054244.jpg,461
00054245.jpg,461
00054246.jpg,461
00054247.jpg,461
00054248.jpg,461
00054249.jpg,461
00054250.jpg,461
00054251.jpg,461
00054252.jpg,461
00054253.jpg,461
00054254.jpg,461
00054255.jpg,461
00054256.jpg,461
00054257.jpg,461
00054258.jpg,461
00054259.jpg,461
00054260.jpg,461
00054261.jpg,461
00054262.jpg,461
00054263.jpg,461
00054264.jpg,461
00054265.jpg,461
00054266.jpg,461
00054267.jpg,461
00054268.jpg,461
00054269.jpg,461
00054270.jpg,461
00054271.jpg,461
00054272.jpg,461
00054273.jpg,461
00054274.jpg,461
00054275.jpg,461
00054276.jpg,461
00054277.jpg,461
00054278.jpg,461
00054279.jpg,461
00054280.jpg,461
00054281.jpg,461
00054282.jpg,461
00054283.jpg,461
00054284.jpg,461
00054285.jpg,461
00054286.jpg,461
00054287.jpg,461
00054288.jpg,461
00054289.jpg,461
00054290.jpg,461
00054291.jpg,461
00054292.jpg,461
00054293.jpg,461
00054294.jpg,461
00054295.jpg,461
00054296.jpg,462
00054297.jpg,462
00054298.jpg,462
00054299.jpg,462
00054300.jpg,462
00054301.jpg,462
00054302.jpg,462
00054303.jpg,462
00054304.jpg,462
00054305.jpg,462
00054306.jpg,462
00054307.jpg,462
00054308.jpg,462
00054309.jpg,462
00054310.jpg,462
00054311.jpg,462
00054312.jpg,462
00054313.jpg,462
00054314.jpg,462
00054315.jpg,462
00054316.jpg,462
00054317.jpg,462
00054318.jpg,462
00054319.jpg,462
00054320.jpg,462
00054321.jpg,462
00054322.jpg,462
00054323.jpg,462
00054324.jpg,462
00054325.jpg,462
00054326.jpg,462
00054327.jpg,462
00054328.jpg,462
00054329.jpg,462
00054330.jpg,462
00054331.jpg,462
00054332.jpg,462
00054333.jpg,462
00054334.jpg,462
00054335.jpg,462
00054336.jpg,462
00054337.jpg,462
00054338.jpg,462
00054339.jpg,462
00054340.jpg,462
00054341.jpg,462
00054342.jpg,462
00054343.jpg,462
00054344.jpg,462
00054345.jpg,462
00054346.jpg,462
00054347.jpg,462
00054348.jpg,462
00054349.jpg,462
00054350.jpg,462
00054351.jpg,462
00054352.jpg,462
00054353.jpg,462
00054354.jpg,462
00054355.jpg,462
00054356.jpg,462
00054357.jpg,462
00054358.jpg,462
00054359.jpg,462
00054360.jpg,462
00054361.jpg,462
00054362.jpg,462
00054363.jpg,462
00054364.jpg,462
00054365.jpg,462
00054366.jpg,462
00054367.jpg,462
00054368.jpg,462
00054369.jpg,462
00054370.jpg,462
00054371.jpg,462
00054372.jpg,462
00054373.jpg,462
00054374.jpg,462
00054375.jpg,462
00054376.jpg,462
00054377.jpg,462
00054378.jpg,462
00054379.jpg,462
00054380.jpg,462
00054381.jpg,462
00054382.jpg,462
00054383.jpg,462
00054384.jpg,462
00054385.jpg,462
00054386.jpg,462
00054387.jpg,462
00054388.jpg,462
00054389.jpg,462
00054390.jpg,462
00054391.jpg,462
00054392.jpg,462
00054393.jpg,462
00054394.jpg,462
00054395.jpg,462
00054396.jpg,462
00054397.jpg,462
00054398.jpg,462
00054399.jpg,462
00054400.jpg,462
00054401.jpg,462
00054402.jpg,462
00054403.jpg,462
00054404.jpg,462
00054405.jpg,462
00054406.jpg,462
00054407.jpg,462
00054408.jpg,462
00054409.jpg,462
00054410.jpg,462
00054411.jpg,462
00054412.jpg,462
00054413.jpg,463
00054414.jpg,463
00054415.jpg,463
00054416.jpg,463
00054417.jpg,463
00054418.jpg,463
00054419.jpg,463
00054420.jpg,463
00054421.jpg,463
00054422.jpg,463
00054423.jpg,463
00054424.jpg,463
00054425.jpg,463
00054426.jpg,463
00054427.jpg,463
00054428.jpg,463
00054429.jpg,463
00054430.jpg,463
00054431.jpg,463
00054432.jpg,463
00054433.jpg,463
00054434.jpg,463
00054435.jpg,463
00054436.jpg,463
00054437.jpg,463
00054438.jpg,463
00054439.jpg,463
00054440.jpg,463
00054441.jpg,463
00054442.jpg,463
00054443.jpg,463
00054444.jpg,463
00054445.jpg,463
00054446.jpg,463
00054447.jpg,463
00054448.jpg,463
00054449.jpg,463
00054450.jpg,463
00054451.jpg,463
00054452.jpg,463
00054453.jpg,463
00054454.jpg,463
00054455.jpg,463
00054456.jpg,463
00054457.jpg,463
00054458.jpg,463
00054459.jpg,463
00054460.jpg,463
00054461.jpg,463
00054462.jpg,463
00054463.jpg,463
00054464.jpg,463
00054465.jpg,463
00054466.jpg,463
00054467.jpg,463
00054468.jpg,463
00054469.jpg,463
00054470.jpg,463
00054471.jpg,463
00054472.jpg,463
00054473.jpg,463
00054474.jpg,463
00054475.jpg,463
00054476.jpg,463
00054477.jpg,463
00054478.jpg,463
00054479.jpg,463
00054480.jpg,463
00054481.jpg,463
00054482.jpg,463
00054483.jpg,463
00054484.jpg,463
00054485.jpg,463
00054486.jpg,463
00054487.jpg,463
00054488.jpg,463
00054489.jpg,463
00054490.jpg,463
00054491.jpg,463
00054492.jpg,463
00054493.jpg,463
00054494.jpg,463
00054495.jpg,463
00054496.jpg,463
00054497.jpg,463
00054498.jpg,463
00054499.jpg,463
00054500.jpg,463
00054501.jpg,463
00054502.jpg,463
00054503.jpg,463
00054504.jpg,463
00054505.jpg,463
00054506.jpg,463
00054507.jpg,463
00054508.jpg,463
00054509.jpg,463
00054510.jpg,463
00054511.jpg,463
00054512.jpg,463
00054513.jpg,463
00054514.jpg,463
00054515.jpg,463
00054516.jpg,463
00054517.jpg,463
00054518.jpg,463
00054519.jpg,463
00054520.jpg,463
00054521.jpg,463
00054522.jpg,463
00054523.jpg,463
00054524.jpg,463
00054525.jpg,463
00054526.jpg,463
00054527.jpg,463
00054528.jpg,463
00054529.jpg,463
00054530.jpg,464
00054531.jpg,464
00054532.jpg,464
00054533.jpg,464
00054534.jpg,464
00054535.jpg,464
00054536.jpg,464
00054537.jpg,464
00054538.jpg,464
00054539.jpg,464
00054540.jpg,464
00054541.jpg,464
00054542.jpg,464
00054543.jpg,464
00054544.jpg,464
00054545.jpg,464
00054546.jpg,464
00054547.jpg,464
00054548.jpg,464
00054549.jpg,464
00054550.jpg,464
00054551.jpg,464
00054552.jpg,464
00054553.jpg,464
00054554.jpg,464
00054555.jpg,464
00054556.jpg,464
00054557.jpg,464
00054558.jpg,464
00054559.jpg,464
00054560.jpg,464
00054561.jpg,464
00054562.jpg,464
00054563.jpg,464
00054564.jpg,464
00054565.jpg,464
00054566.jpg,464
00054567.jpg,464
00054568.jpg,464
00054569.jpg,464
00054570.jpg,464
00054571.jpg,464
00054572.jpg,464
00054573.jpg,464
00054574.jpg,464
00054575.jpg,464
00054576.jpg,464
00054577.jpg,464
00054578.jpg,464
00054579.jpg,464
00054580.jpg,464
00054581.jpg,464
00054582.jpg,464
00054583.jpg,464
00054584.jpg,464
00054585.jpg,464
00054586.jpg,464
00054587.jpg,464
00054588.jpg,464
00054589.jpg,464
00054590.jpg,464
00054591.jpg,464
00054592.jpg,464
00054593.jpg,464
00054594.jpg,464
00054595.jpg,464
00054596.jpg,464
00054597.jpg,464
00054598.jpg,464
00054599.jpg,464
00054600.jpg,464
00054601.jpg,464
00054602.jpg,464
00054603.jpg,464
00054604.jpg,464
00054605.jpg,464
00054606.jpg,464
00054607.jpg,464
00054608.jpg,464
00054609.jpg,464
00054610.jpg,464
00054611.jpg,464
00054612.jpg,464
00054613.jpg,464
00054614.jpg,464
00054615.jpg,464
00054616.jpg,464
00054617.jpg,464
00054618.jpg,464
00054619.jpg,464
00054620.jpg,464
00054621.jpg,464
00054622.jpg,464
00054623.jpg,464
00054624.jpg,464
00054625.jpg,464
00054626.jpg,464
00054627.jpg,464
00054628.jpg,464
00054629.jpg,464
00054630.jpg,464
00054631.jpg,464
00054632.jpg,464
00054633.jpg,464
00054634.jpg,464
00054635.jpg,464
00054636.jpg,464
00054637.jpg,464
00054638.jpg,464
00054639.jpg,464
00054640.jpg,464
00054641.jpg,464
00054642.jpg,464
00054643.jpg,464
00054644.jpg,464
00054645.jpg,464
00054646.jpg,464
00054647.jpg,465
00054648.jpg,465
00054649.jpg,465
00054650.jpg,465
00054651.jpg,465
00054652.jpg,465
00054653.jpg,465
00054654.jpg,465
00054655.jpg,465
00054656.jpg,465
00054657.jpg,465
00054658.jpg,465
00054659.jpg,465
00054660.jpg,465
00054661.jpg,465
00054662.jpg,465
00054663.jpg,465
00054664.jpg,465
00054665.jpg,465
00054666.jpg,465
00054667.jpg,465
00054668.jpg,465
00054669.jpg,465
00054670.jpg,465
00054671.jpg,465
00054672.jpg,465
00054673.jpg,465
00054674.jpg,465
00054675.jpg,465
00054676.jpg,465
00054677.jpg,465
00054678.jpg,465
00054679.jpg,465
00054680.jpg,465
00054681.jpg,465
00054682.jpg,465
00054683.jpg,465
00054684.jpg,465
00054685.jpg,465
00054686.jpg,465
00054687.jpg,465
00054688.jpg,465
00054689.jpg,465
00054690.jpg,465
00054691.jpg,465
00054692.jpg,465
00054693.jpg,465
00054694.jpg,465
00054695.jpg,465
00054696.jpg,465
00054697.jpg,465
00054698.jpg,465
00054699.jpg,465
00054700.jpg,465
00054701.jpg,465
00054702.jpg,465
00054703.jpg,465
00054704.jpg,465
00054705.jpg,465
00054706.jpg,465
00054707.jpg,465
00054708.jpg,465
00054709.jpg,465
00054710.jpg,465
00054711.jpg,465
00054712.jpg,465
00054713.jpg,465
00054714.jpg,465
00054715.jpg,465
00054716.jpg,465
00054717.jpg,465
00054718.jpg,465
00054719.jpg,465
00054720.jpg,465
00054721.jpg,465
00054722.jpg,465
00054723.jpg,465
00054724.jpg,465
00054725.jpg,465
00054726.jpg,465
00054727.jpg,465
00054728.jpg,465
00054729.jpg,465
00054730.jpg,465
00054731.jpg,465
00054732.jpg,465
00054733.jpg,465
00054734.jpg,465
00054735.jpg,465
00054736.jpg,465
00054737.jpg,465
00054738.jpg,465
00054739.jpg,465
00054740.jpg,465
00054741.jpg,465
00054742.jpg,465
00054743.jpg,465
00054744.jpg,465
00054745.jpg,465
00054746.jpg,465
00054747.jpg,465
00054748.jpg,465
00054749.jpg,465
00054750.jpg,465
00054751.jpg,465
00054752.jpg,465
00054753.jpg,465
00054754.jpg,465
00054755.jpg,465
00054756.jpg,465
00054757.jpg,465
00054758.jpg,465
00054759.jpg,465
00054760.jpg,465
00054761.jpg,465
00054762.jpg,465
00054763.jpg,465
00054764.jpg,466
00054765.jpg,466
00054766.jpg,466
00054767.jpg,466
00054768.jpg,466
00054769.jpg,466
00054770.jpg,466
00054771.jpg,466
00054772.jpg,466
00054773.jpg,466
00054774.jpg,466
00054775.jpg,466
00054776.jpg,466
00054777.jpg,466
00054778.jpg,466
00054779.jpg,466
00054780.jpg,466
00054781.jpg,466
00054782.jpg,466
00054783.jpg,466
00054784.jpg,466
00054785.jpg,466
00054786.jpg,466
00054787.jpg,466
00054788.jpg,466
00054789.jpg,466
00054790.jpg,466
00054791.jpg,466
00054792.jpg,466
00054793.jpg,466
00054794.jpg,466
00054795.jpg,466
00054796.jpg,466
00054797.jpg,466
00054798.jpg,466
00054799.jpg,466
00054800.jpg,466
00054801.jpg,466
00054802.jpg,466
00054803.jpg,466
00054804.jpg,466
00054805.jpg,466
00054806.jpg,466
00054807.jpg,466
00054808.jpg,466
00054809.jpg,466
00054810.jpg,466
00054811.jpg,466
00054812.jpg,466
00054813.jpg,466
00054814.jpg,466
00054815.jpg,466
00054816.jpg,466
00054817.jpg,466
00054818.jpg,466
00054819.jpg,466
00054820.jpg,466
00054821.jpg,466
00054822.jpg,466
00054823.jpg,466
00054824.jpg,466
00054825.jpg,466
00054826.jpg,466
00054827.jpg,466
00054828.jpg,466
00054829.jpg,466
00054830.jpg,466
00054831.jpg,466
00054832.jpg,466
00054833.jpg,466
00054834.jpg,466
00054835.jpg,466
00054836.jpg,466
00054837.jpg,466
00054838.jpg,466
00054839.jpg,466
00054840.jpg,466
00054841.jpg,466
00054842.jpg,466
00054843.jpg,466
00054844.jpg,466
00054845.jpg,466
00054846.jpg,466
00054847.jpg,466
00054848.jpg,466
00054849.jpg,466
00054850.jpg,466
00054851.jpg,466
00054852.jpg,466
00054853.jpg,466
00054854.jpg,466
00054855.jpg,466
00054856.jpg,466
00054857.jpg,466
00054858.jpg,466
00054859.jpg,466
00054860.jpg,466
00054861.jpg,466
00054862.jpg,466
00054863.jpg,466
00054864.jpg,466
00054865.jpg,466
00054866.jpg,466
00054867.jpg,466
00054868.jpg,466
00054869.jpg,466
00054870.jpg,466
00054871.jpg,466
00054872.jpg,466
00054873.jpg,466
00054874.jpg,466
00054875.jpg,466
00054876.jpg,466
00054877.jpg,466
00054878.jpg,466
00054879.jpg,466
00054880.jpg,466
00054881.jpg,467
00054882.jpg,467
00054883.jpg,467
00054884.jpg,467
00054885.jpg,467
00054886.jpg,467
00054887.jpg,467
00054888.jpg,467
00054889.jpg,467
00054890.jpg,467
00054891.jpg,467
00054892.jpg,467
00054893.jpg,467
00054894.jpg,467
00054895.jpg,467
00054896.jpg,467
00054897.jpg,467
00054898.jpg,467
00054899.jpg,467
00054900.jpg,467
00054901.jpg,467
00054902.jpg,467
00054903.jpg,467
00054904.jpg,467
00054905.jpg,467
00054906.jpg,467
00054907.jpg,467
00054908.jpg,467
00054909.jpg,467
00054910.jpg,467
00054911.jpg,467
00054912.jpg,467
00054913.jpg,467
00054914.jpg,467
00054915.jpg,467
00054916.jpg,467
00054917.jpg,467
00054918.jpg,467
00054919.jpg,467
00054920.jpg,467
00054921.jpg,467
00054922.jpg,467
00054923.jpg,467
00054924.jpg,467
00054925.jpg,467
00054926.jpg,467
00054927.jpg,467
00054928.jpg,467
00054929.jpg,467
00054930.jpg,467
00054931.jpg,467
00054932.jpg,467
00054933.jpg,467
00054934.jpg,467
00054935.jpg,467
00054936.jpg,467
00054937.jpg,467
00054938.jpg,467
00054939.jpg,467
00054940.jpg,467
00054941.jpg,467
00054942.jpg,467
00054943.jpg,467
00054944.jpg,467
00054945.jpg,467
00054946.jpg,467
00054947.jpg,467
00054948.jpg,467
00054949.jpg,467
00054950.jpg,467
00054951.jpg,467
00054952.jpg,467
00054953.jpg,467
00054954.jpg,467
00054955.jpg,467
00054956.jpg,467
00054957.jpg,467
00054958.jpg,467
00054959.jpg,467
00054960.jpg,467
00054961.jpg,467
00054962.jpg,467
00054963.jpg,467
00054964.jpg,467
00054965.jpg,467
00054966.jpg,467
00054967.jpg,467
00054968.jpg,467
00054969.jpg,467
00054970.jpg,467
00054971.jpg,467
00054972.jpg,467
00054973.jpg,467
00054974.jpg,467
00054975.jpg,467
00054976.jpg,467
00054977.jpg,467
00054978.jpg,467
00054979.jpg,467
00054980.jpg,467
00054981.jpg,467
00054982.jpg,467
00054983.jpg,467
00054984.jpg,467
00054985.jpg,467
00054986.jpg,467
00054987.jpg,467
00054988.jpg,467
00054989.jpg,467
00054990.jpg,467
00054991.jpg,467
00054992.jpg,467
00054993.jpg,467
00054994.jpg,467
00054995.jpg,467
00054996.jpg,467
00054997.jpg,467
00054998.jpg,468
00054999.jpg,468
00055000.jpg,468
00055001.jpg,468
00055002.jpg,468
00055003.jpg,468
00055004.jpg,468
00055005.jpg,468
00055006.jpg,468
00055007.jpg,468
00055008.jpg,468
00055009.jpg,468
00055010.jpg,468
00055011.jpg,468
00055012.jpg,468
00055013.jpg,468
00055014.jpg,468
00055015.jpg,468
00055016.jpg,468
00055017.jpg,468
00055018.jpg,468
00055019.jpg,468
00055020.jpg,468
00055021.jpg,468
00055022.jpg,468
00055023.jpg,468
00055024.jpg,468
00055025.jpg,468
00055026.jpg,468
00055027.jpg,468
00055028.jpg,468
00055029.jpg,468
00055030.jpg,468
00055031.jpg,468
00055032.jpg,468
00055033.jpg,468
00055034.jpg,468
00055035.jpg,468
00055036.jpg,468
00055037.jpg,468
00055038.jpg,468
00055039.jpg,468
00055040.jpg,468
00055041.jpg,468
00055042.jpg,468
00055043.jpg,468
00055044.jpg,468
00055045.jpg,468
00055046.jpg,468
00055047.jpg,468
00055048.jpg,468
00055049.jpg,468
00055050.jpg,468
00055051.jpg,468
00055052.jpg,468
00055053.jpg,468
00055054.jpg,468
00055055.jpg,468
00055056.jpg,468
00055057.jpg,468
00055058.jpg,468
00055059.jpg,468
00055060.jpg,468
00055061.jpg,468
00055062.jpg,468
00055063.jpg,468
00055064.jpg,468
00055065.jpg,468
00055066.jpg,468
00055067.jpg,468
00055068.jpg,468
00055069.jpg,468
00055070.jpg,468
00055071.jpg,468
00055072.jpg,468
00055073.jpg,468
00055074.jpg,468
00055075.jpg,468
00055076.jpg,468
00055077.jpg,468
00055078.jpg,468
00055079.jpg,468
00055080.jpg,468
00055081.jpg,468
00055082.jpg,468
00055083.jpg,468
00055084.jpg,468
00055085.jpg,468
00055086.jpg,468
00055087.jpg,468
00055088.jpg,468
00055089.jpg,468
00055090.jpg,468
00055091.jpg,468
00055092.jpg,468
00055093.jpg,468
00055094.jpg,468
00055095.jpg,468
00055096.jpg,468
00055097.jpg,468
00055098.jpg,468
00055099.jpg,468
00055100.jpg,468
00055101.jpg,468
00055102.jpg,468
00055103.jpg,468
00055104.jpg,468
00055105.jpg,468
00055106.jpg,468
00055107.jpg,468
00055108.jpg,468
00055109.jpg,468
00055110.jpg,468
00055111.jpg,468
00055112.jpg,468
00055113.jpg,468
00055114.jpg,468
00055115.jpg,469
00055116.jpg,469
00055117.jpg,469
00055118.jpg,469
00055119.jpg,469
00055120.jpg,469
00055121.jpg,469
00055122.jpg,469
00055123.jpg,469
00055124.jpg,469
00055125.jpg,469
00055126.jpg,469
00055127.jpg,469
00055128.jpg,469
00055129.jpg,469
00055130.jpg,469
00055131.jpg,469
00055132.jpg,469
00055133.jpg,469
00055134.jpg,469
00055135.jpg,469
00055136.jpg,469
00055137.jpg,469
00055138.jpg,469
00055139.jpg,469
00055140.jpg,469
00055141.jpg,469
00055142.jpg,469
00055143.jpg,469
00055144.jpg,469
00055145.jpg,469
00055146.jpg,469
00055147.jpg,469
00055148.jpg,469
00055149.jpg,469
00055150.jpg,469
00055151.jpg,469
00055152.jpg,469
00055153.jpg,469
00055154.jpg,469
00055155.jpg,469
00055156.jpg,469
00055157.jpg,469
00055158.jpg,469
00055159.jpg,469
00055160.jpg,469
00055161.jpg,469
00055162.jpg,469
00055163.jpg,469
00055164.jpg,469
00055165.jpg,469
00055166.jpg,469
00055167.jpg,469
00055168.jpg,469
00055169.jpg,469
00055170.jpg,469
00055171.jpg,469
00055172.jpg,469
00055173.jpg,469
00055174.jpg,469
00055175.jpg,469
00055176.jpg,469
00055177.jpg,469
00055178.jpg,469
00055179.jpg,469
00055180.jpg,469
00055181.jpg,469
00055182.jpg,469
00055183.jpg,469
00055184.jpg,469
00055185.jpg,469
00055186.jpg,469
00055187.jpg,469
00055188.jpg,469
00055189.jpg,469
00055190.jpg,469
00055191.jpg,469
00055192.jpg,469
00055193.jpg,469
00055194.jpg,469
00055195.jpg,469
00055196.jpg,469
00055197.jpg,469
00055198.jpg,469
00055199.jpg,469
00055200.jpg,469
00055201.jpg,469
00055202.jpg,469
00055203.jpg,469
00055204.jpg,469
00055205.jpg,469
00055206.jpg,469
00055207.jpg,469
00055208.jpg,469
00055209.jpg,469
00055210.jpg,469
00055211.jpg,469
00055212.jpg,469
00055213.jpg,469
00055214.jpg,469
00055215.jpg,469
00055216.jpg,469
00055217.jpg,469
00055218.jpg,469
00055219.jpg,469
00055220.jpg,469
00055221.jpg,469
00055222.jpg,469
00055223.jpg,469
00055224.jpg,469
00055225.jpg,469
00055226.jpg,469
00055227.jpg,469
00055228.jpg,469
00055229.jpg,469
00055230.jpg,469
00055231.jpg,469
00055232.jpg,470
00055233.jpg,470
00055234.jpg,470
00055235.jpg,470
00055236.jpg,470
00055237.jpg,470
00055238.jpg,470
00055239.jpg,470
00055240.jpg,470
00055241.jpg,470
00055242.jpg,470
00055243.jpg,470
00055244.jpg,470
00055245.jpg,470
00055246.jpg,470
00055247.jpg,470
00055248.jpg,470
00055249.jpg,470
00055250.jpg,470
00055251.jpg,470
00055252.jpg,470
00055253.jpg,470
00055254.jpg,470
00055255.jpg,470
00055256.jpg,470
00055257.jpg,470
00055258.jpg,470
00055259.jpg,470
00055260.jpg,470
00055261.jpg,470
00055262.jpg,470
00055263.jpg,470
00055264.jpg,470
00055265.jpg,470
00055266.jpg,470
00055267.jpg,470
00055268.jpg,470
00055269.jpg,470
00055270.jpg,470
00055271.jpg,470
00055272.jpg,470
00055273.jpg,470
00055274.jpg,470
00055275.jpg,470
00055276.jpg,470
00055277.jpg,470
00055278.jpg,470
00055279.jpg,470
00055280.jpg,470
00055281.jpg,470
00055282.jpg,470
00055283.jpg,470
00055284.jpg,470
00055285.jpg,470
00055286.jpg,470
00055287.jpg,470
00055288.jpg,470
00055289.jpg,470
00055290.jpg,470
00055291.jpg,470
00055292.jpg,470
00055293.jpg,470
00055294.jpg,470
00055295.jpg,470
00055296.jpg,470
00055297.jpg,470
00055298.jpg,470
00055299.jpg,470
00055300.jpg,470
00055301.jpg,470
00055302.jpg,470
00055303.jpg,470
00055304.jpg,470
00055305.jpg,470
00055306.jpg,470
00055307.jpg,470
00055308.jpg,470
00055309.jpg,470
00055310.jpg,470
00055311.jpg,470
00055312.jpg,470
00055313.jpg,470
00055314.jpg,470
00055315.jpg,470
00055316.jpg,470
00055317.jpg,470
00055318.jpg,470
00055319.jpg,470
00055320.jpg,470
00055321.jpg,470
00055322.jpg,470
00055323.jpg,470
00055324.jpg,470
00055325.jpg,470
00055326.jpg,470
00055327.jpg,470
00055328.jpg,470
00055329.jpg,470
00055330.jpg,470
00055331.jpg,470
00055332.jpg,470
00055333.jpg,470
00055334.jpg,470
00055335.jpg,470
00055336.jpg,470
00055337.jpg,470
00055338.jpg,470
00055339.jpg,470
00055340.jpg,470
00055341.jpg,470
00055342.jpg,470
00055343.jpg,470
00055344.jpg,470
00055345.jpg,470
00055346.jpg,470
00055347.jpg,470
00055348.jpg,470
00055349.jpg,471
00055350.jpg,471
00055351.jpg,471
00055352.jpg,471
00055353.jpg,471
00055354.jpg,471
00055355.jpg,471
00055356.jpg,471
00055357.jpg,471
00055358.jpg,471
00055359.jpg,471
00055360.jpg,471
00055361.jpg,471
00055362.jpg,471
00055363.jpg,471
00055364.jpg,471
00055365.jpg,471
00055366.jpg,471
00055367.jpg,471
00055368.jpg,471
00055369.jpg,471
00055370.jpg,471
00055371.jpg,471
00055372.jpg,471
00055373.jpg,471
00055374.jpg,471
00055375.jpg,471
00055376.jpg,471
00055377.jpg,471
00055378.jpg,471
00055379.jpg,471
00055380.jpg,471
00055381.jpg,471
00055382.jpg,471
00055383.jpg,471
00055384.jpg,471
00055385.jpg,471
00055386.jpg,471
00055387.jpg,471
00055388.jpg,471
00055389.jpg,471
00055390.jpg,471
00055391.jpg,471
00055392.jpg,471
00055393.jpg,471
00055394.jpg,471
00055395.jpg,471
00055396.jpg,471
00055397.jpg,471
00055398.jpg,471
00055399.jpg,471
00055400.jpg,471
00055401.jpg,471
00055402.jpg,471
00055403.jpg,471
00055404.jpg,471
00055405.jpg,471
00055406.jpg,471
00055407.jpg,471
00055408.jpg,471
00055409.jpg,471
00055410.jpg,471
00055411.jpg,471
00055412.jpg,471
00055413.jpg,471
00055414.jpg,471
00055415.jpg,471
00055416.jpg,471
00055417.jpg,471
00055418.jpg,471
00055419.jpg,471
00055420.jpg,471
00055421.jpg,471
00055422.jpg,471
00055423.jpg,471
00055424.jpg,471
00055425.jpg,471
00055426.jpg,471
00055427.jpg,471
00055428.jpg,471
00055429.jpg,471
00055430.jpg,471
00055431.jpg,471
00055432.jpg,471
00055433.jpg,471
00055434.jpg,471
00055435.jpg,471
00055436.jpg,471
00055437.jpg,471
00055438.jpg,471
00055439.jpg,471
00055440.jpg,471
00055441.jpg,471
00055442.jpg,471
00055443.jpg,471
00055444.jpg,471
00055445.jpg,471
00055446.jpg,471
00055447.jpg,471
00055448.jpg,471
00055449.jpg,471
00055450.jpg,471
00055451.jpg,471
00055452.jpg,471
00055453.jpg,471
00055454.jpg,471
00055455.jpg,471
00055456.jpg,471
00055457.jpg,471
00055458.jpg,471
00055459.jpg,471
00055460.jpg,471
00055461.jpg,471
00055462.jpg,471
00055463.jpg,471
00055464.jpg,471
00055465.jpg,471
00055466.jpg,472
00055467.jpg,472
00055468.jpg,472
00055469.jpg,472
00055470.jpg,472
00055471.jpg,472
00055472.jpg,472
00055473.jpg,472
00055474.jpg,472
00055475.jpg,472
00055476.jpg,472
00055477.jpg,472
00055478.jpg,472
00055479.jpg,472
00055480.jpg,472
00055481.jpg,472
00055482.jpg,472
00055483.jpg,472
00055484.jpg,472
00055485.jpg,472
00055486.jpg,472
00055487.jpg,472
00055488.jpg,472
00055489.jpg,472
00055490.jpg,472
00055491.jpg,472
00055492.jpg,472
00055493.jpg,472
00055494.jpg,472
00055495.jpg,472
00055496.jpg,472
00055497.jpg,472
00055498.jpg,472
00055499.jpg,472
00055500.jpg,472
00055501.jpg,472
00055502.jpg,472
00055503.jpg,472
00055504.jpg,472
00055505.jpg,472
00055506.jpg,472
00055507.jpg,472
00055508.jpg,472
00055509.jpg,472
00055510.jpg,472
00055511.jpg,472
00055512.jpg,472
00055513.jpg,472
00055514.jpg,472
00055515.jpg,472
00055516.jpg,472
00055517.jpg,472
00055518.jpg,472
00055519.jpg,472
00055520.jpg,472
00055521.jpg,472
00055522.jpg,472
00055523.jpg,472
00055524.jpg,472
00055525.jpg,472
00055526.jpg,472
00055527.jpg,472
00055528.jpg,472
00055529.jpg,472
00055530.jpg,472
00055531.jpg,472
00055532.jpg,472
00055533.jpg,472
00055534.jpg,472
00055535.jpg,472
00055536.jpg,472
00055537.jpg,472
00055538.jpg,472
00055539.jpg,472
00055540.jpg,472
00055541.jpg,472
00055542.jpg,472
00055543.jpg,472
00055544.jpg,472
00055545.jpg,472
00055546.jpg,472
00055547.jpg,472
00055548.jpg,472
00055549.jpg,472
00055550.jpg,472
00055551.jpg,472
00055552.jpg,472
00055553.jpg,472
00055554.jpg,472
00055555.jpg,472
00055556.jpg,472
00055557.jpg,472
00055558.jpg,472
00055559.jpg,472
00055560.jpg,472
00055561.jpg,472
00055562.jpg,472
00055563.jpg,472
00055564.jpg,472
00055565.jpg,472
00055566.jpg,472
00055567.jpg,472
00055568.jpg,472
00055569.jpg,472
00055570.jpg,472
00055571.jpg,472
00055572.jpg,472
00055573.jpg,472
00055574.jpg,472
00055575.jpg,472
00055576.jpg,472
00055577.jpg,472
00055578.jpg,472
00055579.jpg,472
00055580.jpg,472
00055581.jpg,472
00055582.jpg,472
00055583.jpg,473
00055584.jpg,473
00055585.jpg,473
00055586.jpg,473
00055587.jpg,473
00055588.jpg,473
00055589.jpg,473
00055590.jpg,473
00055591.jpg,473
00055592.jpg,473
00055593.jpg,473
00055594.jpg,473
00055595.jpg,473
00055596.jpg,473
00055597.jpg,473
00055598.jpg,473
00055599.jpg,473
00055600.jpg,473
00055601.jpg,473
00055602.jpg,473
00055603.jpg,473
00055604.jpg,473
00055605.jpg,473
00055606.jpg,473
00055607.jpg,473
00055608.jpg,473
00055609.jpg,473
00055610.jpg,473
00055611.jpg,473
00055612.jpg,473
00055613.jpg,473
00055614.jpg,473
00055615.jpg,473
00055616.jpg,473
00055617.jpg,473
00055618.jpg,473
00055619.jpg,473
00055620.jpg,473
00055621.jpg,473
00055622.jpg,473
00055623.jpg,473
00055624.jpg,473
00055625.jpg,473
00055626.jpg,473
00055627.jpg,473
00055628.jpg,473
00055629.jpg,473
00055630.jpg,473
00055631.jpg,473
00055632.jpg,473
00055633.jpg,473
00055634.jpg,473
00055635.jpg,473
00055636.jpg,473
00055637.jpg,473
00055638.jpg,473
00055639.jpg,473
00055640.jpg,473
00055641.jpg,473
00055642.jpg,473
00055643.jpg,473
00055644.jpg,473
00055645.jpg,473
00055646.jpg,473
00055647.jpg,473
00055648.jpg,473
00055649.jpg,473
00055650.jpg,473
00055651.jpg,473
00055652.jpg,473
00055653.jpg,473
00055654.jpg,473
00055655.jpg,473
00055656.jpg,473
00055657.jpg,473
00055658.jpg,473
00055659.jpg,473
00055660.jpg,473
00055661.jpg,473
00055662.jpg,473
00055663.jpg,473
00055664.jpg,473
00055665.jpg,473
00055666.jpg,473
00055667.jpg,473
00055668.jpg,473
00055669.jpg,473
00055670.jpg,473
00055671.jpg,473
00055672.jpg,473
00055673.jpg,473
00055674.jpg,473
00055675.jpg,473
00055676.jpg,473
00055677.jpg,473
00055678.jpg,473
00055679.jpg,473
00055680.jpg,473
00055681.jpg,473
00055682.jpg,473
00055683.jpg,473
00055684.jpg,473
00055685.jpg,473
00055686.jpg,473
00055687.jpg,473
00055688.jpg,473
00055689.jpg,473
00055690.jpg,473
00055691.jpg,473
00055692.jpg,473
00055693.jpg,473
00055694.jpg,473
00055695.jpg,473
00055696.jpg,473
00055697.jpg,473
00055698.jpg,473
00055699.jpg,473
00055700.jpg,474
00055701.jpg,474
00055702.jpg,474
00055703.jpg,474
00055704.jpg,474
00055705.jpg,474
00055706.jpg,474
00055707.jpg,474
00055708.jpg,474
00055709.jpg,474
00055710.jpg,474
00055711.jpg,474
00055712.jpg,474
00055713.jpg,474
00055714.jpg,474
00055715.jpg,474
00055716.jpg,474
00055717.jpg,474
00055718.jpg,474
00055719.jpg,474
00055720.jpg,474
00055721.jpg,474
00055722.jpg,474
00055723.jpg,474
00055724.jpg,474
00055725.jpg,474
00055726.jpg,474
00055727.jpg,474
00055728.jpg,474
00055729.jpg,474
00055730.jpg,474
00055731.jpg,474
00055732.jpg,474
00055733.jpg,474
00055734.jpg,474
00055735.jpg,474
00055736.jpg,474
00055737.jpg,474
00055738.jpg,474
00055739.jpg,474
00055740.jpg,474
00055741.jpg,474
00055742.jpg,474
00055743.jpg,474
00055744.jpg,474
00055745.jpg,474
00055746.jpg,474
00055747.jpg,474
00055748.jpg,474
00055749.jpg,474
00055750.jpg,474
00055751.jpg,474
00055752.jpg,474
00055753.jpg,474
00055754.jpg,474
00055755.jpg,474
00055756.jpg,474
00055757.jpg,474
00055758.jpg,474
00055759.jpg,474
00055760.jpg,474
00055761.jpg,474
00055762.jpg,474
00055763.jpg,474
00055764.jpg,474
00055765.jpg,474
00055766.jpg,474
00055767.jpg,474
00055768.jpg,474
00055769.jpg,474
00055770.jpg,474
00055771.jpg,474
00055772.jpg,474
00055773.jpg,474
00055774.jpg,474
00055775.jpg,474
00055776.jpg,474
00055777.jpg,474
00055778.jpg,474
00055779.jpg,474
00055780.jpg,474
00055781.jpg,474
00055782.jpg,474
00055783.jpg,474
00055784.jpg,474
00055785.jpg,474
00055786.jpg,474
00055787.jpg,474
00055788.jpg,474
00055789.jpg,474
00055790.jpg,474
00055791.jpg,474
00055792.jpg,474
00055793.jpg,474
00055794.jpg,474
00055795.jpg,474
00055796.jpg,474
00055797.jpg,474
00055798.jpg,474
00055799.jpg,474
00055800.jpg,474
00055801.jpg,474
00055802.jpg,474
00055803.jpg,474
00055804.jpg,474
00055805.jpg,474
00055806.jpg,474
00055807.jpg,474
00055808.jpg,474
00055809.jpg,474
00055810.jpg,474
00055811.jpg,474
00055812.jpg,474
00055813.jpg,474
00055814.jpg,474
00055815.jpg,474
00055816.jpg,474
00055817.jpg,475
00055818.jpg,475
00055819.jpg,475
00055820.jpg,475
00055821.jpg,475
00055822.jpg,475
00055823.jpg,475
00055824.jpg,475
00055825.jpg,475
00055826.jpg,475
00055827.jpg,475
00055828.jpg,475
00055829.jpg,475
00055830.jpg,475
00055831.jpg,475
00055832.jpg,475
00055833.jpg,475
00055834.jpg,475
00055835.jpg,475
00055836.jpg,475
00055837.jpg,475
00055838.jpg,475
00055839.jpg,475
00055840.jpg,475
00055841.jpg,475
00055842.jpg,475
00055843.jpg,475
00055844.jpg,475
00055845.jpg,475
00055846.jpg,475
00055847.jpg,475
00055848.jpg,475
00055849.jpg,475
00055850.jpg,475
00055851.jpg,475
00055852.jpg,475
00055853.jpg,475
00055854.jpg,475
00055855.jpg,475
00055856.jpg,475
00055857.jpg,475
00055858.jpg,475
00055859.jpg,475
00055860.jpg,475
00055861.jpg,475
00055862.jpg,475
00055863.jpg,475
00055864.jpg,475
00055865.jpg,475
00055866.jpg,475
00055867.jpg,475
00055868.jpg,475
00055869.jpg,475
00055870.jpg,475
00055871.jpg,475
00055872.jpg,475
00055873.jpg,475
00055874.jpg,475
00055875.jpg,475
00055876.jpg,475
00055877.jpg,475
00055878.jpg,475
00055879.jpg,475
00055880.jpg,475
00055881.jpg,475
00055882.jpg,475
00055883.jpg,475
00055884.jpg,475
00055885.jpg,475
00055886.jpg,475
00055887.jpg,475
00055888.jpg,475
00055889.jpg,475
00055890.jpg,475
00055891.jpg,475
00055892.jpg,475
00055893.jpg,475
00055894.jpg,475
00055895.jpg,475
00055896.jpg,475
00055897.jpg,475
00055898.jpg,475
00055899.jpg,475
00055900.jpg,475
00055901.jpg,475
00055902.jpg,475
00055903.jpg,475
00055904.jpg,475
00055905.jpg,475
00055906.jpg,475
00055907.jpg,475
00055908.jpg,475
00055909.jpg,475
00055910.jpg,475
00055911.jpg,475
00055912.jpg,475
00055913.jpg,475
00055914.jpg,475
00055915.jpg,475
00055916.jpg,475
00055917.jpg,475
00055918.jpg,475
00055919.jpg,475
00055920.jpg,475
00055921.jpg,475
00055922.jpg,475
00055923.jpg,475
00055924.jpg,475
00055925.jpg,475
00055926.jpg,475
00055927.jpg,475
00055928.jpg,475
00055929.jpg,475
00055930.jpg,475
00055931.jpg,475
00055932.jpg,475
00055933.jpg,475
00055934.jpg,476
00055935.jpg,476
00055936.jpg,476
00055937.jpg,476
00055938.jpg,476
00055939.jpg,476
00055940.jpg,476
00055941.jpg,476
00055942.jpg,476
00055943.jpg,476
00055944.jpg,476
00055945.jpg,476
00055946.jpg,476
00055947.jpg,476
00055948.jpg,476
00055949.jpg,476
00055950.jpg,476
00055951.jpg,476
00055952.jpg,476
00055953.jpg,476
00055954.jpg,476
00055955.jpg,476
00055956.jpg,476
00055957.jpg,476
00055958.jpg,476
00055959.jpg,476
00055960.jpg,476
00055961.jpg,476
00055962.jpg,476
00055963.jpg,476
00055964.jpg,476
00055965.jpg,476
00055966.jpg,476
00055967.jpg,476
00055968.jpg,476
00055969.jpg,476
00055970.jpg,476
00055971.jpg,476
00055972.jpg,476
00055973.jpg,476
00055974.jpg,476
00055975.jpg,476
00055976.jpg,476
00055977.jpg,476
00055978.jpg,476
00055979.jpg,476
00055980.jpg,476
00055981.jpg,476
00055982.jpg,476
00055983.jpg,476
00055984.jpg,476
00055985.jpg,476
00055986.jpg,476
00055987.jpg,476
00055988.jpg,476
00055989.jpg,476
00055990.jpg,476
00055991.jpg,476
00055992.jpg,476
00055993.jpg,476
00055994.jpg,476
00055995.jpg,476
00055996.jpg,476
00055997.jpg,476
00055998.jpg,476
00055999.jpg,476
00056000.jpg,476
00056001.jpg,476
00056002.jpg,476
00056003.jpg,476
00056004.jpg,476
00056005.jpg,476
00056006.jpg,476
00056007.jpg,476
00056008.jpg,476
00056009.jpg,476
00056010.jpg,476
00056011.jpg,476
00056012.jpg,476
00056013.jpg,476
00056014.jpg,476
00056015.jpg,476
00056016.jpg,476
00056017.jpg,476
00056018.jpg,476
00056019.jpg,476
00056020.jpg,476
00056021.jpg,476
00056022.jpg,476
00056023.jpg,476
00056024.jpg,476
00056025.jpg,476
00056026.jpg,476
00056027.jpg,476
00056028.jpg,476
00056029.jpg,476
00056030.jpg,476
00056031.jpg,476
00056032.jpg,476
00056033.jpg,476
00056034.jpg,476
00056035.jpg,476
00056036.jpg,476
00056037.jpg,476
00056038.jpg,476
00056039.jpg,476
00056040.jpg,476
00056041.jpg,476
00056042.jpg,476
00056043.jpg,476
00056044.jpg,476
00056045.jpg,476
00056046.jpg,476
00056047.jpg,476
00056048.jpg,476
00056049.jpg,476
00056050.jpg,476
00056051.jpg,477
00056052.jpg,477
00056053.jpg,477
00056054.jpg,477
00056055.jpg,477
00056056.jpg,477
00056057.jpg,477
00056058.jpg,477
00056059.jpg,477
00056060.jpg,477
00056061.jpg,477
00056062.jpg,477
00056063.jpg,477
00056064.jpg,477
00056065.jpg,477
00056066.jpg,477
00056067.jpg,477
00056068.jpg,477
00056069.jpg,477
00056070.jpg,477
00056071.jpg,477
00056072.jpg,477
00056073.jpg,477
00056074.jpg,477
00056075.jpg,477
00056076.jpg,477
00056077.jpg,477
00056078.jpg,477
00056079.jpg,477
00056080.jpg,477
00056081.jpg,477
00056082.jpg,477
00056083.jpg,477
00056084.jpg,477
00056085.jpg,477
00056086.jpg,477
00056087.jpg,477
00056088.jpg,477
00056089.jpg,477
00056090.jpg,477
00056091.jpg,477
00056092.jpg,477
00056093.jpg,477
00056094.jpg,477
00056095.jpg,477
00056096.jpg,477
00056097.jpg,477
00056098.jpg,477
00056099.jpg,477
00056100.jpg,477
00056101.jpg,477
00056102.jpg,477
00056103.jpg,477
00056104.jpg,477
00056105.jpg,477
00056106.jpg,477
00056107.jpg,477
00056108.jpg,477
00056109.jpg,477
00056110.jpg,477
00056111.jpg,477
00056112.jpg,477
00056113.jpg,477
00056114.jpg,477
00056115.jpg,477
00056116.jpg,477
00056117.jpg,477
00056118.jpg,477
00056119.jpg,477
00056120.jpg,477
00056121.jpg,477
00056122.jpg,477
00056123.jpg,477
00056124.jpg,477
00056125.jpg,477
00056126.jpg,477
00056127.jpg,477
00056128.jpg,477
00056129.jpg,477
00056130.jpg,477
00056131.jpg,477
00056132.jpg,477
00056133.jpg,477
00056134.jpg,477
00056135.jpg,477
00056136.jpg,477
00056137.jpg,477
00056138.jpg,477
00056139.jpg,477
00056140.jpg,477
00056141.jpg,477
00056142.jpg,477
00056143.jpg,477
00056144.jpg,477
00056145.jpg,477
00056146.jpg,477
00056147.jpg,477
00056148.jpg,477
00056149.jpg,477
00056150.jpg,477
00056151.jpg,477
00056152.jpg,477
00056153.jpg,477
00056154.jpg,477
00056155.jpg,477
00056156.jpg,477
00056157.jpg,477
00056158.jpg,477
00056159.jpg,477
00056160.jpg,477
00056161.jpg,477
00056162.jpg,477
00056163.jpg,477
00056164.jpg,477
00056165.jpg,477
00056166.jpg,477
00056167.jpg,477
00056168.jpg,478
00056169.jpg,478
00056170.jpg,478
00056171.jpg,478
00056172.jpg,478
00056173.jpg,478
00056174.jpg,478
00056175.jpg,478
00056176.jpg,478
00056177.jpg,478
00056178.jpg,478
00056179.jpg,478
00056180.jpg,478
00056181.jpg,478
00056182.jpg,478
00056183.jpg,478
00056184.jpg,478
00056185.jpg,478
00056186.jpg,478
00056187.jpg,478
00056188.jpg,478
00056189.jpg,478
00056190.jpg,478
00056191.jpg,478
00056192.jpg,478
00056193.jpg,478
00056194.jpg,478
00056195.jpg,478
00056196.jpg,478
00056197.jpg,478
00056198.jpg,478
00056199.jpg,478
00056200.jpg,478
00056201.jpg,478
00056202.jpg,478
00056203.jpg,478
00056204.jpg,478
00056205.jpg,478
00056206.jpg,478
00056207.jpg,478
00056208.jpg,478
00056209.jpg,478
00056210.jpg,478
00056211.jpg,478
00056212.jpg,478
00056213.jpg,478
00056214.jpg,478
00056215.jpg,478
00056216.jpg,478
00056217.jpg,478
00056218.jpg,478
00056219.jpg,478
00056220.jpg,478
00056221.jpg,478
00056222.jpg,478
00056223.jpg,478
00056224.jpg,478
00056225.jpg,478
00056226.jpg,478
00056227.jpg,478
00056228.jpg,478
00056229.jpg,478
00056230.jpg,478
00056231.jpg,478
00056232.jpg,478
00056233.jpg,478
00056234.jpg,478
00056235.jpg,478
00056236.jpg,478
00056237.jpg,478
00056238.jpg,478
00056239.jpg,478
00056240.jpg,478
00056241.jpg,478
00056242.jpg,478
00056243.jpg,478
00056244.jpg,478
00056245.jpg,478
00056246.jpg,478
00056247.jpg,478
00056248.jpg,478
00056249.jpg,478
00056250.jpg,478
00056251.jpg,478
00056252.jpg,478
00056253.jpg,478
00056254.jpg,478
00056255.jpg,478
00056256.jpg,478
00056257.jpg,478
00056258.jpg,478
00056259.jpg,478
00056260.jpg,478
00056261.jpg,478
00056262.jpg,478
00056263.jpg,478
00056264.jpg,478
00056265.jpg,478
00056266.jpg,478
00056267.jpg,478
00056268.jpg,478
00056269.jpg,478
00056270.jpg,478
00056271.jpg,478
00056272.jpg,478
00056273.jpg,478
00056274.jpg,478
00056275.jpg,478
00056276.jpg,478
00056277.jpg,478
00056278.jpg,478
00056279.jpg,478
00056280.jpg,478
00056281.jpg,478
00056282.jpg,478
00056283.jpg,478
00056284.jpg,478
00056285.jpg,479
00056286.jpg,479
00056287.jpg,479
00056288.jpg,479
00056289.jpg,479
00056290.jpg,479
00056291.jpg,479
00056292.jpg,479
00056293.jpg,479
00056294.jpg,479
00056295.jpg,479
00056296.jpg,479
00056297.jpg,479
00056298.jpg,479
00056299.jpg,479
00056300.jpg,479
00056301.jpg,479
00056302.jpg,479
00056303.jpg,479
00056304.jpg,479
00056305.jpg,479
00056306.jpg,479
00056307.jpg,479
00056308.jpg,479
00056309.jpg,479
00056310.jpg,479
00056311.jpg,479
00056312.jpg,479
00056313.jpg,479
00056314.jpg,479
00056315.jpg,479
00056316.jpg,479
00056317.jpg,479
00056318.jpg,479
00056319.jpg,479
00056320.jpg,479
00056321.jpg,479
00056322.jpg,479
00056323.jpg,479
00056324.jpg,479
00056325.jpg,479
00056326.jpg,479
00056327.jpg,479
00056328.jpg,479
00056329.jpg,479
00056330.jpg,479
00056331.jpg,479
00056332.jpg,479
00056333.jpg,479
00056334.jpg,479
00056335.jpg,479
00056336.jpg,479
00056337.jpg,479
00056338.jpg,479
00056339.jpg,479
00056340.jpg,479
00056341.jpg,479
00056342.jpg,479
00056343.jpg,479
00056344.jpg,479
00056345.jpg,479
00056346.jpg,479
00056347.jpg,479
00056348.jpg,479
00056349.jpg,479
00056350.jpg,479
00056351.jpg,479
00056352.jpg,479
00056353.jpg,479
00056354.jpg,479
00056355.jpg,479
00056356.jpg,479
00056357.jpg,479
00056358.jpg,479
00056359.jpg,479
00056360.jpg,479
00056361.jpg,479
00056362.jpg,479
00056363.jpg,479
00056364.jpg,479
00056365.jpg,479
00056366.jpg,479
00056367.jpg,479
00056368.jpg,479
00056369.jpg,479
00056370.jpg,479
00056371.jpg,479
00056372.jpg,479
00056373.jpg,479
00056374.jpg,479
00056375.jpg,479
00056376.jpg,479
00056377.jpg,479
00056378.jpg,479
00056379.jpg,479
00056380.jpg,479
00056381.jpg,479
00056382.jpg,479
00056383.jpg,479
00056384.jpg,479
00056385.jpg,479
00056386.jpg,479
00056387.jpg,479
00056388.jpg,479
00056389.jpg,479
00056390.jpg,479
00056391.jpg,479
00056392.jpg,479
00056393.jpg,479
00056394.jpg,479
00056395.jpg,479
00056396.jpg,479
00056397.jpg,479
00056398.jpg,479
00056399.jpg,479
00056400.jpg,479
00056401.jpg,479
00056402.jpg,480
00056403.jpg,480
00056404.jpg,480
00056405.jpg,480
00056406.jpg,480
00056407.jpg,480
00056408.jpg,480
00056409.jpg,480
00056410.jpg,480
00056411.jpg,480
00056412.jpg,480
00056413.jpg,480
00056414.jpg,480
00056415.jpg,480
00056416.jpg,480
00056417.jpg,480
00056418.jpg,480
00056419.jpg,480
00056420.jpg,480
00056421.jpg,480
00056422.jpg,480
00056423.jpg,480
00056424.jpg,480
00056425.jpg,480
00056426.jpg,480
00056427.jpg,480
00056428.jpg,480
00056429.jpg,480
00056430.jpg,480
00056431.jpg,480
00056432.jpg,480
00056433.jpg,480
00056434.jpg,480
00056435.jpg,480
00056436.jpg,480
00056437.jpg,480
00056438.jpg,480
00056439.jpg,480
00056440.jpg,480
00056441.jpg,480
00056442.jpg,480
00056443.jpg,480
00056444.jpg,480
00056445.jpg,480
00056446.jpg,480
00056447.jpg,480
00056448.jpg,480
00056449.jpg,480
00056450.jpg,480
00056451.jpg,480
00056452.jpg,480
00056453.jpg,480
00056454.jpg,480
00056455.jpg,480
00056456.jpg,480
00056457.jpg,480
00056458.jpg,480
00056459.jpg,480
00056460.jpg,480
00056461.jpg,480
00056462.jpg,480
00056463.jpg,480
00056464.jpg,480
00056465.jpg,480
00056466.jpg,480
00056467.jpg,480
00056468.jpg,480
00056469.jpg,480
00056470.jpg,480
00056471.jpg,480
00056472.jpg,480
00056473.jpg,480
00056474.jpg,480
00056475.jpg,480
00056476.jpg,480
00056477.jpg,480
00056478.jpg,480
00056479.jpg,480
00056480.jpg,480
00056481.jpg,480
00056482.jpg,480
00056483.jpg,480
00056484.jpg,480
00056485.jpg,480
00056486.jpg,480
00056487.jpg,480
00056488.jpg,480
00056489.jpg,480
00056490.jpg,480
00056491.jpg,480
00056492.jpg,480
00056493.jpg,480
00056494.jpg,480
00056495.jpg,480
00056496.jpg,480
00056497.jpg,480
00056498.jpg,480
00056499.jpg,480
00056500.jpg,480
00056501.jpg,480
00056502.jpg,480
00056503.jpg,480
00056504.jpg,480
00056505.jpg,480
00056506.jpg,480
00056507.jpg,480
00056508.jpg,480
00056509.jpg,480
00056510.jpg,480
00056511.jpg,480
00056512.jpg,480
00056513.jpg,480
00056514.jpg,480
00056515.jpg,480
00056516.jpg,480
00056517.jpg,480
00056518.jpg,480
00056519.jpg,481
00056520.jpg,481
00056521.jpg,481
00056522.jpg,481
00056523.jpg,481
00056524.jpg,481
00056525.jpg,481
00056526.jpg,481
00056527.jpg,481
00056528.jpg,481
00056529.jpg,481
00056530.jpg,481
00056531.jpg,481
00056532.jpg,481
00056533.jpg,481
00056534.jpg,481
00056535.jpg,481
00056536.jpg,481
00056537.jpg,481
00056538.jpg,481
00056539.jpg,481
00056540.jpg,481
00056541.jpg,481
00056542.jpg,481
00056543.jpg,481
00056544.jpg,481
00056545.jpg,481
00056546.jpg,481
00056547.jpg,481
00056548.jpg,481
00056549.jpg,481
00056550.jpg,481
00056551.jpg,481
00056552.jpg,481
00056553.jpg,481
00056554.jpg,481
00056555.jpg,481
00056556.jpg,481
00056557.jpg,481
00056558.jpg,481
00056559.jpg,481
00056560.jpg,481
00056561.jpg,481
00056562.jpg,481
00056563.jpg,481
00056564.jpg,481
00056565.jpg,481
00056566.jpg,481
00056567.jpg,481
00056568.jpg,481
00056569.jpg,481
00056570.jpg,481
00056571.jpg,481
00056572.jpg,481
00056573.jpg,481
00056574.jpg,481
00056575.jpg,481
00056576.jpg,481
00056577.jpg,481
00056578.jpg,481
00056579.jpg,481
00056580.jpg,481
00056581.jpg,481
00056582.jpg,481
00056583.jpg,481
00056584.jpg,481
00056585.jpg,481
00056586.jpg,481
00056587.jpg,481
00056588.jpg,481
00056589.jpg,481
00056590.jpg,481
00056591.jpg,481
00056592.jpg,481
00056593.jpg,481
00056594.jpg,481
00056595.jpg,481
00056596.jpg,481
00056597.jpg,481
00056598.jpg,481
00056599.jpg,481
00056600.jpg,481
00056601.jpg,481
00056602.jpg,481
00056603.jpg,481
00056604.jpg,481
00056605.jpg,481
00056606.jpg,481
00056607.jpg,481
00056608.jpg,481
00056609.jpg,481
00056610.jpg,481
00056611.jpg,481
00056612.jpg,481
00056613.jpg,481
00056614.jpg,481
00056615.jpg,481
00056616.jpg,481
00056617.jpg,481
00056618.jpg,481
00056619.jpg,481
00056620.jpg,481
00056621.jpg,481
00056622.jpg,481
00056623.jpg,481
00056624.jpg,481
00056625.jpg,481
00056626.jpg,481
00056627.jpg,481
00056628.jpg,481
00056629.jpg,481
00056630.jpg,481
00056631.jpg,481
00056632.jpg,481
00056633.jpg,481
00056634.jpg,481
00056635.jpg,481
00056636.jpg,482
00056637.jpg,482
00056638.jpg,482
00056639.jpg,482
00056640.jpg,482
00056641.jpg,482
00056642.jpg,482
00056643.jpg,482
00056644.jpg,482
00056645.jpg,482
00056646.jpg,482
00056647.jpg,482
00056648.jpg,482
00056649.jpg,482
00056650.jpg,482
00056651.jpg,482
00056652.jpg,482
00056653.jpg,482
00056654.jpg,482
00056655.jpg,482
00056656.jpg,482
00056657.jpg,482
00056658.jpg,482
00056659.jpg,482
00056660.jpg,482
00056661.jpg,482
00056662.jpg,482
00056663.jpg,482
00056664.jpg,482
00056665.jpg,482
00056666.jpg,482
00056667.jpg,482
00056668.jpg,482
00056669.jpg,482
00056670.jpg,482
00056671.jpg,482
00056672.jpg,482
00056673.jpg,482
00056674.jpg,482
00056675.jpg,482
00056676.jpg,482
00056677.jpg,482
00056678.jpg,482
00056679.jpg,482
00056680.jpg,482
00056681.jpg,482
00056682.jpg,482
00056683.jpg,482
00056684.jpg,482
00056685.jpg,482
00056686.jpg,482
00056687.jpg,482
00056688.jpg,482
00056689.jpg,482
00056690.jpg,482
00056691.jpg,482
00056692.jpg,482
00056693.jpg,482
00056694.jpg,482
00056695.jpg,482
00056696.jpg,482
00056697.jpg,482
00056698.jpg,482
00056699.jpg,482
00056700.jpg,482
00056701.jpg,482
00056702.jpg,482
00056703.jpg,482
00056704.jpg,482
00056705.jpg,482
00056706.jpg,482
00056707.jpg,482
00056708.jpg,482
00056709.jpg,482
00056710.jpg,482
00056711.jpg,482
00056712.jpg,482
00056713.jpg,482
00056714.jpg,482
00056715.jpg,482
00056716.jpg,482
00056717.jpg,482
00056718.jpg,482
00056719.jpg,482
00056720.jpg,482
00056721.jpg,482
00056722.jpg,482
00056723.jpg,482
00056724.jpg,482
00056725.jpg,482
00056726.jpg,482
00056727.jpg,482
00056728.jpg,482
00056729.jpg,482
00056730.jpg,482
00056731.jpg,482
00056732.jpg,482
00056733.jpg,482
00056734.jpg,482
00056735.jpg,482
00056736.jpg,482
00056737.jpg,482
00056738.jpg,482
00056739.jpg,482
00056740.jpg,482
00056741.jpg,482
00056742.jpg,482
00056743.jpg,482
00056744.jpg,482
00056745.jpg,482
00056746.jpg,482
00056747.jpg,482
00056748.jpg,482
00056749.jpg,482
00056750.jpg,482
00056751.jpg,482
00056752.jpg,482
00056753.jpg,483
00056754.jpg,483
00056755.jpg,483
00056756.jpg,483
00056757.jpg,483
00056758.jpg,483
00056759.jpg,483
00056760.jpg,483
00056761.jpg,483
00056762.jpg,483
00056763.jpg,483
00056764.jpg,483
00056765.jpg,483
00056766.jpg,483
00056767.jpg,483
00056768.jpg,483
00056769.jpg,483
00056770.jpg,483
00056771.jpg,483
00056772.jpg,483
00056773.jpg,483
00056774.jpg,483
00056775.jpg,483
00056776.jpg,483
00056777.jpg,483
00056778.jpg,483
00056779.jpg,483
00056780.jpg,483
00056781.jpg,483
00056782.jpg,483
00056783.jpg,483
00056784.jpg,483
00056785.jpg,483
00056786.jpg,483
00056787.jpg,483
00056788.jpg,483
00056789.jpg,483
00056790.jpg,483
00056791.jpg,483
00056792.jpg,483
00056793.jpg,483
00056794.jpg,483
00056795.jpg,483
00056796.jpg,483
00056797.jpg,483
00056798.jpg,483
00056799.jpg,483
00056800.jpg,483
00056801.jpg,483
00056802.jpg,483
00056803.jpg,483
00056804.jpg,483
00056805.jpg,483
00056806.jpg,483
00056807.jpg,483
00056808.jpg,483
00056809.jpg,483
00056810.jpg,483
00056811.jpg,483
00056812.jpg,483
00056813.jpg,483
00056814.jpg,483
00056815.jpg,483
00056816.jpg,483
00056817.jpg,483
00056818.jpg,483
00056819.jpg,483
00056820.jpg,483
00056821.jpg,483
00056822.jpg,483
00056823.jpg,483
00056824.jpg,483
00056825.jpg,483
00056826.jpg,483
00056827.jpg,483
00056828.jpg,483
00056829.jpg,483
00056830.jpg,483
00056831.jpg,483
00056832.jpg,483
00056833.jpg,483
00056834.jpg,483
00056835.jpg,483
00056836.jpg,483
00056837.jpg,483
00056838.jpg,483
00056839.jpg,483
00056840.jpg,483
00056841.jpg,483
00056842.jpg,483
00056843.jpg,483
00056844.jpg,483
00056845.jpg,483
00056846.jpg,483
00056847.jpg,483
00056848.jpg,483
00056849.jpg,483
00056850.jpg,483
00056851.jpg,483
00056852.jpg,483
00056853.jpg,483
00056854.jpg,483
00056855.jpg,483
00056856.jpg,483
00056857.jpg,483
00056858.jpg,483
00056859.jpg,483
00056860.jpg,483
00056861.jpg,483
00056862.jpg,483
00056863.jpg,483
00056864.jpg,483
00056865.jpg,483
00056866.jpg,483
00056867.jpg,483
00056868.jpg,483
00056869.jpg,483
00056870.jpg,484
00056871.jpg,484
00056872.jpg,484
00056873.jpg,484
00056874.jpg,484
00056875.jpg,484
00056876.jpg,484
00056877.jpg,484
00056878.jpg,484
00056879.jpg,484
00056880.jpg,484
00056881.jpg,484
00056882.jpg,484
00056883.jpg,484
00056884.jpg,484
00056885.jpg,484
00056886.jpg,484
00056887.jpg,484
00056888.jpg,484
00056889.jpg,484
00056890.jpg,484
00056891.jpg,484
00056892.jpg,484
00056893.jpg,484
00056894.jpg,484
00056895.jpg,484
00056896.jpg,484
00056897.jpg,484
00056898.jpg,484
00056899.jpg,484
00056900.jpg,484
00056901.jpg,484
00056902.jpg,484
00056903.jpg,484
00056904.jpg,484
00056905.jpg,484
00056906.jpg,484
00056907.jpg,484
00056908.jpg,484
00056909.jpg,484
00056910.jpg,484
00056911.jpg,484
00056912.jpg,484
00056913.jpg,484
00056914.jpg,484
00056915.jpg,484
00056916.jpg,484
00056917.jpg,484
00056918.jpg,484
00056919.jpg,484
00056920.jpg,484
00056921.jpg,484
00056922.jpg,484
00056923.jpg,484
00056924.jpg,484
00056925.jpg,484
00056926.jpg,484
00056927.jpg,484
00056928.jpg,484
00056929.jpg,484
00056930.jpg,484
00056931.jpg,484
00056932.jpg,484
00056933.jpg,484
00056934.jpg,484
00056935.jpg,484
00056936.jpg,484
00056937.jpg,484
00056938.jpg,484
00056939.jpg,484
00056940.jpg,484
00056941.jpg,484
00056942.jpg,484
00056943.jpg,484
00056944.jpg,484
00056945.jpg,484
00056946.jpg,484
00056947.jpg,484
00056948.jpg,484
00056949.jpg,484
00056950.jpg,484
00056951.jpg,484
00056952.jpg,484
00056953.jpg,484
00056954.jpg,484
00056955.jpg,484
00056956.jpg,484
00056957.jpg,484
00056958.jpg,484
00056959.jpg,484
00056960.jpg,484
00056961.jpg,484
00056962.jpg,484
00056963.jpg,484
00056964.jpg,484
00056965.jpg,484
00056966.jpg,484
00056967.jpg,484
00056968.jpg,484
00056969.jpg,484
00056970.jpg,484
00056971.jpg,484
00056972.jpg,484
00056973.jpg,484
00056974.jpg,484
00056975.jpg,484
00056976.jpg,484
00056977.jpg,484
00056978.jpg,484
00056979.jpg,484
00056980.jpg,484
00056981.jpg,484
00056982.jpg,484
00056983.jpg,484
00056984.jpg,484
00056985.jpg,484
00056986.jpg,484
00056987.jpg,485
00056988.jpg,485
00056989.jpg,485
00056990.jpg,485
00056991.jpg,485
00056992.jpg,485
00056993.jpg,485
00056994.jpg,485
00056995.jpg,485
00056996.jpg,485
00056997.jpg,485
00056998.jpg,485
00056999.jpg,485
00057000.jpg,485
00057001.jpg,485
00057002.jpg,485
00057003.jpg,485
00057004.jpg,485
00057005.jpg,485
00057006.jpg,485
00057007.jpg,485
00057008.jpg,485
00057009.jpg,485
00057010.jpg,485
00057011.jpg,485
00057012.jpg,485
00057013.jpg,485
00057014.jpg,485
00057015.jpg,485
00057016.jpg,485
00057017.jpg,485
00057018.jpg,485
00057019.jpg,485
00057020.jpg,485
00057021.jpg,485
00057022.jpg,485
00057023.jpg,485
00057024.jpg,485
00057025.jpg,485
00057026.jpg,485
00057027.jpg,485
00057028.jpg,485
00057029.jpg,485
00057030.jpg,485
00057031.jpg,485
00057032.jpg,485
00057033.jpg,485
00057034.jpg,485
00057035.jpg,485
00057036.jpg,485
00057037.jpg,485
00057038.jpg,485
00057039.jpg,485
00057040.jpg,485
00057041.jpg,485
00057042.jpg,485
00057043.jpg,485
00057044.jpg,485
00057045.jpg,485
00057046.jpg,485
00057047.jpg,485
00057048.jpg,485
00057049.jpg,485
00057050.jpg,485
00057051.jpg,485
00057052.jpg,485
00057053.jpg,485
00057054.jpg,485
00057055.jpg,485
00057056.jpg,485
00057057.jpg,485
00057058.jpg,485
00057059.jpg,485
00057060.jpg,485
00057061.jpg,485
00057062.jpg,485
00057063.jpg,485
00057064.jpg,485
00057065.jpg,485
00057066.jpg,485
00057067.jpg,485
00057068.jpg,485
00057069.jpg,485
00057070.jpg,485
00057071.jpg,485
00057072.jpg,485
00057073.jpg,485
00057074.jpg,485
00057075.jpg,485
00057076.jpg,485
00057077.jpg,485
00057078.jpg,485
00057079.jpg,485
00057080.jpg,485
00057081.jpg,485
00057082.jpg,485
00057083.jpg,485
00057084.jpg,485
00057085.jpg,485
00057086.jpg,485
00057087.jpg,485
00057088.jpg,485
00057089.jpg,485
00057090.jpg,485
00057091.jpg,485
00057092.jpg,485
00057093.jpg,485
00057094.jpg,485
00057095.jpg,485
00057096.jpg,485
00057097.jpg,485
00057098.jpg,485
00057099.jpg,485
00057100.jpg,485
00057101.jpg,485
00057102.jpg,485
00057103.jpg,485
00057104.jpg,486
00057105.jpg,486
00057106.jpg,486
00057107.jpg,486
00057108.jpg,486
00057109.jpg,486
00057110.jpg,486
00057111.jpg,486
00057112.jpg,486
00057113.jpg,486
00057114.jpg,486
00057115.jpg,486
00057116.jpg,486
00057117.jpg,486
00057118.jpg,486
00057119.jpg,486
00057120.jpg,486
00057121.jpg,486
00057122.jpg,486
00057123.jpg,486
00057124.jpg,486
00057125.jpg,486
00057126.jpg,486
00057127.jpg,486
00057128.jpg,486
00057129.jpg,486
00057130.jpg,486
00057131.jpg,486
00057132.jpg,486
00057133.jpg,486
00057134.jpg,486
00057135.jpg,486
00057136.jpg,486
00057137.jpg,486
00057138.jpg,486
00057139.jpg,486
00057140.jpg,486
00057141.jpg,486
00057142.jpg,486
00057143.jpg,486
00057144.jpg,486
00057145.jpg,486
00057146.jpg,486
00057147.jpg,486
00057148.jpg,486
00057149.jpg,486
00057150.jpg,486
00057151.jpg,486
00057152.jpg,486
00057153.jpg,486
00057154.jpg,486
00057155.jpg,486
00057156.jpg,486
00057157.jpg,486
00057158.jpg,486
00057159.jpg,486
00057160.jpg,486
00057161.jpg,486
00057162.jpg,486
00057163.jpg,486
00057164.jpg,486
00057165.jpg,486
00057166.jpg,486
00057167.jpg,486
00057168.jpg,486
00057169.jpg,486
00057170.jpg,486
00057171.jpg,486
00057172.jpg,486
00057173.jpg,486
00057174.jpg,486
00057175.jpg,486
00057176.jpg,486
00057177.jpg,486
00057178.jpg,486
00057179.jpg,486
00057180.jpg,486
00057181.jpg,486
00057182.jpg,486
00057183.jpg,486
00057184.jpg,486
00057185.jpg,486
00057186.jpg,486
00057187.jpg,486
00057188.jpg,486
00057189.jpg,486
00057190.jpg,486
00057191.jpg,486
00057192.jpg,486
00057193.jpg,486
00057194.jpg,486
00057195.jpg,486
00057196.jpg,486
00057197.jpg,486
00057198.jpg,486
00057199.jpg,486
00057200.jpg,486
00057201.jpg,486
00057202.jpg,486
00057203.jpg,486
00057204.jpg,486
00057205.jpg,486
00057206.jpg,486
00057207.jpg,486
00057208.jpg,486
00057209.jpg,486
00057210.jpg,486
00057211.jpg,486
00057212.jpg,486
00057213.jpg,486
00057214.jpg,486
00057215.jpg,486
00057216.jpg,486
00057217.jpg,486
00057218.jpg,486
00057219.jpg,486
00057220.jpg,486
00057221.jpg,487
00057222.jpg,487
00057223.jpg,487
00057224.jpg,487
00057225.jpg,487
00057226.jpg,487
00057227.jpg,487
00057228.jpg,487
00057229.jpg,487
00057230.jpg,487
00057231.jpg,487
00057232.jpg,487
00057233.jpg,487
00057234.jpg,487
00057235.jpg,487
00057236.jpg,487
00057237.jpg,487
00057238.jpg,487
00057239.jpg,487
00057240.jpg,487
00057241.jpg,487
00057242.jpg,487
00057243.jpg,487
00057244.jpg,487
00057245.jpg,487
00057246.jpg,487
00057247.jpg,487
00057248.jpg,487
00057249.jpg,487
00057250.jpg,487
00057251.jpg,487
00057252.jpg,487
00057253.jpg,487
00057254.jpg,487
00057255.jpg,487
00057256.jpg,487
00057257.jpg,487
00057258.jpg,487
00057259.jpg,487
00057260.jpg,487
00057261.jpg,487
00057262.jpg,487
00057263.jpg,487
00057264.jpg,487
00057265.jpg,487
00057266.jpg,487
00057267.jpg,487
00057268.jpg,487
00057269.jpg,487
00057270.jpg,487
00057271.jpg,487
00057272.jpg,487
00057273.jpg,487
00057274.jpg,487
00057275.jpg,487
00057276.jpg,487
00057277.jpg,487
00057278.jpg,487
00057279.jpg,487
00057280.jpg,487
00057281.jpg,487
00057282.jpg,487
00057283.jpg,487
00057284.jpg,487
00057285.jpg,487
00057286.jpg,487
00057287.jpg,487
00057288.jpg,487
00057289.jpg,487
00057290.jpg,487
00057291.jpg,487
00057292.jpg,487
00057293.jpg,487
00057294.jpg,487
00057295.jpg,487
00057296.jpg,487
00057297.jpg,487
00057298.jpg,487
00057299.jpg,487
00057300.jpg,487
00057301.jpg,487
00057302.jpg,487
00057303.jpg,487
00057304.jpg,487
00057305.jpg,487
00057306.jpg,487
00057307.jpg,487
00057308.jpg,487
00057309.jpg,487
00057310.jpg,487
00057311.jpg,487
00057312.jpg,487
00057313.jpg,487
00057314.jpg,487
00057315.jpg,487
00057316.jpg,487
00057317.jpg,487
00057318.jpg,487
00057319.jpg,487
00057320.jpg,487
00057321.jpg,487
00057322.jpg,487
00057323.jpg,487
00057324.jpg,487
00057325.jpg,487
00057326.jpg,487
00057327.jpg,487
00057328.jpg,487
00057329.jpg,487
00057330.jpg,487
00057331.jpg,487
00057332.jpg,487
00057333.jpg,487
00057334.jpg,487
00057335.jpg,487
00057336.jpg,487
00057337.jpg,487
00057338.jpg,488
00057339.jpg,488
00057340.jpg,488
00057341.jpg,488
00057342.jpg,488
00057343.jpg,488
00057344.jpg,488
00057345.jpg,488
00057346.jpg,488
00057347.jpg,488
00057348.jpg,488
00057349.jpg,488
00057350.jpg,488
00057351.jpg,488
00057352.jpg,488
00057353.jpg,488
00057354.jpg,488
00057355.jpg,488
00057356.jpg,488
00057357.jpg,488
00057358.jpg,488
00057359.jpg,488
00057360.jpg,488
00057361.jpg,488
00057362.jpg,488
00057363.jpg,488
00057364.jpg,488
00057365.jpg,488
00057366.jpg,488
00057367.jpg,488
00057368.jpg,488
00057369.jpg,488
00057370.jpg,488
00057371.jpg,488
00057372.jpg,488
00057373.jpg,488
00057374.jpg,488
00057375.jpg,488
00057376.jpg,488
00057377.jpg,488
00057378.jpg,488
00057379.jpg,488
00057380.jpg,488
00057381.jpg,488
00057382.jpg,488
00057383.jpg,488
00057384.jpg,488
00057385.jpg,488
00057386.jpg,488
00057387.jpg,488
00057388.jpg,488
00057389.jpg,488
00057390.jpg,488
00057391.jpg,488
00057392.jpg,488
00057393.jpg,488
00057394.jpg,488
00057395.jpg,488
00057396.jpg,488
00057397.jpg,488
00057398.jpg,488
00057399.jpg,488
00057400.jpg,488
00057401.jpg,488
00057402.jpg,488
00057403.jpg,488
00057404.jpg,488
00057405.jpg,488
00057406.jpg,488
00057407.jpg,488
00057408.jpg,488
00057409.jpg,488
00057410.jpg,488
00057411.jpg,488
00057412.jpg,488
00057413.jpg,488
00057414.jpg,488
00057415.jpg,488
00057416.jpg,488
00057417.jpg,488
00057418.jpg,488
00057419.jpg,488
00057420.jpg,488
00057421.jpg,488
00057422.jpg,488
00057423.jpg,488
00057424.jpg,488
00057425.jpg,488
00057426.jpg,488
00057427.jpg,488
00057428.jpg,488
00057429.jpg,488
00057430.jpg,488
00057431.jpg,488
00057432.jpg,488
00057433.jpg,488
00057434.jpg,488
00057435.jpg,488
00057436.jpg,488
00057437.jpg,488
00057438.jpg,488
00057439.jpg,488
00057440.jpg,488
00057441.jpg,488
00057442.jpg,488
00057443.jpg,488
00057444.jpg,488
00057445.jpg,488
00057446.jpg,488
00057447.jpg,488
00057448.jpg,488
00057449.jpg,488
00057450.jpg,488
00057451.jpg,488
00057452.jpg,488
00057453.jpg,488
00057454.jpg,488
00057455.jpg,489
00057456.jpg,489
00057457.jpg,489
00057458.jpg,489
00057459.jpg,489
00057460.jpg,489
00057461.jpg,489
00057462.jpg,489
00057463.jpg,489
00057464.jpg,489
00057465.jpg,489
00057466.jpg,489
00057467.jpg,489
00057468.jpg,489
00057469.jpg,489
00057470.jpg,489
00057471.jpg,489
00057472.jpg,489
00057473.jpg,489
00057474.jpg,489
00057475.jpg,489
00057476.jpg,489
00057477.jpg,489
00057478.jpg,489
00057479.jpg,489
00057480.jpg,489
00057481.jpg,489
00057482.jpg,489
00057483.jpg,489
00057484.jpg,489
00057485.jpg,489
00057486.jpg,489
00057487.jpg,489
00057488.jpg,489
00057489.jpg,489
00057490.jpg,489
00057491.jpg,489
00057492.jpg,489
00057493.jpg,489
00057494.jpg,489
00057495.jpg,489
00057496.jpg,489
00057497.jpg,489
00057498.jpg,489
00057499.jpg,489
00057500.jpg,489
00057501.jpg,489
00057502.jpg,489
00057503.jpg,489
00057504.jpg,489
00057505.jpg,489
00057506.jpg,489
00057507.jpg,489
00057508.jpg,489
00057509.jpg,489
00057510.jpg,489
00057511.jpg,489
00057512.jpg,489
00057513.jpg,489
00057514.jpg,489
00057515.jpg,489
00057516.jpg,489
00057517.jpg,489
00057518.jpg,489
00057519.jpg,489
00057520.jpg,489
00057521.jpg,489
00057522.jpg,489
00057523.jpg,489
00057524.jpg,489
00057525.jpg,489
00057526.jpg,489
00057527.jpg,489
00057528.jpg,489
00057529.jpg,489
00057530.jpg,489
00057531.jpg,489
00057532.jpg,489
00057533.jpg,489
00057534.jpg,489
00057535.jpg,489
00057536.jpg,489
00057537.jpg,489
00057538.jpg,489
00057539.jpg,489
00057540.jpg,489
00057541.jpg,489
00057542.jpg,489
00057543.jpg,489
00057544.jpg,489
00057545.jpg,489
00057546.jpg,489
00057547.jpg,489
00057548.jpg,489
00057549.jpg,489
00057550.jpg,489
00057551.jpg,489
00057552.jpg,489
00057553.jpg,489
00057554.jpg,489
00057555.jpg,489
00057556.jpg,489
00057557.jpg,489
00057558.jpg,489
00057559.jpg,489
00057560.jpg,489
00057561.jpg,489
00057562.jpg,489
00057563.jpg,489
00057564.jpg,489
00057565.jpg,489
00057566.jpg,489
00057567.jpg,489
00057568.jpg,489
00057569.jpg,489
00057570.jpg,489
00057571.jpg,489
00057572.jpg,490
00057573.jpg,490
00057574.jpg,490
00057575.jpg,490
00057576.jpg,490
00057577.jpg,490
00057578.jpg,490
00057579.jpg,490
00057580.jpg,490
00057581.jpg,490
00057582.jpg,490
00057583.jpg,490
00057584.jpg,490
00057585.jpg,490
00057586.jpg,490
00057587.jpg,490
00057588.jpg,490
00057589.jpg,490
00057590.jpg,490
00057591.jpg,490
00057592.jpg,490
00057593.jpg,490
00057594.jpg,490
00057595.jpg,490
00057596.jpg,490
00057597.jpg,490
00057598.jpg,490
00057599.jpg,490
00057600.jpg,490
00057601.jpg,490
00057602.jpg,490
00057603.jpg,490
00057604.jpg,490
00057605.jpg,490
00057606.jpg,490
00057607.jpg,490
00057608.jpg,490
00057609.jpg,490
00057610.jpg,490
00057611.jpg,490
00057612.jpg,490
00057613.jpg,490
00057614.jpg,490
00057615.jpg,490
00057616.jpg,490
00057617.jpg,490
00057618.jpg,490
00057619.jpg,490
00057620.jpg,490
00057621.jpg,490
00057622.jpg,490
00057623.jpg,490
00057624.jpg,490
00057625.jpg,490
00057626.jpg,490
00057627.jpg,490
00057628.jpg,490
00057629.jpg,490
00057630.jpg,490
00057631.jpg,490
00057632.jpg,490
00057633.jpg,490
00057634.jpg,490
00057635.jpg,490
00057636.jpg,490
00057637.jpg,490
00057638.jpg,490
00057639.jpg,490
00057640.jpg,490
00057641.jpg,490
00057642.jpg,490
00057643.jpg,490
00057644.jpg,490
00057645.jpg,490
00057646.jpg,490
00057647.jpg,490
00057648.jpg,490
00057649.jpg,490
00057650.jpg,490
00057651.jpg,490
00057652.jpg,490
00057653.jpg,490
00057654.jpg,490
00057655.jpg,490
00057656.jpg,490
00057657.jpg,490
00057658.jpg,490
00057659.jpg,490
00057660.jpg,490
00057661.jpg,490
00057662.jpg,490
00057663.jpg,490
00057664.jpg,490
00057665.jpg,490
00057666.jpg,490
00057667.jpg,490
00057668.jpg,490
00057669.jpg,490
00057670.jpg,490
00057671.jpg,490
00057672.jpg,490
00057673.jpg,490
00057674.jpg,490
00057675.jpg,490
00057676.jpg,490
00057677.jpg,490
00057678.jpg,490
00057679.jpg,490
00057680.jpg,490
00057681.jpg,490
00057682.jpg,490
00057683.jpg,490
00057684.jpg,490
00057685.jpg,490
00057686.jpg,490
00057687.jpg,490
00057688.jpg,490
00057689.jpg,491
00057690.jpg,491
00057691.jpg,491
00057692.jpg,491
00057693.jpg,491
00057694.jpg,491
00057695.jpg,491
00057696.jpg,491
00057697.jpg,491
00057698.jpg,491
00057699.jpg,491
00057700.jpg,491
00057701.jpg,491
00057702.jpg,491
00057703.jpg,491
00057704.jpg,491
00057705.jpg,491
00057706.jpg,491
00057707.jpg,491
00057708.jpg,491
00057709.jpg,491
00057710.jpg,491
00057711.jpg,491
00057712.jpg,491
00057713.jpg,491
00057714.jpg,491
00057715.jpg,491
00057716.jpg,491
00057717.jpg,491
00057718.jpg,491
00057719.jpg,491
00057720.jpg,491
00057721.jpg,491
00057722.jpg,491
00057723.jpg,491
00057724.jpg,491
00057725.jpg,491
00057726.jpg,491
00057727.jpg,491
00057728.jpg,491
00057729.jpg,491
00057730.jpg,491
00057731.jpg,491
00057732.jpg,491
00057733.jpg,491
00057734.jpg,491
00057735.jpg,491
00057736.jpg,491
00057737.jpg,491
00057738.jpg,491
00057739.jpg,491
00057740.jpg,491
00057741.jpg,491
00057742.jpg,491
00057743.jpg,491
00057744.jpg,491
00057745.jpg,491
00057746.jpg,491
00057747.jpg,491
00057748.jpg,491
00057749.jpg,491
00057750.jpg,491
00057751.jpg,491
00057752.jpg,491
00057753.jpg,491
00057754.jpg,491
00057755.jpg,491
00057756.jpg,491
00057757.jpg,491
00057758.jpg,491
00057759.jpg,491
00057760.jpg,491
00057761.jpg,491
00057762.jpg,491
00057763.jpg,491
00057764.jpg,491
00057765.jpg,491
00057766.jpg,491
00057767.jpg,491
00057768.jpg,491
00057769.jpg,491
00057770.jpg,491
00057771.jpg,491
00057772.jpg,491
00057773.jpg,491
00057774.jpg,491
00057775.jpg,491
00057776.jpg,491
00057777.jpg,491
00057778.jpg,491
00057779.jpg,491
00057780.jpg,491
00057781.jpg,491
00057782.jpg,491
00057783.jpg,491
00057784.jpg,491
00057785.jpg,491
00057786.jpg,491
00057787.jpg,491
00057788.jpg,491
00057789.jpg,491
00057790.jpg,491
00057791.jpg,491
00057792.jpg,491
00057793.jpg,491
00057794.jpg,491
00057795.jpg,491
00057796.jpg,491
00057797.jpg,491
00057798.jpg,491
00057799.jpg,491
00057800.jpg,491
00057801.jpg,491
00057802.jpg,491
00057803.jpg,491
00057804.jpg,491
00057805.jpg,491
00057806.jpg,492
00057807.jpg,492
00057808.jpg,492
00057809.jpg,492
00057810.jpg,492
00057811.jpg,492
00057812.jpg,492
00057813.jpg,492
00057814.jpg,492
00057815.jpg,492
00057816.jpg,492
00057817.jpg,492
00057818.jpg,492
00057819.jpg,492
00057820.jpg,492
00057821.jpg,492
00057822.jpg,492
00057823.jpg,492
00057824.jpg,492
00057825.jpg,492
00057826.jpg,492
00057827.jpg,492
00057828.jpg,492
00057829.jpg,492
00057830.jpg,492
00057831.jpg,492
00057832.jpg,492
00057833.jpg,492
00057834.jpg,492
00057835.jpg,492
00057836.jpg,492
00057837.jpg,492
00057838.jpg,492
00057839.jpg,492
00057840.jpg,492
00057841.jpg,492
00057842.jpg,492
00057843.jpg,492
00057844.jpg,492
00057845.jpg,492
00057846.jpg,492
00057847.jpg,492
00057848.jpg,492
00057849.jpg,492
00057850.jpg,492
00057851.jpg,492
00057852.jpg,492
00057853.jpg,492
00057854.jpg,492
00057855.jpg,492
00057856.jpg,492
00057857.jpg,492
00057858.jpg,492
00057859.jpg,492
00057860.jpg,492
00057861.jpg,492
00057862.jpg,492
00057863.jpg,492
00057864.jpg,492
00057865.jpg,492
00057866.jpg,492
00057867.jpg,492
00057868.jpg,492
00057869.jpg,492
00057870.jpg,492
00057871.jpg,492
00057872.jpg,492
00057873.jpg,492
00057874.jpg,492
00057875.jpg,492
00057876.jpg,492
00057877.jpg,492
00057878.jpg,492
00057879.jpg,492
00057880.jpg,492
00057881.jpg,492
00057882.jpg,492
00057883.jpg,492
00057884.jpg,492
00057885.jpg,492
00057886.jpg,492
00057887.jpg,492
00057888.jpg,492
00057889.jpg,492
00057890.jpg,492
00057891.jpg,492
00057892.jpg,492
00057893.jpg,492
00057894.jpg,492
00057895.jpg,492
00057896.jpg,492
00057897.jpg,492
00057898.jpg,492
00057899.jpg,492
00057900.jpg,492
00057901.jpg,492
00057902.jpg,492
00057903.jpg,492
00057904.jpg,492
00057905.jpg,492
00057906.jpg,492
00057907.jpg,492
00057908.jpg,492
00057909.jpg,492
00057910.jpg,492
00057911.jpg,492
00057912.jpg,492
00057913.jpg,492
00057914.jpg,492
00057915.jpg,492
00057916.jpg,492
00057917.jpg,492
00057918.jpg,492
00057919.jpg,492
00057920.jpg,492
00057921.jpg,492
00057922.jpg,492
00057923.jpg,493
00057924.jpg,493
00057925.jpg,493
00057926.jpg,493
00057927.jpg,493
00057928.jpg,493
00057929.jpg,493
00057930.jpg,493
00057931.jpg,493
00057932.jpg,493
00057933.jpg,493
00057934.jpg,493
00057935.jpg,493
00057936.jpg,493
00057937.jpg,493
00057938.jpg,493
00057939.jpg,493
00057940.jpg,493
00057941.jpg,493
00057942.jpg,493
00057943.jpg,493
00057944.jpg,493
00057945.jpg,493
00057946.jpg,493
00057947.jpg,493
00057948.jpg,493
00057949.jpg,493
00057950.jpg,493
00057951.jpg,493
00057952.jpg,493
00057953.jpg,493
00057954.jpg,493
00057955.jpg,493
00057956.jpg,493
00057957.jpg,493
00057958.jpg,493
00057959.jpg,493
00057960.jpg,493
00057961.jpg,493
00057962.jpg,493
00057963.jpg,493
00057964.jpg,493
00057965.jpg,493
00057966.jpg,493
00057967.jpg,493
00057968.jpg,493
00057969.jpg,493
00057970.jpg,493
00057971.jpg,493
00057972.jpg,493
00057973.jpg,493
00057974.jpg,493
00057975.jpg,493
00057976.jpg,493
00057977.jpg,493
00057978.jpg,493
00057979.jpg,493
00057980.jpg,493
00057981.jpg,493
00057982.jpg,493
00057983.jpg,493
00057984.jpg,493
00057985.jpg,493
00057986.jpg,493
00057987.jpg,493
00057988.jpg,493
00057989.jpg,493
00057990.jpg,493
00057991.jpg,493
00057992.jpg,493
00057993.jpg,493
00057994.jpg,493
00057995.jpg,493
00057996.jpg,493
00057997.jpg,493
00057998.jpg,493
00057999.jpg,493
00058000.jpg,493
00058001.jpg,493
00058002.jpg,493
00058003.jpg,493
00058004.jpg,493
00058005.jpg,493
00058006.jpg,493
00058007.jpg,493
00058008.jpg,493
00058009.jpg,493
00058010.jpg,493
00058011.jpg,493
00058012.jpg,493
00058013.jpg,493
00058014.jpg,493
00058015.jpg,493
00058016.jpg,493
00058017.jpg,493
00058018.jpg,493
00058019.jpg,493
00058020.jpg,493
00058021.jpg,493
00058022.jpg,493
00058023.jpg,493
00058024.jpg,493
00058025.jpg,493
00058026.jpg,493
00058027.jpg,493
00058028.jpg,493
00058029.jpg,493
00058030.jpg,493
00058031.jpg,493
00058032.jpg,493
00058033.jpg,493
00058034.jpg,493
00058035.jpg,493
00058036.jpg,493
00058037.jpg,493
00058038.jpg,493
00058039.jpg,493
00058040.jpg,494
00058041.jpg,494
00058042.jpg,494
00058043.jpg,494
00058044.jpg,494
00058045.jpg,494
00058046.jpg,494
00058047.jpg,494
00058048.jpg,494
00058049.jpg,494
00058050.jpg,494
00058051.jpg,494
00058052.jpg,494
00058053.jpg,494
00058054.jpg,494
00058055.jpg,494
00058056.jpg,494
00058057.jpg,494
00058058.jpg,494
00058059.jpg,494
00058060.jpg,494
00058061.jpg,494
00058062.jpg,494
00058063.jpg,494
00058064.jpg,494
00058065.jpg,494
00058066.jpg,494
00058067.jpg,494
00058068.jpg,494
00058069.jpg,494
00058070.jpg,494
00058071.jpg,494
00058072.jpg,494
00058073.jpg,494
00058074.jpg,494
00058075.jpg,494
00058076.jpg,494
00058077.jpg,494
00058078.jpg,494
00058079.jpg,494
00058080.jpg,494
00058081.jpg,494
00058082.jpg,494
00058083.jpg,494
00058084.jpg,494
00058085.jpg,494
00058086.jpg,494
00058087.jpg,494
00058088.jpg,494
00058089.jpg,494
00058090.jpg,494
00058091.jpg,494
00058092.jpg,494
00058093.jpg,494
00058094.jpg,494
00058095.jpg,494
00058096.jpg,494
00058097.jpg,494
00058098.jpg,494
00058099.jpg,494
00058100.jpg,494
00058101.jpg,494
00058102.jpg,494
00058103.jpg,494
00058104.jpg,494
00058105.jpg,494
00058106.jpg,494
00058107.jpg,494
00058108.jpg,494
00058109.jpg,494
00058110.jpg,494
00058111.jpg,494
00058112.jpg,494
00058113.jpg,494
00058114.jpg,494
00058115.jpg,494
00058116.jpg,494
00058117.jpg,494
00058118.jpg,494
00058119.jpg,494
00058120.jpg,494
00058121.jpg,494
00058122.jpg,494
00058123.jpg,494
00058124.jpg,494
00058125.jpg,494
00058126.jpg,494
00058127.jpg,494
00058128.jpg,494
00058129.jpg,494
00058130.jpg,494
00058131.jpg,494
00058132.jpg,494
00058133.jpg,494
00058134.jpg,494
00058135.jpg,494
00058136.jpg,494
00058137.jpg,494
00058138.jpg,494
00058139.jpg,494
00058140.jpg,494
00058141.jpg,494
00058142.jpg,494
00058143.jpg,494
00058144.jpg,494
00058145.jpg,494
00058146.jpg,494
00058147.jpg,494
00058148.jpg,494
00058149.jpg,494
00058150.jpg,494
00058151.jpg,494
00058152.jpg,494
00058153.jpg,494
00058154.jpg,494
00058155.jpg,494
00058156.jpg,494
00058157.jpg,495
00058158.jpg,495
00058159.jpg,495
00058160.jpg,495
00058161.jpg,495
00058162.jpg,495
00058163.jpg,495
00058164.jpg,495
00058165.jpg,495
00058166.jpg,495
00058167.jpg,495
00058168.jpg,495
00058169.jpg,495
00058170.jpg,495
00058171.jpg,495
00058172.jpg,495
00058173.jpg,495
00058174.jpg,495
00058175.jpg,495
00058176.jpg,495
00058177.jpg,495
00058178.jpg,495
00058179.jpg,495
00058180.jpg,495
00058181.jpg,495
00058182.jpg,495
00058183.jpg,495
00058184.jpg,495
00058185.jpg,495
00058186.jpg,495
00058187.jpg,495
00058188.jpg,495
00058189.jpg,495
00058190.jpg,495
00058191.jpg,495
00058192.jpg,495
00058193.jpg,495
00058194.jpg,495
00058195.jpg,495
00058196.jpg,495
00058197.jpg,495
00058198.jpg,495
00058199.jpg,495
00058200.jpg,495
00058201.jpg,495
00058202.jpg,495
00058203.jpg,495
00058204.jpg,495
00058205.jpg,495
00058206.jpg,495
00058207.jpg,495
00058208.jpg,495
00058209.jpg,495
00058210.jpg,495
00058211.jpg,495
00058212.jpg,495
00058213.jpg,495
00058214.jpg,495
00058215.jpg,495
00058216.jpg,495
00058217.jpg,495
00058218.jpg,495
00058219.jpg,495
00058220.jpg,495
00058221.jpg,495
00058222.jpg,495
00058223.jpg,495
00058224.jpg,495
00058225.jpg,495
00058226.jpg,495
00058227.jpg,495
00058228.jpg,495
00058229.jpg,495
00058230.jpg,495
00058231.jpg,495
00058232.jpg,495
00058233.jpg,495
00058234.jpg,495
00058235.jpg,495
00058236.jpg,495
00058237.jpg,495
00058238.jpg,495
00058239.jpg,495
00058240.jpg,495
00058241.jpg,495
00058242.jpg,495
00058243.jpg,495
00058244.jpg,495
00058245.jpg,495
00058246.jpg,495
00058247.jpg,495
00058248.jpg,495
00058249.jpg,495
00058250.jpg,495
00058251.jpg,495
00058252.jpg,495
00058253.jpg,495
00058254.jpg,495
00058255.jpg,495
00058256.jpg,495
00058257.jpg,495
00058258.jpg,495
00058259.jpg,495
00058260.jpg,495
00058261.jpg,495
00058262.jpg,495
00058263.jpg,495
00058264.jpg,495
00058265.jpg,495
00058266.jpg,495
00058267.jpg,495
00058268.jpg,495
00058269.jpg,495
00058270.jpg,495
00058271.jpg,495
00058272.jpg,495
00058273.jpg,495
00058274.jpg,496
00058275.jpg,496
00058276.jpg,496
00058277.jpg,496
00058278.jpg,496
00058279.jpg,496
00058280.jpg,496
00058281.jpg,496
00058282.jpg,496
00058283.jpg,496
00058284.jpg,496
00058285.jpg,496
00058286.jpg,496
00058287.jpg,496
00058288.jpg,496
00058289.jpg,496
00058290.jpg,496
00058291.jpg,496
00058292.jpg,496
00058293.jpg,496
00058294.jpg,496
00058295.jpg,496
00058296.jpg,496
00058297.jpg,496
00058298.jpg,496
00058299.jpg,496
00058300.jpg,496
00058301.jpg,496
00058302.jpg,496
00058303.jpg,496
00058304.jpg,496
00058305.jpg,496
00058306.jpg,496
00058307.jpg,496
00058308.jpg,496
00058309.jpg,496
00058310.jpg,496
00058311.jpg,496
00058312.jpg,496
00058313.jpg,496
00058314.jpg,496
00058315.jpg,496
00058316.jpg,496
00058317.jpg,496
00058318.jpg,496
00058319.jpg,496
00058320.jpg,496
00058321.jpg,496
00058322.jpg,496
00058323.jpg,496
00058324.jpg,496
00058325.jpg,496
00058326.jpg,496
00058327.jpg,496
00058328.jpg,496
00058329.jpg,496
00058330.jpg,496
00058331.jpg,496
00058332.jpg,496
00058333.jpg,496
00058334.jpg,496
00058335.jpg,496
00058336.jpg,496
00058337.jpg,496
00058338.jpg,496
00058339.jpg,496
00058340.jpg,496
00058341.jpg,496
00058342.jpg,496
00058343.jpg,496
00058344.jpg,496
00058345.jpg,496
00058346.jpg,496
00058347.jpg,496
00058348.jpg,496
00058349.jpg,496
00058350.jpg,496
00058351.jpg,496
00058352.jpg,496
00058353.jpg,496
00058354.jpg,496
00058355.jpg,496
00058356.jpg,496
00058357.jpg,496
00058358.jpg,496
00058359.jpg,496
00058360.jpg,496
00058361.jpg,496
00058362.jpg,496
00058363.jpg,496
00058364.jpg,496
00058365.jpg,496
00058366.jpg,496
00058367.jpg,496
00058368.jpg,496
00058369.jpg,496
00058370.jpg,496
00058371.jpg,496
00058372.jpg,496
00058373.jpg,496
00058374.jpg,496
00058375.jpg,496
00058376.jpg,496
00058377.jpg,496
00058378.jpg,496
00058379.jpg,496
00058380.jpg,496
00058381.jpg,496
00058382.jpg,496
00058383.jpg,496
00058384.jpg,496
00058385.jpg,496
00058386.jpg,496
00058387.jpg,496
00058388.jpg,496
00058389.jpg,496
00058390.jpg,496
00058391.jpg,497
00058392.jpg,497
00058393.jpg,497
00058394.jpg,497
00058395.jpg,497
00058396.jpg,497
00058397.jpg,497
00058398.jpg,497
00058399.jpg,497
00058400.jpg,497
00058401.jpg,497
00058402.jpg,497
00058403.jpg,497
00058404.jpg,497
00058405.jpg,497
00058406.jpg,497
00058407.jpg,497
00058408.jpg,497
00058409.jpg,497
00058410.jpg,497
00058411.jpg,497
00058412.jpg,497
00058413.jpg,497
00058414.jpg,497
00058415.jpg,497
00058416.jpg,497
00058417.jpg,497
00058418.jpg,497
00058419.jpg,497
00058420.jpg,497
00058421.jpg,497
00058422.jpg,497
00058423.jpg,497
00058424.jpg,497
00058425.jpg,497
00058426.jpg,497
00058427.jpg,497
00058428.jpg,497
00058429.jpg,497
00058430.jpg,497
00058431.jpg,497
00058432.jpg,497
00058433.jpg,497
00058434.jpg,497
00058435.jpg,497
00058436.jpg,497
00058437.jpg,497
00058438.jpg,497
00058439.jpg,497
00058440.jpg,497
00058441.jpg,497
00058442.jpg,497
00058443.jpg,497
00058444.jpg,497
00058445.jpg,497
00058446.jpg,497
00058447.jpg,497
00058448.jpg,497
00058449.jpg,497
00058450.jpg,497
00058451.jpg,497
00058452.jpg,497
00058453.jpg,497
00058454.jpg,497
00058455.jpg,497
00058456.jpg,497
00058457.jpg,497
00058458.jpg,497
00058459.jpg,497
00058460.jpg,497
00058461.jpg,497
00058462.jpg,497
00058463.jpg,497
00058464.jpg,497
00058465.jpg,497
00058466.jpg,497
00058467.jpg,497
00058468.jpg,497
00058469.jpg,497
00058470.jpg,497
00058471.jpg,497
00058472.jpg,497
00058473.jpg,497
00058474.jpg,497
00058475.jpg,497
00058476.jpg,497
00058477.jpg,497
00058478.jpg,497
00058479.jpg,497
00058480.jpg,497
00058481.jpg,497
00058482.jpg,497
00058483.jpg,497
00058484.jpg,497
00058485.jpg,497
00058486.jpg,497
00058487.jpg,497
00058488.jpg,497
00058489.jpg,497
00058490.jpg,497
00058491.jpg,497
00058492.jpg,497
00058493.jpg,497
00058494.jpg,497
00058495.jpg,497
00058496.jpg,497
00058497.jpg,497
00058498.jpg,497
00058499.jpg,497
00058500.jpg,497
00058501.jpg,497
00058502.jpg,497
00058503.jpg,497
00058504.jpg,497
00058505.jpg,497
00058506.jpg,497
00058507.jpg,497
00058508.jpg,498
00058509.jpg,498
00058510.jpg,498
00058511.jpg,498
00058512.jpg,498
00058513.jpg,498
00058514.jpg,498
00058515.jpg,498
00058516.jpg,498
00058517.jpg,498
00058518.jpg,498
00058519.jpg,498
00058520.jpg,498
00058521.jpg,498
00058522.jpg,498
00058523.jpg,498
00058524.jpg,498
00058525.jpg,498
00058526.jpg,498
00058527.jpg,498
00058528.jpg,498
00058529.jpg,498
00058530.jpg,498
00058531.jpg,498
00058532.jpg,498
00058533.jpg,498
00058534.jpg,498
00058535.jpg,498
00058536.jpg,498
00058537.jpg,498
00058538.jpg,498
00058539.jpg,498
00058540.jpg,498
00058541.jpg,498
00058542.jpg,498
00058543.jpg,498
00058544.jpg,498
00058545.jpg,498
00058546.jpg,498
00058547.jpg,498
00058548.jpg,498
00058549.jpg,498
00058550.jpg,498
00058551.jpg,498
00058552.jpg,498
00058553.jpg,498
00058554.jpg,498
00058555.jpg,498
00058556.jpg,498
00058557.jpg,498
00058558.jpg,498
00058559.jpg,498
00058560.jpg,498
00058561.jpg,498
00058562.jpg,498
00058563.jpg,498
00058564.jpg,498
00058565.jpg,498
00058566.jpg,498
00058567.jpg,498
00058568.jpg,498
00058569.jpg,498
00058570.jpg,498
00058571.jpg,498
00058572.jpg,498
00058573.jpg,498
00058574.jpg,498
00058575.jpg,498
00058576.jpg,498
00058577.jpg,498
00058578.jpg,498
00058579.jpg,498
00058580.jpg,498
00058581.jpg,498
00058582.jpg,498
00058583.jpg,498
00058584.jpg,498
00058585.jpg,498
00058586.jpg,498
00058587.jpg,498
00058588.jpg,498
00058589.jpg,498
00058590.jpg,498
00058591.jpg,498
00058592.jpg,498
00058593.jpg,498
00058594.jpg,498
00058595.jpg,498
00058596.jpg,498
00058597.jpg,498
00058598.jpg,498
00058599.jpg,498
00058600.jpg,498
00058601.jpg,498
00058602.jpg,498
00058603.jpg,498
00058604.jpg,498
00058605.jpg,498
00058606.jpg,498
00058607.jpg,498
00058608.jpg,498
00058609.jpg,498
00058610.jpg,498
00058611.jpg,498
00058612.jpg,498
00058613.jpg,498
00058614.jpg,498
00058615.jpg,498
00058616.jpg,498
00058617.jpg,498
00058618.jpg,498
00058619.jpg,498
00058620.jpg,498
00058621.jpg,498
00058622.jpg,498
00058623.jpg,498
00058624.jpg,498
00058625.jpg,499
00058626.jpg,499
00058627.jpg,499
00058628.jpg,499
00058629.jpg,499
00058630.jpg,499
00058631.jpg,499
00058632.jpg,499
00058633.jpg,499
00058634.jpg,499
00058635.jpg,499
00058636.jpg,499
00058637.jpg,499
00058638.jpg,499
00058639.jpg,499
00058640.jpg,499
00058641.jpg,499
00058642.jpg,499
00058643.jpg,499
00058644.jpg,499
00058645.jpg,499
00058646.jpg,499
00058647.jpg,499
00058648.jpg,499
00058649.jpg,499
00058650.jpg,499
00058651.jpg,499
00058652.jpg,499
00058653.jpg,499
00058654.jpg,499
00058655.jpg,499
00058656.jpg,499
00058657.jpg,499
00058658.jpg,499
00058659.jpg,499
00058660.jpg,499
00058661.jpg,499
00058662.jpg,499
00058663.jpg,499
00058664.jpg,499
00058665.jpg,499
00058666.jpg,499
00058667.jpg,499
00058668.jpg,499
00058669.jpg,499
00058670.jpg,499
00058671.jpg,499
00058672.jpg,499
00058673.jpg,499
00058674.jpg,499
00058675.jpg,499
00058676.jpg,499
00058677.jpg,499
00058678.jpg,499
00058679.jpg,499
00058680.jpg,499
00058681.jpg,499
00058682.jpg,499
00058683.jpg,499
00058684.jpg,499
00058685.jpg,499
00058686.jpg,499
00058687.jpg,499
00058688.jpg,499
00058689.jpg,499
00058690.jpg,499
00058691.jpg,499
00058692.jpg,499
00058693.jpg,499
00058694.jpg,499
00058695.jpg,499
00058696.jpg,499
00058697.jpg,499
00058698.jpg,499
00058699.jpg,499
00058700.jpg,499
00058701.jpg,499
00058702.jpg,499
00058703.jpg,499
00058704.jpg,499
00058705.jpg,499
00058706.jpg,499
00058707.jpg,499
00058708.jpg,499
00058709.jpg,499
00058710.jpg,499
00058711.jpg,499
00058712.jpg,499
00058713.jpg,499
00058714.jpg,499
00058715.jpg,499
00058716.jpg,499
00058717.jpg,499
00058718.jpg,499
00058719.jpg,499
00058720.jpg,499
00058721.jpg,499
00058722.jpg,499
00058723.jpg,499
00058724.jpg,499
00058725.jpg,499
00058726.jpg,499
00058727.jpg,499
00058728.jpg,499
00058729.jpg,499
00058730.jpg,499
00058731.jpg,499
00058732.jpg,499
00058733.jpg,499
00058734.jpg,499
00058735.jpg,499
00058736.jpg,499
00058737.jpg,499
00058738.jpg,499
00058739.jpg,499
00058740.jpg,499
00058741.jpg,499
