image_name,chunk
animal/bear/000000003481.jpg,0
animal/bear/000000005745.jpg,0
animal/bear/000000011552.jpg,0
animal/bear/000000027439.jpg,0
animal/bear/000000055601.jpg,0
animal/bear/000000067118.jpg,0
animal/bear/000000074032.jpg,0
animal/bear/000000083773.jpg,0
animal/bear/000000115681.jpg,0
animal/bear/000000123891.jpg,0
animal/bear/000000133428.jpg,0
animal/bear/000000138239.jpg,0
animal/bear/000000139892.jpg,0
animal/bear/000000150812.jpg,0
animal/bear/000000162767.jpg,0
animal/bear/000000175210.jpg,0
animal/bear/000000180046.jpg,0
animal/bear/000000182927.jpg,0
animal/bear/000000204640.jpg,0
animal/bear/000000208371.jpg,0
animal/bear/000000213437.jpg,1
animal/bear/000000216455.jpg,1
animal/bear/000000220306.jpg,1
animal/bear/000000223950.jpg,1
animal/bear/000000224193.jpg,1
animal/bear/000000233948.jpg,1
animal/bear/000000242290.jpg,1
animal/bear/000000267898.jpg,1
animal/bear/000000272804.jpg,1
animal/bear/000000285089.jpg,1
animal/bear/000000289354.jpg,1
animal/bear/000000296283.jpg,1
animal/bear/000000303250.jpg,1
animal/bear/000000313412.jpg,1
animal/bear/000000321092.jpg,1
animal/bear/000000327159.jpg,1
animal/bear/000000338488.jpg,1
animal/bear/000000344075.jpg,1
animal/bear/000000352129.jpg,1
animal/bear/000000354326.jpg,1
animal/bear/000000355276.jpg,2
animal/bear/000000357386.jpg,2
animal/bear/000000368309.jpg,2
animal/bear/000000396194.jpg,2
animal/bear/000000417577.jpg,2
animal/bear/000000419604.jpg,2
animal/bear/000000420544.jpg,2
animal/bear/000000421986.jpg,2
animal/bear/000000444087.jpg,2
animal/bear/000000446764.jpg,2
animal/bear/000000452263.jpg,2
animal/bear/000000454832.jpg,2
animal/bear/000000454979.jpg,2
animal/bear/000000466024.jpg,2
animal/bear/000000473030.jpg,2
animal/bear/000000474246.jpg,2
animal/bear/000000474543.jpg,2
animal/bear/000000486686.jpg,2
animal/bear/000000497042.jpg,2
animal/bear/000000504550.jpg,2
animal/bear/000000519089.jpg,3
animal/bear/000000528882.jpg,3
animal/bear/000000538957.jpg,3
animal/bear/000000544279.jpg,3
animal/bear/000000553162.jpg,3
animal/bear/000000565077.jpg,3
animal/bear/000000571074.jpg,3
animal/bear/000000574152.jpg,3
animal/bear/n02132136_11173.jpg,3
animal/bear/n02132136_1152.jpg,3
animal/bear/n02132136_1156.jpg,3
animal/bear/n02132136_19256.jpg,3
animal/bear/n02132136_19488.jpg,3
animal/bear/n02132136_1954.jpg,3
animal/bear/n02132136_2279.jpg,3
animal/bear/n02132136_2313.jpg,3
animal/bear/n02132136_3066.jpg,3
animal/bear/n02132136_3328.jpg,3
animal/bear/n02132136_4277.jpg,3
animal/bear/n02132136_4426.jpg,3
animal/bear/n02132136_4685.jpg,4
animal/bear/n02132136_4740.jpg,4
animal/bear/n02132136_538.jpg,4
animal/bear/n02132136_686.jpg,4
animal/bear/n02132136_6967.jpg,4
animal/bear/n02132136_7468.jpg,4
animal/bear/n02132136_965.jpg,4
animal/bear/n02132580_13942.jpg,4
animal/bear/n02132580_19931.jpg,4
animal/bear/n02132580_21450.jpg,4
animal/bear/n02132580_22386.jpg,4
animal/bear/n02132580_23122.jpg,4
animal/bear/n02132580_23336.jpg,4
animal/bear/n02132580_23449.jpg,4
animal/bear/n02132580_24520.jpg,4
animal/bear/n02132580_5128.jpg,4
animal/bear/n02133161_1066.jpg,4
animal/bear/n02133161_10846.jpg,4
animal/bear/n02133161_1148.jpg,4
animal/bear/n02133161_1201.jpg,4
animal/cat/000000036559.jpg,5
animal/cat/000000043655.jpg,5
animal/cat/000000044545.jpg,5
animal/cat/000000067164.jpg,5
animal/cat/000000073260.jpg,5
animal/cat/000000073467.jpg,5
animal/cat/000000074883.jpg,5
animal/cat/000000077417.jpg,5
animal/cat/000000094444.jpg,5
animal/cat/000000096517.jpg,5
animal/cat/000000098871.jpg,5
animal/cat/000000111400.jpg,5
animal/cat/000000115642.jpg,5
animal/cat/000000117407.jpg,5
animal/cat/000000124462.jpg,5
animal/cat/000000127056.jpg,5
animal/cat/000000132752.jpg,5
animal/cat/000000140360.jpg,5
animal/cat/000000141376.jpg,5
animal/cat/000000142484.jpg,5
animal/cat/000000145476.jpg,6
animal/cat/000000150691.jpg,6
animal/cat/000000163715.jpg,6
animal/cat/000000207093.jpg,6
animal/cat/000000220292.jpg,6
animal/cat/000000223757.jpg,6
animal/cat/000000223942.jpg,6
animal/cat/000000224833.jpg,6
animal/cat/000000233169.jpg,6
animal/cat/000000233613.jpg,6
animal/cat/000000234475.jpg,6
animal/cat/000000250924.jpg,6
animal/cat/000000255420.jpg,6
animal/cat/000000262118.jpg,6
animal/cat/000000266627.jpg,6
animal/cat/000000268781.jpg,6
animal/cat/000000288560.jpg,6
animal/cat/000000288639.jpg,6
animal/cat/000000291603.jpg,6
animal/cat/000000292993.jpg,6
animal/cat/000000296244.jpg,7
animal/cat/000000301697.jpg,7
animal/cat/000000306173.jpg,7
animal/cat/000000311290.jpg,7
animal/cat/000000318722.jpg,7
animal/cat/000000318837.jpg,7
animal/cat/000000325298.jpg,7
animal/cat/000000329641.jpg,7
animal/cat/000000338091.jpg,7
animal/cat/000000349777.jpg,7
animal/cat/000000352117.jpg,7
animal/cat/000000353149.jpg,7
animal/cat/000000359710.jpg,7
animal/cat/000000367468.jpg,7
animal/cat/000000369132.jpg,7
animal/cat/000000379620.jpg,7
animal/cat/000000381605.jpg,7
animal/cat/000000382710.jpg,7
animal/cat/000000386291.jpg,7
animal/cat/000000386414.jpg,7
animal/cat/000000389541.jpg,8
animal/cat/000000393046.jpg,8
animal/cat/000000395555.jpg,8
animal/cat/000000395987.jpg,8
animal/cat/000000404172.jpg,8
animal/cat/000000411065.jpg,8
animal/cat/000000414487.jpg,8
animal/cat/000000416006.jpg,8
animal/cat/000000419008.jpg,8
animal/cat/000000428266.jpg,8
animal/cat/000000433123.jpg,8
animal/cat/000000437126.jpg,8
animal/cat/000000439085.jpg,8
animal/cat/000000440067.jpg,8
animal/cat/000000445267.jpg,8
animal/cat/000000452696.jpg,8
animal/cat/000000467172.jpg,8
animal/cat/000000474764.jpg,8
animal/cat/000000477673.jpg,8
animal/cat/000000485139.jpg,8
animal/cat/000000502275.jpg,9
animal/cat/000000503294.jpg,9
animal/cat/000000503938.jpg,9
animal/cat/000000511148.jpg,9
animal/cat/000000511239.jpg,9
animal/cat/000000518324.jpg,9
animal/cat/000000530489.jpg,9
animal/cat/000000531594.jpg,9
animal/cat/000000532491.jpg,9
animal/cat/000000535080.jpg,9
animal/cat/000000535679.jpg,9
animal/cat/000000537022.jpg,9
animal/cat/000000543264.jpg,9
animal/cat/000000559776.jpg,9
animal/cat/000000567754.jpg,9
animal/cat/000000571671.jpg,9
animal/cat/000000576072.jpg,9
animal/cat/000000580427.jpg,9
animal/cat/n02123045_13139.jpg,9
animal/cat/n02123597_11551.jpg,9
animal/chicken/n01514668_10672.jpg,10
animal/chicken/n01514668_10820.jpg,10
animal/chicken/n01514668_11498.jpg,10
animal/chicken/n01514668_12187.jpg,10
animal/chicken/n01514668_13509.jpg,10
animal/chicken/n01514668_14530.jpg,10
animal/chicken/n01514668_14572.jpg,10
animal/chicken/n01514668_15917.jpg,10
animal/chicken/n01514668_17062.jpg,10
animal/chicken/n01514668_17461.jpg,10
animal/chicken/n01514668_18223.jpg,10
animal/chicken/n01514668_18613.jpg,10
animal/chicken/n01514668_18729.jpg,10
animal/chicken/n01514668_18848.jpg,10
animal/chicken/n01514668_20239.jpg,10
animal/chicken/n01514668_20315.jpg,10
animal/chicken/n01514668_20424.jpg,10
animal/chicken/n01514668_20610.jpg,10
animal/chicken/n01514668_20967.jpg,10
animal/chicken/n01514668_21350.jpg,10
animal/chicken/n01514668_22000.jpg,11
animal/chicken/n01514668_23654.jpg,11
animal/chicken/n01514668_3493.jpg,11
animal/chicken/n01514668_3668.jpg,11
animal/chicken/n01514668_4216.jpg,11
animal/chicken/n01514668_4832.jpg,11
animal/chicken/n01514668_690.jpg,11
animal/chicken/n01514668_7269.jpg,11
animal/chicken/n01514668_7597.jpg,11
animal/chicken/n01514668_8514.jpg,11
animal/chicken/n01514668_9003.jpg,11
animal/chicken/n01514668_9306.jpg,11
animal/chicken/n01514859_10423.jpg,11
animal/chicken/n01514859_10488.jpg,11
animal/chicken/n01514859_10948.jpg,11
animal/chicken/n01514859_11835.jpg,11
animal/chicken/n01514859_12292.jpg,11
animal/chicken/n01514859_12538.jpg,11
animal/chicken/n01514859_129.jpg,11
animal/chicken/n01514859_1469.jpg,11
animal/chicken/n01514859_2765.jpg,12
animal/chicken/n01514859_3543.jpg,12
animal/chicken/n01514859_3773.jpg,12
animal/chicken/n01514859_4042.jpg,12
animal/chicken/n01514859_4045.jpg,12
animal/chicken/n01514859_4051.jpg,12
animal/chicken/n01514859_4326.jpg,12
animal/chicken/n01514859_4612.jpg,12
animal/chicken/n01514859_4910.jpg,12
animal/chicken/n01514859_4999.jpg,12
animal/chicken/n01514859_5565.jpg,12
animal/chicken/n01514859_6450.jpg,12
animal/chicken/n01514859_6640.jpg,12
animal/chicken/n01514859_6849.jpg,12
animal/chicken/n01514859_7029.jpg,12
animal/chicken/n01514859_7634.jpg,12
animal/chicken/n01514859_945.jpg,12
animal/chicken/n01791625_10861.jpg,12
animal/chicken/n01791625_12250.jpg,12
animal/chicken/n01791625_12394.jpg,12
animal/chicken/n01791625_12948.jpg,13
animal/chicken/n01791625_15716.jpg,13
animal/chicken/n01791625_16028.jpg,13
animal/chicken/n01791625_16100.jpg,13
animal/chicken/n01791625_16214.jpg,13
animal/chicken/n01791625_17466.jpg,13
animal/chicken/n01791625_3148.jpg,13
animal/chicken/n01791625_526.jpg,13
animal/chicken/n01791625_644.jpg,13
animal/chicken/n01791625_8908.jpg,13
animal/chicken/n01791625_9841.jpg,13
animal/chicken/n01792640_10135.jpg,13
animal/chicken/n01792640_11755.jpg,13
animal/chicken/n01792640_13474.jpg,13
animal/chicken/n01792640_14323.jpg,13
animal/chicken/n01792640_19952.jpg,13
animal/chicken/n01792640_22171.jpg,13
animal/chicken/n01792640_2815.jpg,13
animal/chicken/n01792640_4344.jpg,13
animal/chicken/n01792640_5386.jpg,13
animal/chicken/n01792640_6568.jpg,14
animal/chicken/n01792640_6987.jpg,14
animal/chicken/n01792640_712.jpg,14
animal/chicken/n01792640_8097.jpg,14
animal/chicken/n01792955_11320.jpg,14
animal/chicken/n01792955_16450.jpg,14
animal/chicken/n01792955_2693.jpg,14
animal/chicken/n01792955_454.jpg,14
animal/chicken/n01792955_93.jpg,14
animal/chicken/n01793435_1195.jpg,14
animal/chicken/n01793435_2190.jpg,14
animal/chicken/n01793435_2306.jpg,14
animal/chicken/n01793435_2761.jpg,14
animal/chicken/n01793435_425.jpg,14
animal/chicken/n01793435_5738.jpg,14
animal/chicken/n01793435_7070.jpg,14
animal/chicken/n01793435_7545.jpg,14
animal/chicken/n01793435_9649.jpg,14
animal/chicken/n01793435_9890.jpg,14
animal/chicken/n01793435_9973.jpg,14
animal/cow/000000003480.jpg,15
animal/cow/000000018534.jpg,15
animal/cow/000000019974.jpg,15
animal/cow/000000022983.jpg,15
animal/cow/000000029341.jpg,15
animal/cow/000000051094.jpg,15
animal/cow/000000055722.jpg,15
animal/cow/000000060687.jpg,15
animal/cow/000000067082.jpg,15
animal/cow/000000068030.jpg,15
animal/cow/000000070603.jpg,15
animal/cow/000000072905.jpg,15
animal/cow/000000080363.jpg,15
animal/cow/000000082935.jpg,15
animal/cow/000000088176.jpg,15
animal/cow/000000088382.jpg,15
animal/cow/000000089668.jpg,15
animal/cow/000000089895.jpg,15
animal/cow/000000092679.jpg,15
animal/cow/000000094716.jpg,15
animal/cow/000000104095.jpg,16
animal/cow/000000106589.jpg,16
animal/cow/000000112295.jpg,16
animal/cow/000000113852.jpg,16
animal/cow/000000114246.jpg,16
animal/cow/000000123229.jpg,16
animal/cow/000000130221.jpg,16
animal/cow/000000131390.jpg,16
animal/cow/000000133137.jpg,16
animal/cow/000000139105.jpg,16
animal/cow/000000139455.jpg,16
animal/cow/000000149832.jpg,16
animal/cow/000000153428.jpg,16
animal/cow/000000153973.jpg,16
animal/cow/000000159196.jpg,16
animal/cow/000000166021.jpg,16
animal/cow/000000166223.jpg,16
animal/cow/000000189459.jpg,16
animal/cow/000000195204.jpg,16
animal/cow/000000213961.jpg,16
animal/cow/000000221895.jpg,17
animal/cow/000000222893.jpg,17
animal/cow/000000223123.jpg,17
animal/cow/000000223511.jpg,17
animal/cow/000000231668.jpg,17
animal/cow/000000233383.jpg,17
animal/cow/000000239762.jpg,17
animal/cow/000000253030.jpg,17
animal/cow/000000256284.jpg,17
animal/cow/000000264615.jpg,17
animal/cow/000000267797.jpg,17
animal/cow/000000270431.jpg,17
animal/cow/000000278437.jpg,17
animal/cow/000000282572.jpg,17
animal/cow/000000284536.jpg,17
animal/cow/000000288076.jpg,17
animal/cow/000000288117.jpg,17
animal/cow/000000305888.jpg,17
animal/cow/000000318708.jpg,17
animal/cow/000000319469.jpg,17
animal/cow/000000333550.jpg,18
animal/cow/000000335624.jpg,18
animal/cow/000000345835.jpg,18
animal/cow/000000346511.jpg,18
animal/cow/000000347445.jpg,18
animal/cow/000000349408.jpg,18
animal/cow/000000352276.jpg,18
animal/cow/000000352307.jpg,18
animal/cow/000000363067.jpg,18
animal/cow/000000373153.jpg,18
animal/cow/000000397309.jpg,18
animal/cow/000000411415.jpg,18
animal/cow/000000412922.jpg,18
animal/cow/000000414679.jpg,18
animal/cow/000000416684.jpg,18
animal/cow/000000416948.jpg,18
animal/cow/000000419780.jpg,18
animal/cow/000000421502.jpg,18
animal/cow/000000444166.jpg,18
animal/cow/000000447684.jpg,18
animal/cow/000000449985.jpg,19
animal/cow/000000455443.jpg,19
animal/cow/000000466635.jpg,19
animal/cow/000000470525.jpg,19
animal/cow/000000484384.jpg,19
animal/cow/000000486005.jpg,19
animal/cow/000000487340.jpg,19
animal/cow/000000488043.jpg,19
animal/cow/000000489261.jpg,19
animal/cow/000000493612.jpg,19
animal/cow/000000507547.jpg,19
animal/cow/000000518555.jpg,19
animal/cow/000000526456.jpg,19
animal/cow/000000528189.jpg,19
animal/cow/000000532145.jpg,19
animal/cow/000000533051.jpg,19
animal/cow/000000534311.jpg,19
animal/cow/000000541510.jpg,19
animal/cow/000000551533.jpg,19
animal/cow/000000576206.jpg,19
animal/deer/n02430045_12102.jpg,20
animal/deer/n02430045_12809.jpg,20
animal/deer/n02430045_13141.jpg,20
animal/deer/n02430045_2153.jpg,20
animal/deer/n02430045_2199.jpg,20
animal/deer/n02430045_2537.jpg,20
animal/deer/n02430045_2970.jpg,20
animal/deer/n02430045_3429.jpg,20
animal/deer/n02430045_3448.jpg,20
animal/deer/n02430045_3541.jpg,20
animal/deer/n02430045_3544.jpg,20
animal/deer/n02430045_3668.jpg,20
animal/deer/n02430045_3946.jpg,20
animal/deer/n02430045_3966.jpg,20
animal/deer/n02430045_4014.jpg,20
animal/deer/n02430045_4065.jpg,20
animal/deer/n02430045_4172.jpg,20
animal/deer/n02430045_4240.jpg,20
animal/deer/n02430045_4491.jpg,20
animal/deer/n02430045_4675.jpg,20
animal/deer/n02430045_4757.jpg,21
animal/deer/n02430045_4873.jpg,21
animal/deer/n02430045_4987.jpg,21
animal/deer/n02430045_5322.jpg,21
animal/deer/n02430045_5497.jpg,21
animal/deer/n02430045_5590.jpg,21
animal/deer/n02430045_5788.jpg,21
animal/deer/n02430045_5793.jpg,21
animal/deer/n02430045_5804.jpg,21
animal/deer/n02430045_5913.jpg,21
animal/deer/n02430045_5923.jpg,21
animal/deer/n02430045_5975.jpg,21
animal/deer/n02430045_6047.jpg,21
animal/deer/n02430045_6255.jpg,21
animal/deer/n02430045_6289.jpg,21
animal/deer/n02430045_6571.jpg,21
animal/deer/n02430045_972.jpg,21
animal/deer/n02431337_2676.jpg,21
animal/deer/n02431337_6373.jpg,21
animal/deer/n02431441_110.jpg,21
animal/deer/n02431441_12219.jpg,22
animal/deer/n02431441_12391.jpg,22
animal/deer/n02431441_1782.jpg,22
animal/deer/n02431441_4277.jpg,22
animal/deer/n02431441_4390.jpg,22
animal/deer/n02431441_574.jpg,22
animal/deer/n02431441_6672.jpg,22
animal/deer/n02431441_6696.jpg,22
animal/deer/n02431441_6984.jpg,22
animal/deer/n02431441_8356.jpg,22
animal/deer/n02431628_2953.jpg,22
animal/deer/n02431628_3572.jpg,22
animal/deer/n02431628_4958.jpg,22
animal/deer/n02431628_6620.jpg,22
animal/deer/n02431628_6756.jpg,22
animal/deer/n02431785_13508.jpg,22
animal/deer/n02431785_21925.jpg,22
animal/deer/n02431785_24562.jpg,22
animal/deer/n02431785_25175.jpg,22
animal/deer/n02431785_3713.jpg,22
animal/deer/n02431785_3863.jpg,23
animal/deer/n02431785_6514.jpg,23
animal/deer/n02432983_11100.jpg,23
animal/deer/n02432983_12479.jpg,23
animal/deer/n02432983_13135.jpg,23
animal/deer/n02432983_15990.jpg,23
animal/deer/n02432983_20323.jpg,23
animal/deer/n02432983_20980.jpg,23
animal/deer/n02432983_23360.jpg,23
animal/deer/n02432983_23378.jpg,23
animal/deer/n02432983_25277.jpg,23
animal/deer/n02432983_25342.jpg,23
animal/deer/n02432983_26897.jpg,23
animal/deer/n02432983_27024.jpg,23
animal/deer/n02432983_2922.jpg,23
animal/deer/n02432983_5356.jpg,23
animal/deer/n02432983_7830.jpg,23
animal/deer/n02433729_2259.jpg,23
animal/deer/n02433729_3376.jpg,23
animal/deer/n02433729_8491.jpg,23
animal/deer/n02433729_8495.jpg,24
animal/deer/n02433729_8548.jpg,24
animal/deer/n02433729_8950.jpg,24
animal/deer/n02433925_23052.jpg,24
animal/deer/n02434954_1542.jpg,24
animal/deer/n02434954_1883.jpg,24
animal/deer/n02434954_2920.jpg,24
animal/deer/n02434954_3310.jpg,24
animal/deer/n02434954_3412.jpg,24
animal/deer/n02434954_3668.jpg,24
animal/deer/n02434954_4276.jpg,24
animal/deer/n02434954_4936.jpg,24
animal/deer/n02434954_5115.jpg,24
animal/deer/n02434954_5509.jpg,24
animal/deer/n02434954_5901.jpg,24
animal/deer/n02434954_612.jpg,24
animal/deer/n02434954_6144.jpg,24
animal/deer/n02434954_6168.jpg,24
animal/deer/n02434954_7106.jpg,24
animal/dog/000000017004.jpg,24
animal/dog/000000019528.jpg,25
animal/dog/000000020221.jpg,25
animal/dog/000000021048.jpg,25
animal/dog/000000021566.jpg,25
animal/dog/000000034321.jpg,25
animal/dog/000000046345.jpg,25
animal/dog/000000093816.jpg,25
animal/dog/000000098709.jpg,25
animal/dog/000000103331.jpg,25
animal/dog/000000107716.jpg,25
animal/dog/000000120874.jpg,25
animal/dog/000000131714.jpg,25
animal/dog/000000136132.jpg,25
animal/dog/000000157119.jpg,25
animal/dog/000000162735.jpg,25
animal/dog/000000189600.jpg,25
animal/dog/000000195815.jpg,25
animal/dog/000000200376.jpg,25
animal/dog/000000205854.jpg,25
animal/dog/000000207509.jpg,25
animal/dog/000000208913.jpg,26
animal/dog/000000210958.jpg,26
animal/dog/000000215223.jpg,26
animal/dog/000000224468.jpg,26
animal/dog/000000229603.jpg,26
animal/dog/000000235843.jpg,26
animal/dog/000000264193.jpg,26
animal/dog/000000266676.jpg,26
animal/dog/000000275885.jpg,26
animal/dog/000000278184.jpg,26
animal/dog/000000286480.jpg,26
animal/dog/000000287328.jpg,26
animal/dog/000000296760.jpg,26
animal/dog/000000304741.jpg,26
animal/dog/000000307048.jpg,26
animal/dog/000000308040.jpg,26
animal/dog/000000310757.jpg,26
animal/dog/000000330028.jpg,26
animal/dog/000000333407.jpg,26
animal/dog/000000335451.jpg,26
animal/dog/000000343707.jpg,27
animal/dog/000000363031.jpg,27
animal/dog/000000370423.jpg,27
animal/dog/000000372460.jpg,27
animal/dog/000000383662.jpg,27
animal/dog/000000387876.jpg,27
animal/dog/000000396217.jpg,27
animal/dog/000000396400.jpg,27
animal/dog/000000397034.jpg,27
animal/dog/000000398632.jpg,27
animal/dog/000000404602.jpg,27
animal/dog/000000408623.jpg,27
animal/dog/000000417926.jpg,27
animal/dog/000000428214.jpg,27
animal/dog/000000429638.jpg,27
animal/dog/000000432752.jpg,27
animal/dog/000000441674.jpg,27
animal/dog/000000462330.jpg,27
animal/dog/000000464871.jpg,27
animal/dog/000000466643.jpg,27
animal/dog/000000467232.jpg,28
animal/dog/000000469281.jpg,28
animal/dog/000000472924.jpg,28
animal/dog/000000482310.jpg,28
animal/dog/000000482392.jpg,28
animal/dog/000000489328.jpg,28
animal/dog/000000504341.jpg,28
animal/dog/000000506783.jpg,28
animal/dog/000000510368.jpg,28
animal/dog/000000522195.jpg,28
animal/dog/000000527845.jpg,28
animal/dog/000000529256.jpg,28
animal/dog/000000550063.jpg,28
animal/dog/000000555493.jpg,28
animal/dog/000000572254.jpg,28
animal/dog/000000575005.jpg,28
animal/dog/000000576136.jpg,28
animal/dog/n02087551_12257.jpg,28
animal/dog/n02088364_6866.jpg,28
animal/dog/n02088632_982.jpg,28
animal/dog/n02088839_5834.jpg,29
animal/dog/n02089078_3449.jpg,29
animal/dog/n02089555_6001.jpg,29
animal/dog/n02089973_1846.jpg,29
animal/dog/n02090379_4673.jpg,29
animal/dog/n02090475_12741.jpg,29
animal/dog/n02090721_1131.jpg,29
animal/dog/n02090721_333.jpg,29
animal/dog/n02090827_12582.jpg,29
animal/dog/n02090827_160.jpg,29
animal/dog/n02090827_3313.jpg,29
animal/dog/n02090827_5607.jpg,29
animal/dog/n02091032_1121.jpg,29
animal/dog/n02091244_1470.jpg,29
animal/dog/n02091467_4631.jpg,29
animal/dog/n02091831_1565.jpg,29
animal/dog/n02092002_14320.jpg,29
animal/dog/n02092002_4921.jpg,29
animal/dog/n02092339_4906.jpg,29
animal/duck/n01846331_1006.jpg,29
animal/duck/n01846331_10215.jpg,30
animal/duck/n01846331_10856.jpg,30
animal/duck/n01846331_10874.jpg,30
animal/duck/n01846331_1102.jpg,30
animal/duck/n01846331_11431.jpg,30
animal/duck/n01846331_1153.jpg,30
animal/duck/n01846331_11534.jpg,30
animal/duck/n01846331_11880.jpg,30
animal/duck/n01846331_12534.jpg,30
animal/duck/n01846331_12659.jpg,30
animal/duck/n01846331_12725.jpg,30
animal/duck/n01846331_12734.jpg,30
animal/duck/n01846331_13074.jpg,30
animal/duck/n01846331_13275.jpg,30
animal/duck/n01846331_13327.jpg,30
animal/duck/n01846331_13568.jpg,30
animal/duck/n01846331_13905.jpg,30
animal/duck/n01846331_14161.jpg,30
animal/duck/n01846331_14212.jpg,30
animal/duck/n01846331_14229.jpg,30
animal/duck/n01846331_14231.jpg,31
animal/duck/n01846331_14442.jpg,31
animal/duck/n01846331_14535.jpg,31
animal/duck/n01846331_14741.jpg,31
animal/duck/n01846331_1493.jpg,31
animal/duck/n01846331_15233.jpg,31
animal/duck/n01846331_15402.jpg,31
animal/duck/n01846331_15480.jpg,31
animal/duck/n01846331_15481.jpg,31
animal/duck/n01846331_15598.jpg,31
animal/duck/n01846331_1577.jpg,31
animal/duck/n01846331_1582.jpg,31
animal/duck/n01846331_16461.jpg,31
animal/duck/n01846331_1753.jpg,31
animal/duck/n01846331_17740.jpg,31
animal/duck/n01846331_1824.jpg,31
animal/duck/n01846331_1947.jpg,31
animal/duck/n01846331_2058.jpg,31
animal/duck/n01846331_2354.jpg,31
animal/duck/n01846331_2425.jpg,31
animal/duck/n01846331_2474.jpg,32
animal/duck/n01846331_2743.jpg,32
animal/duck/n01846331_2820.jpg,32
animal/duck/n01846331_2857.jpg,32
animal/duck/n01846331_2869.jpg,32
animal/duck/n01846331_2900.jpg,32
animal/duck/n01846331_2909.jpg,32
animal/duck/n01846331_3060.jpg,32
animal/duck/n01846331_3187.jpg,32
animal/duck/n01846331_3202.jpg,32
animal/duck/n01846331_3358.jpg,32
animal/duck/n01846331_3449.jpg,32
animal/duck/n01846331_3530.jpg,32
animal/duck/n01846331_3656.jpg,32
animal/duck/n01846331_3988.jpg,32
animal/duck/n01846331_4035.jpg,32
animal/duck/n01846331_4191.jpg,32
animal/duck/n01846331_4246.jpg,32
animal/duck/n01846331_432.jpg,32
animal/duck/n01846331_4392.jpg,32
animal/duck/n01846331_471.jpg,33
animal/duck/n01846331_4793.jpg,33
animal/duck/n01846331_4915.jpg,33
animal/duck/n01846331_5267.jpg,33
animal/duck/n01846331_5309.jpg,33
animal/duck/n01846331_5391.jpg,33
animal/duck/n01846331_5551.jpg,33
animal/duck/n01846331_5668.jpg,33
animal/duck/n01846331_5760.jpg,33
animal/duck/n01846331_5951.jpg,33
animal/duck/n01846331_5989.jpg,33
animal/duck/n01846331_6092.jpg,33
animal/duck/n01846331_613.jpg,33
animal/duck/n01846331_6225.jpg,33
animal/duck/n01846331_6493.jpg,33
animal/duck/n01846331_6499.jpg,33
animal/duck/n01846331_6505.jpg,33
animal/duck/n01846331_6555.jpg,33
animal/duck/n01846331_6727.jpg,33
animal/duck/n01846331_6789.jpg,33
animal/duck/n01846331_693.jpg,34
animal/duck/n01846331_708.jpg,34
animal/duck/n01846331_7096.jpg,34
animal/duck/n01846331_7365.jpg,34
animal/duck/n01846331_7467.jpg,34
animal/duck/n01846331_7521.jpg,34
animal/duck/n01846331_7718.jpg,34
animal/duck/n01846331_8240.jpg,34
animal/duck/n01846331_8429.jpg,34
animal/duck/n01846331_8471.jpg,34
animal/duck/n01846331_8530.jpg,34
animal/duck/n01846331_8672.jpg,34
animal/duck/n01846331_8880.jpg,34
animal/duck/n01846331_897.jpg,34
animal/duck/n01846331_9058.jpg,34
animal/duck/n01846331_943.jpg,34
animal/duck/n01846331_973.jpg,34
animal/duck/n01846331_9747.jpg,34
animal/duck/n01846331_9788.jpg,34
animal/elephant/000000010449.jpg,34
animal/elephant/000000018792.jpg,35
animal/elephant/000000021338.jpg,35
animal/elephant/000000040433.jpg,35
animal/elephant/000000045617.jpg,35
animal/elephant/000000047406.jpg,35
animal/elephant/000000049369.jpg,35
animal/elephant/000000062170.jpg,35
animal/elephant/000000065465.jpg,35
animal/elephant/000000067786.jpg,35
animal/elephant/000000072216.jpg,35
animal/elephant/000000096244.jpg,35
animal/elephant/000000097610.jpg,35
animal/elephant/000000113495.jpg,35
animal/elephant/000000126595.jpg,35
animal/elephant/000000127647.jpg,35
animal/elephant/000000128324.jpg,35
animal/elephant/000000131059.jpg,35
animal/elephant/000000134242.jpg,35
animal/elephant/000000136542.jpg,35
animal/elephant/000000137589.jpg,35
animal/elephant/000000148004.jpg,36
animal/elephant/000000154023.jpg,36
animal/elephant/000000167045.jpg,36
animal/elephant/000000177284.jpg,36
animal/elephant/000000181224.jpg,36
animal/elephant/000000194381.jpg,36
animal/elephant/000000199815.jpg,36
animal/elephant/000000216817.jpg,36
animal/elephant/000000218405.jpg,36
animal/elephant/000000221089.jpg,36
animal/elephant/000000224874.jpg,36
animal/elephant/000000225121.jpg,36
animal/elephant/000000227270.jpg,36
animal/elephant/000000227358.jpg,36
animal/elephant/000000230515.jpg,36
animal/elephant/000000232085.jpg,36
animal/elephant/000000245713.jpg,36
animal/elephant/000000255598.jpg,36
animal/elephant/000000256028.jpg,36
animal/elephant/000000256061.jpg,36
animal/elephant/000000260817.jpg,37
animal/elephant/000000273106.jpg,37
animal/elephant/000000273618.jpg,37
animal/elephant/000000285678.jpg,37
animal/elephant/000000289864.jpg,37
animal/elephant/000000291894.jpg,37
animal/elephant/000000293543.jpg,37
animal/elephant/000000293751.jpg,37
animal/elephant/000000294925.jpg,37
animal/elephant/000000304833.jpg,37
animal/elephant/000000309694.jpg,37
animal/elephant/000000310683.jpg,37
animal/elephant/000000312204.jpg,37
animal/elephant/000000314602.jpg,37
animal/elephant/000000315243.jpg,37
animal/elephant/000000321306.jpg,37
animal/elephant/000000326264.jpg,37
animal/elephant/000000327575.jpg,37
animal/elephant/000000331059.jpg,37
animal/elephant/000000356535.jpg,37
animal/elephant/000000366295.jpg,38
animal/elephant/000000369000.jpg,38
animal/elephant/000000379645.jpg,38
animal/elephant/000000382374.jpg,38
animal/elephant/000000382951.jpg,38
animal/elephant/000000389041.jpg,38
animal/elephant/000000393228.jpg,38
animal/elephant/000000402082.jpg,38
animal/elephant/000000411043.jpg,38
animal/elephant/000000411225.jpg,38
animal/elephant/000000425055.jpg,38
animal/elephant/000000427888.jpg,38
animal/elephant/000000430523.jpg,38
animal/elephant/000000435612.jpg,38
animal/elephant/000000445814.jpg,38
animal/elephant/000000449718.jpg,38
animal/elephant/000000451356.jpg,38
animal/elephant/000000458153.jpg,38
animal/elephant/000000463338.jpg,38
animal/elephant/000000465324.jpg,38
animal/elephant/000000480893.jpg,39
animal/elephant/000000484287.jpg,39
animal/elephant/000000488368.jpg,39
animal/elephant/000000503089.jpg,39
animal/elephant/000000505592.jpg,39
animal/elephant/000000521245.jpg,39
animal/elephant/000000527728.jpg,39
animal/elephant/000000530407.jpg,39
animal/elephant/000000530999.jpg,39
animal/elephant/000000532247.jpg,39
animal/elephant/000000533979.jpg,39
animal/elephant/000000537720.jpg,39
animal/elephant/000000547131.jpg,39
animal/elephant/000000549182.jpg,39
animal/elephant/000000552681.jpg,39
animal/elephant/000000554978.jpg,39
animal/elephant/000000559218.jpg,39
animal/elephant/000000574747.jpg,39
animal/elephant/000000581726.jpg,39
animal/fox/n02118333_10217.jpg,39
animal/fox/n02118333_10398.jpg,40
animal/fox/n02118333_10468.jpg,40
animal/fox/n02118333_10534.jpg,40
animal/fox/n02118333_10668.jpg,40
animal/fox/n02118333_10715.jpg,40
animal/fox/n02118333_10716.jpg,40
animal/fox/n02118333_10800.jpg,40
animal/fox/n02118333_10807.jpg,40
animal/fox/n02118333_10891.jpg,40
animal/fox/n02118333_11056.jpg,40
animal/fox/n02118333_11129.jpg,40
animal/fox/n02118333_11249.jpg,40
animal/fox/n02118333_11319.jpg,40
animal/fox/n02118333_11420.jpg,40
animal/fox/n02118333_11444.jpg,40
animal/fox/n02118333_11585.jpg,40
animal/fox/n02118333_11749.jpg,40
animal/fox/n02118333_11813.jpg,40
animal/fox/n02118333_11887.jpg,40
animal/fox/n02118333_11971.jpg,40
animal/fox/n02118333_12311.jpg,41
animal/fox/n02118333_12388.jpg,41
animal/fox/n02118333_12538.jpg,41
animal/fox/n02118333_12539.jpg,41
animal/fox/n02118333_12879.jpg,41
animal/fox/n02118333_12890.jpg,41
animal/fox/n02118333_13253.jpg,41
animal/fox/n02118333_1341.jpg,41
animal/fox/n02118333_13528.jpg,41
animal/fox/n02118333_13624.jpg,41
animal/fox/n02118333_13672.jpg,41
animal/fox/n02118333_13714.jpg,41
animal/fox/n02118333_1372.jpg,41
animal/fox/n02118333_13723.jpg,41
animal/fox/n02118333_14064.jpg,41
animal/fox/n02118333_14220.jpg,41
animal/fox/n02118333_14289.jpg,41
animal/fox/n02118333_14500.jpg,41
animal/fox/n02118333_14515.jpg,41
animal/fox/n02118333_14906.jpg,41
animal/fox/n02118333_14936.jpg,42
animal/fox/n02118333_1649.jpg,42
animal/fox/n02118333_1731.jpg,42
animal/fox/n02118333_2023.jpg,42
animal/fox/n02118333_2287.jpg,42
animal/fox/n02118333_2295.jpg,42
animal/fox/n02118333_2857.jpg,42
animal/fox/n02118333_329.jpg,42
animal/fox/n02118333_344.jpg,42
animal/fox/n02118333_3903.jpg,42
animal/fox/n02118333_4155.jpg,42
animal/fox/n02118333_474.jpg,42
animal/fox/n02118333_5140.jpg,42
animal/fox/n02118333_5349.jpg,42
animal/fox/n02118333_543.jpg,42
animal/fox/n02118333_5460.jpg,42
animal/fox/n02118333_5774.jpg,42
animal/fox/n02118333_6193.jpg,42
animal/fox/n02118333_6480.jpg,42
animal/fox/n02118333_6598.jpg,42
animal/fox/n02118333_6622.jpg,43
animal/fox/n02118333_6662.jpg,43
animal/fox/n02118333_6735.jpg,43
animal/fox/n02118333_6740.jpg,43
animal/fox/n02118333_6775.jpg,43
animal/fox/n02118333_6797.jpg,43
animal/fox/n02118333_6830.jpg,43
animal/fox/n02118333_6867.jpg,43
animal/fox/n02118333_6923.jpg,43
animal/fox/n02118333_7368.jpg,43
animal/fox/n02118333_7524.jpg,43
animal/fox/n02118333_7588.jpg,43
animal/fox/n02118333_7631.jpg,43
animal/fox/n02118333_7642.jpg,43
animal/fox/n02118333_7668.jpg,43
animal/fox/n02118333_7755.jpg,43
animal/fox/n02118333_8150.jpg,43
animal/fox/n02118333_8191.jpg,43
animal/fox/n02118333_8406.jpg,43
animal/fox/n02118333_842.jpg,43
animal/fox/n02118333_8657.jpg,44
animal/fox/n02118333_8816.jpg,44
animal/fox/n02118333_8823.jpg,44
animal/fox/n02118333_8882.jpg,44
animal/fox/n02118333_8900.jpg,44
animal/fox/n02118333_8914.jpg,44
animal/fox/n02118333_8931.jpg,44
animal/fox/n02118333_9020.jpg,44
animal/fox/n02118333_9049.jpg,44
animal/fox/n02118333_9239.jpg,44
animal/fox/n02118333_9285.jpg,44
animal/fox/n02118333_9315.jpg,44
animal/fox/n02118333_9347.jpg,44
animal/fox/n02118333_9459.jpg,44
animal/fox/n02118333_9677.jpg,44
animal/fox/n02118333_9751.jpg,44
animal/fox/n02118333_9970.jpg,44
animal/fox/n02118333_9986.jpg,44
animal/giraffe/000000002066.jpg,44
animal/giraffe/000000016573.jpg,44
animal/giraffe/000000019447.jpg,45
animal/giraffe/000000026323.jpg,45
animal/giraffe/000000027440.jpg,45
animal/giraffe/000000028069.jpg,45
animal/giraffe/000000042931.jpg,45
animal/giraffe/000000045599.jpg,45
animal/giraffe/000000049443.jpg,45
animal/giraffe/000000058281.jpg,45
animal/giraffe/000000063370.jpg,45
animal/giraffe/000000072187.jpg,45
animal/giraffe/000000074069.jpg,45
animal/giraffe/000000081390.jpg,45
animal/giraffe/000000083548.jpg,45
animal/giraffe/000000098808.jpg,45
animal/giraffe/000000103232.jpg,45
animal/giraffe/000000104028.jpg,45
animal/giraffe/000000118683.jpg,45
animal/giraffe/000000126964.jpg,45
animal/giraffe/000000127204.jpg,45
animal/giraffe/000000134685.jpg,45
animal/giraffe/000000139889.jpg,46
animal/giraffe/000000145825.jpg,46
animal/giraffe/000000150996.jpg,46
animal/giraffe/000000151178.jpg,46
animal/giraffe/000000169401.jpg,46
animal/giraffe/000000188727.jpg,46
animal/giraffe/000000189853.jpg,46
animal/giraffe/000000190551.jpg,46
animal/giraffe/000000192804.jpg,46
animal/giraffe/000000200263.jpg,46
animal/giraffe/000000200351.jpg,46
animal/giraffe/000000201420.jpg,46
animal/giraffe/000000201698.jpg,46
animal/giraffe/000000206385.jpg,46
animal/giraffe/000000207549.jpg,46
animal/giraffe/000000207913.jpg,46
animal/giraffe/000000208071.jpg,46
animal/giraffe/000000208671.jpg,46
animal/giraffe/000000213911.jpg,46
animal/giraffe/000000214845.jpg,46
animal/giraffe/000000219653.jpg,47
animal/giraffe/000000222599.jpg,47
animal/giraffe/000000223577.jpg,47
animal/giraffe/000000224109.jpg,47
animal/giraffe/000000225358.jpg,47
animal/giraffe/000000226961.jpg,47
animal/giraffe/000000235646.jpg,47
animal/giraffe/000000238511.jpg,47
animal/giraffe/000000239581.jpg,47
animal/giraffe/000000241238.jpg,47
animal/giraffe/000000252810.jpg,47
animal/giraffe/000000257958.jpg,47
animal/giraffe/000000258402.jpg,47
animal/giraffe/000000267571.jpg,47
animal/giraffe/000000271577.jpg,47
animal/giraffe/000000279920.jpg,47
animal/giraffe/000000284274.jpg,47
animal/giraffe/000000294008.jpg,47
animal/giraffe/000000305476.jpg,47
animal/giraffe/000000327500.jpg,47
animal/giraffe/000000334080.jpg,48
animal/giraffe/000000335566.jpg,48
animal/giraffe/000000344174.jpg,48
animal/giraffe/000000361132.jpg,48
animal/giraffe/000000372868.jpg,48
animal/giraffe/000000380872.jpg,48
animal/giraffe/000000388011.jpg,48
animal/giraffe/000000403197.jpg,48
animal/giraffe/000000407676.jpg,48
animal/giraffe/000000422253.jpg,48
animal/giraffe/000000424978.jpg,48
animal/giraffe/000000429407.jpg,48
animal/giraffe/000000434804.jpg,48
animal/giraffe/000000441891.jpg,48
animal/giraffe/000000449011.jpg,48
animal/giraffe/000000452908.jpg,48
animal/giraffe/000000459451.jpg,48
animal/giraffe/000000461245.jpg,48
animal/giraffe/000000463417.jpg,48
animal/giraffe/000000473448.jpg,48
animal/giraffe/000000477143.jpg,49
animal/giraffe/000000484180.jpg,49
animal/giraffe/000000493209.jpg,49
animal/giraffe/000000498610.jpg,49
animal/giraffe/000000499789.jpg,49
animal/giraffe/000000500422.jpg,49
animal/giraffe/000000502752.jpg,49
animal/giraffe/000000509154.jpg,49
animal/giraffe/000000535651.jpg,49
animal/giraffe/000000546133.jpg,49
animal/giraffe/000000547555.jpg,49
animal/giraffe/000000557901.jpg,49
animal/giraffe/000000560020.jpg,49
animal/giraffe/000000564432.jpg,49
animal/giraffe/000000564580.jpg,49
animal/giraffe/000000567375.jpg,49
animal/giraffe/000000575325.jpg,49
animal/hamster/n02342885_10013.jpg,49
animal/hamster/n02342885_10176.jpg,49
animal/hamster/n02342885_10581.jpg,49
animal/hamster/n02342885_10583.jpg,50
animal/hamster/n02342885_10663.jpg,50
animal/hamster/n02342885_10821.jpg,50
animal/hamster/n02342885_11035.jpg,50
animal/hamster/n02342885_11093.jpg,50
animal/hamster/n02342885_11189.jpg,50
animal/hamster/n02342885_11196.jpg,50
animal/hamster/n02342885_11264.jpg,50
animal/hamster/n02342885_11309.jpg,50
animal/hamster/n02342885_11450.jpg,50
animal/hamster/n02342885_11596.jpg,50
animal/hamster/n02342885_11723.jpg,50
animal/hamster/n02342885_12012.jpg,50
animal/hamster/n02342885_12224.jpg,50
animal/hamster/n02342885_12243.jpg,50
animal/hamster/n02342885_12487.jpg,50
animal/hamster/n02342885_12511.jpg,50
animal/hamster/n02342885_12555.jpg,50
animal/hamster/n02342885_12660.jpg,50
animal/hamster/n02342885_12751.jpg,50
animal/hamster/n02342885_12762.jpg,51
animal/hamster/n02342885_12774.jpg,51
animal/hamster/n02342885_12792.jpg,51
animal/hamster/n02342885_12804.jpg,51
animal/hamster/n02342885_13001.jpg,51
animal/hamster/n02342885_13016.jpg,51
animal/hamster/n02342885_13036.jpg,51
animal/hamster/n02342885_13099.jpg,51
animal/hamster/n02342885_1313.jpg,51
animal/hamster/n02342885_13161.jpg,51
animal/hamster/n02342885_13255.jpg,51
animal/hamster/n02342885_13371.jpg,51
animal/hamster/n02342885_13398.jpg,51
animal/hamster/n02342885_13402.jpg,51
animal/hamster/n02342885_13440.jpg,51
animal/hamster/n02342885_13477.jpg,51
animal/hamster/n02342885_13478.jpg,51
animal/hamster/n02342885_13577.jpg,51
animal/hamster/n02342885_13859.jpg,51
animal/hamster/n02342885_13864.jpg,51
animal/hamster/n02342885_13870.jpg,52
animal/hamster/n02342885_13894.jpg,52
animal/hamster/n02342885_14070.jpg,52
animal/hamster/n02342885_1690.jpg,52
animal/hamster/n02342885_177.jpg,52
animal/hamster/n02342885_18.jpg,52
animal/hamster/n02342885_184.jpg,52
animal/hamster/n02342885_1956.jpg,52
animal/hamster/n02342885_1960.jpg,52
animal/hamster/n02342885_1971.jpg,52
animal/hamster/n02342885_209.jpg,52
animal/hamster/n02342885_2180.jpg,52
animal/hamster/n02342885_2213.jpg,52
animal/hamster/n02342885_228.jpg,52
animal/hamster/n02342885_240.jpg,52
animal/hamster/n02342885_250.jpg,52
animal/hamster/n02342885_2760.jpg,52
animal/hamster/n02342885_3147.jpg,52
animal/hamster/n02342885_3750.jpg,52
animal/hamster/n02342885_3804.jpg,52
animal/hamster/n02342885_3819.jpg,53
animal/hamster/n02342885_3984.jpg,53
animal/hamster/n02342885_4272.jpg,53
animal/hamster/n02342885_4273.jpg,53
animal/hamster/n02342885_4368.jpg,53
animal/hamster/n02342885_4519.jpg,53
animal/hamster/n02342885_4543.jpg,53
animal/hamster/n02342885_4843.jpg,53
animal/hamster/n02342885_4950.jpg,53
animal/hamster/n02342885_5028.jpg,53
animal/hamster/n02342885_5046.jpg,53
animal/hamster/n02342885_5465.jpg,53
animal/hamster/n02342885_554.jpg,53
animal/hamster/n02342885_5768.jpg,53
animal/hamster/n02342885_595.jpg,53
animal/hamster/n02342885_6207.jpg,53
animal/hamster/n02342885_6277.jpg,53
animal/hamster/n02342885_6396.jpg,53
animal/hamster/n02342885_6624.jpg,53
animal/hamster/n02342885_6644.jpg,53
animal/hamster/n02342885_6824.jpg,54
animal/hamster/n02342885_7041.jpg,54
animal/hamster/n02342885_727.jpg,54
animal/hamster/n02342885_7463.jpg,54
animal/hamster/n02342885_7645.jpg,54
animal/hamster/n02342885_7756.jpg,54
animal/hamster/n02342885_78.jpg,54
animal/hamster/n02342885_7912.jpg,54
animal/hamster/n02342885_7944.jpg,54
animal/hamster/n02342885_888.jpg,54
animal/hamster/n02342885_9292.jpg,54
animal/hamster/n02342885_938.jpg,54
animal/hamster/n02342885_9690.jpg,54
animal/hamster/n02342885_9777.jpg,54
animal/horse/000000006352.jpg,54
animal/horse/000000029170.jpg,54
animal/horse/000000031376.jpg,54
animal/horse/000000038919.jpg,54
animal/horse/000000055076.jpg,54
animal/horse/000000056362.jpg,54
animal/horse/000000060262.jpg,55
animal/horse/000000062664.jpg,55
animal/horse/000000064442.jpg,55
animal/horse/000000066338.jpg,55
animal/horse/000000069424.jpg,55
animal/horse/000000073669.jpg,55
animal/horse/000000075611.jpg,55
animal/horse/000000092711.jpg,55
animal/horse/000000119108.jpg,55
animal/horse/000000120734.jpg,55
animal/horse/000000133571.jpg,55
animal/horse/000000142318.jpg,55
animal/horse/000000147301.jpg,55
animal/horse/000000149199.jpg,55
animal/horse/000000151110.jpg,55
animal/horse/000000177749.jpg,55
animal/horse/000000195300.jpg,55
animal/horse/000000196344.jpg,55
animal/horse/000000196839.jpg,55
animal/horse/000000201134.jpg,55
animal/horse/000000201909.jpg,56
animal/horse/000000206247.jpg,56
animal/horse/000000213945.jpg,56
animal/horse/000000214489.jpg,56
animal/horse/000000222344.jpg,56
animal/horse/000000230104.jpg,56
animal/horse/000000233104.jpg,56
animal/horse/000000243214.jpg,56
animal/horse/000000244575.jpg,56
animal/horse/000000245550.jpg,56
animal/horse/000000248297.jpg,56
animal/horse/000000248774.jpg,56
animal/horse/000000252570.jpg,56
animal/horse/000000263196.jpg,56
animal/horse/000000266680.jpg,56
animal/horse/000000268481.jpg,56
animal/horse/000000280422.jpg,56
animal/horse/000000296876.jpg,56
animal/horse/000000303034.jpg,56
animal/horse/000000312660.jpg,56
animal/horse/000000316000.jpg,57
animal/horse/000000323585.jpg,57
animal/horse/000000326913.jpg,57
animal/horse/000000332556.jpg,57
animal/horse/000000337446.jpg,57
animal/horse/000000338474.jpg,57
animal/horse/000000350051.jpg,57
animal/horse/000000353301.jpg,57
animal/horse/000000354075.jpg,57
animal/horse/000000375841.jpg,57
animal/horse/000000380011.jpg,57
animal/horse/000000395140.jpg,57
animal/horse/000000402245.jpg,57
animal/horse/000000402362.jpg,57
animal/horse/000000406750.jpg,57
animal/horse/000000414853.jpg,57
animal/horse/000000415747.jpg,57
animal/horse/000000416811.jpg,57
animal/horse/000000422185.jpg,57
animal/horse/000000426420.jpg,57
animal/horse/000000427763.jpg,58
animal/horse/000000439124.jpg,58
animal/horse/000000439874.jpg,58
animal/horse/000000456773.jpg,58
animal/horse/000000458705.jpg,58
animal/horse/000000468193.jpg,58
animal/horse/000000468992.jpg,58
animal/horse/000000502485.jpg,58
animal/horse/000000505658.jpg,58
animal/horse/000000513918.jpg,58
animal/horse/000000519842.jpg,58
animal/horse/000000522175.jpg,58
animal/horse/000000524508.jpg,58
animal/horse/000000533171.jpg,58
animal/horse/000000543026.jpg,58
animal/horse/000000544516.jpg,58
animal/horse/000000551597.jpg,58
animal/horse/000000555782.jpg,58
animal/horse/000000568270.jpg,58
animal/horse/000000576513.jpg,58
animal/horse/n02374451_17392.jpg,59
animal/horse/n02374451_4963.jpg,59
animal/horse/n02379743_11969.jpg,59
animal/horse/n02381004_7100.jpg,59
animal/horse/n02381004_8273.jpg,59
animal/horse/n02381004_9323.jpg,59
animal/horse/n02386310_9220.jpg,59
animal/horse/n02387722_10980.jpg,59
animal/horse/n02389026_1198.jpg,59
animal/horse/n02389128_1421.jpg,59
animal/horse/n02389128_6719.jpg,59
animal/horse/n02389261_12063.jpg,59
animal/horse/n02389261_7723.jpg,59
animal/lion/n02129165_10052.jpg,59
animal/lion/n02129165_1047.jpg,59
animal/lion/n02129165_10594.jpg,59
animal/lion/n02129165_10783.jpg,59
animal/lion/n02129165_10931.jpg,59
animal/lion/n02129165_10937.jpg,59
animal/lion/n02129165_10944.jpg,59
animal/lion/n02129165_11414.jpg,60
animal/lion/n02129165_11498.jpg,60
animal/lion/n02129165_11516.jpg,60
animal/lion/n02129165_11555.jpg,60
animal/lion/n02129165_11840.jpg,60
animal/lion/n02129165_11878.jpg,60
animal/lion/n02129165_1189.jpg,60
animal/lion/n02129165_12069.jpg,60
animal/lion/n02129165_12209.jpg,60
animal/lion/n02129165_1244.jpg,60
animal/lion/n02129165_1262.jpg,60
animal/lion/n02129165_13011.jpg,60
animal/lion/n02129165_13068.jpg,60
animal/lion/n02129165_13095.jpg,60
animal/lion/n02129165_13292.jpg,60
animal/lion/n02129165_14236.jpg,60
animal/lion/n02129165_1455.jpg,60
animal/lion/n02129165_1456.jpg,60
animal/lion/n02129165_148.jpg,60
animal/lion/n02129165_15462.jpg,60
animal/lion/n02129165_15707.jpg,61
animal/lion/n02129165_16300.jpg,61
animal/lion/n02129165_16401.jpg,61
animal/lion/n02129165_16644.jpg,61
animal/lion/n02129165_16656.jpg,61
animal/lion/n02129165_16675.jpg,61
animal/lion/n02129165_1678.jpg,61
animal/lion/n02129165_17282.jpg,61
animal/lion/n02129165_17467.jpg,61
animal/lion/n02129165_17964.jpg,61
animal/lion/n02129165_17974.jpg,61
animal/lion/n02129165_18187.jpg,61
animal/lion/n02129165_1824.jpg,61
animal/lion/n02129165_18327.jpg,61
animal/lion/n02129165_1837.jpg,61
animal/lion/n02129165_18704.jpg,61
animal/lion/n02129165_18718.jpg,61
animal/lion/n02129165_18801.jpg,61
animal/lion/n02129165_1927.jpg,61
animal/lion/n02129165_19931.jpg,61
animal/lion/n02129165_19995.jpg,62
animal/lion/n02129165_20179.jpg,62
animal/lion/n02129165_20206.jpg,62
animal/lion/n02129165_20804.jpg,62
animal/lion/n02129165_20942.jpg,62
animal/lion/n02129165_22072.jpg,62
animal/lion/n02129165_22110.jpg,62
animal/lion/n02129165_22388.jpg,62
animal/lion/n02129165_22697.jpg,62
animal/lion/n02129165_22929.jpg,62
animal/lion/n02129165_23275.jpg,62
animal/lion/n02129165_23406.jpg,62
animal/lion/n02129165_23945.jpg,62
animal/lion/n02129165_24549.jpg,62
animal/lion/n02129165_25317.jpg,62
animal/lion/n02129165_2648.jpg,62
animal/lion/n02129165_288.jpg,62
animal/lion/n02129165_304.jpg,62
animal/lion/n02129165_3678.jpg,62
animal/lion/n02129165_4058.jpg,62
animal/lion/n02129165_4316.jpg,63
animal/lion/n02129165_4340.jpg,63
animal/lion/n02129165_4534.jpg,63
animal/lion/n02129165_4588.jpg,63
animal/lion/n02129165_4783.jpg,63
animal/lion/n02129165_4868.jpg,63
animal/lion/n02129165_5082.jpg,63
animal/lion/n02129165_5387.jpg,63
animal/lion/n02129165_5504.jpg,63
animal/lion/n02129165_6087.jpg,63
animal/lion/n02129165_6139.jpg,63
animal/lion/n02129165_6283.jpg,63
animal/lion/n02129165_647.jpg,63
animal/lion/n02129165_6863.jpg,63
animal/lion/n02129165_6920.jpg,63
animal/lion/n02129165_6929.jpg,63
animal/lion/n02129165_709.jpg,63
animal/lion/n02129165_7380.jpg,63
animal/lion/n02129165_743.jpg,63
animal/lion/n02129165_748.jpg,63
animal/lion/n02129165_7729.jpg,64
animal/lion/n02129165_7860.jpg,64
animal/lion/n02129165_8391.jpg,64
animal/lion/n02129165_8849.jpg,64
animal/lion/n02129165_8981.jpg,64
animal/lion/n02129165_9095.jpg,64
animal/lion/n02129165_911.jpg,64
animal/lion/n02129165_9130.jpg,64
animal/lion/n02129165_9455.jpg,64
animal/lion/n02129165_9834.jpg,64
animal/lion/n02129165_992.jpg,64
animal/lion/n02129530_1197.jpg,64
animal/lion/n02129530_2199.jpg,64
animal/marten/n02450034_10176.jpg,64
animal/marten/n02450034_10320.jpg,64
animal/marten/n02450034_10349.jpg,64
animal/marten/n02450034_10449.jpg,64
animal/marten/n02450034_10783.jpg,64
animal/marten/n02450034_11046.jpg,64
animal/marten/n02450034_11087.jpg,64
animal/marten/n02450034_11093.jpg,65
animal/marten/n02450034_11358.jpg,65
animal/marten/n02450034_11460.jpg,65
animal/marten/n02450034_11655.jpg,65
animal/marten/n02450034_11752.jpg,65
animal/marten/n02450034_11910.jpg,65
animal/marten/n02450034_12504.jpg,65
animal/marten/n02450034_12728.jpg,65
animal/marten/n02450034_12771.jpg,65
animal/marten/n02450034_13271.jpg,65
animal/marten/n02450034_13343.jpg,65
animal/marten/n02450034_13657.jpg,65
animal/marten/n02450034_13701.jpg,65
animal/marten/n02450034_14037.jpg,65
animal/marten/n02450034_14176.jpg,65
animal/marten/n02450034_14229.jpg,65
animal/marten/n02450034_14659.jpg,65
animal/marten/n02450034_1513.jpg,65
animal/marten/n02450034_1885.jpg,65
animal/marten/n02450034_2163.jpg,65
animal/marten/n02450034_2371.jpg,66
animal/marten/n02450034_2862.jpg,66
animal/marten/n02450034_2991.jpg,66
animal/marten/n02450034_3475.jpg,66
animal/marten/n02450034_3551.jpg,66
animal/marten/n02450034_4223.jpg,66
animal/marten/n02450034_4331.jpg,66
animal/marten/n02450034_4350.jpg,66
animal/marten/n02450034_4525.jpg,66
animal/marten/n02450034_4660.jpg,66
animal/marten/n02450034_511.jpg,66
animal/marten/n02450034_5369.jpg,66
animal/marten/n02450034_5650.jpg,66
animal/marten/n02450034_5808.jpg,66
animal/marten/n02450034_5810.jpg,66
animal/marten/n02450034_5948.jpg,66
animal/marten/n02450034_5956.jpg,66
animal/marten/n02450034_6040.jpg,66
animal/marten/n02450034_6129.jpg,66
animal/marten/n02450034_6320.jpg,66
animal/marten/n02450034_6635.jpg,67
animal/marten/n02450034_7153.jpg,67
animal/marten/n02450034_7460.jpg,67
animal/marten/n02450034_7834.jpg,67
animal/marten/n02450034_7926.jpg,67
animal/marten/n02450034_8355.jpg,67
animal/marten/n02450034_8756.jpg,67
animal/marten/n02450034_8962.jpg,67
animal/marten/n02450034_9019.jpg,67
animal/marten/n02450034_9072.jpg,67
animal/marten/n02450034_9515.jpg,67
animal/marten/n02450034_979.jpg,67
animal/marten/n02450034_9798.jpg,67
animal/marten/n02450034_994.jpg,67
animal/mouse/n02332755_10100.jpg,67
animal/mouse/n02332755_10401.jpg,67
animal/mouse/n02332755_109.jpg,67
animal/mouse/n02332755_1242.jpg,67
animal/mouse/n02332755_1244.jpg,67
animal/mouse/n02332755_1717.jpg,67
animal/mouse/n02332755_2063.jpg,68
animal/mouse/n02332755_2108.jpg,68
animal/mouse/n02332755_2263.jpg,68
animal/mouse/n02332755_2360.jpg,68
animal/mouse/n02332755_2388.jpg,68
animal/mouse/n02332755_2475.jpg,68
animal/mouse/n02332755_2528.jpg,68
animal/mouse/n02332755_2583.jpg,68
animal/mouse/n02332755_2700.jpg,68
animal/mouse/n02332755_2718.jpg,68
animal/mouse/n02332755_3073.jpg,68
animal/mouse/n02332755_3305.jpg,68
animal/mouse/n02332755_342.jpg,68
animal/mouse/n02332755_345.jpg,68
animal/mouse/n02332755_4207.jpg,68
animal/mouse/n02332755_4209.jpg,68
animal/mouse/n02332755_4260.jpg,68
animal/mouse/n02332755_4283.jpg,68
animal/mouse/n02332755_4664.jpg,68
animal/mouse/n02332755_4983.jpg,68
animal/mouse/n02332755_528.jpg,69
animal/mouse/n02332755_5387.jpg,69
animal/mouse/n02332755_5511.jpg,69
animal/mouse/n02332755_5601.jpg,69
animal/mouse/n02332755_6074.jpg,69
animal/mouse/n02332755_6363.jpg,69
animal/mouse/n02332755_687.jpg,69
animal/mouse/n02332755_6877.jpg,69
animal/mouse/n02332755_698.jpg,69
animal/mouse/n02332755_7430.jpg,69
animal/mouse/n02332755_7861.jpg,69
animal/mouse/n02332755_7916.jpg,69
animal/mouse/n02332755_8491.jpg,69
animal/mouse/n02332755_8679.jpg,69
animal/mouse/n02332755_8762.jpg,69
animal/mouse/n02332755_8922.jpg,69
animal/mouse/n02332755_9380.jpg,69
animal/mouse/n02332755_948.jpg,69
animal/mouse/n02332755_9535.jpg,69
animal/mouse/n02332755_9587.jpg,69
animal/mouse/n02332755_9646.jpg,70
animal/mouse/n02332755_9999.jpg,70
animal/pigeon/n01811909_10220.jpg,70
animal/pigeon/n01811909_10281.jpg,70
animal/pigeon/n01811909_10317.jpg,70
animal/pigeon/n01811909_10326.jpg,70
animal/pigeon/n01811909_10382.jpg,70
animal/pigeon/n01811909_10611.jpg,70
animal/pigeon/n01811909_10668.jpg,70
animal/pigeon/n01811909_10676.jpg,70
animal/pigeon/n01811909_10850.jpg,70
animal/pigeon/n01811909_10858.jpg,70
animal/pigeon/n01811909_10933.jpg,70
animal/pigeon/n01811909_10996.jpg,70
animal/pigeon/n01811909_11339.jpg,70
animal/pigeon/n01811909_11388.jpg,70
animal/pigeon/n01811909_11493.jpg,70
animal/pigeon/n01811909_11728.jpg,70
animal/pigeon/n01811909_12017.jpg,70
animal/pigeon/n01811909_1216.jpg,70
animal/pigeon/n01811909_12189.jpg,71
animal/pigeon/n01811909_12270.jpg,71
animal/pigeon/n01811909_12341.jpg,71
animal/pigeon/n01811909_12450.jpg,71
animal/pigeon/n01811909_12660.jpg,71
animal/pigeon/n01811909_12704.jpg,71
animal/pigeon/n01811909_12751.jpg,71
animal/pigeon/n01811909_12826.jpg,71
animal/pigeon/n01811909_1285.jpg,71
animal/pigeon/n01811909_13059.jpg,71
animal/pigeon/n01811909_13116.jpg,71
animal/pigeon/n01811909_13339.jpg,71
animal/pigeon/n01811909_13398.jpg,71
animal/pigeon/n01811909_13494.jpg,71
animal/pigeon/n01811909_13582.jpg,71
animal/pigeon/n01811909_13587.jpg,71
animal/pigeon/n01811909_13605.jpg,71
animal/pigeon/n01811909_13626.jpg,71
animal/pigeon/n01811909_15169.jpg,71
animal/pigeon/n01811909_152.jpg,71
animal/pigeon/n01811909_1526.jpg,72
animal/pigeon/n01811909_1560.jpg,72
animal/pigeon/n01811909_15850.jpg,72
animal/pigeon/n01811909_15857.jpg,72
animal/pigeon/n01811909_17.jpg,72
animal/pigeon/n01811909_2049.jpg,72
animal/pigeon/n01811909_2255.jpg,72
animal/pigeon/n01811909_2360.jpg,72
animal/pigeon/n01811909_2537.jpg,72
animal/pigeon/n01811909_2685.jpg,72
animal/pigeon/n01811909_3004.jpg,72
animal/pigeon/n01811909_3010.jpg,72
animal/pigeon/n01811909_3085.jpg,72
animal/pigeon/n01811909_310.jpg,72
animal/pigeon/n01811909_3153.jpg,72
animal/pigeon/n01811909_3663.jpg,72
animal/pigeon/n01811909_3743.jpg,72
animal/pigeon/n01811909_3873.jpg,72
animal/pigeon/n01811909_3965.jpg,72
animal/pigeon/n01811909_4089.jpg,72
animal/pigeon/n01811909_4138.jpg,73
animal/pigeon/n01811909_4142.jpg,73
animal/pigeon/n01811909_4167.jpg,73
animal/pigeon/n01811909_4219.jpg,73
animal/pigeon/n01811909_4244.jpg,73
animal/pigeon/n01811909_4382.jpg,73
animal/pigeon/n01811909_4464.jpg,73
animal/pigeon/n01811909_471.jpg,73
animal/pigeon/n01811909_4724.jpg,73
animal/pigeon/n01811909_4836.jpg,73
animal/pigeon/n01811909_4860.jpg,73
animal/pigeon/n01811909_4925.jpg,73
animal/pigeon/n01811909_5541.jpg,73
animal/pigeon/n01811909_6259.jpg,73
animal/pigeon/n01811909_6448.jpg,73
animal/pigeon/n01811909_6571.jpg,73
animal/pigeon/n01811909_6839.jpg,73
animal/pigeon/n01811909_6990.jpg,73
animal/pigeon/n01811909_7116.jpg,73
animal/pigeon/n01811909_7231.jpg,73
animal/pigeon/n01811909_7505.jpg,74
animal/pigeon/n01811909_7682.jpg,74
animal/pigeon/n01811909_7693.jpg,74
animal/pigeon/n01811909_7814.jpg,74
animal/pigeon/n01811909_7837.jpg,74
animal/pigeon/n01811909_7972.jpg,74
animal/pigeon/n01811909_8202.jpg,74
animal/pigeon/n01811909_8210.jpg,74
animal/pigeon/n01811909_8563.jpg,74
animal/pigeon/n01811909_8654.jpg,74
animal/pigeon/n01811909_8696.jpg,74
animal/pigeon/n01811909_8739.jpg,74
animal/pigeon/n01811909_8742.jpg,74
animal/pigeon/n01811909_8880.jpg,74
animal/pigeon/n01811909_897.jpg,74
animal/pigeon/n01811909_902.jpg,74
animal/pigeon/n01811909_9035.jpg,74
animal/pigeon/n01811909_9110.jpg,74
animal/pigeon/n01811909_9327.jpg,74
animal/pigeon/n01811909_9824.jpg,74
animal/pigeon/n01811909_9916.jpg,75
animal/rabbit/n02324045_1010.jpg,75
animal/rabbit/n02324045_10179.jpg,75
animal/rabbit/n02324045_10339.jpg,75
animal/rabbit/n02324045_11540.jpg,75
animal/rabbit/n02324045_1241.jpg,75
animal/rabbit/n02324045_1280.jpg,75
animal/rabbit/n02324045_12982.jpg,75
animal/rabbit/n02324045_13216.jpg,75
animal/rabbit/n02324045_13218.jpg,75
animal/rabbit/n02324045_13467.jpg,75
animal/rabbit/n02324045_13525.jpg,75
animal/rabbit/n02324045_14257.jpg,75
animal/rabbit/n02324045_14394.jpg,75
animal/rabbit/n02324045_14622.jpg,75
animal/rabbit/n02324045_15031.jpg,75
animal/rabbit/n02324045_15673.jpg,75
animal/rabbit/n02324045_15734.jpg,75
animal/rabbit/n02324045_16354.jpg,75
animal/rabbit/n02324045_17314.jpg,75
animal/rabbit/n02324045_17457.jpg,76
animal/rabbit/n02324045_17462.jpg,76
animal/rabbit/n02324045_1807.jpg,76
animal/rabbit/n02324045_18464.jpg,76
animal/rabbit/n02324045_1847.jpg,76
animal/rabbit/n02324045_19278.jpg,76
animal/rabbit/n02324045_19329.jpg,76
animal/rabbit/n02324045_19580.jpg,76
animal/rabbit/n02324045_1967.jpg,76
animal/rabbit/n02324045_19984.jpg,76
animal/rabbit/n02324045_20332.jpg,76
animal/rabbit/n02324045_21625.jpg,76
animal/rabbit/n02324045_21877.jpg,76
animal/rabbit/n02324045_22432.jpg,76
animal/rabbit/n02324045_22597.jpg,76
animal/rabbit/n02324045_22652.jpg,76
animal/rabbit/n02324045_22804.jpg,76
animal/rabbit/n02324045_22810.jpg,76
animal/rabbit/n02324045_23562.jpg,76
animal/rabbit/n02324045_24139.jpg,76
animal/rabbit/n02324045_24416.jpg,77
animal/rabbit/n02324045_24525.jpg,77
animal/rabbit/n02324045_25240.jpg,77
animal/rabbit/n02324045_25319.jpg,77
animal/rabbit/n02324045_25672.jpg,77
animal/rabbit/n02324045_26514.jpg,77
animal/rabbit/n02324045_26613.jpg,77
animal/rabbit/n02324045_2666.jpg,77
animal/rabbit/n02324045_27845.jpg,77
animal/rabbit/n02324045_28411.jpg,77
animal/rabbit/n02324045_28693.jpg,77
animal/rabbit/n02324045_29023.jpg,77
animal/rabbit/n02324045_29163.jpg,77
animal/rabbit/n02324045_29383.jpg,77
animal/rabbit/n02324045_30124.jpg,77
animal/rabbit/n02324045_30202.jpg,77
animal/rabbit/n02324045_30218.jpg,77
animal/rabbit/n02324045_30280.jpg,77
animal/rabbit/n02324045_30413.jpg,77
animal/rabbit/n02324045_30639.jpg,77
animal/rabbit/n02324045_30879.jpg,78
animal/rabbit/n02324045_31051.jpg,78
animal/rabbit/n02324045_31803.jpg,78
animal/rabbit/n02324045_32254.jpg,78
animal/rabbit/n02324045_32717.jpg,78
animal/rabbit/n02324045_32742.jpg,78
animal/rabbit/n02324045_32992.jpg,78
animal/rabbit/n02324045_33254.jpg,78
animal/rabbit/n02324045_35005.jpg,78
animal/rabbit/n02324045_35291.jpg,78
animal/rabbit/n02324045_35990.jpg,78
animal/rabbit/n02324045_3812.jpg,78
animal/rabbit/n02324045_4563.jpg,78
animal/rabbit/n02324045_4613.jpg,78
animal/rabbit/n02324045_4705.jpg,78
animal/rabbit/n02324045_4715.jpg,78
animal/rabbit/n02324045_4916.jpg,78
animal/rabbit/n02324045_4989.jpg,78
animal/rabbit/n02324045_5559.jpg,78
animal/rabbit/n02324045_5931.jpg,78
animal/rabbit/n02324045_610.jpg,79
animal/rabbit/n02324045_6778.jpg,79
animal/rabbit/n02324045_6962.jpg,79
animal/rabbit/n02324045_6970.jpg,79
animal/rabbit/n02324045_6994.jpg,79
animal/rabbit/n02324045_7200.jpg,79
animal/rabbit/n02324045_7370.jpg,79
animal/rabbit/n02324045_7660.jpg,79
animal/rabbit/n02324045_7703.jpg,79
animal/rabbit/n02324045_7870.jpg,79
animal/rabbit/n02324045_7955.jpg,79
animal/rabbit/n02324045_802.jpg,79
animal/rabbit/n02324045_8025.jpg,79
animal/rabbit/n02324045_8142.jpg,79
animal/rabbit/n02324045_817.jpg,79
animal/rabbit/n02324045_8324.jpg,79
animal/rabbit/n02324045_8806.jpg,79
animal/rabbit/n02324045_9249.jpg,79
animal/rabbit/n02324045_9270.jpg,79
animal/rabbit/n02324045_9710.jpg,79
animal/sheep/000000000772.jpg,80
animal/sheep/000000003932.jpg,80
animal/sheep/000000005099.jpg,80
animal/sheep/000000011373.jpg,80
animal/sheep/000000021772.jpg,80
animal/sheep/000000024189.jpg,80
animal/sheep/000000029094.jpg,80
animal/sheep/000000029712.jpg,80
animal/sheep/000000035156.jpg,80
animal/sheep/000000037457.jpg,80
animal/sheep/000000037823.jpg,80
animal/sheep/000000043758.jpg,80
animal/sheep/000000051831.jpg,80
animal/sheep/000000064283.jpg,80
animal/sheep/000000064588.jpg,80
animal/sheep/000000066441.jpg,80
animal/sheep/000000069777.jpg,80
animal/sheep/000000078770.jpg,80
animal/sheep/000000079545.jpg,80
animal/sheep/000000084356.jpg,80
animal/sheep/000000092631.jpg,81
animal/sheep/000000115069.jpg,81
animal/sheep/000000117965.jpg,81
animal/sheep/000000133837.jpg,81
animal/sheep/000000134306.jpg,81
animal/sheep/000000134946.jpg,81
animal/sheep/000000146099.jpg,81
animal/sheep/000000151067.jpg,81
animal/sheep/000000155877.jpg,81
animal/sheep/000000156195.jpg,81
animal/sheep/000000157901.jpg,81
animal/sheep/000000167811.jpg,81
animal/sheep/000000170346.jpg,81
animal/sheep/000000176475.jpg,81
animal/sheep/000000178244.jpg,81
animal/sheep/000000178859.jpg,81
animal/sheep/000000179550.jpg,81
animal/sheep/000000185530.jpg,81
animal/sheep/000000191533.jpg,81
animal/sheep/000000215289.jpg,81
animal/sheep/000000219099.jpg,82
animal/sheep/000000222447.jpg,82
animal/sheep/000000253615.jpg,82
animal/sheep/000000272008.jpg,82
animal/sheep/000000280599.jpg,82
animal/sheep/000000283246.jpg,82
animal/sheep/000000289030.jpg,82
animal/sheep/000000290570.jpg,82
animal/sheep/000000296984.jpg,82
animal/sheep/000000301380.jpg,82
animal/sheep/000000306363.jpg,82
animal/sheep/000000319211.jpg,82
animal/sheep/000000319866.jpg,82
animal/sheep/000000321705.jpg,82
animal/sheep/000000321964.jpg,82
animal/sheep/000000325963.jpg,82
animal/sheep/000000336577.jpg,82
animal/sheep/000000351313.jpg,82
animal/sheep/000000353562.jpg,82
animal/sheep/000000358890.jpg,82
animal/sheep/000000364027.jpg,83
animal/sheep/000000378613.jpg,83
animal/sheep/000000381641.jpg,83
animal/sheep/000000382500.jpg,83
animal/sheep/000000383368.jpg,83
animal/sheep/000000391018.jpg,83
animal/sheep/000000393386.jpg,83
animal/sheep/000000397760.jpg,83
animal/sheep/000000414032.jpg,83
animal/sheep/000000417887.jpg,83
animal/sheep/000000424171.jpg,83
animal/sheep/000000424289.jpg,83
animal/sheep/000000438200.jpg,83
animal/sheep/000000446345.jpg,83
animal/sheep/000000452454.jpg,83
animal/sheep/000000455960.jpg,83
animal/sheep/000000456436.jpg,83
animal/sheep/000000459975.jpg,83
animal/sheep/000000468416.jpg,83
animal/sheep/000000468933.jpg,83
animal/sheep/000000472874.jpg,84
animal/sheep/000000477047.jpg,84
animal/sheep/000000478148.jpg,84
animal/sheep/000000481856.jpg,84
animal/sheep/000000485390.jpg,84
animal/sheep/000000498270.jpg,84
animal/sheep/000000503575.jpg,84
animal/sheep/000000505976.jpg,84
animal/sheep/000000515695.jpg,84
animal/sheep/000000518575.jpg,84
animal/sheep/000000529433.jpg,84
animal/sheep/000000530717.jpg,84
animal/sheep/000000543797.jpg,84
animal/sheep/000000545959.jpg,84
animal/sheep/000000557907.jpg,84
animal/sheep/000000558822.jpg,84
animal/sheep/000000562110.jpg,84
animal/sheep/000000564898.jpg,84
animal/sheep/000000579679.jpg,84
animal/sheep/000000579885.jpg,84
animal/squirrel/n02355227_10002.jpg,85
animal/squirrel/n02355227_11538.jpg,85
animal/squirrel/n02355227_11977.jpg,85
animal/squirrel/n02355227_12066.jpg,85
animal/squirrel/n02355227_12085.jpg,85
animal/squirrel/n02355227_12118.jpg,85
animal/squirrel/n02355227_12171.jpg,85
animal/squirrel/n02355227_12255.jpg,85
animal/squirrel/n02355227_12332.jpg,85
animal/squirrel/n02355227_12339.jpg,85
animal/squirrel/n02355227_12357.jpg,85
animal/squirrel/n02355227_12389.jpg,85
animal/squirrel/n02355227_12454.jpg,85
animal/squirrel/n02355227_12532.jpg,85
animal/squirrel/n02355227_12551.jpg,85
animal/squirrel/n02355227_12577.jpg,85
animal/squirrel/n02355227_12650.jpg,85
animal/squirrel/n02355227_12746.jpg,85
animal/squirrel/n02355227_12764.jpg,85
animal/squirrel/n02355227_12909.jpg,85
animal/squirrel/n02355227_12971.jpg,86
animal/squirrel/n02355227_13042.jpg,86
animal/squirrel/n02355227_13168.jpg,86
animal/squirrel/n02355227_132.jpg,86
animal/squirrel/n02355227_13267.jpg,86
animal/squirrel/n02355227_13315.jpg,86
animal/squirrel/n02355227_13382.jpg,86
animal/squirrel/n02355227_13400.jpg,86
animal/squirrel/n02355227_13412.jpg,86
animal/squirrel/n02355227_13453.jpg,86
animal/squirrel/n02355227_13484.jpg,86
animal/squirrel/n02355227_13515.jpg,86
animal/squirrel/n02355227_13518.jpg,86
animal/squirrel/n02355227_13530.jpg,86
animal/squirrel/n02355227_13655.jpg,86
animal/squirrel/n02355227_13730.jpg,86
animal/squirrel/n02355227_13741.jpg,86
animal/squirrel/n02355227_13768.jpg,86
animal/squirrel/n02355227_13784.jpg,86
animal/squirrel/n02355227_13907.jpg,86
animal/squirrel/n02355227_13927.jpg,87
animal/squirrel/n02355227_13981.jpg,87
animal/squirrel/n02355227_14054.jpg,87
animal/squirrel/n02355227_14128.jpg,87
animal/squirrel/n02355227_14140.jpg,87
animal/squirrel/n02355227_14164.jpg,87
animal/squirrel/n02355227_14189.jpg,87
animal/squirrel/n02355227_14224.jpg,87
animal/squirrel/n02355227_14266.jpg,87
animal/squirrel/n02355227_14378.jpg,87
animal/squirrel/n02355227_14387.jpg,87
animal/squirrel/n02355227_14441.jpg,87
animal/squirrel/n02355227_14582.jpg,87
animal/squirrel/n02355227_14589.jpg,87
animal/squirrel/n02355227_14684.jpg,87
animal/squirrel/n02355227_14685.jpg,87
animal/squirrel/n02355227_14716.jpg,87
animal/squirrel/n02355227_14797.jpg,87
animal/squirrel/n02355227_14799.jpg,87
animal/squirrel/n02355227_14808.jpg,87
animal/squirrel/n02355227_14860.jpg,88
animal/squirrel/n02355227_14956.jpg,88
animal/squirrel/n02355227_15095.jpg,88
animal/squirrel/n02355227_15129.jpg,88
animal/squirrel/n02355227_15177.jpg,88
animal/squirrel/n02355227_15240.jpg,88
animal/squirrel/n02355227_15347.jpg,88
animal/squirrel/n02355227_15402.jpg,88
animal/squirrel/n02355227_15406.jpg,88
animal/squirrel/n02355227_15478.jpg,88
animal/squirrel/n02355227_15505.jpg,88
animal/squirrel/n02355227_15548.jpg,88
animal/squirrel/n02355227_15619.jpg,88
animal/squirrel/n02355227_15629.jpg,88
animal/squirrel/n02355227_15721.jpg,88
animal/squirrel/n02355227_15817.jpg,88
animal/squirrel/n02355227_15897.jpg,88
animal/squirrel/n02355227_15913.jpg,88
animal/squirrel/n02355227_2155.jpg,88
animal/squirrel/n02355227_2164.jpg,88
animal/squirrel/n02355227_2615.jpg,89
animal/squirrel/n02355227_3079.jpg,89
animal/squirrel/n02355227_4066.jpg,89
animal/squirrel/n02355227_4765.jpg,89
animal/squirrel/n02355227_5466.jpg,89
animal/squirrel/n02355227_5804.jpg,89
animal/squirrel/n02355227_5820.jpg,89
animal/squirrel/n02355227_5898.jpg,89
animal/squirrel/n02355227_6323.jpg,89
animal/squirrel/n02355227_6434.jpg,89
animal/squirrel/n02355227_6696.jpg,89
animal/squirrel/n02355227_7587.jpg,89
animal/squirrel/n02355227_7784.jpg,89
animal/squirrel/n02355227_7881.jpg,89
animal/squirrel/n02355227_8112.jpg,89
animal/squirrel/n02355227_8561.jpg,89
animal/squirrel/n02355227_8586.jpg,89
animal/squirrel/n02355227_8789.jpg,89
animal/squirrel/n02355227_9552.jpg,89
animal/squirrel/n02355227_9703.jpg,89
animal/wild boar/n02396427_10212.jpg,90
animal/wild boar/n02396427_10266.jpg,90
animal/wild boar/n02396427_10306.jpg,90
animal/wild boar/n02396427_10399.jpg,90
animal/wild boar/n02396427_104.jpg,90
animal/wild boar/n02396427_10405.jpg,90
animal/wild boar/n02396427_10462.jpg,90
animal/wild boar/n02396427_10489.jpg,90
animal/wild boar/n02396427_10706.jpg,90
animal/wild boar/n02396427_10722.jpg,90
animal/wild boar/n02396427_11973.jpg,90
animal/wild boar/n02396427_12172.jpg,90
animal/wild boar/n02396427_12304.jpg,90
animal/wild boar/n02396427_1298.jpg,90
animal/wild boar/n02396427_1337.jpg,90
animal/wild boar/n02396427_13910.jpg,90
animal/wild boar/n02396427_14005.jpg,90
animal/wild boar/n02396427_14262.jpg,90
animal/wild boar/n02396427_14405.jpg,90
animal/wild boar/n02396427_14454.jpg,90
animal/wild boar/n02396427_1453.jpg,91
animal/wild boar/n02396427_14870.jpg,91
animal/wild boar/n02396427_1496.jpg,91
animal/wild boar/n02396427_15258.jpg,91
animal/wild boar/n02396427_15409.jpg,91
animal/wild boar/n02396427_16212.jpg,91
animal/wild boar/n02396427_167.jpg,91
animal/wild boar/n02396427_16759.jpg,91
animal/wild boar/n02396427_16805.jpg,91
animal/wild boar/n02396427_16986.jpg,91
animal/wild boar/n02396427_17678.jpg,91
animal/wild boar/n02396427_17712.jpg,91
animal/wild boar/n02396427_18146.jpg,91
animal/wild boar/n02396427_18185.jpg,91
animal/wild boar/n02396427_18261.jpg,91
animal/wild boar/n02396427_18469.jpg,91
animal/wild boar/n02396427_19126.jpg,91
animal/wild boar/n02396427_1945.jpg,91
animal/wild boar/n02396427_19458.jpg,91
animal/wild boar/n02396427_19677.jpg,91
animal/wild boar/n02396427_19733.jpg,92
animal/wild boar/n02396427_1979.jpg,92
animal/wild boar/n02396427_20572.jpg,92
animal/wild boar/n02396427_20960.jpg,92
animal/wild boar/n02396427_21276.jpg,92
animal/wild boar/n02396427_21669.jpg,92
animal/wild boar/n02396427_21929.jpg,92
animal/wild boar/n02396427_2194.jpg,92
animal/wild boar/n02396427_22054.jpg,92
animal/wild boar/n02396427_22128.jpg,92
animal/wild boar/n02396427_22180.jpg,92
animal/wild boar/n02396427_22482.jpg,92
animal/wild boar/n02396427_22536.jpg,92
animal/wild boar/n02396427_22716.jpg,92
animal/wild boar/n02396427_22756.jpg,92
animal/wild boar/n02396427_2310.jpg,92
animal/wild boar/n02396427_23155.jpg,92
animal/wild boar/n02396427_23723.jpg,92
animal/wild boar/n02396427_23881.jpg,92
animal/wild boar/n02396427_23932.jpg,92
animal/wild boar/n02396427_2484.jpg,93
animal/wild boar/n02396427_2572.jpg,93
animal/wild boar/n02396427_259.jpg,93
animal/wild boar/n02396427_2723.jpg,93
animal/wild boar/n02396427_2752.jpg,93
animal/wild boar/n02396427_2960.jpg,93
animal/wild boar/n02396427_2997.jpg,93
animal/wild boar/n02396427_3079.jpg,93
animal/wild boar/n02396427_3096.jpg,93
animal/wild boar/n02396427_3134.jpg,93
animal/wild boar/n02396427_3531.jpg,93
animal/wild boar/n02396427_3601.jpg,93
animal/wild boar/n02396427_3696.jpg,93
animal/wild boar/n02396427_4.jpg,93
animal/wild boar/n02396427_4088.jpg,93
animal/wild boar/n02396427_4200.jpg,93
animal/wild boar/n02396427_4362.jpg,93
animal/wild boar/n02396427_4425.jpg,93
animal/wild boar/n02396427_4851.jpg,93
animal/wild boar/n02396427_5137.jpg,93
animal/wild boar/n02396427_5189.jpg,94
animal/wild boar/n02396427_5989.jpg,94
animal/wild boar/n02396427_6351.jpg,94
animal/wild boar/n02396427_7072.jpg,94
animal/wild boar/n02396427_7162.jpg,94
animal/wild boar/n02396427_7183.jpg,94
animal/wild boar/n02396427_7403.jpg,94
animal/wild boar/n02396427_744.jpg,94
animal/wild boar/n02396427_768.jpg,94
animal/wild boar/n02396427_7714.jpg,94
animal/wild boar/n02396427_79.jpg,94
animal/wild boar/n02396427_8473.jpg,94
animal/wild boar/n02396427_8595.jpg,94
animal/wild boar/n02396427_871.jpg,94
animal/wild boar/n02396427_912.jpg,94
animal/wild boar/n02396427_941.jpg,94
animal/wild boar/n02396427_9595.jpg,94
animal/wild boar/n02396427_9609.jpg,94
animal/wild boar/n02396427_9648.jpg,94
animal/wild boar/n02396427_971.jpg,94
animal/zebra/000000007566.jpg,95
animal/zebra/000000009709.jpg,95
animal/zebra/000000014862.jpg,95
animal/zebra/000000039520.jpg,95
animal/zebra/000000041908.jpg,95
animal/zebra/000000055806.jpg,95
animal/zebra/000000060316.jpg,95
animal/zebra/000000073387.jpg,95
animal/zebra/000000082898.jpg,95
animal/zebra/000000083142.jpg,95
animal/zebra/000000090245.jpg,95
animal/zebra/000000091487.jpg,95
animal/zebra/000000093014.jpg,95
animal/zebra/000000095814.jpg,95
animal/zebra/000000096445.jpg,95
animal/zebra/000000100661.jpg,95
animal/zebra/000000102610.jpg,95
animal/zebra/000000111553.jpg,95
animal/zebra/000000115379.jpg,95
animal/zebra/000000117036.jpg,95
animal/zebra/000000133200.jpg,96
animal/zebra/000000136077.jpg,96
animal/zebra/000000144157.jpg,96
animal/zebra/000000154770.jpg,96
animal/zebra/000000157886.jpg,96
animal/zebra/000000165043.jpg,96
animal/zebra/000000181662.jpg,96
animal/zebra/000000181920.jpg,96
animal/zebra/000000182773.jpg,96
animal/zebra/000000195137.jpg,96
animal/zebra/000000195649.jpg,96
animal/zebra/000000199003.jpg,96
animal/zebra/000000203459.jpg,96
animal/zebra/000000205234.jpg,96
animal/zebra/000000207097.jpg,96
animal/zebra/000000208724.jpg,96
animal/zebra/000000213023.jpg,96
animal/zebra/000000214150.jpg,96
animal/zebra/000000228893.jpg,96
animal/zebra/000000230318.jpg,96
animal/zebra/000000247723.jpg,97
animal/zebra/000000250367.jpg,97
animal/zebra/000000256859.jpg,97
animal/zebra/000000257214.jpg,97
animal/zebra/000000258331.jpg,97
animal/zebra/000000266069.jpg,97
animal/zebra/000000269634.jpg,97
animal/zebra/000000284805.jpg,97
animal/zebra/000000288700.jpg,97
animal/zebra/000000291348.jpg,97
animal/zebra/000000310716.jpg,97
animal/zebra/000000312205.jpg,97
animal/zebra/000000316022.jpg,97
animal/zebra/000000317019.jpg,97
animal/zebra/000000328121.jpg,97
animal/zebra/000000331126.jpg,97
animal/zebra/000000332385.jpg,97
animal/zebra/000000339985.jpg,97
animal/zebra/000000351154.jpg,97
animal/zebra/000000359722.jpg,97
animal/zebra/000000373021.jpg,98
animal/zebra/000000376875.jpg,98
animal/zebra/000000381282.jpg,98
animal/zebra/000000383857.jpg,98
animal/zebra/000000393979.jpg,98
animal/zebra/000000405778.jpg,98
animal/zebra/000000407751.jpg,98
animal/zebra/000000407768.jpg,98
animal/zebra/000000413242.jpg,98
animal/zebra/000000415821.jpg,98
animal/zebra/000000424152.jpg,98
animal/zebra/000000425254.jpg,98
animal/zebra/000000427438.jpg,98
animal/zebra/000000430551.jpg,98
animal/zebra/000000445427.jpg,98
animal/zebra/000000451263.jpg,98
animal/zebra/000000455557.jpg,98
animal/zebra/000000457981.jpg,98
animal/zebra/000000467502.jpg,98
animal/zebra/000000471534.jpg,98
animal/zebra/000000474800.jpg,99
animal/zebra/000000481760.jpg,99
animal/zebra/000000484074.jpg,99
animal/zebra/000000484214.jpg,99
animal/zebra/000000501038.jpg,99
animal/zebra/000000519877.jpg,99
animal/zebra/000000526941.jpg,99
animal/zebra/000000532631.jpg,99
animal/zebra/000000537122.jpg,99
animal/zebra/000000544071.jpg,99
animal/zebra/000000546164.jpg,99
animal/zebra/000000546693.jpg,99
animal/zebra/000000548722.jpg,99
animal/zebra/000000551602.jpg,99
animal/zebra/000000556011.jpg,99
animal/zebra/000000563155.jpg,99
animal/zebra/000000564654.jpg,99
animal/zebra/000000566598.jpg,99
animal/zebra/000000569599.jpg,99
animal/zebra/000000577065.jpg,99
food/apple/000000007944.jpg,100
food/apple/000000010478.jpg,100
food/apple/000000028864.jpg,100
food/apple/000000052818.jpg,100
food/apple/000000056714.jpg,100
food/apple/000000087383.jpg,100
food/apple/000000092031.jpg,100
food/apple/000000094514.jpg,100
food/apple/000000125499.jpg,100
food/apple/000000143980.jpg,100
food/apple/000000169529.jpg,100
food/apple/000000253890.jpg,100
food/apple/000000265708.jpg,100
food/apple/000000282583.jpg,100
food/apple/000000286751.jpg,100
food/apple/000000322175.jpg,100
food/apple/000000324645.jpg,100
food/apple/000000329014.jpg,100
food/apple/000000331230.jpg,100
food/apple/000000357925.jpg,100
food/apple/000000385381.jpg,101
food/apple/000000406743.jpg,101
food/apple/000000432636.jpg,101
food/apple/000000491558.jpg,101
food/apple/000000510596.jpg,101
food/apple/000000540164.jpg,101
food/apple/000000555062.jpg,101
food/apple/000000572183.jpg,101
food/apple/000000572430.jpg,101
food/apple/000000577451.jpg,101
food/apple/000000578203.jpg,101
food/bagel/n07693725_10185.jpg,101
food/bagel/n07693725_10301.jpg,101
food/bagel/n07693725_10483.jpg,101
food/bagel/n07693725_11023.jpg,101
food/bagel/n07693725_11051.jpg,101
food/bagel/n07693725_11229.jpg,101
food/bagel/n07693725_11246.jpg,101
food/bagel/n07693725_11570.jpg,101
food/bagel/n07693725_1163.jpg,101
food/bagel/n07693725_11793.jpg,102
food/bagel/n07693725_11883.jpg,102
food/bagel/n07693725_1211.jpg,102
food/bagel/n07693725_12175.jpg,102
food/bagel/n07693725_12319.jpg,102
food/bagel/n07693725_12326.jpg,102
food/bagel/n07693725_12334.jpg,102
food/bagel/n07693725_12485.jpg,102
food/bagel/n07693725_12652.jpg,102
food/bagel/n07693725_1286.jpg,102
food/bagel/n07693725_12947.jpg,102
food/bagel/n07693725_13.jpg,102
food/bagel/n07693725_1321.jpg,102
food/bagel/n07693725_13350.jpg,102
food/bagel/n07693725_13352.jpg,102
food/bagel/n07693725_13403.jpg,102
food/bagel/n07693725_1357.jpg,102
food/bagel/n07693725_13643.jpg,102
food/bagel/n07693725_13736.jpg,102
food/bagel/n07693725_1396.jpg,102
food/bagel/n07693725_14119.jpg,103
food/bagel/n07693725_14254.jpg,103
food/bagel/n07693725_14311.jpg,103
food/bagel/n07693725_14441.jpg,103
food/bagel/n07693725_1602.jpg,103
food/bagel/n07693725_1611.jpg,103
food/bagel/n07693725_2455.jpg,103
food/bagel/n07693725_2526.jpg,103
food/bagel/n07693725_2676.jpg,103
food/bagel/n07693725_2776.jpg,103
food/bagel/n07693725_3014.jpg,103
food/bagel/n07693725_3156.jpg,103
food/bagel/n07693725_3177.jpg,103
food/bagel/n07693725_3203.jpg,103
food/bagel/n07693725_3258.jpg,103
food/bagel/n07693725_3451.jpg,103
food/bagel/n07693725_3477.jpg,103
food/bagel/n07693725_3523.jpg,103
food/bagel/n07693725_3536.jpg,103
food/bagel/n07693725_3602.jpg,103
food/bagel/n07693725_3605.jpg,104
food/bagel/n07693725_3611.jpg,104
food/bagel/n07693725_3612.jpg,104
food/bagel/n07693725_4972.jpg,104
food/bagel/n07693725_498.jpg,104
food/bagel/n07693725_500.jpg,104
food/bagel/n07693725_5096.jpg,104
food/bagel/n07693725_5217.jpg,104
food/bagel/n07693725_529.jpg,104
food/bagel/n07693725_5683.jpg,104
food/bagel/n07693725_6372.jpg,104
food/bagel/n07693725_6512.jpg,104
food/bagel/n07693725_7311.jpg,104
food/bagel/n07693725_7439.jpg,104
food/bagel/n07693725_758.jpg,104
food/bagel/n07693725_8046.jpg,104
food/bagel/n07693725_8131.jpg,104
food/bagel/n07693725_8314.jpg,104
food/bagel/n07693725_8337.jpg,104
food/bagel/n07693725_8396.jpg,104
food/bagel/n07693725_8448.jpg,105
food/bagel/n07693725_855.jpg,105
food/bagel/n07693725_8602.jpg,105
food/bagel/n07693725_8694.jpg,105
food/bagel/n07693725_8807.jpg,105
food/bagel/n07693725_8841.jpg,105
food/bagel/n07693725_8899.jpg,105
food/bagel/n07693725_905.jpg,105
food/bagel/n07693725_9127.jpg,105
food/bagel/n07693725_962.jpg,105
food/bagel/n07693725_9698.jpg,105
food/banana/000000000715.jpg,105
food/banana/000000004749.jpg,105
food/banana/000000009768.jpg,105
food/banana/000000016161.jpg,105
food/banana/000000026812.jpg,105
food/banana/000000144951.jpg,105
food/banana/000000183898.jpg,105
food/banana/000000193015.jpg,105
food/banana/000000202888.jpg,105
food/banana/000000207573.jpg,106
food/banana/000000216820.jpg,106
food/banana/000000237762.jpg,106
food/banana/000000261503.jpg,106
food/banana/000000283144.jpg,106
food/banana/000000283545.jpg,106
food/banana/000000347568.jpg,106
food/banana/000000347773.jpg,106
food/banana/000000349402.jpg,106
food/banana/000000351686.jpg,106
food/banana/000000395169.jpg,106
food/banana/000000412874.jpg,106
food/banana/000000425201.jpg,106
food/banana/000000450961.jpg,106
food/banana/000000463555.jpg,106
food/banana/000000466736.jpg,106
food/banana/000000468615.jpg,106
food/banana/000000504554.jpg,106
food/banana/000000511644.jpg,106
food/banana/000000521064.jpg,106
food/banana/000000540464.jpg,107
food/banana/000000543696.jpg,107
food/banana/000000559021.jpg,107
food/banana/n07753592_10437.jpg,107
food/banana/n07753592_10692.jpg,107
food/banana/n07753592_10906.jpg,107
food/banana/n07753592_11382.jpg,107
food/banana/n07753592_11566.jpg,107
food/banana/n07753592_11789.jpg,107
food/banana/n07753592_1185.jpg,107
food/banana/n07753592_11999.jpg,107
food/banana/n07753592_1234.jpg,107
food/banana/n07753592_14958.jpg,107
food/banana/n07753592_16211.jpg,107
food/banana/n07753592_16831.jpg,107
food/banana/n07753592_1750.jpg,107
food/banana/n07753592_1773.jpg,107
food/banana/n07753592_1816.jpg,107
food/banana/n07753592_18348.jpg,107
food/banana/n07753592_1909.jpg,107
food/banana/n07753592_1917.jpg,108
food/banana/n07753592_1991.jpg,108
food/banana/n07753592_2002.jpg,108
food/banana/n07753592_20027.jpg,108
food/banana/n07753592_2012.jpg,108
food/banana/n07753592_2021.jpg,108
food/banana/n07753592_2231.jpg,108
food/banana/n07753592_2805.jpg,108
food/banana/n07753592_2829.jpg,108
food/banana/n07753592_3491.jpg,108
food/banana/n07753592_3592.jpg,108
food/banana/n07753592_3754.jpg,108
food/banana/n07753592_3854.jpg,108
food/banana/n07753592_4091.jpg,108
food/banana/n07753592_5409.jpg,108
food/banana/n07753592_5569.jpg,108
food/banana/n07753592_5802.jpg,108
food/banana/n07753592_5844.jpg,108
food/banana/n07753592_5942.jpg,108
food/banana/n07753592_6132.jpg,108
food/banana/n07753592_6197.jpg,109
food/banana/n07753592_6754.jpg,109
food/banana/n07753592_708.jpg,109
food/banana/n07753592_7261.jpg,109
food/banana/n07753592_7598.jpg,109
food/banana/n07753592_7792.jpg,109
food/banana/n07753592_8041.jpg,109
food/banana/n07753592_8141.jpg,109
food/banana/n07753592_8271.jpg,109
food/banana/n07753592_8534.jpg,109
food/banana/n07753592_8891.jpg,109
food/banana/n07753592_9134.jpg,109
food/banana/n07753592_9781.jpg,109
food/barbecue/000000043494.jpg,109
food/barbecue/000000185225.jpg,109
food/barbecue/000000302055.jpg,109
food/barbecue/000000395714.jpg,109
food/barbecue/000000432372.jpg,109
food/barbecue/000000492292.jpg,109
food/barbecue/000000579405.jpg,109
food/barbecue/n07654148_10592.jpg,110
food/barbecue/n07654148_11041.jpg,110
food/barbecue/n07654148_11187.jpg,110
food/barbecue/n07654148_11189.jpg,110
food/barbecue/n07654148_11193.jpg,110
food/barbecue/n07654148_11447.jpg,110
food/barbecue/n07654148_12782.jpg,110
food/barbecue/n07654148_13056.jpg,110
food/barbecue/n07654148_13111.jpg,110
food/barbecue/n07654148_13583.jpg,110
food/barbecue/n07654148_13790.jpg,110
food/barbecue/n07654148_13921.jpg,110
food/barbecue/n07654148_14261.jpg,110
food/barbecue/n07654148_14341.jpg,110
food/barbecue/n07654148_14359.jpg,110
food/barbecue/n07654148_14827.jpg,110
food/barbecue/n07654148_14835.jpg,110
food/barbecue/n07654148_15593.jpg,110
food/barbecue/n07654148_16788.jpg,110
food/barbecue/n07654148_16882.jpg,110
food/barbecue/n07654148_17137.jpg,111
food/barbecue/n07654148_17445.jpg,111
food/barbecue/n07654148_17522.jpg,111
food/barbecue/n07654148_18173.jpg,111
food/barbecue/n07654148_18188.jpg,111
food/barbecue/n07654148_18263.jpg,111
food/barbecue/n07654148_18307.jpg,111
food/barbecue/n07654148_18423.jpg,111
food/barbecue/n07654148_18446.jpg,111
food/barbecue/n07654148_18537.jpg,111
food/barbecue/n07654148_19332.jpg,111
food/barbecue/n07654148_19681.jpg,111
food/barbecue/n07654148_20099.jpg,111
food/barbecue/n07654148_21097.jpg,111
food/barbecue/n07654148_21186.jpg,111
food/barbecue/n07654148_21465.jpg,111
food/barbecue/n07654148_22848.jpg,111
food/barbecue/n07654148_22977.jpg,111
food/bell pepper/n07720875_10151.jpg,111
food/bell pepper/n07720875_10155.jpg,111
food/bell pepper/n07720875_10162.jpg,112
food/bell pepper/n07720875_10894.jpg,112
food/bell pepper/n07720875_12386.jpg,112
food/bell pepper/n07720875_1314.jpg,112
food/bell pepper/n07720875_1529.jpg,112
food/bell pepper/n07720875_1586.jpg,112
food/bell pepper/n07720875_1697.jpg,112
food/bell pepper/n07720875_1782.jpg,112
food/bell pepper/n07720875_2188.jpg,112
food/bell pepper/n07720875_2238.jpg,112
food/bell pepper/n07720875_2394.jpg,112
food/bell pepper/n07720875_2664.jpg,112
food/bell pepper/n07720875_2930.jpg,112
food/bell pepper/n07720875_2949.jpg,112
food/bell pepper/n07720875_3102.jpg,112
food/bell pepper/n07720875_3162.jpg,112
food/bell pepper/n07720875_3180.jpg,112
food/bell pepper/n07720875_3204.jpg,112
food/bell pepper/n07720875_3234.jpg,112
food/bell pepper/n07720875_3236.jpg,112
food/bell pepper/n07720875_3313.jpg,113
food/bell pepper/n07720875_3425.jpg,113
food/bell pepper/n07720875_3464.jpg,113
food/bell pepper/n07720875_3556.jpg,113
food/bell pepper/n07720875_3592.jpg,113
food/bell pepper/n07720875_3911.jpg,113
food/bell pepper/n07720875_4129.jpg,113
food/bell pepper/n07720875_4162.jpg,113
food/bell pepper/n07720875_4206.jpg,113
food/bell pepper/n07720875_4744.jpg,113
food/bell pepper/n07720875_4943.jpg,113
food/bell pepper/n07720875_5177.jpg,113
food/bell pepper/n07720875_5389.jpg,113
food/bell pepper/n07720875_5440.jpg,113
food/bell pepper/n07720875_5449.jpg,113
food/bell pepper/n07720875_5671.jpg,113
food/bell pepper/n07720875_5729.jpg,113
food/bell pepper/n07720875_5791.jpg,113
food/bell pepper/n07720875_6236.jpg,113
food/bell pepper/n07720875_7455.jpg,113
food/bell pepper/n07720875_7650.jpg,114
food/bell pepper/n07720875_7739.jpg,114
food/bell pepper/n07720875_8101.jpg,114
food/bell pepper/n07720875_8234.jpg,114
food/bell pepper/n07720875_8255.jpg,114
food/bell pepper/n07720875_8307.jpg,114
food/bell pepper/n07720875_8359.jpg,114
food/bell pepper/n07720875_8705.jpg,114
food/bell pepper/n07720875_8835.jpg,114
food/bell pepper/n07720875_9092.jpg,114
food/bell pepper/n07720875_9367.jpg,114
food/bell pepper/n07720875_9394.jpg,114
food/bell pepper/n07720875_993.jpg,114
food/bread/n07679356_23272.jpg,114
food/bread/n07679356_23728.jpg,114
food/bread/n07679356_23730.jpg,114
food/bread/n07679356_23890.jpg,114
food/bread/n07679356_23943.jpg,114
food/bread/n07679356_23986.jpg,114
food/bread/n07679356_23999.jpg,114
food/bread/n07679356_24131.jpg,115
food/bread/n07679356_24275.jpg,115
food/bread/n07679356_24774.jpg,115
food/bread/n07679356_26076.jpg,115
food/bread/n07679356_26284.jpg,115
food/bread/n07679356_26410.jpg,115
food/bread/n07679356_26486.jpg,115
food/bread/n07679356_26730.jpg,115
food/bread/n07679356_26882.jpg,115
food/bread/n07679356_27111.jpg,115
food/bread/n07679356_27158.jpg,115
food/bread/n07679356_28420.jpg,115
food/bread/n07679356_28936.jpg,115
food/bread/n07679356_29289.jpg,115
food/bread/n07679356_29539.jpg,115
food/bread/n07679356_29552.jpg,115
food/bread/n07679356_29890.jpg,115
food/bread/n07679356_30345.jpg,115
food/bread/n07679356_30519.jpg,115
food/bread/n07679356_30714.jpg,115
food/bread/n07679356_31327.jpg,116
food/bread/n07679356_31549.jpg,116
food/bread/n07679356_31660.jpg,116
food/bread/n07679356_31946.jpg,116
food/bread/n07679356_31997.jpg,116
food/bread/n07679356_38784.jpg,116
food/bread/n07679356_46911.jpg,116
food/bread/n07679356_55203.jpg,116
food/bread/n07680932_10382.jpg,116
food/bread/n07680932_1060.jpg,116
food/bread/n07680932_11247.jpg,116
food/bread/n07680932_1211.jpg,116
food/bread/n07680932_14041.jpg,116
food/bread/n07680932_14847.jpg,116
food/bread/n07680932_16996.jpg,116
food/bread/n07680932_18337.jpg,116
food/bread/n07680932_19004.jpg,116
food/bread/n07680932_20154.jpg,116
food/bread/n07680932_21484.jpg,116
food/bread/n07680932_2352.jpg,116
food/bread/n07680932_24328.jpg,117
food/bread/n07680932_26289.jpg,117
food/bread/n07680932_26553.jpg,117
food/bread/n07680932_2751.jpg,117
food/bread/n07680932_27862.jpg,117
food/bread/n07680932_27982.jpg,117
food/bread/n07680932_28998.jpg,117
food/bread/n07680932_29285.jpg,117
food/bread/n07680932_3052.jpg,117
food/bread/n07680932_30974.jpg,117
food/bread/n07680932_32177.jpg,117
food/bread/n07680932_32427.jpg,117
food/bread/n07680932_32793.jpg,117
food/bread/n07680932_33577.jpg,117
food/bread/n07680932_3803.jpg,117
food/bread/n07680932_39981.jpg,117
food/bread/n07680932_42044.jpg,117
food/bread/n07680932_43728.jpg,117
food/bread/n07680932_48396.jpg,117
food/bread/n07680932_48861.jpg,117
food/bread/n07680932_48969.jpg,118
food/bread/n07680932_5148.jpg,118
food/bread/n07680932_5209.jpg,118
food/bread/n07680932_55396.jpg,118
food/bread/n07680932_5574.jpg,118
food/bread/n07680932_5633.jpg,118
food/bread/n07680932_56466.jpg,118
food/bread/n07680932_57798.jpg,118
food/bread/n07680932_6287.jpg,118
food/bread/n07680932_65206.jpg,118
food/bread/n07680932_68607.jpg,118
food/bread/n07680932_7947.jpg,118
food/bread/n07680932_803.jpg,118
food/bread/n07680932_8144.jpg,118
food/bread/n07680932_866.jpg,118
food/bread/n07680932_9358.jpg,118
food/bread/n07680932_9973.jpg,118
food/breakfast/000000076384.jpg,118
food/breakfast/000000238881.jpg,118
food/breakfast/000000491888.jpg,118
food/breakfast/000000498583.jpg,119
food/breakfast/n07574602_22465.jpg,119
food/breakfast/n07574602_22582.jpg,119
food/breakfast/n07574602_22734.jpg,119
food/breakfast/n07574602_22776.jpg,119
food/breakfast/n07574602_22829.jpg,119
food/breakfast/n07574602_22837.jpg,119
food/breakfast/n07574602_22882.jpg,119
food/breakfast/n07574602_22940.jpg,119
food/breakfast/n07574602_23014.jpg,119
food/breakfast/n07574602_23198.jpg,119
food/breakfast/n07574602_23518.jpg,119
food/breakfast/n07574602_23818.jpg,119
food/breakfast/n07574602_23918.jpg,119
food/breakfast/n07574602_24053.jpg,119
food/breakfast/n07574602_24289.jpg,119
food/breakfast/n07574602_24364.jpg,119
food/breakfast/n07574602_24451.jpg,119
food/breakfast/n07574602_24483.jpg,119
food/breakfast/n07574602_24537.jpg,119
food/breakfast/n07574602_24543.jpg,120
food/breakfast/n07574602_24636.jpg,120
food/breakfast/n07574602_24646.jpg,120
food/breakfast/n07574602_24859.jpg,120
food/breakfast/n07574602_24875.jpg,120
food/breakfast/n07574602_24937.jpg,120
food/breakfast/n07574602_25107.jpg,120
food/breakfast/n07574602_25208.jpg,120
food/breakfast/n07574602_25237.jpg,120
food/breakfast/n07574602_25330.jpg,120
food/breakfast/n07574602_25400.jpg,120
food/breakfast/n07574602_25417.jpg,120
food/breakfast/n07574602_25450.jpg,120
food/breakfast/n07574602_25517.jpg,120
food/breakfast/n07574602_25609.jpg,120
food/breakfast/n07574602_26210.jpg,120
food/breakfast/n07574602_26295.jpg,120
food/breakfast/n07574602_26378.jpg,120
food/breakfast/n07574602_26402.jpg,120
food/breakfast/n07574602_26505.jpg,120
food/breakfast/n07574602_26535.jpg,121
food/breakfast/n07574602_26538.jpg,121
food/breakfast/n07574602_26579.jpg,121
food/breakfast/n07574602_26595.jpg,121
food/breakfast/n07574602_26659.jpg,121
food/breakfast/n07574602_26811.jpg,121
food/breakfast/n07574602_26819.jpg,121
food/breakfast/n07574602_26851.jpg,121
food/breakfast/n07574602_26891.jpg,121
food/breakfast/n07574602_26959.jpg,121
food/breakfast/n07574602_26972.jpg,121
food/breakfast/n07574602_26982.jpg,121
food/breakfast/n07574602_27043.jpg,121
food/breakfast/n07574602_27054.jpg,121
food/breakfast/n07574602_27068.jpg,121
food/breakfast/n07574602_27079.jpg,121
food/breakfast/n07574602_27102.jpg,121
food/breakfast/n07574602_27151.jpg,121
food/breakfast/n07574602_27219.jpg,121
food/breakfast/n07574602_27252.jpg,121
food/breakfast/n07574602_27286.jpg,122
food/breakfast/n07574602_27308.jpg,122
food/breakfast/n07574602_27391.jpg,122
food/breakfast/n07574602_27438.jpg,122
food/breakfast/n07574602_27481.jpg,122
food/breakfast/n07574602_27493.jpg,122
food/breakfast/n07574602_28533.jpg,122
food/breakfast/n07574602_28789.jpg,122
food/breakfast/n07574602_29393.jpg,122
food/breakfast/n07574602_29681.jpg,122
food/breakfast/n07574602_29739.jpg,122
food/breakfast/n07574602_31019.jpg,122
food/broccoli/000000002068.jpg,122
food/broccoli/000000004256.jpg,122
food/broccoli/000000004936.jpg,122
food/broccoli/000000008789.jpg,122
food/broccoli/000000010407.jpg,122
food/broccoli/000000010900.jpg,122
food/broccoli/000000012231.jpg,122
food/broccoli/000000013428.jpg,122
food/broccoli/000000016848.jpg,123
food/broccoli/000000032893.jpg,123
food/broccoli/000000048719.jpg,123
food/broccoli/000000050910.jpg,123
food/broccoli/000000051716.jpg,123
food/broccoli/000000076138.jpg,123
food/broccoli/000000081964.jpg,123
food/broccoli/000000089320.jpg,123
food/broccoli/000000118543.jpg,123
food/broccoli/000000125617.jpg,123
food/broccoli/000000132041.jpg,123
food/broccoli/000000139075.jpg,123
food/broccoli/000000142378.jpg,123
food/broccoli/000000144847.jpg,123
food/broccoli/000000155892.jpg,123
food/broccoli/000000163559.jpg,123
food/broccoli/000000167092.jpg,123
food/broccoli/000000173882.jpg,123
food/broccoli/000000197597.jpg,123
food/broccoli/000000197689.jpg,123
food/broccoli/000000203076.jpg,124
food/broccoli/000000214030.jpg,124
food/broccoli/000000215062.jpg,124
food/broccoli/000000220889.jpg,124
food/broccoli/000000234238.jpg,124
food/broccoli/000000235575.jpg,124
food/broccoli/000000242187.jpg,124
food/broccoli/000000242368.jpg,124
food/broccoli/000000249663.jpg,124
food/broccoli/000000249969.jpg,124
food/broccoli/000000251702.jpg,124
food/broccoli/000000253863.jpg,124
food/broccoli/000000257137.jpg,124
food/broccoli/000000275175.jpg,124
food/broccoli/000000275663.jpg,124
food/broccoli/000000282328.jpg,124
food/broccoli/000000282930.jpg,124
food/broccoli/000000283638.jpg,124
food/broccoli/000000293810.jpg,124
food/broccoli/000000300264.jpg,124
food/broccoli/000000305738.jpg,125
food/broccoli/000000306902.jpg,125
food/broccoli/000000309983.jpg,125
food/broccoli/000000310061.jpg,125
food/broccoli/000000327918.jpg,125
food/broccoli/000000336174.jpg,125
food/broccoli/000000352418.jpg,125
food/broccoli/000000359592.jpg,125
food/broccoli/000000364973.jpg,125
food/broccoli/000000367007.jpg,125
food/broccoli/000000370399.jpg,125
food/broccoli/000000383695.jpg,125
food/broccoli/000000387513.jpg,125
food/broccoli/000000395337.jpg,125
food/broccoli/000000402775.jpg,125
food/broccoli/000000404361.jpg,125
food/broccoli/000000421703.jpg,125
food/broccoli/000000426428.jpg,125
food/broccoli/000000434389.jpg,125
food/broccoli/000000442508.jpg,125
food/broccoli/000000456563.jpg,126
food/broccoli/000000459310.jpg,126
food/broccoli/000000479214.jpg,126
food/broccoli/000000489218.jpg,126
food/broccoli/000000491330.jpg,126
food/broccoli/000000511036.jpg,126
food/broccoli/000000526588.jpg,126
food/broccoli/000000527365.jpg,126
food/broccoli/000000530741.jpg,126
food/broccoli/000000532638.jpg,126
food/broccoli/000000538844.jpg,126
food/broccoli/000000541450.jpg,126
food/broccoli/000000541816.jpg,126
food/broccoli/000000552503.jpg,126
food/broccoli/000000555922.jpg,126
food/broccoli/000000558809.jpg,126
food/broccoli/000000559838.jpg,126
food/broccoli/000000577948.jpg,126
food/burrito/n07880968_1068.jpg,126
food/burrito/n07880968_108.jpg,126
food/burrito/n07880968_1135.jpg,127
food/burrito/n07880968_1207.jpg,127
food/burrito/n07880968_1519.jpg,127
food/burrito/n07880968_155.jpg,127
food/burrito/n07880968_1614.jpg,127
food/burrito/n07880968_177.jpg,127
food/burrito/n07880968_1873.jpg,127
food/burrito/n07880968_190.jpg,127
food/burrito/n07880968_1915.jpg,127
food/burrito/n07880968_2001.jpg,127
food/burrito/n07880968_2003.jpg,127
food/burrito/n07880968_2005.jpg,127
food/burrito/n07880968_2090.jpg,127
food/burrito/n07880968_2104.jpg,127
food/burrito/n07880968_2299.jpg,127
food/burrito/n07880968_2355.jpg,127
food/burrito/n07880968_2379.jpg,127
food/burrito/n07880968_241.jpg,127
food/burrito/n07880968_2771.jpg,127
food/burrito/n07880968_2787.jpg,127
food/burrito/n07880968_2835.jpg,128
food/burrito/n07880968_2876.jpg,128
food/burrito/n07880968_2905.jpg,128
food/burrito/n07880968_2921.jpg,128
food/burrito/n07880968_2967.jpg,128
food/burrito/n07880968_3005.jpg,128
food/burrito/n07880968_3091.jpg,128
food/burrito/n07880968_3235.jpg,128
food/burrito/n07880968_3281.jpg,128
food/burrito/n07880968_335.jpg,128
food/burrito/n07880968_3496.jpg,128
food/burrito/n07880968_3617.jpg,128
food/burrito/n07880968_3686.jpg,128
food/burrito/n07880968_3916.jpg,128
food/burrito/n07880968_403.jpg,128
food/burrito/n07880968_4256.jpg,128
food/burrito/n07880968_4275.jpg,128
food/burrito/n07880968_4309.jpg,128
food/burrito/n07880968_4332.jpg,128
food/burrito/n07880968_4363.jpg,128
food/burrito/n07880968_4442.jpg,129
food/burrito/n07880968_4566.jpg,129
food/burrito/n07880968_4577.jpg,129
food/burrito/n07880968_4603.jpg,129
food/burrito/n07880968_4615.jpg,129
food/burrito/n07880968_4626.jpg,129
food/burrito/n07880968_4731.jpg,129
food/burrito/n07880968_516.jpg,129
food/burrito/n07880968_5168.jpg,129
food/burrito/n07880968_5202.jpg,129
food/burrito/n07880968_5320.jpg,129
food/burrito/n07880968_5357.jpg,129
food/burrito/n07880968_5396.jpg,129
food/burrito/n07880968_5513.jpg,129
food/burrito/n07880968_553.jpg,129
food/burrito/n07880968_5547.jpg,129
food/burrito/n07880968_5554.jpg,129
food/burrito/n07880968_5785.jpg,129
food/burrito/n07880968_5835.jpg,129
food/burrito/n07880968_5851.jpg,129
food/burrito/n07880968_5936.jpg,130
food/burrito/n07880968_5952.jpg,130
food/burrito/n07880968_5955.jpg,130
food/burrito/n07880968_5959.jpg,130
food/burrito/n07880968_6021.jpg,130
food/burrito/n07880968_6026.jpg,130
food/burrito/n07880968_6047.jpg,130
food/burrito/n07880968_6178.jpg,130
food/burrito/n07880968_6256.jpg,130
food/burrito/n07880968_6269.jpg,130
food/burrito/n07880968_6446.jpg,130
food/burrito/n07880968_6571.jpg,130
food/burrito/n07880968_6786.jpg,130
food/burrito/n07880968_6843.jpg,130
food/burrito/n07880968_7029.jpg,130
food/burrito/n07880968_7279.jpg,130
food/burrito/n07880968_7455.jpg,130
food/burrito/n07880968_7480.jpg,130
food/burrito/n07880968_75.jpg,130
food/butternut squash/n07717556_1126.jpg,130
food/butternut squash/n07717556_1161.jpg,131
food/butternut squash/n07717556_1221.jpg,131
food/butternut squash/n07717556_129.jpg,131
food/butternut squash/n07717556_130.jpg,131
food/butternut squash/n07717556_1502.jpg,131
food/butternut squash/n07717556_156.jpg,131
food/butternut squash/n07717556_1608.jpg,131
food/butternut squash/n07717556_1645.jpg,131
food/butternut squash/n07717556_1745.jpg,131
food/butternut squash/n07717556_1761.jpg,131
food/butternut squash/n07717556_1787.jpg,131
food/butternut squash/n07717556_1818.jpg,131
food/butternut squash/n07717556_1822.jpg,131
food/butternut squash/n07717556_1981.jpg,131
food/butternut squash/n07717556_2038.jpg,131
food/butternut squash/n07717556_2401.jpg,131
food/butternut squash/n07717556_2408.jpg,131
food/butternut squash/n07717556_2584.jpg,131
food/butternut squash/n07717556_2632.jpg,131
food/butternut squash/n07717556_2721.jpg,131
food/butternut squash/n07717556_2777.jpg,132
food/butternut squash/n07717556_3057.jpg,132
food/butternut squash/n07717556_3102.jpg,132
food/butternut squash/n07717556_3128.jpg,132
food/butternut squash/n07717556_3231.jpg,132
food/butternut squash/n07717556_3374.jpg,132
food/butternut squash/n07717556_3396.jpg,132
food/butternut squash/n07717556_3438.jpg,132
food/butternut squash/n07717556_3502.jpg,132
food/butternut squash/n07717556_3538.jpg,132
food/butternut squash/n07717556_361.jpg,132
food/butternut squash/n07717556_3650.jpg,132
food/butternut squash/n07717556_3656.jpg,132
food/butternut squash/n07717556_3902.jpg,132
food/butternut squash/n07717556_3949.jpg,132
food/butternut squash/n07717556_4146.jpg,132
food/butternut squash/n07717556_4167.jpg,132
food/butternut squash/n07717556_4175.jpg,132
food/butternut squash/n07717556_4185.jpg,132
food/butternut squash/n07717556_4197.jpg,132
food/butternut squash/n07717556_4254.jpg,133
food/butternut squash/n07717556_427.jpg,133
food/butternut squash/n07717556_4272.jpg,133
food/butternut squash/n07717556_431.jpg,133
food/butternut squash/n07717556_4346.jpg,133
food/butternut squash/n07717556_442.jpg,133
food/butternut squash/n07717556_443.jpg,133
food/butternut squash/n07717556_4501.jpg,133
food/butternut squash/n07717556_4558.jpg,133
food/butternut squash/n07717556_4579.jpg,133
food/butternut squash/n07717556_4615.jpg,133
food/butternut squash/n07717556_4620.jpg,133
food/butternut squash/n07717556_4814.jpg,133
food/butternut squash/n07717556_4838.jpg,133
food/butternut squash/n07717556_4888.jpg,133
food/butternut squash/n07717556_5341.jpg,133
food/butternut squash/n07717556_5351.jpg,133
food/butternut squash/n07717556_5459.jpg,133
food/butternut squash/n07717556_5489.jpg,133
food/butternut squash/n07717556_5513.jpg,133
food/butternut squash/n07717556_5541.jpg,134
food/butternut squash/n07717556_5574.jpg,134
food/butternut squash/n07717556_5591.jpg,134
food/butternut squash/n07717556_5720.jpg,134
food/butternut squash/n07717556_5738.jpg,134
food/butternut squash/n07717556_580.jpg,134
food/butternut squash/n07717556_5805.jpg,134
food/butternut squash/n07717556_5832.jpg,134
food/butternut squash/n07717556_60.jpg,134
food/butternut squash/n07717556_6558.jpg,134
food/butternut squash/n07717556_6559.jpg,134
food/butternut squash/n07717556_6673.jpg,134
food/butternut squash/n07717556_692.jpg,134
food/butternut squash/n07717556_6983.jpg,134
food/butternut squash/n07717556_7064.jpg,134
food/butternut squash/n07717556_7101.jpg,134
food/butternut squash/n07717556_7129.jpg,134
food/butternut squash/n07717556_744.jpg,134
food/butternut squash/n07717556_757.jpg,134
food/butternut squash/n07717556_762.jpg,134
food/butternut squash/n07717556_81.jpg,135
food/butternut squash/n07717556_834.jpg,135
food/butternut squash/n07717556_886.jpg,135
food/butternut squash/n07717556_898.jpg,135
food/butternut squash/n07717556_941.jpg,135
food/butternut squash/n07717556_957.jpg,135
food/cake/000000001522.jpg,135
food/cake/000000031812.jpg,135
food/cake/000000036544.jpg,135
food/cake/000000038701.jpg,135
food/cake/000000039516.jpg,135
food/cake/000000045558.jpg,135
food/cake/000000054082.jpg,135
food/cake/000000077467.jpg,135
food/cake/000000079423.jpg,135
food/cake/000000121677.jpg,135
food/cake/000000125755.jpg,135
food/cake/000000125979.jpg,135
food/cake/000000129843.jpg,135
food/cake/000000132161.jpg,135
food/cake/000000134238.jpg,136
food/cake/000000147762.jpg,136
food/cake/000000169660.jpg,136
food/cake/000000178022.jpg,136
food/cake/000000199131.jpg,136
food/cake/000000208825.jpg,136
food/cake/000000216726.jpg,136
food/cake/000000225360.jpg,136
food/cake/000000235652.jpg,136
food/cake/000000244635.jpg,136
food/cake/000000271214.jpg,136
food/cake/000000273658.jpg,136
food/cake/000000277375.jpg,136
food/cake/000000306047.jpg,136
food/cake/000000310749.jpg,136
food/cake/000000318044.jpg,136
food/cake/000000321173.jpg,136
food/cake/000000324616.jpg,136
food/cake/000000340642.jpg,136
food/cake/000000362824.jpg,136
food/cake/000000385931.jpg,137
food/cake/000000389608.jpg,137
food/cake/000000390463.jpg,137
food/cake/000000390954.jpg,137
food/cake/000000390991.jpg,137
food/cake/000000399382.jpg,137
food/cake/000000418611.jpg,137
food/cake/000000424572.jpg,137
food/cake/000000441182.jpg,137
food/cake/000000471842.jpg,137
food/cake/000000487289.jpg,137
food/cake/000000511343.jpg,137
food/cake/000000525443.jpg,137
food/cake/000000535369.jpg,137
food/cake/000000564951.jpg,137
food/cake/n07594066_11707.jpg,137
food/cake/n07594066_15.jpg,137
food/cake/n07594066_2393.jpg,137
food/cake/n07594066_2861.jpg,137
food/cake/n07594066_3110.jpg,137
food/cake/n07594066_4094.jpg,138
food/cake/n07594066_4626.jpg,138
food/cake/n07594066_4726.jpg,138
food/cake/n07594066_9762.jpg,138
food/cake/n07594066_9764.jpg,138
food/cake/n07801508_10895.jpg,138
food/cake/n07801508_11409.jpg,138
food/cake/n07801508_12087.jpg,138
food/cake/n07801508_12118.jpg,138
food/cake/n07801508_12576.jpg,138
food/cake/n07801508_12917.jpg,138
food/cake/n07801508_13723.jpg,138
food/cake/n07801508_15309.jpg,138
food/cake/n07801508_15792.jpg,138
food/cake/n07801508_1708.jpg,138
food/cake/n07801508_1807.jpg,138
food/cake/n07801508_1874.jpg,138
food/cake/n07801508_2105.jpg,138
food/cake/n07801508_3335.jpg,138
food/cake/n07801508_371.jpg,138
food/cake/n07801508_4116.jpg,139
food/cake/n07801508_4232.jpg,139
food/cake/n07801508_4242.jpg,139
food/cake/n07801508_4379.jpg,139
food/cake/n07801508_6862.jpg,139
food/cake/n07801508_7358.jpg,139
food/cake/n07801508_7575.jpg,139
food/cake/n07801508_7989.jpg,139
food/cake/n07801508_8696.jpg,139
food/cake/n07801508_890.jpg,139
food/cake/n07801508_897.jpg,139
food/cake/n07801508_9312.jpg,139
food/cake/n07801508_9626.jpg,139
food/champagne/n07893642_10890.jpg,139
food/champagne/n07893642_11246.jpg,139
food/champagne/n07893642_1155.jpg,139
food/champagne/n07893642_11849.jpg,139
food/champagne/n07893642_12150.jpg,139
food/champagne/n07893642_12155.jpg,139
food/champagne/n07893642_15353.jpg,139
food/champagne/n07893642_15617.jpg,140
food/champagne/n07893642_16335.jpg,140
food/champagne/n07893642_16592.jpg,140
food/champagne/n07893642_16798.jpg,140
food/champagne/n07893642_16937.jpg,140
food/champagne/n07893642_17899.jpg,140
food/champagne/n07893642_17982.jpg,140
food/champagne/n07893642_18209.jpg,140
food/champagne/n07893642_18392.jpg,140
food/champagne/n07893642_21663.jpg,140
food/champagne/n07893642_22875.jpg,140
food/champagne/n07893642_22957.jpg,140
food/champagne/n07893642_24480.jpg,140
food/champagne/n07893642_24926.jpg,140
food/champagne/n07893642_25055.jpg,140
food/champagne/n07893642_25256.jpg,140
food/champagne/n07893642_25414.jpg,140
food/champagne/n07893642_25693.jpg,140
food/champagne/n07893642_26236.jpg,140
food/champagne/n07893642_27263.jpg,140
food/champagne/n07893642_27662.jpg,141
food/champagne/n07893642_27690.jpg,141
food/champagne/n07893642_27773.jpg,141
food/champagne/n07893642_28192.jpg,141
food/champagne/n07893642_28634.jpg,141
food/champagne/n07893642_28638.jpg,141
food/champagne/n07893642_32906.jpg,141
food/champagne/n07893642_3353.jpg,141
food/champagne/n07893642_3609.jpg,141
food/champagne/n07893642_3799.jpg,141
food/champagne/n07893642_5591.jpg,141
food/champagne/n07893642_6278.jpg,141
food/champagne/n07893642_7275.jpg,141
food/champagne/n07893642_7459.jpg,141
food/champagne/n07893642_8452.jpg,141
food/champagne/n07893642_8763.jpg,141
food/cheese/n07850329_10070.jpg,141
food/cheese/n07850329_10790.jpg,141
food/cheese/n07850329_13013.jpg,141
food/cheese/n07850329_13492.jpg,141
food/cheese/n07850329_14077.jpg,142
food/cheese/n07850329_16941.jpg,142
food/cheese/n07850329_17467.jpg,142
food/cheese/n07850329_18623.jpg,142
food/cheese/n07850329_18900.jpg,142
food/cheese/n07850329_19678.jpg,142
food/cheese/n07850329_20654.jpg,142
food/cheese/n07850329_21202.jpg,142
food/cheese/n07850329_21273.jpg,142
food/cheese/n07850329_21483.jpg,142
food/cheese/n07850329_21744.jpg,142
food/cheese/n07850329_21747.jpg,142
food/cheese/n07850329_22018.jpg,142
food/cheese/n07850329_22044.jpg,142
food/cheese/n07850329_22149.jpg,142
food/cheese/n07850329_22394.jpg,142
food/cheese/n07850329_22578.jpg,142
food/cheese/n07850329_22927.jpg,142
food/cheese/n07850329_24.jpg,142
food/cheese/n07850329_2424.jpg,142
food/cheese/n07850329_28366.jpg,143
food/cheese/n07850329_2840.jpg,143
food/cheese/n07850329_28834.jpg,143
food/cheese/n07850329_29719.jpg,143
food/cheese/n07850329_30046.jpg,143
food/cheese/n07850329_30850.jpg,143
food/cheese/n07850329_32381.jpg,143
food/cheese/n07850329_33683.jpg,143
food/cheese/n07850329_5631.jpg,143
food/cheese/n07850329_5861.jpg,143
food/cheese/n07850329_8115.jpg,143
food/cheese/n07850329_9140.jpg,143
food/cheese/n07850329_9212.jpg,143
food/cheese/n07850329_9287.jpg,143
food/cheese/n07850329_9941.jpg,143
food/cocktail/n07911677_10420.jpg,143
food/cocktail/n07911677_1166.jpg,143
food/cocktail/n07911677_12001.jpg,143
food/cocktail/n07911677_1207.jpg,143
food/cocktail/n07911677_12613.jpg,143
food/cocktail/n07911677_13003.jpg,144
food/cocktail/n07911677_1312.jpg,144
food/cocktail/n07911677_1327.jpg,144
food/cocktail/n07911677_1332.jpg,144
food/cocktail/n07911677_135.jpg,144
food/cocktail/n07911677_1377.jpg,144
food/cocktail/n07911677_1384.jpg,144
food/cocktail/n07911677_14638.jpg,144
food/cocktail/n07911677_15320.jpg,144
food/cocktail/n07911677_1541.jpg,144
food/cocktail/n07911677_1788.jpg,144
food/cocktail/n07911677_18968.jpg,144
food/cocktail/n07911677_193.jpg,144
food/cocktail/n07911677_1988.jpg,144
food/cocktail/n07911677_1996.jpg,144
food/cocktail/n07911677_20226.jpg,144
food/cocktail/n07911677_2270.jpg,144
food/cocktail/n07911677_232.jpg,144
food/cocktail/n07911677_2324.jpg,144
food/cocktail/n07911677_2833.jpg,144
food/cocktail/n07911677_2899.jpg,145
food/cocktail/n07911677_291.jpg,145
food/cocktail/n07911677_339.jpg,145
food/cocktail/n07911677_340.jpg,145
food/cocktail/n07911677_3501.jpg,145
food/cocktail/n07911677_352.jpg,145
food/cocktail/n07911677_3536.jpg,145
food/cocktail/n07911677_3628.jpg,145
food/cocktail/n07911677_374.jpg,145
food/cocktail/n07911677_3769.jpg,145
food/cocktail/n07911677_3818.jpg,145
food/cocktail/n07911677_3876.jpg,145
food/cocktail/n07911677_4002.jpg,145
food/cocktail/n07911677_4325.jpg,145
food/cocktail/n07911677_4338.jpg,145
food/cocktail/n07911677_440.jpg,145
food/cocktail/n07911677_4422.jpg,145
food/cocktail/n07911677_4761.jpg,145
food/cocktail/n07911677_4769.jpg,145
food/cocktail/n07911677_4843.jpg,145
food/cocktail/n07911677_512.jpg,146
food/cocktail/n07911677_539.jpg,146
food/cocktail/n07911677_5425.jpg,146
food/cocktail/n07911677_5488.jpg,146
food/cocktail/n07911677_556.jpg,146
food/cocktail/n07911677_565.jpg,146
food/cocktail/n07911677_573.jpg,146
food/cocktail/n07911677_6036.jpg,146
food/cocktail/n07911677_641.jpg,146
food/cocktail/n07911677_655.jpg,146
food/cocktail/n07911677_667.jpg,146
food/cocktail/n07911677_683.jpg,146
food/cocktail/n07911677_742.jpg,146
food/cocktail/n07911677_7695.jpg,146
food/cocktail/n07911677_771.jpg,146
food/cocktail/n07911677_777.jpg,146
food/cocktail/n07911677_782.jpg,146
food/cocktail/n07911677_964.jpg,146
food/cocktail/n07911677_977.jpg,146
food/coffee/n07929519_31135.jpg,146
food/coffee/n07929519_31174.jpg,147
food/coffee/n07929519_31336.jpg,147
food/coffee/n07929519_31339.jpg,147
food/coffee/n07929519_31431.jpg,147
food/coffee/n07929519_31462.jpg,147
food/coffee/n07929519_31477.jpg,147
food/coffee/n07929519_31504.jpg,147
food/coffee/n07929519_31690.jpg,147
food/coffee/n07929519_31724.jpg,147
food/coffee/n07929519_31858.jpg,147
food/coffee/n07929519_32188.jpg,147
food/coffee/n07929519_32403.jpg,147
food/coffee/n07929519_32411.jpg,147
food/coffee/n07929519_32468.jpg,147
food/coffee/n07929519_32498.jpg,147
food/coffee/n07929519_32511.jpg,147
food/coffee/n07929519_32758.jpg,147
food/coffee/n07929519_32767.jpg,147
food/coffee/n07929519_33050.jpg,147
food/coffee/n07929519_33136.jpg,147
food/coffee/n07929519_33208.jpg,148
food/coffee/n07929519_33253.jpg,148
food/coffee/n07929519_33340.jpg,148
food/coffee/n07929519_33562.jpg,148
food/coffee/n07929519_33773.jpg,148
food/coffee/n07929519_33781.jpg,148
food/coffee/n07929519_33842.jpg,148
food/coffee/n07929519_33855.jpg,148
food/coffee/n07929519_33894.jpg,148
food/coffee/n07929519_33953.jpg,148
food/coffee/n07929519_34091.jpg,148
food/coffee/n07929519_34165.jpg,148
food/coffee/n07929519_34214.jpg,148
food/coffee/n07929519_34264.jpg,148
food/coffee/n07929519_34325.jpg,148
food/coffee/n07929519_34352.jpg,148
food/coffee/n07929519_34383.jpg,148
food/coffee/n07929519_34515.jpg,148
food/coffee/n07929519_34585.jpg,148
food/coffee/n07929519_34679.jpg,148
food/coffee/n07929519_34761.jpg,149
food/coffee/n07929519_34765.jpg,149
food/coffee/n07929519_34792.jpg,149
food/coffee/n07929519_34846.jpg,149
food/coffee/n07929519_35111.jpg,149
food/coffee/n07929519_35218.jpg,149
food/coffee/n07929519_35662.jpg,149
food/coffee/n07929519_35665.jpg,149
food/coffee/n07929519_35912.jpg,149
food/coffee/n07929519_36240.jpg,149
food/coffee/n07929519_36740.jpg,149
food/coffee/n07929519_36895.jpg,149
food/coffee/n07929519_38128.jpg,149
food/coffee/n07929519_38689.jpg,149
food/coffee/n07929519_38696.jpg,149
food/coffee/n07929519_38859.jpg,149
food/coffee/n07929519_38881.jpg,149
food/coffee/n07929519_38887.jpg,149
food/coffee/n07929519_38930.jpg,149
food/coffee/n07929519_39003.jpg,149
food/donut/000000000438.jpg,150
food/donut/000000039726.jpg,150
food/donut/000000096046.jpg,150
food/donut/000000097778.jpg,150
food/donut/000000099997.jpg,150
food/donut/000000136929.jpg,150
food/donut/000000145935.jpg,150
food/donut/000000146601.jpg,150
food/donut/000000166124.jpg,150
food/donut/000000166766.jpg,150
food/donut/000000168741.jpg,150
food/donut/000000173150.jpg,150
food/donut/000000177148.jpg,150
food/donut/000000177355.jpg,150
food/donut/000000184470.jpg,150
food/donut/000000192457.jpg,150
food/donut/000000224306.jpg,150
food/donut/000000228133.jpg,150
food/donut/000000230091.jpg,150
food/donut/000000244846.jpg,150
food/donut/000000245540.jpg,151
food/donut/000000259150.jpg,151
food/donut/000000263699.jpg,151
food/donut/000000294264.jpg,151
food/donut/000000332724.jpg,151
food/donut/000000341209.jpg,151
food/donut/000000343201.jpg,151
food/donut/000000343254.jpg,151
food/donut/000000364364.jpg,151
food/donut/000000367571.jpg,151
food/donut/000000375205.jpg,151
food/donut/000000394550.jpg,151
food/donut/000000399516.jpg,151
food/donut/000000399981.jpg,151
food/donut/000000402658.jpg,151
food/donut/000000411182.jpg,151
food/donut/000000439537.jpg,151
food/donut/000000443093.jpg,151
food/donut/000000445557.jpg,151
food/donut/000000446303.jpg,151
food/donut/000000450856.jpg,152
food/donut/000000458388.jpg,152
food/donut/000000463970.jpg,152
food/donut/000000497484.jpg,152
food/donut/000000498649.jpg,152
food/donut/000000503227.jpg,152
food/donut/000000515355.jpg,152
food/donut/000000533750.jpg,152
food/donut/000000549117.jpg,152
food/donut/000000554340.jpg,152
food/donut/000000557137.jpg,152
food/donut/000000566432.jpg,152
food/donut/000000567982.jpg,152
food/donut/000000571990.jpg,152
food/gravy/n07838073_10358.jpg,152
food/gravy/n07838073_10386.jpg,152
food/gravy/n07838073_10391.jpg,152
food/gravy/n07838073_10593.jpg,152
food/gravy/n07838073_10733.jpg,152
food/gravy/n07838073_10775.jpg,152
food/gravy/n07838073_10846.jpg,153
food/gravy/n07838073_11107.jpg,153
food/gravy/n07838073_11152.jpg,153
food/gravy/n07838073_11273.jpg,153
food/gravy/n07838073_11347.jpg,153
food/gravy/n07838073_11360.jpg,153
food/gravy/n07838073_11455.jpg,153
food/gravy/n07838073_11563.jpg,153
food/gravy/n07838073_11807.jpg,153
food/gravy/n07838073_12046.jpg,153
food/gravy/n07838073_12426.jpg,153
food/gravy/n07838073_12587.jpg,153
food/gravy/n07838073_13124.jpg,153
food/gravy/n07838073_13455.jpg,153
food/gravy/n07838073_13511.jpg,153
food/gravy/n07838073_13543.jpg,153
food/gravy/n07838073_14012.jpg,153
food/gravy/n07838073_14364.jpg,153
food/gravy/n07838073_14985.jpg,153
food/gravy/n07838073_15091.jpg,153
food/gravy/n07838073_15093.jpg,154
food/gravy/n07838073_15366.jpg,154
food/gravy/n07838073_15408.jpg,154
food/gravy/n07838073_15549.jpg,154
food/gravy/n07838073_15555.jpg,154
food/gravy/n07838073_15649.jpg,154
food/gravy/n07838073_16035.jpg,154
food/gravy/n07838073_16757.jpg,154
food/gravy/n07838073_17336.jpg,154
food/gravy/n07838073_18102.jpg,154
food/gravy/n07838073_18115.jpg,154
food/gravy/n07838073_19022.jpg,154
food/gravy/n07838073_19128.jpg,154
food/gravy/n07838073_19280.jpg,154
food/gravy/n07838073_20268.jpg,154
food/gravy/n07838073_20318.jpg,154
food/gravy/n07838073_20510.jpg,154
food/gravy/n07838073_20575.jpg,154
food/gravy/n07838073_21589.jpg,154
food/gravy/n07838073_21591.jpg,154
food/gravy/n07838073_21675.jpg,155
food/gravy/n07838073_21902.jpg,155
food/gravy/n07838073_22187.jpg,155
food/gravy/n07838073_22476.jpg,155
food/gravy/n07838073_22701.jpg,155
food/gravy/n07838073_5365.jpg,155
food/gravy/n07838073_5867.jpg,155
food/gravy/n07838073_5903.jpg,155
food/gravy/n07838073_5938.jpg,155
food/gravy/n07838073_6036.jpg,155
food/gravy/n07838073_6708.jpg,155
food/gravy/n07838073_6853.jpg,155
food/gravy/n07838073_6880.jpg,155
food/gravy/n07838073_7085.jpg,155
food/gravy/n07838073_7168.jpg,155
food/gravy/n07838073_7256.jpg,155
food/gravy/n07838073_7422.jpg,155
food/gravy/n07838073_7592.jpg,155
food/gravy/n07838073_7693.jpg,155
food/gravy/n07838073_7705.jpg,155
food/gravy/n07838073_7879.jpg,156
food/gravy/n07838073_7984.jpg,156
food/gravy/n07838073_8064.jpg,156
food/gravy/n07838073_8585.jpg,156
food/gravy/n07838073_8665.jpg,156
food/gravy/n07838073_8810.jpg,156
food/gravy/n07838073_9924.jpg,156
food/hotdog/000000010858.jpg,156
food/hotdog/000000018781.jpg,156
food/hotdog/000000027534.jpg,156
food/hotdog/000000032964.jpg,156
food/hotdog/000000034523.jpg,156
food/hotdog/000000051001.jpg,156
food/hotdog/000000063290.jpg,156
food/hotdog/000000071933.jpg,156
food/hotdog/000000080690.jpg,156
food/hotdog/000000082449.jpg,156
food/hotdog/000000082464.jpg,156
food/hotdog/000000083730.jpg,156
food/hotdog/000000084235.jpg,156
food/hotdog/000000096884.jpg,157
food/hotdog/000000112486.jpg,157
food/hotdog/000000125458.jpg,157
food/hotdog/000000142127.jpg,157
food/hotdog/000000146929.jpg,157
food/hotdog/000000148343.jpg,157
food/hotdog/000000154912.jpg,157
food/hotdog/000000182496.jpg,157
food/hotdog/000000183893.jpg,157
food/hotdog/000000185248.jpg,157
food/hotdog/000000185614.jpg,157
food/hotdog/000000187959.jpg,157
food/hotdog/000000200272.jpg,157
food/hotdog/000000215565.jpg,157
food/hotdog/000000250498.jpg,157
food/hotdog/000000252198.jpg,157
food/hotdog/000000256662.jpg,157
food/hotdog/000000262552.jpg,157
food/hotdog/000000276740.jpg,157
food/hotdog/000000280721.jpg,157
food/hotdog/000000308806.jpg,158
food/hotdog/000000323460.jpg,158
food/hotdog/000000336320.jpg,158
food/hotdog/000000339295.jpg,158
food/hotdog/000000350475.jpg,158
food/hotdog/000000384740.jpg,158
food/hotdog/000000388983.jpg,158
food/hotdog/000000421639.jpg,158
food/hotdog/000000429293.jpg,158
food/hotdog/000000437923.jpg,158
food/hotdog/000000439602.jpg,158
food/hotdog/000000445960.jpg,158
food/hotdog/000000455255.jpg,158
food/hotdog/000000465200.jpg,158
food/hotdog/000000522817.jpg,158
food/hotdog/000000523211.jpg,158
food/hotdog/000000536403.jpg,158
food/hotdog/000000540626.jpg,158
food/hotdog/000000541635.jpg,158
food/hotdog/000000545930.jpg,158
food/hotdog/000000557186.jpg,159
food/hotdog/000000559695.jpg,159
food/hotdog/000000561613.jpg,159
food/hotdog/000000565220.jpg,159
food/hotdog/000000580685.jpg,159
food/hotdog/n07697537_10780.jpg,159
food/hotdog/n07697537_11470.jpg,159
food/hotdog/n07697537_15088.jpg,159
food/hotdog/n07697537_15718.jpg,159
food/hotdog/n07697537_18186.jpg,159
food/hotdog/n07697537_19908.jpg,159
food/hotdog/n07697537_20135.jpg,159
food/hotdog/n07697537_21728.jpg,159
food/hotdog/n07697537_21976.jpg,159
food/hotdog/n07697537_22000.jpg,159
food/hotdog/n07697537_25380.jpg,159
food/hotdog/n07697537_26124.jpg,159
food/hotdog/n07697537_27890.jpg,159
food/hotdog/n07697537_29834.jpg,159
food/hotdog/n07697537_33979.jpg,159
food/hotdog/n07697537_3947.jpg,160
food/hotdog/n07697537_4696.jpg,160
food/hotdog/n07697537_4956.jpg,160
food/hotdog/n07697537_5690.jpg,160
food/hotdog/n07697537_5782.jpg,160
food/hotdog/n07697537_7872.jpg,160
food/hotdog/n07697537_8410.jpg,160
food/hotdog/n07697537_8708.jpg,160
food/hotdog/n07697537_8906.jpg,160
food/juice/n07923748_10258.jpg,160
food/juice/n07923748_11512.jpg,160
food/juice/n07923748_1195.jpg,160
food/juice/n07923748_1310.jpg,160
food/juice/n07923748_13164.jpg,160
food/juice/n07923748_13369.jpg,160
food/juice/n07923748_1476.jpg,160
food/juice/n07923748_14810.jpg,160
food/juice/n07923748_15127.jpg,160
food/juice/n07923748_1538.jpg,160
food/juice/n07923748_15637.jpg,160
food/juice/n07923748_16185.jpg,161
food/juice/n07923748_1712.jpg,161
food/juice/n07923748_17150.jpg,161
food/juice/n07923748_17463.jpg,161
food/juice/n07923748_17594.jpg,161
food/juice/n07923748_18139.jpg,161
food/juice/n07923748_18146.jpg,161
food/juice/n07923748_1856.jpg,161
food/juice/n07923748_18786.jpg,161
food/juice/n07923748_19364.jpg,161
food/juice/n07923748_19625.jpg,161
food/juice/n07923748_1966.jpg,161
food/juice/n07923748_20605.jpg,161
food/juice/n07923748_2109.jpg,161
food/juice/n07923748_23325.jpg,161
food/juice/n07923748_25449.jpg,161
food/juice/n07923748_2669.jpg,161
food/juice/n07923748_4049.jpg,161
food/juice/n07923748_4376.jpg,161
food/juice/n07923748_467.jpg,161
food/juice/n07923748_4867.jpg,162
food/juice/n07923748_5085.jpg,162
food/juice/n07923748_5150.jpg,162
food/juice/n07923748_5733.jpg,162
food/juice/n07923748_712.jpg,162
food/juice/n07923748_7187.jpg,162
food/juice/n07923748_8732.jpg,162
food/juice/n07923748_8898.jpg,162
food/mashed potato/n07711569_11.jpg,162
food/mashed potato/n07711569_1189.jpg,162
food/mashed potato/n07711569_1286.jpg,162
food/mashed potato/n07711569_1295.jpg,162
food/mashed potato/n07711569_1302.jpg,162
food/mashed potato/n07711569_1385.jpg,162
food/mashed potato/n07711569_1453.jpg,162
food/mashed potato/n07711569_1464.jpg,162
food/mashed potato/n07711569_1475.jpg,162
food/mashed potato/n07711569_1507.jpg,162
food/mashed potato/n07711569_153.jpg,162
food/mashed potato/n07711569_1564.jpg,162
food/mashed potato/n07711569_1651.jpg,163
food/mashed potato/n07711569_1696.jpg,163
food/mashed potato/n07711569_1768.jpg,163
food/mashed potato/n07711569_1815.jpg,163
food/mashed potato/n07711569_1823.jpg,163
food/mashed potato/n07711569_1927.jpg,163
food/mashed potato/n07711569_2066.jpg,163
food/mashed potato/n07711569_2126.jpg,163
food/mashed potato/n07711569_2131.jpg,163
food/mashed potato/n07711569_2182.jpg,163
food/mashed potato/n07711569_2201.jpg,163
food/mashed potato/n07711569_2228.jpg,163
food/mashed potato/n07711569_2294.jpg,163
food/mashed potato/n07711569_2344.jpg,163
food/mashed potato/n07711569_2355.jpg,163
food/mashed potato/n07711569_2495.jpg,163
food/mashed potato/n07711569_2660.jpg,163
food/mashed potato/n07711569_2761.jpg,163
food/mashed potato/n07711569_2912.jpg,163
food/mashed potato/n07711569_3026.jpg,163
food/mashed potato/n07711569_3103.jpg,164
food/mashed potato/n07711569_3118.jpg,164
food/mashed potato/n07711569_3147.jpg,164
food/mashed potato/n07711569_3154.jpg,164
food/mashed potato/n07711569_3180.jpg,164
food/mashed potato/n07711569_3317.jpg,164
food/mashed potato/n07711569_3474.jpg,164
food/mashed potato/n07711569_3479.jpg,164
food/mashed potato/n07711569_3492.jpg,164
food/mashed potato/n07711569_3528.jpg,164
food/mashed potato/n07711569_3584.jpg,164
food/mashed potato/n07711569_3733.jpg,164
food/mashed potato/n07711569_3848.jpg,164
food/mashed potato/n07711569_398.jpg,164
food/mashed potato/n07711569_4029.jpg,164
food/mashed potato/n07711569_4097.jpg,164
food/mashed potato/n07711569_4129.jpg,164
food/mashed potato/n07711569_417.jpg,164
food/mashed potato/n07711569_4194.jpg,164
food/mashed potato/n07711569_4200.jpg,164
food/mashed potato/n07711569_4270.jpg,165
food/mashed potato/n07711569_4345.jpg,165
food/mashed potato/n07711569_4347.jpg,165
food/mashed potato/n07711569_435.jpg,165
food/mashed potato/n07711569_4588.jpg,165
food/mashed potato/n07711569_4658.jpg,165
food/mashed potato/n07711569_4665.jpg,165
food/mashed potato/n07711569_4810.jpg,165
food/mashed potato/n07711569_4905.jpg,165
food/mashed potato/n07711569_5007.jpg,165
food/mashed potato/n07711569_5276.jpg,165
food/mashed potato/n07711569_533.jpg,165
food/mashed potato/n07711569_5361.jpg,165
food/mashed potato/n07711569_5370.jpg,165
food/mashed potato/n07711569_5408.jpg,165
food/mashed potato/n07711569_5492.jpg,165
food/mashed potato/n07711569_5526.jpg,165
food/mashed potato/n07711569_5653.jpg,165
food/mashed potato/n07711569_5820.jpg,165
food/mashed potato/n07711569_5853.jpg,165
food/mashed potato/n07711569_592.jpg,166
food/mashed potato/n07711569_5920.jpg,166
food/mashed potato/n07711569_5955.jpg,166
food/mashed potato/n07711569_5967.jpg,166
food/mashed potato/n07711569_6001.jpg,166
food/mashed potato/n07711569_6019.jpg,166
food/mashed potato/n07711569_6094.jpg,166
food/mashed potato/n07711569_6272.jpg,166
food/mashed potato/n07711569_7257.jpg,166
food/mashed potato/n07711569_773.jpg,166
food/mashed potato/n07711569_815.jpg,166
food/mashed potato/n07711569_865.jpg,166
food/mashed potato/n07711569_963.jpg,166
food/muffin/n07690273_20083.jpg,166
food/muffin/n07690273_20233.jpg,166
food/muffin/n07690273_20283.jpg,166
food/muffin/n07690273_20318.jpg,166
food/muffin/n07690273_20374.jpg,166
food/muffin/n07690273_20605.jpg,166
food/muffin/n07690273_20791.jpg,166
food/muffin/n07690273_20834.jpg,167
food/muffin/n07690273_20901.jpg,167
food/muffin/n07690273_20912.jpg,167
food/muffin/n07690273_20919.jpg,167
food/muffin/n07690273_20948.jpg,167
food/muffin/n07690273_21073.jpg,167
food/muffin/n07690273_21128.jpg,167
food/muffin/n07690273_21275.jpg,167
food/muffin/n07690273_21366.jpg,167
food/muffin/n07690273_21379.jpg,167
food/muffin/n07690273_21386.jpg,167
food/muffin/n07690273_21583.jpg,167
food/muffin/n07690273_21643.jpg,167
food/muffin/n07690273_21696.jpg,167
food/muffin/n07690273_21839.jpg,167
food/muffin/n07690273_22075.jpg,167
food/muffin/n07690273_22081.jpg,167
food/muffin/n07690273_22090.jpg,167
food/muffin/n07690273_22127.jpg,167
food/muffin/n07690273_22163.jpg,167
food/muffin/n07690273_22164.jpg,168
food/muffin/n07690273_22169.jpg,168
food/muffin/n07690273_22243.jpg,168
food/muffin/n07690273_22317.jpg,168
food/muffin/n07690273_22336.jpg,168
food/muffin/n07690273_23060.jpg,168
food/muffin/n07690273_23101.jpg,168
food/muffin/n07690273_23470.jpg,168
food/muffin/n07690273_23539.jpg,168
food/muffin/n07690273_23601.jpg,168
food/muffin/n07690273_23751.jpg,168
food/muffin/n07690273_23872.jpg,168
food/muffin/n07690273_24801.jpg,168
food/muffin/n07690273_26229.jpg,168
food/muffin/n07690273_26458.jpg,168
food/muffin/n07690273_26876.jpg,168
food/muffin/n07690273_26972.jpg,168
food/muffin/n07690273_27061.jpg,168
food/muffin/n07690273_27063.jpg,168
food/muffin/n07690273_27225.jpg,168
food/muffin/n07690273_27401.jpg,169
food/muffin/n07690273_27492.jpg,169
food/muffin/n07690273_27508.jpg,169
food/muffin/n07690273_27648.jpg,169
food/orange/000000010196.jpg,169
food/orange/000000012902.jpg,169
food/orange/000000038134.jpg,169
food/orange/000000047907.jpg,169
food/orange/000000078477.jpg,169
food/orange/000000106379.jpg,169
food/orange/000000127028.jpg,169
food/orange/000000141166.jpg,169
food/orange/000000144430.jpg,169
food/orange/000000154167.jpg,169
food/orange/000000156128.jpg,169
food/orange/000000161705.jpg,169
food/orange/000000176271.jpg,169
food/orange/000000192692.jpg,169
food/orange/000000219523.jpg,169
food/orange/000000230152.jpg,169
food/orange/000000233366.jpg,170
food/orange/000000254197.jpg,170
food/orange/000000254882.jpg,170
food/orange/000000255194.jpg,170
food/orange/000000293254.jpg,170
food/orange/000000379401.jpg,170
food/orange/000000386834.jpg,170
food/orange/000000388616.jpg,170
food/orange/000000389152.jpg,170
food/orange/000000428502.jpg,170
food/orange/000000443320.jpg,170
food/orange/000000449467.jpg,170
food/orange/000000457050.jpg,170
food/orange/000000468623.jpg,170
food/orange/000000518954.jpg,170
food/orange/000000521352.jpg,170
food/orange/000000546088.jpg,170
food/orange/000000554486.jpg,170
food/orange/000000564573.jpg,170
food/pasta/n07863374_15483.jpg,170
food/pasta/n07863374_15504.jpg,171
food/pasta/n07863374_15512.jpg,171
food/pasta/n07863374_15528.jpg,171
food/pasta/n07863374_15554.jpg,171
food/pasta/n07863374_15612.jpg,171
food/pasta/n07863374_15623.jpg,171
food/pasta/n07863374_15634.jpg,171
food/pasta/n07863374_15708.jpg,171
food/pasta/n07863374_15763.jpg,171
food/pasta/n07863374_15968.jpg,171
food/pasta/n07863374_16043.jpg,171
food/pasta/n07863374_16116.jpg,171
food/pasta/n07863374_16147.jpg,171
food/pasta/n07863374_16163.jpg,171
food/pasta/n07863374_16261.jpg,171
food/pasta/n07863374_16340.jpg,171
food/pasta/n07863374_16510.jpg,171
food/pasta/n07863374_16548.jpg,171
food/pasta/n07863374_16616.jpg,171
food/pasta/n07863374_16698.jpg,171
food/pasta/n07863374_16722.jpg,172
food/pasta/n07863374_16753.jpg,172
food/pasta/n07863374_16763.jpg,172
food/pasta/n07863374_16766.jpg,172
food/pasta/n07863374_16769.jpg,172
food/pasta/n07863374_16789.jpg,172
food/pasta/n07863374_16980.jpg,172
food/pasta/n07863374_16986.jpg,172
food/pasta/n07863374_17183.jpg,172
food/pasta/n07863374_17226.jpg,172
food/pasta/n07863374_17242.jpg,172
food/pasta/n07863374_17253.jpg,172
food/pasta/n07863374_17319.jpg,172
food/pasta/n07863374_17383.jpg,172
food/pasta/n07863374_17596.jpg,172
food/pasta/n07863374_17605.jpg,172
food/pasta/n07863374_17629.jpg,172
food/pasta/n07863374_17641.jpg,172
food/pasta/n07863374_17652.jpg,172
food/pasta/n07863374_17659.jpg,172
food/pasta/n07863374_17687.jpg,173
food/pasta/n07863374_17828.jpg,173
food/pasta/n07863374_17831.jpg,173
food/pasta/n07863374_17947.jpg,173
food/pasta/n07863374_17966.jpg,173
food/pasta/n07863374_17993.jpg,173
food/pasta/n07863374_18015.jpg,173
food/pasta/n07863374_18025.jpg,173
food/pasta/n07863374_18032.jpg,173
food/pasta/n07863374_18075.jpg,173
food/pasta/n07863374_18119.jpg,173
food/pasta/n07863374_18176.jpg,173
food/pasta/n07863374_18210.jpg,173
food/pasta/n07863374_18230.jpg,173
food/pasta/n07863374_18237.jpg,173
food/pasta/n07863374_18243.jpg,173
food/pasta/n07863374_18251.jpg,173
food/pasta/n07863374_18258.jpg,173
food/pasta/n07863374_18268.jpg,173
food/pasta/n07863374_18299.jpg,173
food/pasta/n07863374_18302.jpg,174
food/pasta/n07863374_18310.jpg,174
food/pasta/n07863374_18322.jpg,174
food/pasta/n07863374_18341.jpg,174
food/pasta/n07863374_18346.jpg,174
food/pasta/n07863374_18377.jpg,174
food/pasta/n07863374_18390.jpg,174
food/pasta/n07863374_18396.jpg,174
food/pasta/n07863374_18430.jpg,174
food/pasta/n07863374_18632.jpg,174
food/pasta/n07863374_18636.jpg,174
food/pasta/n07863374_18711.jpg,174
food/pasta/n07863374_18813.jpg,174
food/pasta/n07863374_18875.jpg,174
food/pasta/n07863374_18919.jpg,174
food/pasta/n07863374_19201.jpg,174
food/pasta/n07863374_19246.jpg,174
food/pasta/n07863374_19267.jpg,174
food/pasta/n07863374_19495.jpg,174
food/pasta/n07863374_20803.jpg,174
food/pasta/n07863374_21251.jpg,175
food/pizza/000000019959.jpg,175
food/pizza/000000025951.jpg,175
food/pizza/000000029356.jpg,175
food/pizza/000000036166.jpg,175
food/pizza/000000036324.jpg,175
food/pizza/000000039758.jpg,175
food/pizza/000000050422.jpg,175
food/pizza/000000051525.jpg,175
food/pizza/000000056266.jpg,175
food/pizza/000000061502.jpg,175
food/pizza/000000080948.jpg,175
food/pizza/000000083619.jpg,175
food/pizza/000000086725.jpg,175
food/pizza/000000088173.jpg,175
food/pizza/000000091979.jpg,175
food/pizza/000000095292.jpg,175
food/pizza/000000102978.jpg,175
food/pizza/000000113962.jpg,175
food/pizza/000000115241.jpg,175
food/pizza/000000117105.jpg,176
food/pizza/000000135694.jpg,176
food/pizza/000000150080.jpg,176
food/pizza/000000167647.jpg,176
food/pizza/000000168366.jpg,176
food/pizza/000000174091.jpg,176
food/pizza/000000179896.jpg,176
food/pizza/000000182366.jpg,176
food/pizza/000000197551.jpg,176
food/pizza/000000207151.jpg,176
food/pizza/000000209918.jpg,176
food/pizza/000000214927.jpg,176
food/pizza/000000220399.jpg,176
food/pizza/000000220743.jpg,176
food/pizza/000000220948.jpg,176
food/pizza/000000232718.jpg,176
food/pizza/000000240608.jpg,176
food/pizza/000000240960.jpg,176
food/pizza/000000243127.jpg,176
food/pizza/000000253395.jpg,176
food/pizza/000000255448.jpg,177
food/pizza/000000259491.jpg,177
food/pizza/000000264017.jpg,177
food/pizza/000000265915.jpg,177
food/pizza/000000267146.jpg,177
food/pizza/000000271283.jpg,177
food/pizza/000000275611.jpg,177
food/pizza/000000278449.jpg,177
food/pizza/000000282143.jpg,177
food/pizza/000000289507.jpg,177
food/pizza/000000313148.jpg,177
food/pizza/000000314755.jpg,177
food/pizza/000000321324.jpg,177
food/pizza/000000325517.jpg,177
food/pizza/000000330513.jpg,177
food/pizza/000000338289.jpg,177
food/pizza/000000340420.jpg,177
food/pizza/000000358297.jpg,177
food/pizza/000000359081.jpg,177
food/pizza/000000361909.jpg,177
food/pizza/000000362737.jpg,178
food/pizza/000000363880.jpg,178
food/pizza/000000369584.jpg,178
food/pizza/000000378950.jpg,178
food/pizza/000000385873.jpg,178
food/pizza/000000405314.jpg,178
food/pizza/000000419334.jpg,178
food/pizza/000000433792.jpg,178
food/pizza/000000437810.jpg,178
food/pizza/000000437948.jpg,178
food/pizza/000000453895.jpg,178
food/pizza/000000472164.jpg,178
food/pizza/000000484446.jpg,178
food/pizza/000000489374.jpg,178
food/pizza/000000493911.jpg,178
food/pizza/000000505062.jpg,178
food/pizza/000000514544.jpg,178
food/pizza/000000519626.jpg,178
food/pizza/000000522703.jpg,178
food/pizza/000000536996.jpg,178
food/pizza/000000538368.jpg,179
food/pizza/000000542713.jpg,179
food/pizza/000000569223.jpg,179
food/pizza/000000571287.jpg,179
food/pizza/000000577221.jpg,179
food/salad/n07806221_21269.jpg,179
food/salad/n07806221_21271.jpg,179
food/salad/n07806221_21590.jpg,179
food/salad/n07806221_21594.jpg,179
food/salad/n07806221_21827.jpg,179
food/salad/n07806221_21906.jpg,179
food/salad/n07806221_21960.jpg,179
food/salad/n07806221_22135.jpg,179
food/salad/n07806221_22340.jpg,179
food/salad/n07806221_22396.jpg,179
food/salad/n07806221_22415.jpg,179
food/salad/n07806221_22446.jpg,179
food/salad/n07806221_22557.jpg,179
food/salad/n07806221_22661.jpg,179
food/salad/n07806221_22671.jpg,179
food/salad/n07806221_22726.jpg,180
food/salad/n07806221_22775.jpg,180
food/salad/n07806221_22898.jpg,180
food/salad/n07806221_22956.jpg,180
food/salad/n07806221_22971.jpg,180
food/salad/n07806221_23095.jpg,180
food/salad/n07806221_23145.jpg,180
food/salad/n07806221_23188.jpg,180
food/salad/n07806221_23271.jpg,180
food/salad/n07806221_23282.jpg,180
food/salad/n07806221_23330.jpg,180
food/salad/n07806221_23337.jpg,180
food/salad/n07806221_23341.jpg,180
food/salad/n07806221_23464.jpg,180
food/salad/n07806221_23535.jpg,180
food/salad/n07806221_23555.jpg,180
food/salad/n07806221_23608.jpg,180
food/salad/n07806221_23687.jpg,180
food/salad/n07806221_23732.jpg,180
food/salad/n07806221_23757.jpg,180
food/salad/n07806221_23800.jpg,181
food/salad/n07806221_23808.jpg,181
food/salad/n07806221_23904.jpg,181
food/salad/n07806221_23908.jpg,181
food/salad/n07806221_23914.jpg,181
food/salad/n07806221_23919.jpg,181
food/salad/n07806221_23982.jpg,181
food/salad/n07806221_23994.jpg,181
food/salad/n07806221_24014.jpg,181
food/salad/n07806221_24051.jpg,181
food/salad/n07806221_24082.jpg,181
food/salad/n07806221_24095.jpg,181
food/salad/n07806221_24121.jpg,181
food/salad/n07806221_24147.jpg,181
food/salad/n07806221_24174.jpg,181
food/salad/n07806221_24198.jpg,181
food/salad/n07806221_24282.jpg,181
food/salad/n07806221_24286.jpg,181
food/salad/n07806221_24332.jpg,181
food/salad/n07806221_24336.jpg,181
food/salad/n07806221_24385.jpg,182
food/salad/n07806221_24428.jpg,182
food/salad/n07806221_24479.jpg,182
food/salad/n07806221_24516.jpg,182
food/salad/n07806221_24521.jpg,182
food/salad/n07806221_24525.jpg,182
food/salad/n07806221_24585.jpg,182
food/salad/n07806221_24612.jpg,182
food/salad/n07806221_24625.jpg,182
food/salad/n07806221_24627.jpg,182
food/salad/n07806221_24656.jpg,182
food/salad/n07806221_24658.jpg,182
food/salad/n07806221_24706.jpg,182
food/salad/n07806221_24716.jpg,182
food/salad/n07806221_24749.jpg,182
food/salad/n07806221_24916.jpg,182
food/salad/n07806221_24954.jpg,182
food/salad/n07806221_25004.jpg,182
food/salad/n07806221_25141.jpg,182
food/salad/n07806221_25185.jpg,182
food/salad/n07806221_25357.jpg,183
food/salad/n07806221_25360.jpg,183
food/salad/n07806221_25416.jpg,183
food/salad/n07806221_25666.jpg,183
food/salad/n07806221_25861.jpg,183
food/salad/n07806221_28549.jpg,183
food/salad/n07806221_29779.jpg,183
food/salad/n07806221_30990.jpg,183
food/salad/n07806221_32825.jpg,183
food/salad/n07806221_33514.jpg,183
food/salad/n07806221_33538.jpg,183
food/salad/n07806221_33544.jpg,183
food/sandwich/000000019579.jpg,183
food/sandwich/000000028320.jpg,183
food/sandwich/000000033633.jpg,183
food/sandwich/000000043944.jpg,183
food/sandwich/000000049248.jpg,183
food/sandwich/000000051174.jpg,183
food/sandwich/000000055458.jpg,183
food/sandwich/000000063485.jpg,183
food/sandwich/000000076307.jpg,184
food/sandwich/000000090830.jpg,184
food/sandwich/000000110697.jpg,184
food/sandwich/000000114060.jpg,184
food/sandwich/000000116572.jpg,184
food/sandwich/000000119195.jpg,184
food/sandwich/000000122097.jpg,184
food/sandwich/000000122352.jpg,184
food/sandwich/000000163589.jpg,184
food/sandwich/000000167180.jpg,184
food/sandwich/000000168522.jpg,184
food/sandwich/000000191994.jpg,184
food/sandwich/000000203601.jpg,184
food/sandwich/000000220471.jpg,184
food/sandwich/000000220864.jpg,184
food/sandwich/000000263515.jpg,184
food/sandwich/000000265329.jpg,184
food/sandwich/000000274203.jpg,184
food/sandwich/000000305082.jpg,184
food/sandwich/000000310459.jpg,184
food/sandwich/000000323370.jpg,185
food/sandwich/000000323734.jpg,185
food/sandwich/000000333323.jpg,185
food/sandwich/000000365880.jpg,185
food/sandwich/000000369331.jpg,185
food/sandwich/000000374451.jpg,185
food/sandwich/000000379285.jpg,185
food/sandwich/000000398924.jpg,185
food/sandwich/000000399001.jpg,185
food/sandwich/000000401027.jpg,185
food/sandwich/000000402378.jpg,185
food/sandwich/000000412666.jpg,185
food/sandwich/000000435488.jpg,185
food/sandwich/000000447170.jpg,185
food/sandwich/000000448923.jpg,185
food/sandwich/000000464682.jpg,185
food/sandwich/000000478344.jpg,185
food/sandwich/000000519475.jpg,185
food/sandwich/000000528496.jpg,185
food/sandwich/000000560748.jpg,185
food/sandwich/000000561545.jpg,186
food/sandwich/000000563985.jpg,186
food/sandwich/000000573632.jpg,186
food/sandwich/000000575179.jpg,186
food/sandwich/000000578418.jpg,186
food/sandwich/000000579303.jpg,186
food/sandwich/000000581711.jpg,186
food/sandwich/n07696625_1403.jpg,186
food/sandwich/n07696625_1674.jpg,186
food/sandwich/n07696625_306.jpg,186
food/sandwich/n07696625_3225.jpg,186
food/sandwich/n07696625_4335.jpg,186
food/sandwich/n07696625_4888.jpg,186
food/sandwich/n07696625_5467.jpg,186
food/sandwich/n07696625_5631.jpg,186
food/sandwich/n07696625_5833.jpg,186
food/sandwich/n07696625_7783.jpg,186
food/sandwich/n07696839_10895.jpg,186
food/sandwich/n07696839_11221.jpg,186
food/sandwich/n07696839_11611.jpg,186
food/sandwich/n07696839_12607.jpg,187
food/sandwich/n07696839_13012.jpg,187
food/sandwich/n07696839_13649.jpg,187
food/sandwich/n07696839_14469.jpg,187
food/sandwich/n07696839_14740.jpg,187
food/sandwich/n07696839_15859.jpg,187
food/sandwich/n07696839_16667.jpg,187
food/sandwich/n07698672_1483.jpg,187
food/sandwich/n07698672_2572.jpg,187
food/sandwich/n07698672_4577.jpg,187
food/sandwich/n07698672_5118.jpg,187
food/sandwich/n07698672_5153.jpg,187
food/sandwich/n07698672_546.jpg,187
food/sandwich/n07698672_8438.jpg,187
food/soup/000000389004.jpg,187
food/soup/000000433259.jpg,187
food/soup/n07583197_10902.jpg,187
food/soup/n07583197_1118.jpg,187
food/soup/n07583197_1126.jpg,187
food/soup/n07583197_1185.jpg,187
food/soup/n07583197_1197.jpg,188
food/soup/n07583197_1236.jpg,188
food/soup/n07583197_13.jpg,188
food/soup/n07583197_1377.jpg,188
food/soup/n07583197_1429.jpg,188
food/soup/n07583197_14399.jpg,188
food/soup/n07583197_1488.jpg,188
food/soup/n07583197_1528.jpg,188
food/soup/n07583197_15339.jpg,188
food/soup/n07583197_16204.jpg,188
food/soup/n07583197_1684.jpg,188
food/soup/n07583197_1716.jpg,188
food/soup/n07583197_17428.jpg,188
food/soup/n07583197_1903.jpg,188
food/soup/n07583197_22629.jpg,188
food/soup/n07583197_230.jpg,188
food/soup/n07583197_3005.jpg,188
food/soup/n07583197_3093.jpg,188
food/soup/n07583197_3147.jpg,188
food/soup/n07583197_3235.jpg,188
food/soup/n07583197_3243.jpg,189
food/soup/n07583197_3502.jpg,189
food/soup/n07583197_3629.jpg,189
food/soup/n07583197_378.jpg,189
food/soup/n07583197_3888.jpg,189
food/soup/n07583197_3896.jpg,189
food/soup/n07583197_3923.jpg,189
food/soup/n07583197_3989.jpg,189
food/soup/n07583197_400.jpg,189
food/soup/n07583197_419.jpg,189
food/soup/n07583197_4277.jpg,189
food/soup/n07583197_4576.jpg,189
food/soup/n07583197_4835.jpg,189
food/soup/n07583197_5088.jpg,189
food/soup/n07583197_5525.jpg,189
food/soup/n07583197_5587.jpg,189
food/soup/n07583197_5599.jpg,189
food/soup/n07583197_5817.jpg,189
food/soup/n07583197_5892.jpg,189
food/soup/n07583197_6131.jpg,189
food/soup/n07583197_6143.jpg,190
food/soup/n07583197_6247.jpg,190
food/soup/n07583197_6261.jpg,190
food/soup/n07583197_6291.jpg,190
food/soup/n07583197_6383.jpg,190
food/soup/n07583197_6416.jpg,190
food/soup/n07583197_6427.jpg,190
food/soup/n07583197_6435.jpg,190
food/soup/n07583197_6450.jpg,190
food/soup/n07583197_6451.jpg,190
food/soup/n07583197_6491.jpg,190
food/soup/n07583197_6520.jpg,190
food/soup/n07583197_6579.jpg,190
food/soup/n07583197_6672.jpg,190
food/soup/n07583197_6753.jpg,190
food/soup/n07583197_6784.jpg,190
food/soup/n07583197_6797.jpg,190
food/soup/n07583197_6815.jpg,190
food/soup/n07583197_6829.jpg,190
food/soup/n07583197_6842.jpg,190
food/soup/n07583197_6849.jpg,191
food/soup/n07583197_6873.jpg,191
food/soup/n07583197_6874.jpg,191
food/soup/n07583197_6907.jpg,191
food/soup/n07583197_6991.jpg,191
food/soup/n07583197_6997.jpg,191
food/soup/n07583197_7009.jpg,191
food/soup/n07583197_7214.jpg,191
food/soup/n07583197_7218.jpg,191
food/soup/n07583197_8138.jpg,191
food/soup/n07583197_895.jpg,191
food/soup/n07583197_9010.jpg,191
food/soup/n07583197_926.jpg,191
food/soup/n07583197_928.jpg,191
food/soup/n07583197_942.jpg,191
food/soup/n07583197_946.jpg,191
food/soup/n07583197_973.jpg,191
food/soup/n07583197_995.jpg,191
food/tea/n07933274_29270.jpg,191
food/tea/n07933274_29360.jpg,191
food/tea/n07933274_29595.jpg,192
food/tea/n07933274_29729.jpg,192
food/tea/n07933274_29739.jpg,192
food/tea/n07933274_29781.jpg,192
food/tea/n07933274_29941.jpg,192
food/tea/n07933274_29951.jpg,192
food/tea/n07933274_30075.jpg,192
food/tea/n07933274_30179.jpg,192
food/tea/n07933274_30233.jpg,192
food/tea/n07933274_30243.jpg,192
food/tea/n07933274_30272.jpg,192
food/tea/n07933274_30326.jpg,192
food/tea/n07933274_30442.jpg,192
food/tea/n07933274_30460.jpg,192
food/tea/n07933274_30473.jpg,192
food/tea/n07933274_30676.jpg,192
food/tea/n07933274_30681.jpg,192
food/tea/n07933274_30722.jpg,192
food/tea/n07933274_30757.jpg,192
food/tea/n07933274_30873.jpg,192
food/tea/n07933274_30896.jpg,193
food/tea/n07933274_31151.jpg,193
food/tea/n07933274_31468.jpg,193
food/tea/n07933274_31611.jpg,193
food/tea/n07933274_31630.jpg,193
food/tea/n07933274_31747.jpg,193
food/tea/n07933274_32193.jpg,193
food/tea/n07933274_32238.jpg,193
food/tea/n07933274_32302.jpg,193
food/tea/n07933274_32452.jpg,193
food/tea/n07933274_32615.jpg,193
food/tea/n07933274_33069.jpg,193
food/tea/n07933274_33310.jpg,193
food/tea/n07933274_33517.jpg,193
food/tea/n07933274_33706.jpg,193
food/tea/n07933274_33840.jpg,193
food/tea/n07933274_33948.jpg,193
food/tea/n07933274_33960.jpg,193
food/tea/n07933274_33970.jpg,193
food/tea/n07933274_34262.jpg,193
food/tea/n07933274_34279.jpg,194
food/tea/n07933274_34426.jpg,194
food/tea/n07933274_34457.jpg,194
food/tea/n07933274_34671.jpg,194
food/tea/n07933274_34941.jpg,194
food/tea/n07933274_35003.jpg,194
food/tea/n07933274_35061.jpg,194
food/yogurt/n07849336_20003.jpg,194
food/yogurt/n07849336_20036.jpg,194
food/yogurt/n07849336_20238.jpg,194
food/yogurt/n07849336_20273.jpg,194
food/yogurt/n07849336_20401.jpg,194
food/yogurt/n07849336_20481.jpg,194
food/yogurt/n07849336_20531.jpg,194
food/yogurt/n07849336_20724.jpg,194
food/yogurt/n07849336_20753.jpg,194
food/yogurt/n07849336_20809.jpg,194
food/yogurt/n07849336_20841.jpg,194
food/yogurt/n07849336_20909.jpg,194
food/yogurt/n07849336_20970.jpg,194
food/yogurt/n07849336_21235.jpg,195
food/yogurt/n07849336_21355.jpg,195
food/yogurt/n07849336_21675.jpg,195
food/yogurt/n07849336_21762.jpg,195
food/yogurt/n07849336_21854.jpg,195
food/yogurt/n07849336_22025.jpg,195
food/yogurt/n07849336_22032.jpg,195
food/yogurt/n07849336_22033.jpg,195
food/yogurt/n07849336_22239.jpg,195
food/yogurt/n07849336_22303.jpg,195
food/yogurt/n07849336_22329.jpg,195
food/yogurt/n07849336_22388.jpg,195
food/yogurt/n07849336_22458.jpg,195
food/yogurt/n07849336_22471.jpg,195
food/yogurt/n07849336_22546.jpg,195
food/yogurt/n07849336_22919.jpg,195
food/yogurt/n07849336_22947.jpg,195
food/yogurt/n07849336_23055.jpg,195
food/yogurt/n07849336_23123.jpg,195
food/yogurt/n07849336_24170.jpg,195
food/yogurt/n07849336_24671.jpg,196
food/yogurt/n07849336_25045.jpg,196
food/yogurt/n07849336_25086.jpg,196
food/yogurt/n07849336_25149.jpg,196
food/yogurt/n07849336_25344.jpg,196
food/yogurt/n07849336_25516.jpg,196
food/yogurt/n07849336_25557.jpg,196
food/yogurt/n07849336_26037.jpg,196
food/yogurt/n07849336_26173.jpg,196
food/yogurt/n07849336_26281.jpg,196
food/yogurt/n07849336_26407.jpg,196
food/yogurt/n07849336_27107.jpg,196
food/yogurt/n07849336_27565.jpg,196
food/yogurt/n07849336_27581.jpg,196
food/yogurt/n07849336_28290.jpg,196
food/yogurt/n07849336_28787.jpg,196
food/yogurt/n07849336_28836.jpg,196
food/yogurt/n07849336_28899.jpg,196
food/yogurt/n07849336_29367.jpg,196
food/yogurt/n07849336_29721.jpg,196
food/yogurt/n07849336_30056.jpg,197
food/yogurt/n07849336_30264.jpg,197
food/yogurt/n07849336_31247.jpg,197
food/yogurt/n07849336_31583.jpg,197
food/yogurt/n07849336_31809.jpg,197
food/yogurt/n07849336_32035.jpg,197
food/yogurt/n07849336_32099.jpg,197
food/yogurt/n07849336_32431.jpg,197
food/yogurt/n07849336_32731.jpg,197
food/yogurt/n07849336_33495.jpg,197
food/zucchini/n07716358_10021.jpg,197
food/zucchini/n07716358_1006.jpg,197
food/zucchini/n07716358_1018.jpg,197
food/zucchini/n07716358_10251.jpg,197
food/zucchini/n07716358_10974.jpg,197
food/zucchini/n07716358_11383.jpg,197
food/zucchini/n07716358_11412.jpg,197
food/zucchini/n07716358_11437.jpg,197
food/zucchini/n07716358_11450.jpg,197
food/zucchini/n07716358_11514.jpg,197
food/zucchini/n07716358_11986.jpg,198
food/zucchini/n07716358_12371.jpg,198
food/zucchini/n07716358_12557.jpg,198
food/zucchini/n07716358_1258.jpg,198
food/zucchini/n07716358_12705.jpg,198
food/zucchini/n07716358_15290.jpg,198
food/zucchini/n07716358_1549.jpg,198
food/zucchini/n07716358_15527.jpg,198
food/zucchini/n07716358_15994.jpg,198
food/zucchini/n07716358_16000.jpg,198
food/zucchini/n07716358_16756.jpg,198
food/zucchini/n07716358_16886.jpg,198
food/zucchini/n07716358_16986.jpg,198
food/zucchini/n07716358_1799.jpg,198
food/zucchini/n07716358_18492.jpg,198
food/zucchini/n07716358_19627.jpg,198
food/zucchini/n07716358_21207.jpg,198
food/zucchini/n07716358_21929.jpg,198
food/zucchini/n07716358_22212.jpg,198
food/zucchini/n07716358_22242.jpg,198
food/zucchini/n07716358_23357.jpg,199
food/zucchini/n07716358_24443.jpg,199
food/zucchini/n07716358_2688.jpg,199
food/zucchini/n07716358_31011.jpg,199
food/zucchini/n07716358_3154.jpg,199
food/zucchini/n07716358_3263.jpg,199
food/zucchini/n07716358_3451.jpg,199
food/zucchini/n07716358_3603.jpg,199
food/zucchini/n07716358_4045.jpg,199
food/zucchini/n07716358_4376.jpg,199
food/zucchini/n07716358_5422.jpg,199
food/zucchini/n07716358_5976.jpg,199
food/zucchini/n07716358_6492.jpg,199
food/zucchini/n07716358_680.jpg,199
food/zucchini/n07716358_7251.jpg,199
food/zucchini/n07716358_7311.jpg,199
food/zucchini/n07716358_8726.jpg,199
food/zucchini/n07716358_9362.jpg,199
food/zucchini/n07716358_9686.jpg,199
food/zucchini/n07716358_9840.jpg,199
landscape/badlands/00da7332b7397d6f.jpg,200
landscape/badlands/059749eaad9544d9.jpg,200
landscape/badlands/0a41e7b2e1f24787.jpg,200
landscape/badlands/0bdbfdfbf9606d17.jpg,200
landscape/badlands/0c25ec21ea3806e6.jpg,200
landscape/badlands/0cc4df7bd821eaba.jpg,200
landscape/badlands/107a6a75b9ff7593.jpg,200
landscape/badlands/1b65eba9195d7b48.jpg,200
landscape/badlands/1da1b998c1df5ab0.jpg,200
landscape/badlands/1dec1025e732839a.jpg,200
landscape/badlands/268ae58502ee8494.jpg,200
landscape/badlands/28ebdb960cfc3dbd.jpg,200
landscape/badlands/2a29b88a3087549c.jpg,200
landscape/badlands/2b70d9312b233b85.jpg,200
landscape/badlands/2d3e71fb4b3ff54c.jpg,200
landscape/badlands/2da2f8e4173ec2d8.jpg,200
landscape/badlands/52bd0abf2480dfcd.jpg,200
landscape/badlands/542429bec668190a.jpg,200
landscape/badlands/7015248aec86e3ca.jpg,200
landscape/badlands/73b01924148f9a88.jpg,200
landscape/badlands/74829e0dff4fb883.jpg,201
landscape/badlands/75a33eb7832e35bf.jpg,201
landscape/badlands/781ab453ae76a695.jpg,201
landscape/badlands/7c2a6958d5f04db7.jpg,201
landscape/badlands/7d8fd8f343ad653c.jpg,201
landscape/badlands/7fdd6659bc009251.jpg,201
landscape/badlands/82b0bd6fbadf3ec9.jpg,201
landscape/badlands/83e633a2e8135127.jpg,201
landscape/badlands/8797c6121f65e4e3.jpg,201
landscape/badlands/98a873a3a095d8a4.jpg,201
landscape/badlands/9dab048bfbdd7bbb.jpg,201
landscape/badlands/a0c9618ba54fff18.jpg,201
landscape/badlands/a0de488cdeace1df.jpg,201
landscape/badlands/ab3255d92dfcb5ab.jpg,201
landscape/badlands/ac3390421ba8e3dc.jpg,201
landscape/badlands/acb9398303757285.jpg,201
landscape/badlands/b01e802e7b08c078.jpg,201
landscape/badlands/b11e37afd9ca3853.jpg,201
landscape/badlands/b2bee0c1ec3cc149.jpg,201
landscape/badlands/b58ab34a53532e2f.jpg,201
landscape/badlands/b72dffd33c2f2bbc.jpg,202
landscape/badlands/b7fe4bc808463620.jpg,202
landscape/badlands/ba265c6531f7a08d.jpg,202
landscape/badlands/bbf382bbbdf2b5dd.jpg,202
landscape/badlands/c288579b7d3380a8.jpg,202
landscape/badlands/c7664b0fa8cf14c0.jpg,202
landscape/badlands/c88aa10132f2e108.jpg,202
landscape/badlands/d5a7faf3171bfdaa.jpg,202
landscape/badlands/dbba62b95db78bc0.jpg,202
landscape/badlands/f3de0d72febbe17f.jpg,202
landscape/badlands/f794981f98222f1a.jpg,202
landscape/badlands/sun_aabtemlmesogqbbp.jpg,202
landscape/badlands/sun_aafufhgywldccful.jpg,202
landscape/badlands/sun_acbedfdkmesyeogi.jpg,202
landscape/badlands/sun_acqtguiyneoekymy.jpg,202
landscape/badlands/sun_acywrsqkjcxhexft.jpg,202
landscape/badlands/sun_afjyijsdqpcdnjoq.jpg,202
landscape/badlands/sun_afnvhdshiuypvkuh.jpg,202
landscape/badlands/sun_afrzvqxvclehrgoh.jpg,202
landscape/badlands/sun_agudaktqbpkgxxhn.jpg,202
landscape/badlands/sun_aitbuzxgbexdoeda.jpg,203
landscape/badlands/sun_aiygmeizvjhdqbep.jpg,203
landscape/badlands/sun_ajpdesmpmbcnhujq.jpg,203
landscape/badlands/sun_ajtvysscoirnzowp.jpg,203
landscape/badlands/sun_akriyetrhoopjsdy.jpg,203
landscape/badlands/sun_akynhepkzcxxkgow.jpg,203
landscape/badlands/sun_akzatmmwjirnsqtm.jpg,203
landscape/badlands/sun_almgxeqkzurgtvxc.jpg,203
landscape/badlands/sun_alwuoiefepifbttr.jpg,203
landscape/badlands/sun_annigentdnxzfcct.jpg,203
landscape/badlands/sun_anowzijwkurybpjf.jpg,203
landscape/badlands/sun_antdfwhuefttipaf.jpg,203
landscape/badlands/sun_aoctxvsbexxwkqqe.jpg,203
landscape/badlands/sun_aosvqijvmwznjrsh.jpg,203
landscape/badlands/sun_apfnwcsymntkbqrf.jpg,203
landscape/badlands/sun_apuwqhnxyyoryrhd.jpg,203
landscape/badlands/sun_asvcfruitoxygxrv.jpg,203
landscape/badlands/sun_attunurkvvvrpksl.jpg,203
landscape/badlands/sun_auqxyqokuctxomkt.jpg,203
landscape/badlands/sun_awcogbgxpqgyyrdo.jpg,203
landscape/badlands/sun_axsymjusrygftnzi.jpg,204
landscape/badlands/sun_ayoerapgbyhrmmlq.jpg,204
landscape/badlands/sun_azmctncekrqydlxc.jpg,204
landscape/badlands/sun_bcyqhmsuncrhyodx.jpg,204
landscape/badlands/sun_belkzcvlquyyzxlu.jpg,204
landscape/badlands/sun_beyqkdhbapysbwbv.jpg,204
landscape/badlands/sun_bflturjnhzlhrmth.jpg,204
landscape/badlands/sun_bhribroenyyculkx.jpg,204
landscape/badlands/sun_biqmabkmyhrrasmc.jpg,204
landscape/badlands/sun_bjrxopjiakyihdqo.jpg,204
landscape/badlands/sun_bkndlzaanugxpvaq.jpg,204
landscape/badlands/sun_bljyguxxfiakvvcz.jpg,204
landscape/badlands/sun_bmoouvnnsnxypsla.jpg,204
landscape/badlands/sun_bzbwppkmmulpqnkr.jpg,204
landscape/badlands/sun_bzlmupmmiqdoxiio.jpg,204
landscape/barn/n02793495_10000.jpg,204
landscape/barn/n02793495_10790.jpg,204
landscape/barn/n02793495_10847.jpg,204
landscape/barn/n02793495_11186.jpg,204
landscape/barn/n02793495_11567.jpg,204
landscape/barn/n02793495_12207.jpg,205
landscape/barn/n02793495_12235.jpg,205
landscape/barn/n02793495_12386.jpg,205
landscape/barn/n02793495_12521.jpg,205
landscape/barn/n02793495_13346.jpg,205
landscape/barn/n02793495_13455.jpg,205
landscape/barn/n02793495_13459.jpg,205
landscape/barn/n02793495_1349.jpg,205
landscape/barn/n02793495_13493.jpg,205
landscape/barn/n02793495_14549.jpg,205
landscape/barn/n02793495_14786.jpg,205
landscape/barn/n02793495_15038.jpg,205
landscape/barn/n02793495_15347.jpg,205
landscape/barn/n02793495_16056.jpg,205
landscape/barn/n02793495_16251.jpg,205
landscape/barn/n02793495_1647.jpg,205
landscape/barn/n02793495_16996.jpg,205
landscape/barn/n02793495_18211.jpg,205
landscape/barn/n02793495_183.jpg,205
landscape/barn/n02793495_18304.jpg,205
landscape/barn/n02793495_18722.jpg,206
landscape/barn/n02793495_18999.jpg,206
landscape/barn/n02793495_1919.jpg,206
landscape/barn/n02793495_19291.jpg,206
landscape/barn/n02793495_19836.jpg,206
landscape/barn/n02793495_20435.jpg,206
landscape/barn/n02793495_20454.jpg,206
landscape/barn/n02793495_2078.jpg,206
landscape/barn/n02793495_22911.jpg,206
landscape/barn/n02793495_22937.jpg,206
landscape/barn/n02793495_2351.jpg,206
landscape/barn/n02793495_2506.jpg,206
landscape/barn/n02793495_2558.jpg,206
landscape/barn/n02793495_2868.jpg,206
landscape/barn/n02793495_297.jpg,206
landscape/barn/n02793495_352.jpg,206
landscape/barn/n02793495_3658.jpg,206
landscape/barn/n02793495_3852.jpg,206
landscape/barn/n02793495_386.jpg,206
landscape/barn/n02793495_3970.jpg,206
landscape/barn/n02793495_4056.jpg,207
landscape/barn/n02793495_4091.jpg,207
landscape/barn/n02793495_4187.jpg,207
landscape/barn/n02793495_4333.jpg,207
landscape/barn/n02793495_435.jpg,207
landscape/barn/n02793495_4687.jpg,207
landscape/barn/n02793495_4712.jpg,207
landscape/barn/n02793495_4908.jpg,207
landscape/barn/n02793495_5227.jpg,207
landscape/barn/n02793495_5293.jpg,207
landscape/barn/n02793495_5839.jpg,207
landscape/barn/n02793495_5941.jpg,207
landscape/barn/n02793495_6042.jpg,207
landscape/barn/n02793495_6199.jpg,207
landscape/barn/n02793495_6295.jpg,207
landscape/barn/n02793495_6305.jpg,207
landscape/barn/n02793495_6515.jpg,207
landscape/barn/n02793495_666.jpg,207
landscape/barn/n02793495_6761.jpg,207
landscape/barn/n02793495_6766.jpg,207
landscape/barn/n02793495_6822.jpg,208
landscape/barn/n02793495_6971.jpg,208
landscape/barn/n02793495_7335.jpg,208
landscape/barn/n02793495_7388.jpg,208
landscape/barn/n02793495_742.jpg,208
landscape/barn/n02793495_7457.jpg,208
landscape/barn/n02793495_7506.jpg,208
landscape/barn/n02793495_7531.jpg,208
landscape/barn/n02793495_7616.jpg,208
landscape/barn/n02793495_7832.jpg,208
landscape/barn/n02793495_8006.jpg,208
landscape/barn/n02793495_8093.jpg,208
landscape/barn/n02793495_8339.jpg,208
landscape/barn/n02793495_8390.jpg,208
landscape/barn/n02793495_8429.jpg,208
landscape/barn/n02793495_8638.jpg,208
landscape/barn/n02793495_8814.jpg,208
landscape/barn/n02793495_8877.jpg,208
landscape/barn/n02793495_9481.jpg,208
landscape/barn/n02793495_950.jpg,208
landscape/barn/n02793495_9512.jpg,209
landscape/creek/00a72fa141918070.jpg,209
landscape/creek/01bd4bab4175a966.jpg,209
landscape/creek/05afa89b37d9be10.jpg,209
landscape/creek/0618cd4758301cb9.jpg,209
landscape/creek/073d23092eef5bfb.jpg,209
landscape/creek/087dbe6470966500.jpg,209
landscape/creek/131887bc16929743.jpg,209
landscape/creek/140890848a829520.jpg,209
landscape/creek/1de1c35c00ce3111.jpg,209
landscape/creek/1e2d358378956a37.jpg,209
landscape/creek/201efab9064c75a7.jpg,209
landscape/creek/2c06e792a2b5823c.jpg,209
landscape/creek/2e8af3c96d099203.jpg,209
landscape/creek/372644d098fe67ac.jpg,209
landscape/creek/463f022d60c8c47e.jpg,209
landscape/creek/4b9dd131b6d77acd.jpg,209
landscape/creek/4ec1db0726dc0eb9.jpg,209
landscape/creek/559d6b3d60bdf647.jpg,209
landscape/creek/57325acb63287b6e.jpg,209
landscape/creek/5ae9c86a0d3ec94d.jpg,210
landscape/creek/5c5e8f097fa56b06.jpg,210
landscape/creek/5cd6e415c8c6d151.jpg,210
landscape/creek/5ce6490d4d1dbdf8.jpg,210
landscape/creek/5d4485ce19cf9ff1.jpg,210
landscape/creek/61a523fb9fa663e8.jpg,210
landscape/creek/641cb302c6e9b8a1.jpg,210
landscape/creek/6b8aaacf3a46ccc7.jpg,210
landscape/creek/6c2d44f9a68bbe96.jpg,210
landscape/creek/741cb9983009b9d4.jpg,210
landscape/creek/7b96be62afaaac4d.jpg,210
landscape/creek/7f03ee12590a2446.jpg,210
landscape/creek/813c63e15bffdef1.jpg,210
landscape/creek/8474877e90b4ab52.jpg,210
landscape/creek/947574afed9997e3.jpg,210
landscape/creek/956de88eec561f18.jpg,210
landscape/creek/9abd18b0c7220a0d.jpg,210
landscape/creek/9c5107164aa3514f.jpg,210
landscape/creek/9e81775a5eb30dd0.jpg,210
landscape/creek/a64321454ce3af8a.jpg,210
landscape/creek/b23a9b62c338a34a.jpg,211
landscape/creek/b473f6b302b8ece8.jpg,211
landscape/creek/b52fbb2521836cc7.jpg,211
landscape/creek/be3ff20a17c22e90.jpg,211
landscape/creek/be93f13ea8c14ee4.jpg,211
landscape/creek/c288b628fb00ac02.jpg,211
landscape/creek/d1a8ea41abbabc91.jpg,211
landscape/creek/d37ce84bd17e9211.jpg,211
landscape/creek/d48a4be9c6c9d170.jpg,211
landscape/creek/db65aaa975ba7c84.jpg,211
landscape/creek/dd97cf9ce8a82992.jpg,211
landscape/creek/df76ffc41182400a.jpg,211
landscape/creek/e152d5868447723e.jpg,211
landscape/creek/e9b2d88b44dc398f.jpg,211
landscape/creek/ea8f9fc441045158.jpg,211
landscape/creek/ed957e8fc936d13b.jpg,211
landscape/creek/f1a0fbb794a4ce48.jpg,211
landscape/creek/sun_aaacmydfmcozlpel.jpg,211
landscape/creek/sun_aajttwmkstixpqmk.jpg,211
landscape/creek/sun_aanfjwabnufovale.jpg,211
landscape/creek/sun_actgnbsscuyuuawn.jpg,212
landscape/creek/sun_adldsxrckcxskwaa.jpg,212
landscape/creek/sun_aebcvprafheupjve.jpg,212
landscape/creek/sun_aermylfjqkdyfriq.jpg,212
landscape/creek/sun_afxtgecjnlpwldpz.jpg,212
landscape/creek/sun_agolreejblugpbjs.jpg,212
landscape/creek/sun_ahzprtdsycxhoqdq.jpg,212
landscape/creek/sun_aioimawbzwwqcygr.jpg,212
landscape/creek/sun_ajcopavjqtimjnsa.jpg,212
landscape/creek/sun_ajtyybhnsrlhgzrj.jpg,212
landscape/creek/sun_ajwkskkzoxfeqyqi.jpg,212
landscape/creek/sun_amkixpdbwspaesca.jpg,212
landscape/creek/sun_ammtyagxwuynloho.jpg,212
landscape/creek/sun_amstctgduhgtglor.jpg,212
landscape/creek/sun_aobzojzeyotxkmpe.jpg,212
landscape/creek/sun_aprctqsrjhrpevzy.jpg,212
landscape/creek/sun_aqjctcdzynstdphs.jpg,212
landscape/creek/sun_aqtlcclamvffivey.jpg,212
landscape/creek/sun_aqvjdljstjrakyei.jpg,212
landscape/creek/sun_arkqnfqxddjeoygu.jpg,212
landscape/creek/sun_aruzhowbjizakxna.jpg,213
landscape/creek/sun_arwbkcpbnacrivin.jpg,213
landscape/creek/sun_asmuwsqhwjdxgbnv.jpg,213
landscape/creek/sun_aualbeefqekxpoue.jpg,213
landscape/creek/sun_auldcjwiqhhhwcld.jpg,213
landscape/creek/sun_avkfkuagzulwurbc.jpg,213
landscape/creek/sun_axcrysjbknmdgxyo.jpg,213
landscape/creek/sun_axfsimotavzqntkx.jpg,213
landscape/creek/sun_azxubsqvphflkrru.jpg,213
landscape/desert/n09270735_10323.jpg,213
landscape/desert/n09270735_10417.jpg,213
landscape/desert/n09270735_10593.jpg,213
landscape/desert/n09270735_10720.jpg,213
landscape/desert/n09270735_11406.jpg,213
landscape/desert/n09270735_11686.jpg,213
landscape/desert/n09270735_12116.jpg,213
landscape/desert/n09270735_12770.jpg,213
landscape/desert/n09270735_13703.jpg,213
landscape/desert/n09270735_13713.jpg,213
landscape/desert/n09270735_14002.jpg,213
landscape/desert/n09270735_14484.jpg,214
landscape/desert/n09270735_159.jpg,214
landscape/desert/n09270735_16660.jpg,214
landscape/desert/n09270735_16991.jpg,214
landscape/desert/n09270735_1884.jpg,214
landscape/desert/n09270735_19117.jpg,214
landscape/desert/n09270735_19211.jpg,214
landscape/desert/n09270735_19361.jpg,214
landscape/desert/n09270735_19405.jpg,214
landscape/desert/n09270735_19890.jpg,214
landscape/desert/n09270735_21232.jpg,214
landscape/desert/n09270735_22315.jpg,214
landscape/desert/n09270735_22985.jpg,214
landscape/desert/n09270735_23003.jpg,214
landscape/desert/n09270735_24858.jpg,214
landscape/desert/n09270735_25350.jpg,214
landscape/desert/n09270735_25780.jpg,214
landscape/desert/n09270735_27340.jpg,214
landscape/desert/n09270735_2754.jpg,214
landscape/desert/n09270735_28592.jpg,214
landscape/desert/n09270735_30434.jpg,215
landscape/desert/n09270735_30833.jpg,215
landscape/desert/n09270735_31177.jpg,215
landscape/desert/n09270735_31455.jpg,215
landscape/desert/n09270735_3215.jpg,215
landscape/desert/n09270735_3519.jpg,215
landscape/desert/n09270735_4151.jpg,215
landscape/desert/n09270735_4178.jpg,215
landscape/desert/n09270735_41870.jpg,215
landscape/desert/n09270735_44665.jpg,215
landscape/desert/n09270735_4773.jpg,215
landscape/desert/n09270735_51499.jpg,215
landscape/desert/n09270735_53301.jpg,215
landscape/desert/n09270735_5926.jpg,215
landscape/desert/n09270735_6787.jpg,215
landscape/desert/n09270735_7535.jpg,215
landscape/desert/n09270735_7649.jpg,215
landscape/desert/n09270735_7828.jpg,215
landscape/desert/n09270735_8128.jpg,215
landscape/desert/n09270735_8900.jpg,215
landscape/desert/n09270735_9296.jpg,216
landscape/desert/n09270735_9546.jpg,216
landscape/desert/n09270735_9551.jpg,216
landscape/desert/n09270735_9869.jpg,216
landscape/desert/sun_aafqfjpechscyidz.jpg,216
landscape/desert/sun_aaqyzvrweabdxjzo.jpg,216
landscape/desert/sun_acztaebqvjaggqyh.jpg,216
landscape/desert/sun_adpbjcrpyetqykvt.jpg,216
landscape/desert/sun_aeepoeftnvbdasao.jpg,216
landscape/desert/sun_afdglfvfgxhjtaky.jpg,216
landscape/desert/sun_aiatoxvclffgxjts.jpg,216
landscape/desert/sun_aigxgjoofoaxhxor.jpg,216
landscape/desert/sun_aitgdfoepkcgqpkg.jpg,216
landscape/desert/sun_akdmpkixtkbhhkbr.jpg,216
landscape/desert/sun_aqtstmhxxgspchdn.jpg,216
landscape/desert/sun_argapbxamkdubgcw.jpg,216
landscape/desert/sun_asxxlgfchcyhhjgr.jpg,216
landscape/desert/sun_atfudzdjdouzqtgp.jpg,216
landscape/desert/sun_atujmqovmioxulez.jpg,216
landscape/desert/sun_atyasoydrjavyfux.jpg,216
landscape/desert/sun_augiwpnmzxrwivst.jpg,217
landscape/desert/sun_avawcmcabmaoywsj.jpg,217
landscape/desert/sun_avmxdpydhkugmnzh.jpg,217
landscape/desert/sun_awwfkbrvfgrhwznp.jpg,217
landscape/desert/sun_axftaijddzvbjaik.jpg,217
landscape/desert/sun_aypzejealkrzrqxx.jpg,217
landscape/desert/sun_ayyysrlyzcgxgato.jpg,217
landscape/desert/sun_azskkbpdayjlqhjm.jpg,217
landscape/field/n09393605_10919.jpg,217
landscape/field/n09393605_13641.jpg,217
landscape/field/n09393605_15838.jpg,217
landscape/field/n09393605_18819.jpg,217
landscape/field/n09393605_19602.jpg,217
landscape/field/n09393605_21966.jpg,217
landscape/field/n09393605_22474.jpg,217
landscape/field/n09393605_23049.jpg,217
landscape/field/n09393605_23116.jpg,217
landscape/field/n09393605_23937.jpg,217
landscape/field/n09393605_25625.jpg,217
landscape/field/n09393605_26601.jpg,217
landscape/field/n09393605_28586.jpg,218
landscape/field/n09393605_29445.jpg,218
landscape/field/n09393605_32348.jpg,218
landscape/field/n09393605_32817.jpg,218
landscape/field/n09393605_3369.jpg,218
landscape/field/n09393605_34572.jpg,218
landscape/field/n09393605_35662.jpg,218
landscape/field/n09393605_36719.jpg,218
landscape/field/n09393605_36825.jpg,218
landscape/field/n09393605_38089.jpg,218
landscape/field/n09393605_40542.jpg,218
landscape/field/n09393605_41164.jpg,218
landscape/field/n09393605_41697.jpg,218
landscape/field/n09393605_42636.jpg,218
landscape/field/n09393605_43491.jpg,218
landscape/field/n09393605_44117.jpg,218
landscape/field/n09393605_45426.jpg,218
landscape/field/n09393605_45715.jpg,218
landscape/field/n09393605_53199.jpg,218
landscape/field/n09393605_54331.jpg,218
landscape/field/n09393605_55115.jpg,219
landscape/field/n09393605_55618.jpg,219
landscape/field/n09393605_55896.jpg,219
landscape/field/n09393605_56109.jpg,219
landscape/field/n09393605_57047.jpg,219
landscape/field/n09393605_57575.jpg,219
landscape/field/n09393605_58117.jpg,219
landscape/field/n09393605_58223.jpg,219
landscape/field/n09393605_59095.jpg,219
landscape/field/n09393605_59157.jpg,219
landscape/field/n09393605_59874.jpg,219
landscape/field/n09393605_60345.jpg,219
landscape/field/n09393605_60351.jpg,219
landscape/field/n09393605_60769.jpg,219
landscape/field/n09393605_61113.jpg,219
landscape/field/n09393605_61186.jpg,219
landscape/field/n09393605_61672.jpg,219
landscape/field/n09393605_62233.jpg,219
landscape/field/n09393605_63335.jpg,219
landscape/field/n09393605_63557.jpg,219
landscape/field/n09393605_64280.jpg,220
landscape/field/n09393605_64469.jpg,220
landscape/field/n09393605_64522.jpg,220
landscape/field/n09393605_64746.jpg,220
landscape/field/n09393605_64769.jpg,220
landscape/field/n09393605_65534.jpg,220
landscape/field/n09393605_65656.jpg,220
landscape/field/n09393605_66477.jpg,220
landscape/field/n09393605_67108.jpg,220
landscape/field/n09393605_67555.jpg,220
landscape/field/n09393605_67985.jpg,220
landscape/field/n09393605_8686.jpg,220
landscape/field/n09393605_8873.jpg,220
landscape/field/n09393605_8966.jpg,220
landscape/field/n12142085_35169.jpg,220
landscape/field/n12142085_610.jpg,220
landscape/field/n12142085_905.jpg,220
landscape/field/sun_aacbgqunsjqeatcv.jpg,220
landscape/field/sun_aafjjnugpsuiktvh.jpg,220
landscape/field/sun_aanjgkilxhsgjsyw.jpg,220
landscape/field/sun_aaylzyqlqrsmfwif.jpg,221
landscape/field/sun_aayounnakjpewywf.jpg,221
landscape/field/sun_abhdwxcqinxtyvao.jpg,221
landscape/field/sun_abowtotrrzpbhvqh.jpg,221
landscape/field/sun_abrwdgsipagiljbz.jpg,221
landscape/field/sun_acdirvgzjzazssye.jpg,221
landscape/field/sun_acfbqplfoqfohnbj.jpg,221
landscape/field/sun_acipoggjpwiqmypg.jpg,221
landscape/field/sun_afdaynbvsppiyvxm.jpg,221
landscape/field/sun_afhkdvryuyyjsafb.jpg,221
landscape/field/sun_agojeoiyczsgnqtp.jpg,221
landscape/field/sun_ahbpkeenybzvljnk.jpg,221
landscape/field/sun_ajljoxfiwrskkpcc.jpg,221
landscape/field/sun_akdbxepnruyrbtrp.jpg,221
landscape/field/sun_amfhfmwkktwcrstd.jpg,221
landscape/field/sun_amhftfdjiroweslq.jpg,221
landscape/field/sun_arxyfbqfjqesqjkp.jpg,221
landscape/field/sun_avewwfajjwjntohf.jpg,221
landscape/field/sun_avswlmagvlcsnzrk.jpg,221
landscape/field/sun_aypbzbfuprtztaqy.jpg,221
landscape/field/sun_ayvaabyqvqxsunoq.jpg,222
landscape/field/sun_azlynmqjfwjytkdv.jpg,222
landscape/field/sun_bnwgrptznpkmyoll.jpg,222
landscape/field/sun_bxosoiicldmycyla.jpg,222
landscape/forest (broadleaf)/29f8063ae27714ec.jpg,222
landscape/forest (broadleaf)/5a26c909a910c9d9.jpg,222
landscape/forest (broadleaf)/5ec67c49751be989.jpg,222
landscape/forest (broadleaf)/60fb1f545fdd1b2c.jpg,222
landscape/forest (broadleaf)/96668f0aa9071377.jpg,222
landscape/forest (broadleaf)/ac213e6c25e62cc0.jpg,222
landscape/forest (broadleaf)/b6bead8e3f65991b.jpg,222
landscape/forest (broadleaf)/cd55c673f7709018.jpg,222
landscape/forest (broadleaf)/db786d24a006ba19.jpg,222
landscape/forest (broadleaf)/dffd1edf2a50c720.jpg,222
landscape/forest (broadleaf)/e72f9cfc62e3b4be.jpg,222
landscape/forest (broadleaf)/e8c08ce6240fac27.jpg,222
landscape/forest (broadleaf)/f2db336fa7759951.jpg,222
landscape/forest (broadleaf)/f7dce233924abacf.jpg,222
landscape/forest (broadleaf)/f964fbf0c85e0722.jpg,222
landscape/forest (broadleaf)/sun_aarnmhmjnoywelfb.jpg,222
landscape/forest (broadleaf)/sun_aaulapocjffusovo.jpg,223
landscape/forest (broadleaf)/sun_abhebbmkwmrgstyo.jpg,223
landscape/forest (broadleaf)/sun_abqwkcjnkkjpmaod.jpg,223
landscape/forest (broadleaf)/sun_acpeqjxleuzrimeg.jpg,223
landscape/forest (broadleaf)/sun_actywkcnpzoailyv.jpg,223
landscape/forest (broadleaf)/sun_acxtlssrlfsryvac.jpg,223
landscape/forest (broadleaf)/sun_adelbgkxaewbxymf.jpg,223
landscape/forest (broadleaf)/sun_adkwweprgeumpslv.jpg,223
landscape/forest (broadleaf)/sun_aecydirryxzrzpvg.jpg,223
landscape/forest (broadleaf)/sun_aejcebvykjvhuget.jpg,223
landscape/forest (broadleaf)/sun_aendsxsqysoknyst.jpg,223
landscape/forest (broadleaf)/sun_afpnqehwapeidjtp.jpg,223
landscape/forest (broadleaf)/sun_aftdtzzskxflvuig.jpg,223
landscape/forest (broadleaf)/sun_afusmbapsnqjtnsa.jpg,223
landscape/forest (broadleaf)/sun_afxbfgxrtlczpwyn.jpg,223
landscape/forest (broadleaf)/sun_afxvgfeysuusnslo.jpg,223
landscape/forest (broadleaf)/sun_afzhshjjojqermqf.jpg,223
landscape/forest (broadleaf)/sun_agxabiochdwjboza.jpg,223
landscape/forest (broadleaf)/sun_ahbooqazpiiakayv.jpg,223
landscape/forest (broadleaf)/sun_ahksbkeqopdxmskp.jpg,223
landscape/forest (broadleaf)/sun_ahvfcrleejszjfde.jpg,224
landscape/forest (broadleaf)/sun_aidhlflrqqkdzeni.jpg,224
landscape/forest (broadleaf)/sun_aihylawyjepniike.jpg,224
landscape/forest (broadleaf)/sun_aiidyuygypngghyf.jpg,224
landscape/forest (broadleaf)/sun_aiynsrgvdjyalznn.jpg,224
landscape/forest (broadleaf)/sun_ajcjwmqklddutzvc.jpg,224
landscape/forest (broadleaf)/sun_ajqdvsuevkfybgme.jpg,224
landscape/forest (broadleaf)/sun_akxbwsrgnuadikod.jpg,224
landscape/forest (broadleaf)/sun_aldigqqshvnhfkng.jpg,224
landscape/forest (broadleaf)/sun_alettkltzysnuqsq.jpg,224
landscape/forest (broadleaf)/sun_almbxcurjahdxery.jpg,224
landscape/forest (broadleaf)/sun_alvtgvepnlzhngjv.jpg,224
landscape/forest (broadleaf)/sun_ambyixvpmdimogbn.jpg,224
landscape/forest (broadleaf)/sun_anfpmkqemzwfixbm.jpg,224
landscape/forest (broadleaf)/sun_anmkwhkmnlrpufwm.jpg,224
landscape/forest (broadleaf)/sun_anqplteihhyjtglu.jpg,224
landscape/forest (broadleaf)/sun_antwgrnlkmlyvnjx.jpg,224
landscape/forest (broadleaf)/sun_aoqjnzwgdikwayvw.jpg,224
landscape/forest (broadleaf)/sun_apizqbiukazmkvkz.jpg,224
landscape/forest (broadleaf)/sun_apzhvyvljzvahpvh.jpg,224
landscape/forest (broadleaf)/sun_aqiiuxgbwrioenat.jpg,225
landscape/forest (broadleaf)/sun_aqqgthzskkqzfwlt.jpg,225
landscape/forest (broadleaf)/sun_aquooyehnlaehzjy.jpg,225
landscape/forest (broadleaf)/sun_arfrufgmpfifbxbm.jpg,225
landscape/forest (broadleaf)/sun_argpkktvhwziqaot.jpg,225
landscape/forest (broadleaf)/sun_arpvswlyuitmpsfq.jpg,225
landscape/forest (broadleaf)/sun_aruondwdoqjktugy.jpg,225
landscape/forest (broadleaf)/sun_arwykvgzpgybhibg.jpg,225
landscape/forest (broadleaf)/sun_asitqcjdhmptwyly.jpg,225
landscape/forest (broadleaf)/sun_asjcajxcngqwqinm.jpg,225
landscape/forest (broadleaf)/sun_asoseldnrrcrnbou.jpg,225
landscape/forest (broadleaf)/sun_atlxncsxfmqwisuw.jpg,225
landscape/forest (broadleaf)/sun_atohvclowaousrfh.jpg,225
landscape/forest (broadleaf)/sun_atworchkazufbyad.jpg,225
landscape/forest (broadleaf)/sun_augxrcssyuvvueda.jpg,225
landscape/forest (broadleaf)/sun_aunmoitqcbqjykwe.jpg,225
landscape/forest (broadleaf)/sun_auvwgyllqzsyfdyg.jpg,225
landscape/forest (broadleaf)/sun_avcgkqxmtdeapzum.jpg,225
landscape/forest (broadleaf)/sun_avcyiiwxyeuumvvm.jpg,225
landscape/forest (broadleaf)/sun_avjgnengissyhclc.jpg,225
landscape/forest (broadleaf)/sun_avlcoxhzgadlubqf.jpg,226
landscape/forest (broadleaf)/sun_avqahgdnxxemgnje.jpg,226
landscape/forest (broadleaf)/sun_avtprdrihxhgackd.jpg,226
landscape/forest (broadleaf)/sun_avyyymflzsdrwgbe.jpg,226
landscape/forest (broadleaf)/sun_awcujmqkhwsgmrma.jpg,226
landscape/forest (broadleaf)/sun_awesiopwrhjoojme.jpg,226
landscape/forest (broadleaf)/sun_axcystsdjzbhixci.jpg,226
landscape/forest (broadleaf)/sun_axhmqffemaohcdle.jpg,226
landscape/forest (broadleaf)/sun_axhrgmuqrljrfnpd.jpg,226
landscape/forest (broadleaf)/sun_axljvtbankrkckne.jpg,226
landscape/forest (broadleaf)/sun_axsxcmrepgxeeyxh.jpg,226
landscape/forest (broadleaf)/sun_ayesjxhptorufemh.jpg,226
landscape/forest (broadleaf)/sun_ayjpisrqdpbcufcm.jpg,226
landscape/forest (broadleaf)/sun_aylgxyyrsemqkiff.jpg,226
landscape/forest (broadleaf)/sun_aynjmrsajissulqi.jpg,226
landscape/forest (broadleaf)/sun_aypjyavrjaodmkuu.jpg,226
landscape/forest (broadleaf)/sun_azbaifnovkzxbkxd.jpg,226
landscape/forest (broadleaf)/sun_btuibprrdcrjqxvw.jpg,226
landscape/forest (needleleaf)/0766fa7959728beb.jpg,226
landscape/forest (needleleaf)/2c6c9bc173578788.jpg,226
landscape/forest (needleleaf)/56e041b89d9a9838.jpg,227
landscape/forest (needleleaf)/8c620ba803c05daa.jpg,227
landscape/forest (needleleaf)/da31e38ea9918d5f.jpg,227
landscape/forest (needleleaf)/sun_aaifkdzmoajrzxqn.jpg,227
landscape/forest (needleleaf)/sun_accvpoocavlmmbwm.jpg,227
landscape/forest (needleleaf)/sun_acivpotgwohctvsc.jpg,227
landscape/forest (needleleaf)/sun_adkeovalbkluzeri.jpg,227
landscape/forest (needleleaf)/sun_adwsonzlpbbsppgb.jpg,227
landscape/forest (needleleaf)/sun_afhrysfvakkzzgin.jpg,227
landscape/forest (needleleaf)/sun_ahhlccroxiadjixl.jpg,227
landscape/forest (needleleaf)/sun_ahzdudaulglyysji.jpg,227
landscape/forest (needleleaf)/sun_ahzxnldgajgrwhyd.jpg,227
landscape/forest (needleleaf)/sun_aimggcqrncrkotzv.jpg,227
landscape/forest (needleleaf)/sun_ajgxbesgeiwalpxd.jpg,227
landscape/forest (needleleaf)/sun_akckbypmzxubxzyf.jpg,227
landscape/forest (needleleaf)/sun_akfadmdtlbduiiyc.jpg,227
landscape/forest (needleleaf)/sun_akguloxechncfnam.jpg,227
landscape/forest (needleleaf)/sun_akldfuxketeyqrcr.jpg,227
landscape/forest (needleleaf)/sun_akuzxstcblvhmomk.jpg,227
landscape/forest (needleleaf)/sun_alrobpkjksbjoxjk.jpg,227
landscape/forest (needleleaf)/sun_alwbpqvgrcjjlckk.jpg,228
landscape/forest (needleleaf)/sun_amfhxfakcdckrjul.jpg,228
landscape/forest (needleleaf)/sun_amyhfuvsbaizwnwy.jpg,228
landscape/forest (needleleaf)/sun_anithpynqsbzxojv.jpg,228
landscape/forest (needleleaf)/sun_anovysxiyidubdgs.jpg,228
landscape/forest (needleleaf)/sun_aobhtfctsxabxsls.jpg,228
landscape/forest (needleleaf)/sun_aondxtlsklthxtog.jpg,228
landscape/forest (needleleaf)/sun_aoxgfainbiglwchn.jpg,228
landscape/forest (needleleaf)/sun_apfxmcvujzcxypuq.jpg,228
landscape/forest (needleleaf)/sun_apjyimjzdyqvfcwm.jpg,228
landscape/forest (needleleaf)/sun_apkofvbpiueutjgo.jpg,228
landscape/forest (needleleaf)/sun_aqbakybrzakmanoo.jpg,228
landscape/forest (needleleaf)/sun_aqxqzdeqnlrkfuhn.jpg,228
landscape/forest (needleleaf)/sun_aqydmedkuzlsybwd.jpg,228
landscape/forest (needleleaf)/sun_arepffrwpettjdji.jpg,228
landscape/forest (needleleaf)/sun_areqjhlzczhrspvo.jpg,228
landscape/forest (needleleaf)/sun_arpgdgpfyuexqiuj.jpg,228
landscape/forest (needleleaf)/sun_arvbnkbvvdcnqdgw.jpg,228
landscape/forest (needleleaf)/sun_atjoaxvtrxzrxeaw.jpg,228
landscape/forest (needleleaf)/sun_atmrwrneqsvfgvoh.jpg,228
landscape/forest (needleleaf)/sun_atygdjduwnxhysqb.jpg,229
landscape/forest (needleleaf)/sun_aucxqplfgkjwgjrf.jpg,229
landscape/forest (needleleaf)/sun_avesoizwcqbojcvm.jpg,229
landscape/forest (needleleaf)/sun_avmxtljknfnpjnbb.jpg,229
landscape/forest (needleleaf)/sun_awchwppuydqjifvx.jpg,229
landscape/forest (needleleaf)/sun_awhqearfoticgzwy.jpg,229
landscape/forest (needleleaf)/sun_awvhreddaxrljuyh.jpg,229
landscape/forest (needleleaf)/sun_axaiskupvdvcgywi.jpg,229
landscape/forest (needleleaf)/sun_axgrfkivieqrzqfs.jpg,229
landscape/forest (needleleaf)/sun_axznoffzbgavlaei.jpg,229
landscape/forest (needleleaf)/sun_aygdpqwevwznkdqp.jpg,229
landscape/forest (needleleaf)/sun_azrgkfnpesikiafn.jpg,229
landscape/forest (needleleaf)/sun_bduvvcumwzpjyhkm.jpg,229
landscape/geyser/n09288635_1006.jpg,229
landscape/geyser/n09288635_10064.jpg,229
landscape/geyser/n09288635_10214.jpg,229
landscape/geyser/n09288635_1022.jpg,229
landscape/geyser/n09288635_10290.jpg,229
landscape/geyser/n09288635_10303.jpg,229
landscape/geyser/n09288635_10308.jpg,229
landscape/geyser/n09288635_10924.jpg,230
landscape/geyser/n09288635_10938.jpg,230
landscape/geyser/n09288635_1109.jpg,230
landscape/geyser/n09288635_11125.jpg,230
landscape/geyser/n09288635_1116.jpg,230
landscape/geyser/n09288635_11230.jpg,230
landscape/geyser/n09288635_11393.jpg,230
landscape/geyser/n09288635_11510.jpg,230
landscape/geyser/n09288635_11539.jpg,230
landscape/geyser/n09288635_11612.jpg,230
landscape/geyser/n09288635_11614.jpg,230
landscape/geyser/n09288635_11789.jpg,230
landscape/geyser/n09288635_11832.jpg,230
landscape/geyser/n09288635_11889.jpg,230
landscape/geyser/n09288635_11978.jpg,230
landscape/geyser/n09288635_11983.jpg,230
landscape/geyser/n09288635_12003.jpg,230
landscape/geyser/n09288635_12089.jpg,230
landscape/geyser/n09288635_1217.jpg,230
landscape/geyser/n09288635_12206.jpg,230
landscape/geyser/n09288635_12221.jpg,231
landscape/geyser/n09288635_12911.jpg,231
landscape/geyser/n09288635_12929.jpg,231
landscape/geyser/n09288635_13197.jpg,231
landscape/geyser/n09288635_13212.jpg,231
landscape/geyser/n09288635_13284.jpg,231
landscape/geyser/n09288635_13412.jpg,231
landscape/geyser/n09288635_13440.jpg,231
landscape/geyser/n09288635_13486.jpg,231
landscape/geyser/n09288635_13593.jpg,231
landscape/geyser/n09288635_13817.jpg,231
landscape/geyser/n09288635_13999.jpg,231
landscape/geyser/n09288635_14256.jpg,231
landscape/geyser/n09288635_14334.jpg,231
landscape/geyser/n09288635_14347.jpg,231
landscape/geyser/n09288635_15094.jpg,231
landscape/geyser/n09288635_1515.jpg,231
landscape/geyser/n09288635_1526.jpg,231
landscape/geyser/n09288635_15732.jpg,231
landscape/geyser/n09288635_1591.jpg,231
landscape/geyser/n09288635_173.jpg,232
landscape/geyser/n09288635_1801.jpg,232
landscape/geyser/n09288635_1929.jpg,232
landscape/geyser/n09288635_1959.jpg,232
landscape/geyser/n09288635_1990.jpg,232
landscape/geyser/n09288635_2176.jpg,232
landscape/geyser/n09288635_2320.jpg,232
landscape/geyser/n09288635_23444.jpg,232
landscape/geyser/n09288635_23563.jpg,232
landscape/geyser/n09288635_2459.jpg,232
landscape/geyser/n09288635_24858.jpg,232
landscape/geyser/n09288635_25124.jpg,232
landscape/geyser/n09288635_2529.jpg,232
landscape/geyser/n09288635_2543.jpg,232
landscape/geyser/n09288635_25462.jpg,232
landscape/geyser/n09288635_2588.jpg,232
landscape/geyser/n09288635_2858.jpg,232
landscape/geyser/n09288635_3272.jpg,232
landscape/geyser/n09288635_333.jpg,232
landscape/geyser/n09288635_3532.jpg,232
landscape/geyser/n09288635_3554.jpg,233
landscape/geyser/n09288635_3564.jpg,233
landscape/geyser/n09288635_3580.jpg,233
landscape/geyser/n09288635_365.jpg,233
landscape/geyser/n09288635_3716.jpg,233
landscape/geyser/n09288635_3879.jpg,233
landscape/geyser/n09288635_3909.jpg,233
landscape/geyser/n09288635_399.jpg,233
landscape/geyser/n09288635_4043.jpg,233
landscape/geyser/n09288635_4054.jpg,233
landscape/geyser/n09288635_4056.jpg,233
landscape/geyser/n09288635_4220.jpg,233
landscape/geyser/n09288635_4541.jpg,233
landscape/geyser/n09288635_4733.jpg,233
landscape/geyser/n09288635_488.jpg,233
landscape/geyser/n09288635_535.jpg,233
landscape/geyser/n09288635_59.jpg,233
landscape/geyser/n09288635_6850.jpg,233
landscape/geyser/n09288635_6860.jpg,233
landscape/geyser/n09288635_695.jpg,233
landscape/geyser/n09288635_798.jpg,234
landscape/geyser/n09288635_906.jpg,234
landscape/geyser/n09288635_9179.jpg,234
landscape/geyser/n09288635_9839.jpg,234
landscape/geyser/sun_asemkfzrcriwppec.jpg,234
landscape/geyser/sun_bangxwznfqpugceb.jpg,234
landscape/geyser/sun_bppwllojufniahga.jpg,234
landscape/geyser/sun_bxnhrgjqjqemdrij.jpg,234
landscape/icescape/n09289331_10402.jpg,234
landscape/icescape/n09289331_10473.jpg,234
landscape/icescape/n09289331_10597.jpg,234
landscape/icescape/n09289331_10832.jpg,234
landscape/icescape/n09289331_1102.jpg,234
landscape/icescape/n09289331_1547.jpg,234
landscape/icescape/n09289331_1551.jpg,234
landscape/icescape/n09289331_1577.jpg,234
landscape/icescape/n09289331_1661.jpg,234
landscape/icescape/n09289331_1867.jpg,234
landscape/icescape/n09289331_2408.jpg,234
landscape/icescape/n09289331_3794.jpg,234
landscape/icescape/n09289331_3970.jpg,235
landscape/icescape/n09289331_4152.jpg,235
landscape/icescape/n09289331_4346.jpg,235
landscape/icescape/n09289331_4351.jpg,235
landscape/icescape/n09289331_4476.jpg,235
landscape/icescape/n09289331_4539.jpg,235
landscape/icescape/n09289331_4564.jpg,235
landscape/icescape/n09289331_477.jpg,235
landscape/icescape/n09289331_4894.jpg,235
landscape/icescape/n09289331_5012.jpg,235
landscape/icescape/n09289331_5123.jpg,235
landscape/icescape/n09289331_5211.jpg,235
landscape/icescape/n09289331_5250.jpg,235
landscape/icescape/n09289331_5411.jpg,235
landscape/icescape/n09289331_5729.jpg,235
landscape/icescape/n09289331_5740.jpg,235
landscape/icescape/n09289331_580.jpg,235
landscape/icescape/n09289331_5869.jpg,235
landscape/icescape/n09289331_6016.jpg,235
landscape/icescape/n09289331_6168.jpg,235
landscape/icescape/n09289331_6307.jpg,236
landscape/icescape/n09289331_6459.jpg,236
landscape/icescape/n09289331_6504.jpg,236
landscape/icescape/n09289331_6524.jpg,236
landscape/icescape/n09289331_6768.jpg,236
landscape/icescape/n09289331_679.jpg,236
landscape/icescape/n09289331_6878.jpg,236
landscape/icescape/n09289331_6889.jpg,236
landscape/icescape/n09289331_6964.jpg,236
landscape/icescape/n09289331_7724.jpg,236
landscape/icescape/n09289331_7730.jpg,236
landscape/icescape/n09289331_7783.jpg,236
landscape/icescape/n09289331_7811.jpg,236
landscape/icescape/n09289331_8957.jpg,236
landscape/icescape/n09289331_9185.jpg,236
landscape/icescape/n09289331_9503.jpg,236
landscape/icescape/n09308572_109.jpg,236
landscape/icescape/n09308572_1178.jpg,236
landscape/icescape/n09308572_13445.jpg,236
landscape/icescape/n09308572_13624.jpg,236
landscape/icescape/n09308572_152.jpg,237
landscape/icescape/n09308572_1522.jpg,237
landscape/icescape/n09308572_1766.jpg,237
landscape/icescape/n09308572_1813.jpg,237
landscape/icescape/n09308572_1832.jpg,237
landscape/icescape/n09308572_1869.jpg,237
landscape/icescape/n09308572_1901.jpg,237
landscape/icescape/n09308572_2201.jpg,237
landscape/icescape/n09308572_2345.jpg,237
landscape/icescape/n09308572_2640.jpg,237
landscape/icescape/n09308572_2910.jpg,237
landscape/icescape/n09308572_2962.jpg,237
landscape/icescape/n09308572_3437.jpg,237
landscape/icescape/n09308572_3638.jpg,237
landscape/icescape/n09308572_3703.jpg,237
landscape/icescape/n09308572_3735.jpg,237
landscape/icescape/n09308572_4058.jpg,237
landscape/icescape/n09308572_4185.jpg,237
landscape/icescape/n09308572_4245.jpg,237
landscape/icescape/n09308572_4294.jpg,237
landscape/icescape/n09308572_4442.jpg,238
landscape/icescape/n09308572_4562.jpg,238
landscape/icescape/n09308572_4667.jpg,238
landscape/icescape/n09308572_470.jpg,238
landscape/icescape/n09308572_4844.jpg,238
landscape/icescape/n09308572_4961.jpg,238
landscape/icescape/n09308572_5194.jpg,238
landscape/icescape/n09308572_596.jpg,238
landscape/icescape/n09308572_6088.jpg,238
landscape/icescape/n09308572_6103.jpg,238
landscape/icescape/n09308572_627.jpg,238
landscape/icescape/n09308572_6426.jpg,238
landscape/icescape/n09308572_798.jpg,238
landscape/icescape/n09308572_862.jpg,238
landscape/icescape/n09309168_2076.jpg,238
landscape/icescape/n09309168_432.jpg,238
landscape/icescape/n09309168_7549.jpg,238
landscape/jungle/034e667f31be499c.jpg,238
landscape/jungle/0625a4ba200992e6.jpg,238
landscape/jungle/14628317fdcc9e39.jpg,238
landscape/jungle/18bed2a09181a499.jpg,239
landscape/jungle/193117c359547690.jpg,239
landscape/jungle/1e2d2d7022a02134.jpg,239
landscape/jungle/1fb1096c3f9a0ee2.jpg,239
landscape/jungle/201c457d6e94dea8.jpg,239
landscape/jungle/24894a47677b09b4.jpg,239
landscape/jungle/271cb17332a4eba5.jpg,239
landscape/jungle/2a0f8b40b7b25bcc.jpg,239
landscape/jungle/2dd9378cf8e0c8ad.jpg,239
landscape/jungle/2fdbe9ca76fdfd99.jpg,239
landscape/jungle/36d087ad3a8b4a99.jpg,239
landscape/jungle/39428ef59a36414d.jpg,239
landscape/jungle/3f552ebe5afa4382.jpg,239
landscape/jungle/41fd777649da59e6.jpg,239
landscape/jungle/4c1d1d4f21cf31e2.jpg,239
landscape/jungle/4e9a1e1079484886.jpg,239
landscape/jungle/4f1e0fefedf1b32a.jpg,239
landscape/jungle/524acb2e86457ecf.jpg,239
landscape/jungle/53d7a077afe99d46.jpg,239
landscape/jungle/543d103c85efcb41.jpg,239
landscape/jungle/55700669b39ef49c.jpg,240
landscape/jungle/56892737ddff5688.jpg,240
landscape/jungle/56a3ce4a8899ace1.jpg,240
landscape/jungle/57c6558e4956829b.jpg,240
landscape/jungle/59da125bd7ac7467.jpg,240
landscape/jungle/5b9c255e8e71e864.jpg,240
landscape/jungle/5e3a2b6e7943040f.jpg,240
landscape/jungle/612f8c0c59f8ff5e.jpg,240
landscape/jungle/64290af3b5a7e7cb.jpg,240
landscape/jungle/68a485c6716902c2.jpg,240
landscape/jungle/6bfa7b57d0deb743.jpg,240
landscape/jungle/77855fd2864479e3.jpg,240
landscape/jungle/80a5f2bb0129aa36.jpg,240
landscape/jungle/827b86308b879908.jpg,240
landscape/jungle/954ef758d906cb65.jpg,240
landscape/jungle/9d2a5f2a67650af7.jpg,240
landscape/jungle/a017ac25346efdcd.jpg,240
landscape/jungle/a0b6a1c932eebe9e.jpg,240
landscape/jungle/a1fb2184d465f341.jpg,240
landscape/jungle/a252b3cce303c122.jpg,240
landscape/jungle/a5238772baf25f1c.jpg,241
landscape/jungle/ab535640d044766d.jpg,241
landscape/jungle/aca62414dbfc6952.jpg,241
landscape/jungle/b787fb20a8bfdabf.jpg,241
landscape/jungle/ba2a5a74957098da.jpg,241
landscape/jungle/c810fffff069e9ff.jpg,241
landscape/jungle/c94be4a43769a5bb.jpg,241
landscape/jungle/c9a18643266fb7a8.jpg,241
landscape/jungle/d4bfe00b896bae57.jpg,241
landscape/jungle/d6398d77469357ea.jpg,241
landscape/jungle/d6e62b9cdd80cc1b.jpg,241
landscape/jungle/e6d35f289201c1cf.jpg,241
landscape/jungle/eb54616eb4614fce.jpg,241
landscape/jungle/fbc5c2af6663843f.jpg,241
landscape/lake/0189d61b2c1df778.jpg,241
landscape/lake/02f3a888909fa7d0.jpg,241
landscape/lake/121629e6f8fed1aa.jpg,241
landscape/lake/1531af1a07329fe2.jpg,241
landscape/lake/1ba473b5ff6dd712.jpg,241
landscape/lake/27f9c40c6ceb6958.jpg,241
landscape/lake/28653ee89a48f848.jpg,242
landscape/lake/3209b29eab56bf92.jpg,242
landscape/lake/360be47ca8b33b92.jpg,242
landscape/lake/41e092c947498605.jpg,242
landscape/lake/51e49c24f17069d4.jpg,242
landscape/lake/52eec65ddbd47cea.jpg,242
landscape/lake/59346dfdc14f4b81.jpg,242
landscape/lake/7ba05ca66de3b479.jpg,242
landscape/lake/84de14e092404f46.jpg,242
landscape/lake/8801b338195a6ebe.jpg,242
landscape/lake/905e0d0c54017903.jpg,242
landscape/lake/a2deabc292e18612.jpg,242
landscape/lake/a8e4d1d960175da0.jpg,242
landscape/lake/abfe2c7d1a3c1aa5.jpg,242
landscape/lake/ae833035574352eb.jpg,242
landscape/lake/b429762904ba65cd.jpg,242
landscape/lake/b5f45353f2e7bd92.jpg,242
landscape/lake/c5b9ff0502b34dc7.jpg,242
landscape/lake/c6fac87e188e90d2.jpg,242
landscape/lake/d10f3cdbf37ff710.jpg,242
landscape/lake/db91a2ed543c33a7.jpg,243
landscape/lake/e0071b5d319321d5.jpg,243
landscape/lake/e276e5799110512a.jpg,243
landscape/lake/ebf78708d9a7bfa8.jpg,243
landscape/lake/ec1ae658ac977b8a.jpg,243
landscape/lake/edcd80d166754c12.jpg,243
landscape/lake/fbb05dd4886b9410.jpg,243
landscape/lake/n03634034_1847.jpg,243
landscape/lake/n03634034_2188.jpg,243
landscape/lake/n03634034_2423.jpg,243
landscape/lake/n03634034_2582.jpg,243
landscape/lake/n03634034_2654.jpg,243
landscape/lake/n03634034_2801.jpg,243
landscape/lake/n03634034_390.jpg,243
landscape/lake/n03634034_3909.jpg,243
landscape/lake/n03634034_5584.jpg,243
landscape/lake/n03634034_5626.jpg,243
landscape/lake/n03634034_5967.jpg,243
landscape/lake/n03634034_5998.jpg,243
landscape/lake/n03634034_724.jpg,243
landscape/lake/n03634034_7346.jpg,244
landscape/lake/n03634034_7461.jpg,244
landscape/lake/n03634034_7614.jpg,244
landscape/lake/n03634034_7778.jpg,244
landscape/lake/n03634034_7799.jpg,244
landscape/lake/n03634034_7819.jpg,244
landscape/lake/n03634034_7874.jpg,244
landscape/lake/n03634034_7886.jpg,244
landscape/lake/sun_aafblbfkfftldfxp.jpg,244
landscape/lake/sun_aamfjaaldpjwzuma.jpg,244
landscape/lake/sun_aaquttcuxwjcswwz.jpg,244
landscape/lake/sun_acgqrysmhvkbzwyo.jpg,244
landscape/lake/sun_aermzsgymwllgwbp.jpg,244
landscape/lake/sun_aevfxnytbogyuawg.jpg,244
landscape/lake/sun_agdbqrwoyiuhkrcq.jpg,244
landscape/lake/sun_agqkmpgtfsykydsz.jpg,244
landscape/lake/sun_agqnaqaigkgpfvia.jpg,244
landscape/lake/sun_agsbtxwcxjmbhtqn.jpg,244
landscape/lake/sun_aimobdamklpnaqqd.jpg,244
landscape/lake/sun_aliffdbpuityevxn.jpg,244
landscape/lake/sun_alkjhlciyndwutgg.jpg,245
landscape/lake/sun_amsxxjxupzbpyfqc.jpg,245
landscape/lake/sun_amyfrjfsypqohzav.jpg,245
landscape/lake/sun_aniklgtqehhkmkze.jpg,245
landscape/lake/sun_annbelexqbhuwvxp.jpg,245
landscape/lake/sun_anpyjbrcltsmcmnj.jpg,245
landscape/lake/sun_anulfarlvylcbpok.jpg,245
landscape/lake/sun_anwqlrkgypvtxleo.jpg,245
landscape/lake/sun_anypncvcngxkbnfz.jpg,245
landscape/lake/sun_aoikosjowjxkztio.jpg,245
landscape/lake/sun_aoskolsljsnaxmsq.jpg,245
landscape/lake/sun_aovleumwusplcnph.jpg,245
landscape/lake/sun_aplvammjpaxzkfse.jpg,245
landscape/lake/sun_aprsgtcazbqqcmis.jpg,245
landscape/lake/sun_ardpcjdpfhimkpdv.jpg,245
landscape/lake/sun_arkltvatcgcorxwq.jpg,245
landscape/lake/sun_asjykgigfzcqfruu.jpg,245
landscape/lake/sun_augbwsnxnnytbbef.jpg,245
landscape/lake/sun_auhihtbsylsxsylt.jpg,245
landscape/lake/sun_avbdzkswapneahnf.jpg,245
landscape/lake/sun_avwymkuzpvjyhzsi.jpg,246
landscape/lake/sun_avyvuodyzgegylua.jpg,246
landscape/lake/sun_axbsstrjsiduwndr.jpg,246
landscape/lake/sun_ayulsueazkzcibcx.jpg,246
landscape/lake/sun_azgczltqhsuihlwx.jpg,246
landscape/lake/sun_azoppdlasvcwmmcb.jpg,246
landscape/lake/sun_azqgwqiysvufsbvt.jpg,246
landscape/lake/sun_azqthtbatlkavgcu.jpg,246
landscape/lake/sun_azzsqbbqkhgkidru.jpg,246
landscape/mangrove/n12345899_10156.jpg,246
landscape/mangrove/n12345899_10290.jpg,246
landscape/mangrove/n12345899_10794.jpg,246
landscape/mangrove/n12345899_11521.jpg,246
landscape/mangrove/n12345899_12758.jpg,246
landscape/mangrove/n12345899_12760.jpg,246
landscape/mangrove/n12345899_14027.jpg,246
landscape/mangrove/n12345899_15016.jpg,246
landscape/mangrove/n12345899_15631.jpg,246
landscape/mangrove/n12345899_16261.jpg,246
landscape/mangrove/n12345899_16717.jpg,246
landscape/mangrove/n12345899_17176.jpg,247
landscape/mangrove/n12345899_17348.jpg,247
landscape/mangrove/n12345899_18668.jpg,247
landscape/mangrove/n12345899_18938.jpg,247
landscape/mangrove/n12345899_1922.jpg,247
landscape/mangrove/n12345899_20133.jpg,247
landscape/mangrove/n12345899_2031.jpg,247
landscape/mangrove/n12345899_20312.jpg,247
landscape/mangrove/n12345899_2515.jpg,247
landscape/mangrove/n12345899_2525.jpg,247
landscape/mangrove/n12345899_35032.jpg,247
landscape/mangrove/n12345899_35112.jpg,247
landscape/mangrove/n12345899_35261.jpg,247
landscape/mangrove/n12345899_3577.jpg,247
landscape/mangrove/n12345899_5004.jpg,247
landscape/mangrove/n12345899_5116.jpg,247
landscape/mangrove/n12345899_5852.jpg,247
landscape/mangrove/n12345899_6053.jpg,247
landscape/mangrove/n12345899_6119.jpg,247
landscape/mangrove/n12345899_6334.jpg,247
landscape/mangrove/n12345899_6522.jpg,248
landscape/mangrove/n12345899_6568.jpg,248
landscape/mangrove/n12345899_7285.jpg,248
landscape/mangrove/n12345899_7590.jpg,248
landscape/mangrove/n12345899_7715.jpg,248
landscape/mangrove/n12345899_7731.jpg,248
landscape/mangrove/n12345899_9324.jpg,248
landscape/mangrove/n12345899_9393.jpg,248
landscape/mangrove/n12345899_9738.jpg,248
landscape/mangrove/n12345899_9894.jpg,248
landscape/moor/sun_afhmafwoarfodhar.jpg,248
landscape/moor/sun_awtxtsuiqihltaao.jpg,248
landscape/moor/sun_bkehzrazsqlpoues.jpg,248
landscape/moor/sun_bntcgmzpfvbsrugd.jpg,248
landscape/mountain/n09303008_18869.jpg,248
landscape/mountain/n09303008_19041.jpg,248
landscape/mountain/n09303008_19525.jpg,248
landscape/mountain/n09303008_20171.jpg,248
landscape/mountain/n09303008_20522.jpg,248
landscape/mountain/n09303008_20746.jpg,248
landscape/mountain/n09303008_21092.jpg,249
landscape/mountain/n09303008_21194.jpg,249
landscape/mountain/n09303008_21456.jpg,249
landscape/mountain/n09303008_22139.jpg,249
landscape/mountain/n09303008_22269.jpg,249
landscape/mountain/n09303008_22625.jpg,249
landscape/mountain/n09303008_23881.jpg,249
landscape/mountain/n09303008_24120.jpg,249
landscape/mountain/n09303008_26126.jpg,249
landscape/mountain/n09303008_27637.jpg,249
landscape/mountain/n09303008_27938.jpg,249
landscape/mountain/n09303008_28029.jpg,249
landscape/mountain/n09303008_28116.jpg,249
landscape/mountain/n09303008_29206.jpg,249
landscape/mountain/n09303008_29827.jpg,249
landscape/mountain/n09303008_30166.jpg,249
landscape/mountain/n09303008_30342.jpg,249
landscape/mountain/n09303008_31240.jpg,249
landscape/mountain/n09303008_32547.jpg,249
landscape/mountain/n09303008_33870.jpg,249
landscape/mountain/n09303008_33912.jpg,250
landscape/mountain/n09303008_34084.jpg,250
landscape/mountain/n09303008_920.jpg,250
landscape/mountain/n09359803_14054.jpg,250
landscape/mountain/n09359803_16454.jpg,250
landscape/mountain/n09359803_18304.jpg,250
landscape/mountain/n09359803_19326.jpg,250
landscape/mountain/n09359803_19376.jpg,250
landscape/mountain/n09359803_20697.jpg,250
landscape/mountain/n09359803_20911.jpg,250
landscape/mountain/n09359803_22217.jpg,250
landscape/mountain/n09359803_22507.jpg,250
landscape/mountain/n09359803_22547.jpg,250
landscape/mountain/n09359803_22579.jpg,250
landscape/mountain/n09359803_22815.jpg,250
landscape/mountain/n09359803_22853.jpg,250
landscape/mountain/n09359803_23069.jpg,250
landscape/mountain/n09359803_23220.jpg,250
landscape/mountain/n09359803_23901.jpg,250
landscape/mountain/n09359803_25012.jpg,250
landscape/mountain/n09359803_25365.jpg,251
landscape/mountain/n09359803_25458.jpg,251
landscape/mountain/n09359803_26554.jpg,251
landscape/mountain/n09359803_26561.jpg,251
landscape/mountain/n09359803_26838.jpg,251
landscape/mountain/n09359803_27560.jpg,251
landscape/mountain/n09359803_27594.jpg,251
landscape/mountain/n09359803_28021.jpg,251
landscape/mountain/n09359803_28106.jpg,251
landscape/mountain/n09359803_28260.jpg,251
landscape/mountain/n09359803_28381.jpg,251
landscape/mountain/n09359803_28999.jpg,251
landscape/mountain/n09359803_29018.jpg,251
landscape/mountain/n09359803_29193.jpg,251
landscape/mountain/n09359803_29305.jpg,251
landscape/mountain/n09359803_29562.jpg,251
landscape/mountain/n09359803_29578.jpg,251
landscape/mountain/n09359803_29863.jpg,251
landscape/mountain/n09359803_30807.jpg,251
landscape/mountain/n09359803_31154.jpg,251
landscape/mountain/n09359803_31886.jpg,252
landscape/mountain/n09359803_32774.jpg,252
landscape/mountain/n09359803_33089.jpg,252
landscape/mountain/n09359803_33544.jpg,252
landscape/mountain/n09359803_36040.jpg,252
landscape/mountain/n09359803_38300.jpg,252
landscape/mountain/n09359803_40561.jpg,252
landscape/mountain/n09359803_40625.jpg,252
landscape/mountain/n09359803_40945.jpg,252
landscape/mountain/n09359803_41173.jpg,252
landscape/mountain/n09359803_41403.jpg,252
landscape/mountain/n09359803_41463.jpg,252
landscape/mountain/n09359803_41575.jpg,252
landscape/mountain/n09359803_42072.jpg,252
landscape/mountain/n09359803_42246.jpg,252
landscape/mountain/n09359803_42313.jpg,252
landscape/mountain/n09359803_42842.jpg,252
landscape/mountain/n09359803_43167.jpg,252
landscape/mountain/n09359803_43384.jpg,252
landscape/mountain/n09359803_43782.jpg,252
landscape/mountain/n09359803_43846.jpg,253
landscape/mountain/n09359803_43991.jpg,253
landscape/mountain/n09359803_44106.jpg,253
landscape/mountain/n09359803_44389.jpg,253
landscape/mountain/n09359803_44619.jpg,253
landscape/mountain/n09359803_9166.jpg,253
landscape/pasture/n07801091_36388.jpg,253
landscape/pasture/n07801091_36428.jpg,253
landscape/pasture/n07801091_37014.jpg,253
landscape/pasture/n07801091_37685.jpg,253
landscape/pasture/n07801091_37705.jpg,253
landscape/pasture/n07801091_38101.jpg,253
landscape/pasture/n07801091_38331.jpg,253
landscape/pasture/n07801091_41884.jpg,253
landscape/pasture/n07801091_43670.jpg,253
landscape/pasture/n07801091_45230.jpg,253
landscape/pasture/n07801091_45891.jpg,253
landscape/pasture/n07801091_49081.jpg,253
landscape/pasture/n07801091_50222.jpg,253
landscape/pasture/n07801091_50536.jpg,253
landscape/pasture/n07801091_50877.jpg,254
landscape/pasture/n07801091_51542.jpg,254
landscape/pasture/n07801091_55107.jpg,254
landscape/pasture/n07801091_55837.jpg,254
landscape/pasture/n07801091_58513.jpg,254
landscape/pasture/n07801091_58521.jpg,254
landscape/pasture/n07801091_61600.jpg,254
landscape/pasture/n07801091_62259.jpg,254
landscape/pasture/n07801091_63223.jpg,254
landscape/pasture/n07801091_63322.jpg,254
landscape/pasture/n07801091_63360.jpg,254
landscape/pasture/n07801091_63866.jpg,254
landscape/pasture/n07801091_64844.jpg,254
landscape/pasture/n07801091_65173.jpg,254
landscape/pasture/n07801091_65686.jpg,254
landscape/pasture/n07801091_66147.jpg,254
landscape/pasture/n07801091_66989.jpg,254
landscape/pasture/sun_abnigvorwhcefgca.jpg,254
landscape/pasture/sun_achhwicfxehwlifa.jpg,254
landscape/pasture/sun_achtuarilwyqnvjx.jpg,254
landscape/pasture/sun_acrjprsyfggvkvim.jpg,255
landscape/pasture/sun_acttwlhpglvecxiy.jpg,255
landscape/pasture/sun_agojdaizrmfowfds.jpg,255
landscape/pasture/sun_agtzxvrrikttqpkw.jpg,255
landscape/pasture/sun_agyrrzpyfdihxnxw.jpg,255
landscape/pasture/sun_aixemvmqtgkfhgqj.jpg,255
landscape/pasture/sun_animnddtfoigbagw.jpg,255
landscape/pasture/sun_aobrdfggnifbqbhn.jpg,255
landscape/pasture/sun_aojptgnradlhzcmw.jpg,255
landscape/pasture/sun_apgmmjuifvxsrbuz.jpg,255
landscape/pasture/sun_aphjjmpfcgpkxrvq.jpg,255
landscape/pasture/sun_apsymvokvtzkmvvy.jpg,255
landscape/pasture/sun_aruigsdszusgsffm.jpg,255
landscape/pasture/sun_arusttoegilizoqz.jpg,255
landscape/pasture/sun_arygwafmipcfsweh.jpg,255
landscape/pasture/sun_atpbdrjmgotfoqbe.jpg,255
landscape/pasture/sun_atzflbqtkvlughxp.jpg,255
landscape/pasture/sun_auhghulmqnsysiyp.jpg,255
landscape/pasture/sun_avipgcjbbnedfqla.jpg,255
landscape/pasture/sun_awjqhmphorknpjcn.jpg,255
landscape/pasture/sun_ayaekrkszrutbauj.jpg,256
landscape/pasture/sun_bapxsulexojpepyd.jpg,256
landscape/pasture/sun_bdnhffttgbnjqrxj.jpg,256
landscape/pasture/sun_blfhgrehecmwbptm.jpg,256
landscape/pasture/sun_brstqndatwxkukya.jpg,256
landscape/pasture/sun_bujzmvmaktrcwuqg.jpg,256
landscape/pasture/sun_bzbsfohnoxeimmzi.jpg,256
landscape/plantation/00cffe5e669f340e.jpg,256
landscape/plantation/02208a6a6d4b110c.jpg,256
landscape/plantation/0a13e0401b30a8ab.jpg,256
landscape/plantation/11a5ab42ef7bc654.jpg,256
landscape/plantation/16557ffcb475ee5c.jpg,256
landscape/plantation/2534461df861856c.jpg,256
landscape/plantation/25bed79c007ca4ef.jpg,256
landscape/plantation/271e335e2a64b273.jpg,256
landscape/plantation/278e8a805970f410.jpg,256
landscape/plantation/28493888abaf73e4.jpg,256
landscape/plantation/2c0fb4cdbd9f1bf3.jpg,256
landscape/plantation/2e815e4330cb123d.jpg,256
landscape/plantation/2ee8e79229b5176f.jpg,256
landscape/plantation/2fd3eb1cc3d5d7d7.jpg,257
landscape/plantation/2fef5d6ff379638a.jpg,257
landscape/plantation/350b2117fd67fe32.jpg,257
landscape/plantation/3f66f34fb35fdb59.jpg,257
landscape/plantation/42daecc83058cdc9.jpg,257
landscape/plantation/45219608ce9955ac.jpg,257
landscape/plantation/462b79af7fb7cbaf.jpg,257
landscape/plantation/4767621f956b3d0c.jpg,257
landscape/plantation/48f14f79a9686d8c.jpg,257
landscape/plantation/4bf766d6039e7e27.jpg,257
landscape/plantation/57a8f443ab6e40a0.jpg,257
landscape/plantation/58d2be049bbcc797.jpg,257
landscape/plantation/5a247b7851af5b38.jpg,257
landscape/plantation/607f72b560affe61.jpg,257
landscape/plantation/66c6c454c46872d0.jpg,257
landscape/plantation/68f57951104d266e.jpg,257
landscape/plantation/69ccdf051c08d9e7.jpg,257
landscape/plantation/6a71ffc629306ddb.jpg,257
landscape/plantation/6abbfbf3c57e559a.jpg,257
landscape/plantation/6b607baa16b43197.jpg,257
landscape/plantation/6d717c219226d63d.jpg,258
landscape/plantation/741923ea73a03dcd.jpg,258
landscape/plantation/7ad6e1f3e4ad0d02.jpg,258
landscape/plantation/7bc77f7a206c721c.jpg,258
landscape/plantation/8368df58858084dd.jpg,258
landscape/plantation/855fea0c367153b4.jpg,258
landscape/plantation/87cd2486757696e5.jpg,258
landscape/plantation/87e1dc82001b9446.jpg,258
landscape/plantation/8e99579c6d59b4ea.jpg,258
landscape/plantation/92600fb00101ba52.jpg,258
landscape/plantation/95cddaef02ea78b0.jpg,258
landscape/plantation/a0d14ae5864c8735.jpg,258
landscape/plantation/a73d5ae43671e30c.jpg,258
landscape/plantation/ad4514d57db0f8cf.jpg,258
landscape/plantation/ae12eecf37416132.jpg,258
landscape/plantation/b05e042522cd4195.jpg,258
landscape/plantation/b48bc2725b5dabd4.jpg,258
landscape/plantation/b82c24637663e8fe.jpg,258
landscape/plantation/bab0c4f8e845c304.jpg,258
landscape/plantation/bc743d915bf7db9e.jpg,258
landscape/plantation/bdeddf90d587c363.jpg,259
landscape/plantation/bfb6e29e81965ac3.jpg,259
landscape/plantation/c325b519607e21dc.jpg,259
landscape/plantation/c3ad6481a0d00e50.jpg,259
landscape/plantation/c7ce1605bc84863c.jpg,259
landscape/plantation/c7d70655b9d3206f.jpg,259
landscape/plantation/cbfe8950e026a1e4.jpg,259
landscape/plantation/cc785801d5deda60.jpg,259
landscape/plantation/cf4c8d5bbc810923.jpg,259
landscape/plantation/d204c81c3d1040ba.jpg,259
landscape/plantation/d459ce6c1872157e.jpg,259
landscape/plantation/d4844275f480e5ce.jpg,259
landscape/plantation/de5b0bc50fb02f86.jpg,259
landscape/plantation/de8c1602324aa20a.jpg,259
landscape/plantation/ebc02c65e5ddfb0d.jpg,259
landscape/plantation/ec9a69a43724e57a.jpg,259
landscape/plantation/ed4ccd8a49df17f4.jpg,259
landscape/plantation/eeb542fae008dadf.jpg,259
landscape/plantation/eef37194bf91e872.jpg,259
landscape/plantation/f75ccf0bf9d264bf.jpg,259
landscape/plantation/f869549ef1bbc8a5.jpg,260
landscape/plantation/sun_adcctdabyxmhioeg.jpg,260
landscape/plantation/sun_afntjoiuzydrvnfm.jpg,260
landscape/plantation/sun_agfdrmftdzokxtnc.jpg,260
landscape/plantation/sun_ahtjqejfaqxbfvcn.jpg,260
landscape/plantation/sun_aicvecccjhfzcjnt.jpg,260
landscape/plantation/sun_aioxamlvtxhpnzzt.jpg,260
landscape/plantation/sun_ajruwqvmgkclbhgj.jpg,260
landscape/plantation/sun_akscftsonlgcygdr.jpg,260
landscape/plantation/sun_ampjnwubvqspkvul.jpg,260
landscape/plantation/sun_aokkqrsxsvimuubo.jpg,260
landscape/plantation/sun_aotjqpvjaukupppc.jpg,260
landscape/plantation/sun_apbpvrqbmgpebras.jpg,260
landscape/plantation/sun_apdbcyzwitltnzyz.jpg,260
landscape/plantation/sun_arhsuyqmegcknown.jpg,260
landscape/plantation/sun_auqcoxcgyzzillpg.jpg,260
landscape/plantation/sun_avqdgqfyskuhyqmr.jpg,260
landscape/plantation/sun_avzsmdjhuczsjesf.jpg,260
landscape/plantation/sun_axgmqwzfyslqksrt.jpg,260
landscape/plantation/sun_axkbfhmkopqemnsq.jpg,260
landscape/plantation/sun_axvnhjliovthmykr.jpg,261
landscape/plantation/sun_azygdhuijrbfollv.jpg,261
landscape/plantation/sun_bczwjohiabrbsydx.jpg,261
landscape/river/n09415671_10421.jpg,261
landscape/river/n09415671_10704.jpg,261
landscape/river/n09415671_10796.jpg,261
landscape/river/n09415671_10825.jpg,261
landscape/river/n09415671_11403.jpg,261
landscape/river/n09415671_11456.jpg,261
landscape/river/n09415671_11747.jpg,261
landscape/river/n09415671_1182.jpg,261
landscape/river/n09415671_12093.jpg,261
landscape/river/n09415671_12526.jpg,261
landscape/river/n09415671_1275.jpg,261
landscape/river/n09415671_13467.jpg,261
landscape/river/n09415671_13740.jpg,261
landscape/river/n09415671_14366.jpg,261
landscape/river/n09415671_14500.jpg,261
landscape/river/n09415671_14641.jpg,261
landscape/river/n09415671_14688.jpg,261
landscape/river/n09415671_15388.jpg,262
landscape/river/n09415671_15542.jpg,262
landscape/river/n09415671_15736.jpg,262
landscape/river/n09415671_15977.jpg,262
landscape/river/n09415671_16184.jpg,262
landscape/river/n09415671_16809.jpg,262
landscape/river/n09415671_17246.jpg,262
landscape/river/n09415671_17299.jpg,262
landscape/river/n09415671_17594.jpg,262
landscape/river/n09415671_17814.jpg,262
landscape/river/n09415671_18136.jpg,262
landscape/river/n09415671_18246.jpg,262
landscape/river/n09415671_18361.jpg,262
landscape/river/n09415671_1862.jpg,262
landscape/river/n09415671_18984.jpg,262
landscape/river/n09415671_19391.jpg,262
landscape/river/n09415671_19975.jpg,262
landscape/river/n09415671_20286.jpg,262
landscape/river/n09415671_21046.jpg,262
landscape/river/n09415671_2133.jpg,262
landscape/river/n09415671_22671.jpg,263
landscape/river/n09415671_23071.jpg,263
landscape/river/n09415671_23261.jpg,263
landscape/river/n09415671_23270.jpg,263
landscape/river/n09415671_2335.jpg,263
landscape/river/n09415671_2370.jpg,263
landscape/river/n09415671_2555.jpg,263
landscape/river/n09415671_384.jpg,263
landscape/river/n09415671_4032.jpg,263
landscape/river/n09415671_4038.jpg,263
landscape/river/n09415671_4557.jpg,263
landscape/river/n09415671_4661.jpg,263
landscape/river/n09415671_5306.jpg,263
landscape/river/n09415671_5317.jpg,263
landscape/river/n09415671_5470.jpg,263
landscape/river/n09415671_6172.jpg,263
landscape/river/n09415671_6202.jpg,263
landscape/river/n09415671_6312.jpg,263
landscape/river/n09415671_6406.jpg,263
landscape/river/n09415671_6622.jpg,263
landscape/river/n09415671_6814.jpg,264
landscape/river/n09415671_7674.jpg,264
landscape/river/n09415671_7683.jpg,264
landscape/river/n09415671_8062.jpg,264
landscape/river/n09415671_8179.jpg,264
landscape/river/n09415671_820.jpg,264
landscape/river/n09415671_8323.jpg,264
landscape/river/n09415671_8779.jpg,264
landscape/river/n09415671_9090.jpg,264
landscape/river/n09415671_9241.jpg,264
landscape/river/n09415671_9361.jpg,264
landscape/river/n09415671_9545.jpg,264
landscape/river/sun_aaflmulbtigwigtw.jpg,264
landscape/river/sun_aawrgbknzaichelh.jpg,264
landscape/river/sun_aayvvermcwqagzgf.jpg,264
landscape/river/sun_abyidesehxlvmzuc.jpg,264
landscape/river/sun_advruofhmqeyqmbx.jpg,264
landscape/river/sun_adzymisuwgypbmao.jpg,264
landscape/river/sun_aeqhdtefbgszpzug.jpg,264
landscape/river/sun_aesztpkgrxeusozn.jpg,264
landscape/river/sun_affakcmrcswctmoq.jpg,265
landscape/river/sun_afsvmhjhzfuawyox.jpg,265
landscape/river/sun_agqwpjyxhwnrmbhy.jpg,265
landscape/river/sun_ahmusbehnhtnvrlo.jpg,265
landscape/river/sun_ahnszpffynlympqu.jpg,265
landscape/river/sun_ajnwquklxhjymhnh.jpg,265
landscape/river/sun_ammlmcnlqojiatxv.jpg,265
landscape/river/sun_amooihhbpiuhzlcl.jpg,265
landscape/river/sun_angkfadyjildbcqh.jpg,265
landscape/river/sun_arrowezqnjworpxx.jpg,265
landscape/river/sun_aspvmwpnzvvxbbft.jpg,265
landscape/river/sun_atyxcoqqxqgneguy.jpg,265
landscape/river/sun_avzchymwhvikuljn.jpg,265
landscape/river/sun_awpobpjinrtgghxi.jpg,265
landscape/river/sun_axdytypgqeudktof.jpg,265
landscape/river/sun_ayvmorfrgjhonmqd.jpg,265
landscape/river/sun_azrlsucrzwyfscww.jpg,265
landscape/savanna/0fbaf2e2db331109.jpg,265
landscape/savanna/103210451eebd2f5.jpg,265
landscape/savanna/1220fa5cbeeaea92.jpg,265
landscape/savanna/128effcd5bc60e5e.jpg,266
landscape/savanna/1a87d5dd9aef60ac.jpg,266
landscape/savanna/1be24711b35392cb.jpg,266
landscape/savanna/1ca15ca38b387c26.jpg,266
landscape/savanna/27ffe9cef7625e56.jpg,266
landscape/savanna/29c331379d184362.jpg,266
landscape/savanna/2b6eb863d44d4527.jpg,266
landscape/savanna/32228339a01b0f4c.jpg,266
landscape/savanna/3b2d53e675f239cd.jpg,266
landscape/savanna/3bc41b56e0708aec.jpg,266
landscape/savanna/48b4b23fb49e4cff.jpg,266
landscape/savanna/4d2286a9e457882b.jpg,266
landscape/savanna/4d38e47c9c74abb5.jpg,266
landscape/savanna/4f2ffae85d9ce07b.jpg,266
landscape/savanna/5540b1af6082d5e4.jpg,266
landscape/savanna/5ddb40615b3a538e.jpg,266
landscape/savanna/607fc30becccf762.jpg,266
landscape/savanna/69e8bba972867f96.jpg,266
landscape/savanna/7d4174788e63d65a.jpg,266
landscape/savanna/82670f93cd2dc68e.jpg,266
landscape/savanna/94cb6dc3b5293417.jpg,267
landscape/savanna/94ea5b64098dc7b3.jpg,267
landscape/savanna/9953f505d2d420da.jpg,267
landscape/savanna/99bcf6128cb5d909.jpg,267
landscape/savanna/9edfd68054226fc1.jpg,267
landscape/savanna/a4ec78bc93d37104.jpg,267
landscape/savanna/a5d3b7d5ae1f1cac.jpg,267
landscape/savanna/a64f5a1102622573.jpg,267
landscape/savanna/af398033fcc3c41d.jpg,267
landscape/savanna/bde334346ad9a99a.jpg,267
landscape/savanna/c2cf779148d8142f.jpg,267
landscape/savanna/cc2e862c89a4f45f.jpg,267
landscape/savanna/d01f571534b26568.jpg,267
landscape/savanna/d24a3c9f1ee2c89f.jpg,267
landscape/savanna/def4db8f3fd6c7da.jpg,267
landscape/savanna/e02a4720aa913ac8.jpg,267
landscape/savanna/e2fc18d1ca1800c0.jpg,267
landscape/savanna/e8854814ca821f95.jpg,267
landscape/savanna/f0bb0e12e0b58962.jpg,267
landscape/savanna/f0dc35cfaad9d472.jpg,267
landscape/savanna/f289e75ca547ea1a.jpg,268
landscape/savanna/f2c8fdf66d47e4c7.jpg,268
landscape/savanna/f923fd734ad6a56a.jpg,268
landscape/savanna/sun_affghkaeecrxnupq.jpg,268
landscape/savanna/sun_aqbpztfbkpkfbxqx.jpg,268
landscape/savanna/sun_azmnsxrpcylcebsm.jpg,268
landscape/sea/n09376198_10146.jpg,268
landscape/sea/n09376198_10640.jpg,268
landscape/sea/n09376198_10845.jpg,268
landscape/sea/n09376198_10901.jpg,268
landscape/sea/n09376198_11171.jpg,268
landscape/sea/n09376198_11360.jpg,268
landscape/sea/n09376198_12294.jpg,268
landscape/sea/n09376198_12692.jpg,268
landscape/sea/n09376198_13588.jpg,268
landscape/sea/n09376198_13928.jpg,268
landscape/sea/n09376198_1396.jpg,268
landscape/sea/n09376198_14485.jpg,268
landscape/sea/n09376198_14571.jpg,268
landscape/sea/n09376198_15308.jpg,268
landscape/sea/n09376198_15319.jpg,269
landscape/sea/n09376198_15467.jpg,269
landscape/sea/n09376198_15858.jpg,269
landscape/sea/n09376198_16065.jpg,269
landscape/sea/n09376198_16253.jpg,269
landscape/sea/n09376198_16513.jpg,269
landscape/sea/n09376198_16757.jpg,269
landscape/sea/n09376198_17428.jpg,269
landscape/sea/n09376198_178.jpg,269
landscape/sea/n09376198_18482.jpg,269
landscape/sea/n09376198_18827.jpg,269
landscape/sea/n09376198_19021.jpg,269
landscape/sea/n09376198_19190.jpg,269
landscape/sea/n09376198_19264.jpg,269
landscape/sea/n09376198_19423.jpg,269
landscape/sea/n09376198_19547.jpg,269
landscape/sea/n09376198_19552.jpg,269
landscape/sea/n09376198_19558.jpg,269
landscape/sea/n09376198_19782.jpg,269
landscape/sea/n09376198_19981.jpg,269
landscape/sea/n09376198_20029.jpg,270
landscape/sea/n09376198_20394.jpg,270
landscape/sea/n09376198_20395.jpg,270
landscape/sea/n09376198_20425.jpg,270
landscape/sea/n09376198_20436.jpg,270
landscape/sea/n09376198_20956.jpg,270
landscape/sea/n09376198_21118.jpg,270
landscape/sea/n09376198_21174.jpg,270
landscape/sea/n09376198_21192.jpg,270
landscape/sea/n09376198_21260.jpg,270
landscape/sea/n09376198_21281.jpg,270
landscape/sea/n09376198_21338.jpg,270
landscape/sea/n09376198_21383.jpg,270
landscape/sea/n09376198_21539.jpg,270
landscape/sea/n09376198_21567.jpg,270
landscape/sea/n09376198_21630.jpg,270
landscape/sea/n09376198_22026.jpg,270
landscape/sea/n09376198_22167.jpg,270
landscape/sea/n09376198_22369.jpg,270
landscape/sea/n09376198_22377.jpg,270
landscape/sea/n09376198_22448.jpg,271
landscape/sea/n09376198_22644.jpg,271
landscape/sea/n09376198_22707.jpg,271
landscape/sea/n09376198_22948.jpg,271
landscape/sea/n09376198_26839.jpg,271
landscape/sea/n09376198_2958.jpg,271
landscape/sea/n09376198_3096.jpg,271
landscape/sea/n09376198_3149.jpg,271
landscape/sea/n09376198_32430.jpg,271
landscape/sea/n09376198_34266.jpg,271
landscape/sea/n09376198_34637.jpg,271
landscape/sea/n09376198_35698.jpg,271
landscape/sea/n09376198_39046.jpg,271
landscape/sea/n09376198_39749.jpg,271
landscape/sea/n09376198_4578.jpg,271
landscape/sea/n09376198_5120.jpg,271
landscape/sea/n09376198_5439.jpg,271
landscape/sea/n09376198_5884.jpg,271
landscape/sea/n09376198_6163.jpg,271
landscape/sea/n09376198_6338.jpg,271
landscape/sea/n09376198_7248.jpg,272
landscape/sea/n09376198_7849.jpg,272
landscape/sea/n09376198_8264.jpg,272
landscape/sea/n09376198_9191.jpg,272
landscape/sea/n09376198_9273.jpg,272
landscape/sea/n09376198_9918.jpg,272
landscape/shore/n09217230_10187.jpg,272
landscape/shore/n09217230_1085.jpg,272
landscape/shore/n09217230_11848.jpg,272
landscape/shore/n09217230_1761.jpg,272
landscape/shore/n09217230_2326.jpg,272
landscape/shore/n09217230_2449.jpg,272
landscape/shore/n09217230_2843.jpg,272
landscape/shore/n09217230_3790.jpg,272
landscape/shore/n09217230_3880.jpg,272
landscape/shore/n09217230_3956.jpg,272
landscape/shore/n09217230_4020.jpg,272
landscape/shore/n09217230_4030.jpg,272
landscape/shore/n09217230_4382.jpg,272
landscape/shore/n09217230_469.jpg,272
landscape/shore/n09217230_4829.jpg,273
landscape/shore/n09217230_5502.jpg,273
landscape/shore/n09217230_6082.jpg,273
landscape/shore/n09217230_6184.jpg,273
landscape/shore/n09217230_6883.jpg,273
landscape/shore/n09217230_702.jpg,273
landscape/shore/n09217230_7993.jpg,273
landscape/shore/n09217230_815.jpg,273
landscape/shore/n09217230_8235.jpg,273
landscape/shore/n09217230_8385.jpg,273
landscape/shore/n09217230_9181.jpg,273
landscape/shore/n09217230_9267.jpg,273
landscape/shore/n09217230_9549.jpg,273
landscape/shore/n09421951_10070.jpg,273
landscape/shore/n09421951_10110.jpg,273
landscape/shore/n09421951_10569.jpg,273
landscape/shore/n09421951_10886.jpg,273
landscape/shore/n09421951_10974.jpg,273
landscape/shore/n09421951_11041.jpg,273
landscape/shore/n09421951_11091.jpg,273
landscape/shore/n09421951_11154.jpg,274
landscape/shore/n09421951_11329.jpg,274
landscape/shore/n09421951_11637.jpg,274
landscape/shore/n09421951_11867.jpg,274
landscape/shore/n09421951_12169.jpg,274
landscape/shore/n09421951_12490.jpg,274
landscape/shore/n09421951_12946.jpg,274
landscape/shore/n09421951_13036.jpg,274
landscape/shore/n09421951_13122.jpg,274
landscape/shore/n09421951_14335.jpg,274
landscape/shore/n09421951_1478.jpg,274
landscape/shore/n09421951_1517.jpg,274
landscape/shore/n09421951_16577.jpg,274
landscape/shore/n09421951_16876.jpg,274
landscape/shore/n09421951_16936.jpg,274
landscape/shore/n09421951_18936.jpg,274
landscape/shore/n09421951_19955.jpg,274
landscape/shore/n09421951_22443.jpg,274
landscape/shore/n09421951_24316.jpg,274
landscape/shore/n09421951_25160.jpg,274
landscape/shore/n09421951_32540.jpg,275
landscape/shore/n09421951_34496.jpg,275
landscape/shore/n09421951_5438.jpg,275
landscape/shore/n09421951_6821.jpg,275
landscape/shore/n09421951_8175.jpg,275
landscape/shore/n09421951_9201.jpg,275
landscape/shore/n09421951_9815.jpg,275
landscape/shore/n09421951_9868.jpg,275
landscape/shore/n09428293_11949.jpg,275
landscape/shore/n09428293_16245.jpg,275
landscape/shore/n09428293_16948.jpg,275
landscape/shore/n09428293_17140.jpg,275
landscape/shore/n09428293_18874.jpg,275
landscape/shore/n09428293_22476.jpg,275
landscape/shore/n09428293_22601.jpg,275
landscape/shore/n09428293_23069.jpg,275
landscape/shore/n09428293_2560.jpg,275
landscape/shore/n09428293_2791.jpg,275
landscape/shore/n09428293_28986.jpg,275
landscape/shore/n09428293_29070.jpg,275
landscape/shore/n09428293_31902.jpg,276
landscape/shore/n09428293_3297.jpg,276
landscape/shore/n09428293_3364.jpg,276
landscape/shore/n09428293_36393.jpg,276
landscape/shore/n09428293_36611.jpg,276
landscape/shore/n09428293_39006.jpg,276
landscape/shore/n09428293_39677.jpg,276
landscape/shore/n09428293_39748.jpg,276
landscape/shore/n09428293_42334.jpg,276
landscape/shore/n09428293_42620.jpg,276
landscape/shore/n09428293_45308.jpg,276
landscape/shore/n09428293_46696.jpg,276
landscape/shore/n09428293_47263.jpg,276
landscape/shore/n09428293_48339.jpg,276
landscape/shore/n09428293_48813.jpg,276
landscape/shore/n09428293_5897.jpg,276
landscape/shore/n09428293_5995.jpg,276
landscape/shore/n09428293_6924.jpg,276
landscape/shore/n09428293_8630.jpg,276
landscape/snowscape/05fc797747b43738.jpg,276
landscape/snowscape/0ce0499b7f00cb0e.jpg,277
landscape/snowscape/19f5c3b3a490beff.jpg,277
landscape/snowscape/2f6ce20f6f244efe.jpg,277
landscape/snowscape/3586e65570d0d5d0.jpg,277
landscape/snowscape/4bec8df46cf13743.jpg,277
landscape/snowscape/4d8d416b795f90cc.jpg,277
landscape/snowscape/4fc1bb40ea85f55f.jpg,277
landscape/snowscape/55d0a0c0726ac856.jpg,277
landscape/snowscape/64153332024189ae.jpg,277
landscape/snowscape/71cc96ab89df1c70.jpg,277
landscape/snowscape/71ce7459bc05596d.jpg,277
landscape/snowscape/781c958107e86dcb.jpg,277
landscape/snowscape/7aeecee8b9b7264c.jpg,277
landscape/snowscape/806fa9b58d39f10e.jpg,277
landscape/snowscape/8880c064ecd79e96.jpg,277
landscape/snowscape/89053529c35762a7.jpg,277
landscape/snowscape/8bd2659c2ac5b9d5.jpg,277
landscape/snowscape/8f8a5518eb347887.jpg,277
landscape/snowscape/935128a44d4c1dd7.jpg,277
landscape/snowscape/9e5cecaecfb75373.jpg,277
landscape/snowscape/a6fe554f214c9f6d.jpg,278
landscape/snowscape/a8d0951911af67f8.jpg,278
landscape/snowscape/ac879fc4fd66b750.jpg,278
landscape/snowscape/afac9fee5ef5f397.jpg,278
landscape/snowscape/b824501af079ad43.jpg,278
landscape/snowscape/bde032dcf7d9ef26.jpg,278
landscape/snowscape/c1a866badf03b36b.jpg,278
landscape/snowscape/cbc706734e8e11cf.jpg,278
landscape/snowscape/df1a1069546aaebe.jpg,278
landscape/snowscape/ee54fa153e633643.jpg,278
landscape/snowscape/sun_abaavqlfhfgrtrmp.jpg,278
landscape/snowscape/sun_abdqfmnccfyuqsjh.jpg,278
landscape/snowscape/sun_acecbesdnsqijtva.jpg,278
landscape/snowscape/sun_acpxaistqyimycdc.jpg,278
landscape/snowscape/sun_adykjroazbibmkha.jpg,278
landscape/snowscape/sun_adzygjwtekacvdto.jpg,278
landscape/snowscape/sun_afopyurpnywisbmw.jpg,278
landscape/snowscape/sun_agadveshuygeffkr.jpg,278
landscape/snowscape/sun_ahxzmmzdtjzohvyj.jpg,278
landscape/snowscape/sun_alynwiithdespexf.jpg,278
landscape/snowscape/sun_aoyxvextaeonmyll.jpg,279
landscape/snowscape/sun_apegpjzinrnvstub.jpg,279
landscape/snowscape/sun_aqwjbpirzjyacvtj.jpg,279
landscape/snowscape/sun_areyvdkepydnktvx.jpg,279
landscape/snowscape/sun_aukiwgmfpeqonurb.jpg,279
landscape/snowscape/sun_auyawxqigfkfzqic.jpg,279
landscape/snowscape/sun_ayrqfcydyciyvrla.jpg,279
landscape/tundra/350146445a1383f8.jpg,279
landscape/tundra/39d1ce9574b2df8f.jpg,279
landscape/tundra/84a6fdae233656a5.jpg,279
landscape/tundra/89752c9eaf281151.jpg,279
landscape/tundra/bb4f781adbf5b2d0.jpg,279
landscape/tundra/c7b48e1905d50d55.jpg,279
landscape/tundra/db62ab391029b2af.jpg,279
landscape/tundra/db80f3b3f678bc15.jpg,279
landscape/tundra/de4baf73e70f9556.jpg,279
landscape/tundra/sun_acjgmeycvyfhcccn.jpg,279
landscape/tundra/sun_andjgmkvgepklowz.jpg,279
landscape/tundra/sun_anxrlsxtawqfsams.jpg,279
landscape/tundra/sun_avauwsvpzzujahyj.jpg,279
landscape/tundra/sun_aysvauwwrhbjujnn.jpg,280
landscape/valley/n09468604_10320.jpg,280
landscape/valley/n09468604_10646.jpg,280
landscape/valley/n09468604_11173.jpg,280
landscape/valley/n09468604_11652.jpg,280
landscape/valley/n09468604_12333.jpg,280
landscape/valley/n09468604_13099.jpg,280
landscape/valley/n09468604_14047.jpg,280
landscape/valley/n09468604_15022.jpg,280
landscape/valley/n09468604_15189.jpg,280
landscape/valley/n09468604_15562.jpg,280
landscape/valley/n09468604_15592.jpg,280
landscape/valley/n09468604_15728.jpg,280
landscape/valley/n09468604_15732.jpg,280
landscape/valley/n09468604_1698.jpg,280
landscape/valley/n09468604_17442.jpg,280
landscape/valley/n09468604_18394.jpg,280
landscape/valley/n09468604_18462.jpg,280
landscape/valley/n09468604_18467.jpg,280
landscape/valley/n09468604_18802.jpg,280
landscape/valley/n09468604_18945.jpg,281
landscape/valley/n09468604_21841.jpg,281
landscape/valley/n09468604_22268.jpg,281
landscape/valley/n09468604_22272.jpg,281
landscape/valley/n09468604_22643.jpg,281
landscape/valley/n09468604_22958.jpg,281
landscape/valley/n09468604_23170.jpg,281
landscape/valley/n09468604_23201.jpg,281
landscape/valley/n09468604_23209.jpg,281
landscape/valley/n09468604_23607.jpg,281
landscape/valley/n09468604_25264.jpg,281
landscape/valley/n09468604_25273.jpg,281
landscape/valley/n09468604_25432.jpg,281
landscape/valley/n09468604_25771.jpg,281
landscape/valley/n09468604_26256.jpg,281
landscape/valley/n09468604_26361.jpg,281
landscape/valley/n09468604_2749.jpg,281
landscape/valley/n09468604_27551.jpg,281
landscape/valley/n09468604_28705.jpg,281
landscape/valley/n09468604_28822.jpg,281
landscape/valley/n09468604_29491.jpg,282
landscape/valley/n09468604_30970.jpg,282
landscape/valley/n09468604_31008.jpg,282
landscape/valley/n09468604_31670.jpg,282
landscape/valley/n09468604_37803.jpg,282
landscape/valley/n09468604_37892.jpg,282
landscape/valley/n09468604_40668.jpg,282
landscape/valley/n09468604_40956.jpg,282
landscape/valley/n09468604_41325.jpg,282
landscape/valley/n09468604_42258.jpg,282
landscape/valley/n09468604_43204.jpg,282
landscape/valley/n09468604_44686.jpg,282
landscape/valley/n09468604_44919.jpg,282
landscape/valley/n09468604_45655.jpg,282
landscape/valley/n09468604_45739.jpg,282
landscape/valley/n09468604_46566.jpg,282
landscape/valley/n09468604_47076.jpg,282
landscape/valley/n09468604_4718.jpg,282
landscape/valley/n09468604_47447.jpg,282
landscape/valley/n09468604_47515.jpg,282
landscape/valley/n09468604_48585.jpg,283
landscape/valley/n09468604_48588.jpg,283
landscape/valley/n09468604_51222.jpg,283
landscape/valley/n09468604_51684.jpg,283
landscape/valley/n09468604_51842.jpg,283
landscape/valley/n09468604_51925.jpg,283
landscape/valley/n09468604_52089.jpg,283
landscape/valley/n09468604_52463.jpg,283
landscape/valley/n09468604_53301.jpg,283
landscape/valley/n09468604_54577.jpg,283
landscape/valley/n09468604_55932.jpg,283
landscape/valley/n09468604_56818.jpg,283
landscape/valley/n09468604_56838.jpg,283
landscape/valley/n09468604_57181.jpg,283
landscape/valley/n09468604_57366.jpg,283
landscape/valley/n09468604_57440.jpg,283
landscape/valley/n09468604_57462.jpg,283
landscape/valley/n09468604_57854.jpg,283
landscape/valley/n09468604_58023.jpg,283
landscape/valley/n09468604_58663.jpg,283
landscape/valley/n09468604_58752.jpg,284
landscape/valley/n09468604_58896.jpg,284
landscape/valley/n09468604_5936.jpg,284
landscape/valley/n09468604_61717.jpg,284
landscape/valley/n09468604_67249.jpg,284
landscape/valley/n09468604_6877.jpg,284
landscape/valley/n09468604_71480.jpg,284
landscape/valley/n09468604_7536.jpg,284
landscape/valley/n09468604_7588.jpg,284
landscape/valley/n09468604_77948.jpg,284
landscape/valley/n09468604_8336.jpg,284
landscape/valley/n09468604_84812.jpg,284
landscape/valley/n09468604_86524.jpg,284
landscape/valley/n09468604_86976.jpg,284
landscape/valley/n09468604_88070.jpg,284
landscape/valley/n09468604_8862.jpg,284
landscape/valley/n09468604_89593.jpg,284
landscape/valley/n09468604_9047.jpg,284
landscape/valley/n09468604_936.jpg,284
landscape/valley/n09468604_995.jpg,284
landscape/volcano/n09472597_110.jpg,285
landscape/volcano/n09472597_11258.jpg,285
landscape/volcano/n09472597_11576.jpg,285
landscape/volcano/n09472597_13289.jpg,285
landscape/volcano/n09472597_13841.jpg,285
landscape/volcano/n09472597_13955.jpg,285
landscape/volcano/n09472597_1402.jpg,285
landscape/volcano/n09472597_14293.jpg,285
landscape/volcano/n09472597_14301.jpg,285
landscape/volcano/n09472597_1451.jpg,285
landscape/volcano/n09472597_14703.jpg,285
landscape/volcano/n09472597_14890.jpg,285
landscape/volcano/n09472597_15189.jpg,285
landscape/volcano/n09472597_15575.jpg,285
landscape/volcano/n09472597_15965.jpg,285
landscape/volcano/n09472597_16372.jpg,285
landscape/volcano/n09472597_18060.jpg,285
landscape/volcano/n09472597_19101.jpg,285
landscape/volcano/n09472597_20789.jpg,285
landscape/volcano/n09472597_20993.jpg,285
landscape/volcano/n09472597_21205.jpg,286
landscape/volcano/n09472597_21426.jpg,286
landscape/volcano/n09472597_21598.jpg,286
landscape/volcano/n09472597_22017.jpg,286
landscape/volcano/n09472597_22187.jpg,286
landscape/volcano/n09472597_22636.jpg,286
landscape/volcano/n09472597_22750.jpg,286
landscape/volcano/n09472597_22784.jpg,286
landscape/volcano/n09472597_22931.jpg,286
landscape/volcano/n09472597_23094.jpg,286
landscape/volcano/n09472597_23273.jpg,286
landscape/volcano/n09472597_25917.jpg,286
landscape/volcano/n09472597_26604.jpg,286
landscape/volcano/n09472597_28483.jpg,286
landscape/volcano/n09472597_28880.jpg,286
landscape/volcano/n09472597_29182.jpg,286
landscape/volcano/n09472597_29254.jpg,286
landscape/volcano/n09472597_29474.jpg,286
landscape/volcano/n09472597_29583.jpg,286
landscape/volcano/n09472597_29635.jpg,286
landscape/volcano/n09472597_30060.jpg,287
landscape/volcano/n09472597_30936.jpg,287
landscape/volcano/n09472597_31092.jpg,287
landscape/volcano/n09472597_31129.jpg,287
landscape/volcano/n09472597_31535.jpg,287
landscape/volcano/n09472597_32202.jpg,287
landscape/volcano/n09472597_32918.jpg,287
landscape/volcano/n09472597_33013.jpg,287
landscape/volcano/n09472597_3365.jpg,287
landscape/volcano/n09472597_33772.jpg,287
landscape/volcano/n09472597_33908.jpg,287
landscape/volcano/n09472597_34625.jpg,287
landscape/volcano/n09472597_34952.jpg,287
landscape/volcano/n09472597_35837.jpg,287
landscape/volcano/n09472597_36813.jpg,287
landscape/volcano/n09472597_39958.jpg,287
landscape/volcano/n09472597_40484.jpg,287
landscape/volcano/n09472597_40572.jpg,287
landscape/volcano/n09472597_4395.jpg,287
landscape/volcano/n09472597_446.jpg,287
landscape/volcano/n09472597_4600.jpg,288
landscape/volcano/n09472597_4661.jpg,288
landscape/volcano/n09472597_4882.jpg,288
landscape/volcano/n09472597_49039.jpg,288
landscape/volcano/n09472597_4921.jpg,288
landscape/volcano/n09472597_495.jpg,288
landscape/volcano/n09472597_51341.jpg,288
landscape/volcano/n09472597_52504.jpg,288
landscape/volcano/n09472597_52918.jpg,288
landscape/volcano/n09472597_57437.jpg,288
landscape/volcano/n09472597_8510.jpg,288
landscape/volcano/n09472597_8828.jpg,288
landscape/volcano/n09472597_9059.jpg,288
landscape/waterfall/sun_aajijsiddvaqjsct.jpg,288
landscape/waterfall/sun_aasvwavwelwxbdwa.jpg,288
landscape/waterfall/sun_aazndklnazhmuylc.jpg,288
landscape/waterfall/sun_aazwxarwchtbkpuq.jpg,288
landscape/waterfall/sun_abuwqcofbenlwulz.jpg,288
landscape/waterfall/sun_abyqjaauygibkhrj.jpg,288
landscape/waterfall/sun_acmlcxobalurtcmq.jpg,288
landscape/waterfall/sun_actmttqigwnqffqy.jpg,289
landscape/waterfall/sun_acvfzparkonwhuzc.jpg,289
landscape/waterfall/sun_addjezlmejyekcyx.jpg,289
landscape/waterfall/sun_adgraqjkdvtsdonf.jpg,289
landscape/waterfall/sun_adnvqdckimyapvud.jpg,289
landscape/waterfall/sun_aecefabfvaewllpg.jpg,289
landscape/waterfall/sun_aedgmxjwesqbepdt.jpg,289
landscape/waterfall/sun_aeeghadhhuojbxox.jpg,289
landscape/waterfall/sun_aeqvxsrjzbspqkaf.jpg,289
landscape/waterfall/sun_aftivwxsckmpeers.jpg,289
landscape/waterfall/sun_agaqfmzbvvklorsd.jpg,289
landscape/waterfall/sun_agewmeasxmzncpsq.jpg,289
landscape/waterfall/sun_aggfowjpvviyezvb.jpg,289
landscape/waterfall/sun_agmklurggoatzncs.jpg,289
landscape/waterfall/sun_ahtmadjqgksjnnnb.jpg,289
landscape/waterfall/sun_ahtyqauxfdffljjd.jpg,289
landscape/waterfall/sun_ahtyrtpnrhzwuqfj.jpg,289
landscape/waterfall/sun_airsqilzdpyaobsx.jpg,289
landscape/waterfall/sun_ajaqcrkgltsnneau.jpg,289
landscape/waterfall/sun_ajwqxxwrgdohmnpv.jpg,289
landscape/waterfall/sun_akihhfvylreuhukq.jpg,290
landscape/waterfall/sun_akjcpujabvbrcdxl.jpg,290
landscape/waterfall/sun_akucsyjeserxgfrm.jpg,290
landscape/waterfall/sun_akunqvyxlnqigojo.jpg,290
landscape/waterfall/sun_akvekvlcibmjxdeu.jpg,290
landscape/waterfall/sun_albhdrmnbnbrgpak.jpg,290
landscape/waterfall/sun_alheovotlhwqzvmo.jpg,290
landscape/waterfall/sun_alkqpiswgzkpmocc.jpg,290
landscape/waterfall/sun_amevzodkyjpljcde.jpg,290
landscape/waterfall/sun_amplwdrwrticntps.jpg,290
landscape/waterfall/sun_andvaoamnpthswld.jpg,290
landscape/waterfall/sun_anlbtbdfjkxivzbt.jpg,290
landscape/waterfall/sun_anovxjalxvtgcqhf.jpg,290
landscape/waterfall/sun_aojesriwyfxrcrqz.jpg,290
landscape/waterfall/sun_apeqefglcpzjswde.jpg,290
landscape/waterfall/sun_aqznudiptidvajwc.jpg,290
landscape/waterfall/sun_arauaqcrycofkrba.jpg,290
landscape/waterfall/sun_arvvnrldsfofvylu.jpg,290
landscape/waterfall/sun_atmvwojclncleuqd.jpg,290
landscape/waterfall/sun_atvyhoadqoyeglex.jpg,290
landscape/waterfall/sun_audjilpcqqrkmxbf.jpg,291
landscape/waterfall/sun_auibkfkgntzgyhsd.jpg,291
landscape/waterfall/sun_aumsgcclasofxhyw.jpg,291
landscape/waterfall/sun_auxrumamawazfvvs.jpg,291
landscape/waterfall/sun_avcjcyscceyddzzd.jpg,291
landscape/waterfall/sun_avdpvygwmitpiwrm.jpg,291
landscape/waterfall/sun_avpexjhzihunffty.jpg,291
landscape/waterfall/sun_awnnsozooaiewjxw.jpg,291
landscape/waterfall/sun_awqkzvocqtajvsli.jpg,291
landscape/waterfall/sun_awtsuxtgcspyztsx.jpg,291
landscape/waterfall/sun_axxjygafsnvkcpym.jpg,291
landscape/waterfall/sun_aydqgtfzqiiuyrmb.jpg,291
landscape/waterfall/sun_aypbpudtxzlyicjr.jpg,291
landscape/waterfall/sun_ayyuirpvrzyeopqo.jpg,291
landscape/waterfall/sun_bazytsvxsjidkupr.jpg,291
landscape/waterfall/sun_bbgflftewjdxxhmu.jpg,291
landscape/waterfall/sun_bbvrdmjbnzoaqrmp.jpg,291
landscape/waterfall/sun_bcmjtztrnvkxftye.jpg,291
landscape/waterfall/sun_bdeatbjcovyqdrti.jpg,291
landscape/waterfall/sun_becpynhazdxerqrj.jpg,291
landscape/waterfall/sun_bejnrezcpbzinzmr.jpg,292
landscape/waterfall/sun_beymsjkywdwqictt.jpg,292
landscape/waterfall/sun_bfrnorowythmltyj.jpg,292
landscape/waterfall/sun_bgocxehekzvnlsmo.jpg,292
landscape/waterfall/sun_bhgztvzeacqqrcyh.jpg,292
landscape/waterfall/sun_bipgztcpmnipshid.jpg,292
landscape/waterfall/sun_bkkyikcgcicqwrqk.jpg,292
landscape/waterfall/sun_blrcuczqoxmuvmqc.jpg,292
landscape/waterfall/sun_bmeoepnvypisrelk.jpg,292
landscape/waterfall/sun_bmttjuwgtvkkmovh.jpg,292
landscape/waterfall/sun_bngquulvvnytlqxq.jpg,292
landscape/waterfall/sun_bobxnovrewlskesl.jpg,292
landscape/waterfall/sun_bokvembtqtkcwikw.jpg,292
landscape/waterfall/sun_bqelvuvltjlgitmp.jpg,292
landscape/waterfall/sun_bqgrxjafdmczsueo.jpg,292
landscape/waterfall/sun_brwngbfhqycrxaiz.jpg,292
landscape/waterfall/sun_bsncxbgeurpzwnse.jpg,292
landscape/waterfall/sun_bsssizmsssfovgzv.jpg,292
landscape/waterfall/sun_btpaxygvjiqfrsvs.jpg,292
landscape/waterfall/sun_btyesquxyytxifkc.jpg,292
landscape/waterfall/sun_bvddjjmcndtwniwl.jpg,293
landscape/waterfall/sun_bwflhqodufjekfoa.jpg,293
landscape/waterfall/sun_bwjptyrbcymryhyn.jpg,293
landscape/waterfall/sun_bwxnzldrpyvierjp.jpg,293
landscape/waterfall/sun_bxbqnskmvvidhmcj.jpg,293
landscape/waterfall/sun_bxelgxxcofiqeurd.jpg,293
landscape/waterfall/sun_bxjeqetmyxsetmyi.jpg,293
landscape/waterfall/sun_bxjmpjepauubqdrc.jpg,293
landscape/waterfall/sun_bxrkvfrtmlxesplx.jpg,293
landscape/waterfall/sun_bxuwroiqjgtzcnhr.jpg,293
landscape/waterfall/sun_bzmowxxstqyyqvns.jpg,293
landscape/wetland/05e4305292b40a61.jpg,293
landscape/wetland/06ffee7f6da90b3e.jpg,293
landscape/wetland/0889dee78d3bb0ea.jpg,293
landscape/wetland/0a86f8a861301669.jpg,293
landscape/wetland/0b783ffdb85acb7a.jpg,293
landscape/wetland/0e8bb816c0cb5fbe.jpg,293
landscape/wetland/10168e958c23e5e4.jpg,293
landscape/wetland/11780aff4017e22b.jpg,293
landscape/wetland/11d770e6c7694662.jpg,293
landscape/wetland/13d000847e2aac34.jpg,294
landscape/wetland/15268687891e8808.jpg,294
landscape/wetland/15a2add6831c1e7b.jpg,294
landscape/wetland/17f134afeb63a40f.jpg,294
landscape/wetland/1bfb3ebf75e62257.jpg,294
landscape/wetland/245ccf6cf1d92449.jpg,294
landscape/wetland/256df73150910719.jpg,294
landscape/wetland/274700f57512e591.jpg,294
landscape/wetland/28fcd6e6f0f5677d.jpg,294
landscape/wetland/2b08282fb15a689b.jpg,294
landscape/wetland/2bca6554fa7e04a5.jpg,294
landscape/wetland/304747e2c0a06ce3.jpg,294
landscape/wetland/30c83644cca56b50.jpg,294
landscape/wetland/3542ee5b92d38d25.jpg,294
landscape/wetland/36e095b3191824c2.jpg,294
landscape/wetland/3795ace8fc627d5d.jpg,294
landscape/wetland/41d75d96e8f3b69d.jpg,294
landscape/wetland/433a75b557ea66fc.jpg,294
landscape/wetland/434a52f2db875a77.jpg,294
landscape/wetland/452c5f23e6452a36.jpg,294
landscape/wetland/48e5771d92691ae3.jpg,295
landscape/wetland/49127296f361b7e5.jpg,295
landscape/wetland/49f01fc351f9d0a4.jpg,295
landscape/wetland/502c9577bb2b7201.jpg,295
landscape/wetland/5064374c390ed632.jpg,295
landscape/wetland/54401066098de1aa.jpg,295
landscape/wetland/550eeb78de2bdc50.jpg,295
landscape/wetland/5640db3e4b2d9ae6.jpg,295
landscape/wetland/566b48d18b5d1ffc.jpg,295
landscape/wetland/56e42703b8495e8b.jpg,295
landscape/wetland/5878ed597cc52e6e.jpg,295
landscape/wetland/59acd4646a0920a3.jpg,295
landscape/wetland/5b51fadf42110451.jpg,295
landscape/wetland/5df8c1d42709cdda.jpg,295
landscape/wetland/6561119d57be1bad.jpg,295
landscape/wetland/65be698e9bedbe8c.jpg,295
landscape/wetland/6679fa5f2762ade8.jpg,295
landscape/wetland/68a9c1b45c6b1603.jpg,295
landscape/wetland/6a0595f34153bef0.jpg,295
landscape/wetland/6d4783212cb07333.jpg,295
landscape/wetland/70314a9f079fc940.jpg,296
landscape/wetland/70c7cece24e9e005.jpg,296
landscape/wetland/71239c4807e16ac9.jpg,296
landscape/wetland/770b7a6fccae6986.jpg,296
landscape/wetland/785ee485ae352669.jpg,296
landscape/wetland/7c367c167fae4238.jpg,296
landscape/wetland/7faf6bfb7bc1487e.jpg,296
landscape/wetland/8041d5c6a1f2ea69.jpg,296
landscape/wetland/80463d4656037235.jpg,296
landscape/wetland/811f66de9aa9bbf0.jpg,296
landscape/wetland/83c07ee510c7554b.jpg,296
landscape/wetland/8b5e46c0963a64ff.jpg,296
landscape/wetland/8cc2cf830a0391ec.jpg,296
landscape/wetland/908d784de0a17e1d.jpg,296
landscape/wetland/935d9957d5491989.jpg,296
landscape/wetland/9ae6eb66b27d02b7.jpg,296
landscape/wetland/a2737ed94203bbb9.jpg,296
landscape/wetland/a320dc567b875ec9.jpg,296
landscape/wetland/a37210e099a24d22.jpg,296
landscape/wetland/a9ec15185d0b680d.jpg,296
landscape/wetland/aa7f7bfcb26d67ab.jpg,297
landscape/wetland/aa81588b4a5a7e27.jpg,297
landscape/wetland/ab2578ac27d1ad5d.jpg,297
landscape/wetland/add38d99e9139ee7.jpg,297
landscape/wetland/bddaf947fb95c1ad.jpg,297
landscape/wetland/bf62e37334e46259.jpg,297
landscape/wetland/c31e9f72ae2b7202.jpg,297
landscape/wetland/c515131e14d9a9dd.jpg,297
landscape/wetland/c652f7fdedfe6979.jpg,297
landscape/wetland/ca300af88da8ccbb.jpg,297
landscape/wetland/d618126511c46c91.jpg,297
landscape/wetland/d669d42c8c5ad87f.jpg,297
landscape/wetland/d85c48f12064109f.jpg,297
landscape/wetland/e4b1c5899c40d102.jpg,297
landscape/wetland/e5657606eb11374b.jpg,297
landscape/wetland/e6e1ed037c79e70e.jpg,297
landscape/wetland/e73033f2acc81c40.jpg,297
landscape/wetland/e7569573c9ee6bdc.jpg,297
landscape/wetland/eaff0bacee3ef195.jpg,297
landscape/wetland/eb8f7163a6a2866f.jpg,297
landscape/wetland/f14eeb74dab7f8c1.jpg,298
landscape/wetland/f8fb067c9f34b01b.jpg,298
landscape/wetland/fb4e6e45c771ed2e.jpg,298
landscape/wetland/fc19beae7ab242a5.jpg,298
landscape/wetland/fc7afe7b96d4616f.jpg,298
landscape/wetland/fd12abc98c5136f6.jpg,298
landscape/wetland/fd2f59b6ea820008.jpg,298
landscape/windmill/n04587559_10635.jpg,298
landscape/windmill/n04587559_10799.jpg,298
landscape/windmill/n04587559_10835.jpg,298
landscape/windmill/n04587559_10908.jpg,298
landscape/windmill/n04587559_10942.jpg,298
landscape/windmill/n04587559_11109.jpg,298
landscape/windmill/n04587559_11131.jpg,298
landscape/windmill/n04587559_11194.jpg,298
landscape/windmill/n04587559_11217.jpg,298
landscape/windmill/n04587559_11219.jpg,298
landscape/windmill/n04587559_11228.jpg,298
landscape/windmill/n04587559_11280.jpg,298
landscape/windmill/n04587559_11291.jpg,298
landscape/windmill/n04587559_11298.jpg,299
landscape/windmill/n04587559_11329.jpg,299
landscape/windmill/n04587559_11388.jpg,299
landscape/windmill/n04587559_11462.jpg,299
landscape/windmill/n04587559_11467.jpg,299
landscape/windmill/n04587559_11562.jpg,299
landscape/windmill/n04587559_11688.jpg,299
landscape/windmill/n04587559_11777.jpg,299
landscape/windmill/n04587559_11917.jpg,299
landscape/windmill/n04587559_12843.jpg,299
landscape/windmill/n04587559_13045.jpg,299
landscape/windmill/n04587559_13128.jpg,299
landscape/windmill/n04587559_13370.jpg,299
landscape/windmill/n04587559_2346.jpg,299
landscape/windmill/n04587559_6311.jpg,299
landscape/windmill/n04587559_8710.jpg,299
landscape/windmill/n04587559_8723.jpg,299
landscape/windmill/n04587559_8995.jpg,299
landscape/windmill/n04587559_9556.jpg,299
landscape/windmill/n04587559_9739.jpg,299
sports/American football/000000021983.jpg,300
sports/American football/000000099336.jpg,300
sports/American football/000000124841.jpg,300
sports/American football/000000474255.jpg,300
sports/American football/000000546020.jpg,300
sports/American football/n00468480_10075.jpg,300
sports/American football/n00468480_10172.jpg,300
sports/American football/n00468480_10176.jpg,300
sports/American football/n00468480_10557.jpg,300
sports/American football/n00468480_10598.jpg,300
sports/American football/n00468480_10911.jpg,300
sports/American football/n00468480_10961.jpg,300
sports/American football/n00468480_10965.jpg,300
sports/American football/n00468480_2830.jpg,300
sports/American football/n00468480_7583.jpg,300
sports/American football/n00468480_7838.jpg,300
sports/American football/n00468480_8106.jpg,300
sports/American football/n00468480_8182.jpg,300
sports/American football/n00468480_8753.jpg,300
sports/American football/n00468480_8767.jpg,300
sports/American football/n00468480_8890.jpg,301
sports/American football/n00468480_8996.jpg,301
sports/American football/n00468480_9051.jpg,301
sports/American football/n00468480_9567.jpg,301
sports/American football/n00468480_9707.jpg,301
sports/American football/n00468480_9997.jpg,301
sports/archery/0379f7c0ef9ff4ff.jpg,301
sports/archery/03f06cb99617b43e.jpg,301
sports/archery/05430da00e88b5f9.jpg,301
sports/archery/0b1bb550e8758b2e.jpg,301
sports/archery/0b7f82b25acda3ee.jpg,301
sports/archery/1c36280ae30bb3f7.jpg,301
sports/archery/26478d643e707a68.jpg,301
sports/archery/269ff2d9438b0934.jpg,301
sports/archery/27c5f1373268e07a.jpg,301
sports/archery/39281457d47792e2.jpg,301
sports/archery/3f2cc085cfc23975.jpg,301
sports/archery/544cf56975736880.jpg,301
sports/archery/60bf5bc547dec918.jpg,301
sports/archery/676bec8ddc1c130d.jpg,301
sports/archery/72665bbf0c63ae44.jpg,302
sports/archery/72cf7f257eea36e8.jpg,302
sports/archery/80e5bd3f023a302d.jpg,302
sports/archery/8176d18af6992dd8.jpg,302
sports/archery/855044ea74920b3b.jpg,302
sports/archery/8825ee691220a1b4.jpg,302
sports/archery/97a9ba3535794459.jpg,302
sports/archery/99a0a01a763ff0ea.jpg,302
sports/archery/a473e937a7342b38.jpg,302
sports/archery/ae94118f9beaa808.jpg,302
sports/archery/b5678b52b307cb83.jpg,302
sports/archery/d8a84aa39b7cc0e2.jpg,302
sports/archery/dc58527c9d626af4.jpg,302
sports/archery/ead50ff3f5620f68.jpg,302
sports/archery/ec0bcc70f0e1499c.jpg,302
sports/archery/faf9d6ff86184e5f.jpg,302
sports/archery/fcf379aad09a34b0.jpg,302
sports/baseball/000000005260.jpg,302
sports/baseball/000000011107.jpg,302
sports/baseball/000000013195.jpg,302
sports/baseball/000000053420.jpg,303
sports/baseball/000000056292.jpg,303
sports/baseball/000000073022.jpg,303
sports/baseball/000000073889.jpg,303
sports/baseball/000000082414.jpg,303
sports/baseball/000000084735.jpg,303
sports/baseball/000000087602.jpg,303
sports/baseball/000000093382.jpg,303
sports/baseball/000000093725.jpg,303
sports/baseball/000000103401.jpg,303
sports/baseball/000000106331.jpg,303
sports/baseball/000000107097.jpg,303
sports/baseball/000000109076.jpg,303
sports/baseball/000000112707.jpg,303
sports/baseball/000000117770.jpg,303
sports/baseball/000000126895.jpg,303
sports/baseball/000000127856.jpg,303
sports/baseball/000000133727.jpg,303
sports/baseball/000000134454.jpg,303
sports/baseball/000000135959.jpg,303
sports/baseball/000000136512.jpg,304
sports/baseball/000000139272.jpg,304
sports/baseball/000000150477.jpg,304
sports/baseball/000000152162.jpg,304
sports/baseball/000000153052.jpg,304
sports/baseball/000000155995.jpg,304
sports/baseball/000000157049.jpg,304
sports/baseball/000000191651.jpg,304
sports/baseball/000000195748.jpg,304
sports/baseball/000000245598.jpg,304
sports/baseball/000000247216.jpg,304
sports/baseball/000000250258.jpg,304
sports/baseball/000000263258.jpg,304
sports/baseball/000000266434.jpg,304
sports/baseball/000000268370.jpg,304
sports/baseball/000000271689.jpg,304
sports/baseball/000000273190.jpg,304
sports/baseball/000000278665.jpg,304
sports/baseball/000000292349.jpg,304
sports/baseball/000000295804.jpg,304
sports/baseball/000000297204.jpg,305
sports/baseball/000000303658.jpg,305
sports/baseball/000000304115.jpg,305
sports/baseball/000000318995.jpg,305
sports/baseball/000000336077.jpg,305
sports/baseball/000000337975.jpg,305
sports/baseball/000000351683.jpg,305
sports/baseball/000000362563.jpg,305
sports/baseball/000000382947.jpg,305
sports/baseball/000000383390.jpg,305
sports/baseball/000000398753.jpg,305
sports/baseball/000000401982.jpg,305
sports/baseball/000000402406.jpg,305
sports/baseball/000000409468.jpg,305
sports/baseball/000000417347.jpg,305
sports/baseball/000000417857.jpg,305
sports/baseball/000000428457.jpg,305
sports/baseball/000000432657.jpg,305
sports/baseball/000000476074.jpg,305
sports/baseball/000000477585.jpg,305
sports/baseball/000000479172.jpg,306
sports/baseball/000000483833.jpg,306
sports/baseball/000000484528.jpg,306
sports/baseball/000000485090.jpg,306
sports/baseball/000000486717.jpg,306
sports/baseball/000000505098.jpg,306
sports/baseball/000000505932.jpg,306
sports/baseball/000000510771.jpg,306
sports/baseball/000000513015.jpg,306
sports/baseball/000000514147.jpg,306
sports/baseball/000000516795.jpg,306
sports/baseball/000000527291.jpg,306
sports/baseball/000000532552.jpg,306
sports/baseball/000000532633.jpg,306
sports/baseball/000000538113.jpg,306
sports/baseball/000000539167.jpg,306
sports/baseball/000000550000.jpg,306
sports/baseball/000000556669.jpg,306
sports/baseball/000000566498.jpg,306
sports/baseball/000000566672.jpg,306
sports/baseball/000000569526.jpg,307
sports/baseball/0508f4396fb4e144.jpg,307
sports/baseball/287c6686c652da6a.jpg,307
sports/baseball/6142922d5809e5de.jpg,307
sports/baseball/67cac965604e9838.jpg,307
sports/baseball/6d765c78cdac0079.jpg,307
sports/baseball/7d9a7e679b39765c.jpg,307
sports/baseball/87db71cce65f666e.jpg,307
sports/baseball/aad299f18b74cad2.jpg,307
sports/baseball/c5a29227546d0846.jpg,307
sports/baseball/d761c8e9e0906b5b.jpg,307
sports/baseball/n00471613_18279.jpg,307
sports/baseball/n00471613_18905.jpg,307
sports/baseball/n00471613_21198.jpg,307
sports/baseball/n00471613_21778.jpg,307
sports/baseball/n00471613_23975.jpg,307
sports/basketball/000000126255.jpg,307
sports/basketball/000000357989.jpg,307
sports/basketball/000000507969.jpg,307
sports/basketball/000000524027.jpg,307
sports/basketball/0c79a0995798a379.jpg,308
sports/basketball/0cb561aef1e16beb.jpg,308
sports/basketball/0d5461cc341ca8c6.jpg,308
sports/basketball/0fa51275d53a13f9.jpg,308
sports/basketball/2788147877e5ebb6.jpg,308
sports/basketball/2d08fd379017b6ca.jpg,308
sports/basketball/2f4497d3051b6e49.jpg,308
sports/basketball/4757aebe700d4238.jpg,308
sports/basketball/68f8fc6ce822f1f5.jpg,308
sports/basketball/8216c96d476e49f0.jpg,308
sports/basketball/863960ac3b291df2.jpg,308
sports/basketball/8fd5b6376d5e15d2.jpg,308
sports/basketball/9eef056818ae46e6.jpg,308
sports/basketball/a9061315dd0bb955.jpg,308
sports/basketball/b9b8519ad5735ee4.jpg,308
sports/basketball/c0256abf502efa34.jpg,308
sports/basketball/c36a2e58f0fceb10.jpg,308
sports/basketball/cbdfc5549fd06095.jpg,308
sports/basketball/n00480993_10065.jpg,308
sports/basketball/n00480993_10142.jpg,308
sports/basketball/n00480993_10174.jpg,309
sports/basketball/n00480993_10428.jpg,309
sports/basketball/n00480993_10619.jpg,309
sports/basketball/n00480993_10827.jpg,309
sports/basketball/n00480993_10840.jpg,309
sports/basketball/n00480993_10842.jpg,309
sports/basketball/n00480993_10854.jpg,309
sports/basketball/n00480993_11123.jpg,309
sports/basketball/n00480993_11381.jpg,309
sports/basketball/n00480993_11616.jpg,309
sports/basketball/n00480993_11643.jpg,309
sports/basketball/n00480993_11686.jpg,309
sports/basketball/n00480993_1240.jpg,309
sports/basketball/n00480993_13943.jpg,309
sports/basketball/n00480993_14248.jpg,309
sports/basketball/n00480993_14945.jpg,309
sports/basketball/n00480993_1552.jpg,309
sports/basketball/n00480993_16163.jpg,309
sports/basketball/n00480993_16864.jpg,309
sports/basketball/n00480993_17313.jpg,309
sports/basketball/n00480993_19622.jpg,310
sports/basketball/n00480993_19667.jpg,310
sports/basketball/n00480993_19839.jpg,310
sports/basketball/n00480993_20080.jpg,310
sports/basketball/n00480993_2019.jpg,310
sports/basketball/n00480993_20276.jpg,310
sports/basketball/n00480993_20536.jpg,310
sports/basketball/n00480993_21017.jpg,310
sports/basketball/n00480993_21657.jpg,310
sports/basketball/n00480993_21724.jpg,310
sports/basketball/n00480993_22316.jpg,310
sports/basketball/n00480993_22319.jpg,310
sports/basketball/n00480993_22829.jpg,310
sports/basketball/n00480993_23061.jpg,310
sports/basketball/n00480993_23156.jpg,310
sports/basketball/n00480993_26579.jpg,310
sports/basketball/n00480993_26774.jpg,310
sports/basketball/n00480993_28568.jpg,310
sports/basketball/n00480993_29630.jpg,310
sports/basketball/n00480993_30142.jpg,310
sports/basketball/n00480993_31474.jpg,311
sports/basketball/n00480993_32155.jpg,311
sports/basketball/n00480993_3388.jpg,311
sports/basketball/n00480993_4180.jpg,311
sports/basketball/n00480993_9486.jpg,311
sports/bicycling racing/003c2b6816ba9d22.jpg,311
sports/bicycling racing/04fd3d60a4470e2d.jpg,311
sports/bicycling racing/0c04767d5c29923c.jpg,311
sports/bicycling racing/0d491b770c084be9.jpg,311
sports/bicycling racing/0f1a4506c1ada576.jpg,311
sports/bicycling racing/10710daf03ec4f64.jpg,311
sports/bicycling racing/12d1d6cb01a346b6.jpg,311
sports/bicycling racing/13ffeb4fec0d2c49.jpg,311
sports/bicycling racing/152ea862ba79b4ca.jpg,311
sports/bicycling racing/177b07564e5e03a9.jpg,311
sports/bicycling racing/1f8c7b5798fc5545.jpg,311
sports/bicycling racing/212634d705f533da.jpg,311
sports/bicycling racing/218a7e0c84466325.jpg,311
sports/bicycling racing/2a1a0353c7dab0e1.jpg,311
sports/bicycling racing/2cc511fa46b55b76.jpg,311
sports/bicycling racing/2f535abd45f435ff.jpg,312
sports/bicycling racing/37afddf7216016f7.jpg,312
sports/bicycling racing/37f89802ed90aef8.jpg,312
sports/bicycling racing/3f022da24d538782.jpg,312
sports/bicycling racing/4012db4437e6a0e8.jpg,312
sports/bicycling racing/42c4b0a5b46cc4a8.jpg,312
sports/bicycling racing/4817147cec73ecd3.jpg,312
sports/bicycling racing/56136a5dd78b5454.jpg,312
sports/bicycling racing/58b0e55bda100b83.jpg,312
sports/bicycling racing/596ec3440b5a9f93.jpg,312
sports/bicycling racing/6022a450df278025.jpg,312
sports/bicycling racing/64294d928f12d0b9.jpg,312
sports/bicycling racing/6731e21781304bc6.jpg,312
sports/bicycling racing/684b5fbfedae9a42.jpg,312
sports/bicycling racing/690fd08f9b5af89c.jpg,312
sports/bicycling racing/6f722f46dd08b8d8.jpg,312
sports/bicycling racing/73ef896ab275b791.jpg,312
sports/bicycling racing/777c5a61d9427ff8.jpg,312
sports/bicycling racing/7a3d6af7f97fa846.jpg,312
sports/bicycling racing/7e9bda209af185d6.jpg,312
sports/bicycling racing/89d7a65a19cb9cff.jpg,313
sports/bicycling racing/947a61e750f23ce9.jpg,313
sports/bicycling racing/9625bbe3a59f1688.jpg,313
sports/bicycling racing/97948408f6a3a476.jpg,313
sports/bicycling racing/9e11f75d740f84fe.jpg,313
sports/bicycling racing/a068ea435a318d8d.jpg,313
sports/bicycling racing/a0b8948a5a669d86.jpg,313
sports/bicycling racing/a11f84e0107ca0a4.jpg,313
sports/bicycling racing/a148d39484d0148d.jpg,313
sports/bicycling racing/a8b1b9dbb5cf0eab.jpg,313
sports/bicycling racing/b1845e14ee7ee3f2.jpg,313
sports/bicycling racing/b18ef29283a729de.jpg,313
sports/bicycling racing/b6d0c3de8bb2b548.jpg,313
sports/bicycling racing/bbc1921cc7fb24fb.jpg,313
sports/bicycling racing/bc99f15674c5f363.jpg,313
sports/bicycling racing/bed06cb6b48579e5.jpg,313
sports/bicycling racing/c09434ff30d798b1.jpg,313
sports/bicycling racing/c22e29581c0e797e.jpg,313
sports/bicycling racing/c4a0934f120565b0.jpg,313
sports/bicycling racing/ccfd38dcbe6838fd.jpg,313
sports/bicycling racing/d3e1586cae1edc25.jpg,314
sports/bicycling racing/d62b42c4e5e7ee36.jpg,314
sports/bicycling racing/deb4d11e1ecbab40.jpg,314
sports/bicycling racing/e40c9760d612b7b9.jpg,314
sports/bicycling racing/f2a6c70eeb66e2a5.jpg,314
sports/bicycling racing/f409699c1efaf59c.jpg,314
sports/bicycling racing/f541f9f041ef36a4.jpg,314
sports/bicycling racing/f860bbcd7ad6bf8f.jpg,314
sports/boxing/002bd0ca1e119db7.jpg,314
sports/boxing/00770ee8f5ad87ef.jpg,314
sports/boxing/02394a3449862b85.jpg,314
sports/boxing/03f74f6c5682c786.jpg,314
sports/boxing/04ffafd84aa1be26.jpg,314
sports/boxing/0951e7d928bb210f.jpg,314
sports/boxing/0bf80b98b70d97f0.jpg,314
sports/boxing/0c3228734c66d31b.jpg,314
sports/boxing/0d2eeaccda7e4c1b.jpg,314
sports/boxing/10a34585df04a36e.jpg,314
sports/boxing/171db4cdc543cf4d.jpg,314
sports/boxing/18ccb91b950314a5.jpg,314
sports/boxing/1c6f8910c177c94a.jpg,315
sports/boxing/2014f56ce49de98a.jpg,315
sports/boxing/2770e1a4b947ec54.jpg,315
sports/boxing/285636c369173887.jpg,315
sports/boxing/286ffd11d7e446d1.jpg,315
sports/boxing/2b2693c2d6b8182a.jpg,315
sports/boxing/2f4aacd9d255fd7b.jpg,315
sports/boxing/347d6c8639a1bb09.jpg,315
sports/boxing/53e5bad051a9bbeb.jpg,315
sports/boxing/5556177dc4151acc.jpg,315
sports/boxing/5f43a15a53189d7a.jpg,315
sports/boxing/621864587e59e56a.jpg,315
sports/boxing/62c75e993beb5e37.jpg,315
sports/boxing/6c514dec07ec08b8.jpg,315
sports/boxing/7fce3e566a3e1148.jpg,315
sports/boxing/91e1985a66de4f36.jpg,315
sports/boxing/94e06c3d152f3c62.jpg,315
sports/boxing/994dff6bc1427c0e.jpg,315
sports/boxing/a3d1286c56e96238.jpg,315
sports/boxing/a84e519a7d0684fc.jpg,315
sports/boxing/aa0f989e606f5ee2.jpg,316
sports/boxing/b1a79c223ccfa87c.jpg,316
sports/boxing/b295ce363a6fc653.jpg,316
sports/boxing/c4429528e1e36318.jpg,316
sports/boxing/ccad0f538ea6ff4e.jpg,316
sports/boxing/d0c20a0fd5c2a38b.jpg,316
sports/boxing/dbd3e9304ac3c014.jpg,316
sports/boxing/e0ebed8875f0d6f3.jpg,316
sports/boxing/e28c0aa13f315c69.jpg,316
sports/boxing/e2c417b19496969c.jpg,316
sports/boxing/ecb104cafb930b5e.jpg,316
sports/boxing/ef885f9585f0d1ba.jpg,316
sports/boxing/f7adcc0450b528ad.jpg,316
sports/boxing/f8c03a5c3f92c873.jpg,316
sports/boxing/ffcc5ba8d6eb7f2c.jpg,316
sports/climbing/025e41b66ba52da4.jpg,316
sports/climbing/047b1fbbf332c15c.jpg,316
sports/climbing/047e27b8589517a4.jpg,316
sports/climbing/069ac2ad4505a93b.jpg,316
sports/climbing/098894a1b82b9b81.jpg,316
sports/climbing/0b5311919a2c6354.jpg,317
sports/climbing/0d6607be1e0a79d2.jpg,317
sports/climbing/0d6df23796aec890.jpg,317
sports/climbing/121794a37b3aab8b.jpg,317
sports/climbing/1a0734e1d6dad26d.jpg,317
sports/climbing/1c2bd5f49631cbbd.jpg,317
sports/climbing/1c7b7f9ef1512541.jpg,317
sports/climbing/1e195f9a98e163b3.jpg,317
sports/climbing/1e22e1fbfa73a3ca.jpg,317
sports/climbing/22f6d70a8626322c.jpg,317
sports/climbing/24789502099f7a37.jpg,317
sports/climbing/250f5804b7e2016f.jpg,317
sports/climbing/26751a39a48078e1.jpg,317
sports/climbing/2807d80c525eb5a3.jpg,317
sports/climbing/329bcdeadf3bf80b.jpg,317
sports/climbing/34961cea9977c655.jpg,317
sports/climbing/38db4c55f3145ccf.jpg,317
sports/climbing/38efc5b05ce7b107.jpg,317
sports/climbing/3b4ef0835ccf0024.jpg,317
sports/climbing/3bdb508115890d02.jpg,317
sports/climbing/3fbb59a39708db71.jpg,318
sports/climbing/465f53e65089856c.jpg,318
sports/climbing/47393d20b383539c.jpg,318
sports/climbing/4aba0110daeaec0c.jpg,318
sports/climbing/4d6e55bacc3ae59b.jpg,318
sports/climbing/54f31bcf003f3c33.jpg,318
sports/climbing/58d3cc60b1415406.jpg,318
sports/climbing/59e2b03991f6a4ea.jpg,318
sports/climbing/5ada41b10dbdf030.jpg,318
sports/climbing/5c10d610aac84184.jpg,318
sports/climbing/5e147e154a4e1d10.jpg,318
sports/climbing/63de2458b37d8c78.jpg,318
sports/climbing/69cdb1ea7269fecb.jpg,318
sports/climbing/6bfa9f4a0f1a3bac.jpg,318
sports/climbing/6ce2d149d4ed4a8d.jpg,318
sports/climbing/6ddde7a28c680948.jpg,318
sports/climbing/70db1b2825f4088c.jpg,318
sports/climbing/71b7fc6522575582.jpg,318
sports/climbing/78afe38f0402f1e9.jpg,318
sports/climbing/792fb38d38ff8811.jpg,318
sports/climbing/79856958bd00cbf8.jpg,319
sports/climbing/7c4abb7d18dd115b.jpg,319
sports/climbing/7e9596503b795607.jpg,319
sports/climbing/81e422c0b2173f38.jpg,319
sports/climbing/836d708f040594e8.jpg,319
sports/climbing/8409089d99c0ffa2.jpg,319
sports/climbing/851c0813298792d5.jpg,319
sports/climbing/85911581bcb18f88.jpg,319
sports/climbing/87490a60359ca1ab.jpg,319
sports/climbing/8859fcc091300e60.jpg,319
sports/climbing/889e9b55c8ac6bf0.jpg,319
sports/climbing/8f18961a8aabe2bf.jpg,319
sports/climbing/93405e5bd44e39e0.jpg,319
sports/climbing/94d820eb1eb9c4aa.jpg,319
sports/climbing/96845d2c94b8a965.jpg,319
sports/climbing/9777cabf78befa26.jpg,319
sports/climbing/9e9704ca22736914.jpg,319
sports/climbing/a662c633c9963448.jpg,319
sports/climbing/a6bdcf5434c24c88.jpg,319
sports/climbing/a9bb39df7e78a550.jpg,319
sports/climbing/aacabf9b3fe435d3.jpg,320
sports/climbing/ab513cfa39928667.jpg,320
sports/climbing/ad781b6c665a1aef.jpg,320
sports/climbing/aedeb3b335d255cf.jpg,320
sports/climbing/b1a629972a4aae70.jpg,320
sports/climbing/b35c30e8f472d34f.jpg,320
sports/climbing/b46b82512ff4a485.jpg,320
sports/climbing/b9e0603346e824d3.jpg,320
sports/climbing/bb59f95e39d5e545.jpg,320
sports/climbing/bba7d9686c3b2951.jpg,320
sports/climbing/c147234e2c0f7629.jpg,320
sports/climbing/c2a4e2dc3a23410b.jpg,320
sports/climbing/c728ce310e8a45ea.jpg,320
sports/climbing/c813d9abc0d7a08f.jpg,320
sports/climbing/cf8d98b8ad0d78f0.jpg,320
sports/climbing/cf94deedffb58d56.jpg,320
sports/climbing/d11d8204973be797.jpg,320
sports/climbing/d28338d3fb38a56b.jpg,320
sports/climbing/da1e5993c1e4aaab.jpg,320
sports/climbing/db5978f1c55b21ea.jpg,320
sports/climbing/de0930e766e1bc94.jpg,321
sports/climbing/e132f2e5610d9460.jpg,321
sports/climbing/e2acbd8c12093e9d.jpg,321
sports/climbing/e36dc59ac7897381.jpg,321
sports/climbing/e39c9148606b65f0.jpg,321
sports/climbing/e4b5ee5bc612257f.jpg,321
sports/climbing/ebf288899fa36b54.jpg,321
sports/climbing/f219956ea092db6b.jpg,321
sports/climbing/f4b9c8c25d189852.jpg,321
sports/climbing/f51c25ceeb2c1fe3.jpg,321
sports/climbing/f74d164595b68b3e.jpg,321
sports/climbing/f99a36f6710cbaa5.jpg,321
sports/climbing/fb27b24865985601.jpg,321
sports/climbing/fb3c94d3b516194f.jpg,321
sports/climbing/fecab11f30233b5a.jpg,321
sports/cricket/05ad012d0ccab5cb.jpg,321
sports/cricket/08129ae11e7afa1e.jpg,321
sports/cricket/104a87e61aa3f85a.jpg,321
sports/cricket/1679b6bb52a8a870.jpg,321
sports/cricket/385a59f808ff3838.jpg,321
sports/cricket/4b1a686a8a90ce4b.jpg,322
sports/cricket/4cf200c4526f44ff.jpg,322
sports/cricket/4da5228bc6dd9e69.jpg,322
sports/cricket/4dde84abe3b984ff.jpg,322
sports/cricket/510086d3f2b163b0.jpg,322
sports/cricket/574901d78c34e0a8.jpg,322
sports/cricket/6f5ff291e66b5066.jpg,322
sports/cricket/72b7174bbfb7deee.jpg,322
sports/cricket/86049248026e7f64.jpg,322
sports/cricket/917848db27854b0e.jpg,322
sports/cricket/94a31ee11cd9ff43.jpg,322
sports/cricket/a870503ede4375c1.jpg,322
sports/cricket/b8942e8ca4682cb2.jpg,322
sports/cricket/c2255c3aaf4113a0.jpg,322
sports/cricket/c89431202eb3b75b.jpg,322
sports/cricket/d5270732337b9a54.jpg,322
sports/cricket/d57c16af2d536088.jpg,322
sports/cricket/db87ea910d4807ec.jpg,322
sports/cricket/e1d2aa04889492be.jpg,322
sports/cricket/e97c33fb1147a86e.jpg,322
sports/cricket/fb78be34a11c225f.jpg,323
sports/cricket/fcbc882094779631.jpg,323
sports/fencing/00229645efaf204f.jpg,323
sports/fencing/09bff5f615f67d3f.jpg,323
sports/fencing/0a6a03c8f23ee744.jpg,323
sports/fencing/0f96680fdd9951ed.jpg,323
sports/fencing/1a78037c75f2d54a.jpg,323
sports/fencing/39432d2f206e6096.jpg,323
sports/fencing/39aad38e0112aeb6.jpg,323
sports/fencing/3f9408b1b9c80f15.jpg,323
sports/fencing/528fa60d7653f4ec.jpg,323
sports/fencing/533b85f1b088732d.jpg,323
sports/fencing/5c7a9ec4b1630457.jpg,323
sports/fencing/6870b579e585698e.jpg,323
sports/fencing/72b9c326fa84cb89.jpg,323
sports/fencing/8ca9624b99f261f2.jpg,323
sports/fencing/9ad90193550e2037.jpg,323
sports/fencing/9c93d2b7159cea2d.jpg,323
sports/fencing/bfd7722e868e772c.jpg,323
sports/fencing/cb015f171d060a5f.jpg,323
sports/fencing/d7d111c164d6ac0a.jpg,324
sports/fencing/d8b1c1458fe8d49a.jpg,324
sports/fencing/f89f1c0793c6947f.jpg,324
sports/field hockey/000000048442.jpg,324
sports/field hockey/000000516249.jpg,324
sports/field hockey/059520433a9809d0.jpg,324
sports/field hockey/084d9b0d21b5de75.jpg,324
sports/field hockey/0a9cae46a2fe661b.jpg,324
sports/field hockey/0da653cc74b7f079.jpg,324
sports/field hockey/0e61ee3614881ca1.jpg,324
sports/field hockey/1301abd7df04425b.jpg,324
sports/field hockey/15cdf068f1cc0c01.jpg,324
sports/field hockey/192c3e482444f853.jpg,324
sports/field hockey/19ce47859fe84403.jpg,324
sports/field hockey/26b45e4572605eb1.jpg,324
sports/field hockey/28c1742dab03a143.jpg,324
sports/field hockey/316f00e286d5a624.jpg,324
sports/field hockey/31957706f94af9d3.jpg,324
sports/field hockey/38485db61e9ca278.jpg,324
sports/field hockey/39b69baeb6d748b8.jpg,324
sports/field hockey/3c4e294f8d735775.jpg,325
sports/field hockey/3df553d663038934.jpg,325
sports/field hockey/4237c823b4f8ea49.jpg,325
sports/field hockey/428764c4e47a64ac.jpg,325
sports/field hockey/42ce0e541e865b81.jpg,325
sports/field hockey/4f00fa5d6b6671bd.jpg,325
sports/field hockey/5b7b58b5eab43e92.jpg,325
sports/field hockey/6766c11caf4ca2f9.jpg,325
sports/field hockey/6b1e8ade1d0411f4.jpg,325
sports/field hockey/6c217757caa59d1a.jpg,325
sports/field hockey/6f68c04b56476d1c.jpg,325
sports/field hockey/7924d91dd62861ba.jpg,325
sports/field hockey/7cc59958b7c5b5a3.jpg,325
sports/field hockey/7df69baa01412889.jpg,325
sports/field hockey/82996269f0e2fe5b.jpg,325
sports/field hockey/82da2d1599906170.jpg,325
sports/field hockey/8341d6c1644efe7e.jpg,325
sports/field hockey/88d6c8356cfa5cbe.jpg,325
sports/field hockey/9980f148e56325da.jpg,325
sports/field hockey/9db82ec0ad6b5ff5.jpg,325
sports/field hockey/a0abe94bde0fc87f.jpg,326
sports/field hockey/b6493213359c274c.jpg,326
sports/field hockey/b78fb2a194a80153.jpg,326
sports/field hockey/b8b45350bd04ceda.jpg,326
sports/field hockey/be315bf31deb1b5d.jpg,326
sports/field hockey/c29ffd28eb6cb7e0.jpg,326
sports/field hockey/c7bd4572143537bc.jpg,326
sports/field hockey/cc4740e2a33b969a.jpg,326
sports/field hockey/d62bc1c293d6022d.jpg,326
sports/field hockey/d845f120e4b794cd.jpg,326
sports/field hockey/d9e93a2678327874.jpg,326
sports/field hockey/dbaa033be5e95bd9.jpg,326
sports/field hockey/e02ad32855600a57.jpg,326
sports/field hockey/eafd76a3599d2482.jpg,326
sports/field hockey/edc8bdce3b11e3af.jpg,326
sports/field hockey/f67573fffea45d60.jpg,326
sports/field hockey/fa6f5cc41df31b36.jpg,326
sports/figure skating/00c0e3b734506745.jpg,326
sports/figure skating/0ca3663d4e237556.jpg,326
sports/figure skating/1ad03c0542449be2.jpg,326
sports/figure skating/287d1a6207b6ceeb.jpg,327
sports/figure skating/2b607717ec492bc2.jpg,327
sports/figure skating/2e7c8ac130906525.jpg,327
sports/figure skating/3ee15aa26a7d7286.jpg,327
sports/figure skating/43075dd1aa81e11d.jpg,327
sports/figure skating/46f09a0adfa8b30b.jpg,327
sports/figure skating/5d57fdc7534a749d.jpg,327
sports/figure skating/60b8b7aaa7649bfe.jpg,327
sports/figure skating/6b27b3ffb904f51f.jpg,327
sports/figure skating/7b6ac9da1662ac51.jpg,327
sports/figure skating/a309464face2453a.jpg,327
sports/figure skating/aa57164987eff0f6.jpg,327
sports/figure skating/ac260e25915895d8.jpg,327
sports/figure skating/ca8c65130adf3589.jpg,327
sports/figure skating/d631ea99f1ce3ac7.jpg,327
sports/figure skating/e1bbc2771fd99868.jpg,327
sports/figure skating/e61ec87eac083fa8.jpg,327
sports/figure skating/f9bb26d229cb4904.jpg,327
sports/fitness/087aacabae6c31ab.jpg,327
sports/fitness/168d8729f6861120.jpg,327
sports/fitness/1e688fd4c90bf62d.jpg,328
sports/fitness/37575826630ae5e2.jpg,328
sports/fitness/39dabf44b31cc631.jpg,328
sports/fitness/3bad69ad196d0b30.jpg,328
sports/fitness/3e92430853ab3484.jpg,328
sports/fitness/4531575c47fa1304.jpg,328
sports/fitness/5ba82a78da57b025.jpg,328
sports/fitness/6d72936470a2df28.jpg,328
sports/fitness/6fdbb41ec1e403f1.jpg,328
sports/fitness/84a41382ff3e907d.jpg,328
sports/fitness/919170eeb33e7a6a.jpg,328
sports/fitness/92a120d977f281b2.jpg,328
sports/fitness/92bdb469c67a7096.jpg,328
sports/fitness/98f8e822feb47cbf.jpg,328
sports/fitness/bfa8dd6b7a851d39.jpg,328
sports/fitness/c1a82130fde947e3.jpg,328
sports/fitness/e4a24cee29adf7ac.jpg,328
sports/fitness/e993f22917fba7f4.jpg,328
sports/fitness/efd6e2c6544a1fff.jpg,328
sports/fitness/f66e57fa9da8361e.jpg,328
sports/fitness/f9aa60a477640909.jpg,329
sports/frisbee/000000031390.jpg,329
sports/frisbee/000000034372.jpg,329
sports/frisbee/000000036273.jpg,329
sports/frisbee/000000050013.jpg,329
sports/frisbee/000000056868.jpg,329
sports/frisbee/000000058157.jpg,329
sports/frisbee/000000061779.jpg,329
sports/frisbee/000000064059.jpg,329
sports/frisbee/000000087479.jpg,329
sports/frisbee/000000099341.jpg,329
sports/frisbee/000000099964.jpg,329
sports/frisbee/000000139249.jpg,329
sports/frisbee/000000142637.jpg,329
sports/frisbee/000000143559.jpg,329
sports/frisbee/000000159398.jpg,329
sports/frisbee/000000180984.jpg,329
sports/frisbee/000000181481.jpg,329
sports/frisbee/000000194531.jpg,329
sports/frisbee/000000196912.jpg,329
sports/frisbee/000000209266.jpg,330
sports/frisbee/000000210816.jpg,330
sports/frisbee/000000211737.jpg,330
sports/frisbee/000000226936.jpg,330
sports/frisbee/000000240033.jpg,330
sports/frisbee/000000254078.jpg,330
sports/frisbee/000000264307.jpg,330
sports/frisbee/000000274745.jpg,330
sports/frisbee/000000278101.jpg,330
sports/frisbee/000000281922.jpg,330
sports/frisbee/000000282062.jpg,330
sports/frisbee/000000289423.jpg,330
sports/frisbee/000000299734.jpg,330
sports/frisbee/000000302551.jpg,330
sports/frisbee/000000315381.jpg,330
sports/frisbee/000000318279.jpg,330
sports/frisbee/000000331518.jpg,330
sports/frisbee/000000334751.jpg,330
sports/frisbee/000000358086.jpg,330
sports/frisbee/000000364154.jpg,330
sports/frisbee/000000388486.jpg,331
sports/frisbee/000000393241.jpg,331
sports/frisbee/000000422211.jpg,331
sports/frisbee/000000423529.jpg,331
sports/frisbee/000000428550.jpg,331
sports/frisbee/000000453529.jpg,331
sports/frisbee/000000481014.jpg,331
sports/frisbee/000000482910.jpg,331
sports/frisbee/000000509471.jpg,331
sports/frisbee/000000511121.jpg,331
sports/frisbee/000000517460.jpg,331
sports/frisbee/000000524047.jpg,331
sports/frisbee/000000539247.jpg,331
sports/frisbee/000000551338.jpg,331
sports/golf/00ea4ebcea489abd.jpg,331
sports/golf/02214e9e87af8091.jpg,331
sports/golf/05e82779bb9c7b6a.jpg,331
sports/golf/083327ccfc4b1684.jpg,331
sports/golf/0dd4c580c14df3d1.jpg,331
sports/golf/103e1b8a925be6f6.jpg,331
sports/golf/1467a36d490d1750.jpg,332
sports/golf/188fcb471d077f6b.jpg,332
sports/golf/1bf7b18e9816e5c6.jpg,332
sports/golf/232299e70b9fe949.jpg,332
sports/golf/2a7c45cb2c6ffdca.jpg,332
sports/golf/2d2da4e280f88f23.jpg,332
sports/golf/2da2c22f1bd3d367.jpg,332
sports/golf/316af044aec03d7a.jpg,332
sports/golf/3d930f11eee5d446.jpg,332
sports/golf/3dfbdcd1d1aaa02d.jpg,332
sports/golf/54906e95b973086b.jpg,332
sports/golf/5a01fbb421c3ea87.jpg,332
sports/golf/6c18b3182a012e30.jpg,332
sports/golf/706623fd1eb142e2.jpg,332
sports/golf/7236064c35684dba.jpg,332
sports/golf/82462c9793e1b5d0.jpg,332
sports/golf/865c492b335e9890.jpg,332
sports/golf/8677ea1bec084ac3.jpg,332
sports/golf/8c3acc0158dfe5ee.jpg,332
sports/golf/93ee6f6e0bcc3c3d.jpg,332
sports/golf/94ca4d01f90bef1c.jpg,333
sports/golf/97aaac154962a793.jpg,333
sports/golf/a1d32a9b35bf01bb.jpg,333
sports/golf/a26935abd4c130ba.jpg,333
sports/golf/a89da698610fa26e.jpg,333
sports/golf/a8cc262e267f3706.jpg,333
sports/golf/a996146a2cccb57c.jpg,333
sports/golf/af7058e7f9d6ae7e.jpg,333
sports/golf/b2259a0da58bf723.jpg,333
sports/golf/b879a8057b244154.jpg,333
sports/golf/bb02343a8664e896.jpg,333
sports/golf/bb3c26d44a629489.jpg,333
sports/golf/c2bbd341fb948b09.jpg,333
sports/golf/c58f9c82da8f7b54.jpg,333
sports/golf/cee06f136258d4eb.jpg,333
sports/golf/d6485beb5b69ea53.jpg,333
sports/golf/d6d1c4af0eb29b02.jpg,333
sports/golf/d9deef4771dcbc02.jpg,333
sports/golf/e371a76b33265b9d.jpg,333
sports/golf/eacf12733f79d8e5.jpg,333
sports/golf/ed0147f94eaf2efd.jpg,334
sports/golf/f452b0a53243dd43.jpg,334
sports/golf/f60ba3e737ee431c.jpg,334
sports/golf/f68a04e0ec306178.jpg,334
sports/golf/n00464894_10033.jpg,334
sports/golf/n00464894_10042.jpg,334
sports/golf/n00464894_10299.jpg,334
sports/golf/n00464894_10523.jpg,334
sports/golf/n00464894_10535.jpg,334
sports/golf/n00464894_10747.jpg,334
sports/golf/n00464894_10911.jpg,334
sports/golf/n00464894_11042.jpg,334
sports/golf/n00464894_11143.jpg,334
sports/golf/n00464894_11765.jpg,334
sports/golf/n00464894_12059.jpg,334
sports/golf/n00464894_12096.jpg,334
sports/golf/n00464894_12201.jpg,334
sports/golf/n00464894_12357.jpg,334
sports/golf/n00464894_12673.jpg,334
sports/golf/n00464894_12725.jpg,334
sports/golf/n00464894_12759.jpg,335
sports/golf/n00464894_13058.jpg,335
sports/golf/n00464894_13306.jpg,335
sports/golf/n00464894_13320.jpg,335
sports/golf/n00464894_13521.jpg,335
sports/golf/n00464894_13590.jpg,335
sports/golf/n00464894_13639.jpg,335
sports/golf/n00464894_13676.jpg,335
sports/golf/n00464894_13710.jpg,335
sports/golf/n00464894_13791.jpg,335
sports/golf/n00464894_13832.jpg,335
sports/golf/n00464894_14073.jpg,335
sports/golf/n00464894_14750.jpg,335
sports/golf/n00464894_15473.jpg,335
sports/golf/n00464894_15525.jpg,335
sports/golf/n00464894_16047.jpg,335
sports/golf/n00464894_16129.jpg,335
sports/golf/n00464894_16183.jpg,335
sports/golf/n00464894_16290.jpg,335
sports/golf/n00464894_16494.jpg,335
sports/golf/n00464894_17474.jpg,336
sports/golf/n00464894_9013.jpg,336
sports/golf/n00464894_9076.jpg,336
sports/golf/n00464894_9080.jpg,336
sports/golf/n00464894_9116.jpg,336
sports/golf/n00464894_9175.jpg,336
sports/golf/n00464894_9191.jpg,336
sports/golf/n00464894_9251.jpg,336
sports/golf/n00464894_9505.jpg,336
sports/golf/n00464894_9589.jpg,336
sports/golf/n00464894_9642.jpg,336
sports/golf/n00464894_9950.jpg,336
sports/golf/n00464894_9966.jpg,336
sports/gymnastics/01632b2621c70f0a.jpg,336
sports/gymnastics/03e15185cfaf3edf.jpg,336
sports/gymnastics/11e9893bc1e70924.jpg,336
sports/gymnastics/1bd57202eab83f72.jpg,336
sports/gymnastics/1bd904846b4ac438.jpg,336
sports/gymnastics/1c64d0a5c94e520b.jpg,336
sports/gymnastics/1ff02c2dd58ac89e.jpg,336
sports/gymnastics/284b9fc66ab531fa.jpg,337
sports/gymnastics/2be435d58d5e858d.jpg,337
sports/gymnastics/2d0e3d74e9d9c96d.jpg,337
sports/gymnastics/2f9ea40fc5161426.jpg,337
sports/gymnastics/303d5c824614b59d.jpg,337
sports/gymnastics/314b18e4dd4e1f84.jpg,337
sports/gymnastics/36d088d7045fc823.jpg,337
sports/gymnastics/37a339d612fbd8dc.jpg,337
sports/gymnastics/3b9dd07f35b55a43.jpg,337
sports/gymnastics/3f7826aa5312939a.jpg,337
sports/gymnastics/42f6decb34b04c85.jpg,337
sports/gymnastics/48abd1db27d7de96.jpg,337
sports/gymnastics/4b39410d409f23c8.jpg,337
sports/gymnastics/4e3b05a274ec9070.jpg,337
sports/gymnastics/5c2cb88d3566e522.jpg,337
sports/gymnastics/61f624ac32c56eba.jpg,337
sports/gymnastics/64d859e02180217e.jpg,337
sports/gymnastics/651c2ae1e6892530.jpg,337
sports/gymnastics/66244a77636dd606.jpg,337
sports/gymnastics/6ca88869cb213178.jpg,337
sports/gymnastics/6d8a20a69d1f2667.jpg,338
sports/gymnastics/71f118b4354b5ff0.jpg,338
sports/gymnastics/819010698b243bd6.jpg,338
sports/gymnastics/8c6459b9f289fa47.jpg,338
sports/gymnastics/8de344ed44498634.jpg,338
sports/gymnastics/910c63df860a274e.jpg,338
sports/gymnastics/92c0a1e89a467815.jpg,338
sports/gymnastics/965fcccf96b4fb08.jpg,338
sports/gymnastics/9b3a86b775b0121c.jpg,338
sports/gymnastics/9bd9214f613fa836.jpg,338
sports/gymnastics/9f10eef51818ce72.jpg,338
sports/gymnastics/9ff2f0382e09681f.jpg,338
sports/gymnastics/a4cd92bb222f7ce1.jpg,338
sports/gymnastics/a70f746e69334265.jpg,338
sports/gymnastics/a9c524228aecdba0.jpg,338
sports/gymnastics/aa0494433027c7c9.jpg,338
sports/gymnastics/ac36d564ad0b93e1.jpg,338
sports/gymnastics/be64f47a308ca5e4.jpg,338
sports/gymnastics/c0f5566fba5d2c67.jpg,338
sports/gymnastics/c6249d94f4b8fc0b.jpg,338
sports/gymnastics/cc1482ab9b518746.jpg,339
sports/gymnastics/cc743804be31c6af.jpg,339
sports/gymnastics/cca26d0015d1fbc9.jpg,339
sports/gymnastics/cde9f1472b95e07f.jpg,339
sports/gymnastics/d1a2a4d8137a71e0.jpg,339
sports/gymnastics/d33ec9ab2872cbd3.jpg,339
sports/gymnastics/d4da943cfb830edb.jpg,339
sports/gymnastics/d79ea3d7d75d1698.jpg,339
sports/gymnastics/db2d4827104ccd7b.jpg,339
sports/gymnastics/df85986ebb487f15.jpg,339
sports/gymnastics/e04b7724f7319907.jpg,339
sports/gymnastics/eb62afcc2cc32f68.jpg,339
sports/gymnastics/ec79dfe1948600e6.jpg,339
sports/gymnastics/f765766093e87c88.jpg,339
sports/gymnastics/fa0b553ad96e5242.jpg,339
sports/ice hockey/0543f1b76e391db9.jpg,339
sports/ice hockey/058567362019b68c.jpg,339
sports/ice hockey/0a9033f96755177c.jpg,339
sports/ice hockey/0ad7bad30cd432df.jpg,339
sports/ice hockey/0aea452ca8e904e7.jpg,339
sports/ice hockey/0dae295abfdff1ea.jpg,340
sports/ice hockey/0ea39a2dcc1d75cd.jpg,340
sports/ice hockey/118e34b1af1942e8.jpg,340
sports/ice hockey/16e3ee82eb0dabbd.jpg,340
sports/ice hockey/1aec2efcae150271.jpg,340
sports/ice hockey/1f21eeca4577a562.jpg,340
sports/ice hockey/23b73886e375fa7e.jpg,340
sports/ice hockey/2be8f0738a9a1c97.jpg,340
sports/ice hockey/2c41faad4c1f65b5.jpg,340
sports/ice hockey/2fc815db5f60e390.jpg,340
sports/ice hockey/31ce868de373d467.jpg,340
sports/ice hockey/351b5737a1ab2885.jpg,340
sports/ice hockey/3aa81f9741ba9a9f.jpg,340
sports/ice hockey/3d1b2e53cd24ce90.jpg,340
sports/ice hockey/3e7d95d9fd61b760.jpg,340
sports/ice hockey/3f18498b871d51ba.jpg,340
sports/ice hockey/42f4b58b21cbe526.jpg,340
sports/ice hockey/44b1d9ea53911b80.jpg,340
sports/ice hockey/44da855f8db7d75f.jpg,340
sports/ice hockey/4504f990b3609149.jpg,340
sports/ice hockey/46cd2e8468293902.jpg,341
sports/ice hockey/470ed9c49466aa58.jpg,341
sports/ice hockey/4e223fa1b1baccb5.jpg,341
sports/ice hockey/4f2343b8281ea366.jpg,341
sports/ice hockey/5186956757a13de0.jpg,341
sports/ice hockey/534af61fae5fe4d4.jpg,341
sports/ice hockey/56770050ea8dba24.jpg,341
sports/ice hockey/59ceb630665f7758.jpg,341
sports/ice hockey/5b2e422c926f1e57.jpg,341
sports/ice hockey/5b336820a1e8baed.jpg,341
sports/ice hockey/654d741e1d80fd43.jpg,341
sports/ice hockey/68e14a4429132391.jpg,341
sports/ice hockey/6ee605e86e56e0e3.jpg,341
sports/ice hockey/7cdcb137fe34a95e.jpg,341
sports/ice hockey/83ab987502a09a6b.jpg,341
sports/ice hockey/84ebed9f630e379a.jpg,341
sports/ice hockey/8f82fbb148cbb7b4.jpg,341
sports/ice hockey/935acb1cbbe1c4cc.jpg,341
sports/ice hockey/93817e876146e69b.jpg,341
sports/ice hockey/93a6949865b988a4.jpg,341
sports/ice hockey/94137cbe7c37e64d.jpg,342
sports/ice hockey/9cb1e2d7ec5ebe81.jpg,342
sports/ice hockey/9e0b50b69b095d1d.jpg,342
sports/ice hockey/9ed6211c70cdd276.jpg,342
sports/ice hockey/9fdf25ec79965e3f.jpg,342
sports/ice hockey/a299795b3d1ae056.jpg,342
sports/ice hockey/a658c1dbf5ff3fb8.jpg,342
sports/ice hockey/a8895e69efa2a435.jpg,342
sports/ice hockey/a90ab7e806e3a62b.jpg,342
sports/ice hockey/aeae192fcdc7715e.jpg,342
sports/ice hockey/b080e8dae70bfe84.jpg,342
sports/ice hockey/b0bc605978c40a86.jpg,342
sports/ice hockey/b2fb0ff2373a5907.jpg,342
sports/ice hockey/bf6e1ab364fc7572.jpg,342
sports/ice hockey/c0b448197bb26158.jpg,342
sports/ice hockey/c2a4e9b103e44933.jpg,342
sports/ice hockey/c640a3584d1e4d71.jpg,342
sports/ice hockey/ce604b31eae758ba.jpg,342
sports/ice hockey/cefeffaa35e5554b.jpg,342
sports/ice hockey/d2ef8f4bfba0d4f3.jpg,342
sports/ice hockey/d30cf90f4d40cfcd.jpg,343
sports/ice hockey/d894f93f348d6eda.jpg,343
sports/ice hockey/da7a3c300739e6a0.jpg,343
sports/ice hockey/e4f55f661a8c4977.jpg,343
sports/ice hockey/e6531a91951cea03.jpg,343
sports/ice hockey/e90d1fe2f89787a8.jpg,343
sports/ice hockey/eb2406b3c32c6eb4.jpg,343
sports/ice hockey/ebce94aa47a331eb.jpg,343
sports/ice hockey/ecf8e91b2613e79d.jpg,343
sports/ice hockey/ed9e6b9510cf8ef7.jpg,343
sports/ice hockey/f3cd7f313b9db562.jpg,343
sports/ice hockey/fdd42cffe50c364c.jpg,343
sports/japanese martial arts/00b96ff2060fcfa2.jpg,343
sports/japanese martial arts/02690f65ea2a2223.jpg,343
sports/japanese martial arts/03f1ef1359dbf0c1.jpg,343
sports/japanese martial arts/051d5f29e283fb24.jpg,343
sports/japanese martial arts/059001702b9b91e5.jpg,343
sports/japanese martial arts/09cc66c3ce06c937.jpg,343
sports/japanese martial arts/0d3119fe1227332d.jpg,343
sports/japanese martial arts/0fe3f79c9523477a.jpg,343
sports/japanese martial arts/114d6b81e7b1fa08.jpg,344
sports/japanese martial arts/13fbf4d8a571de45.jpg,344
sports/japanese martial arts/1b1e98b5f9cc8b50.jpg,344
sports/japanese martial arts/1bbb133de9623768.jpg,344
sports/japanese martial arts/1f92541b4f439e51.jpg,344
sports/japanese martial arts/234d72b20100b070.jpg,344
sports/japanese martial arts/23a9162f4356427c.jpg,344
sports/japanese martial arts/2509b4b6414f04d3.jpg,344
sports/japanese martial arts/26029c6c44ee5452.jpg,344
sports/japanese martial arts/29af2f1dd764c49f.jpg,344
sports/japanese martial arts/2adc2001f2704f06.jpg,344
sports/japanese martial arts/2fd1948266c82802.jpg,344
sports/japanese martial arts/2fd91d447d744038.jpg,344
sports/japanese martial arts/4656464d55472d7f.jpg,344
sports/japanese martial arts/46e3dfd73c4ff58c.jpg,344
sports/japanese martial arts/47c3c79be6aa0974.jpg,344
sports/japanese martial arts/4882db1a7d20bbe3.jpg,344
sports/japanese martial arts/4ba30c0ec637fd23.jpg,344
sports/japanese martial arts/4df59b387b10f876.jpg,344
sports/japanese martial arts/4e27b4cc6e70cf1c.jpg,344
sports/japanese martial arts/4f5fcdbccb70fe17.jpg,345
sports/japanese martial arts/512098c6ba73b6d3.jpg,345
sports/japanese martial arts/5526b69113f74659.jpg,345
sports/japanese martial arts/58156b82c899e639.jpg,345
sports/japanese martial arts/59c9716ad00033a0.jpg,345
sports/japanese martial arts/5c955e3a7555aa23.jpg,345
sports/japanese martial arts/6cb54fd6e4b8ecbe.jpg,345
sports/japanese martial arts/707abebe50ebce8d.jpg,345
sports/japanese martial arts/72fa84a7bbae74c5.jpg,345
sports/japanese martial arts/753f4def4738bbde.jpg,345
sports/japanese martial arts/75993a9d9a9315ff.jpg,345
sports/japanese martial arts/81c08a27d1711452.jpg,345
sports/japanese martial arts/827e29bb9f9c7427.jpg,345
sports/japanese martial arts/9034b66aa88b7996.jpg,345
sports/japanese martial arts/93bd25e8154bb8b9.jpg,345
sports/japanese martial arts/9698dffd80dfea8c.jpg,345
sports/japanese martial arts/99b99a22a0354651.jpg,345
sports/japanese martial arts/9cb7e8cffefbf99f.jpg,345
sports/japanese martial arts/9e325c20c06565bb.jpg,345
sports/japanese martial arts/9eb13ec3324f5d88.jpg,345
sports/japanese martial arts/a2668a5b15925ec1.jpg,346
sports/japanese martial arts/a31b4795bd65b914.jpg,346
sports/japanese martial arts/a524a06b55294fe0.jpg,346
sports/japanese martial arts/a5f627b7166f2f0f.jpg,346
sports/japanese martial arts/a6478a1638644647.jpg,346
sports/japanese martial arts/a777a871a59ba267.jpg,346
sports/japanese martial arts/ae9d6a16a82620f8.jpg,346
sports/japanese martial arts/b57ae3664e85e046.jpg,346
sports/japanese martial arts/b693aa62adfef666.jpg,346
sports/japanese martial arts/c0c36892321e1c29.jpg,346
sports/japanese martial arts/c3b7f14cad985e8c.jpg,346
sports/japanese martial arts/d3dc5678a8a28f95.jpg,346
sports/japanese martial arts/d4a3d927462dda54.jpg,346
sports/japanese martial arts/da47f61e1f5a7927.jpg,346
sports/japanese martial arts/dd6f1f06f3025b28.jpg,346
sports/japanese martial arts/e306debdd4e9da9c.jpg,346
sports/japanese martial arts/e50549734a1a3d6d.jpg,346
sports/japanese martial arts/e5b67ef6e91c1cf2.jpg,346
sports/japanese martial arts/e8347af1a8106c91.jpg,346
sports/japanese martial arts/e9ecab6c08ee8407.jpg,346
sports/japanese martial arts/ea22da2b9fa06829.jpg,347
sports/japanese martial arts/ed40d14e0f39eb7e.jpg,347
sports/japanese martial arts/eefad9609b2e9edc.jpg,347
sports/japanese martial arts/ef14626d95f156e5.jpg,347
sports/japanese martial arts/ef2f3288f7af27a6.jpg,347
sports/japanese martial arts/f2167c62794b8746.jpg,347
sports/japanese martial arts/f524c74a9a112cf8.jpg,347
sports/japanese martial arts/f6aad81bc09dc659.jpg,347
sports/japanese martial arts/f85c058e1b60c705.jpg,347
sports/japanese martial arts/fdb183631f320b49.jpg,347
sports/karate/12aa9167c034ea37.jpg,347
sports/karate/1f5b5919fb37d93b.jpg,347
sports/karate/26eba60bf2828382.jpg,347
sports/karate/28461166e51f8217.jpg,347
sports/karate/3e9fc8ce3def4482.jpg,347
sports/karate/3ecc8dd591d2496d.jpg,347
sports/karate/4299e2ebf9c58542.jpg,347
sports/karate/4423bc3fc1f1ea56.jpg,347
sports/karate/44fbc46a57311ee9.jpg,347
sports/karate/4592a320b99460e2.jpg,347
sports/karate/46aa118cee4f86d9.jpg,348
sports/karate/473d09bdea5aceac.jpg,348
sports/karate/5789304f5ccd057d.jpg,348
sports/karate/5c3d7e1e55326af8.jpg,348
sports/karate/6066408c8757fe60.jpg,348
sports/karate/717b396012deba08.jpg,348
sports/karate/803df0dee9e9e1d7.jpg,348
sports/karate/82f1a9e2176a2145.jpg,348
sports/karate/8b1a20ffe4e93512.jpg,348
sports/karate/a0805ac4c8992d3b.jpg,348
sports/karate/a919cd7d332bba81.jpg,348
sports/karate/aa8e2b1c612805d3.jpg,348
sports/karate/b13dfb24715f0fc5.jpg,348
sports/karate/c1dba2c782343dbc.jpg,348
sports/karate/c9f3254d7fc34b31.jpg,348
sports/karate/ca52e9c468267ab4.jpg,348
sports/karate/eb9c2f5ef792d456.jpg,348
sports/karate/ee5a91b811a8ce3e.jpg,348
sports/karate/f0067eb8a3e46420.jpg,348
sports/karate/f70e2da87e3a08e5.jpg,348
sports/lacrosse/0110e8ec47d60bda.jpg,349
sports/lacrosse/06ab03d651ae501b.jpg,349
sports/lacrosse/0bd97cc657f4c3f4.jpg,349
sports/lacrosse/0f6367eb190d0505.jpg,349
sports/lacrosse/1537f41b7a4fc016.jpg,349
sports/lacrosse/1805dc51e061ee3f.jpg,349
sports/lacrosse/1b1ec74ad2005f06.jpg,349
sports/lacrosse/215dc68b2c525959.jpg,349
sports/lacrosse/26c881a4fad723e9.jpg,349
sports/lacrosse/26dbc26f819a0d68.jpg,349
sports/lacrosse/293f56dc17a59733.jpg,349
sports/lacrosse/34b4b1e00c8e05ce.jpg,349
sports/lacrosse/35669675caf4ebe9.jpg,349
sports/lacrosse/3601de93a0e5fd67.jpg,349
sports/lacrosse/439e21de21f1e611.jpg,349
sports/lacrosse/465e10af9b6e3ef5.jpg,349
sports/lacrosse/5081ae7d7bd1a83a.jpg,349
sports/lacrosse/52d6421dbe9e7100.jpg,349
sports/lacrosse/5343b64732666414.jpg,349
sports/lacrosse/54d149d732cd530b.jpg,349
sports/lacrosse/5582e1b92da31e68.jpg,350
sports/lacrosse/577f77b326ff65e7.jpg,350
sports/lacrosse/5a4fc14161a53bb4.jpg,350
sports/lacrosse/5d8c99f560208989.jpg,350
sports/lacrosse/5ffeffc15eb1de28.jpg,350
sports/lacrosse/6640cb58a84d1828.jpg,350
sports/lacrosse/71e61c1183f5bfba.jpg,350
sports/lacrosse/7247dcf186a435d7.jpg,350
sports/lacrosse/7e8f1095b4e20df9.jpg,350
sports/lacrosse/854a262f5ef9d933.jpg,350
sports/lacrosse/8568a9adbda07fe7.jpg,350
sports/lacrosse/86e9451ce692d4e6.jpg,350
sports/lacrosse/875fe886b023ae54.jpg,350
sports/lacrosse/9d843b2a03558a69.jpg,350
sports/lacrosse/9f9627495742c52e.jpg,350
sports/lacrosse/a7aa9768e5b4e053.jpg,350
sports/lacrosse/ae387da9890adf09.jpg,350
sports/lacrosse/b5d328a10a792d7e.jpg,350
sports/lacrosse/b9629dfcee0b9b3c.jpg,350
sports/lacrosse/c4a79ad7987f24b9.jpg,350
sports/lacrosse/ca628a60792aa441.jpg,351
sports/lacrosse/d30c9d1cd116c210.jpg,351
sports/lacrosse/d5d2bfbf1d397b5b.jpg,351
sports/lacrosse/dbf60b8984b89eae.jpg,351
sports/lacrosse/dc64c9fa850fa7de.jpg,351
sports/lacrosse/e25652b3a08c346f.jpg,351
sports/lacrosse/e6ed59d321122050.jpg,351
sports/lacrosse/eabaa6a885b0d2b4.jpg,351
sports/lacrosse/ee9ff188921745c2.jpg,351
sports/lacrosse/f00029c079347a21.jpg,351
sports/lacrosse/f001554921abd6af.jpg,351
sports/lacrosse/f3d1acd39988a804.jpg,351
sports/lacrosse/fb95b3f8cf29b596.jpg,351
sports/lacrosse/fc14f1cce131d551.jpg,351
sports/mountain biking/0134e4c71ff2dd8a.jpg,351
sports/mountain biking/087b1062dc719626.jpg,351
sports/mountain biking/0af7ea4cedd9727f.jpg,351
sports/mountain biking/13fb10a6d2718757.jpg,351
sports/mountain biking/171b328f1c63c1d6.jpg,351
sports/mountain biking/19b4672fc09b7f74.jpg,351
sports/mountain biking/20c25df116a12983.jpg,352
sports/mountain biking/2a9c95d441f4958e.jpg,352
sports/mountain biking/2bdefa6c6b45b495.jpg,352
sports/mountain biking/3621d630ce4d726b.jpg,352
sports/mountain biking/43028c395ed649ef.jpg,352
sports/mountain biking/4c0275745141b853.jpg,352
sports/mountain biking/53de264315f31cdc.jpg,352
sports/mountain biking/571abfa0a95e675a.jpg,352
sports/mountain biking/5a06cc680775df9c.jpg,352
sports/mountain biking/5ae17e2ece920152.jpg,352
sports/mountain biking/5d927b791ed979bd.jpg,352
sports/mountain biking/6733d7a815809a84.jpg,352
sports/mountain biking/7e4f94776a3b4db8.jpg,352
sports/mountain biking/7ed3fbc0d52eae5d.jpg,352
sports/mountain biking/7f04e60fa0ab31cb.jpg,352
sports/mountain biking/8f4eff2661ddfd1a.jpg,352
sports/mountain biking/98e8baa4d1188219.jpg,352
sports/mountain biking/99a0c49a6c22df59.jpg,352
sports/mountain biking/9a284f20e81f56a0.jpg,352
sports/mountain biking/a284f227c612b0c8.jpg,352
sports/mountain biking/a4371ed7681b31f4.jpg,353
sports/mountain biking/a6cff7d33b841d2f.jpg,353
sports/mountain biking/abc436f8778e1a82.jpg,353
sports/mountain biking/aec20da322ac2ace.jpg,353
sports/mountain biking/c4e8395425f49d05.jpg,353
sports/mountain biking/c658026260b5ba62.jpg,353
sports/mountain biking/ce30e3bdaeca2ae1.jpg,353
sports/mountain biking/dcd671ad57417234.jpg,353
sports/mountain biking/e98d463e02434aba.jpg,353
sports/mountain biking/f6daef3ca544abf3.jpg,353
sports/mountain biking/fad43fb6ac0d9c90.jpg,353
sports/mountain biking/fcb06733651f6876.jpg,353
sports/mountain biking/feecb94338fe3dc8.jpg,353
sports/roller skating/022c1f420446d118.jpg,353
sports/roller skating/076078740387b572.jpg,353
sports/roller skating/0a4c4ab517c2900e.jpg,353
sports/roller skating/0e9d7928364dce7e.jpg,353
sports/roller skating/134e7aae3e2561c9.jpg,353
sports/roller skating/16f51edf6ef907f5.jpg,353
sports/roller skating/1a17241c6f0e6642.jpg,353
sports/roller skating/1b9c7e12abbe940e.jpg,354
sports/roller skating/1c9f9e769b02d785.jpg,354
sports/roller skating/208fcde7b90bcbf8.jpg,354
sports/roller skating/2611d2e7db140a46.jpg,354
sports/roller skating/2f8646054639f943.jpg,354
sports/roller skating/3e5f7dc48d210ad0.jpg,354
sports/roller skating/41af3efaefe26242.jpg,354
sports/roller skating/42cc26dd872160fb.jpg,354
sports/roller skating/5354286f9d07f704.jpg,354
sports/roller skating/53e19901290661c3.jpg,354
sports/roller skating/54b1221080a3301e.jpg,354
sports/roller skating/56c8e6f1b804c529.jpg,354
sports/roller skating/592bf7ae460cd22f.jpg,354
sports/roller skating/5ba69198a3acd712.jpg,354
sports/roller skating/5f050d7981eafb6a.jpg,354
sports/roller skating/5fc131efa7988d86.jpg,354
sports/roller skating/681b9d18e064e882.jpg,354
sports/roller skating/769faaf11d76c4b6.jpg,354
sports/roller skating/7aaf2ad4bd23d9a8.jpg,354
sports/roller skating/7aff58e036d03b98.jpg,354
sports/roller skating/8495ab3a5a40c791.jpg,355
sports/roller skating/84e3ccf7d57f3b99.jpg,355
sports/roller skating/89ba1a0400587736.jpg,355
sports/roller skating/8b932b1337db7e2a.jpg,355
sports/roller skating/93f7d390a622ecd5.jpg,355
sports/roller skating/95e59623c871c809.jpg,355
sports/roller skating/9f0a2313d27cfdc4.jpg,355
sports/roller skating/a35f36389c0cac44.jpg,355
sports/roller skating/a4dd58611e612080.jpg,355
sports/roller skating/a70377d1fbaf2bc0.jpg,355
sports/roller skating/a77992ff3c343a75.jpg,355
sports/roller skating/a8feca346e12cda2.jpg,355
sports/roller skating/adc560d6428b46e8.jpg,355
sports/roller skating/aeddefe970b1f7fc.jpg,355
sports/roller skating/b040a3d19b807114.jpg,355
sports/roller skating/b34d65c99982dfe3.jpg,355
sports/roller skating/b758d8693bf30491.jpg,355
sports/roller skating/bac7289f09513b2f.jpg,355
sports/roller skating/bb49641de5d0abe8.jpg,355
sports/roller skating/bdee38873a2c3482.jpg,355
sports/roller skating/c2b8e5978146d18e.jpg,356
sports/roller skating/c76fd1f8905308f5.jpg,356
sports/roller skating/c9e8efe103a3898a.jpg,356
sports/roller skating/cf17b05921c0ee47.jpg,356
sports/roller skating/d1b90f07c19a5085.jpg,356
sports/roller skating/d6686aeee94c1def.jpg,356
sports/roller skating/d8eb36feae233875.jpg,356
sports/roller skating/dd21bc27bb6eebb9.jpg,356
sports/roller skating/dfd2423518569f4f.jpg,356
sports/roller skating/e749e52646ca0791.jpg,356
sports/roller skating/e7d7dbd2012df9fd.jpg,356
sports/roller skating/f26d220a7b9effda.jpg,356
sports/roller skating/f296d771d7167afc.jpg,356
sports/roller skating/f2b55d7fc564c01c.jpg,356
sports/roller skating/f6fa7d596f62d9b6.jpg,356
sports/roller skating/feb2c1b891915ffa.jpg,356
sports/roller skating/ff7008672523e06a.jpg,356
sports/rowing/03fb5628ea9fc281.jpg,356
sports/rowing/078b53d8a454894d.jpg,356
sports/rowing/106416971fe2f7ee.jpg,356
sports/rowing/140ad20c487e1a55.jpg,357
sports/rowing/16586c5c46b04e89.jpg,357
sports/rowing/1a00488e3f3dcd42.jpg,357
sports/rowing/23439e2bab87d9e2.jpg,357
sports/rowing/2823c8ffca4688b0.jpg,357
sports/rowing/2ac6857abf349315.jpg,357
sports/rowing/3221f665b5c19b3c.jpg,357
sports/rowing/332e01ea060bdb88.jpg,357
sports/rowing/3575fe8f13d43ff4.jpg,357
sports/rowing/36963c8e1dee2486.jpg,357
sports/rowing/36daf4b907485637.jpg,357
sports/rowing/422e5a2532b175c7.jpg,357
sports/rowing/42f90657f501a723.jpg,357
sports/rowing/45a0df80760bd709.jpg,357
sports/rowing/505c9999688d973f.jpg,357
sports/rowing/520938b2c3a0bd8e.jpg,357
sports/rowing/53821fa455b7f309.jpg,357
sports/rowing/5583e593fa709d42.jpg,357
sports/rowing/567fba0ae8f5cad5.jpg,357
sports/rowing/60937062cd8ce2a8.jpg,357
sports/rowing/63386e0be460ef2d.jpg,358
sports/rowing/63ba4d0deb2901e4.jpg,358
sports/rowing/63d666d93970eeb4.jpg,358
sports/rowing/68b7b352e297f202.jpg,358
sports/rowing/6f2f4197e6f566bd.jpg,358
sports/rowing/71ae5670e0d4b66b.jpg,358
sports/rowing/75aeedaabc305bdd.jpg,358
sports/rowing/7f3edee8f6a451b2.jpg,358
sports/rowing/828dd4dc9a7a602e.jpg,358
sports/rowing/83a724973d2273e9.jpg,358
sports/rowing/888013ce63acbff2.jpg,358
sports/rowing/89aa1a02b9b02069.jpg,358
sports/rowing/8aa6b2f1844fddbb.jpg,358
sports/rowing/8ea0e36018513b71.jpg,358
sports/rowing/90dba6de931ca930.jpg,358
sports/rowing/984d569ff3b4876a.jpg,358
sports/rowing/9e65b70f0a3ebf49.jpg,358
sports/rowing/9f1036550f042755.jpg,358
sports/rowing/a01375cbf1a80101.jpg,358
sports/rowing/a031d2fef6592365.jpg,358
sports/rowing/a0b9c7987d388bf3.jpg,359
sports/rowing/a6076d1eda69f0f1.jpg,359
sports/rowing/a6c9c4affde9a6a2.jpg,359
sports/rowing/a8d279d6988cfc0c.jpg,359
sports/rowing/aad7de1f5cd52a81.jpg,359
sports/rowing/b5d4d36dc92c682e.jpg,359
sports/rowing/ba8e21aa9eb654f2.jpg,359
sports/rowing/bc5273bef280b939.jpg,359
sports/rowing/c1eeb414a921c7be.jpg,359
sports/rowing/c3b98b917b36a8a1.jpg,359
sports/rowing/c6789c5bd0d392a6.jpg,359
sports/rowing/c6c86a2edd04f726.jpg,359
sports/rowing/c94d77cbfa784521.jpg,359
sports/rowing/cc4c4cdc33cc4b40.jpg,359
sports/rowing/e05959944abb7053.jpg,359
sports/rowing/e07e9a02ea5b836c.jpg,359
sports/rowing/ebda4cc826b4f92f.jpg,359
sports/rowing/ec54c40892d901ad.jpg,359
sports/rowing/n00445351_11520.jpg,359
sports/rowing/n00445351_12076.jpg,359
sports/rowing/n00445351_12160.jpg,360
sports/rowing/n00445351_12278.jpg,360
sports/rowing/n00445351_12353.jpg,360
sports/rowing/n00445351_12357.jpg,360
sports/rowing/n00445351_12544.jpg,360
sports/rowing/n00445351_13068.jpg,360
sports/rowing/n00445351_13510.jpg,360
sports/rowing/n00445351_13626.jpg,360
sports/rowing/n00445351_13743.jpg,360
sports/rowing/n00445351_29045.jpg,360
sports/rowing/n00445351_4303.jpg,360
sports/rowing/n00445351_4499.jpg,360
sports/rowing/n00445351_4658.jpg,360
sports/rowing/n00445351_4688.jpg,360
sports/rowing/n00445351_4948.jpg,360
sports/rowing/n00445351_4989.jpg,360
sports/rowing/n00445351_5398.jpg,360
sports/rowing/n00445351_5585.jpg,360
sports/rowing/n00445351_5635.jpg,360
sports/rowing/n00445351_5640.jpg,360
sports/rowing/n00445351_5646.jpg,361
sports/rowing/n00445351_5647.jpg,361
sports/rowing/n00445351_6131.jpg,361
sports/rowing/n00445351_6286.jpg,361
sports/rowing/n00445351_6771.jpg,361
sports/rowing/n00445351_7035.jpg,361
sports/rowing/n00445351_7278.jpg,361
sports/rowing/n00445351_7300.jpg,361
sports/rowing/n00445351_7762.jpg,361
sports/rowing/n00445351_7834.jpg,361
sports/rowing/n00445351_8035.jpg,361
sports/rowing/n00445351_8103.jpg,361
sports/rowing/n00445351_8391.jpg,361
sports/rowing/n00445351_8468.jpg,361
sports/rowing/n00445351_8627.jpg,361
sports/rowing/n00445351_8665.jpg,361
sports/rowing/n00445351_9432.jpg,361
sports/rugby/000000057185.jpg,361
sports/rugby/000000161333.jpg,361
sports/rugby/000000186109.jpg,361
sports/rugby/000000211283.jpg,362
sports/rugby/000000246980.jpg,362
sports/rugby/000000388422.jpg,362
sports/rugby/000000405762.jpg,362
sports/rugby/00156ac2ee0c3d58.jpg,362
sports/rugby/0c986f4c7d7610b3.jpg,362
sports/rugby/1c5cc0ce410f529c.jpg,362
sports/rugby/22ac236b8a16cf5b.jpg,362
sports/rugby/22dd1e06fc2e28a1.jpg,362
sports/rugby/273ec8863a86711c.jpg,362
sports/rugby/2d247c6c85e9db4f.jpg,362
sports/rugby/2d7a6c57f56faf45.jpg,362
sports/rugby/2d8e0ed06405b1d9.jpg,362
sports/rugby/34699137ab6d2134.jpg,362
sports/rugby/37fc6aef44db3fe0.jpg,362
sports/rugby/49bf04a42c9d83c1.jpg,362
sports/rugby/517e9176710959b7.jpg,362
sports/rugby/57251d1cf556fa5e.jpg,362
sports/rugby/5b3d8eacb52b1468.jpg,362
sports/rugby/61052fcae53fe1d1.jpg,362
sports/rugby/6b7c09cc768e8537.jpg,363
sports/rugby/6e311950f4d486d3.jpg,363
sports/rugby/705a34e58044ec9f.jpg,363
sports/rugby/7304355d2a3f76b0.jpg,363
sports/rugby/746d8cccf68176e7.jpg,363
sports/rugby/75b729e50df80c11.jpg,363
sports/rugby/76d71199ef93778b.jpg,363
sports/rugby/7e9320f10a4f1d60.jpg,363
sports/rugby/8033714176cfff11.jpg,363
sports/rugby/85d247d5578830b5.jpg,363
sports/rugby/87733c5baa723da3.jpg,363
sports/rugby/a23d9e33c472f76b.jpg,363
sports/rugby/a88dd69d1b786a6f.jpg,363
sports/rugby/ab559258b93a2f38.jpg,363
sports/rugby/ac7c8233108052d9.jpg,363
sports/rugby/b4c10d58d358c504.jpg,363
sports/rugby/bcab6deacb415a75.jpg,363
sports/rugby/c0d4ba4d5b69f7a4.jpg,363
sports/rugby/d3c4f50f3dbb1143.jpg,363
sports/rugby/ea7bb8c2db2718fb.jpg,363
sports/rugby/f8e3c139a7cf9807.jpg,364
sports/rugby/f96e52bef139ae52.jpg,364
sports/rugby/n00470966_1279.jpg,364
sports/rugby/n00470966_14286.jpg,364
sports/rugby/n00470966_18523.jpg,364
sports/rugby/n00470966_18537.jpg,364
sports/rugby/n00470966_18565.jpg,364
sports/rugby/n00470966_18989.jpg,364
sports/rugby/n00470966_19147.jpg,364
sports/rugby/n00470966_19202.jpg,364
sports/rugby/n00470966_19377.jpg,364
sports/rugby/n00470966_19837.jpg,364
sports/rugby/n00470966_20042.jpg,364
sports/rugby/n00470966_20471.jpg,364
sports/rugby/n00470966_20798.jpg,364
sports/rugby/n00470966_20874.jpg,364
sports/rugby/n00470966_22022.jpg,364
sports/rugby/n00470966_23286.jpg,364
sports/rugby/n00470966_23296.jpg,364
sports/rugby/n00470966_24329.jpg,364
sports/rugby/n00470966_24571.jpg,365
sports/rugby/n00470966_24980.jpg,365
sports/rugby/n00470966_25103.jpg,365
sports/rugby/n00470966_25827.jpg,365
sports/rugby/n00470966_25838.jpg,365
sports/rugby/n00470966_25966.jpg,365
sports/rugby/n00470966_26356.jpg,365
sports/rugby/n00470966_27438.jpg,365
sports/rugby/n00470966_27487.jpg,365
sports/rugby/n00470966_4644.jpg,365
sports/skateboarding/000000027482.jpg,365
sports/skateboarding/000000034412.jpg,365
sports/skateboarding/000000088335.jpg,365
sports/skateboarding/000000109766.jpg,365
sports/skateboarding/000000121951.jpg,365
sports/skateboarding/000000127514.jpg,365
sports/skateboarding/000000127550.jpg,365
sports/skateboarding/000000140416.jpg,365
sports/skateboarding/000000143234.jpg,365
sports/skateboarding/000000143666.jpg,365
sports/skateboarding/000000149726.jpg,366
sports/skateboarding/000000156500.jpg,366
sports/skateboarding/000000160337.jpg,366
sports/skateboarding/000000172408.jpg,366
sports/skateboarding/000000209778.jpg,366
sports/skateboarding/000000209971.jpg,366
sports/skateboarding/000000215151.jpg,366
sports/skateboarding/000000241882.jpg,366
sports/skateboarding/000000247397.jpg,366
sports/skateboarding/000000254638.jpg,366
sports/skateboarding/000000262119.jpg,366
sports/skateboarding/000000273814.jpg,366
sports/skateboarding/000000304694.jpg,366
sports/skateboarding/000000362005.jpg,366
sports/skateboarding/000000369295.jpg,366
sports/skateboarding/000000374270.jpg,366
sports/skateboarding/000000376185.jpg,366
sports/skateboarding/000000379272.jpg,366
sports/skateboarding/000000381509.jpg,366
sports/skateboarding/000000382041.jpg,366
sports/skateboarding/000000392148.jpg,367
sports/skateboarding/000000407067.jpg,367
sports/skateboarding/000000446108.jpg,367
sports/skateboarding/000000479957.jpg,367
sports/skateboarding/000000493845.jpg,367
sports/skateboarding/000000495523.jpg,367
sports/skateboarding/000000506710.jpg,367
sports/skateboarding/000000514083.jpg,367
sports/skateboarding/000000518761.jpg,367
sports/skateboarding/000000528276.jpg,367
sports/skateboarding/000000540027.jpg,367
sports/skateboarding/000000553609.jpg,367
sports/skateboarding/000000576322.jpg,367
sports/skateboarding/000000581667.jpg,367
sports/skateboarding/060871e66b31ee84.jpg,367
sports/skateboarding/0af7495ce8c2f098.jpg,367
sports/skateboarding/1a763572bc101798.jpg,367
sports/skateboarding/1c5af1d984d53333.jpg,367
sports/skateboarding/21127e0539efd8b3.jpg,367
sports/skateboarding/256f1eeaf5cb433c.jpg,367
sports/skateboarding/2f823f61672c9629.jpg,368
sports/skateboarding/2fdb25f2d29f9efa.jpg,368
sports/skateboarding/3542231e42dc54cf.jpg,368
sports/skateboarding/426f6b665d06fbaf.jpg,368
sports/skateboarding/436dc60472022f84.jpg,368
sports/skateboarding/44a9991210c2e2e0.jpg,368
sports/skateboarding/4fa04a0d40bc46df.jpg,368
sports/skateboarding/50879bd476ef5eb4.jpg,368
sports/skateboarding/52a99c70ee4a0746.jpg,368
sports/skateboarding/5fdee4a3f5e3bb28.jpg,368
sports/skateboarding/65fcca1ed7a8a54f.jpg,368
sports/skateboarding/67fc00cbfdf7252d.jpg,368
sports/skateboarding/6c27f89d9081572e.jpg,368
sports/skateboarding/6f8f4097a2f50e91.jpg,368
sports/skateboarding/70878bd6dcf73fc4.jpg,368
sports/skateboarding/7c718f850fba4d2f.jpg,368
sports/skateboarding/92c4c71c141773b1.jpg,368
sports/skateboarding/93c9ebd009f6412e.jpg,368
sports/skateboarding/94c53be316c9a02e.jpg,368
sports/skateboarding/963f9636a96553de.jpg,368
sports/skateboarding/a0c5e577c169edb2.jpg,369
sports/skateboarding/a12da810b2390985.jpg,369
sports/skateboarding/a90def9b4dddf21b.jpg,369
sports/skateboarding/a95dc5629f599ea4.jpg,369
sports/skateboarding/af3a6f8922f38a81.jpg,369
sports/skateboarding/c39d4dd92ff65266.jpg,369
sports/skateboarding/ca2ccf69c8636379.jpg,369
sports/skateboarding/cc16b9ccba01f7ff.jpg,369
sports/skateboarding/cc905bfd9f19bedb.jpg,369
sports/skateboarding/d7e97fa9559f44c9.jpg,369
sports/skateboarding/ddba33eeca39c042.jpg,369
sports/skateboarding/e0805595ca05c4ac.jpg,369
sports/skateboarding/e6293178deb32c89.jpg,369
sports/skateboarding/ed2fcee42f94162d.jpg,369
sports/skateboarding/f4333d13560136a2.jpg,369
sports/skiing/000000002890.jpg,369
sports/skiing/000000027798.jpg,369
sports/skiing/000000046038.jpg,369
sports/skiing/000000048656.jpg,369
sports/skiing/000000050159.jpg,369
sports/skiing/000000053875.jpg,370
sports/skiing/000000070652.jpg,370
sports/skiing/000000085706.jpg,370
sports/skiing/000000096702.jpg,370
sports/skiing/000000101979.jpg,370
sports/skiing/000000115319.jpg,370
sports/skiing/000000117849.jpg,370
sports/skiing/000000132710.jpg,370
sports/skiing/000000160624.jpg,370
sports/skiing/000000166376.jpg,370
sports/skiing/000000195394.jpg,370
sports/skiing/000000196212.jpg,370
sports/skiing/000000201628.jpg,370
sports/skiing/000000227683.jpg,370
sports/skiing/000000240817.jpg,370
sports/skiing/000000251103.jpg,370
sports/skiing/000000261256.jpg,370
sports/skiing/000000262688.jpg,370
sports/skiing/000000265796.jpg,370
sports/skiing/000000267556.jpg,370
sports/skiing/000000277575.jpg,371
sports/skiing/000000279749.jpg,371
sports/skiing/000000283750.jpg,371
sports/skiing/000000291373.jpg,371
sports/skiing/000000292618.jpg,371
sports/skiing/000000295476.jpg,371
sports/skiing/000000296403.jpg,371
sports/skiing/000000304924.jpg,371
sports/skiing/000000318570.jpg,371
sports/skiing/000000369333.jpg,371
sports/skiing/000000369952.jpg,371
sports/skiing/000000377119.jpg,371
sports/skiing/000000388893.jpg,371
sports/skiing/000000389738.jpg,371
sports/skiing/000000400290.jpg,371
sports/skiing/000000413852.jpg,371
sports/skiing/000000418091.jpg,371
sports/skiing/000000418143.jpg,371
sports/skiing/000000421908.jpg,371
sports/skiing/000000434333.jpg,371
sports/skiing/000000436203.jpg,372
sports/skiing/000000437701.jpg,372
sports/skiing/000000455302.jpg,372
sports/skiing/000000455959.jpg,372
sports/skiing/000000457530.jpg,372
sports/skiing/000000472191.jpg,372
sports/skiing/000000475685.jpg,372
sports/skiing/000000477172.jpg,372
sports/skiing/000000485201.jpg,372
sports/skiing/000000492261.jpg,372
sports/skiing/000000497199.jpg,372
sports/skiing/000000505128.jpg,372
sports/skiing/000000508119.jpg,372
sports/skiing/000000512537.jpg,372
sports/skiing/000000571245.jpg,372
sports/skiing/000000573841.jpg,372
sports/skiing/000000576001.jpg,372
sports/skiing/000000576237.jpg,372
sports/skiing/000000577073.jpg,372
sports/skiing/16a6efc582ed6144.jpg,372
sports/skiing/313e3ff66d04b28a.jpg,373
sports/skiing/5fe2bb05a90424f4.jpg,373
sports/skiing/7f3847662c324790.jpg,373
sports/skiing/c6337c21f8473269.jpg,373
sports/skiing/c792c04f4ba33ad1.jpg,373
sports/skiing/d0307baccf40093d.jpg,373
sports/skiing/dda166bd5f1b2fd4.jpg,373
sports/skiing/e43d458f128020a7.jpg,373
sports/skiing/eb43627156cae2d8.jpg,373
sports/skiing/ed85448ac53d7e98.jpg,373
sports/skiing/n00440941_10100.jpg,373
sports/skiing/n00440941_10387.jpg,373
sports/skiing/n00440941_10444.jpg,373
sports/skiing/n00440941_10802.jpg,373
sports/skiing/n00440941_11436.jpg,373
sports/skiing/n00440941_11528.jpg,373
sports/skiing/n00440941_11599.jpg,373
sports/skiing/n00440941_12149.jpg,373
sports/skiing/n00440941_3268.jpg,373
sports/skiing/n00440941_3878.jpg,373
sports/skiing/n00440941_4072.jpg,374
sports/skiing/n00440941_4098.jpg,374
sports/skiing/n00440941_4533.jpg,374
sports/skiing/n00440941_4542.jpg,374
sports/skiing/n00440941_6794.jpg,374
sports/skiing/n00440941_6936.jpg,374
sports/skiing/n00440941_7716.jpg,374
sports/skiing/n00440941_7814.jpg,374
sports/skiing/n00440941_8075.jpg,374
sports/skiing/n00440941_8171.jpg,374
sports/skiing/n00440941_8621.jpg,374
sports/skiing/n00440941_9647.jpg,374
sports/skiing/n00440941_9822.jpg,374
sports/skiing/n00440941_9933.jpg,374
sports/skiing/n00440941_9976.jpg,374
sports/snowboarding/000000006920.jpg,374
sports/snowboarding/000000034428.jpg,374
sports/snowboarding/000000035663.jpg,374
sports/snowboarding/000000038350.jpg,374
sports/snowboarding/000000039191.jpg,374
sports/snowboarding/000000039958.jpg,375
sports/snowboarding/000000082039.jpg,375
sports/snowboarding/000000093075.jpg,375
sports/snowboarding/000000109872.jpg,375
sports/snowboarding/000000124224.jpg,375
sports/snowboarding/000000126319.jpg,375
sports/snowboarding/000000134098.jpg,375
sports/snowboarding/000000150943.jpg,375
sports/snowboarding/000000173375.jpg,375
sports/snowboarding/000000182167.jpg,375
sports/snowboarding/000000200959.jpg,375
sports/snowboarding/000000208342.jpg,375
sports/snowboarding/000000210810.jpg,375
sports/snowboarding/000000215334.jpg,375
sports/snowboarding/000000220382.jpg,375
sports/snowboarding/000000226617.jpg,375
sports/snowboarding/000000227855.jpg,375
sports/snowboarding/000000228166.jpg,375
sports/snowboarding/000000234673.jpg,375
sports/snowboarding/000000240379.jpg,375
sports/snowboarding/000000241823.jpg,376
sports/snowboarding/000000263275.jpg,376
sports/snowboarding/000000283107.jpg,376
sports/snowboarding/000000292009.jpg,376
sports/snowboarding/000000302582.jpg,376
sports/snowboarding/000000319095.jpg,376
sports/snowboarding/000000330719.jpg,376
sports/snowboarding/000000342220.jpg,376
sports/snowboarding/000000354741.jpg,376
sports/snowboarding/000000365557.jpg,376
sports/snowboarding/000000366379.jpg,376
sports/snowboarding/000000385881.jpg,376
sports/snowboarding/000000393333.jpg,376
sports/snowboarding/000000400686.jpg,376
sports/snowboarding/000000404471.jpg,376
sports/snowboarding/000000408049.jpg,376
sports/snowboarding/000000420552.jpg,376
sports/snowboarding/000000421535.jpg,376
sports/snowboarding/000000422560.jpg,376
sports/snowboarding/000000437440.jpg,376
sports/snowboarding/000000446358.jpg,377
sports/snowboarding/000000455108.jpg,377
sports/snowboarding/000000465765.jpg,377
sports/snowboarding/000000479149.jpg,377
sports/snowboarding/000000486070.jpg,377
sports/snowboarding/000000490523.jpg,377
sports/snowboarding/000000491168.jpg,377
sports/snowboarding/000000493004.jpg,377
sports/snowboarding/000000495336.jpg,377
sports/snowboarding/000000510061.jpg,377
sports/snowboarding/000000522054.jpg,377
sports/snowboarding/000000531696.jpg,377
sports/snowboarding/000000541474.jpg,377
sports/snowboarding/000000557732.jpg,377
sports/snowboarding/000000564289.jpg,377
sports/soccer/000000003375.jpg,377
sports/soccer/000000003488.jpg,377
sports/soccer/000000010837.jpg,377
sports/soccer/000000016465.jpg,377
sports/soccer/000000024239.jpg,377
sports/soccer/000000025358.jpg,378
sports/soccer/000000027486.jpg,378
sports/soccer/000000041231.jpg,378
sports/soccer/000000047953.jpg,378
sports/soccer/000000047981.jpg,378
sports/soccer/000000056452.jpg,378
sports/soccer/000000056848.jpg,378
sports/soccer/000000060904.jpg,378
sports/soccer/000000063791.jpg,378
sports/soccer/000000067084.jpg,378
sports/soccer/000000068408.jpg,378
sports/soccer/000000070812.jpg,378
sports/soccer/000000089027.jpg,378
sports/soccer/000000095321.jpg,378
sports/soccer/000000096250.jpg,378
sports/soccer/000000105200.jpg,378
sports/soccer/000000111224.jpg,378
sports/soccer/000000115854.jpg,378
sports/soccer/000000123366.jpg,378
sports/soccer/000000129722.jpg,378
sports/soccer/000000135483.jpg,379
sports/soccer/000000144694.jpg,379
sports/soccer/000000152844.jpg,379
sports/soccer/000000154496.jpg,379
sports/soccer/000000155262.jpg,379
sports/soccer/000000160694.jpg,379
sports/soccer/000000162578.jpg,379
sports/soccer/000000165319.jpg,379
sports/soccer/000000192200.jpg,379
sports/soccer/000000193824.jpg,379
sports/soccer/000000198323.jpg,379
sports/soccer/000000199331.jpg,379
sports/soccer/000000200611.jpg,379
sports/soccer/000000200745.jpg,379
sports/soccer/000000202328.jpg,379
sports/soccer/000000204137.jpg,379
sports/soccer/000000226498.jpg,379
sports/soccer/000000230863.jpg,379
sports/soccer/000000242716.jpg,379
sports/soccer/000000250639.jpg,379
sports/soccer/000000257387.jpg,380
sports/soccer/000000275933.jpg,380
sports/soccer/000000295241.jpg,380
sports/soccer/000000300848.jpg,380
sports/soccer/000000313278.jpg,380
sports/soccer/000000319031.jpg,380
sports/soccer/000000335709.jpg,380
sports/soccer/000000343264.jpg,380
sports/soccer/000000350444.jpg,380
sports/soccer/000000355902.jpg,380
sports/soccer/000000356908.jpg,380
sports/soccer/000000359414.jpg,380
sports/soccer/000000371874.jpg,380
sports/soccer/000000378626.jpg,380
sports/soccer/000000380325.jpg,380
sports/soccer/000000381430.jpg,380
sports/soccer/000000382462.jpg,380
sports/soccer/000000385795.jpg,380
sports/soccer/000000388564.jpg,380
sports/soccer/000000389048.jpg,380
sports/soccer/000000398609.jpg,381
sports/soccer/000000406908.jpg,381
sports/soccer/000000411009.jpg,381
sports/soccer/000000414314.jpg,381
sports/soccer/000000417616.jpg,381
sports/soccer/000000419037.jpg,381
sports/soccer/000000420002.jpg,381
sports/soccer/000000422341.jpg,381
sports/soccer/000000423855.jpg,381
sports/soccer/000000426635.jpg,381
sports/soccer/000000444274.jpg,381
sports/soccer/000000444927.jpg,381
sports/soccer/000000447464.jpg,381
sports/soccer/000000464789.jpg,381
sports/soccer/000000476233.jpg,381
sports/soccer/000000489186.jpg,381
sports/soccer/000000489799.jpg,381
sports/soccer/000000499523.jpg,381
sports/soccer/000000505020.jpg,381
sports/soccer/000000508343.jpg,381
sports/soccer/000000515075.jpg,382
sports/soccer/000000524966.jpg,382
sports/soccer/000000526968.jpg,382
sports/soccer/000000533396.jpg,382
sports/soccer/000000538615.jpg,382
sports/soccer/000000555537.jpg,382
sports/soccer/000000555696.jpg,382
sports/soccer/000000557586.jpg,382
sports/soccer/000000560787.jpg,382
sports/soccer/000000562614.jpg,382
sports/soccer/000000563628.jpg,382
sports/soccer/000000574282.jpg,382
sports/soccer/000000576630.jpg,382
sports/surfing/000000002191.jpg,382
sports/surfing/000000010624.jpg,382
sports/surfing/000000014835.jpg,382
sports/surfing/000000017460.jpg,382
sports/surfing/000000018444.jpg,382
sports/surfing/000000019955.jpg,382
sports/surfing/000000034267.jpg,382
sports/surfing/000000039098.jpg,383
sports/surfing/000000039860.jpg,383
sports/surfing/000000044353.jpg,383
sports/surfing/000000047526.jpg,383
sports/surfing/000000050756.jpg,383
sports/surfing/000000052614.jpg,383
sports/surfing/000000061566.jpg,383
sports/surfing/000000062198.jpg,383
sports/surfing/000000063299.jpg,383
sports/surfing/000000066347.jpg,383
sports/surfing/000000076934.jpg,383
sports/surfing/000000078684.jpg,383
sports/surfing/000000080941.jpg,383
sports/surfing/000000085455.jpg,383
sports/surfing/000000092067.jpg,383
sports/surfing/000000095201.jpg,383
sports/surfing/000000102190.jpg,383
sports/surfing/000000110480.jpg,383
sports/surfing/000000110877.jpg,383
sports/surfing/000000111598.jpg,383
sports/surfing/000000118239.jpg,384
sports/surfing/000000119373.jpg,384
sports/surfing/000000121827.jpg,384
sports/surfing/000000122896.jpg,384
sports/surfing/000000126755.jpg,384
sports/surfing/000000134265.jpg,384
sports/surfing/000000141893.jpg,384
sports/surfing/000000155998.jpg,384
sports/surfing/000000158183.jpg,384
sports/surfing/000000162215.jpg,384
sports/surfing/000000170208.jpg,384
sports/surfing/000000175470.jpg,384
sports/surfing/000000182837.jpg,384
sports/surfing/000000184030.jpg,384
sports/surfing/000000206893.jpg,384
sports/surfing/000000212095.jpg,384
sports/surfing/000000213570.jpg,384
sports/surfing/000000223192.jpg,384
sports/surfing/000000232592.jpg,384
sports/surfing/000000240275.jpg,384
sports/surfing/000000243914.jpg,385
sports/surfing/000000246339.jpg,385
sports/surfing/000000246456.jpg,385
sports/surfing/000000264279.jpg,385
sports/surfing/000000272599.jpg,385
sports/surfing/000000279661.jpg,385
sports/surfing/000000288662.jpg,385
sports/surfing/000000299869.jpg,385
sports/surfing/000000315466.jpg,385
sports/surfing/000000318965.jpg,385
sports/surfing/000000325242.jpg,385
sports/surfing/000000326420.jpg,385
sports/surfing/000000348631.jpg,385
sports/surfing/000000358674.jpg,385
sports/surfing/000000361592.jpg,385
sports/surfing/000000372443.jpg,385
sports/surfing/000000374388.jpg,385
sports/surfing/000000390689.jpg,385
sports/surfing/000000391284.jpg,385
sports/surfing/000000410255.jpg,385
sports/surfing/000000430610.jpg,386
sports/surfing/000000437540.jpg,386
sports/surfing/000000440314.jpg,386
sports/surfing/000000461443.jpg,386
sports/surfing/000000462613.jpg,386
sports/surfing/000000467580.jpg,386
sports/surfing/000000470549.jpg,386
sports/surfing/000000473035.jpg,386
sports/surfing/000000479880.jpg,386
sports/surfing/000000485310.jpg,386
sports/surfing/000000492339.jpg,386
sports/surfing/000000494707.jpg,386
sports/surfing/000000513852.jpg,386
sports/surfing/000000525226.jpg,386
sports/surfing/000000535308.jpg,386
sports/surfing/000000536641.jpg,386
sports/surfing/000000547979.jpg,386
sports/surfing/000000556512.jpg,386
sports/surfing/000000568000.jpg,386
sports/surfing/000000578736.jpg,386
sports/surfing/000000581557.jpg,387
sports/swimming/01d292e88feaf818.jpg,387
sports/swimming/052d46f94d922f49.jpg,387
sports/swimming/058158a56c4e1048.jpg,387
sports/swimming/07f458dc46c67eb6.jpg,387
sports/swimming/09559c676569a5dc.jpg,387
sports/swimming/0a7bf24fd9ac2bcf.jpg,387
sports/swimming/0e4f3a769aa251f7.jpg,387
sports/swimming/1204e923383e80a4.jpg,387
sports/swimming/15a31fcb17bda9ed.jpg,387
sports/swimming/16375f4a54946a90.jpg,387
sports/swimming/171cccd184d0af1e.jpg,387
sports/swimming/1b9dbd5b723f8ec4.jpg,387
sports/swimming/1ced3ecaa077f2e4.jpg,387
sports/swimming/1ee7cc0aa473bb16.jpg,387
sports/swimming/1f3c5e626f8a84a0.jpg,387
sports/swimming/24073df6a9c58c6b.jpg,387
sports/swimming/26929709ce293207.jpg,387
sports/swimming/284d481b2a298621.jpg,387
sports/swimming/2ffae0c29cda821f.jpg,387
sports/swimming/3120e46a6a14d2ee.jpg,388
sports/swimming/39b4860ffee0982c.jpg,388
sports/swimming/3aa1ad70721a340a.jpg,388
sports/swimming/3b08c6349cae9d39.jpg,388
sports/swimming/3c0aea50f0d2ae05.jpg,388
sports/swimming/3d27c190d43ac211.jpg,388
sports/swimming/409f7b5ca2a458c6.jpg,388
sports/swimming/42c36ba3ef87c91f.jpg,388
sports/swimming/430bde7175269de1.jpg,388
sports/swimming/44892588d22ff775.jpg,388
sports/swimming/488cc63f98ddd990.jpg,388
sports/swimming/4ae1a6c17081602f.jpg,388
sports/swimming/4d0ed8adcbb0fd26.jpg,388
sports/swimming/4de9eacd8a1f22d6.jpg,388
sports/swimming/528f777d7d6da589.jpg,388
sports/swimming/550b3a9e874134de.jpg,388
sports/swimming/57974157103b6acf.jpg,388
sports/swimming/582216386398392a.jpg,388
sports/swimming/59f63a830a92100f.jpg,388
sports/swimming/5e2b2c8db34f0e8e.jpg,388
sports/swimming/626a3711b885a310.jpg,389
sports/swimming/66a52f1afa8ef6ed.jpg,389
sports/swimming/6a9bb06320a811de.jpg,389
sports/swimming/6b8e4184771dd22a.jpg,389
sports/swimming/70b5c729686aa098.jpg,389
sports/swimming/74f60e61ddeb2346.jpg,389
sports/swimming/772e8c69855b54ba.jpg,389
sports/swimming/807f839db4fcc4d1.jpg,389
sports/swimming/80f83da8bdc0ae70.jpg,389
sports/swimming/8304f94f52e87b32.jpg,389
sports/swimming/88bcf1c971644e86.jpg,389
sports/swimming/8da44c7b01f0e936.jpg,389
sports/swimming/8ec8d873e23d2435.jpg,389
sports/swimming/97fd040545ec747a.jpg,389
sports/swimming/9ac4285e20a4e1f3.jpg,389
sports/swimming/9b2823448b008dec.jpg,389
sports/swimming/9e9a9795ec31cae4.jpg,389
sports/swimming/9f2542f6a8f35b2c.jpg,389
sports/swimming/a4aee15c257b1c08.jpg,389
sports/swimming/abc73b796c792656.jpg,389
sports/swimming/b1638dbd347d7993.jpg,390
sports/swimming/b58a33b4dadb7b64.jpg,390
sports/swimming/b5ac64610c016023.jpg,390
sports/swimming/b664690ed17187ae.jpg,390
sports/swimming/b81c309ace9a87e9.jpg,390
sports/swimming/b8aa260916f87c2b.jpg,390
sports/swimming/baf1c66adb265e27.jpg,390
sports/swimming/bd24922f1aff6df7.jpg,390
sports/swimming/bf9ba042731cdcc2.jpg,390
sports/swimming/c1850b014f3d5c3b.jpg,390
sports/swimming/c995d61ef36e818c.jpg,390
sports/swimming/ccbe4762c01bbd9e.jpg,390
sports/swimming/d94bacfa62a8971f.jpg,390
sports/swimming/df438d38ff6da2cc.jpg,390
sports/swimming/e5b6070d981b49ac.jpg,390
sports/swimming/ed5f342e81b7c851.jpg,390
sports/swimming/ed77196681372fcd.jpg,390
sports/swimming/ee41bf599204012c.jpg,390
sports/swimming/f09ed5b3f7ebb290.jpg,390
sports/swimming/f3d6f9c54b2fbd9c.jpg,390
sports/swimming/f8de6c925b0dc353.jpg,391
sports/tennis/000000043605.jpg,391
sports/tennis/000000052813.jpg,391
sports/tennis/000000053360.jpg,391
sports/tennis/000000073647.jpg,391
sports/tennis/000000086514.jpg,391
sports/tennis/000000115635.jpg,391
sports/tennis/000000117417.jpg,391
sports/tennis/000000126995.jpg,391
sports/tennis/000000157938.jpg,391
sports/tennis/000000159370.jpg,391
sports/tennis/000000171585.jpg,391
sports/tennis/000000184218.jpg,391
sports/tennis/000000213146.jpg,391
sports/tennis/000000213669.jpg,391
sports/tennis/000000236385.jpg,391
sports/tennis/000000236475.jpg,391
sports/tennis/000000307652.jpg,391
sports/tennis/000000322730.jpg,391
sports/tennis/000000360069.jpg,391
sports/tennis/000000371648.jpg,392
sports/tennis/000000408526.jpg,392
sports/tennis/000000411669.jpg,392
sports/tennis/000000419872.jpg,392
sports/tennis/000000435009.jpg,392
sports/tennis/000000446850.jpg,392
sports/tennis/000000450647.jpg,392
sports/tennis/000000461945.jpg,392
sports/tennis/000000483677.jpg,392
sports/tennis/000000494309.jpg,392
sports/tennis/000000499952.jpg,392
sports/tennis/000000558570.jpg,392
sports/tennis/000000580986.jpg,392
sports/track and field/04f59783cb351805.jpg,392
sports/track and field/05e8af4cb7f026ab.jpg,392
sports/track and field/05f4784eeafcaf3d.jpg,392
sports/track and field/09f10f0327e0d2e4.jpg,392
sports/track and field/1523025502938b93.jpg,392
sports/track and field/18a997d97b0f209d.jpg,392
sports/track and field/1d92602d14e3200f.jpg,392
sports/track and field/1e75ec771a788a0d.jpg,393
sports/track and field/1f3fa6f3ae30a4b3.jpg,393
sports/track and field/22714bd0a845f74c.jpg,393
sports/track and field/22b37bd34c07ef1a.jpg,393
sports/track and field/2772b500dcbde21d.jpg,393
sports/track and field/27c7038cc98f8ac4.jpg,393
sports/track and field/2e45b2652f7e1f7f.jpg,393
sports/track and field/336bacff8461dbaa.jpg,393
sports/track and field/3393435e5f644a55.jpg,393
sports/track and field/3595f889f4ca2d60.jpg,393
sports/track and field/37f5e796cffd2c9a.jpg,393
sports/track and field/3a5f6fa58fce0f61.jpg,393
sports/track and field/3a78bd605848b134.jpg,393
sports/track and field/3bda7bfbe820a82f.jpg,393
sports/track and field/4575138b6f7a9772.jpg,393
sports/track and field/472eb5d111f05707.jpg,393
sports/track and field/4965f1230e388431.jpg,393
sports/track and field/4a9065d33b7ebf81.jpg,393
sports/track and field/515b9693872ca759.jpg,393
sports/track and field/5318d42b4fb3be9d.jpg,393
sports/track and field/534a4481bb6f7669.jpg,394
sports/track and field/585dd7f1faa235ef.jpg,394
sports/track and field/5a5e7d6ce6eb8735.jpg,394
sports/track and field/5a99ce107ac77dcd.jpg,394
sports/track and field/69147beaa4b5a032.jpg,394
sports/track and field/7374801616e3a84f.jpg,394
sports/track and field/7886910e6c81bc85.jpg,394
sports/track and field/7adb92d70c84acae.jpg,394
sports/track and field/7eb8f02a79e40800.jpg,394
sports/track and field/7f6a04e04c276070.jpg,394
sports/track and field/812654f21f11fb3c.jpg,394
sports/track and field/81594f9739f7344d.jpg,394
sports/track and field/81b2bd15ab040353.jpg,394
sports/track and field/82e1c2342dbc7cc0.jpg,394
sports/track and field/83b7de7cc77bedd8.jpg,394
sports/track and field/8550e7dcea88bd9d.jpg,394
sports/track and field/86c72b6b4dbb5c3b.jpg,394
sports/track and field/89d6f3f45da4daae.jpg,394
sports/track and field/8cdbf37561a44803.jpg,394
sports/track and field/8cf8644a06d41d6a.jpg,394
sports/track and field/923787f39ad66d73.jpg,395
sports/track and field/98d96739d99514f7.jpg,395
sports/track and field/9c2452fbe657faf8.jpg,395
sports/track and field/a2ebd8e99fce35cd.jpg,395
sports/track and field/a3ede9354b3f5cd5.jpg,395
sports/track and field/a9d68cbf0e4a54f6.jpg,395
sports/track and field/aa7e150c301a4f89.jpg,395
sports/track and field/af37e50ad04c4749.jpg,395
sports/track and field/b3b390c585802f7c.jpg,395
sports/track and field/b3f716ade97c3333.jpg,395
sports/track and field/b82ef298c6c4dfec.jpg,395
sports/track and field/b88c3f8a5433bd1d.jpg,395
sports/track and field/bdbf922bf296ca72.jpg,395
sports/track and field/cdf060cec6f45e89.jpg,395
sports/track and field/cfbebf549dd75a16.jpg,395
sports/track and field/d1e99a455eecd1f7.jpg,395
sports/track and field/dab8b622490cfc61.jpg,395
sports/track and field/daed65c08618e0d7.jpg,395
sports/track and field/db190b9e53838d3e.jpg,395
sports/track and field/dc9f56429f7a6c4a.jpg,395
sports/track and field/e061fc5f81bad945.jpg,396
sports/track and field/e142ebef56b628b4.jpg,396
sports/track and field/e2b2df4f57103176.jpg,396
sports/track and field/e6e51c195b296dff.jpg,396
sports/track and field/e72a78a65ebb88fd.jpg,396
sports/track and field/efa0278fc1ebbd89.jpg,396
sports/track and field/fbf65d6448e45ad8.jpg,396
sports/track and field/fe29c78b3285e4c7.jpg,396
sports/track and field/n00439826_6113.jpg,396
sports/track and field/n00439826_6185.jpg,396
sports/track and field/n00439826_6314.jpg,396
sports/track and field/n00439826_6315.jpg,396
sports/track and field/n00439826_6356.jpg,396
sports/track and field/n00439826_6427.jpg,396
sports/track and field/n00439826_6437.jpg,396
sports/track and field/n00439826_6534.jpg,396
sports/track and field/n00439826_6636.jpg,396
sports/track and field/n00439826_6640.jpg,396
sports/track and field/n00439826_6690.jpg,396
sports/track and field/n00439826_6705.jpg,396
sports/track and field/n00439826_6709.jpg,397
sports/track and field/n00439826_6734.jpg,397
sports/track and field/n00439826_6812.jpg,397
sports/track and field/n00439826_7127.jpg,397
sports/track and field/n00439826_7591.jpg,397
sports/track and field/n00439826_7703.jpg,397
sports/track and field/n00439826_7884.jpg,397
sports/track and field/n00439826_7981.jpg,397
sports/track and field/n00439826_8141.jpg,397
sports/track and field/n00439826_8523.jpg,397
sports/track and field/n00439826_8642.jpg,397
sports/track and field/n00439826_8688.jpg,397
sports/volleyball/000000124167.jpg,397
sports/volleyball/000000179960.jpg,397
sports/volleyball/000000394560.jpg,397
sports/volleyball/00a011632563dae2.jpg,397
sports/volleyball/044a150b3427b632.jpg,397
sports/volleyball/086ae640b9f067db.jpg,397
sports/volleyball/10802a3111e8ddd6.jpg,397
sports/volleyball/19ad73a14d324952.jpg,397
sports/volleyball/1a2ecf83645336ce.jpg,398
sports/volleyball/1b33ecfef06460c5.jpg,398
sports/volleyball/1c1a752a8b9553f7.jpg,398
sports/volleyball/1cc53c8e090ba2f1.jpg,398
sports/volleyball/1e60aa45c07c9b91.jpg,398
sports/volleyball/1f5f5a2e5bbc00f0.jpg,398
sports/volleyball/2291c493fc0e8026.jpg,398
sports/volleyball/26ed450961730c81.jpg,398
sports/volleyball/2a28eabff35bd2f7.jpg,398
sports/volleyball/31fafa54a0b78ea5.jpg,398
sports/volleyball/37b8d81b66a9892a.jpg,398
sports/volleyball/3dad27f92386e120.jpg,398
sports/volleyball/3f99b162e7bdf531.jpg,398
sports/volleyball/4a9eb09ba6b1ce83.jpg,398
sports/volleyball/4b9c9aaaa30703cf.jpg,398
sports/volleyball/4d2ee21bd1a76b75.jpg,398
sports/volleyball/4e44723b000d7060.jpg,398
sports/volleyball/520ac5f11ebb926f.jpg,398
sports/volleyball/55ef7b5629ffa944.jpg,398
sports/volleyball/59e2c1ce2fe69212.jpg,398
sports/volleyball/5e3a978ab9c582de.jpg,399
sports/volleyball/5e5cddc86093e1b0.jpg,399
sports/volleyball/6f1c4ea262598dcf.jpg,399
sports/volleyball/71cd2134079e8318.jpg,399
sports/volleyball/73615c36a8c71ff6.jpg,399
sports/volleyball/774a20234749713f.jpg,399
sports/volleyball/93be4359f8558611.jpg,399
sports/volleyball/9bb7ade68141ee60.jpg,399
sports/volleyball/a3aa26623d4c238c.jpg,399
sports/volleyball/a53d2e1a88a91017.jpg,399
sports/volleyball/c0e4b9fbfa6574e2.jpg,399
sports/volleyball/c5f449be9bb8a291.jpg,399
sports/volleyball/c7e5f40a0f905e5b.jpg,399
sports/volleyball/ca24144abcf2bb19.jpg,399
sports/volleyball/cc89a78d3c9dbb26.jpg,399
sports/volleyball/cf92e6a36023169e.jpg,399
sports/volleyball/e12fe897897a2ede.jpg,399
sports/volleyball/e470100eed3c6c1e.jpg,399
sports/volleyball/ec0acdf8577f88f9.jpg,399
sports/volleyball/f820c39c5300de83.jpg,399
vehicle/SUV/000000046737.jpg,400
vehicle/SUV/000000240967.jpg,400
vehicle/SUV/000000248324.jpg,400
vehicle/SUV/000000267136.jpg,400
vehicle/SUV/000000436651.jpg,400
vehicle/SUV/000000444735.jpg,400
vehicle/SUV/000000516372.jpg,400
vehicle/SUV/000000526071.jpg,400
vehicle/SUV/n03594945_10633.jpg,400
vehicle/SUV/n03594945_10851.jpg,400
vehicle/SUV/n03594945_11021.jpg,400
vehicle/SUV/n03594945_11542.jpg,400
vehicle/SUV/n03594945_11641.jpg,400
vehicle/SUV/n03594945_11684.jpg,400
vehicle/SUV/n03594945_11773.jpg,400
vehicle/SUV/n03594945_11997.jpg,400
vehicle/SUV/n03594945_12279.jpg,400
vehicle/SUV/n03594945_12454.jpg,400
vehicle/SUV/n03594945_12636.jpg,400
vehicle/SUV/n03594945_12658.jpg,400
vehicle/SUV/n03594945_128.jpg,401
vehicle/SUV/n03594945_12838.jpg,401
vehicle/SUV/n03594945_13500.jpg,401
vehicle/SUV/n03594945_13696.jpg,401
vehicle/SUV/n03594945_13697.jpg,401
vehicle/SUV/n03594945_13806.jpg,401
vehicle/SUV/n03594945_13957.jpg,401
vehicle/SUV/n03594945_13972.jpg,401
vehicle/SUV/n03594945_14499.jpg,401
vehicle/SUV/n03594945_14542.jpg,401
vehicle/SUV/n03594945_14740.jpg,401
vehicle/SUV/n03594945_15506.jpg,401
vehicle/SUV/n03594945_15533.jpg,401
vehicle/SUV/n03594945_15593.jpg,401
vehicle/SUV/n03594945_15617.jpg,401
vehicle/SUV/n03594945_16102.jpg,401
vehicle/SUV/n03594945_16473.jpg,401
vehicle/SUV/n03594945_17812.jpg,401
vehicle/SUV/n03594945_18118.jpg,401
vehicle/SUV/n03594945_18298.jpg,401
vehicle/SUV/n03594945_183.jpg,402
vehicle/SUV/n03594945_19367.jpg,402
vehicle/SUV/n03594945_20468.jpg,402
vehicle/SUV/n03594945_2076.jpg,402
vehicle/SUV/n03594945_21268.jpg,402
vehicle/SUV/n03594945_21402.jpg,402
vehicle/SUV/n03594945_2259.jpg,402
vehicle/SUV/n03594945_22594.jpg,402
vehicle/SUV/n03594945_2531.jpg,402
vehicle/SUV/n03594945_25756.jpg,402
vehicle/SUV/n03594945_25839.jpg,402
vehicle/SUV/n03594945_25858.jpg,402
vehicle/SUV/n03594945_26966.jpg,402
vehicle/SUV/n03594945_2916.jpg,402
vehicle/SUV/n03594945_2943.jpg,402
vehicle/SUV/n03594945_29753.jpg,402
vehicle/SUV/n03594945_30146.jpg,402
vehicle/SUV/n03594945_3053.jpg,402
vehicle/SUV/n03594945_3068.jpg,402
vehicle/SUV/n03594945_3082.jpg,402
vehicle/SUV/n03594945_3171.jpg,403
vehicle/SUV/n03594945_31961.jpg,403
vehicle/SUV/n03594945_3233.jpg,403
vehicle/SUV/n03594945_32575.jpg,403
vehicle/SUV/n03594945_3375.jpg,403
vehicle/SUV/n03594945_3598.jpg,403
vehicle/SUV/n03594945_38.jpg,403
vehicle/SUV/n03594945_435.jpg,403
vehicle/SUV/n03594945_4404.jpg,403
vehicle/SUV/n03594945_4747.jpg,403
vehicle/SUV/n03594945_4768.jpg,403
vehicle/SUV/n03594945_4791.jpg,403
vehicle/SUV/n03594945_5123.jpg,403
vehicle/SUV/n03594945_58.jpg,403
vehicle/SUV/n03594945_5816.jpg,403
vehicle/SUV/n03594945_5856.jpg,403
vehicle/SUV/n03594945_6393.jpg,403
vehicle/SUV/n03594945_6534.jpg,403
vehicle/SUV/n03594945_6543.jpg,403
vehicle/SUV/n03594945_6810.jpg,403
vehicle/SUV/n03594945_6945.jpg,404
vehicle/SUV/n03594945_7419.jpg,404
vehicle/SUV/n03594945_7558.jpg,404
vehicle/SUV/n03594945_7733.jpg,404
vehicle/SUV/n03594945_7820.jpg,404
vehicle/SUV/n03594945_7904.jpg,404
vehicle/SUV/n03594945_8323.jpg,404
vehicle/SUV/n03594945_8348.jpg,404
vehicle/SUV/n03594945_8657.jpg,404
vehicle/SUV/n03594945_8913.jpg,404
vehicle/SUV/n03594945_8931.jpg,404
vehicle/SUV/n03594945_9005.jpg,404
vehicle/SUV/n03594945_9076.jpg,404
vehicle/SUV/n03594945_9105.jpg,404
vehicle/SUV/n03594945_9110.jpg,404
vehicle/SUV/n03594945_9271.jpg,404
vehicle/SUV/n03594945_9390.jpg,404
vehicle/SUV/n03594945_9793.jpg,404
vehicle/airplane/000000002258.jpg,404
vehicle/airplane/000000003035.jpg,404
vehicle/airplane/000000025559.jpg,405
vehicle/airplane/000000032093.jpg,405
vehicle/airplane/000000035485.jpg,405
vehicle/airplane/000000040890.jpg,405
vehicle/airplane/000000041276.jpg,405
vehicle/airplane/000000066255.jpg,405
vehicle/airplane/000000076372.jpg,405
vehicle/airplane/000000078354.jpg,405
vehicle/airplane/000000091482.jpg,405
vehicle/airplane/000000101270.jpg,405
vehicle/airplane/000000101626.jpg,405
vehicle/airplane/000000106658.jpg,405
vehicle/airplane/000000111969.jpg,405
vehicle/airplane/000000116255.jpg,405
vehicle/airplane/000000125394.jpg,405
vehicle/airplane/000000134334.jpg,405
vehicle/airplane/000000135244.jpg,405
vehicle/airplane/000000140565.jpg,405
vehicle/airplane/000000146659.jpg,405
vehicle/airplane/000000150181.jpg,405
vehicle/airplane/000000162650.jpg,406
vehicle/airplane/000000164487.jpg,406
vehicle/airplane/000000166086.jpg,406
vehicle/airplane/000000180098.jpg,406
vehicle/airplane/000000190199.jpg,406
vehicle/airplane/000000200391.jpg,406
vehicle/airplane/000000205918.jpg,406
vehicle/airplane/000000228965.jpg,406
vehicle/airplane/000000233298.jpg,406
vehicle/airplane/000000237735.jpg,406
vehicle/airplane/000000247209.jpg,406
vehicle/airplane/000000252844.jpg,406
vehicle/airplane/000000268547.jpg,406
vehicle/airplane/000000311641.jpg,406
vehicle/airplane/000000314916.jpg,406
vehicle/airplane/000000323258.jpg,406
vehicle/airplane/000000325646.jpg,406
vehicle/airplane/000000337013.jpg,406
vehicle/airplane/000000349475.jpg,406
vehicle/airplane/000000349868.jpg,406
vehicle/airplane/000000352151.jpg,407
vehicle/airplane/000000388025.jpg,407
vehicle/airplane/000000392115.jpg,407
vehicle/airplane/000000396770.jpg,407
vehicle/airplane/000000397353.jpg,407
vehicle/airplane/000000403249.jpg,407
vehicle/airplane/000000406981.jpg,407
vehicle/airplane/000000408965.jpg,407
vehicle/airplane/000000422807.jpg,407
vehicle/airplane/000000422953.jpg,407
vehicle/airplane/000000423231.jpg,407
vehicle/airplane/000000424445.jpg,407
vehicle/airplane/000000448205.jpg,407
vehicle/airplane/000000482765.jpg,407
vehicle/airplane/000000486233.jpg,407
vehicle/airplane/000000505093.jpg,407
vehicle/airplane/000000510521.jpg,407
vehicle/airplane/000000514299.jpg,407
vehicle/airplane/000000521402.jpg,407
vehicle/airplane/000000532521.jpg,407
vehicle/airplane/000000535593.jpg,408
vehicle/airplane/000000549708.jpg,408
vehicle/airplane/000000554597.jpg,408
vehicle/airplane/000000555658.jpg,408
vehicle/airplane/000000561014.jpg,408
vehicle/airplane/000000563295.jpg,408
vehicle/airplane/000000563458.jpg,408
vehicle/airplane/n02691156_10151.jpg,408
vehicle/airplane/n02691156_10504.jpg,408
vehicle/airplane/n02691156_10578.jpg,408
vehicle/airplane/n02691156_10622.jpg,408
vehicle/airplane/n02691156_11495.jpg,408
vehicle/airplane/n02691156_11729.jpg,408
vehicle/airplane/n02691156_1191.jpg,408
vehicle/airplane/n02691156_12389.jpg,408
vehicle/airplane/n02691156_12560.jpg,408
vehicle/airplane/n02691156_1919.jpg,408
vehicle/airplane/n02691156_20276.jpg,408
vehicle/airplane/n02691156_20718.jpg,408
vehicle/airplane/n02691156_2492.jpg,408
vehicle/airplane/n02691156_29988.jpg,409
vehicle/airplane/n02691156_3472.jpg,409
vehicle/airplane/n02691156_3785.jpg,409
vehicle/airplane/n02691156_4134.jpg,409
vehicle/airplane/n02691156_47926.jpg,409
vehicle/airplane/n02691156_5136.jpg,409
vehicle/airplane/n02691156_5740.jpg,409
vehicle/airplane/n02691156_5942.jpg,409
vehicle/airplane/n02691156_6438.jpg,409
vehicle/airplane/n02691156_6582.jpg,409
vehicle/airplane/n02691156_6799.jpg,409
vehicle/airplane/n02691156_6870.jpg,409
vehicle/airplane/n02691156_7027.jpg,409
vehicle/airplane/n02691156_7079.jpg,409
vehicle/airplane/n02691156_7124.jpg,409
vehicle/airplane/n02691156_8876.jpg,409
vehicle/bicycle/000000001625.jpg,409
vehicle/bicycle/000000002139.jpg,409
vehicle/bicycle/000000012876.jpg,409
vehicle/bicycle/000000029711.jpg,409
vehicle/bicycle/000000052282.jpg,410
vehicle/bicycle/000000187509.jpg,410
vehicle/bicycle/000000212824.jpg,410
vehicle/bicycle/000000249815.jpg,410
vehicle/bicycle/000000260513.jpg,410
vehicle/bicycle/000000292819.jpg,410
vehicle/bicycle/000000294090.jpg,410
vehicle/bicycle/000000314693.jpg,410
vehicle/bicycle/000000318464.jpg,410
vehicle/bicycle/000000347976.jpg,410
vehicle/bicycle/000000356496.jpg,410
vehicle/bicycle/000000358989.jpg,410
vehicle/bicycle/000000378848.jpg,410
vehicle/bicycle/000000384964.jpg,410
vehicle/bicycle/000000398304.jpg,410
vehicle/bicycle/000000431484.jpg,410
vehicle/bicycle/000000451559.jpg,410
vehicle/bicycle/000000520679.jpg,410
vehicle/bicycle/000000536589.jpg,410
vehicle/bicycle/000000547662.jpg,410
vehicle/bicycle/n02834778_10155.jpg,411
vehicle/bicycle/n02834778_10227.jpg,411
vehicle/bicycle/n02834778_10231.jpg,411
vehicle/bicycle/n02834778_10294.jpg,411
vehicle/bicycle/n02834778_10391.jpg,411
vehicle/bicycle/n02834778_10484.jpg,411
vehicle/bicycle/n02834778_10669.jpg,411
vehicle/bicycle/n02834778_10735.jpg,411
vehicle/bicycle/n02834778_11107.jpg,411
vehicle/bicycle/n02834778_11401.jpg,411
vehicle/bicycle/n02834778_11645.jpg,411
vehicle/bicycle/n02834778_1175.jpg,411
vehicle/bicycle/n02834778_11849.jpg,411
vehicle/bicycle/n02834778_11865.jpg,411
vehicle/bicycle/n02834778_1213.jpg,411
vehicle/bicycle/n02834778_12224.jpg,411
vehicle/bicycle/n02834778_12279.jpg,411
vehicle/bicycle/n02834778_1372.jpg,411
vehicle/bicycle/n02834778_1398.jpg,411
vehicle/bicycle/n02834778_1446.jpg,411
vehicle/bicycle/n02834778_1607.jpg,412
vehicle/bicycle/n02834778_1659.jpg,412
vehicle/bicycle/n02834778_17153.jpg,412
vehicle/bicycle/n02834778_1895.jpg,412
vehicle/bicycle/n02834778_1985.jpg,412
vehicle/bicycle/n02834778_1999.jpg,412
vehicle/bicycle/n02834778_2018.jpg,412
vehicle/bicycle/n02834778_2336.jpg,412
vehicle/bicycle/n02834778_2356.jpg,412
vehicle/bicycle/n02834778_2873.jpg,412
vehicle/bicycle/n02834778_3171.jpg,412
vehicle/bicycle/n02834778_3504.jpg,412
vehicle/bicycle/n02834778_3926.jpg,412
vehicle/bicycle/n02834778_3958.jpg,412
vehicle/bicycle/n02834778_42241.jpg,412
vehicle/bicycle/n02834778_4304.jpg,412
vehicle/bicycle/n02834778_4359.jpg,412
vehicle/bicycle/n02834778_4434.jpg,412
vehicle/bicycle/n02834778_4490.jpg,412
vehicle/bicycle/n02834778_4730.jpg,412
vehicle/bicycle/n02834778_5315.jpg,413
vehicle/bicycle/n02834778_5671.jpg,413
vehicle/bicycle/n02834778_5747.jpg,413
vehicle/bicycle/n02834778_629.jpg,413
vehicle/bicycle/n02834778_642.jpg,413
vehicle/bicycle/n02834778_6485.jpg,413
vehicle/bicycle/n02834778_6500.jpg,413
vehicle/bicycle/n02834778_662.jpg,413
vehicle/bicycle/n02834778_6712.jpg,413
vehicle/bicycle/n02834778_6714.jpg,413
vehicle/bicycle/n02834778_6750.jpg,413
vehicle/bicycle/n02834778_6811.jpg,413
vehicle/bicycle/n02834778_6942.jpg,413
vehicle/bicycle/n02834778_7050.jpg,413
vehicle/bicycle/n02834778_7138.jpg,413
vehicle/bicycle/n02834778_729.jpg,413
vehicle/bicycle/n02834778_7410.jpg,413
vehicle/bicycle/n02834778_7536.jpg,413
vehicle/bicycle/n02834778_8125.jpg,413
vehicle/bicycle/n02834778_8791.jpg,413
vehicle/bicycle/n02834778_8932.jpg,414
vehicle/bicycle/n02834778_8951.jpg,414
vehicle/bicycle/n02834778_8979.jpg,414
vehicle/bicycle/n02834778_9101.jpg,414
vehicle/bicycle/n02834778_9585.jpg,414
vehicle/bicycle/n02834778_9626.jpg,414
vehicle/bicycle/n02834778_9944.jpg,414
vehicle/bus/000000019413.jpg,414
vehicle/bus/000000038357.jpg,414
vehicle/bus/000000051167.jpg,414
vehicle/bus/000000058930.jpg,414
vehicle/bus/000000065962.jpg,414
vehicle/bus/000000111547.jpg,414
vehicle/bus/000000131449.jpg,414
vehicle/bus/000000195510.jpg,414
vehicle/bus/000000208927.jpg,414
vehicle/bus/000000212507.jpg,414
vehicle/bus/000000242270.jpg,414
vehicle/bus/000000244005.jpg,414
vehicle/bus/000000244213.jpg,414
vehicle/bus/000000247576.jpg,415
vehicle/bus/000000248488.jpg,415
vehicle/bus/000000263104.jpg,415
vehicle/bus/000000269926.jpg,415
vehicle/bus/000000282631.jpg,415
vehicle/bus/000000289883.jpg,415
vehicle/bus/000000302964.jpg,415
vehicle/bus/000000331198.jpg,415
vehicle/bus/000000364919.jpg,415
vehicle/bus/000000392869.jpg,415
vehicle/bus/000000393064.jpg,415
vehicle/bus/000000406329.jpg,415
vehicle/bus/000000409138.jpg,415
vehicle/bus/000000431376.jpg,415
vehicle/bus/000000431675.jpg,415
vehicle/bus/000000491793.jpg,415
vehicle/bus/000000512459.jpg,415
vehicle/bus/000000517723.jpg,415
vehicle/bus/000000524140.jpg,415
vehicle/bus/000000531146.jpg,415
vehicle/bus/000000531796.jpg,416
vehicle/bus/000000534036.jpg,416
vehicle/bus/n02924116_10499.jpg,416
vehicle/bus/n02924116_28382.jpg,416
vehicle/bus/n02924116_30299.jpg,416
vehicle/bus/n02924116_33540.jpg,416
vehicle/bus/n02924116_37011.jpg,416
vehicle/bus/n02924116_37624.jpg,416
vehicle/bus/n02924116_38371.jpg,416
vehicle/bus/n02924116_40071.jpg,416
vehicle/bus/n02924116_43906.jpg,416
vehicle/bus/n02924116_4611.jpg,416
vehicle/bus/n02924116_46565.jpg,416
vehicle/bus/n02924116_5109.jpg,416
vehicle/bus/n02924116_53321.jpg,416
vehicle/bus/n02924116_53731.jpg,416
vehicle/bus/n02924116_54466.jpg,416
vehicle/bus/n02924116_5979.jpg,416
vehicle/bus/n02924116_6042.jpg,416
vehicle/bus/n02924116_61494.jpg,416
vehicle/bus/n02924116_64676.jpg,417
vehicle/bus/n02924116_69671.jpg,417
vehicle/bus/n02924116_71067.jpg,417
vehicle/bus/n02924116_73346.jpg,417
vehicle/bus/n02924116_73467.jpg,417
vehicle/bus/n02924116_73811.jpg,417
vehicle/bus/n02924116_7459.jpg,417
vehicle/bus/n02924116_76766.jpg,417
vehicle/bus/n02924116_82453.jpg,417
vehicle/bus/n02924116_85474.jpg,417
vehicle/bus/n02924116_86325.jpg,417
vehicle/bus/n02924116_907.jpg,417
vehicle/bus/n02924116_9480.jpg,417
vehicle/bus/n02924116_9562.jpg,417
vehicle/cable car/n02934451_10254.jpg,417
vehicle/cable car/n02934451_10331.jpg,417
vehicle/cable car/n02934451_10876.jpg,417
vehicle/cable car/n02934451_11983.jpg,417
vehicle/cable car/n02934451_1201.jpg,417
vehicle/cable car/n02934451_1210.jpg,417
vehicle/cable car/n02934451_12189.jpg,418
vehicle/cable car/n02934451_12253.jpg,418
vehicle/cable car/n02934451_12306.jpg,418
vehicle/cable car/n02934451_1381.jpg,418
vehicle/cable car/n02934451_15507.jpg,418
vehicle/cable car/n02934451_16027.jpg,418
vehicle/cable car/n02934451_175.jpg,418
vehicle/cable car/n02934451_17629.jpg,418
vehicle/cable car/n02934451_18059.jpg,418
vehicle/cable car/n02934451_20433.jpg,418
vehicle/cable car/n02934451_20914.jpg,418
vehicle/cable car/n02934451_21203.jpg,418
vehicle/cable car/n02934451_21207.jpg,418
vehicle/cable car/n02934451_22981.jpg,418
vehicle/cable car/n02934451_2999.jpg,418
vehicle/cable car/n02934451_3778.jpg,418
vehicle/cable car/n02934451_4571.jpg,418
vehicle/cable car/n02934451_5019.jpg,418
vehicle/cable car/n02934451_5338.jpg,418
vehicle/cable car/n02934451_5488.jpg,418
vehicle/cable car/n02934451_7353.jpg,419
vehicle/cable car/n02934451_7904.jpg,419
vehicle/cable car/n02934451_8034.jpg,419
vehicle/cable car/n02934451_8467.jpg,419
vehicle/cable car/n02934451_8832.jpg,419
vehicle/cable car/n04231693_10396.jpg,419
vehicle/cable car/n04231693_1225.jpg,419
vehicle/cable car/n04231693_12798.jpg,419
vehicle/cable car/n04231693_16094.jpg,419
vehicle/cable car/n04231693_16811.jpg,419
vehicle/cable car/n04231693_17301.jpg,419
vehicle/cable car/n04231693_18095.jpg,419
vehicle/cable car/n04231693_18458.jpg,419
vehicle/cable car/n04231693_18494.jpg,419
vehicle/cable car/n04231693_18551.jpg,419
vehicle/cable car/n04231693_19460.jpg,419
vehicle/cable car/n04231693_19772.jpg,419
vehicle/cable car/n04231693_20199.jpg,419
vehicle/cable car/n04231693_22023.jpg,419
vehicle/cable car/n04231693_22406.jpg,419
vehicle/cable car/n04231693_22416.jpg,420
vehicle/cable car/n04231693_22459.jpg,420
vehicle/cable car/n04231693_22574.jpg,420
vehicle/cable car/n04231693_22980.jpg,420
vehicle/cable car/n04231693_24259.jpg,420
vehicle/cable car/n04231693_24339.jpg,420
vehicle/cable car/n04231693_24470.jpg,420
vehicle/cable car/n04231693_24662.jpg,420
vehicle/cable car/n04231693_3038.jpg,420
vehicle/cable car/n04231693_3977.jpg,420
vehicle/cable car/n04231693_5428.jpg,420
vehicle/cable car/n04231693_6347.jpg,420
vehicle/cable car/n04231693_7368.jpg,420
vehicle/cable car/n04231693_7616.jpg,420
vehicle/cable car/n04231693_8412.jpg,420
vehicle/cable car/n04231693_8757.jpg,420
vehicle/camper/000000153987.jpg,420
vehicle/camper/n02946348_11195.jpg,420
vehicle/camper/n02946348_1134.jpg,420
vehicle/camper/n02946348_11568.jpg,420
vehicle/camper/n02946348_11646.jpg,421
vehicle/camper/n02946348_1191.jpg,421
vehicle/camper/n02946348_11948.jpg,421
vehicle/camper/n02946348_13175.jpg,421
vehicle/camper/n02946348_13257.jpg,421
vehicle/camper/n02946348_13332.jpg,421
vehicle/camper/n02946348_14246.jpg,421
vehicle/camper/n02946348_1541.jpg,421
vehicle/camper/n02946348_15558.jpg,421
vehicle/camper/n02946348_15930.jpg,421
vehicle/camper/n02946348_16122.jpg,421
vehicle/camper/n02946348_16293.jpg,421
vehicle/camper/n02946348_16367.jpg,421
vehicle/camper/n02946348_16835.jpg,421
vehicle/camper/n02946348_16904.jpg,421
vehicle/camper/n02946348_17198.jpg,421
vehicle/camper/n02946348_17390.jpg,421
vehicle/camper/n02946348_17589.jpg,421
vehicle/camper/n02946348_18684.jpg,421
vehicle/camper/n02946348_18783.jpg,421
vehicle/camper/n02946348_19028.jpg,422
vehicle/camper/n02946348_20314.jpg,422
vehicle/camper/n02946348_20324.jpg,422
vehicle/camper/n02946348_21746.jpg,422
vehicle/camper/n02946348_22022.jpg,422
vehicle/camper/n02946348_22457.jpg,422
vehicle/camper/n02946348_23420.jpg,422
vehicle/camper/n02946348_23781.jpg,422
vehicle/camper/n02946348_23994.jpg,422
vehicle/camper/n02946348_24721.jpg,422
vehicle/camper/n02946348_24802.jpg,422
vehicle/camper/n02946348_25549.jpg,422
vehicle/camper/n02946348_26905.jpg,422
vehicle/camper/n02946348_29473.jpg,422
vehicle/camper/n02946348_30616.jpg,422
vehicle/camper/n02946348_3065.jpg,422
vehicle/camper/n02946348_30706.jpg,422
vehicle/camper/n02946348_30836.jpg,422
vehicle/camper/n02946348_3118.jpg,422
vehicle/camper/n02946348_31182.jpg,422
vehicle/camper/n02946348_31339.jpg,423
vehicle/camper/n02946348_32456.jpg,423
vehicle/camper/n02946348_33646.jpg,423
vehicle/camper/n02946348_33700.jpg,423
vehicle/camper/n02946348_34662.jpg,423
vehicle/camper/n02946348_34746.jpg,423
vehicle/camper/n02946348_35242.jpg,423
vehicle/camper/n02946348_35937.jpg,423
vehicle/camper/n02946348_39389.jpg,423
vehicle/camper/n02946348_413.jpg,423
vehicle/camper/n02946348_4343.jpg,423
vehicle/camper/n02946348_4367.jpg,423
vehicle/camper/n02946348_4508.jpg,423
vehicle/camper/n02946348_4726.jpg,423
vehicle/camper/n02946348_5029.jpg,423
vehicle/camper/n02946348_5142.jpg,423
vehicle/camper/n02946348_5270.jpg,423
vehicle/camper/n02946348_587.jpg,423
vehicle/camper/n02946348_601.jpg,423
vehicle/camper/n02946348_6044.jpg,423
vehicle/camper/n02946348_6244.jpg,424
vehicle/camper/n02946348_6967.jpg,424
vehicle/camper/n02946348_7257.jpg,424
vehicle/camper/n02946348_806.jpg,424
vehicle/camper/n02946348_8286.jpg,424
vehicle/camper/n02946348_919.jpg,424
vehicle/car/000000016977.jpg,424
vehicle/car/000000085482.jpg,424
vehicle/car/000000086210.jpg,424
vehicle/car/000000102741.jpg,424
vehicle/car/000000178550.jpg,424
vehicle/car/000000281721.jpg,424
vehicle/car/000000360374.jpg,424
vehicle/car/000000369820.jpg,424
vehicle/car/000000409126.jpg,424
vehicle/car/000000449872.jpg,424
vehicle/car/000000492156.jpg,424
vehicle/car/n04166281_1059.jpg,424
vehicle/car/n04166281_11360.jpg,424
vehicle/car/n04166281_1174.jpg,424
vehicle/car/n04166281_1290.jpg,425
vehicle/car/n04166281_1303.jpg,425
vehicle/car/n04166281_14544.jpg,425
vehicle/car/n04166281_1911.jpg,425
vehicle/car/n04166281_2061.jpg,425
vehicle/car/n04166281_21224.jpg,425
vehicle/car/n04166281_21492.jpg,425
vehicle/car/n04166281_21769.jpg,425
vehicle/car/n04166281_2258.jpg,425
vehicle/car/n04166281_2502.jpg,425
vehicle/car/n04166281_2596.jpg,425
vehicle/car/n04166281_263.jpg,425
vehicle/car/n04166281_2715.jpg,425
vehicle/car/n04166281_2937.jpg,425
vehicle/car/n04166281_298.jpg,425
vehicle/car/n04166281_3306.jpg,425
vehicle/car/n04166281_3840.jpg,425
vehicle/car/n04166281_388.jpg,425
vehicle/car/n04166281_3917.jpg,425
vehicle/car/n04166281_3944.jpg,425
vehicle/car/n04166281_4467.jpg,426
vehicle/car/n04166281_4636.jpg,426
vehicle/car/n04166281_4690.jpg,426
vehicle/car/n04166281_4756.jpg,426
vehicle/car/n04166281_4869.jpg,426
vehicle/car/n04166281_4915.jpg,426
vehicle/car/n04166281_4975.jpg,426
vehicle/car/n04166281_5182.jpg,426
vehicle/car/n04166281_5438.jpg,426
vehicle/car/n04166281_5551.jpg,426
vehicle/car/n04166281_5691.jpg,426
vehicle/car/n04166281_5699.jpg,426
vehicle/car/n04166281_5751.jpg,426
vehicle/car/n04166281_5752.jpg,426
vehicle/car/n04166281_5973.jpg,426
vehicle/car/n04166281_623.jpg,426
vehicle/car/n04166281_6355.jpg,426
vehicle/car/n04166281_6464.jpg,426
vehicle/car/n04166281_6507.jpg,426
vehicle/car/n04166281_6586.jpg,426
vehicle/car/n04166281_6626.jpg,427
vehicle/car/n04166281_6665.jpg,427
vehicle/car/n04166281_6690.jpg,427
vehicle/car/n04166281_6786.jpg,427
vehicle/car/n04166281_69.jpg,427
vehicle/car/n04166281_7105.jpg,427
vehicle/car/n04166281_73.jpg,427
vehicle/car/n04166281_8236.jpg,427
vehicle/car/n04166281_927.jpg,427
vehicle/car/n04166281_9737.jpg,427
vehicle/fishing boat/000000175136.jpg,427
vehicle/fishing boat/000000377572.jpg,427
vehicle/fishing boat/n03351262_1099.jpg,427
vehicle/fishing boat/n03351262_1111.jpg,427
vehicle/fishing boat/n03351262_1287.jpg,427
vehicle/fishing boat/n03351262_13855.jpg,427
vehicle/fishing boat/n03351262_1451.jpg,427
vehicle/fishing boat/n03351262_1454.jpg,427
vehicle/fishing boat/n03351262_15090.jpg,427
vehicle/fishing boat/n03351262_17471.jpg,427
vehicle/fishing boat/n03351262_1791.jpg,428
vehicle/fishing boat/n03351262_1903.jpg,428
vehicle/fishing boat/n03351262_2266.jpg,428
vehicle/fishing boat/n03351262_2268.jpg,428
vehicle/fishing boat/n03351262_24380.jpg,428
vehicle/fishing boat/n03351262_341.jpg,428
vehicle/fishing boat/n03351262_343.jpg,428
vehicle/fishing boat/n03351262_4056.jpg,428
vehicle/fishing boat/n03351262_4099.jpg,428
vehicle/fishing boat/n03351262_4636.jpg,428
vehicle/fishing boat/n03351262_4914.jpg,428
vehicle/fishing boat/n03351262_5021.jpg,428
vehicle/fishing boat/n03351262_5274.jpg,428
vehicle/fishing boat/n03351262_5778.jpg,428
vehicle/fishing boat/n03351262_6605.jpg,428
vehicle/fishing boat/n03351262_6706.jpg,428
vehicle/fishing boat/n03351262_7325.jpg,428
vehicle/fishing boat/n03351262_7679.jpg,428
vehicle/fishing boat/n03351262_797.jpg,428
vehicle/fishing boat/n03351262_8162.jpg,428
vehicle/fishing boat/n03351262_868.jpg,429
vehicle/fishing boat/n03351262_897.jpg,429
vehicle/fishing boat/n03351262_964.jpg,429
vehicle/forklift/n03384352_10087.jpg,429
vehicle/forklift/n03384352_10431.jpg,429
vehicle/forklift/n03384352_10506.jpg,429
vehicle/forklift/n03384352_10775.jpg,429
vehicle/forklift/n03384352_11309.jpg,429
vehicle/forklift/n03384352_11538.jpg,429
vehicle/forklift/n03384352_12110.jpg,429
vehicle/forklift/n03384352_12186.jpg,429
vehicle/forklift/n03384352_12226.jpg,429
vehicle/forklift/n03384352_12708.jpg,429
vehicle/forklift/n03384352_149.jpg,429
vehicle/forklift/n03384352_14928.jpg,429
vehicle/forklift/n03384352_15031.jpg,429
vehicle/forklift/n03384352_1547.jpg,429
vehicle/forklift/n03384352_1664.jpg,429
vehicle/forklift/n03384352_1735.jpg,429
vehicle/forklift/n03384352_1736.jpg,429
vehicle/forklift/n03384352_202.jpg,430
vehicle/forklift/n03384352_2419.jpg,430
vehicle/forklift/n03384352_2459.jpg,430
vehicle/forklift/n03384352_2487.jpg,430
vehicle/forklift/n03384352_2517.jpg,430
vehicle/forklift/n03384352_2786.jpg,430
vehicle/forklift/n03384352_29.jpg,430
vehicle/forklift/n03384352_2940.jpg,430
vehicle/forklift/n03384352_2997.jpg,430
vehicle/forklift/n03384352_304.jpg,430
vehicle/forklift/n03384352_3142.jpg,430
vehicle/forklift/n03384352_3206.jpg,430
vehicle/forklift/n03384352_3472.jpg,430
vehicle/forklift/n03384352_3478.jpg,430
vehicle/forklift/n03384352_3531.jpg,430
vehicle/forklift/n03384352_3643.jpg,430
vehicle/forklift/n03384352_365.jpg,430
vehicle/forklift/n03384352_3683.jpg,430
vehicle/forklift/n03384352_377.jpg,430
vehicle/forklift/n03384352_4114.jpg,430
vehicle/forklift/n03384352_4118.jpg,431
vehicle/forklift/n03384352_4289.jpg,431
vehicle/forklift/n03384352_4313.jpg,431
vehicle/forklift/n03384352_4345.jpg,431
vehicle/forklift/n03384352_4362.jpg,431
vehicle/forklift/n03384352_4420.jpg,431
vehicle/forklift/n03384352_4459.jpg,431
vehicle/forklift/n03384352_4667.jpg,431
vehicle/forklift/n03384352_4683.jpg,431
vehicle/forklift/n03384352_4830.jpg,431
vehicle/forklift/n03384352_4866.jpg,431
vehicle/forklift/n03384352_4888.jpg,431
vehicle/forklift/n03384352_5269.jpg,431
vehicle/forklift/n03384352_5294.jpg,431
vehicle/forklift/n03384352_6010.jpg,431
vehicle/forklift/n03384352_6124.jpg,431
vehicle/forklift/n03384352_62.jpg,431
vehicle/forklift/n03384352_6321.jpg,431
vehicle/forklift/n03384352_6451.jpg,431
vehicle/forklift/n03384352_6532.jpg,431
vehicle/forklift/n03384352_6548.jpg,432
vehicle/forklift/n03384352_6549.jpg,432
vehicle/forklift/n03384352_7010.jpg,432
vehicle/forklift/n03384352_7040.jpg,432
vehicle/forklift/n03384352_736.jpg,432
vehicle/forklift/n03384352_7515.jpg,432
vehicle/forklift/n03384352_7864.jpg,432
vehicle/forklift/n03384352_7952.jpg,432
vehicle/forklift/n03384352_8021.jpg,432
vehicle/forklift/n03384352_8326.jpg,432
vehicle/forklift/n03384352_887.jpg,432
vehicle/forklift/n03384352_9491.jpg,432
vehicle/forklift/n03384352_9687.jpg,432
vehicle/forklift/n03384352_9766.jpg,432
vehicle/forklift/n03384352_9868.jpg,432
vehicle/freighter/000000416279.jpg,432
vehicle/freighter/n02878222_10543.jpg,432
vehicle/freighter/n02878222_10852.jpg,432
vehicle/freighter/n02878222_1152.jpg,432
vehicle/freighter/n02878222_11521.jpg,432
vehicle/freighter/n02878222_1224.jpg,433
vehicle/freighter/n02878222_12402.jpg,433
vehicle/freighter/n02878222_13661.jpg,433
vehicle/freighter/n02878222_13850.jpg,433
vehicle/freighter/n02878222_13912.jpg,433
vehicle/freighter/n02878222_14198.jpg,433
vehicle/freighter/n02878222_14542.jpg,433
vehicle/freighter/n02878222_14772.jpg,433
vehicle/freighter/n02878222_1516.jpg,433
vehicle/freighter/n02878222_15173.jpg,433
vehicle/freighter/n02878222_16027.jpg,433
vehicle/freighter/n02878222_16300.jpg,433
vehicle/freighter/n02878222_16377.jpg,433
vehicle/freighter/n02878222_16581.jpg,433
vehicle/freighter/n02878222_1696.jpg,433
vehicle/freighter/n02878222_17573.jpg,433
vehicle/freighter/n02878222_17636.jpg,433
vehicle/freighter/n02878222_17891.jpg,433
vehicle/freighter/n02878222_17948.jpg,433
vehicle/freighter/n02878222_18067.jpg,433
vehicle/freighter/n02878222_18070.jpg,434
vehicle/freighter/n02878222_18358.jpg,434
vehicle/freighter/n02878222_18521.jpg,434
vehicle/freighter/n02878222_18806.jpg,434
vehicle/freighter/n02878222_18843.jpg,434
vehicle/freighter/n02878222_1910.jpg,434
vehicle/freighter/n02878222_19277.jpg,434
vehicle/freighter/n02878222_19400.jpg,434
vehicle/freighter/n02878222_204.jpg,434
vehicle/freighter/n02878222_2092.jpg,434
vehicle/freighter/n02878222_21406.jpg,434
vehicle/freighter/n02878222_21494.jpg,434
vehicle/freighter/n02878222_2180.jpg,434
vehicle/freighter/n02878222_22680.jpg,434
vehicle/freighter/n02878222_23049.jpg,434
vehicle/freighter/n02878222_23074.jpg,434
vehicle/freighter/n02878222_23308.jpg,434
vehicle/freighter/n02878222_23354.jpg,434
vehicle/freighter/n02878222_24359.jpg,434
vehicle/freighter/n02878222_24389.jpg,434
vehicle/freighter/n02878222_26417.jpg,435
vehicle/freighter/n02878222_26509.jpg,435
vehicle/freighter/n02878222_26794.jpg,435
vehicle/freighter/n02878222_30785.jpg,435
vehicle/freighter/n02878222_30846.jpg,435
vehicle/freighter/n02878222_30942.jpg,435
vehicle/freighter/n02878222_32269.jpg,435
vehicle/freighter/n02878222_34897.jpg,435
vehicle/freighter/n02878222_35223.jpg,435
vehicle/freighter/n02878222_35299.jpg,435
vehicle/freighter/n02878222_3584.jpg,435
vehicle/freighter/n02878222_3677.jpg,435
vehicle/freighter/n02878222_3678.jpg,435
vehicle/freighter/n02878222_37557.jpg,435
vehicle/freighter/n02878222_37920.jpg,435
vehicle/freighter/n02878222_37931.jpg,435
vehicle/freighter/n02878222_38486.jpg,435
vehicle/freighter/n02878222_3982.jpg,435
vehicle/freighter/n02878222_4032.jpg,435
vehicle/freighter/n02878222_42342.jpg,435
vehicle/freighter/n02878222_4389.jpg,436
vehicle/freighter/n02878222_46730.jpg,436
vehicle/freighter/n02878222_46859.jpg,436
vehicle/freighter/n02878222_4686.jpg,436
vehicle/freighter/n02878222_47064.jpg,436
vehicle/freighter/n02878222_4730.jpg,436
vehicle/freighter/n02878222_47630.jpg,436
vehicle/freighter/n02878222_48037.jpg,436
vehicle/freighter/n02878222_49287.jpg,436
vehicle/freighter/n02878222_49624.jpg,436
vehicle/freighter/n02878222_49784.jpg,436
vehicle/freighter/n02878222_49964.jpg,436
vehicle/freighter/n02878222_50742.jpg,436
vehicle/freighter/n02878222_50828.jpg,436
vehicle/freighter/n02878222_51202.jpg,436
vehicle/freighter/n02878222_51618.jpg,436
vehicle/freighter/n02878222_5314.jpg,436
vehicle/freighter/n02878222_5468.jpg,436
vehicle/freighter/n02878222_5540.jpg,436
vehicle/freighter/n02878222_6102.jpg,436
vehicle/freighter/n02878222_6258.jpg,437
vehicle/freighter/n02878222_637.jpg,437
vehicle/freighter/n02878222_6578.jpg,437
vehicle/freighter/n02878222_6589.jpg,437
vehicle/freighter/n02878222_6607.jpg,437
vehicle/freighter/n02878222_7125.jpg,437
vehicle/freighter/n02878222_7156.jpg,437
vehicle/freighter/n02878222_7418.jpg,437
vehicle/freighter/n02878222_744.jpg,437
vehicle/freighter/n02878222_7770.jpg,437
vehicle/freighter/n02878222_8171.jpg,437
vehicle/freighter/n02878222_8228.jpg,437
vehicle/freighter/n02878222_903.jpg,437
vehicle/freighter/n02878222_9098.jpg,437
vehicle/helicopter/n03512147_11785.jpg,437
vehicle/helicopter/n03512147_1201.jpg,437
vehicle/helicopter/n03512147_1210.jpg,437
vehicle/helicopter/n03512147_1223.jpg,437
vehicle/helicopter/n03512147_1252.jpg,437
vehicle/helicopter/n03512147_1318.jpg,437
vehicle/helicopter/n03512147_1375.jpg,438
vehicle/helicopter/n03512147_1408.jpg,438
vehicle/helicopter/n03512147_1417.jpg,438
vehicle/helicopter/n03512147_1448.jpg,438
vehicle/helicopter/n03512147_1461.jpg,438
vehicle/helicopter/n03512147_1585.jpg,438
vehicle/helicopter/n03512147_1617.jpg,438
vehicle/helicopter/n03512147_1768.jpg,438
vehicle/helicopter/n03512147_1851.jpg,438
vehicle/helicopter/n03512147_1888.jpg,438
vehicle/helicopter/n03512147_2013.jpg,438
vehicle/helicopter/n03512147_2036.jpg,438
vehicle/helicopter/n03512147_2076.jpg,438
vehicle/helicopter/n03512147_211.jpg,438
vehicle/helicopter/n03512147_2131.jpg,438
vehicle/helicopter/n03512147_2169.jpg,438
vehicle/helicopter/n03512147_2234.jpg,438
vehicle/helicopter/n03512147_224.jpg,438
vehicle/helicopter/n03512147_231.jpg,438
vehicle/helicopter/n03512147_23450.jpg,438
vehicle/helicopter/n03512147_2566.jpg,439
vehicle/helicopter/n03512147_2669.jpg,439
vehicle/helicopter/n03512147_2680.jpg,439
vehicle/helicopter/n03512147_2731.jpg,439
vehicle/helicopter/n03512147_2754.jpg,439
vehicle/helicopter/n03512147_2782.jpg,439
vehicle/helicopter/n03512147_28892.jpg,439
vehicle/helicopter/n03512147_2987.jpg,439
vehicle/helicopter/n03512147_3019.jpg,439
vehicle/helicopter/n03512147_304.jpg,439
vehicle/helicopter/n03512147_308.jpg,439
vehicle/helicopter/n03512147_311.jpg,439
vehicle/helicopter/n03512147_3122.jpg,439
vehicle/helicopter/n03512147_315.jpg,439
vehicle/helicopter/n03512147_32807.jpg,439
vehicle/helicopter/n03512147_3355.jpg,439
vehicle/helicopter/n03512147_3381.jpg,439
vehicle/helicopter/n03512147_3442.jpg,439
vehicle/helicopter/n03512147_3643.jpg,439
vehicle/helicopter/n03512147_3705.jpg,439
vehicle/helicopter/n03512147_3709.jpg,440
vehicle/helicopter/n03512147_376.jpg,440
vehicle/helicopter/n03512147_3794.jpg,440
vehicle/helicopter/n03512147_3800.jpg,440
vehicle/helicopter/n03512147_3839.jpg,440
vehicle/helicopter/n03512147_38622.jpg,440
vehicle/helicopter/n03512147_3959.jpg,440
vehicle/helicopter/n03512147_39770.jpg,440
vehicle/helicopter/n03512147_4028.jpg,440
vehicle/helicopter/n03512147_40762.jpg,440
vehicle/helicopter/n03512147_426.jpg,440
vehicle/helicopter/n03512147_4278.jpg,440
vehicle/helicopter/n03512147_438.jpg,440
vehicle/helicopter/n03512147_4460.jpg,440
vehicle/helicopter/n03512147_447.jpg,440
vehicle/helicopter/n03512147_448.jpg,440
vehicle/helicopter/n03512147_4575.jpg,440
vehicle/helicopter/n03512147_4628.jpg,440
vehicle/helicopter/n03512147_463.jpg,440
vehicle/helicopter/n03512147_4639.jpg,440
vehicle/helicopter/n03512147_4982.jpg,441
vehicle/helicopter/n03512147_5093.jpg,441
vehicle/helicopter/n03512147_5293.jpg,441
vehicle/helicopter/n03512147_5385.jpg,441
vehicle/helicopter/n03512147_5436.jpg,441
vehicle/helicopter/n03512147_5457.jpg,441
vehicle/helicopter/n03512147_5486.jpg,441
vehicle/helicopter/n03512147_5493.jpg,441
vehicle/helicopter/n03512147_553.jpg,441
vehicle/helicopter/n03512147_57.jpg,441
vehicle/helicopter/n03512147_5820.jpg,441
vehicle/helicopter/n03512147_5835.jpg,441
vehicle/helicopter/n03512147_5976.jpg,441
vehicle/helicopter/n03512147_6004.jpg,441
vehicle/helicopter/n03512147_607.jpg,441
vehicle/helicopter/n03512147_6092.jpg,441
vehicle/helicopter/n03512147_6184.jpg,441
vehicle/helicopter/n03512147_6213.jpg,441
vehicle/helicopter/n03512147_6294.jpg,441
vehicle/helicopter/n03512147_6299.jpg,441
vehicle/helicopter/n03512147_6317.jpg,442
vehicle/helicopter/n03512147_6403.jpg,442
vehicle/helicopter/n03512147_6451.jpg,442
vehicle/helicopter/n03512147_6768.jpg,442
vehicle/helicopter/n03512147_6874.jpg,442
vehicle/helicopter/n03512147_7211.jpg,442
vehicle/helicopter/n03512147_7299.jpg,442
vehicle/helicopter/n03512147_7399.jpg,442
vehicle/helicopter/n03512147_7811.jpg,442
vehicle/helicopter/n03512147_853.jpg,442
vehicle/helicopter/n03512147_862.jpg,442
vehicle/helicopter/n03512147_962.jpg,442
vehicle/hot-air balloon/n03541923_1034.jpg,442
vehicle/hot-air balloon/n03541923_10735.jpg,442
vehicle/hot-air balloon/n03541923_1119.jpg,442
vehicle/hot-air balloon/n03541923_1152.jpg,442
vehicle/hot-air balloon/n03541923_120.jpg,442
vehicle/hot-air balloon/n03541923_1232.jpg,442
vehicle/hot-air balloon/n03541923_1299.jpg,442
vehicle/hot-air balloon/n03541923_1341.jpg,442
vehicle/hot-air balloon/n03541923_1346.jpg,443
vehicle/hot-air balloon/n03541923_1364.jpg,443
vehicle/hot-air balloon/n03541923_1367.jpg,443
vehicle/hot-air balloon/n03541923_1390.jpg,443
vehicle/hot-air balloon/n03541923_1509.jpg,443
vehicle/hot-air balloon/n03541923_1553.jpg,443
vehicle/hot-air balloon/n03541923_1599.jpg,443
vehicle/hot-air balloon/n03541923_1646.jpg,443
vehicle/hot-air balloon/n03541923_1742.jpg,443
vehicle/hot-air balloon/n03541923_1761.jpg,443
vehicle/hot-air balloon/n03541923_1765.jpg,443
vehicle/hot-air balloon/n03541923_1834.jpg,443
vehicle/hot-air balloon/n03541923_1885.jpg,443
vehicle/hot-air balloon/n03541923_1890.jpg,443
vehicle/hot-air balloon/n03541923_1892.jpg,443
vehicle/hot-air balloon/n03541923_1916.jpg,443
vehicle/hot-air balloon/n03541923_1963.jpg,443
vehicle/hot-air balloon/n03541923_2049.jpg,443
vehicle/hot-air balloon/n03541923_2052.jpg,443
vehicle/hot-air balloon/n03541923_2180.jpg,443
vehicle/hot-air balloon/n03541923_227.jpg,444
vehicle/hot-air balloon/n03541923_2351.jpg,444
vehicle/hot-air balloon/n03541923_2423.jpg,444
vehicle/hot-air balloon/n03541923_2426.jpg,444
vehicle/hot-air balloon/n03541923_2456.jpg,444
vehicle/hot-air balloon/n03541923_2537.jpg,444
vehicle/hot-air balloon/n03541923_2560.jpg,444
vehicle/hot-air balloon/n03541923_2611.jpg,444
vehicle/hot-air balloon/n03541923_2652.jpg,444
vehicle/hot-air balloon/n03541923_2653.jpg,444
vehicle/hot-air balloon/n03541923_2669.jpg,444
vehicle/hot-air balloon/n03541923_2670.jpg,444
vehicle/hot-air balloon/n03541923_272.jpg,444
vehicle/hot-air balloon/n03541923_274.jpg,444
vehicle/hot-air balloon/n03541923_2802.jpg,444
vehicle/hot-air balloon/n03541923_2848.jpg,444
vehicle/hot-air balloon/n03541923_2907.jpg,444
vehicle/hot-air balloon/n03541923_2920.jpg,444
vehicle/hot-air balloon/n03541923_295.jpg,444
vehicle/hot-air balloon/n03541923_3041.jpg,444
vehicle/hot-air balloon/n03541923_3169.jpg,445
vehicle/hot-air balloon/n03541923_3225.jpg,445
vehicle/hot-air balloon/n03541923_3231.jpg,445
vehicle/hot-air balloon/n03541923_3253.jpg,445
vehicle/hot-air balloon/n03541923_3287.jpg,445
vehicle/hot-air balloon/n03541923_3397.jpg,445
vehicle/hot-air balloon/n03541923_354.jpg,445
vehicle/hot-air balloon/n03541923_3554.jpg,445
vehicle/hot-air balloon/n03541923_3649.jpg,445
vehicle/hot-air balloon/n03541923_3651.jpg,445
vehicle/hot-air balloon/n03541923_3654.jpg,445
vehicle/hot-air balloon/n03541923_3691.jpg,445
vehicle/hot-air balloon/n03541923_373.jpg,445
vehicle/hot-air balloon/n03541923_3778.jpg,445
vehicle/hot-air balloon/n03541923_3836.jpg,445
vehicle/hot-air balloon/n03541923_3877.jpg,445
vehicle/hot-air balloon/n03541923_3913.jpg,445
vehicle/hot-air balloon/n03541923_3937.jpg,445
vehicle/hot-air balloon/n03541923_3962.jpg,445
vehicle/hot-air balloon/n03541923_397.jpg,445
vehicle/hot-air balloon/n03541923_4063.jpg,446
vehicle/hot-air balloon/n03541923_4128.jpg,446
vehicle/hot-air balloon/n03541923_4142.jpg,446
vehicle/hot-air balloon/n03541923_4292.jpg,446
vehicle/hot-air balloon/n03541923_4376.jpg,446
vehicle/hot-air balloon/n03541923_4445.jpg,446
vehicle/hot-air balloon/n03541923_477.jpg,446
vehicle/hot-air balloon/n03541923_504.jpg,446
vehicle/hot-air balloon/n03541923_5133.jpg,446
vehicle/hot-air balloon/n03541923_565.jpg,446
vehicle/hot-air balloon/n03541923_579.jpg,446
vehicle/hot-air balloon/n03541923_5803.jpg,446
vehicle/hot-air balloon/n03541923_5874.jpg,446
vehicle/hot-air balloon/n03541923_611.jpg,446
vehicle/hot-air balloon/n03541923_628.jpg,446
vehicle/hot-air balloon/n03541923_643.jpg,446
vehicle/hot-air balloon/n03541923_647.jpg,446
vehicle/hot-air balloon/n03541923_738.jpg,446
vehicle/hot-air balloon/n03541923_739.jpg,446
vehicle/hot-air balloon/n03541923_748.jpg,446
vehicle/hot-air balloon/n03541923_755.jpg,447
vehicle/hot-air balloon/n03541923_761.jpg,447
vehicle/hot-air balloon/n03541923_855.jpg,447
vehicle/hot-air balloon/n03541923_889.jpg,447
vehicle/hot-air balloon/n03541923_95.jpg,447
vehicle/hot-air balloon/n03541923_980.jpg,447
vehicle/limousine/n03670208_10000.jpg,447
vehicle/limousine/n03670208_10304.jpg,447
vehicle/limousine/n03670208_10575.jpg,447
vehicle/limousine/n03670208_10624.jpg,447
vehicle/limousine/n03670208_1071.jpg,447
vehicle/limousine/n03670208_1086.jpg,447
vehicle/limousine/n03670208_1113.jpg,447
vehicle/limousine/n03670208_11267.jpg,447
vehicle/limousine/n03670208_11611.jpg,447
vehicle/limousine/n03670208_11796.jpg,447
vehicle/limousine/n03670208_12165.jpg,447
vehicle/limousine/n03670208_12364.jpg,447
vehicle/limousine/n03670208_12615.jpg,447
vehicle/limousine/n03670208_12822.jpg,447
vehicle/limousine/n03670208_12941.jpg,448
vehicle/limousine/n03670208_12964.jpg,448
vehicle/limousine/n03670208_13015.jpg,448
vehicle/limousine/n03670208_1333.jpg,448
vehicle/limousine/n03670208_13424.jpg,448
vehicle/limousine/n03670208_13691.jpg,448
vehicle/limousine/n03670208_13877.jpg,448
vehicle/limousine/n03670208_13910.jpg,448
vehicle/limousine/n03670208_14758.jpg,448
vehicle/limousine/n03670208_14846.jpg,448
vehicle/limousine/n03670208_15043.jpg,448
vehicle/limousine/n03670208_15057.jpg,448
vehicle/limousine/n03670208_15077.jpg,448
vehicle/limousine/n03670208_1659.jpg,448
vehicle/limousine/n03670208_16904.jpg,448
vehicle/limousine/n03670208_1789.jpg,448
vehicle/limousine/n03670208_1953.jpg,448
vehicle/limousine/n03670208_20803.jpg,448
vehicle/limousine/n03670208_2187.jpg,448
vehicle/limousine/n03670208_2214.jpg,448
vehicle/limousine/n03670208_25045.jpg,449
vehicle/limousine/n03670208_25070.jpg,449
vehicle/limousine/n03670208_25365.jpg,449
vehicle/limousine/n03670208_2699.jpg,449
vehicle/limousine/n03670208_28315.jpg,449
vehicle/limousine/n03670208_285.jpg,449
vehicle/limousine/n03670208_31575.jpg,449
vehicle/limousine/n03670208_3198.jpg,449
vehicle/limousine/n03670208_3267.jpg,449
vehicle/limousine/n03670208_3334.jpg,449
vehicle/limousine/n03670208_33811.jpg,449
vehicle/limousine/n03670208_3432.jpg,449
vehicle/limousine/n03670208_35150.jpg,449
vehicle/limousine/n03670208_36069.jpg,449
vehicle/limousine/n03670208_36693.jpg,449
vehicle/limousine/n03670208_3695.jpg,449
vehicle/limousine/n03670208_37080.jpg,449
vehicle/limousine/n03670208_37379.jpg,449
vehicle/limousine/n03670208_3837.jpg,449
vehicle/limousine/n03670208_3857.jpg,449
vehicle/limousine/n03670208_3865.jpg,450
vehicle/limousine/n03670208_3971.jpg,450
vehicle/limousine/n03670208_40294.jpg,450
vehicle/limousine/n03670208_40668.jpg,450
vehicle/limousine/n03670208_41966.jpg,450
vehicle/limousine/n03670208_42256.jpg,450
vehicle/limousine/n03670208_4237.jpg,450
vehicle/limousine/n03670208_43162.jpg,450
vehicle/limousine/n03670208_4680.jpg,450
vehicle/limousine/n03670208_4777.jpg,450
vehicle/limousine/n03670208_48077.jpg,450
vehicle/limousine/n03670208_4834.jpg,450
vehicle/limousine/n03670208_49557.jpg,450
vehicle/limousine/n03670208_5002.jpg,450
vehicle/limousine/n03670208_51133.jpg,450
vehicle/limousine/n03670208_52450.jpg,450
vehicle/limousine/n03670208_5255.jpg,450
vehicle/limousine/n03670208_5369.jpg,450
vehicle/limousine/n03670208_54805.jpg,450
vehicle/limousine/n03670208_54844.jpg,450
vehicle/limousine/n03670208_5603.jpg,451
vehicle/limousine/n03670208_5631.jpg,451
vehicle/limousine/n03670208_5727.jpg,451
vehicle/limousine/n03670208_5802.jpg,451
vehicle/limousine/n03670208_5831.jpg,451
vehicle/limousine/n03670208_6098.jpg,451
vehicle/limousine/n03670208_6108.jpg,451
vehicle/limousine/n03670208_6139.jpg,451
vehicle/limousine/n03670208_6382.jpg,451
vehicle/limousine/n03670208_6553.jpg,451
vehicle/limousine/n03670208_6791.jpg,451
vehicle/limousine/n03670208_7028.jpg,451
vehicle/limousine/n03670208_7337.jpg,451
vehicle/limousine/n03670208_737.jpg,451
vehicle/limousine/n03670208_7734.jpg,451
vehicle/limousine/n03670208_7885.jpg,451
vehicle/limousine/n03670208_8336.jpg,451
vehicle/limousine/n03670208_8659.jpg,451
vehicle/limousine/n03670208_9432.jpg,451
vehicle/limousine/n03670208_9655.jpg,451
vehicle/limousine/n03670208_9768.jpg,452
vehicle/limousine/n03670208_9812.jpg,452
vehicle/motorcycle/000000002823.jpg,452
vehicle/motorcycle/000000044240.jpg,452
vehicle/motorcycle/000000055469.jpg,452
vehicle/motorcycle/000000058713.jpg,452
vehicle/motorcycle/000000078307.jpg,452
vehicle/motorcycle/000000092529.jpg,452
vehicle/motorcycle/000000108470.jpg,452
vehicle/motorcycle/000000110159.jpg,452
vehicle/motorcycle/000000110961.jpg,452
vehicle/motorcycle/000000113455.jpg,452
vehicle/motorcycle/000000117380.jpg,452
vehicle/motorcycle/000000118644.jpg,452
vehicle/motorcycle/000000120021.jpg,452
vehicle/motorcycle/000000150487.jpg,452
vehicle/motorcycle/000000164657.jpg,452
vehicle/motorcycle/000000198495.jpg,452
vehicle/motorcycle/000000203304.jpg,452
vehicle/motorcycle/000000225731.jpg,452
vehicle/motorcycle/000000259316.jpg,453
vehicle/motorcycle/000000342004.jpg,453
vehicle/motorcycle/000000351711.jpg,453
vehicle/motorcycle/000000369805.jpg,453
vehicle/motorcycle/000000390817.jpg,453
vehicle/motorcycle/000000395591.jpg,453
vehicle/motorcycle/000000402794.jpg,453
vehicle/motorcycle/000000405620.jpg,453
vehicle/motorcycle/000000425131.jpg,453
vehicle/motorcycle/000000436856.jpg,453
vehicle/motorcycle/000000445218.jpg,453
vehicle/motorcycle/000000470292.jpg,453
vehicle/motorcycle/000000470300.jpg,453
vehicle/motorcycle/000000496939.jpg,453
vehicle/motorcycle/000000512394.jpg,453
vehicle/motorcycle/000000518010.jpg,453
vehicle/motorcycle/000000566278.jpg,453
vehicle/motorcycle/n03790512_10156.jpg,453
vehicle/motorcycle/n03790512_10899.jpg,453
vehicle/motorcycle/n03790512_10993.jpg,453
vehicle/motorcycle/n03790512_11024.jpg,454
vehicle/motorcycle/n03790512_11044.jpg,454
vehicle/motorcycle/n03790512_11298.jpg,454
vehicle/motorcycle/n03790512_11613.jpg,454
vehicle/motorcycle/n03790512_1183.jpg,454
vehicle/motorcycle/n03790512_11888.jpg,454
vehicle/motorcycle/n03790512_12001.jpg,454
vehicle/motorcycle/n03790512_12076.jpg,454
vehicle/motorcycle/n03790512_12141.jpg,454
vehicle/motorcycle/n03790512_12399.jpg,454
vehicle/motorcycle/n03790512_12426.jpg,454
vehicle/motorcycle/n03790512_12908.jpg,454
vehicle/motorcycle/n03790512_13361.jpg,454
vehicle/motorcycle/n03790512_13612.jpg,454
vehicle/motorcycle/n03790512_13819.jpg,454
vehicle/motorcycle/n03790512_13869.jpg,454
vehicle/motorcycle/n03790512_13948.jpg,454
vehicle/motorcycle/n03790512_14024.jpg,454
vehicle/motorcycle/n03790512_14100.jpg,454
vehicle/motorcycle/n03790512_14144.jpg,454
vehicle/motorcycle/n03790512_14255.jpg,455
vehicle/motorcycle/n03790512_14584.jpg,455
vehicle/motorcycle/n03790512_14881.jpg,455
vehicle/motorcycle/n03790512_1490.jpg,455
vehicle/motorcycle/n03790512_15268.jpg,455
vehicle/motorcycle/n03790512_1549.jpg,455
vehicle/motorcycle/n03790512_1748.jpg,455
vehicle/motorcycle/n03790512_1777.jpg,455
vehicle/motorcycle/n03790512_2492.jpg,455
vehicle/motorcycle/n03790512_28698.jpg,455
vehicle/motorcycle/n03790512_31607.jpg,455
vehicle/motorcycle/n03790512_3214.jpg,455
vehicle/motorcycle/n03790512_3266.jpg,455
vehicle/motorcycle/n03790512_370.jpg,455
vehicle/motorcycle/n03790512_3785.jpg,455
vehicle/motorcycle/n03790512_38630.jpg,455
vehicle/motorcycle/n03790512_3940.jpg,455
vehicle/motorcycle/n03790512_40609.jpg,455
vehicle/motorcycle/n03790512_4298.jpg,455
vehicle/motorcycle/n03790512_4315.jpg,455
vehicle/motorcycle/n03790512_4715.jpg,456
vehicle/motorcycle/n03790512_5014.jpg,456
vehicle/motorcycle/n03790512_5423.jpg,456
vehicle/motorcycle/n03790512_559.jpg,456
vehicle/motorcycle/n03790512_5732.jpg,456
vehicle/motorcycle/n03790512_5804.jpg,456
vehicle/motorcycle/n03790512_5927.jpg,456
vehicle/motorcycle/n03790512_6401.jpg,456
vehicle/motorcycle/n03790512_6472.jpg,456
vehicle/motorcycle/n03790512_6921.jpg,456
vehicle/motorcycle/n03790512_7560.jpg,456
vehicle/motorcycle/n03790512_8493.jpg,456
vehicle/motorcycle/n03790512_8713.jpg,456
vehicle/motorcycle/n03790512_932.jpg,456
vehicle/motorcycle/n03790512_9380.jpg,456
vehicle/motorcycle/n03790512_948.jpg,456
vehicle/pleasure boat/000000003832.jpg,456
vehicle/pleasure boat/000000263176.jpg,456
vehicle/pleasure boat/000000358088.jpg,456
vehicle/pleasure boat/000000529774.jpg,456
vehicle/pleasure boat/000000544396.jpg,457
vehicle/pleasure boat/000000544638.jpg,457
vehicle/pleasure boat/n02932891_10246.jpg,457
vehicle/pleasure boat/n02932891_10282.jpg,457
vehicle/pleasure boat/n02932891_110.jpg,457
vehicle/pleasure boat/n02932891_12235.jpg,457
vehicle/pleasure boat/n02932891_13200.jpg,457
vehicle/pleasure boat/n02932891_13317.jpg,457
vehicle/pleasure boat/n02932891_14021.jpg,457
vehicle/pleasure boat/n02932891_15330.jpg,457
vehicle/pleasure boat/n02932891_15504.jpg,457
vehicle/pleasure boat/n02932891_17305.jpg,457
vehicle/pleasure boat/n02932891_17508.jpg,457
vehicle/pleasure boat/n02932891_1765.jpg,457
vehicle/pleasure boat/n02932891_17656.jpg,457
vehicle/pleasure boat/n02932891_17874.jpg,457
vehicle/pleasure boat/n02932891_2007.jpg,457
vehicle/pleasure boat/n02932891_20139.jpg,457
vehicle/pleasure boat/n02932891_20386.jpg,457
vehicle/pleasure boat/n02932891_20843.jpg,457
vehicle/pleasure boat/n02932891_20917.jpg,458
vehicle/pleasure boat/n02932891_20947.jpg,458
vehicle/pleasure boat/n02932891_22489.jpg,458
vehicle/pleasure boat/n02932891_23097.jpg,458
vehicle/pleasure boat/n02932891_24092.jpg,458
vehicle/pleasure boat/n02932891_26954.jpg,458
vehicle/pleasure boat/n02932891_27456.jpg,458
vehicle/pleasure boat/n02932891_27995.jpg,458
vehicle/pleasure boat/n02932891_28174.jpg,458
vehicle/pleasure boat/n02932891_2913.jpg,458
vehicle/pleasure boat/n02932891_29563.jpg,458
vehicle/pleasure boat/n02932891_30845.jpg,458
vehicle/pleasure boat/n02932891_30898.jpg,458
vehicle/pleasure boat/n02932891_3159.jpg,458
vehicle/pleasure boat/n02932891_32504.jpg,458
vehicle/pleasure boat/n02932891_32573.jpg,458
vehicle/pleasure boat/n02932891_3352.jpg,458
vehicle/pleasure boat/n02932891_34440.jpg,458
vehicle/pleasure boat/n02932891_34888.jpg,458
vehicle/pleasure boat/n02932891_36476.jpg,458
vehicle/pleasure boat/n02932891_36723.jpg,459
vehicle/pleasure boat/n02932891_37035.jpg,459
vehicle/pleasure boat/n02932891_37141.jpg,459
vehicle/pleasure boat/n02932891_37190.jpg,459
vehicle/pleasure boat/n02932891_3734.jpg,459
vehicle/pleasure boat/n02932891_3743.jpg,459
vehicle/pleasure boat/n02932891_37818.jpg,459
vehicle/pleasure boat/n02932891_38305.jpg,459
vehicle/pleasure boat/n02932891_39466.jpg,459
vehicle/pleasure boat/n02932891_40314.jpg,459
vehicle/pleasure boat/n02932891_4721.jpg,459
vehicle/pleasure boat/n02932891_5651.jpg,459
vehicle/pleasure boat/n02932891_5942.jpg,459
vehicle/pleasure boat/n02932891_6193.jpg,459
vehicle/pleasure boat/n02932891_6352.jpg,459
vehicle/pleasure boat/n02932891_643.jpg,459
vehicle/pleasure boat/n02932891_7006.jpg,459
vehicle/pleasure boat/n02932891_7848.jpg,459
vehicle/pleasure boat/n02932891_8061.jpg,459
vehicle/pleasure boat/n02932891_8633.jpg,459
vehicle/pleasure boat/n02932891_9150.jpg,460
vehicle/pleasure boat/n02932891_9585.jpg,460
vehicle/pleasure boat/n02932891_9865.jpg,460
vehicle/pleasure boat/n02932891_9877.jpg,460
vehicle/scooter/000000067823.jpg,460
vehicle/scooter/000000101749.jpg,460
vehicle/scooter/000000246444.jpg,460
vehicle/scooter/000000567057.jpg,460
vehicle/scooter/n03791053_10016.jpg,460
vehicle/scooter/n03791053_10146.jpg,460
vehicle/scooter/n03791053_10185.jpg,460
vehicle/scooter/n03791053_10202.jpg,460
vehicle/scooter/n03791053_10242.jpg,460
vehicle/scooter/n03791053_10279.jpg,460
vehicle/scooter/n03791053_10430.jpg,460
vehicle/scooter/n03791053_10559.jpg,460
vehicle/scooter/n03791053_10886.jpg,460
vehicle/scooter/n03791053_11283.jpg,460
vehicle/scooter/n03791053_11306.jpg,460
vehicle/scooter/n03791053_11625.jpg,460
vehicle/scooter/n03791053_1165.jpg,461
vehicle/scooter/n03791053_11732.jpg,461
vehicle/scooter/n03791053_12064.jpg,461
vehicle/scooter/n03791053_12105.jpg,461
vehicle/scooter/n03791053_12223.jpg,461
vehicle/scooter/n03791053_12289.jpg,461
vehicle/scooter/n03791053_12341.jpg,461
vehicle/scooter/n03791053_12453.jpg,461
vehicle/scooter/n03791053_13346.jpg,461
vehicle/scooter/n03791053_13776.jpg,461
vehicle/scooter/n03791053_14626.jpg,461
vehicle/scooter/n03791053_15334.jpg,461
vehicle/scooter/n03791053_15494.jpg,461
vehicle/scooter/n03791053_15694.jpg,461
vehicle/scooter/n03791053_16241.jpg,461
vehicle/scooter/n03791053_16372.jpg,461
vehicle/scooter/n03791053_16385.jpg,461
vehicle/scooter/n03791053_16405.jpg,461
vehicle/scooter/n03791053_16934.jpg,461
vehicle/scooter/n03791053_1838.jpg,461
vehicle/scooter/n03791053_1871.jpg,462
vehicle/scooter/n03791053_19618.jpg,462
vehicle/scooter/n03791053_19693.jpg,462
vehicle/scooter/n03791053_2009.jpg,462
vehicle/scooter/n03791053_20338.jpg,462
vehicle/scooter/n03791053_2123.jpg,462
vehicle/scooter/n03791053_22113.jpg,462
vehicle/scooter/n03791053_22481.jpg,462
vehicle/scooter/n03791053_22762.jpg,462
vehicle/scooter/n03791053_22823.jpg,462
vehicle/scooter/n03791053_22912.jpg,462
vehicle/scooter/n03791053_23754.jpg,462
vehicle/scooter/n03791053_2534.jpg,462
vehicle/scooter/n03791053_2585.jpg,462
vehicle/scooter/n03791053_2629.jpg,462
vehicle/scooter/n03791053_2632.jpg,462
vehicle/scooter/n03791053_27019.jpg,462
vehicle/scooter/n03791053_27357.jpg,462
vehicle/scooter/n03791053_28017.jpg,462
vehicle/scooter/n03791053_3033.jpg,462
vehicle/scooter/n03791053_3528.jpg,463
vehicle/scooter/n03791053_3744.jpg,463
vehicle/scooter/n03791053_3847.jpg,463
vehicle/scooter/n03791053_3966.jpg,463
vehicle/scooter/n03791053_4466.jpg,463
vehicle/scooter/n03791053_4739.jpg,463
vehicle/scooter/n03791053_498.jpg,463
vehicle/scooter/n03791053_517.jpg,463
vehicle/scooter/n03791053_5242.jpg,463
vehicle/scooter/n03791053_540.jpg,463
vehicle/scooter/n03791053_547.jpg,463
vehicle/scooter/n03791053_5528.jpg,463
vehicle/scooter/n03791053_5670.jpg,463
vehicle/scooter/n03791053_5673.jpg,463
vehicle/scooter/n03791053_5855.jpg,463
vehicle/scooter/n03791053_6163.jpg,463
vehicle/scooter/n03791053_623.jpg,463
vehicle/scooter/n03791053_6359.jpg,463
vehicle/scooter/n03791053_6407.jpg,463
vehicle/scooter/n03791053_6488.jpg,463
vehicle/scooter/n03791053_6538.jpg,464
vehicle/scooter/n03791053_7039.jpg,464
vehicle/scooter/n03791053_7220.jpg,464
vehicle/scooter/n03791053_7319.jpg,464
vehicle/scooter/n03791053_7694.jpg,464
vehicle/scooter/n03791053_7703.jpg,464
vehicle/scooter/n03791053_7764.jpg,464
vehicle/scooter/n03791053_7806.jpg,464
vehicle/scooter/n03791053_7898.jpg,464
vehicle/scooter/n03791053_7997.jpg,464
vehicle/scooter/n03791053_8023.jpg,464
vehicle/scooter/n03791053_8058.jpg,464
vehicle/scooter/n03791053_8113.jpg,464
vehicle/scooter/n03791053_845.jpg,464
vehicle/scooter/n03791053_8496.jpg,464
vehicle/scooter/n03791053_8778.jpg,464
vehicle/scooter/n03791053_8851.jpg,464
vehicle/scooter/n03791053_9122.jpg,464
vehicle/scooter/n03791053_9223.jpg,464
vehicle/scooter/n03791053_924.jpg,464
vehicle/scooter/n03791053_9326.jpg,465
vehicle/scooter/n03791053_9553.jpg,465
vehicle/scooter/n03791053_9730.jpg,465
vehicle/scooter/n03791053_9992.jpg,465
vehicle/snowmobile/n04252077_1066.jpg,465
vehicle/snowmobile/n04252077_1557.jpg,465
vehicle/snowmobile/n04252077_3530.jpg,465
vehicle/snowmobile/n04252077_3698.jpg,465
vehicle/snowmobile/n04252077_3731.jpg,465
vehicle/snowmobile/n04252077_41.jpg,465
vehicle/snowmobile/n04252077_4506.jpg,465
vehicle/snowmobile/n04252077_4752.jpg,465
vehicle/snowmobile/n04252077_57.jpg,465
vehicle/snowmobile/n04252077_59.jpg,465
vehicle/snowmobile/n04252077_5929.jpg,465
vehicle/snowmobile/n04252077_6553.jpg,465
vehicle/snowmobile/n04252077_6724.jpg,465
vehicle/snowmobile/n04252077_6769.jpg,465
vehicle/snowmobile/n04252077_7273.jpg,465
vehicle/snowmobile/n04252077_7317.jpg,465
vehicle/snowmobile/n04252077_7372.jpg,466
vehicle/snowmobile/n04252077_7421.jpg,466
vehicle/snowmobile/n04252077_762.jpg,466
vehicle/snowmobile/n04252077_8571.jpg,466
vehicle/subway train/000000486451.jpg,466
vehicle/subway train/000000553079.jpg,466
vehicle/subway train/n04349306_10198.jpg,466
vehicle/subway train/n04349306_10700.jpg,466
vehicle/subway train/n04349306_10747.jpg,466
vehicle/subway train/n04349306_11159.jpg,466
vehicle/subway train/n04349306_1205.jpg,466
vehicle/subway train/n04349306_12061.jpg,466
vehicle/subway train/n04349306_12217.jpg,466
vehicle/subway train/n04349306_12251.jpg,466
vehicle/subway train/n04349306_12351.jpg,466
vehicle/subway train/n04349306_12365.jpg,466
vehicle/subway train/n04349306_12612.jpg,466
vehicle/subway train/n04349306_1353.jpg,466
vehicle/subway train/n04349306_14046.jpg,466
vehicle/subway train/n04349306_14092.jpg,466
vehicle/subway train/n04349306_14345.jpg,467
vehicle/subway train/n04349306_14590.jpg,467
vehicle/subway train/n04349306_1467.jpg,467
vehicle/subway train/n04349306_1533.jpg,467
vehicle/subway train/n04349306_1863.jpg,467
vehicle/subway train/n04349306_195.jpg,467
vehicle/subway train/n04349306_2021.jpg,467
vehicle/subway train/n04349306_207.jpg,467
vehicle/subway train/n04349306_2105.jpg,467
vehicle/subway train/n04349306_2279.jpg,467
vehicle/subway train/n04349306_2300.jpg,467
vehicle/subway train/n04349306_2544.jpg,467
vehicle/subway train/n04349306_2632.jpg,467
vehicle/subway train/n04349306_2756.jpg,467
vehicle/subway train/n04349306_2758.jpg,467
vehicle/subway train/n04349306_2769.jpg,467
vehicle/subway train/n04349306_2897.jpg,467
vehicle/subway train/n04349306_2904.jpg,467
vehicle/subway train/n04349306_2956.jpg,467
vehicle/subway train/n04349306_2963.jpg,467
vehicle/subway train/n04349306_2969.jpg,468
vehicle/subway train/n04349306_3.jpg,468
vehicle/subway train/n04349306_3271.jpg,468
vehicle/subway train/n04349306_3389.jpg,468
vehicle/subway train/n04349306_3409.jpg,468
vehicle/subway train/n04349306_3428.jpg,468
vehicle/subway train/n04349306_3751.jpg,468
vehicle/subway train/n04349306_4174.jpg,468
vehicle/subway train/n04349306_4471.jpg,468
vehicle/subway train/n04349306_4500.jpg,468
vehicle/subway train/n04349306_4552.jpg,468
vehicle/subway train/n04349306_4561.jpg,468
vehicle/subway train/n04349306_4586.jpg,468
vehicle/subway train/n04349306_4622.jpg,468
vehicle/subway train/n04349306_4626.jpg,468
vehicle/subway train/n04349306_4699.jpg,468
vehicle/subway train/n04349306_4774.jpg,468
vehicle/subway train/n04349306_4811.jpg,468
vehicle/subway train/n04349306_4822.jpg,468
vehicle/subway train/n04349306_4823.jpg,468
vehicle/subway train/n04349306_4862.jpg,469
vehicle/subway train/n04349306_4886.jpg,469
vehicle/subway train/n04349306_4982.jpg,469
vehicle/subway train/n04349306_5052.jpg,469
vehicle/subway train/n04349306_5083.jpg,469
vehicle/subway train/n04349306_5124.jpg,469
vehicle/subway train/n04349306_5170.jpg,469
vehicle/subway train/n04349306_5257.jpg,469
vehicle/subway train/n04349306_5350.jpg,469
vehicle/subway train/n04349306_54.jpg,469
vehicle/subway train/n04349306_5412.jpg,469
vehicle/subway train/n04349306_5669.jpg,469
vehicle/subway train/n04349306_5697.jpg,469
vehicle/subway train/n04349306_5722.jpg,469
vehicle/subway train/n04349306_6213.jpg,469
vehicle/subway train/n04349306_6258.jpg,469
vehicle/subway train/n04349306_6301.jpg,469
vehicle/subway train/n04349306_6718.jpg,469
vehicle/subway train/n04349306_760.jpg,469
vehicle/subway train/n04349306_7659.jpg,469
vehicle/subway train/n04349306_7700.jpg,470
vehicle/subway train/n04349306_7930.jpg,470
vehicle/subway train/n04349306_7960.jpg,470
vehicle/subway train/n04349306_8007.jpg,470
vehicle/subway train/n04349306_8038.jpg,470
vehicle/subway train/n04349306_811.jpg,470
vehicle/subway train/n04349306_8198.jpg,470
vehicle/subway train/n04349306_8199.jpg,470
vehicle/subway train/n04349306_8288.jpg,470
vehicle/subway train/n04349306_8344.jpg,470
vehicle/subway train/n04349306_8470.jpg,470
vehicle/subway train/n04349306_8545.jpg,470
vehicle/subway train/n04349306_861.jpg,470
vehicle/subway train/n04349306_8827.jpg,470
vehicle/subway train/n04349306_8879.jpg,470
vehicle/subway train/n04349306_9108.jpg,470
vehicle/subway train/n04349306_9186.jpg,470
vehicle/subway train/n04349306_9235.jpg,470
vehicle/subway train/n04349306_9782.jpg,470
vehicle/subway train/n04349306_9923.jpg,470
vehicle/subway train/n04349306_9944.jpg,471
vehicle/subway train/n04349306_9988.jpg,471
vehicle/subway train/n04349306_9994.jpg,471
vehicle/tow truck/n04461696_1039.jpg,471
vehicle/tow truck/n04461696_10492.jpg,471
vehicle/tow truck/n04461696_10555.jpg,471
vehicle/tow truck/n04461696_1069.jpg,471
vehicle/tow truck/n04461696_1080.jpg,471
vehicle/tow truck/n04461696_11028.jpg,471
vehicle/tow truck/n04461696_11897.jpg,471
vehicle/tow truck/n04461696_12158.jpg,471
vehicle/tow truck/n04461696_12319.jpg,471
vehicle/tow truck/n04461696_1344.jpg,471
vehicle/tow truck/n04461696_14074.jpg,471
vehicle/tow truck/n04461696_1440.jpg,471
vehicle/tow truck/n04461696_14803.jpg,471
vehicle/tow truck/n04461696_1481.jpg,471
vehicle/tow truck/n04461696_14893.jpg,471
vehicle/tow truck/n04461696_15509.jpg,471
vehicle/tow truck/n04461696_16043.jpg,471
vehicle/tow truck/n04461696_1691.jpg,472
vehicle/tow truck/n04461696_16929.jpg,472
vehicle/tow truck/n04461696_1697.jpg,472
vehicle/tow truck/n04461696_1704.jpg,472
vehicle/tow truck/n04461696_17595.jpg,472
vehicle/tow truck/n04461696_1821.jpg,472
vehicle/tow truck/n04461696_18465.jpg,472
vehicle/tow truck/n04461696_1888.jpg,472
vehicle/tow truck/n04461696_18993.jpg,472
vehicle/tow truck/n04461696_19012.jpg,472
vehicle/tow truck/n04461696_1918.jpg,472
vehicle/tow truck/n04461696_19513.jpg,472
vehicle/tow truck/n04461696_2018.jpg,472
vehicle/tow truck/n04461696_21110.jpg,472
vehicle/tow truck/n04461696_21863.jpg,472
vehicle/tow truck/n04461696_2281.jpg,472
vehicle/tow truck/n04461696_22985.jpg,472
vehicle/tow truck/n04461696_2315.jpg,472
vehicle/tow truck/n04461696_23190.jpg,472
vehicle/tow truck/n04461696_2376.jpg,472
vehicle/tow truck/n04461696_2550.jpg,473
vehicle/tow truck/n04461696_2559.jpg,473
vehicle/tow truck/n04461696_25721.jpg,473
vehicle/tow truck/n04461696_2743.jpg,473
vehicle/tow truck/n04461696_2750.jpg,473
vehicle/tow truck/n04461696_3013.jpg,473
vehicle/tow truck/n04461696_3046.jpg,473
vehicle/tow truck/n04461696_3102.jpg,473
vehicle/tow truck/n04461696_3232.jpg,473
vehicle/tow truck/n04461696_3334.jpg,473
vehicle/tow truck/n04461696_3490.jpg,473
vehicle/tow truck/n04461696_3523.jpg,473
vehicle/tow truck/n04461696_3715.jpg,473
vehicle/tow truck/n04461696_3745.jpg,473
vehicle/tow truck/n04461696_3759.jpg,473
vehicle/tow truck/n04461696_3989.jpg,473
vehicle/tow truck/n04461696_4037.jpg,473
vehicle/tow truck/n04461696_4084.jpg,473
vehicle/tow truck/n04461696_4207.jpg,473
vehicle/tow truck/n04461696_4324.jpg,473
vehicle/tow truck/n04461696_4331.jpg,474
vehicle/tow truck/n04461696_4603.jpg,474
vehicle/tow truck/n04461696_4760.jpg,474
vehicle/tow truck/n04461696_4761.jpg,474
vehicle/tow truck/n04461696_4840.jpg,474
vehicle/tow truck/n04461696_4867.jpg,474
vehicle/tow truck/n04461696_4934.jpg,474
vehicle/tow truck/n04461696_5154.jpg,474
vehicle/tow truck/n04461696_5194.jpg,474
vehicle/tow truck/n04461696_5312.jpg,474
vehicle/tow truck/n04461696_5363.jpg,474
vehicle/tow truck/n04461696_544.jpg,474
vehicle/tow truck/n04461696_5500.jpg,474
vehicle/tow truck/n04461696_5739.jpg,474
vehicle/tow truck/n04461696_6027.jpg,474
vehicle/tow truck/n04461696_6157.jpg,474
vehicle/tow truck/n04461696_6299.jpg,474
vehicle/tow truck/n04461696_6319.jpg,474
vehicle/tow truck/n04461696_6327.jpg,474
vehicle/tow truck/n04461696_6334.jpg,474
vehicle/tow truck/n04461696_6636.jpg,475
vehicle/tow truck/n04461696_6719.jpg,475
vehicle/tow truck/n04461696_6768.jpg,475
vehicle/tow truck/n04461696_6773.jpg,475
vehicle/tow truck/n04461696_6948.jpg,475
vehicle/tow truck/n04461696_6970.jpg,475
vehicle/tow truck/n04461696_6974.jpg,475
vehicle/tow truck/n04461696_738.jpg,475
vehicle/tow truck/n04461696_7504.jpg,475
vehicle/tow truck/n04461696_7740.jpg,475
vehicle/tow truck/n04461696_7754.jpg,475
vehicle/tow truck/n04461696_8035.jpg,475
vehicle/tow truck/n04461696_8486.jpg,475
vehicle/tow truck/n04461696_8599.jpg,475
vehicle/tow truck/n04461696_9129.jpg,475
vehicle/tow truck/n04461696_9793.jpg,475
vehicle/tractor/n04465501_1012.jpg,475
vehicle/tractor/n04465501_1033.jpg,475
vehicle/tractor/n04465501_1053.jpg,475
vehicle/tractor/n04465501_10791.jpg,475
vehicle/tractor/n04465501_1111.jpg,476
vehicle/tractor/n04465501_11146.jpg,476
vehicle/tractor/n04465501_11845.jpg,476
vehicle/tractor/n04465501_1216.jpg,476
vehicle/tractor/n04465501_122.jpg,476
vehicle/tractor/n04465501_1225.jpg,476
vehicle/tractor/n04465501_1257.jpg,476
vehicle/tractor/n04465501_1262.jpg,476
vehicle/tractor/n04465501_1273.jpg,476
vehicle/tractor/n04465501_12990.jpg,476
vehicle/tractor/n04465501_1306.jpg,476
vehicle/tractor/n04465501_13078.jpg,476
vehicle/tractor/n04465501_13294.jpg,476
vehicle/tractor/n04465501_1356.jpg,476
vehicle/tractor/n04465501_14464.jpg,476
vehicle/tractor/n04465501_1486.jpg,476
vehicle/tractor/n04465501_1535.jpg,476
vehicle/tractor/n04465501_1621.jpg,476
vehicle/tractor/n04465501_1672.jpg,476
vehicle/tractor/n04465501_1705.jpg,476
vehicle/tractor/n04465501_1750.jpg,477
vehicle/tractor/n04465501_1769.jpg,477
vehicle/tractor/n04465501_1782.jpg,477
vehicle/tractor/n04465501_1793.jpg,477
vehicle/tractor/n04465501_1801.jpg,477
vehicle/tractor/n04465501_1825.jpg,477
vehicle/tractor/n04465501_1949.jpg,477
vehicle/tractor/n04465501_2088.jpg,477
vehicle/tractor/n04465501_2149.jpg,477
vehicle/tractor/n04465501_2168.jpg,477
vehicle/tractor/n04465501_228.jpg,477
vehicle/tractor/n04465501_2331.jpg,477
vehicle/tractor/n04465501_2353.jpg,477
vehicle/tractor/n04465501_2409.jpg,477
vehicle/tractor/n04465501_2475.jpg,477
vehicle/tractor/n04465501_2499.jpg,477
vehicle/tractor/n04465501_2523.jpg,477
vehicle/tractor/n04465501_2636.jpg,477
vehicle/tractor/n04465501_2689.jpg,477
vehicle/tractor/n04465501_2737.jpg,477
vehicle/tractor/n04465501_276.jpg,478
vehicle/tractor/n04465501_2796.jpg,478
vehicle/tractor/n04465501_2922.jpg,478
vehicle/tractor/n04465501_2972.jpg,478
vehicle/tractor/n04465501_2988.jpg,478
vehicle/tractor/n04465501_3039.jpg,478
vehicle/tractor/n04465501_3069.jpg,478
vehicle/tractor/n04465501_3133.jpg,478
vehicle/tractor/n04465501_3147.jpg,478
vehicle/tractor/n04465501_3214.jpg,478
vehicle/tractor/n04465501_3275.jpg,478
vehicle/tractor/n04465501_3300.jpg,478
vehicle/tractor/n04465501_3339.jpg,478
vehicle/tractor/n04465501_3381.jpg,478
vehicle/tractor/n04465501_3459.jpg,478
vehicle/tractor/n04465501_3501.jpg,478
vehicle/tractor/n04465501_3598.jpg,478
vehicle/tractor/n04465501_3853.jpg,478
vehicle/tractor/n04465501_4020.jpg,478
vehicle/tractor/n04465501_4403.jpg,478
vehicle/tractor/n04465501_4427.jpg,479
vehicle/tractor/n04465501_4463.jpg,479
vehicle/tractor/n04465501_473.jpg,479
vehicle/tractor/n04465501_477.jpg,479
vehicle/tractor/n04465501_4828.jpg,479
vehicle/tractor/n04465501_4835.jpg,479
vehicle/tractor/n04465501_488.jpg,479
vehicle/tractor/n04465501_4896.jpg,479
vehicle/tractor/n04465501_5218.jpg,479
vehicle/tractor/n04465501_5296.jpg,479
vehicle/tractor/n04465501_5323.jpg,479
vehicle/tractor/n04465501_5347.jpg,479
vehicle/tractor/n04465501_5474.jpg,479
vehicle/tractor/n04465501_602.jpg,479
vehicle/tractor/n04465501_6022.jpg,479
vehicle/tractor/n04465501_6532.jpg,479
vehicle/tractor/n04465501_660.jpg,479
vehicle/tractor/n04465501_7045.jpg,479
vehicle/tractor/n04465501_7315.jpg,479
vehicle/tractor/n04465501_7485.jpg,479
vehicle/tractor/n04465501_7646.jpg,480
vehicle/tractor/n04465501_7737.jpg,480
vehicle/tractor/n04465501_786.jpg,480
vehicle/tractor/n04465501_7866.jpg,480
vehicle/tractor/n04465501_802.jpg,480
vehicle/tractor/n04465501_8390.jpg,480
vehicle/tractor/n04465501_904.jpg,480
vehicle/tractor/n04465501_9255.jpg,480
vehicle/tractor/n04465501_927.jpg,480
vehicle/tractor/n04465501_9550.jpg,480
vehicle/tractor/n04465501_9719.jpg,480
vehicle/tractor/n04465501_983.jpg,480
vehicle/train/000000001712.jpg,480
vehicle/train/000000006068.jpg,480
vehicle/train/000000006180.jpg,480
vehicle/train/000000007211.jpg,480
vehicle/train/000000023957.jpg,480
vehicle/train/000000026007.jpg,480
vehicle/train/000000032059.jpg,480
vehicle/train/000000039971.jpg,480
vehicle/train/000000055642.jpg,481
vehicle/train/000000065859.jpg,481
vehicle/train/000000068063.jpg,481
vehicle/train/000000068167.jpg,481
vehicle/train/000000068597.jpg,481
vehicle/train/000000074533.jpg,481
vehicle/train/000000075061.jpg,481
vehicle/train/000000076213.jpg,481
vehicle/train/000000080096.jpg,481
vehicle/train/000000080203.jpg,481
vehicle/train/000000088398.jpg,481
vehicle/train/000000095191.jpg,481
vehicle/train/000000097744.jpg,481
vehicle/train/000000101145.jpg,481
vehicle/train/000000105952.jpg,481
vehicle/train/000000112820.jpg,481
vehicle/train/000000122207.jpg,481
vehicle/train/000000126131.jpg,481
vehicle/train/000000126457.jpg,481
vehicle/train/000000155736.jpg,481
vehicle/train/000000156461.jpg,482
vehicle/train/000000158536.jpg,482
vehicle/train/000000170348.jpg,482
vehicle/train/000000172211.jpg,482
vehicle/train/000000175061.jpg,482
vehicle/train/000000175197.jpg,482
vehicle/train/000000176946.jpg,482
vehicle/train/000000185082.jpg,482
vehicle/train/000000190546.jpg,482
vehicle/train/000000190868.jpg,482
vehicle/train/000000206587.jpg,482
vehicle/train/000000216301.jpg,482
vehicle/train/000000221183.jpg,482
vehicle/train/000000231060.jpg,482
vehicle/train/000000244451.jpg,482
vehicle/train/000000246095.jpg,482
vehicle/train/000000248979.jpg,482
vehicle/train/000000267568.jpg,482
vehicle/train/000000267628.jpg,482
vehicle/train/000000271190.jpg,482
vehicle/train/000000277614.jpg,483
vehicle/train/000000280211.jpg,483
vehicle/train/000000281080.jpg,483
vehicle/train/000000284342.jpg,483
vehicle/train/000000284670.jpg,483
vehicle/train/000000285042.jpg,483
vehicle/train/000000289040.jpg,483
vehicle/train/000000289630.jpg,483
vehicle/train/000000297738.jpg,483
vehicle/train/000000309802.jpg,483
vehicle/train/000000321213.jpg,483
vehicle/train/000000343087.jpg,483
vehicle/train/000000344969.jpg,483
vehicle/train/000000346107.jpg,483
vehicle/train/000000348107.jpg,483
vehicle/train/000000359857.jpg,483
vehicle/train/000000368845.jpg,483
vehicle/train/000000376746.jpg,483
vehicle/train/000000378035.jpg,483
vehicle/train/000000381406.jpg,483
vehicle/train/000000390546.jpg,484
vehicle/train/000000409841.jpg,484
vehicle/train/000000419679.jpg,484
vehicle/train/000000422869.jpg,484
vehicle/train/000000423423.jpg,484
vehicle/train/000000444363.jpg,484
vehicle/train/000000446094.jpg,484
vehicle/train/000000447152.jpg,484
vehicle/train/000000463620.jpg,484
vehicle/train/000000467990.jpg,484
vehicle/train/000000470114.jpg,484
vehicle/train/000000481928.jpg,484
vehicle/train/000000483803.jpg,484
vehicle/train/000000490261.jpg,484
vehicle/train/000000492102.jpg,484
vehicle/train/000000500987.jpg,484
vehicle/train/000000502895.jpg,484
vehicle/train/000000516740.jpg,484
vehicle/train/000000521874.jpg,484
vehicle/train/000000523673.jpg,484
vehicle/train/000000541280.jpg,485
vehicle/train/000000547768.jpg,485
vehicle/train/000000553056.jpg,485
vehicle/train/000000555267.jpg,485
vehicle/train/000000556653.jpg,485
vehicle/train/000000558303.jpg,485
vehicle/train/000000563195.jpg,485
vehicle/train/000000576758.jpg,485
vehicle/train/000000578740.jpg,485
vehicle/train/000000579699.jpg,485
vehicle/tram/000000117515.jpg,485
vehicle/tram/000000323249.jpg,485
vehicle/tram/n04335435_10037.jpg,485
vehicle/tram/n04335435_10056.jpg,485
vehicle/tram/n04335435_10207.jpg,485
vehicle/tram/n04335435_10234.jpg,485
vehicle/tram/n04335435_10416.jpg,485
vehicle/tram/n04335435_10437.jpg,485
vehicle/tram/n04335435_10496.jpg,485
vehicle/tram/n04335435_10497.jpg,485
vehicle/tram/n04335435_10562.jpg,486
vehicle/tram/n04335435_10652.jpg,486
vehicle/tram/n04335435_10726.jpg,486
vehicle/tram/n04335435_10781.jpg,486
vehicle/tram/n04335435_11388.jpg,486
vehicle/tram/n04335435_11527.jpg,486
vehicle/tram/n04335435_12024.jpg,486
vehicle/tram/n04335435_12205.jpg,486
vehicle/tram/n04335435_13188.jpg,486
vehicle/tram/n04335435_13196.jpg,486
vehicle/tram/n04335435_13233.jpg,486
vehicle/tram/n04335435_13394.jpg,486
vehicle/tram/n04335435_13810.jpg,486
vehicle/tram/n04335435_13812.jpg,486
vehicle/tram/n04335435_14096.jpg,486
vehicle/tram/n04335435_14917.jpg,486
vehicle/tram/n04335435_15397.jpg,486
vehicle/tram/n04335435_15442.jpg,486
vehicle/tram/n04335435_1624.jpg,486
vehicle/tram/n04335435_16692.jpg,486
vehicle/tram/n04335435_17377.jpg,487
vehicle/tram/n04335435_1755.jpg,487
vehicle/tram/n04335435_1795.jpg,487
vehicle/tram/n04335435_181.jpg,487
vehicle/tram/n04335435_1862.jpg,487
vehicle/tram/n04335435_1901.jpg,487
vehicle/tram/n04335435_19668.jpg,487
vehicle/tram/n04335435_20093.jpg,487
vehicle/tram/n04335435_20426.jpg,487
vehicle/tram/n04335435_20534.jpg,487
vehicle/tram/n04335435_20710.jpg,487
vehicle/tram/n04335435_20787.jpg,487
vehicle/tram/n04335435_20838.jpg,487
vehicle/tram/n04335435_2090.jpg,487
vehicle/tram/n04335435_21107.jpg,487
vehicle/tram/n04335435_21307.jpg,487
vehicle/tram/n04335435_21915.jpg,487
vehicle/tram/n04335435_21947.jpg,487
vehicle/tram/n04335435_22165.jpg,487
vehicle/tram/n04335435_23288.jpg,487
vehicle/tram/n04335435_23559.jpg,488
vehicle/tram/n04335435_23800.jpg,488
vehicle/tram/n04335435_2388.jpg,488
vehicle/tram/n04335435_24042.jpg,488
vehicle/tram/n04335435_24191.jpg,488
vehicle/tram/n04335435_25058.jpg,488
vehicle/tram/n04335435_25115.jpg,488
vehicle/tram/n04335435_25589.jpg,488
vehicle/tram/n04335435_25628.jpg,488
vehicle/tram/n04335435_25682.jpg,488
vehicle/tram/n04335435_25710.jpg,488
vehicle/tram/n04335435_25760.jpg,488
vehicle/tram/n04335435_2583.jpg,488
vehicle/tram/n04335435_25993.jpg,488
vehicle/tram/n04335435_26094.jpg,488
vehicle/tram/n04335435_2612.jpg,488
vehicle/tram/n04335435_2819.jpg,488
vehicle/tram/n04335435_2897.jpg,488
vehicle/tram/n04335435_2973.jpg,488
vehicle/tram/n04335435_3001.jpg,488
vehicle/tram/n04335435_3353.jpg,489
vehicle/tram/n04335435_3576.jpg,489
vehicle/tram/n04335435_3759.jpg,489
vehicle/tram/n04335435_395.jpg,489
vehicle/tram/n04335435_4069.jpg,489
vehicle/tram/n04335435_4236.jpg,489
vehicle/tram/n04335435_4237.jpg,489
vehicle/tram/n04335435_427.jpg,489
vehicle/tram/n04335435_4534.jpg,489
vehicle/tram/n04335435_4637.jpg,489
vehicle/tram/n04335435_4730.jpg,489
vehicle/tram/n04335435_4800.jpg,489
vehicle/tram/n04335435_4974.jpg,489
vehicle/tram/n04335435_5265.jpg,489
vehicle/tram/n04335435_54242.jpg,489
vehicle/tram/n04335435_5498.jpg,489
vehicle/tram/n04335435_55574.jpg,489
vehicle/tram/n04335435_5804.jpg,489
vehicle/tram/n04335435_5881.jpg,489
vehicle/tram/n04335435_7177.jpg,489
vehicle/tram/n04335435_7223.jpg,490
vehicle/tram/n04335435_801.jpg,490
vehicle/tram/n04335435_8423.jpg,490
vehicle/tram/n04335435_8881.jpg,490
vehicle/tram/n04335435_8885.jpg,490
vehicle/tram/n04335435_9181.jpg,490
vehicle/tram/n04335435_9357.jpg,490
vehicle/tram/n04335435_9552.jpg,490
vehicle/truck/000000020039.jpg,490
vehicle/truck/000000050786.jpg,490
vehicle/truck/000000099540.jpg,490
vehicle/truck/000000099553.jpg,490
vehicle/truck/000000112562.jpg,490
vehicle/truck/000000191473.jpg,490
vehicle/truck/000000194331.jpg,490
vehicle/truck/000000197384.jpg,490
vehicle/truck/000000211116.jpg,490
vehicle/truck/000000236000.jpg,490
vehicle/truck/000000294545.jpg,490
vehicle/truck/000000303016.jpg,490
vehicle/truck/000000328185.jpg,491
vehicle/truck/000000358266.jpg,491
vehicle/truck/000000395425.jpg,491
vehicle/truck/000000457766.jpg,491
vehicle/truck/000000474653.jpg,491
vehicle/truck/000000567065.jpg,491
vehicle/truck/000000569829.jpg,491
vehicle/truck/n04467665_10036.jpg,491
vehicle/truck/n04467665_1015.jpg,491
vehicle/truck/n04467665_10529.jpg,491
vehicle/truck/n04467665_10671.jpg,491
vehicle/truck/n04467665_1174.jpg,491
vehicle/truck/n04467665_1188.jpg,491
vehicle/truck/n04467665_12032.jpg,491
vehicle/truck/n04467665_1225.jpg,491
vehicle/truck/n04467665_13331.jpg,491
vehicle/truck/n04467665_13614.jpg,491
vehicle/truck/n04467665_14142.jpg,491
vehicle/truck/n04467665_1430.jpg,491
vehicle/truck/n04467665_1584.jpg,491
vehicle/truck/n04467665_16276.jpg,492
vehicle/truck/n04467665_18765.jpg,492
vehicle/truck/n04467665_1891.jpg,492
vehicle/truck/n04467665_19138.jpg,492
vehicle/truck/n04467665_2.jpg,492
vehicle/truck/n04467665_2044.jpg,492
vehicle/truck/n04467665_21087.jpg,492
vehicle/truck/n04467665_21912.jpg,492
vehicle/truck/n04467665_22879.jpg,492
vehicle/truck/n04467665_23247.jpg,492
vehicle/truck/n04467665_23566.jpg,492
vehicle/truck/n04467665_23689.jpg,492
vehicle/truck/n04467665_2376.jpg,492
vehicle/truck/n04467665_25059.jpg,492
vehicle/truck/n04467665_25374.jpg,492
vehicle/truck/n04467665_28176.jpg,492
vehicle/truck/n04467665_28301.jpg,492
vehicle/truck/n04467665_28313.jpg,492
vehicle/truck/n04467665_28965.jpg,492
vehicle/truck/n04467665_30226.jpg,492
vehicle/truck/n04467665_30494.jpg,493
vehicle/truck/n04467665_31059.jpg,493
vehicle/truck/n04467665_3211.jpg,493
vehicle/truck/n04467665_3303.jpg,493
vehicle/truck/n04467665_34070.jpg,493
vehicle/truck/n04467665_3411.jpg,493
vehicle/truck/n04467665_34297.jpg,493
vehicle/truck/n04467665_34667.jpg,493
vehicle/truck/n04467665_3561.jpg,493
vehicle/truck/n04467665_38369.jpg,493
vehicle/truck/n04467665_39726.jpg,493
vehicle/truck/n04467665_41352.jpg,493
vehicle/truck/n04467665_4166.jpg,493
vehicle/truck/n04467665_41825.jpg,493
vehicle/truck/n04467665_42414.jpg,493
vehicle/truck/n04467665_42547.jpg,493
vehicle/truck/n04467665_43419.jpg,493
vehicle/truck/n04467665_43858.jpg,493
vehicle/truck/n04467665_44969.jpg,493
vehicle/truck/n04467665_45314.jpg,493
vehicle/truck/n04467665_47146.jpg,494
vehicle/truck/n04467665_4791.jpg,494
vehicle/truck/n04467665_4799.jpg,494
vehicle/truck/n04467665_48953.jpg,494
vehicle/truck/n04467665_4940.jpg,494
vehicle/truck/n04467665_49656.jpg,494
vehicle/truck/n04467665_49822.jpg,494
vehicle/truck/n04467665_4989.jpg,494
vehicle/truck/n04467665_50806.jpg,494
vehicle/truck/n04467665_51267.jpg,494
vehicle/truck/n04467665_51690.jpg,494
vehicle/truck/n04467665_52409.jpg,494
vehicle/truck/n04467665_5266.jpg,494
vehicle/truck/n04467665_53339.jpg,494
vehicle/truck/n04467665_5510.jpg,494
vehicle/truck/n04467665_5674.jpg,494
vehicle/truck/n04467665_57466.jpg,494
vehicle/truck/n04467665_57649.jpg,494
vehicle/truck/n04467665_59974.jpg,494
vehicle/truck/n04467665_6365.jpg,494
vehicle/truck/n04467665_67892.jpg,495
vehicle/truck/n04467665_69878.jpg,495
vehicle/truck/n04467665_70784.jpg,495
vehicle/truck/n04467665_70894.jpg,495
vehicle/truck/n04467665_7213.jpg,495
vehicle/truck/n04467665_7224.jpg,495
vehicle/truck/n04467665_7290.jpg,495
vehicle/truck/n04467665_857.jpg,495
vehicle/yacht/n04610013_10214.jpg,495
vehicle/yacht/n04610013_10495.jpg,495
vehicle/yacht/n04610013_10508.jpg,495
vehicle/yacht/n04610013_10548.jpg,495
vehicle/yacht/n04610013_10628.jpg,495
vehicle/yacht/n04610013_11379.jpg,495
vehicle/yacht/n04610013_11493.jpg,495
vehicle/yacht/n04610013_11968.jpg,495
vehicle/yacht/n04610013_12107.jpg,495
vehicle/yacht/n04610013_13034.jpg,495
vehicle/yacht/n04610013_1345.jpg,495
vehicle/yacht/n04610013_13558.jpg,495
vehicle/yacht/n04610013_13729.jpg,496
vehicle/yacht/n04610013_14566.jpg,496
vehicle/yacht/n04610013_14771.jpg,496
vehicle/yacht/n04610013_1483.jpg,496
vehicle/yacht/n04610013_14887.jpg,496
vehicle/yacht/n04610013_15057.jpg,496
vehicle/yacht/n04610013_15085.jpg,496
vehicle/yacht/n04610013_1587.jpg,496
vehicle/yacht/n04610013_16108.jpg,496
vehicle/yacht/n04610013_1648.jpg,496
vehicle/yacht/n04610013_16750.jpg,496
vehicle/yacht/n04610013_17134.jpg,496
vehicle/yacht/n04610013_17257.jpg,496
vehicle/yacht/n04610013_1740.jpg,496
vehicle/yacht/n04610013_17480.jpg,496
vehicle/yacht/n04610013_17486.jpg,496
vehicle/yacht/n04610013_17599.jpg,496
vehicle/yacht/n04610013_17722.jpg,496
vehicle/yacht/n04610013_18232.jpg,496
vehicle/yacht/n04610013_1854.jpg,496
vehicle/yacht/n04610013_1891.jpg,497
vehicle/yacht/n04610013_19726.jpg,497
vehicle/yacht/n04610013_19830.jpg,497
vehicle/yacht/n04610013_19835.jpg,497
vehicle/yacht/n04610013_19863.jpg,497
vehicle/yacht/n04610013_2018.jpg,497
vehicle/yacht/n04610013_2048.jpg,497
vehicle/yacht/n04610013_21208.jpg,497
vehicle/yacht/n04610013_21393.jpg,497
vehicle/yacht/n04610013_2229.jpg,497
vehicle/yacht/n04610013_22656.jpg,497
vehicle/yacht/n04610013_2271.jpg,497
vehicle/yacht/n04610013_2305.jpg,497
vehicle/yacht/n04610013_2308.jpg,497
vehicle/yacht/n04610013_24400.jpg,497
vehicle/yacht/n04610013_24511.jpg,497
vehicle/yacht/n04610013_24979.jpg,497
vehicle/yacht/n04610013_2504.jpg,497
vehicle/yacht/n04610013_253.jpg,497
vehicle/yacht/n04610013_25552.jpg,497
vehicle/yacht/n04610013_25569.jpg,498
vehicle/yacht/n04610013_2593.jpg,498
vehicle/yacht/n04610013_2600.jpg,498
vehicle/yacht/n04610013_2835.jpg,498
vehicle/yacht/n04610013_2951.jpg,498
vehicle/yacht/n04610013_2959.jpg,498
vehicle/yacht/n04610013_3141.jpg,498
vehicle/yacht/n04610013_3149.jpg,498
vehicle/yacht/n04610013_3486.jpg,498
vehicle/yacht/n04610013_3520.jpg,498
vehicle/yacht/n04610013_3527.jpg,498
vehicle/yacht/n04610013_379.jpg,498
vehicle/yacht/n04610013_3892.jpg,498
vehicle/yacht/n04610013_4073.jpg,498
vehicle/yacht/n04610013_4673.jpg,498
vehicle/yacht/n04610013_4698.jpg,498
vehicle/yacht/n04610013_4797.jpg,498
vehicle/yacht/n04610013_4829.jpg,498
vehicle/yacht/n04610013_4943.jpg,498
vehicle/yacht/n04610013_5514.jpg,498
vehicle/yacht/n04610013_5561.jpg,499
vehicle/yacht/n04610013_5576.jpg,499
vehicle/yacht/n04610013_582.jpg,499
vehicle/yacht/n04610013_5869.jpg,499
vehicle/yacht/n04610013_591.jpg,499
vehicle/yacht/n04610013_5951.jpg,499
vehicle/yacht/n04610013_6077.jpg,499
vehicle/yacht/n04610013_6191.jpg,499
vehicle/yacht/n04610013_6307.jpg,499
vehicle/yacht/n04610013_6804.jpg,499
vehicle/yacht/n04610013_7160.jpg,499
vehicle/yacht/n04610013_7277.jpg,499
vehicle/yacht/n04610013_751.jpg,499
vehicle/yacht/n04610013_7516.jpg,499
vehicle/yacht/n04610013_7641.jpg,499
vehicle/yacht/n04610013_9276.jpg,499
vehicle/yacht/n04610013_9444.jpg,499
vehicle/yacht/n04610013_9569.jpg,499
vehicle/yacht/n04610013_9664.jpg,499
vehicle/yacht/n04610013_991.jpg,499
